raw_data,overs,runs,team_runs,commentary,bowler,batsman,batsman_runs,batsman_fours,batsman_sixes,batsman_bowls_faced,bowler_bowls_done,bowler_runs_given,bowler_wickets,dismissal,runs_given_bool
"0.1 
1lb 
Shoriful Islam to Nissanka, 1 leg bye 
bit of extra bounce from a back of a length. On the pads, and deflected of the thigh 
guard behind square leg for one 
See all photos 
 
BAN vs SL 
MATCHES 
L 
L 
L 
W 
W",0.1,1lb,1.0,"Shoriful Islam to Nissanka, 1 leg bye  .bit of extra bounce from a back of a length. On the pads, and deflected of the thigh  .guard behind square leg for one  .See all photos  .  .BAN vs SL  .MATCHES  .L  .L  .L  .W  .W",Shoriful Islam,Nissanka,0.0,0,0,1,1,0.0,0,,0
"0.2 
• 
Shoriful Islam to Perera, no run 
full and wide, but KJP miscues this into the turf",0.2,0,0.0,"Shoriful Islam to Perera, no run  .full and wide, but KJP miscues this into the turf",Shoriful Islam,Perera,0.0,0,0,1,1,0.0,0,,0
"0.3 
4 
Shoriful Islam to Perera, FOUR runs 
Doesn't miss out here though! Bang! Full and wide again, but this time leans into it and 
slaps this through the covers",0.3,4,4.0,"Shoriful Islam to Perera, FOUR runs  .Doesn't miss out here though! Bang! Full and wide again, but this time leans into it and  .slaps this through the covers",Shoriful Islam,Perera,4.0,1,0,1,1,4.0,0,,1
"0.4 
• 
Shoriful Islam to Perera, no run 
full again, but straighter on middle and leg. Pushed straight to mid-on",0.4,0,0.0,"Shoriful Islam to Perera, no run  .full again, but straighter on middle and leg. Pushed straight to mid-on",Shoriful Islam,Perera,0.0,0,0,1,1,0.0,0,,0
"0.5 
• 
Shoriful Islam to Perera, no run 
good length on off, pitching and straightening. Defended",0.5,0,0.0,"Shoriful Islam to Perera, no run  .good length on off, pitching and straightening. Defended",Shoriful Islam,Perera,0.0,0,0,1,1,0.0,0,,0
"0.6 
W 
Shoriful Islam to Perera, OUT 
Outstanding grab from Mushfiqur! This was good length and wide, and entices Perera 
into another drive. But this one has extra bounce on it and takes a thick edge, which 
flies high to Mushfiqur's left. The Bangladesh keeper though goes completely airborne 
and grabs this with his left mitt, in front of first slip. Moment of magic 
Kusal Perera c †Mushfiqur Rahim b Shoriful Islam 4 (5b 1x4 0x6 5m) SR: 80 
See all photos 
end of over 15 runs • 1 wicket 
SL: 5/1CRR: 5.00  
Pathum Nissanka0 (1b) 
Shoriful Islam 1-0-4-1",0.6,W,0.0,"Shoriful Islam to Perera, OUT  .Outstanding grab from Mushfiqur! This was good length and wide, and entices Perera  .into another drive. But this one has extra bounce on it and takes a thick edge, which  .flies high to Mushfiqur's left. The Bangladesh keeper though goes completely airborne  .and grabs this with his left mitt, in front of first slip. Moment of magic  .Kusal Perera c †Mushfiqur Rahim b Shoriful Islam 4 (5b 1x4 0x6 5m) SR: 80",Shoriful Islam,Perera,0.0,0,0,1,1,0.0,1,c †Mushfiqur Rahim b Shoriful Islam,0
"1.1 
• 
Taskin to Nissanka, no run 
good length outside off, shaping away. Left alone",1.1,0,0.0,"Taskin to Nissanka, no run  .good length outside off, shaping away. Left alone",Taskin,Nissanka,0.0,0,0,1,1,0.0,0,,0
"1.2 
• 
Taskin to Nissanka, no run 
good length outside off, left once more 
LJ: ""So...dropping Dimuth (because he scores 20-30 too slowly) to bring in KJP so he 
gets a quick 4-5... seems to have worked out as planned"" --- The thinking is probably 
along the lines of KJP's ""ceiling"" being higher than Dimuth's, despite him having a lower 
""floor""",1.2,0,0.0,"Taskin to Nissanka, no run  .good length outside off, left once more",Taskin,Nissanka,0.0,0,0,1,1,0.0,0,,0
"1.3 
1 
Taskin to Nissanka, 1 run 
full and wide, slashed high over backward point. On the bounce to third man",1.3,1,1.0,"Taskin to Nissanka, 1 run  .full and wide, slashed high over backward point. On the bounce to third man",Taskin,Nissanka,1.0,0,0,1,1,1.0,0,,1
"1.4 
• 
Taskin to Kusal Mendis, no run 
back of a length outside off, some distinct shape away. Left alone",1.4,0,0.0,"Taskin to Kusal Mendis, no run  .back of a length outside off, some distinct shape away. Left alone",Taskin,Kusal Mendis,0.0,0,0,1,1,0.0,0,,0
"1.5 
• 
Taskin to Kusal Mendis, no run 
good length on the stumps, defended from within the crease",1.5,0,0.0,"Taskin to Kusal Mendis, no run  .good length on the stumps, defended from within the crease",Taskin,Kusal Mendis,0.0,0,0,1,1,0.0,0,,0
"1.6 
• 
Taskin to Kusal Mendis, no run 
good length just outside off, gets behind the line and defends 
end of over 21 run  
SL: 6/1CRR: 3.00  
Kusal Mendis0 (3b) 
Pathum Nissanka1 (4b) 
Taskin Ahmed 1-0-1-0 
Shoriful Islam 1-0-4-1 
Shrey: ""Not denying that it was an amazing catch, but kind of unnecessary? Ball seemed 
to be headed right into first slip's hands..."" --- Mushfiq not taking any chances.",1.6,0,0.0,"Taskin to Kusal Mendis, no run  .good length just outside off, gets behind the line and defends",Taskin,Kusal Mendis,0.0,0,0,1,1,0.0,0,,0
"2.1 
• 
Shoriful Islam to Nissanka, no run 
good length, pitching on off and shaping in. Gets forward to defend",2.1,0,0.0,"Shoriful Islam to Nissanka, no run  .good length, pitching on off and shaping in. Gets forward to defend",Shoriful Islam,Nissanka,0.0,0,0,1,1,0.0,0,,0
"2.2 
4 
Shoriful Islam to Nissanka, FOUR runs 
Class! This is a back of a length and marginally wide of off. Barely room for Nissanka to 
work with but he goes on his toes and punches this through point 
 
Pathum Nissanka vs Shoriful Islam 
BALLS 
23 
RUNS 
19 
OUTS 
2 
4s/6s 
2/0",2.2,4,4.0,"Shoriful Islam to Nissanka, FOUR runs  .Class! This is a back of a length and marginally wide of off. Barely room for Nissanka to  .work with but he goes on his toes and punches this through point  .  .Pathum Nissanka vs Shoriful Islam  .BALLS  .23  .RUNS  .19  .OUTS  .2  .4s/6s  .2/0",Shoriful Islam,Nissanka,4.0,1,0,1,1,4.0,0,,1
"2.3 
4 
Shoriful Islam to Nissanka, FOUR runs 
Even better! Textbook straight drive, straight back past the bowler, all along the ground. 
This was overpitched and punished",2.3,4,4.0,"Shoriful Islam to Nissanka, FOUR runs  .Even better! Textbook straight drive, straight back past the bowler, all along the ground.  .This was overpitched and punished",Shoriful Islam,Nissanka,4.0,1,0,1,1,4.0,0,,1
"2.4 
• 
Shoriful Islam to Nissanka, no run 
better length from Shoriful this time. Good length on the stumps, shaping in. Hits the 
top of the bat as he looks to get forward and defend",2.4,0,0.0,"Shoriful Islam to Nissanka, no run  .better length from Shoriful this time. Good length on the stumps, shaping in. Hits the  .top of the bat as he looks to get forward and defend",Shoriful Islam,Nissanka,0.0,0,0,1,1,0.0,0,,0
"2.5 
• 
Shoriful Islam to Nissanka, no run 
gets forward once more, defensive push towards mid-off 
Vismay: ""Nissanka has been Sri Lanka's most consistent performer in the world cup. He 
needs to get a hundred today""",2.5,0,0.0,"Shoriful Islam to Nissanka, no run  .gets forward once more, defensive push towards mid-off",Shoriful Islam,Nissanka,0.0,0,0,1,1,0.0,0,,0
"2.6 
4 
Shoriful Islam to Nissanka, FOUR runs 
Stunning batting! This was just full of good length outside off, and Nissanka leans into 
the drive. Doesn't over hit it though so as to keep it down. Checks it slightly, but the 
timing is perfect to get it through extra cover 
end of over 312 runs  
SL: 18/1CRR: 6.00  
Pathum Nissanka13 (10b 3x4) 
Kusal Mendis0 (3b) 
Shoriful Islam 2-0-16-1 
Taskin Ahmed 1-0-1-0",2.6,4,4.0,"Shoriful Islam to Nissanka, FOUR runs  .Stunning batting! This was just full of good length outside off, and Nissanka leans into  .the drive. Doesn't over hit it though so as to keep it down. Checks it slightly, but the  .timing is perfect to get it through extra cover",Shoriful Islam,Nissanka,4.0,1,0,1,1,4.0,0,,1
"3.1 
• 
Taskin to Kusal Mendis, no run 
full on off, goes hard on the drive and gets an inside edge on to the pads",3.1,0,0.0,"Taskin to Kusal Mendis, no run  .full on off, goes hard on the drive and gets an inside edge on to the pads",Taskin,Kusal Mendis,0.0,0,0,1,1,0.0,0,,0
"3.2 
• 
Taskin to Kusal Mendis, no run 
full and wide, shaping away. Middles this drive but straight to short extra cover",3.2,0,0.0,"Taskin to Kusal Mendis, no run  .full and wide, shaping away. Middles this drive but straight to short extra cover",Taskin,Kusal Mendis,0.0,0,0,1,1,0.0,0,,0
"3.3 
• 
Taskin to Kusal Mendis, no run 
good length outside off, left alone",3.3,0,0.0,"Taskin to Kusal Mendis, no run  .good length outside off, left alone",Taskin,Kusal Mendis,0.0,0,0,1,1,0.0,0,,0
"3.4 
• 
Taskin to Kusal Mendis, no run 
fuller outside off, and again left alone. Mendis definitely not looking his confident self 
from earlier in the tournament",3.4,0,0.0,"Taskin to Kusal Mendis, no run  .fuller outside off, and again left alone. Mendis definitely not looking his confident self  .from earlier in the tournament",Taskin,Kusal Mendis,0.0,0,0,1,1,0.0,0,,0
"3.5 
• 
Taskin to Kusal Mendis, no run 
Lovely from Taskin. Having taken a couple away from Mendis, he jags this back in from 
a length just outside off. Strikes Mendis high on the knee roll, but it's clearly missing the 
stumps",3.5,0,0.0,"Taskin to Kusal Mendis, no run  .Lovely from Taskin. Having taken a couple away from Mendis, he jags this back in from  .a length just outside off. Strikes Mendis high on the knee roll, but it's clearly missing the  .stumps",Taskin,Kusal Mendis,0.0,0,0,1,1,0.0,0,,0
"3.6 
• 
Taskin to Kusal Mendis, no run 
good length outside off, in that menacing channel. Left alone 
end of over 4Maiden 
SL: 18/1CRR: 4.50  
Kusal Mendis0 (9b) 
Pathum Nissanka13 (10b 3x4) 
Taskin Ahmed 2-1-1-0 
Shoriful Islam 2-0-16-1 
Aaqib: ""This Kusal Mendis is totally different from the Kusal Mendis we witnessed in the 
first 2 games against SA and Pak. He was fearless, confident and was almost unable to 
bowl at sometimes, after getting the captaincy he seemed to have taken the cautious 
approach which is certainly not his natural game.""",3.6,0,0.0,"Taskin to Kusal Mendis, no run  .good length outside off, in that menacing channel. Left alone",Taskin,Kusal Mendis,0.0,0,0,1,1,0.0,0,,0
"4.1 
• 
Shoriful Islam to Nissanka, no run 
good length on the stumps, stays in the crease and looks to defend. Inside edge 
towards backward square leg",4.1,0,0.0,"Shoriful Islam to Nissanka, no run  .good length on the stumps, stays in the crease and looks to defend. Inside edge  .towards backward square leg",Shoriful Islam,Nissanka,0.0,0,0,1,1,0.0,0,,0
"4.2 
4 
Shoriful Islam to Nissanka, FOUR runs 
Short, wide and dispatched! There was extra bounce on this but Nissanka gets nicely 
over this and cracks this cut through cover",4.2,4,4.0,"Shoriful Islam to Nissanka, FOUR runs  .Short, wide and dispatched! There was extra bounce on this but Nissanka gets nicely  .over this and cracks this cut through cover",Shoriful Islam,Nissanka,4.0,1,0,1,1,4.0,0,,1
"4.3 
2 
Shoriful Islam to Nissanka, 2 runs 
strays too straight now, worked in front of square leg for a couple 
Shifts around the wicket",4.3,2,2.0,"Shoriful Islam to Nissanka, 2 runs  .strays too straight now, worked in front of square leg for a couple  .Shifts around the wicket",Shoriful Islam,Nissanka,2.0,0,0,1,1,2.0,0,,1
"4.4 
• 
Shoriful Islam to Nissanka, no run 
good length outside off, and immediately troubles Nissanka who is caught in the crease 
poking at this. Beats the edge",4.4,0,0.0,"Shoriful Islam to Nissanka, no run  .good length outside off, and immediately troubles Nissanka who is caught in the crease  .poking at this. Beats the edge",Shoriful Islam,Nissanka,0.0,0,0,1,1,0.0,0,,0
"4.5 
• 
Shoriful Islam to Nissanka, no run 
This is a slightly back of a length now and Nissanka gets an inside edge looking to 
punch this. Goes towards short fine",4.5,0,0.0,"Shoriful Islam to Nissanka, no run  .This is a slightly back of a length now and Nissanka gets an inside edge looking to  .punch this. Goes towards short fine",Shoriful Islam,Nissanka,0.0,0,0,1,1,0.0,0,,0
"4.6 
• 
Shoriful Islam to Nissanka, no run 
good length, angled in towards off. Gets forward and pushes this towards point 
end of over 56 runs  
SL: 24/1CRR: 4.80  
Pathum Nissanka19 (16b 4x4) 
Kusal Mendis0 (9b) 
Shoriful Islam 3-0-22-1 
Taskin Ahmed 2-1-1-0",4.6,0,0.0,"Shoriful Islam to Nissanka, no run  .good length, angled in towards off. Gets forward and pushes this towards point",Shoriful Islam,Nissanka,0.0,0,0,1,1,0.0,0,,0
"5.1 
• 
Taskin to Kusal Mendis, no run 
Beauty! Good length on off, pitches and shapes away. Zips past Mendis' forward 
defence",5.1,0,0.0,"Taskin to Kusal Mendis, no run  .Beauty! Good length on off, pitches and shapes away. Zips past Mendis' forward  .defence",Taskin,Kusal Mendis,0.0,0,0,1,1,0.0,0,,0
"5.2 
• 
Taskin to Kusal Mendis, no run 
Still can't get off the mark. This was full on off and it's driven straight of mid-off, but 
Shakib does well to save the run",5.2,0,0.0,"Taskin to Kusal Mendis, no run  .Still can't get off the mark. This was full on off and it's driven straight of mid-off, but  .Shakib does well to save the run",Taskin,Kusal Mendis,0.0,0,0,1,1,0.0,0,,0
"5.3 
• 
Taskin to Kusal Mendis, no run 
good length on off, defended towards point 
Danish: ""I don't like this Dimuth vs Perera debate or how Perera is not scoring. It's 
almost a given these days that you don't drop guys like Perera on the basis of a few 
games, if you're going to play them, back them for at least 15-20 games in a row. Latest 
example is Fakhar Zaman. Dimuth, considering all things, could be a back-up to Perera.""",5.3,0,0.0,"Taskin to Kusal Mendis, no run  .good length on off, defended towards point",Taskin,Kusal Mendis,0.0,0,0,1,1,0.0,0,,0
"5.4 
• 
Taskin to Kusal Mendis, no run 
good length on the stumps, defended",5.4,0,0.0,"Taskin to Kusal Mendis, no run  .good length on the stumps, defended",Taskin,Kusal Mendis,0.0,0,0,1,1,0.0,0,,0
"5.5 
1 
Taskin to Kusal Mendis, 1 run 
short of a length on the stumps, tucks this in front of square leg for one. Mendis off the 
mark after 14 deliveries",5.5,1,1.0,"Taskin to Kusal Mendis, 1 run  .short of a length on the stumps, tucks this in front of square leg for one. Mendis off the  .mark after 14 deliveries",Taskin,Kusal Mendis,1.0,0,0,1,1,1.0,0,,1
"5.6 
4 
Taskin to Nissanka, FOUR runs 
Sumptuous drive! Full and swinging outside off, but Nissanka steps forward confidently 
and drives this straight of mid-on 
end of over 65 runs  
SL: 29/1CRR: 4.83  
Pathum Nissanka23 (17b 5x4) 
Kusal Mendis1 (14b) 
Taskin Ahmed 3-1-6-0 
Shoriful Islam 3-0-22-1 
Tanzim Hasan into the attack now with his right-arm seam. Over the wicket",5.6,4,4.0,"Taskin to Nissanka, FOUR runs  .Sumptuous drive! Full and swinging outside off, but Nissanka steps forward confidently  .and drives this straight of mid-on",Taskin,Nissanka,4.0,1,0,1,1,4.0,0,,1
"6.1 
1 
Tanzim Hasan Sakib to Kusal Mendis, 1 run 
Starts of with some pace, 139kph, on a good length on off. Inside edge on the forward 
push towards deep square leg. Bit of hesitation as Mendis is turned back on the second 
 
Pathum Nissanka vs BAN in ODIs 
INNS 
6 
RUNS 
105 
SR 
73.42 
AVE 
21.00",6.1,1,1.0,"Tanzim Hasan Sakib to Kusal Mendis, 1 run  .Starts of with some pace, 139kph, on a good length on off. Inside edge on the forward  .push towards deep square leg. Bit of hesitation as Mendis is turned back on the second  .  .Pathum Nissanka vs BAN in ODIs  .INNS  .6  .RUNS  .105  .SR  .73.42  .AVE  .21.00",Tanzim Hasan Sakib,Kusal Mendis,1.0,0,0,1,1,1.0,0,,1
"6.2 
• 
Tanzim Hasan Sakib to Nissanka, no run 
good length on off, pushed straight towards point",6.2,0,0.0,"Tanzim Hasan Sakib to Nissanka, no run  .good length on off, pushed straight towards point",Tanzim Hasan Sakib,Nissanka,0.0,0,0,1,1,0.0,0,,0
"6.3 
4 
Tanzim Hasan Sakib to Nissanka, FOUR runs 
Pacey bouncer goes for four! But Nissanka didn't know much about this. Ends up 
edging this over Mushfiqu, who puts in another fantastic leap but can't get there this 
time",6.3,4,4.0,"Tanzim Hasan Sakib to Nissanka, FOUR runs  .Pacey bouncer goes for four! But Nissanka didn't know much about this. Ends up  .edging this over Mushfiqu, who puts in another fantastic leap but can't get there this  .time",Tanzim Hasan Sakib,Nissanka,4.0,1,0,1,1,4.0,0,,1
"6.4 
4 
Tanzim Hasan Sakib to Nissanka, FOUR runs 
Takes the edge now but it's another four! 140 clicks and full on off, Nissanka pushes at 
this and gets a thick edge well wide of the keeper",6.4,4,4.0,"Tanzim Hasan Sakib to Nissanka, FOUR runs  .Takes the edge now but it's another four! 140 clicks and full on off, Nissanka pushes at  .this and gets a thick edge well wide of the keeper",Tanzim Hasan Sakib,Nissanka,4.0,1,0,1,1,4.0,0,,1
"6.5 
• 
Tanzim Hasan Sakib to Nissanka, no run 
good length on off, defensive push towards point",6.5,0,0.0,"Tanzim Hasan Sakib to Nissanka, no run  .good length on off, defensive push towards point",Tanzim Hasan Sakib,Nissanka,0.0,0,0,1,1,0.0,0,,0
"6.6 
• 
Tanzim Hasan Sakib to Nissanka, no run 
good length and wide, chopped into the turf towards cover 
end of over 79 runs  
SL: 38/1CRR: 5.42  
Pathum Nissanka31 (22b 7x4) 
Kusal Mendis2 (15b) 
Tanzim Hasan Sakib 1-0-9-0 
Taskin Ahmed 3-1-6-0",6.6,0,0.0,"Tanzim Hasan Sakib to Nissanka, no run  .good length and wide, chopped into the turf towards cover",Tanzim Hasan Sakib,Nissanka,0.0,0,0,1,1,0.0,0,,0
"7.1 
• 
Taskin to Kusal Mendis, no run 
Slower ball just outside off, 116kph, pushed at but with soft hands. So the edge 
bounces short of slip",7.1,0,0.0,"Taskin to Kusal Mendis, no run  .Slower ball just outside off, 116kph, pushed at but with soft hands. So the edge  .bounces short of slip",Taskin,Kusal Mendis,0.0,0,0,1,1,0.0,0,,0
"7.2 
1 
Taskin to Kusal Mendis, 1 run 
full on off, pushed towards wide mid-off for one 
praveen: ""Avishka Fernando is perfect partner for Nissanka, He is perfect ODI player, 
Srilanka drop him after failure against India in India. Now whole srilankan team failure 
against India.""",7.2,1,1.0,"Taskin to Kusal Mendis, 1 run  .full on off, pushed towards wide mid-off for one",Taskin,Kusal Mendis,1.0,0,0,1,1,1.0,0,,1
"7.3 
1 
Taskin to Nissanka, 1 run 
back of a length outside off, runs this down towards third man",7.3,1,1.0,"Taskin to Nissanka, 1 run  .back of a length outside off, runs this down towards third man",Taskin,Nissanka,1.0,0,0,1,1,1.0,0,,1
"7.4 
1 
Taskin to Kusal Mendis, 1 run 
short and pulled, but no timing again for Mendis. Midwicket collects 
Beastmaster: ""Wanindu Hasaranga will make a good captain. One of the few SL players 
who performed better after getting responsibility. case study: after becoming B-love 
captain in the LPL""",7.4,1,1.0,"Taskin to Kusal Mendis, 1 run  .short and pulled, but no timing again for Mendis. Midwicket collects",Taskin,Kusal Mendis,1.0,0,0,1,1,1.0,0,,1
"7.5 
• 
Taskin to Nissanka, no run 
Quality delivery. Well disguised slower ball yorker that Nissanka can only just about get 
a bat down to",7.5,0,0.0,"Taskin to Nissanka, no run  .Quality delivery. Well disguised slower ball yorker that Nissanka can only just about get  .a bat down to",Taskin,Nissanka,0.0,0,0,1,1,0.0,0,,0
"7.6 
1w 
Taskin to Nissanka, 1 wide 
Short and wide off. Wide given as this one bounced well overhead",7.6,1w,1.0,"Taskin to Nissanka, 1 wide  .Short and wide off. Wide given as this one bounced well overhead",Taskin,Nissanka,0.0,0,0,0,0,1.0,0,,1
"7.6 
1 
Taskin to Nissanka, 1 run 
nips in from back of a length, well negotiated as Nissanka turns this around the corner 
for one 
end of over 85 runs  
SL: 43/1CRR: 5.37  
Pathum Nissanka33 (25b 7x4) 
Kusal Mendis4 (18b) 
Taskin Ahmed 4-1-11-0 
Tanzim Hasan Sakib 1-0-9-0 
Motown: ""Superb first over from Tanzim - he looks a great prospect. The one positive 
for Bangladesh is the stable of quality seamers they are building under Alan Donald - 
Taskin, Shoriful, Hasan Mahmud, Ebadot etc""",7.6,1,1.0,"Taskin to Nissanka, 1 run  .nips in from back of a length, well negotiated as Nissanka turns this around the corner  .for one",Taskin,Nissanka,1.0,0,0,1,1,1.0,0,,1
"8.1 
1 
Tanzim Hasan Sakib to Nissanka, 1 run 
back of a length on the stumps, worked in front of square leg for one",8.1,1,1.0,"Tanzim Hasan Sakib to Nissanka, 1 run  .back of a length on the stumps, worked in front of square leg for one",Tanzim Hasan Sakib,Nissanka,1.0,0,0,1,1,1.0,0,,1
"8.2 
• 
Tanzim Hasan Sakib to Kusal Mendis, no run 
back of a length, 137kph, on middle and leg. Extra pace and bounce means Mendis fails 
to get this away",8.2,0,0.0,"Tanzim Hasan Sakib to Kusal Mendis, no run  .back of a length, 137kph, on middle and leg. Extra pace and bounce means Mendis fails  .to get this away",Tanzim Hasan Sakib,Kusal Mendis,0.0,0,0,1,1,0.0,0,,0
"8.3 
1 
Tanzim Hasan Sakib to Kusal Mendis, 1 run 
back of a length outside off, punched off the back foot straight to cover. But it's sloppy 
work by the man there, who can't collect cleanly and allows Mendis off strike",8.3,1,1.0,"Tanzim Hasan Sakib to Kusal Mendis, 1 run  .back of a length outside off, punched off the back foot straight to cover. But it's sloppy  .work by the man there, who can't collect cleanly and allows Mendis off strike",Tanzim Hasan Sakib,Kusal Mendis,1.0,0,0,1,1,1.0,0,,1
"8.4 
1 
Tanzim Hasan Sakib to Nissanka, 1 run 
full outside off, edges this attempted drive on the up. Goes well wide of slip down 
towards third man",8.4,1,1.0,"Tanzim Hasan Sakib to Nissanka, 1 run  .full outside off, edges this attempted drive on the up. Goes well wide of slip down  .towards third man",Tanzim Hasan Sakib,Nissanka,1.0,0,0,1,1,1.0,0,,1
"8.5 
1 
Tanzim Hasan Sakib to Kusal Mendis, 1 run 
back of a length on off, opens the face and runs this down behind point for one 
Shad: """,8.5,1,1.0,"Tanzim Hasan Sakib to Kusal Mendis, 1 run  .back of a length on off, opens the face and runs this down behind point for one",Tanzim Hasan Sakib,Kusal Mendis,1.0,0,0,1,1,1.0,0,,1
"8.6 
• 
Tanzim Hasan Sakib to Nissanka, no run 
short of a length outside off, cut straight to cover 
end of over 94 runs  
SL: 47/1CRR: 5.22  
Pathum Nissanka35 (28b 7x4) 
Kusal Mendis6 (21b) 
Tanzim Hasan Sakib 2-0-13-0 
Taskin Ahmed 4-1-11-0",8.6,0,0.0,"Tanzim Hasan Sakib to Nissanka, no run  .short of a length outside off, cut straight to cover",Tanzim Hasan Sakib,Nissanka,0.0,0,0,1,1,0.0,0,,0
"9.1 
• 
Taskin to Kusal Mendis, no run 
back of a length outside off, back foot push to point",9.1,0,0.0,"Taskin to Kusal Mendis, no run  .back of a length outside off, back foot push to point",Taskin,Kusal Mendis,0.0,0,0,1,1,0.0,0,,0
"9.2 
1 
Taskin to Kusal Mendis, 1 run 
Well fielded at point! This was destined for the boundary, but the man in the ring gets a 
solid right hand to it. This was short and wide, and punched cleanly by Mendis",9.2,1,1.0,"Taskin to Kusal Mendis, 1 run  .Well fielded at point! This was destined for the boundary, but the man in the ring gets a  .solid right hand to it. This was short and wide, and punched cleanly by Mendis",Taskin,Kusal Mendis,1.0,0,0,1,1,1.0,0,,1
"9.3 
• 
Taskin to Nissanka, no run 
short and wide, Nissanka has a go at the cut but is beaten by some extra bounce 
 
Taskin Ahmed in Powerplay overs (in ODIs) 
BALLS 
945 
WKTS 
16 
4s/6s 
102/7 
ECON 
4.92 
AVE 
48.43",9.3,0,0.0,"Taskin to Nissanka, no run  .short and wide, Nissanka has a go at the cut but is beaten by some extra bounce  .  .Taskin Ahmed in Powerplay overs (in ODIs)  .BALLS  .945  .WKTS  .16  .4s/6s  .102/7  .ECON  .4.92  .AVE  .48.43",Taskin,Nissanka,0.0,0,0,1,1,0.0,0,,0
"9.4 
• 
Taskin to Nissanka, no run 
full, and shaping away outside off. Driven straight to wide mid-on",9.4,0,0.0,"Taskin to Nissanka, no run  .full, and shaping away outside off. Driven straight to wide mid-on",Taskin,Nissanka,0.0,0,0,1,1,0.0,0,,0
"9.5 
4 
Taskin to Nissanka, FOUR runs 
up and over! This was full and wide, and Nissanka slices this over cover. Not totally in 
control of this, but gets enough bat on it",9.5,4,4.0,"Taskin to Nissanka, FOUR runs  .up and over! This was full and wide, and Nissanka slices this over cover. Not totally in  .control of this, but gets enough bat on it",Taskin,Nissanka,4.0,1,0,1,1,4.0,0,,1
"9.6 
• 
Taskin to Nissanka, no run 
back of a length on off, punched to cover 
Here's Himanshu for the next 10 
end of over 105 runs  
SL: 52/1CRR: 5.20  
Pathum Nissanka39 (32b 8x4) 
Kusal Mendis7 (23b) 
Taskin Ahmed 5-1-16-0 
Tanzim Hasan Sakib 2-0-13-0 
Hello again, everyone. Tanzim continues.",9.6,0,0.0,"Taskin to Nissanka, no run  .back of a length on off, punched to cover  .Here's Himanshu for the next 10",Taskin,Nissanka,0.0,0,0,1,1,0.0,0,,0
"10.1 
6 
Tanzim Hasan Sakib to Kusal Mendis, SIX runs 
six over wide mid-on! That just landed on the other side, as Mendis went pulling at this 
short delivery outside off. That seemed to have bounced a bit more, with the ball 
coming off the higher side of the bat",10.1,6,6.0,"Tanzim Hasan Sakib to Kusal Mendis, SIX runs  .six over wide mid-on! That just landed on the other side, as Mendis went pulling at this  .short delivery outside off. That seemed to have bounced a bit more, with the ball  .coming off the higher side of the bat",Tanzim Hasan Sakib,Kusal Mendis,6.0,0,1,1,1,6.0,0,,1
"10.2 
1w 
Tanzim Hasan Sakib to Kusal Mendis, 1 wide 
bouncer this time. Pitches it quite short outside off, as Mendis ducks, and it's called 
wide for height",10.2,1w,1.0,"Tanzim Hasan Sakib to Kusal Mendis, 1 wide  .bouncer this time. Pitches it quite short outside off, as Mendis ducks, and it's called  .wide for height",Tanzim Hasan Sakib,Kusal Mendis,0.0,0,0,0,0,1.0,0,,1
"10.2 
• 
Tanzim Hasan Sakib to Kusal Mendis, no run 
short of a length on sixth stump, and he guides it to point by playing late",10.2,0,0.0,"Tanzim Hasan Sakib to Kusal Mendis, no run  .short of a length on sixth stump, and he guides it to point by playing late",Tanzim Hasan Sakib,Kusal Mendis,0.0,0,0,1,1,0.0,0,,0
"10.3 
• 
Tanzim Hasan Sakib to Kusal Mendis, no run 
ah, beaten in the channel! On a good length in the corridor outside off, as Mendis had a 
poke but the ball went past his outside edge. There seems to be an exchange between 
Tanzim and Mendis, with umpire Erasmus asking the bowler to calm down",10.3,0,0.0,"Tanzim Hasan Sakib to Kusal Mendis, no run  .ah, beaten in the channel! On a good length in the corridor outside off, as Mendis had a  .poke but the ball went past his outside edge. There seems to be an exchange between  .Tanzim and Mendis, with umpire Erasmus asking the bowler to calm down",Tanzim Hasan Sakib,Kusal Mendis,0.0,0,0,1,1,0.0,0,,0
"10.4 
4 
Tanzim Hasan Sakib to Kusal Mendis, FOUR runs 
four to a straightish deep third! But it wasn't convincing though. Tanzim bowls on a 
cross seam, angling it in while pitching around off on a good length. The ball 
straightened after landing, and Mendis was squared up as an outside edge took the ball 
away 
See all photos",10.4,4,4.0,"Tanzim Hasan Sakib to Kusal Mendis, FOUR runs  .four to a straightish deep third! But it wasn't convincing though. Tanzim bowls on a  .cross seam, angling it in while pitching around off on a good length. The ball  .straightened after landing, and Mendis was squared up as an outside edge took the ball  .away  .See all photos",Tanzim Hasan Sakib,Kusal Mendis,4.0,1,0,1,1,4.0,0,,1
"10.5 
1 
Tanzim Hasan Sakib to Kusal Mendis, 1 run 
short of a length, and pushed to point. A misfield allows a single",10.5,1,1.0,"Tanzim Hasan Sakib to Kusal Mendis, 1 run  .short of a length, and pushed to point. A misfield allows a single",Tanzim Hasan Sakib,Kusal Mendis,1.0,0,0,1,1,1.0,0,,1
"10.6 
• 
Tanzim Hasan Sakib to Nissanka, no run 
almost chopped on! Mendis hardly has an answer to Tanzim. This is on a length around 
fifth stump, as Mendis looked to dab but ended up playing very close to the stumps. The 
ball drooped and dribbled behind 
end of over 1112 runs  
SL: 64/1CRR: 5.81  
Pathum Nissanka39 (33b 8x4) 
Kusal Mendis18 (28b 1x4 1x6) 
Tanzim Hasan Sakib 3-0-25-0 
Taskin Ahmed 5-1-16-0 
Shakib into the attack. From around the wicket",10.6,0,0.0,"Tanzim Hasan Sakib to Nissanka, no run  .almost chopped on! Mendis hardly has an answer to Tanzim. This is on a length around  .fifth stump, as Mendis looked to dab but ended up playing very close to the stumps. The  .ball drooped and dribbled behind",Tanzim Hasan Sakib,Nissanka,0.0,0,0,1,1,0.0,0,,0
"11.1 
1 
Shakib to Kusal Mendis, 1 run 
he can't stop this to his left, as the ball runs below his hand to long-off. Full ball outside 
off, and pushed ahead by Mendis",11.1,1,1.0,"Shakib to Kusal Mendis, 1 run  .he can't stop this to his left, as the ball runs below his hand to long-off. Full ball outside  .off, and pushed ahead by Mendis",Shakib,Kusal Mendis,1.0,0,0,1,1,1.0,0,,1
"11.2 
1 
Shakib to Nissanka, 1 run 
short of a length just outside off, and punched to deep point",11.2,1,1.0,"Shakib to Nissanka, 1 run  .short of a length just outside off, and punched to deep point",Shakib,Nissanka,1.0,0,0,1,1,1.0,0,,1
"11.3 
W 
Shakib to Kusal Mendis, OUT 
good catch by Shoriful! He has to slide to his left from long-on, as he hangs on to the 
ball close to his chest. Mendis only chipped that down the ground - Shakib had slowed it 
down considerably, as he bowled full while angling it into off - as the ball ended in 
Shoriful's hands. There was hardly any pace to work with for Mendis, and his low run 
continues 
Kusal Mendis c Shoriful Islam b Shakib Al Hasan 19 (30b 1x4 1x6 49m) SR: 63.33 
See all photos 
Sadeera at No. 4",11.3,W,0.0,"Shakib to Kusal Mendis, OUT  .good catch by Shoriful! He has to slide to his left from long-on, as he hangs on to the  .ball close to his chest. Mendis only chipped that down the ground - Shakib had slowed it  .down considerably, as he bowled full while angling it into off - as the ball ended in  .Shoriful's hands. There was hardly any pace to work with for Mendis, and his low run  .continues  .Kusal Mendis c Shoriful Islam b Shakib Al Hasan 19 (30b 1x4 1x6 49m) SR: 63.33",Shakib,Kusal Mendis,0.0,0,0,1,1,0.0,1,c Shoriful Islam b Shakib Al Hasan,0
"11.4 
1 
Shakib to Samarawickrama, 1 run 
very full and flat on the stumps. Flicked to deep square to get off the mark right away",11.4,1,1.0,"Shakib to Samarawickrama, 1 run  .very full and flat on the stumps. Flicked to deep square to get off the mark right away",Shakib,Samarawickrama,1.0,0,0,1,1,1.0,0,,1
"11.5 
1 
Shakib to Nissanka, 1 run 
driven wide of long-off, as he sees this full ball dangled slightly wide of off, and drives 
all along the ground",11.5,1,1.0,"Shakib to Nissanka, 1 run  .driven wide of long-off, as he sees this full ball dangled slightly wide of off, and drives  .all along the ground",Shakib,Nissanka,1.0,0,0,1,1,1.0,0,,1
"11.6 
1 
Shakib to Samarawickrama, 1 run 
slower again, and full outside off. Nudged to deep point 
end of over 125 runs • 1 wicket 
SL: 69/2CRR: 5.75  
Sadeera Samarawickrama2 (2b) 
Pathum Nissanka41 (35b 8x4) 
Shakib Al Hasan 1-0-5-1 
Tanzim Hasan Sakib 3-0-25-0 
Tawfiq: ""Not sure why there's no slip in place while Tanzim is bowling. There have been 
multiple edges"" --- Now we have one for the new batter Sadeera",11.6,1,1.0,"Shakib to Samarawickrama, 1 run  .slower again, and full outside off. Nudged to deep point",Shakib,Samarawickrama,1.0,0,0,1,1,1.0,0,,1
"12.1 
• 
Tanzim Hasan Sakib to Samarawickrama, no run 
short of a length on sixth stump, and dabbed down towards cover while almost seeming 
to push at it",12.1,0,0.0,"Tanzim Hasan Sakib to Samarawickrama, no run  .short of a length on sixth stump, and dabbed down towards cover while almost seeming  .to push at it",Tanzim Hasan Sakib,Samarawickrama,0.0,0,0,1,1,0.0,0,,0
"12.2 
2 
Tanzim Hasan Sakib to Samarawickrama, 2 runs 
much fuller ball, and on a stump-to-stump line even if it angles in towards middle and 
leg. Flicked aerially towards deep square leg, as the pinch two",12.2,2,2.0,"Tanzim Hasan Sakib to Samarawickrama, 2 runs  .much fuller ball, and on a stump-to-stump line even if it angles in towards middle and  .leg. Flicked aerially towards deep square leg, as the pinch two",Tanzim Hasan Sakib,Samarawickrama,2.0,0,0,1,1,2.0,0,,1
"12.3 
1 
Tanzim Hasan Sakib to Samarawickrama, 1 run 
on the shorter side of a length on off, and tapped towards cover for a hurried single",12.3,1,1.0,"Tanzim Hasan Sakib to Samarawickrama, 1 run  .on the shorter side of a length on off, and tapped towards cover for a hurried single",Tanzim Hasan Sakib,Samarawickrama,1.0,0,0,1,1,1.0,0,,1
"12.4 
W 
Tanzim Hasan Sakib to Nissanka, OUT 
inside edges on to middle stump! Nissanka falls after another solid start. He walks 
back with an expression of a frustrated man. Tanzim kept teasing him with a consistent 
line just outside off, bowling this one on a good length around sixth stump. Nissanka 
went flaying at it with a flat bat, perhaps playing early too. The ball took the bottom 
edge, and clattered on to the stumps 
Pathum Nissanka b Tanzim Hasan Sakib 41 (36b 8x4 0x6 61m) SR: 113.88 
Asalanka",12.4,W,0.0,"Tanzim Hasan Sakib to Nissanka, OUT  .inside edges on to middle stump! Nissanka falls after another solid start. He walks  .back with an expression of a frustrated man. Tanzim kept teasing him with a consistent  .line just outside off, bowling this one on a good length around sixth stump. Nissanka  .went flaying at it with a flat bat, perhaps playing early too. The ball took the bottom  .edge, and clattered on to the stumps  .Pathum Nissanka b Tanzim Hasan Sakib 41 (36b 8x4 0x6 61m) SR: 113.88",Tanzim Hasan Sakib,Nissanka,0.0,0,0,1,1,0.0,1,b Tanzim Hasan Sakib,0
"12.5 
• 
Tanzim Hasan Sakib to Asalanka, no run 
beaten first ball! On a length on middle and leg, and angling across sharply to beat his 
defending bat",12.5,0,0.0,"Tanzim Hasan Sakib to Asalanka, no run  .beaten first ball! On a length on middle and leg, and angling across sharply to beat his  .defending bat",Tanzim Hasan Sakib,Asalanka,0.0,0,0,1,1,0.0,0,,0
"12.6 
• 
Tanzim Hasan Sakib to Asalanka, no run 
fuller ball finishing just outside off after angling across, and pushed to mid-off 
end of over 133 runs • 1 wicket 
SL: 72/3CRR: 5.53  
Charith Asalanka0 (2b) 
Sadeera Samarawickrama5 (5b) 
Tanzim Hasan Sakib 4-0-28-1 
Shakib Al Hasan 1-0-5-1 
Shoriful back. A slip present.",12.6,0,0.0,"Tanzim Hasan Sakib to Asalanka, no run  .fuller ball finishing just outside off after angling across, and pushed to mid-off",Tanzim Hasan Sakib,Asalanka,0.0,0,0,1,1,0.0,0,,0
"13.1 
1 
Shoriful Islam to Samarawickrama, 1 run 
short of a length, and angling away to end wide of off. Slapped to deep point by Sadeera",13.1,1,1.0,"Shoriful Islam to Samarawickrama, 1 run  .short of a length, and angling away to end wide of off. Slapped to deep point by Sadeera",Shoriful Islam,Samarawickrama,1.0,0,0,1,1,1.0,0,,1
"13.2 
• 
Shoriful Islam to Asalanka, no run 
some late movement there. Pitches it on a length, and slightly wide of off. Asalanka lets 
it go, even as the ball tails back in very late 
 
BAN in middle overs (in World Cup 2023) 
INNS 
8 
WKTS 
25 
ECON 
5.85 
AVE 
47.56",13.2,0,0.0,"Shoriful Islam to Asalanka, no run  .some late movement there. Pitches it on a length, and slightly wide of off. Asalanka lets  .it go, even as the ball tails back in very late  .  .BAN in middle overs (in World Cup 2023)  .INNS  .8  .WKTS  .25  .ECON  .5.85  .AVE  .47.56",Shoriful Islam,Asalanka,0.0,0,0,1,1,0.0,0,,0
"13.3 
• 
Shoriful Islam to Asalanka, no run 
now pulls his length back to bowl short just outside off. Nudged down towards mid-on",13.3,0,0.0,"Shoriful Islam to Asalanka, no run  .now pulls his length back to bowl short just outside off. Nudged down towards mid-on",Shoriful Islam,Asalanka,0.0,0,0,1,1,0.0,0,,0
"13.4 
• 
Shoriful Islam to Asalanka, no run 
this shortish ball in the channel hints to straighten towards fourth stump, as he blocks it 
down 
Mugdha: ""Shakib and Sakib with back to back breakthroughs, huh!!!""",13.4,0,0.0,"Shoriful Islam to Asalanka, no run  .this shortish ball in the channel hints to straighten towards fourth stump, as he blocks it  .down",Shoriful Islam,Asalanka,0.0,0,0,1,1,0.0,0,,0
"13.5 
3 
Shoriful Islam to Asalanka, 3 runs 
punches this just between the non-striker and the stumps. Good stop by the mid-off 
fielder, who runs, slides and pulls the ball back last moment. It was bowled shortish by 
Shoriful, as Asalanka rode the bounce to push this back 
From around to Sadeera",13.5,3,3.0,"Shoriful Islam to Asalanka, 3 runs  .punches this just between the non-striker and the stumps. Good stop by the mid-off  .fielder, who runs, slides and pulls the ball back last moment. It was bowled shortish by  .Shoriful, as Asalanka rode the bounce to push this back  .From around to Sadeera",Shoriful Islam,Asalanka,3.0,0,0,1,1,3.0,0,,1
"13.6 
• 
Shoriful Islam to Samarawickrama, no run 
full delivery angling into off, as Sadeera pushes forward but the ball rolls over to mid-on 
off the inside half of the bat 
end of over 144 runs  
SL: 76/3CRR: 5.42  
Sadeera Samarawickrama6 (7b) 
Charith Asalanka3 (6b) 
Shoriful Islam 4-0-26-1 
Tanzim Hasan Sakib 4-0-28-1",13.6,0,0.0,"Shoriful Islam to Samarawickrama, no run  .full delivery angling into off, as Sadeera pushes forward but the ball rolls over to mid-on  .off the inside half of the bat",Shoriful Islam,Samarawickrama,0.0,0,0,1,1,0.0,0,,0
"14.1 
• 
Tanzim Hasan Sakib to Asalanka, no run 
short of a length, and angling across to end slightly wide of off. Slashed to the man at 
cover",14.1,0,0.0,"Tanzim Hasan Sakib to Asalanka, no run  .short of a length, and angling across to end slightly wide of off. Slashed to the man at  .cover",Tanzim Hasan Sakib,Asalanka,0.0,0,0,1,1,0.0,0,,0
"14.2 
• 
Tanzim Hasan Sakib to Asalanka, no run 
on a good length, and again moving away to end on off. Blocked down with a closed 
face of the bat 
""I leave for 5 mins, and miss wickets falling. Every. Single. Time."" --- There's no place to 
be but at the cricket, Rahman",14.2,0,0.0,"Tanzim Hasan Sakib to Asalanka, no run  .on a good length, and again moving away to end on off. Blocked down with a closed  .face of the bat",Tanzim Hasan Sakib,Asalanka,0.0,0,0,1,1,0.0,0,,0
"14.3 
1 
Tanzim Hasan Sakib to Asalanka, 1 run 
hacks at this shortish delivery bowled a bit wide of off for a single to deep point",14.3,1,1.0,"Tanzim Hasan Sakib to Asalanka, 1 run  .hacks at this shortish delivery bowled a bit wide of off for a single to deep point",Tanzim Hasan Sakib,Asalanka,1.0,0,0,1,1,1.0,0,,1
"14.4 
1 
Tanzim Hasan Sakib to Samarawickrama, 1 run 
goes punching at this good-length ball on fifth stump, but his bottom hand is taken off. 
Single to deep point, with the ball seemingly rushing on to him",14.4,1,1.0,"Tanzim Hasan Sakib to Samarawickrama, 1 run  .goes punching at this good-length ball on fifth stump, but his bottom hand is taken off.  .Single to deep point, with the ball seemingly rushing on to him",Tanzim Hasan Sakib,Samarawickrama,1.0,0,0,1,1,1.0,0,,1
"14.5 
6 
Tanzim Hasan Sakib to Asalanka, SIX runs 
flung away over long-on! Tanzim tried an offcutter - he bowled right in the slot, as it 
went across slightly to finish on fifth stump - before Asalanka swung his bat across the 
line for a huge six. The crowd there never wanted to give the ball back though",14.5,6,6.0,"Tanzim Hasan Sakib to Asalanka, SIX runs  .flung away over long-on! Tanzim tried an offcutter - he bowled right in the slot, as it  .went across slightly to finish on fifth stump - before Asalanka swung his bat across the  .line for a huge six. The crowd there never wanted to give the ball back though",Tanzim Hasan Sakib,Asalanka,6.0,0,1,1,1,6.0,0,,1
"14.6 
• 
Tanzim Hasan Sakib to Asalanka, no run 
fuller side of a length just outside off, and tapped to cover 
Time for drinks 
Jeevan Abraham: ""Bangladesh winning this is only going to compound England's 
Champions Trophy qualification problems"" --- As Fidel Fernando wrote, England's 
demise is just plain sad 
Nische: ""@Rahman, if you step away again, the collapse may be complete!"" 
end of over 158 runs  
SL: 84/3CRR: 5.60  
Charith Asalanka10 (11b 1x6) 
Sadeera Samarawickrama7 (8b) 
Tanzim Hasan Sakib 5-0-36-1 
Shoriful Islam 4-0-26-1 
Mehidy into the attack after drinks. Bangladesh got two quick wickets just before the 
break, and Sri Lanka need a repair job.",14.6,0,0.0,"Tanzim Hasan Sakib to Asalanka, no run  .fuller side of a length just outside off, and tapped to cover  .Time for drinks",Tanzim Hasan Sakib,Asalanka,0.0,0,0,1,1,0.0,0,,0
"15.1 
• 
Mehidy Hasan Miraz to Samarawickrama, no run 
full and slow just outside off. Turned towards square leg",15.1,0,0.0,"Mehidy Hasan Miraz to Samarawickrama, no run  .full and slow just outside off. Turned towards square leg",Mehidy Hasan Miraz,Samarawickrama,0.0,0,0,1,1,0.0,0,,0
"15.2 
1 
Mehidy Hasan Miraz to Samarawickrama, 1 run 
this is quite full and loopy, and outside off. Jammed to long-on 
From around to Asalanka",15.2,1,1.0,"Mehidy Hasan Miraz to Samarawickrama, 1 run  .this is quite full and loopy, and outside off. Jammed to long-on  .From around to Asalanka",Mehidy Hasan Miraz,Samarawickrama,1.0,0,0,1,1,1.0,0,,1
"15.3 
1 
Mehidy Hasan Miraz to Asalanka, 1 run 
full and slow around off, angling it in. Pushed to long-off for another single",15.3,1,1.0,"Mehidy Hasan Miraz to Asalanka, 1 run  .full and slow around off, angling it in. Pushed to long-off for another single",Mehidy Hasan Miraz,Asalanka,1.0,0,0,1,1,1.0,0,,1
"15.4 
1 
Mehidy Hasan Miraz to Samarawickrama, 1 run 
this is full and quicker on middle and off. Hint of turn in, and flicked to fine leg",15.4,1,1.0,"Mehidy Hasan Miraz to Samarawickrama, 1 run  .this is full and quicker on middle and off. Hint of turn in, and flicked to fine leg",Mehidy Hasan Miraz,Samarawickrama,1.0,0,0,1,1,1.0,0,,1
"15.5 
• 
Mehidy Hasan Miraz to Asalanka, no run 
very full and angling into off. Flat-batted back to the bowler",15.5,0,0.0,"Mehidy Hasan Miraz to Asalanka, no run  .very full and angling into off. Flat-batted back to the bowler",Mehidy Hasan Miraz,Asalanka,0.0,0,0,1,1,0.0,0,,0
"15.6 
• 
Mehidy Hasan Miraz to Asalanka, no run 
quicker and flatter ball angled into middle on a full length, and pushed back to Mehidy 
again 
end of over 163 runs  
SL: 87/3CRR: 5.43  
Charith Asalanka11 (14b 1x6) 
Sadeera Samarawickrama9 (11b) 
Mehidy Hasan Miraz 1-0-3-0 
Tanzim Hasan Sakib 5-0-36-1 
Shakib back from around to Sadeera 
 
Sadeera Samarawickrama in World Cup 2023 
INNS 
8 
RUNS 
340 
SR 
102.40 
AVE 
68.00 
HS 
108",15.6,0,0.0,"Mehidy Hasan Miraz to Asalanka, no run  .quicker and flatter ball angled into middle on a full length, and pushed back to Mehidy  .again",Mehidy Hasan Miraz,Asalanka,0.0,0,0,1,1,0.0,0,,0
"16.1 
1 
Shakib to Samarawickrama, 1 run 
full ball on middle, and clipped to square leg",16.1,1,1.0,"Shakib to Samarawickrama, 1 run  .full ball on middle, and clipped to square leg",Shakib,Samarawickrama,1.0,0,0,1,1,1.0,0,,1
"16.2 
• 
Shakib to Asalanka, no run 
full ball outside off, and he sweeps to the man at square leg 
Prashant: ""Not sure whose win will worsen England's chances of making it to the 
Champions Trophy, but I would like to see England out. That gives smaller, weaker 
teams like Netherlands and Afghanistan a chance to qualify, earn some money and 
showcase their skills""",16.2,0,0.0,"Shakib to Asalanka, no run  .full ball outside off, and he sweeps to the man at square leg",Shakib,Asalanka,0.0,0,0,1,1,0.0,0,,0
"16.3 
2 
Shakib to Asalanka, 2 runs 
fuller still, and much closer to middle and off. Flicked behind the wicket, as the man at 
fine leg chases to his left while the batters pinch two. Asalanka has to dive to make his 
way back",16.3,2,2.0,"Shakib to Asalanka, 2 runs  .fuller still, and much closer to middle and off. Flicked behind the wicket, as the man at  .fine leg chases to his left while the batters pinch two. Asalanka has to dive to make his  .way back",Shakib,Asalanka,2.0,0,0,1,1,2.0,0,,1
"16.4 
• 
Shakib to Asalanka, no run 
full and flat outside off, on a full length. Looks to flick, but gets a leading edge dribbling 
back to Shakib",16.4,0,0.0,"Shakib to Asalanka, no run  .full and flat outside off, on a full length. Looks to flick, but gets a leading edge dribbling  .back to Shakib",Shakib,Asalanka,0.0,0,0,1,1,0.0,0,,0
"16.5 
6 
Shakib to Asalanka, SIX runs 
Lovely shot! That looked so effortless, especially as this was not a fast bowler whose 
pace Asalanka could have used. The ball was full and tossed up, dipping on to off 
stump. Asalanka just lifted it with a high right elbow, and it went for six wide of long-off",16.5,6,6.0,"Shakib to Asalanka, SIX runs  .Lovely shot! That looked so effortless, especially as this was not a fast bowler whose  .pace Asalanka could have used. The ball was full and tossed up, dipping on to off  .stump. Asalanka just lifted it with a high right elbow, and it went for six wide of long-off",Shakib,Asalanka,6.0,0,1,1,1,6.0,0,,1
"16.6 
• 
Shakib to Asalanka, no run 
on a length outside off, turning in towards off. Guided to short third 
end of over 179 runs  
SL: 96/3CRR: 5.64  
Charith Asalanka19 (19b 2x6) 
Sadeera Samarawickrama10 (12b) 
Shakib Al Hasan 2-0-14-1 
Mehidy Hasan Miraz 1-0-3-0",16.6,0,0.0,"Shakib to Asalanka, no run  .on a length outside off, turning in towards off. Guided to short third",Shakib,Asalanka,0.0,0,0,1,1,0.0,0,,0
"17.1 
• 
Mehidy Hasan Miraz to Samarawickrama, no run 
full and slowish just outside off. Tucked back to the bowler",17.1,0,0.0,"Mehidy Hasan Miraz to Samarawickrama, no run  .full and slowish just outside off. Tucked back to the bowler",Mehidy Hasan Miraz,Samarawickrama,0.0,0,0,1,1,0.0,0,,0
"17.2 
• 
Mehidy Hasan Miraz to Samarawickrama, no run 
full again, and just outside off. Now nudged to midwicket",17.2,0,0.0,"Mehidy Hasan Miraz to Samarawickrama, no run  .full again, and just outside off. Now nudged to midwicket",Mehidy Hasan Miraz,Samarawickrama,0.0,0,0,1,1,0.0,0,,0
"17.3 
• 
Mehidy Hasan Miraz to Samarawickrama, no run 
and again. It's another full delivery just outside off which he tucks to midwicket",17.3,0,0.0,"Mehidy Hasan Miraz to Samarawickrama, no run  .and again. It's another full delivery just outside off which he tucks to midwicket",Mehidy Hasan Miraz,Samarawickrama,0.0,0,0,1,1,0.0,0,,0
"17.4 
4 
Mehidy Hasan Miraz to Samarawickrama, FOUR runs 
goes inside out over cover! Got another full ball close to off, as he cleared his front leg 
and lofted over the in field. The ball teased the cover fielder all the way back",17.4,4,4.0,"Mehidy Hasan Miraz to Samarawickrama, FOUR runs  .goes inside out over cover! Got another full ball close to off, as he cleared his front leg  .and lofted over the in field. The ball teased the cover fielder all the way back",Mehidy Hasan Miraz,Samarawickrama,4.0,1,0,1,1,4.0,0,,1
"17.5 
4 
Mehidy Hasan Miraz to Samarawickrama, FOUR runs 
sweeps this to a straightish fine leg! Length ball heading down outside leg, as he 
paddle swept that wide of the reach of the man at wide-ish fine leg",17.5,4,4.0,"Mehidy Hasan Miraz to Samarawickrama, FOUR runs  .sweeps this to a straightish fine leg! Length ball heading down outside leg, as he  .paddle swept that wide of the reach of the man at wide-ish fine leg",Mehidy Hasan Miraz,Samarawickrama,4.0,1,0,1,1,4.0,0,,1
"17.6 
1 
Mehidy Hasan Miraz to Samarawickrama, 1 run 
slower, and on a full length outside off. Pushed towards point 
end of over 189 runs  
SL: 105/3CRR: 5.83  
Sadeera Samarawickrama19 (18b 2x4) 
Charith Asalanka19 (19b 2x6) 
Mehidy Hasan Miraz 2-0-12-0 
Shakib Al Hasan 2-0-14-1",17.6,1,1.0,"Mehidy Hasan Miraz to Samarawickrama, 1 run  .slower, and on a full length outside off. Pushed towards point",Mehidy Hasan Miraz,Samarawickrama,1.0,0,0,1,1,1.0,0,,1
"18.1 
1 
Shakib to Samarawickrama, 1 run 
full and flat, angled into his pads. Flicked to deep square leg",18.1,1,1.0,"Shakib to Samarawickrama, 1 run  .full and flat, angled into his pads. Flicked to deep square leg",Shakib,Samarawickrama,1.0,0,0,1,1,1.0,0,,1
"18.2 
1 
Shakib to Asalanka, 1 run 
outside edge rolls over towards point, as he shapes to half-push at this length ball just 
outside off",18.2,1,1.0,"Shakib to Asalanka, 1 run  .outside edge rolls over towards point, as he shapes to half-push at this length ball just  .outside off",Shakib,Asalanka,1.0,0,0,1,1,1.0,0,,1
"18.3 
• 
Shakib to Samarawickrama, no run 
ah, cuts this from very close to the off stump. Length ball angled into off, but hints to 
straighten outside off, as he guides it to point",18.3,0,0.0,"Shakib to Samarawickrama, no run  .ah, cuts this from very close to the off stump. Length ball angled into off, but hints to  .straighten outside off, as he guides it to point",Shakib,Samarawickrama,0.0,0,0,1,1,0.0,0,,0
"18.4 
1 
Shakib to Samarawickrama, 1 run 
really slow, and on a length outside off. Pushed to deep point",18.4,1,1.0,"Shakib to Samarawickrama, 1 run  .really slow, and on a length outside off. Pushed to deep point",Shakib,Samarawickrama,1.0,0,0,1,1,1.0,0,,1
"18.5 
• 
Shakib to Asalanka, no run 
length ball outside off, and hinting to turn in towards middle. Nudged behind square",18.5,0,0.0,"Shakib to Asalanka, no run  .length ball outside off, and hinting to turn in towards middle. Nudged behind square",Shakib,Asalanka,0.0,0,0,1,1,0.0,0,,0
"18.6 
• 
Shakib to Asalanka, no run 
on a length, and quicker outside off. Blocked back 
end of over 193 runs  
SL: 108/3CRR: 5.68  
Charith Asalanka20 (22b 2x6) 
Sadeera Samarawickrama21 (21b 2x4) 
Shakib Al Hasan 3-0-17-1 
Mehidy Hasan Miraz 2-0-12-0 
Meanwhile, in other sporting news, Harry Kane has already created a new record at 
Bayern Munich, while Cristiano Ronaldo continues to dominate in Saudi Arabia. That 
and more in ESPN's weekend football stats roundup right here.",18.6,0,0.0,"Shakib to Asalanka, no run  .on a length, and quicker outside off. Blocked back",Shakib,Asalanka,0.0,0,0,1,1,0.0,0,,0
"19.1 
2 
Mehidy Hasan Miraz to Samarawickrama, 2 runs 
gets across the stumps early, and Mehidy tosses it up full outside off. That is swept 
aerially to fine leg, as Tanzid chases to his right and throws it back to the keeper. But 
the ball wasn't throwed quickly enough, as the third mpire confirms Sadeera was well in",19.1,2,2.0,"Mehidy Hasan Miraz to Samarawickrama, 2 runs  .gets across the stumps early, and Mehidy tosses it up full outside off. That is swept  .aerially to fine leg, as Tanzid chases to his right and throws it back to the keeper. But  .the ball wasn't throwed quickly enough, as the third mpire confirms Sadeera was well in",Mehidy Hasan Miraz,Samarawickrama,2.0,0,0,1,1,2.0,0,,1
"19.2 
• 
Mehidy Hasan Miraz to Samarawickrama, no run 
full ball shaping to turn in towards middle, as he looks to flick. The ball dribbles towards 
short fine leg, even as Mehidy appeals for leg before wicket. Not given, and Bangladesh 
review. On a length on middle and off, as the ball was dipping. It turned in too towards 
leg stump, and replays show there is no bat involved. And ball tracking shows there is 
too much of a turn there, with the ball missing leg stump",19.2,0,0.0,"Mehidy Hasan Miraz to Samarawickrama, no run  .full ball shaping to turn in towards middle, as he looks to flick. The ball dribbles towards  .short fine leg, even as Mehidy appeals for leg before wicket. Not given, and Bangladesh  .review. On a length on middle and off, as the ball was dipping. It turned in too towards  .leg stump, and replays show there is no bat involved. And ball tracking shows there is  .too much of a turn there, with the ball missing leg stump",Mehidy Hasan Miraz,Samarawickrama,0.0,0,0,1,1,0.0,0,,0
"19.3 
1 
Mehidy Hasan Miraz to Samarawickrama, 1 run 
skips down, and flicks this length ball just outside off to deep square leg",19.3,1,1.0,"Mehidy Hasan Miraz to Samarawickrama, 1 run  .skips down, and flicks this length ball just outside off to deep square leg",Mehidy Hasan Miraz,Samarawickrama,1.0,0,0,1,1,1.0,0,,1
"19.4 
• 
Mehidy Hasan Miraz to Asalanka, no run 
on a length, angling into off, as it skid through. Pushed back to the bowler",19.4,0,0.0,"Mehidy Hasan Miraz to Asalanka, no run  .on a length, angling into off, as it skid through. Pushed back to the bowler",Mehidy Hasan Miraz,Asalanka,0.0,0,0,1,1,0.0,0,,0
"19.5 
1 
Mehidy Hasan Miraz to Asalanka, 1 run 
short of a length, angling into middle. Nudged to midwicket",19.5,1,1.0,"Mehidy Hasan Miraz to Asalanka, 1 run  .short of a length, angling into middle. Nudged to midwicket",Mehidy Hasan Miraz,Asalanka,1.0,0,0,1,1,1.0,0,,1
"19.6 
1 
Mehidy Hasan Miraz to Samarawickrama, 1 run 
fuller side of a length on middle, and flicked behind square to keep ticking 
With that, here comes Madushka again 
end of over 205 runs  
SL: 113/3CRR: 5.65  
Sadeera Samarawickrama25 (25b 2x4) 
Charith Asalanka21 (24b 2x6) 
Mehidy Hasan Miraz 3-0-17-0 
Shakib Al Hasan 3-0-17-1 
Thanks Himanshu. Decent consolidation from these two, but a lot of work yet to be 
done. 
 
Shakib Al Hasan vs SL in ODIs 
INNS 
27 
WKTS 
21 
ECON 
4.55 
AVE 
47.80",19.6,1,1.0,"Mehidy Hasan Miraz to Samarawickrama, 1 run  .fuller side of a length on middle, and flicked behind square to keep ticking  .With that, here comes Madushka again",Mehidy Hasan Miraz,Samarawickrama,1.0,0,0,1,1,1.0,0,,1
"20.1 
• 
Shakib to Samarawickrama, no run 
full and straight, connects with this paddle sweep but it's straight at short fine",20.1,0,0.0,"Shakib to Samarawickrama, no run  .full and straight, connects with this paddle sweep but it's straight at short fine",Shakib,Samarawickrama,0.0,0,0,1,1,0.0,0,,0
"20.2 
1 
Shakib to Samarawickrama, 1 run 
good length on off, pushed to the left extra cover for a quick single",20.2,1,1.0,"Shakib to Samarawickrama, 1 run  .good length on off, pushed to the left extra cover for a quick single",Shakib,Samarawickrama,1.0,0,0,1,1,1.0,0,,1
"20.3 
• 
Shakib to Asalanka, no run 
good length from over the wicket. Back foot push as Shakib hustles to his left to collect",20.3,0,0.0,"Shakib to Asalanka, no run  .good length from over the wicket. Back foot push as Shakib hustles to his left to collect",Shakib,Asalanka,0.0,0,0,1,1,0.0,0,,0
"20.4 
1 
Shakib to Asalanka, 1 run 
another good length one, but goes back and eases this down to long-on",20.4,1,1.0,"Shakib to Asalanka, 1 run  .another good length one, but goes back and eases this down to long-on",Shakib,Asalanka,1.0,0,0,1,1,1.0,0,,1
"20.5 
1 
Shakib to Samarawickrama, 1 run 
good length on off, pushed into the covers",20.5,1,1.0,"Shakib to Samarawickrama, 1 run  .good length on off, pushed into the covers",Shakib,Samarawickrama,1.0,0,0,1,1,1.0,0,,1
"20.6 
1 
Shakib to Asalanka, 1 run 
slides on the pads, glanced fine but there's a man in the deep at fine leg 
end of over 214 runs  
SL: 117/3CRR: 5.57  
Charith Asalanka23 (27b 2x6) 
Sadeera Samarawickrama27 (28b 2x4) 
Shakib Al Hasan 4-0-21-1 
Mehidy Hasan Miraz 3-0-17-0",20.6,1,1.0,"Shakib to Asalanka, 1 run  .slides on the pads, glanced fine but there's a man in the deep at fine leg",Shakib,Asalanka,1.0,0,0,1,1,1.0,0,,1
"21.1 
1 
Mehidy Hasan Miraz to Asalanka, 1 run 
good length outside off, bit of a extra bounce. Leans back and punches this towards 
deep cover point",21.1,1,1.0,"Mehidy Hasan Miraz to Asalanka, 1 run  .good length outside off, bit of a extra bounce. Leans back and punches this towards  .deep cover point",Mehidy Hasan Miraz,Asalanka,1.0,0,0,1,1,1.0,0,,1
"21.2 
• 
Mehidy Hasan Miraz to Samarawickrama, no run 
good length on off, defensive push towards midwicket",21.2,0,0.0,"Mehidy Hasan Miraz to Samarawickrama, no run  .good length on off, defensive push towards midwicket",Mehidy Hasan Miraz,Samarawickrama,0.0,0,0,1,1,0.0,0,,0
"21.3 
4 
Mehidy Hasan Miraz to Samarawickrama, FOUR runs 
What a shot! Brings up the <b<="""" b=""""> with a shot of pure touch. This was almost a 
yorker just wide of off, fired in. But Sadeera squeezes it out to the point boundary</b",21.3,4,4.0,"Mehidy Hasan Miraz to Samarawickrama, FOUR runs",Mehidy Hasan Miraz,Samarawickrama,4.0,1,0,1,1,4.0,0,,1
"21.4 
1 
Mehidy Hasan Miraz to Samarawickrama, 1 run 
good length on the stumps, clipped to deep square leg for one",21.4,1,1.0,"Mehidy Hasan Miraz to Samarawickrama, 1 run  .good length on the stumps, clipped to deep square leg for one",Mehidy Hasan Miraz,Samarawickrama,1.0,0,0,1,1,1.0,0,,1
"21.5 
1 
Mehidy Hasan Miraz to Asalanka, 1 run 
fuller on off from around the wicket, pushed into the covers for one",21.5,1,1.0,"Mehidy Hasan Miraz to Asalanka, 1 run  .fuller on off from around the wicket, pushed into the covers for one",Mehidy Hasan Miraz,Asalanka,1.0,0,0,1,1,1.0,0,,1
"21.6 
1 
Mehidy Hasan Miraz to Samarawickrama, 1 run 
good length on the stumps, nudged square on the onside for one 
end of over 228 runs  
SL: 125/3CRR: 5.68  
Sadeera Samarawickrama33 (32b 3x4) 
Charith Asalanka25 (29b 2x6) 
Mehidy Hasan Miraz 4-0-25-0 
Shakib Al Hasan 4-0-21-1 
Vinay: ""Absolutely pouring in Bangalore and with rain forecast pretty much every day of 
this week, NZ SL match on Thursday won't happen. NZ will pay the price for poor 
decisions and will be knocked out. It's going to be India vs Pak in Mumbai - you heard it 
first here!""",21.6,1,1.0,"Mehidy Hasan Miraz to Samarawickrama, 1 run  .good length on the stumps, nudged square on the onside for one",Mehidy Hasan Miraz,Samarawickrama,1.0,0,0,1,1,1.0,0,,1
"22.1 
1 
Shakib to Samarawickrama, 1 run 
good length on middle and off, gets well forward and just works this to square leg with 
ease",22.1,1,1.0,"Shakib to Samarawickrama, 1 run  .good length on middle and off, gets well forward and just works this to square leg with  .ease",Shakib,Samarawickrama,1.0,0,0,1,1,1.0,0,,1
"22.2 
1 
Shakib to Asalanka, 1 run 
full on leg, tucked towards midwicket for a quick single",22.2,1,1.0,"Shakib to Asalanka, 1 run  .full on leg, tucked towards midwicket for a quick single",Shakib,Asalanka,1.0,0,0,1,1,1.0,0,,1
"22.3 
• 
Shakib to Samarawickrama, no run 
full and straight, pushed back towards Shakib",22.3,0,0.0,"Shakib to Samarawickrama, no run  .full and straight, pushed back towards Shakib",Shakib,Samarawickrama,0.0,0,0,1,1,0.0,0,,0
"22.4 
• 
Shakib to Samarawickrama, no run 
good length, drifts on the pads as Sadeera comes forward. Brief appeal from Shakib",22.4,0,0.0,"Shakib to Samarawickrama, no run  .good length, drifts on the pads as Sadeera comes forward. Brief appeal from Shakib",Shakib,Samarawickrama,0.0,0,0,1,1,0.0,0,,0
"22.5 
• 
Shakib to Samarawickrama, no run 
good length on off, pushed straight to mid-off",22.5,0,0.0,"Shakib to Samarawickrama, no run  .good length on off, pushed straight to mid-off",Shakib,Samarawickrama,0.0,0,0,1,1,0.0,0,,0
"22.6 
1 
Shakib to Samarawickrama, 1 run 
stays in the crease as this is pushed through flatter, worked to deep square leg for one 
end of over 233 runs  
SL: 128/3CRR: 5.56  
Sadeera Samarawickrama35 (37b 3x4) 
Charith Asalanka26 (30b 2x6) 
Shakib Al Hasan 5-0-24-1 
Mehidy Hasan Miraz 4-0-25-0 
Mizan Sohag: ""Is it any chance dew at night ?"" --- Yep. Was one of the reasons 
Bangladesh opted to bowl first. 
Shoriful returns",22.6,1,1.0,"Shakib to Samarawickrama, 1 run  .stays in the crease as this is pushed through flatter, worked to deep square leg for one",Shakib,Samarawickrama,1.0,0,0,1,1,1.0,0,,1
"23.1 
1 
Shoriful Islam to Samarawickrama, 1 run 
angled in on the pads from around the wicket. Clipped in briefly in the air towards deep 
square leg 
Over the wicket",23.1,1,1.0,"Shoriful Islam to Samarawickrama, 1 run  .angled in on the pads from around the wicket. Clipped in briefly in the air towards deep  .square leg  .Over the wicket",Shoriful Islam,Samarawickrama,1.0,0,0,1,1,1.0,0,,1
"23.2 
1 
Shoriful Islam to Asalanka, 1 run 
good length on off, chopped down towards sweeper off the back foot 
Around the wicket",23.2,1,1.0,"Shoriful Islam to Asalanka, 1 run  .good length on off, chopped down towards sweeper off the back foot  .Around the wicket",Shoriful Islam,Asalanka,1.0,0,0,1,1,1.0,0,,1
"23.3 
• 
Shoriful Islam to Samarawickrama, no run 
full on off, punchy drive straight at extra cover",23.3,0,0.0,"Shoriful Islam to Samarawickrama, no run  .full on off, punchy drive straight at extra cover",Shoriful Islam,Samarawickrama,0.0,0,0,1,1,0.0,0,,0
"23.4 
1 
Shoriful Islam to Samarawickrama, 1 run 
short ball, pulled down to fine leg 
over the wicket",23.4,1,1.0,"Shoriful Islam to Samarawickrama, 1 run  .short ball, pulled down to fine leg  .over the wicket",Shoriful Islam,Samarawickrama,1.0,0,0,1,1,1.0,0,,1
"23.5 
• 
Shoriful Islam to Asalanka, no run 
back of a length on the stumps, defended from within the crease",23.5,0,0.0,"Shoriful Islam to Asalanka, no run  .back of a length on the stumps, defended from within the crease",Shoriful Islam,Asalanka,0.0,0,0,1,1,0.0,0,,0
"23.6 
• 
Shoriful Islam to Asalanka, no run 
back of a length just outside off, Asalanka is forced to check the stroke as he pushes 
this towards short extra cover 
end of over 243 runs  
SL: 131/3CRR: 5.45  
Charith Asalanka27 (33b 2x6) 
Sadeera Samarawickrama37 (40b 3x4) 
Shoriful Islam 5-0-29-1 
Shakib Al Hasan 5-0-24-1",23.6,0,0.0,"Shoriful Islam to Asalanka, no run  .back of a length just outside off, Asalanka is forced to check the stroke as he pushes  .this towards short extra cover",Shoriful Islam,Asalanka,0.0,0,0,1,1,0.0,0,,0
"24.1 
4 
Shakib to Samarawickrama, FOUR runs 
Finds the space! Sadeera brings out the sweep, it's in the air but safe as he gets it over 
short fine leg",24.1,4,4.0,"Shakib to Samarawickrama, FOUR runs  .Finds the space! Sadeera brings out the sweep, it's in the air but safe as he gets it over  .short fine leg",Shakib,Samarawickrama,4.0,1,0,1,1,4.0,0,,1
"24.2 
W 
Shakib to Samarawickrama, OUT 
And now he finds the man! Skips down the track, but doesn't quite get to pitch. Looks to 
whip this aerially into the space at deep midwicket but ends up getting it much squarer 
straight at the man stationed at deep square leg 
Sadeera Samarawickrama c Mahmudullah b Shakib Al Hasan 41 (42b 4x4 0x6 53m) 
SR: 97.61 
riad: ""this is a batting paradise . SL batsman gifted their wicket to BD .I thik Sri lanka are 
so coutious after 55 all out "" 
Angelo Mathews enters the fray. Bit of a delay here though, as there seems to be 
something wrong with Mathews' helmet. Think he might have brought the wrong helmet 
here. 
Animated discussion between Mathews and the umpire. Mathews arguing that there 
was something wrong with the strap. Shakib and Bangladesh though have appealed as 
they argue the batter has timed out. 
Oh my. Angelo Mathews has been given OUT, timed out. He has not faced a ball. 
The reasoning is that you have to be ready to face a ball within two minutes of the fall of 
a wicket, and Mathews was not. A first in international cricket, says Russel Arnold on 
air.",24.2,W,0.0,"Shakib to Samarawickrama, OUT  .And now he finds the man! Skips down the track, but doesn't quite get to pitch. Looks to  .whip this aerially into the space at deep midwicket but ends up getting it much squarer  .straight at the man stationed at deep square leg  .Sadeera Samarawickrama c Mahmudullah b Shakib Al Hasan 41 (42b 4x4 0x6 53m)  .SR: 97.61",Shakib,Samarawickrama,0.0,0,0,1,1,0.0,1,c Mahmudullah b Shakib Al Hasan,0
"24.3 
• 
Shakib to Dhananjaya, no run 
back of a length on off, defended",24.3,0,0.0,"Shakib to Dhananjaya, no run  .back of a length on off, defended",Shakib,Dhananjaya,0.0,0,0,1,1,0.0,0,,0
"24.4 
• 
Shakib to Dhananjaya, no run 
back of a length on off, defended again",24.4,0,0.0,"Shakib to Dhananjaya, no run  .back of a length on off, defended again",Shakib,Dhananjaya,0.0,0,0,1,1,0.0,0,,0
"24.5 
1 
Shakib to Dhananjaya, 1 run 
full on off, driven down to long-off 
 
BAN last 5 ODIs 
MATCHES 
L 
L 
L 
L 
L",24.5,1,1.0,"Shakib to Dhananjaya, 1 run  .full on off, driven down to long-off  .  .BAN last 5 ODIs  .MATCHES  .L  .L  .L  .L  .L",Shakib,Dhananjaya,1.0,0,0,1,1,1.0,0,,1
"24.6 
1 
Shakib to Asalanka, 1 run 
full on the stumps, eased down to long-on 
end of over 256 runs • 2 wickets 
SL: 137/5CRR: 5.48  
Charith Asalanka28 (34b 2x6) 
Dhananjaya de Silva1 (3b) 
Shakib Al Hasan 6-0-30-2 
Shoriful Islam 5-0-29-1 
Yoel: ""Wow, has this kind of Out been given before in any World Cup match?"" --- Pretty 
sure it's a first.",24.6,1,1.0,"Shakib to Asalanka, 1 run  .full on the stumps, eased down to long-on",Shakib,Asalanka,1.0,0,0,1,1,1.0,0,,1
"25.1 
• 
Shoriful Islam to Asalanka, no run 
back of a length on off, back foot push to short extra cover",25.1,0,0.0,"Shoriful Islam to Asalanka, no run  .back of a length on off, back foot push to short extra cover",Shoriful Islam,Asalanka,0.0,0,0,1,1,0.0,0,,0
"25.2 
1 
Shoriful Islam to Asalanka, 1 run 
full outside off, edges the drive down to third man 
Aniruddha: ""Question: Why didn't Mathews just bat without the helmet? (not watching 
the match live)"" --- Good question. Perhaps he didn't quite understand what was at 
stake?",25.2,1,1.0,"Shoriful Islam to Asalanka, 1 run  .full outside off, edges the drive down to third man",Shoriful Islam,Asalanka,1.0,0,0,1,1,1.0,0,,1
"25.3 
1 
Shoriful Islam to Dhananjaya, 1 run 
full and wide, squeezed out to third man 
Sri : ""Comments about spirit of the game please "" --- Waqar Younis on air is in 
agreement with you, Sri.",25.3,1,1.0,"Shoriful Islam to Dhananjaya, 1 run  .full and wide, squeezed out to third man",Shoriful Islam,Dhananjaya,1.0,0,0,1,1,1.0,0,,1
"25.4 
1 
Shoriful Islam to Asalanka, 1 run 
good length on off, punched into the covers",25.4,1,1.0,"Shoriful Islam to Asalanka, 1 run  .good length on off, punched into the covers",Shoriful Islam,Asalanka,1.0,0,0,1,1,1.0,0,,1
"25.5 
• 
Shoriful Islam to Dhananjaya, no run 
good length outside off, left alone",25.5,0,0.0,"Shoriful Islam to Dhananjaya, no run  .good length outside off, left alone",Shoriful Islam,Dhananjaya,0.0,0,0,1,1,0.0,0,,0
"25.6 
• 
Shoriful Islam to Dhananjaya, no run 
good length outside off, left once more 
end of over 263 runs  
SL: 140/5CRR: 5.38  
Dhananjaya de Silva2 (6b) 
Charith Asalanka30 (37b 2x6) 
Shoriful Islam 6-0-32-1 
Shakib Al Hasan 6-0-30-2 
Vinod Rajpal: ""@Madhushka, in ODIs the time out time is 3 minutes for a batsmen to be 
on the crease and face the ball !"" --- Fair enough. He was over that as well. 
Danish: ""Okay Mathews was being naive but with all the protocols around concussion 
these days, you can't expect a batter to play with a faulty helmet or without helmet. 
Mathews should be called back, this is poor from umpires!""",25.6,0,0.0,"Shoriful Islam to Dhananjaya, no run  .good length outside off, left once more",Shoriful Islam,Dhananjaya,0.0,0,0,1,1,0.0,0,,0
"26.1 
6 
Shakib to Asalanka, SIX runs 
Glorious from Asalanka! Carbon copy of his hit earlier in the innings. Shuffles down the 
track and lofts this over long-off",26.1,6,6.0,"Shakib to Asalanka, SIX runs  .Glorious from Asalanka! Carbon copy of his hit earlier in the innings. Shuffles down the  .track and lofts this over long-off",Shakib,Asalanka,6.0,0,1,1,1,6.0,0,,1
"26.2 
1 
Shakib to Asalanka, 1 run 
And now just knocks it down to long-on for a single",26.2,1,1.0,"Shakib to Asalanka, 1 run  .And now just knocks it down to long-on for a single",Shakib,Asalanka,1.0,0,0,1,1,1.0,0,,1
"26.3 
• 
Shakib to Dhananjaya, no run 
good length on the stumps, defended 
Kishore: ""Shakib should have warned Matthews to take strike (without helmet) or he will 
appeal for a 'time out' dismissal. Seems very amateurish from a seasoned cricketer.""",26.3,0,0.0,"Shakib to Dhananjaya, no run  .good length on the stumps, defended",Shakib,Dhananjaya,0.0,0,0,1,1,0.0,0,,0
"26.4 
1 
Shakib to Dhananjaya, 1 run 
full on off, driven down to long-off for one",26.4,1,1.0,"Shakib to Dhananjaya, 1 run  .full on off, driven down to long-off for one",Shakib,Dhananjaya,1.0,0,0,1,1,1.0,0,,1
"26.5 
• 
Shakib to Asalanka, no run 
full on off, looks to work this onside for a quick single. But midwicket hurries on to it",26.5,0,0.0,"Shakib to Asalanka, no run  .full on off, looks to work this onside for a quick single. But midwicket hurries on to it",Shakib,Asalanka,0.0,0,0,1,1,0.0,0,,0
"26.6 
1 
Shakib to Asalanka, 1 run 
back foot punch down toward long-on 
end of over 279 runs  
SL: 149/5CRR: 5.51  
Charith Asalanka38 (41b 3x6) 
Dhananjaya de Silva3 (8b) 
Shakib Al Hasan 7-0-39-2 
Shoriful Islam 6-0-32-1 
Jamil Uddin : ""Since bowler was Shakib, Matthews could've bat without helmet. Being a 
Bangladeshi fan, not happy with Shakib's appeal too."" 
Sami: ""South African captain Graeme Smith did not appeal for a ""timed out"" when 
Sachin was late to the crease in 2006-2007 test played in Newlands. Say my thanks to 
him please.""",26.6,1,1.0,"Shakib to Asalanka, 1 run  .back foot punch down toward long-on",Shakib,Asalanka,1.0,0,0,1,1,1.0,0,,1
"27.1 
• 
Mehidy Hasan Miraz to Asalanka, no run 
full on off, pushed straight to mid-off",27.1,0,0.0,"Mehidy Hasan Miraz to Asalanka, no run  .full on off, pushed straight to mid-off",Mehidy Hasan Miraz,Asalanka,0.0,0,0,1,1,0.0,0,,0
"27.2 
1 
Mehidy Hasan Miraz to Asalanka, 1 run 
full on the stumps, eased down to long-on",27.2,1,1.0,"Mehidy Hasan Miraz to Asalanka, 1 run  .full on the stumps, eased down to long-on",Mehidy Hasan Miraz,Asalanka,1.0,0,0,1,1,1.0,0,,1
"27.3 
1 
Mehidy Hasan Miraz to Dhananjaya, 1 run 
good length on off, back foot punch into the covers",27.3,1,1.0,"Mehidy Hasan Miraz to Dhananjaya, 1 run  .good length on off, back foot punch into the covers",Mehidy Hasan Miraz,Dhananjaya,1.0,0,0,1,1,1.0,0,,1
"27.4 
• 
Mehidy Hasan Miraz to Asalanka, no run 
good length on off, defended",27.4,0,0.0,"Mehidy Hasan Miraz to Asalanka, no run  .good length on off, defended",Mehidy Hasan Miraz,Asalanka,0.0,0,0,1,1,0.0,0,,0
"27.5 
• 
Mehidy Hasan Miraz to Asalanka, no run 
And Asalanka might be in trouble here! Misses the sweep and his struck on the front 
pad. Finger goes up but Asalanka reviews immediately. And it's a good one, because 
this clearly hit him on the glove",27.5,0,0.0,"Mehidy Hasan Miraz to Asalanka, no run  .And Asalanka might be in trouble here! Misses the sweep and his struck on the front  .pad. Finger goes up but Asalanka reviews immediately. And it's a good one, because  .this clearly hit him on the glove",Mehidy Hasan Miraz,Asalanka,0.0,0,0,1,1,0.0,0,,0
"27.6 
1 
Mehidy Hasan Miraz to Asalanka, 1 run 
good length on off, back foot punch down towards sweeper cover 
end of over 283 runs  
SL: 152/5CRR: 5.42  
Charith Asalanka40 (46b 3x6) 
Dhananjaya de Silva4 (9b) 
Mehidy Hasan Miraz 5-0-28-0 
Shakib Al Hasan 7-0-39-2 
The bowler does not get credit for the wicket.""",27.6,1,1.0,"Mehidy Hasan Miraz to Asalanka, 1 run  .good length on off, back foot punch down towards sweeper cover",Mehidy Hasan Miraz,Asalanka,1.0,0,0,1,1,1.0,0,,1
"28.1 
• 
Taskin to Asalanka, no run 
beats the edge! Full on off, goes for the drive and misses",28.1,0,0.0,"Taskin to Asalanka, no run  .beats the edge! Full on off, goes for the drive and misses",Taskin,Asalanka,0.0,0,0,1,1,0.0,0,,0
"28.2 
2 
Taskin to Asalanka, 2 runs 
Times this drive though! Punched crisply into the covers but sweeper makes good 
ground",28.2,2,2.0,"Taskin to Asalanka, 2 runs  .Times this drive though! Punched crisply into the covers but sweeper makes good  .ground",Taskin,Asalanka,2.0,0,0,1,1,2.0,0,,1
"28.3 
• 
Taskin to Asalanka, no run 
good length on off, defended from within the crease",28.3,0,0.0,"Taskin to Asalanka, no run  .good length on off, defended from within the crease",Taskin,Asalanka,0.0,0,0,1,1,0.0,0,,0
"28.4 
• 
Taskin to Asalanka, no run 
full outside off, crunched straight to short extra cover",28.4,0,0.0,"Taskin to Asalanka, no run  .full outside off, crunched straight to short extra cover",Taskin,Asalanka,0.0,0,0,1,1,0.0,0,,0
"28.5 
4 
Taskin to Asalanka, FOUR runs 
Driven exquisitely! Full on off, and just times this straight back past the bowler 
 
Charith Asalanka in middle overs (in ODIs) 
RUNS 
1160 
OUTS 
20 
4s/6s 
88/20 
SR 
84.91 
AVE 
58.00",28.5,4,4.0,"Taskin to Asalanka, FOUR runs  .Driven exquisitely! Full on off, and just times this straight back past the bowler  .  .Charith Asalanka in middle overs (in ODIs)  .RUNS  .1160  .OUTS  .20  .4s/6s  .88/20  .SR  .84.91  .AVE  .58.00",Taskin,Asalanka,4.0,1,0,1,1,4.0,0,,1
"28.6 
• 
Taskin to Asalanka, no run 
good length on off, defensive push to cover 
end of over 296 runs  
SL: 158/5CRR: 5.44  
Charith Asalanka46 (52b 1x4 3x6) 
Dhananjaya de Silva4 (9b) 
Taskin Ahmed 6-1-22-0 
Mehidy Hasan Miraz 5-0-28-0",28.6,0,0.0,"Taskin to Asalanka, no run  .good length on off, defensive push to cover",Taskin,Asalanka,0.0,0,0,1,1,0.0,0,,0
"29.1 
• 
Mehidy Hasan Miraz to Dhananjaya, no run 
good length on the stumps, defended",29.1,0,0.0,"Mehidy Hasan Miraz to Dhananjaya, no run  .good length on the stumps, defended",Mehidy Hasan Miraz,Dhananjaya,0.0,0,0,1,1,0.0,0,,0
"29.2 
• 
Mehidy Hasan Miraz to Dhananjaya, no run 
full on the stumps, worked straight to midwicket",29.2,0,0.0,"Mehidy Hasan Miraz to Dhananjaya, no run  .full on the stumps, worked straight to midwicket",Mehidy Hasan Miraz,Dhananjaya,0.0,0,0,1,1,0.0,0,,0
"29.3 
• 
Mehidy Hasan Miraz to Dhananjaya, no run 
full on off, gets forward and defends",29.3,0,0.0,"Mehidy Hasan Miraz to Dhananjaya, no run  .full on off, gets forward and defends",Mehidy Hasan Miraz,Dhananjaya,0.0,0,0,1,1,0.0,0,,0
"29.4 
• 
Mehidy Hasan Miraz to Dhananjaya, no run 
back of a length on off, goes back and punches this to mid-on",29.4,0,0.0,"Mehidy Hasan Miraz to Dhananjaya, no run  .back of a length on off, goes back and punches this to mid-on",Mehidy Hasan Miraz,Dhananjaya,0.0,0,0,1,1,0.0,0,,0
"29.5 
4 
Mehidy Hasan Miraz to Dhananjaya, FOUR runs 
Delicately played! This is fizzed through outside off and DDS uses the pace, opens the 
face and runs this fine past short third",29.5,4,4.0,"Mehidy Hasan Miraz to Dhananjaya, FOUR runs  .Delicately played! This is fizzed through outside off and DDS uses the pace, opens the  .face and runs this fine past short third",Mehidy Hasan Miraz,Dhananjaya,4.0,1,0,1,1,4.0,0,,1
"29.6 
• 
Mehidy Hasan Miraz to Dhananjaya, no run 
back of a length on the stumps, goes back and defends 
end of over 304 runs  
SL: 162/5CRR: 5.40  
Dhananjaya de Silva8 (15b 1x4) 
Charith Asalanka46 (52b 1x4 3x6) 
Mehidy Hasan Miraz 6-0-32-0 
Taskin Ahmed 6-1-22-0 
Shahid: """"",29.6,0,0.0,"Mehidy Hasan Miraz to Dhananjaya, no run  .back of a length on the stumps, goes back and defends",Mehidy Hasan Miraz,Dhananjaya,0.0,0,0,1,1,0.0,0,,0
"30.1 
• 
Tanzim Hasan Sakib to Asalanka, no run 
back of a length on off, defended on the back foot 
Huzaifa Ali: ""More fuel to Nagin Derby fire!!!""",30.1,0,0.0,"Tanzim Hasan Sakib to Asalanka, no run  .back of a length on off, defended on the back foot",Tanzim Hasan Sakib,Asalanka,0.0,0,0,1,1,0.0,0,,0
"30.2 
• 
Tanzim Hasan Sakib to Asalanka, no run 
back of a length on the stumps, tucked straight to short midwicket",30.2,0,0.0,"Tanzim Hasan Sakib to Asalanka, no run  .back of a length on the stumps, tucked straight to short midwicket",Tanzim Hasan Sakib,Asalanka,0.0,0,0,1,1,0.0,0,,0
"30.3 
1 
Tanzim Hasan Sakib to Asalanka, 1 run 
short of a length outside off, chopped down to deep cover point 
Mustafa Moudi: ""Dont really understand the unwanted criticism for Shakib here. There is 
a rule in place, which is supposed to be known for all players. Shakib must rather be 
appreciated for his awareness (of this rule) and Mathews lost his wicket by his own 
fault !!""",30.3,1,1.0,"Tanzim Hasan Sakib to Asalanka, 1 run  .short of a length outside off, chopped down to deep cover point",Tanzim Hasan Sakib,Asalanka,1.0,0,0,1,1,1.0,0,,1
"30.4 
1 
Tanzim Hasan Sakib to Dhananjaya, 1 run 
good length on the pads, worked in front of square leg",30.4,1,1.0,"Tanzim Hasan Sakib to Dhananjaya, 1 run  .good length on the pads, worked in front of square leg",Tanzim Hasan Sakib,Dhananjaya,1.0,0,0,1,1,1.0,0,,1
"30.5 
4 
Tanzim Hasan Sakib to Asalanka, FOUR runs 
Whipped for four! And that's fifty for Asalanka as well! This was short on leg, just rolls 
his wrists over this short arm pull and whips it behind square leg 
See all photos",30.5,4,4.0,"Tanzim Hasan Sakib to Asalanka, FOUR runs  .Whipped for four! And that's fifty for Asalanka as well! This was short on leg, just rolls  .his wrists over this short arm pull and whips it behind square leg  .See all photos",Tanzim Hasan Sakib,Asalanka,4.0,1,0,1,1,4.0,0,,1
"30.6 
1 
Tanzim Hasan Sakib to Asalanka, 1 run 
full on off, pushed into the covers for one. drinks 
Jack: ""I mean, you could argue that Mathews should have had his gear prepared as 
normal for any incoming batter. However, I feel as though Shakib should have done the 
sporting thing and warn Mathews about the danger of taking too much time. Imposing 
fielding restrictions for lateness is fine, actually giving batters out is another... "" 
Chris: ""That's atrociously poor craic from a team with nothing tangible at stake. In this 
day and age, to seek to penalise a cricketer for attempting to ensure his head is safely 
protected is not only petty it's a really dangerous step. Deeply unimpressive all round."" 
So the broadcast just showed the full incident clearly. Essentially Mathews was ready to 
take strike when his strap broke. He called for a new helmet and while that wait ensued, 
Shakib appealed. 
end of over 317 runs  
SL: 169/5CRR: 5.45  
Charith Asalanka52 (57b 2x4 3x6) 
Dhananjaya de Silva9 (16b 1x4) 
Tanzim Hasan Sakib 6-0-43-1 
Mehidy Hasan Miraz 6-0-32-0 
Should Mathews have been timed out? 
81.3K votes 
Yes, them's the rules 
No, it was equipment malfunction",30.6,1,1.0,"Tanzim Hasan Sakib to Asalanka, 1 run  .full on off, pushed into the covers for one. drinks",Tanzim Hasan Sakib,Asalanka,1.0,0,0,1,1,1.0,0,,1
"31.1 
• 
Mehidy Hasan Miraz to Asalanka, no run 
good length, angled in from around the wicket. Back foot push to short extra",31.1,0,0.0,"Mehidy Hasan Miraz to Asalanka, no run  .good length, angled in from around the wicket. Back foot push to short extra",Mehidy Hasan Miraz,Asalanka,0.0,0,0,1,1,0.0,0,,0
"31.2 
1 
Mehidy Hasan Miraz to Asalanka, 1 run 
Back foot push to the right of Mehidy, whose hand deflects it past short extra for a 
single",31.2,1,1.0,"Mehidy Hasan Miraz to Asalanka, 1 run  .Back foot push to the right of Mehidy, whose hand deflects it past short extra for a  .single",Mehidy Hasan Miraz,Asalanka,1.0,0,0,1,1,1.0,0,,1
"31.3 
1 
Mehidy Hasan Miraz to Dhananjaya, 1 run 
full on the stumps, eased down to long-on",31.3,1,1.0,"Mehidy Hasan Miraz to Dhananjaya, 1 run  .full on the stumps, eased down to long-on",Mehidy Hasan Miraz,Dhananjaya,1.0,0,0,1,1,1.0,0,,1
"31.4 
1 
Mehidy Hasan Miraz to Asalanka, 1 run 
back of a length on off, punched down towards sweeper",31.4,1,1.0,"Mehidy Hasan Miraz to Asalanka, 1 run  .back of a length on off, punched down towards sweeper",Mehidy Hasan Miraz,Asalanka,1.0,0,0,1,1,1.0,0,,1
"31.5 
• 
Mehidy Hasan Miraz to Dhananjaya, no run 
full on off, defended from within the crease",31.5,0,0.0,"Mehidy Hasan Miraz to Dhananjaya, no run  .full on off, defended from within the crease",Mehidy Hasan Miraz,Dhananjaya,0.0,0,0,1,1,0.0,0,,0
"31.6 
• 
Mehidy Hasan Miraz to Dhananjaya, no run 
good length on the pads, defended towards midwicket 
end of over 323 runs  
SL: 172/5CRR: 5.37  
Dhananjaya de Silva10 (19b 1x4) 
Charith Asalanka54 (60b 2x4 3x6) 
Mehidy Hasan Miraz 7-0-35-0 
Tanzim Hasan Sakib 6-0-43-1 
Chandru: ""This incident will definitely motivate all of the SL players to fight hard and 
play together against Bangladesh today.The player handshake event will be a 
worthwhile to watch today for sure."" --- Times like this you're grateful Cricket isn't a 
contact sport.",31.6,0,0.0,"Mehidy Hasan Miraz to Dhananjaya, no run  .good length on the pads, defended towards midwicket",Mehidy Hasan Miraz,Dhananjaya,0.0,0,0,1,1,0.0,0,,0
"32.1 
4 
Tanzim Hasan Sakib to Asalanka, FOUR runs 
Wonderful wrist work! Another one of those wristy pull-cum-flicks, as Asalanka takes 
this short ball from outside off and whips it in front of square leg",32.1,4,4.0,"Tanzim Hasan Sakib to Asalanka, FOUR runs  .Wonderful wrist work! Another one of those wristy pull-cum-flicks, as Asalanka takes  .this short ball from outside off and whips it in front of square leg",Tanzim Hasan Sakib,Asalanka,4.0,1,0,1,1,4.0,0,,1
"32.2 
• 
Tanzim Hasan Sakib to Asalanka, no run 
good length on off, pushed in front of point looks for a quick single, but turns back. 
Direct hit might have been tight there",32.2,0,0.0,"Tanzim Hasan Sakib to Asalanka, no run  .good length on off, pushed in front of point looks for a quick single, but turns back.  .Direct hit might have been tight there",Tanzim Hasan Sakib,Asalanka,0.0,0,0,1,1,0.0,0,,0
"32.3 
4 
Tanzim Hasan Sakib to Asalanka, FOUR runs 
Chopped behind point! Asalanka is middling everything here. This was slightly short, 
slightly wide, and he just leathers this behind point",32.3,4,4.0,"Tanzim Hasan Sakib to Asalanka, FOUR runs  .Chopped behind point! Asalanka is middling everything here. This was slightly short,  .slightly wide, and he just leathers this behind point",Tanzim Hasan Sakib,Asalanka,4.0,1,0,1,1,4.0,0,,1
"32.4 
1 
Tanzim Hasan Sakib to Asalanka, 1 run 
back of a length on the pads, nudged in front of square for one",32.4,1,1.0,"Tanzim Hasan Sakib to Asalanka, 1 run  .back of a length on the pads, nudged in front of square for one",Tanzim Hasan Sakib,Asalanka,1.0,0,0,1,1,1.0,0,,1
"32.5 
4 
Tanzim Hasan Sakib to Dhananjaya, FOUR runs 
Not in control but he'll take it! Fifty partnership comes up! Quick bouncer, DDS goes for 
the pull and gets a top edge over the keeper",32.5,4,4.0,"Tanzim Hasan Sakib to Dhananjaya, FOUR runs  .Not in control but he'll take it! Fifty partnership comes up! Quick bouncer, DDS goes for  .the pull and gets a top edge over the keeper",Tanzim Hasan Sakib,Dhananjaya,4.0,1,0,1,1,4.0,0,,1
"32.6 
1lb 
Tanzim Hasan Sakib to Dhananjaya, 1 leg bye 
length on the pads, tucked behind square leg for one 
end of over 3314 runs  
SL: 186/5CRR: 5.63  
Dhananjaya de Silva14 (21b 2x4) 
Charith Asalanka63 (64b 4x4 3x6) 
Tanzim Hasan Sakib 7-0-56-1 
Mehidy Hasan Miraz 7-0-35-0 
Vinay: ""Counterpoint - we have seen numerous times captains and bowlers taking a lot 
of time in between overs - to set field, to decide who bowls. there is no penalty there? 
should laws be revised if the 1st ball of next over is not bowled within a set time, said 
bowler will not be allowed to bowl in the innings?"" --- The penalty for that comes at the 
end of the innings, when fielding restrictions are made tighter.",32.6,1lb,1.0,"Tanzim Hasan Sakib to Dhananjaya, 1 leg bye  .length on the pads, tucked behind square leg for one",Tanzim Hasan Sakib,Dhananjaya,0.0,0,0,1,1,0.0,0,,0
"33.1 
• 
Shoriful Islam to Dhananjaya, no run 
back of a length on the stumps, angled in from around the wicket. Stays back and 
defends",33.1,0,0.0,"Shoriful Islam to Dhananjaya, no run  .back of a length on the stumps, angled in from around the wicket. Stays back and  .defends",Shoriful Islam,Dhananjaya,0.0,0,0,1,1,0.0,0,,0
"33.2 
1 
Shoriful Islam to Dhananjaya, 1 run 
back of a length on off, opens the face and runs this down to third man 
Over the wicket",33.2,1,1.0,"Shoriful Islam to Dhananjaya, 1 run  .back of a length on off, opens the face and runs this down to third man  .Over the wicket",Shoriful Islam,Dhananjaya,1.0,0,0,1,1,1.0,0,,1
"33.3 
• 
Shoriful Islam to Asalanka, no run 
Nips in from back of a length as Asalanka fends this away 
 
BAN in middle overs (in World Cup 2023) 
INNS 
8 
WKTS 
26 
ECON 
5.83 
AVE 
50.11",33.3,0,0.0,"Shoriful Islam to Asalanka, no run  .Nips in from back of a length as Asalanka fends this away  .  .BAN in middle overs (in World Cup 2023)  .INNS  .8  .WKTS  .26  .ECON  .5.83  .AVE  .50.11",Shoriful Islam,Asalanka,0.0,0,0,1,1,0.0,0,,0
"33.4 
1 
Shoriful Islam to Asalanka, 1 run 
back of a length on middle and leg, worked towards square leg 
Around the wicket",33.4,1,1.0,"Shoriful Islam to Asalanka, 1 run  .back of a length on middle and leg, worked towards square leg  .Around the wicket",Shoriful Islam,Asalanka,1.0,0,0,1,1,1.0,0,,1
"33.5 
• 
Shoriful Islam to Dhananjaya, no run 
good length outside off, left alone",33.5,0,0.0,"Shoriful Islam to Dhananjaya, no run  .good length outside off, left alone",Shoriful Islam,Dhananjaya,0.0,0,0,1,1,0.0,0,,0
"33.6 
1w 
Shoriful Islam to Dhananjaya, 1 wide 
Short of a length, slides down leg",33.6,1w,1.0,"Shoriful Islam to Dhananjaya, 1 wide  .Short of a length, slides down leg",Shoriful Islam,Dhananjaya,0.0,0,0,0,0,1.0,0,,1
"33.6 
2 
Shoriful Islam to Dhananjaya, 2 runs 
back of a length outside off, dabbed past backward point and square enough of third 
man to attempt the second. The throw from the deep is a good one, hitting the stumps 
at the striker's end. They go upstairs but the batter is safe 
end of over 345 runs  
SL: 191/5CRR: 5.61  
Dhananjaya de Silva17 (25b 2x4) 
Charith Asalanka64 (66b 4x4 3x6) 
Shoriful Islam 7-0-37-1 
Tanzim Hasan Sakib 7-0-56-1",33.6,2,2.0,"Shoriful Islam to Dhananjaya, 2 runs  .back of a length outside off, dabbed past backward point and square enough of third  .man to attempt the second. The throw from the deep is a good one, hitting the stumps  .at the striker's end. They go upstairs but the batter is safe",Shoriful Islam,Dhananjaya,2.0,0,0,1,1,2.0,0,,1
"34.1 
• 
Taskin to Asalanka, no run 
short of a length on off, chopped down towards cover",34.1,0,0.0,"Taskin to Asalanka, no run  .short of a length on off, chopped down towards cover",Taskin,Asalanka,0.0,0,0,1,1,0.0,0,,0
"34.2 
• 
Taskin to Asalanka, no run 
short outside off, extra bounce as Asalanka looks to cut this. Ends up striking it towards 
mid-off",34.2,0,0.0,"Taskin to Asalanka, no run  .short outside off, extra bounce as Asalanka looks to cut this. Ends up striking it towards  .mid-off",Taskin,Asalanka,0.0,0,0,1,1,0.0,0,,0
"34.3 
• 
Taskin to Asalanka, no run 
slower ball down leg, gets away with it! Asalanka glances this but can't beat short fine",34.3,0,0.0,"Taskin to Asalanka, no run  .slower ball down leg, gets away with it! Asalanka glances this but can't beat short fine",Taskin,Asalanka,0.0,0,0,1,1,0.0,0,,0
"34.4 
1 
Taskin to Asalanka, 1 run 
short and swatted hard, but straight to deep square leg",34.4,1,1.0,"Taskin to Asalanka, 1 run  .short and swatted hard, but straight to deep square leg",Taskin,Asalanka,1.0,0,0,1,1,1.0,0,,1
"34.5 
• 
Taskin to Dhananjaya, no run 
full on middle and leg, on-drive straight to mid-on",34.5,0,0.0,"Taskin to Dhananjaya, no run  .full on middle and leg, on-drive straight to mid-on",Taskin,Dhananjaya,0.0,0,0,1,1,0.0,0,,0
"34.6 
4 
Taskin to Dhananjaya, FOUR runs 
short and pulled in front of square! There's a man patrolling in the deep but it just about 
beats the man 
And with that here's Himanshu then, making a timely appearance for his stint. 
end of over 355 runs  
SL: 196/5CRR: 5.60  
Dhananjaya de Silva21 (27b 3x4) 
Charith Asalanka65 (70b 4x4 3x6) 
Taskin Ahmed 7-1-27-0 
Shoriful Islam 7-0-37-1 
Thanks Madushka. Heading into this game, we were all worried about the off-field air 
pollution; but almost midway into it, a U-turn has us all wondering about a historic on-
field dismissal. 
Mehidy replaces Shoriful",34.6,4,4.0,"Taskin to Dhananjaya, FOUR runs  .short and pulled in front of square! There's a man patrolling in the deep but it just about  .beats the man  .And with that here's Himanshu then, making a timely appearance for his stint.",Taskin,Dhananjaya,4.0,1,0,1,1,4.0,0,,1
"35.1 
• 
Mehidy Hasan Miraz to Asalanka, no run 
short of a length and a bit wide of off. Punched to cover",35.1,0,0.0,"Mehidy Hasan Miraz to Asalanka, no run  .short of a length and a bit wide of off. Punched to cover",Mehidy Hasan Miraz,Asalanka,0.0,0,0,1,1,0.0,0,,0
"35.2 
• 
Mehidy Hasan Miraz to Asalanka, no run 
on a length, and angled into middle and off. Straightens towards off, and is pushed to 
midwicket",35.2,0,0.0,"Mehidy Hasan Miraz to Asalanka, no run  .on a length, and angled into middle and off. Straightens towards off, and is pushed to  .midwicket",Mehidy Hasan Miraz,Asalanka,0.0,0,0,1,1,0.0,0,,0
"35.3 
1 
Mehidy Hasan Miraz to Asalanka, 1 run 
this is fuller and much slower outside off. Pushed to cover for a hurried single",35.3,1,1.0,"Mehidy Hasan Miraz to Asalanka, 1 run  .this is fuller and much slower outside off. Pushed to cover for a hurried single",Mehidy Hasan Miraz,Asalanka,1.0,0,0,1,1,1.0,0,,1
"35.4 
1 
Mehidy Hasan Miraz to Dhananjaya, 1 run 
length ball just outside off, and stabbed to point for another single",35.4,1,1.0,"Mehidy Hasan Miraz to Dhananjaya, 1 run  .length ball just outside off, and stabbed to point for another single",Mehidy Hasan Miraz,Dhananjaya,1.0,0,0,1,1,1.0,0,,1
"35.5 
• 
Mehidy Hasan Miraz to Asalanka, no run 
short of a length, and angled in. Finishes just outside off, and is punched to point",35.5,0,0.0,"Mehidy Hasan Miraz to Asalanka, no run  .short of a length, and angled in. Finishes just outside off, and is punched to point",Mehidy Hasan Miraz,Asalanka,0.0,0,0,1,1,0.0,0,,0
"35.6 
• 
Mehidy Hasan Miraz to Asalanka, no run 
on a length around off, with a hint of turn away after pitching. Nudged to midwicket this 
time 
end of over 362 runs  
SL: 198/5CRR: 5.50  
Charith Asalanka66 (75b 4x4 3x6) 
Dhananjaya de Silva22 (28b 3x4) 
Mehidy Hasan Miraz 8-0-37-0 
Taskin Ahmed 7-1-27-0 
Shakib back",35.6,0,0.0,"Mehidy Hasan Miraz to Asalanka, no run  .on a length around off, with a hint of turn away after pitching. Nudged to midwicket this  .time",Mehidy Hasan Miraz,Asalanka,0.0,0,0,1,1,0.0,0,,0
"36.1 
1 
Shakib to Dhananjaya, 1 run 
very full and tossed up on the stumps. Pushed to long-on, as he leans into the shot",36.1,1,1.0,"Shakib to Dhananjaya, 1 run  .very full and tossed up on the stumps. Pushed to long-on, as he leans into the shot",Shakib,Dhananjaya,1.0,0,0,1,1,1.0,0,,1
"36.2 
1 
Shakib to Asalanka, 1 run 
full and flat around off. Another gentle nudge to long-on",36.2,1,1.0,"Shakib to Asalanka, 1 run  .full and flat around off. Another gentle nudge to long-on",Shakib,Asalanka,1.0,0,0,1,1,1.0,0,,1
"36.3 
1 
Shakib to Dhananjaya, 1 run 
drives this very full angled into off to wide long-on, as he presents the full face of the bat",36.3,1,1.0,"Shakib to Dhananjaya, 1 run  .drives this very full angled into off to wide long-on, as he presents the full face of the bat",Shakib,Dhananjaya,1.0,0,0,1,1,1.0,0,,1
"36.4 
1 
Shakib to Asalanka, 1 run 
another single to long-on, as he leans into this push off a full length ball on middle and 
leg",36.4,1,1.0,"Shakib to Asalanka, 1 run  .another single to long-on, as he leans into this push off a full length ball on middle and  .leg",Shakib,Asalanka,1.0,0,0,1,1,1.0,0,,1
"36.5 
6 
Shakib to Dhananjaya, SIX runs 
clubbed over deep midwicket! Gets his front leg out of the way at this short of a length 
ball landing outside leg, and going on straight after pitching. Pulled hard by DDS",36.5,6,6.0,"Shakib to Dhananjaya, SIX runs  .clubbed over deep midwicket! Gets his front leg out of the way at this short of a length  .ball landing outside leg, and going on straight after pitching. Pulled hard by DDS",Shakib,Dhananjaya,6.0,0,1,1,1,6.0,0,,1
"36.6 
• 
Shakib to Dhananjaya, no run 
much fuller on the stumps, and slower too. Blocked back this time 
end of over 3710 runs  
SL: 208/5CRR: 5.62  
Dhananjaya de Silva30 (32b 3x4 1x6) 
Charith Asalanka68 (77b 4x4 3x6) 
Shakib Al Hasan 8-0-49-2 
Mehidy Hasan Miraz 8-0-37-0 
""Shakib seems to always be aware of things others aren't - first the Champions Trophy 
qualification and now timed out"" --- With this, Ian wins the Comment of the Day trophy",36.6,0,0.0,"Shakib to Dhananjaya, no run  .much fuller on the stumps, and slower too. Blocked back this time",Shakib,Dhananjaya,0.0,0,0,1,1,0.0,0,,0
"37.1 
• 
Mehidy Hasan Miraz to Asalanka, no run 
slashes at this length ball just outside off, but straight to the man at short third",37.1,0,0.0,"Mehidy Hasan Miraz to Asalanka, no run  .slashes at this length ball just outside off, but straight to the man at short third",Mehidy Hasan Miraz,Asalanka,0.0,0,0,1,1,0.0,0,,0
"37.2 
1 
Mehidy Hasan Miraz to Asalanka, 1 run 
dips on a full length just outside off, as it is punched to deep point",37.2,1,1.0,"Mehidy Hasan Miraz to Asalanka, 1 run  .dips on a full length just outside off, as it is punched to deep point",Mehidy Hasan Miraz,Asalanka,1.0,0,0,1,1,1.0,0,,1
"37.3 
• 
Mehidy Hasan Miraz to Dhananjaya, no run 
short of a length around off, and surprisingly, this seemed to head the other way. 
Nudged to midwicket",37.3,0,0.0,"Mehidy Hasan Miraz to Dhananjaya, no run  .short of a length around off, and surprisingly, this seemed to head the other way.  .Nudged to midwicket",Mehidy Hasan Miraz,Dhananjaya,0.0,0,0,1,1,0.0,0,,0
"37.4 
4 
Mehidy Hasan Miraz to Dhananjaya, FOUR runs 
gets across, and lap sweeps for four behind the wicket! Early decision to play that shot, 
as the ball landed on a full length and around leg stump, exactly where DDS would have 
wanted",37.4,4,4.0,"Mehidy Hasan Miraz to Dhananjaya, FOUR runs  .gets across, and lap sweeps for four behind the wicket! Early decision to play that shot,  .as the ball landed on a full length and around leg stump, exactly where DDS would have  .wanted",Mehidy Hasan Miraz,Dhananjaya,4.0,1,0,1,1,4.0,0,,1
"37.5 
• 
Mehidy Hasan Miraz to Dhananjaya, no run 
very full and straight, and pushed back to the bowler",37.5,0,0.0,"Mehidy Hasan Miraz to Dhananjaya, no run  .very full and straight, and pushed back to the bowler",Mehidy Hasan Miraz,Dhananjaya,0.0,0,0,1,1,0.0,0,,0
"37.6 
W 
Mehidy Hasan Miraz to Dhananjaya, OUT 
first he misses, but eventually Mushi does stump DDS! The batter is walking back, but 
the square-leg umpire still wants to check with his TV colleague. The ball was short and 
around sixth stump, as DDS had skipped down the pitch very early. Seeing the length, he 
seemed to have no option but to have a nudge at it; however, the ball passed between 
his bat and pad, and straight to Mushi. The latter failed to grab it at first attempt, but 
DDS being miles down allowed Mushi the time to recollect - both the ball, and himself - 
as he whipped the leg stump off. The third umpire also wanted to clarify if the stumps 
were broken without the ball in Mushi's hands 
Dhananjaya de Silva st †Mushfiqur Rahim b Mehidy Hasan Miraz 34 (36b 4x4 1x6 
58m) SR: 94.44 
See all photos 
end of over 385 runs • 1 wicket 
SL: 213/6CRR: 5.60  
Charith Asalanka69 (79b 4x4 3x6) 
Mehidy Hasan Miraz 9-0-42-1 
Shakib Al Hasan 8-0-49-2 
Taskin back 
 
Mehidy Hasan Miraz vs SL in ODIs 
INNS 
14 
WKTS 
17 
ECON 
4.67 
AVE 
33.52",37.6,W,0.0,"Mehidy Hasan Miraz to Dhananjaya, OUT  .first he misses, but eventually Mushi does stump DDS! The batter is walking back, but  .the square-leg umpire still wants to check with his TV colleague. The ball was short and  .around sixth stump, as DDS had skipped down the pitch very early. Seeing the length, he  .seemed to have no option but to have a nudge at it; however, the ball passed between  .his bat and pad, and straight to Mushi. The latter failed to grab it at first attempt, but  .DDS being miles down allowed Mushi the time to recollect - both the ball, and himself -  .as he whipped the leg stump off. The third umpire also wanted to clarify if the stumps  .were broken without the ball in Mushi's hands  .Dhananjaya de Silva st †Mushfiqur Rahim b Mehidy Hasan Miraz 34 (36b 4x4 1x6  .58m) SR: 94.44",Mehidy Hasan Miraz,Dhananjaya,0.0,0,0,1,1,0.0,1,st †Mushfiqur Rahim b Mehidy Hasan Miraz,0
"38.1 
• 
Taskin to Asalanka, no run 
short of a length, and angles across to finish wide of off. Asalanka has a flash far from 
his body, but is beatem",38.1,0,0.0,"Taskin to Asalanka, no run  .short of a length, and angles across to finish wide of off. Asalanka has a flash far from  .his body, but is beatem",Taskin,Asalanka,0.0,0,0,1,1,0.0,0,,0
"38.2 
1 
Taskin to Asalanka, 1 run 
this is again short in length, but just outside off. Slashed to deep point 
Theekshana facing his first ball",38.2,1,1.0,"Taskin to Asalanka, 1 run  .this is again short in length, but just outside off. Slashed to deep point  .Theekshana facing his first ball",Taskin,Asalanka,1.0,0,0,1,1,1.0,0,,1
"38.3 
• 
Taskin to Theekshana, no run 
and Taskin welcomes him with a bouncer. First bouncer called, as this landed short 
around sixth stump, taking off after landing as Theekshana ducked 
Slip in now",38.3,0,0.0,"Taskin to Theekshana, no run  .and Taskin welcomes him with a bouncer. First bouncer called, as this landed short  .around sixth stump, taking off after landing as Theekshana ducked  .Slip in now",Taskin,Theekshana,0.0,0,0,1,1,0.0,0,,0
"38.4 
1 
Taskin to Theekshana, 1 run 
opens the bat face to guide this length ball outside off wide of deep third 
Sowmya: ""DDS always looks a million dollars while at the crease until he finds ways to 
get out like that""",38.4,1,1.0,"Taskin to Theekshana, 1 run  .opens the bat face to guide this length ball outside off wide of deep third",Taskin,Theekshana,1.0,0,0,1,1,1.0,0,,1
"38.5 
1 
Taskin to Asalanka, 1 run 
change of pace from Taskin. Asalanka gets slightly across the stumps - and also deep 
in the crease - as he clips this length ball on the stumps towards square leg",38.5,1,1.0,"Taskin to Asalanka, 1 run  .change of pace from Taskin. Asalanka gets slightly across the stumps - and also deep  .in the crease - as he clips this length ball on the stumps towards square leg",Taskin,Asalanka,1.0,0,0,1,1,1.0,0,,1
"38.6 
• 
Taskin to Theekshana, no run 
another bouncer to Theekshana. Bangs it short outside off and has the batter ducking 
end of over 393 runs  
SL: 216/6CRR: 5.53  
Maheesh Theekshana1 (3b) 
Charith Asalanka71 (82b 4x4 3x6) 
Taskin Ahmed 8-1-30-0 
Mehidy Hasan Miraz 9-0-42-1",38.6,0,0.0,"Taskin to Theekshana, no run  .another bouncer to Theekshana. Bangs it short outside off and has the batter ducking",Taskin,Theekshana,0.0,0,0,1,1,0.0,0,,0
"39.1 
4 
Mehidy Hasan Miraz to Asalanka, FOUR runs 
slashed to deep backward point! Finds the gap between short third and point, as he 
waits for this short and wide ball outside off to arrive",39.1,4,4.0,"Mehidy Hasan Miraz to Asalanka, FOUR runs  .slashed to deep backward point! Finds the gap between short third and point, as he  .waits for this short and wide ball outside off to arrive",Mehidy Hasan Miraz,Asalanka,4.0,1,0,1,1,4.0,0,,1
"39.2 
• 
Mehidy Hasan Miraz to Asalanka, no run 
much fuller and angled into off. Pushed to cover",39.2,0,0.0,"Mehidy Hasan Miraz to Asalanka, no run  .much fuller and angled into off. Pushed to cover",Mehidy Hasan Miraz,Asalanka,0.0,0,0,1,1,0.0,0,,0
"39.3 
1 
Mehidy Hasan Miraz to Asalanka, 1 run 
quite full on off, and driven down to long-off",39.3,1,1.0,"Mehidy Hasan Miraz to Asalanka, 1 run  .quite full on off, and driven down to long-off",Mehidy Hasan Miraz,Asalanka,1.0,0,0,1,1,1.0,0,,1
"39.4 
1 
Mehidy Hasan Miraz to Theekshana, 1 run 
drags this full ball outside off to mid-off, and they take off 
AV Koshy: ""I have started looking at the clock after dismissals now.""",39.4,1,1.0,"Mehidy Hasan Miraz to Theekshana, 1 run  .drags this full ball outside off to mid-off, and they take off",Mehidy Hasan Miraz,Theekshana,1.0,0,0,1,1,1.0,0,,1
"39.5 
1 
Mehidy Hasan Miraz to Asalanka, 1 run 
quite full on the stumps, and flicked towards fine leg",39.5,1,1.0,"Mehidy Hasan Miraz to Asalanka, 1 run  .quite full on the stumps, and flicked towards fine leg",Mehidy Hasan Miraz,Asalanka,1.0,0,0,1,1,1.0,0,,1
"39.6 
• 
Mehidy Hasan Miraz to Theekshana, no run 
very full and dipping wide of off. Left alone by Theekshana 
end of over 407 runs  
SL: 223/6CRR: 5.57  
Maheesh Theekshana2 (5b) 
Charith Asalanka77 (86b 5x4 3x6) 
Mehidy Hasan Miraz 10-0-49-1 
Taskin Ahmed 8-1-30-0 
The final powerplay begins",39.6,0,0.0,"Mehidy Hasan Miraz to Theekshana, no run  .very full and dipping wide of off. Left alone by Theekshana",Mehidy Hasan Miraz,Theekshana,0.0,0,0,1,1,0.0,0,,0
"40.1 
• 
Taskin to Asalanka, no run 
ah, sharp bouncer to Asalanka this time. Bangs it short on middle and leg, almost 
cramping Asalanka for room, with the batter having to sway away last moment",40.1,0,0.0,"Taskin to Asalanka, no run  .ah, sharp bouncer to Asalanka this time. Bangs it short on middle and leg, almost  .cramping Asalanka for room, with the batter having to sway away last moment",Taskin,Asalanka,0.0,0,0,1,1,0.0,0,,0
"40.2 
1 
Taskin to Asalanka, 1 run 
short of a length, angling across to finish just outside off. Asalanka swings to deep 
square leg",40.2,1,1.0,"Taskin to Asalanka, 1 run  .short of a length, angling across to finish just outside off. Asalanka swings to deep  .square leg",Taskin,Asalanka,1.0,0,0,1,1,1.0,0,,1
"40.3 
• 
Taskin to Theekshana, no run 
full ball angled in, and ends just outside off. Pushed aerially towards mid-on 
KB: ""Cricinfo should start displaying the timer after every dismissal until the next 
batsman takes strike"" --- The next big thing!?",40.3,0,0.0,"Taskin to Theekshana, no run  .full ball angled in, and ends just outside off. Pushed aerially towards mid-on",Taskin,Theekshana,0.0,0,0,1,1,0.0,0,,0
"40.4 
1 
Taskin to Theekshana, 1 run 
short of a length in the channel outside off, and pushed to deep point 
From around to Asalanka",40.4,1,1.0,"Taskin to Theekshana, 1 run  .short of a length in the channel outside off, and pushed to deep point  .From around to Asalanka",Taskin,Theekshana,1.0,0,0,1,1,1.0,0,,1
"40.5 
1 
Taskin to Asalanka, 1 run 
length ball angled into off, as it is clipped to deep midwicket",40.5,1,1.0,"Taskin to Asalanka, 1 run  .length ball angled into off, as it is clipped to deep midwicket",Taskin,Asalanka,1.0,0,0,1,1,1.0,0,,1
"40.6 
• 
Taskin to Theekshana, no run 
keeps bowling short at Theekshana, bowling around seventh stump this time. 
Theekshana sways out to let it go 
end of over 413 runs  
SL: 226/6CRR: 5.51  
Maheesh Theekshana3 (8b) 
Charith Asalanka79 (89b 5x4 3x6) 
Taskin Ahmed 9-1-33-0 
Mehidy Hasan Miraz 10-0-49-1 
Tanzim back 
 
Charith Asalanka in death overs (in ODIs) 
RUNS 
281 
OUTS 
9 
4s/6s 
22/10 
SR 
134.44 
AVE 
31.22",40.6,0,0.0,"Taskin to Theekshana, no run  .keeps bowling short at Theekshana, bowling around seventh stump this time.  .Theekshana sways out to let it go",Taskin,Theekshana,0.0,0,0,1,1,0.0,0,,0
"41.1 
1 
Tanzim Hasan Sakib to Asalanka, 1 run 
slower ball on a short of a length around middle and leg. Clipped to deep midwicket, as 
they looked for two before Asalanka slipped",41.1,1,1.0,"Tanzim Hasan Sakib to Asalanka, 1 run  .slower ball on a short of a length around middle and leg. Clipped to deep midwicket, as  .they looked for two before Asalanka slipped",Tanzim Hasan Sakib,Asalanka,1.0,0,0,1,1,1.0,0,,1
"41.2 
1w 
Tanzim Hasan Sakib to Theekshana, 1 wide 
wide down the leg side. Short of a length on middle and off, and shaping down further 
as Theekshana half-ducked",41.2,1w,1.0,"Tanzim Hasan Sakib to Theekshana, 1 wide  .wide down the leg side. Short of a length on middle and off, and shaping down further  .as Theekshana half-ducked",Tanzim Hasan Sakib,Theekshana,0.0,0,0,0,0,1.0,0,,1
"41.2 
• 
Tanzim Hasan Sakib to Theekshana, no run 
on a length, and a bit wide of off. Theekshana has a push, but is beaten, as the ball goes 
to the keeper on the bounce",41.2,0,0.0,"Tanzim Hasan Sakib to Theekshana, no run  .on a length, and a bit wide of off. Theekshana has a push, but is beaten, as the ball goes  .to the keeper on the bounce",Tanzim Hasan Sakib,Theekshana,0.0,0,0,1,1,0.0,0,,0
"41.3 
• 
Tanzim Hasan Sakib to Theekshana, no run 
and again, though this ball is on a short of a length. The line is again slightly wide 
outside off, as Theekshana has a flash but is beaten",41.3,0,0.0,"Tanzim Hasan Sakib to Theekshana, no run  .and again, though this ball is on a short of a length. The line is again slightly wide  .outside off, as Theekshana has a flash but is beaten",Tanzim Hasan Sakib,Theekshana,0.0,0,0,1,1,0.0,0,,0
"41.4 
• 
Tanzim Hasan Sakib to Theekshana, no run 
almost a repeat of the last ball. Another short-of-a-length ball which is outside - 
although not as wide - with Theekshana trying to slash but missing it",41.4,0,0.0,"Tanzim Hasan Sakib to Theekshana, no run  .almost a repeat of the last ball. Another short-of-a-length ball which is outside -  .although not as wide - with Theekshana trying to slash but missing it",Tanzim Hasan Sakib,Theekshana,0.0,0,0,1,1,0.0,0,,0
"41.5 
• 
Tanzim Hasan Sakib to Theekshana, no run 
short of a length just outside off. Pushed towards mid-off, as Theekshana looks for a 
single before being sent back",41.5,0,0.0,"Tanzim Hasan Sakib to Theekshana, no run  .short of a length just outside off. Pushed towards mid-off, as Theekshana looks for a  .single before being sent back",Tanzim Hasan Sakib,Theekshana,0.0,0,0,1,1,0.0,0,,0
"41.6 
1 
Tanzim Hasan Sakib to Theekshana, 1 run 
and now he takes the single off the last ball of the over. Another shortish ball just 
outside off, as he punches to extra cover for a single 
end of over 423 runs  
SL: 229/6CRR: 5.45  
Maheesh Theekshana4 (13b) 
Charith Asalanka80 (90b 5x4 3x6) 
Tanzim Hasan Sakib 8-0-59-1 
Taskin Ahmed 9-1-33-0 
Kalirajan: ""Waiting for Asalanka to explode""",41.6,1,1.0,"Tanzim Hasan Sakib to Theekshana, 1 run  .and now he takes the single off the last ball of the over. Another shortish ball just  .outside off, as he punches to extra cover for a single",Tanzim Hasan Sakib,Theekshana,1.0,0,0,1,1,1.0,0,,1
"42.1 
• 
Taskin to Theekshana, no run 
yorker-length ball angling in and finishing on middle and off. Squeezed back to the 
bowler",42.1,0,0.0,"Taskin to Theekshana, no run  .yorker-length ball angling in and finishing on middle and off. Squeezed back to the  .bowler",Taskin,Theekshana,0.0,0,0,1,1,0.0,0,,0
"42.2 
• 
Taskin to Theekshana, no run 
short in length again, and angling in towards off after pitching around fifth stump. 
Dabbed to point",42.2,0,0.0,"Taskin to Theekshana, no run  .short in length again, and angling in towards off after pitching around fifth stump.  .Dabbed to point",Taskin,Theekshana,0.0,0,0,1,1,0.0,0,,0
"42.3 
• 
Taskin to Theekshana, no run 
this ball climbs at him from a short of a length outside off, while also shaping back in to 
cramp him for room. The ball ends on middle, as he looks to ramp but misses",42.3,0,0.0,"Taskin to Theekshana, no run  .this ball climbs at him from a short of a length outside off, while also shaping back in to  .cramp him for room. The ball ends on middle, as he looks to ramp but misses",Taskin,Theekshana,0.0,0,0,1,1,0.0,0,,0
"42.4 
4 
Taskin to Theekshana, FOUR runs 
ah, just wide of the man at midwicket, and it's four! That shot seemed to have a bit of 
sweep, and some heave in it. Slower ball on a length, angling in to finish outside leg. 
Theekshana is into his hoick early, and somehow manages to beat the man at 
midwicket",42.4,4,4.0,"Taskin to Theekshana, FOUR runs  .ah, just wide of the man at midwicket, and it's four! That shot seemed to have a bit of  .sweep, and some heave in it. Slower ball on a length, angling in to finish outside leg.  .Theekshana is into his hoick early, and somehow manages to beat the man at  .midwicket",Taskin,Theekshana,4.0,1,0,1,1,4.0,0,,1
"42.5 
2 
Taskin to Theekshana, 2 runs 
useful runs for Sri Lanka here, as Theekshana slaps this short of a length ball outside 
off wide of the man at deep third",42.5,2,2.0,"Taskin to Theekshana, 2 runs  .useful runs for Sri Lanka here, as Theekshana slaps this short of a length ball outside  .off wide of the man at deep third",Taskin,Theekshana,2.0,0,0,1,1,2.0,0,,1
"42.6 
• 
Taskin to Theekshana, no run 
this ball doesn't really get up a lot, as Theekshana first shapes to pull this short ball 
outside off, but ends up guiding it to the man at point 
end of over 436 runs  
SL: 235/6CRR: 5.46  
Maheesh Theekshana10 (19b 1x4) 
Charith Asalanka80 (90b 5x4 3x6) 
Taskin Ahmed 10-1-39-0 
Tanzim Hasan Sakib 8-0-59-1",42.6,0,0.0,"Taskin to Theekshana, no run  .this ball doesn't really get up a lot, as Theekshana first shapes to pull this short ball  .outside off, but ends up guiding it to the man at point",Taskin,Theekshana,0.0,0,0,1,1,0.0,0,,0
"43.1 
1 
Tanzim Hasan Sakib to Asalanka, 1 run 
ah, that sounded crisp off the bat, as he drove at this length ball angling across to finish 
outside off. Single to extra cover",43.1,1,1.0,"Tanzim Hasan Sakib to Asalanka, 1 run  .ah, that sounded crisp off the bat, as he drove at this length ball angling across to finish  .outside off. Single to extra cover",Tanzim Hasan Sakib,Asalanka,1.0,0,0,1,1,1.0,0,,1
"43.2 
4 
Tanzim Hasan Sakib to Theekshana, FOUR runs 
gloves it over and wide of the keeper! And he calls for the physio immediately, shaking 
his right hand there. Bouncer from Tanzim, as it angles in sharply to end around leg 
stump. Theekshana still went ahead with his attempted pull, with the ball ballooning 
behind the wicket",43.2,4,4.0,"Tanzim Hasan Sakib to Theekshana, FOUR runs  .gloves it over and wide of the keeper! And he calls for the physio immediately, shaking  .his right hand there. Bouncer from Tanzim, as it angles in sharply to end around leg  .stump. Theekshana still went ahead with his attempted pull, with the ball ballooning  .behind the wicket",Tanzim Hasan Sakib,Theekshana,4.0,1,0,1,1,4.0,0,,1
"43.3 
1 
Tanzim Hasan Sakib to Theekshana, 1 run 
wow, that's a hard slap to deep backward point, as he hacks at this short ball outside 
off, which shapes back in",43.3,1,1.0,"Tanzim Hasan Sakib to Theekshana, 1 run  .wow, that's a hard slap to deep backward point, as he hacks at this short ball outside  .off, which shapes back in",Tanzim Hasan Sakib,Theekshana,1.0,0,0,1,1,1.0,0,,1
"43.4 
6 
Tanzim Hasan Sakib to Asalanka, SIX runs 
six over short fine leg! Asalanka gets a short delivery pitching outside leg, and he 
swings it with the line to send it flaying over the fielder inside the circle",43.4,6,6.0,"Tanzim Hasan Sakib to Asalanka, SIX runs  .six over short fine leg! Asalanka gets a short delivery pitching outside leg, and he  .swings it with the line to send it flaying over the fielder inside the circle",Tanzim Hasan Sakib,Asalanka,6.0,0,1,1,1,6.0,0,,1
"43.5 
1 
Tanzim Hasan Sakib to Asalanka, 1 run 
change of pace, as he bowls on a length outside off. Swiped to fine leg",43.5,1,1.0,"Tanzim Hasan Sakib to Asalanka, 1 run  .change of pace, as he bowls on a length outside off. Swiped to fine leg",Tanzim Hasan Sakib,Asalanka,1.0,0,0,1,1,1.0,0,,1
"43.6 
• 
Tanzim Hasan Sakib to Theekshana, no run 
beaten outside off. That hurried on to him at 136kph, off a short of a length just outside 
off. Theekshana had backed away a step, and looked to flash, but was beaten 
end of over 4413 runs  
SL: 248/6CRR: 5.63  
Maheesh Theekshana15 (22b 2x4) 
Charith Asalanka88 (93b 5x4 4x6) 
Tanzim Hasan Sakib 9-0-72-1 
Taskin Ahmed 10-1-39-0 
Shakib returns",43.6,0,0.0,"Tanzim Hasan Sakib to Theekshana, no run  .beaten outside off. That hurried on to him at 136kph, off a short of a length just outside  .off. Theekshana had backed away a step, and looked to flash, but was beaten",Tanzim Hasan Sakib,Theekshana,0.0,0,0,1,1,0.0,0,,0
"44.1 
1 
Shakib to Asalanka, 1 run 
gets a leading edge that goes wide of Shakib, as he looks to swipe at this length ball 
bowled quickly outside off",44.1,1,1.0,"Shakib to Asalanka, 1 run  .gets a leading edge that goes wide of Shakib, as he looks to swipe at this length ball  .bowled quickly outside off",Shakib,Asalanka,1.0,0,0,1,1,1.0,0,,1
"44.2 
• 
Shakib to Theekshana, no run 
this goes on with the angle, as it lands on a length, and finishes just outside off. Pushed 
back to the bowler",44.2,0,0.0,"Shakib to Theekshana, no run  .this goes on with the angle, as it lands on a length, and finishes just outside off. Pushed  .back to the bowler",Shakib,Theekshana,0.0,0,0,1,1,0.0,0,,0
"44.3 
• 
Shakib to Theekshana, no run 
short of a length outside off, and quicker. Punched to extra cover",44.3,0,0.0,"Shakib to Theekshana, no run  .short of a length outside off, and quicker. Punched to extra cover",Shakib,Theekshana,0.0,0,0,1,1,0.0,0,,0
"44.4 
1 
Shakib to Theekshana, 1 run 
short again, and stays low off a shortish length just outside off. Pushed to long-on",44.4,1,1.0,"Shakib to Theekshana, 1 run  .short again, and stays low off a shortish length just outside off. Pushed to long-on",Shakib,Theekshana,1.0,0,0,1,1,1.0,0,,1
"44.5 
1 
Shakib to Asalanka, 1 run 
much fuller length just outside off, and flicked to deep midwicket 
 
Shakib Al Hasan in death overs (in ODIs) 
BALLS 
1541 
WKTS 
61 
4s/6s 
87/60 
ECON 
6.24 
AVE 
26.31",44.5,1,1.0,"Shakib to Asalanka, 1 run  .much fuller length just outside off, and flicked to deep midwicket  .  .Shakib Al Hasan in death overs (in ODIs)  .BALLS  .1541  .WKTS  .61  .4s/6s  .87/60  .ECON  .6.24  .AVE  .26.31",Shakib,Asalanka,1.0,0,0,1,1,1.0,0,,1
"44.6 
1 
Shakib to Theekshana, 1 run 
bowls quick, and on a length just outside off. Slashed towards cover-point for a rapid 
single 
end of over 454 runs  
SL: 252/6CRR: 5.60  
Maheesh Theekshana17 (26b 2x4) 
Charith Asalanka90 (95b 5x4 4x6) 
Shakib Al Hasan 9-0-53-2 
Tanzim Hasan Sakib 9-0-72-1 
Shoriful also back. From around to Theekshana.",44.6,1,1.0,"Shakib to Theekshana, 1 run  .bowls quick, and on a length just outside off. Slashed towards cover-point for a rapid  .single",Shakib,Theekshana,1.0,0,0,1,1,1.0,0,,1
"45.1 
1lb 
Shoriful Islam to Theekshana, 1 leg bye 
length ball angles back in to hit his front pad outside leg, as Theekshana was making 
room. He looked to flick but missed, as the ball rolled towards point. There was a direct 
hit at the striker's end, but the third umpire confirms that Asalanka was back in time 
From over to Asalanka",45.1,1lb,1.0,"Shoriful Islam to Theekshana, 1 leg bye  .length ball angles back in to hit his front pad outside leg, as Theekshana was making  .room. He looked to flick but missed, as the ball rolled towards point. There was a direct  .hit at the striker's end, but the third umpire confirms that Asalanka was back in time  .From over to Asalanka",Shoriful Islam,Theekshana,0.0,0,0,1,1,0.0,0,,0
"45.2 
1 
Shoriful Islam to Asalanka, 1 run 
on a length just outside off, as he sits deep in the crease to clip to fine leg 
Chinmay: ""Happy for my man Charith A""",45.2,1,1.0,"Shoriful Islam to Asalanka, 1 run  .on a length just outside off, as he sits deep in the crease to clip to fine leg",Shoriful Islam,Asalanka,1.0,0,0,1,1,1.0,0,,1
"45.3 
4 
Shoriful Islam to Theekshana, FOUR runs 
crunches this to deep point! It was there on a length around fifth stump, as he backed 
away again to drill that through cover",45.3,4,4.0,"Shoriful Islam to Theekshana, FOUR runs  .crunches this to deep point! It was there on a length around fifth stump, as he backed  .away again to drill that through cover",Shoriful Islam,Theekshana,4.0,1,0,1,1,4.0,0,,1
"45.4 
• 
Shoriful Islam to Theekshana, no run 
short ball now. Bangs it in in the channel, and has Theekshana ducking",45.4,0,0.0,"Shoriful Islam to Theekshana, no run  .short ball now. Bangs it in in the channel, and has Theekshana ducking",Shoriful Islam,Theekshana,0.0,0,0,1,1,0.0,0,,0
"45.5 
• 
Shoriful Islam to Theekshana, no run 
looks to have a swing at this short ball outside off, but plays early and is beaten",45.5,0,0.0,"Shoriful Islam to Theekshana, no run  .looks to have a swing at this short ball outside off, but plays early and is beaten",Shoriful Islam,Theekshana,0.0,0,0,1,1,0.0,0,,0
"45.6 
W 
Shoriful Islam to Theekshana, OUT 
taken at deep third! That seemed to have been timed nicely though. That sharp short 
ball was angling into Theekshana, who was cramped for room as the ball ended on 
middle and leg. He almost had little option but to have a ramp at that, sending it right 
into the fielder's reverse-cupped hands 
Maheesh Theekshana c sub (Nasum Ahmed) b Shoriful Islam 21 (31b 3x4 0x6 35m) 
SR: 67.74 
end of over 466 runs • 1 wicket 
SL: 258/7CRR: 5.60  
Charith Asalanka91 (96b 5x4 4x6) 
Shoriful Islam 8-0-42-2 
Shakib Al Hasan 9-0-53-2",45.6,W,0.0,"Shoriful Islam to Theekshana, OUT  .taken at deep third! That seemed to have been timed nicely though. That sharp short  .ball was angling into Theekshana, who was cramped for room as the ball ended on  .middle and leg. He almost had little option but to have a ramp at that, sending it right  .into the fielder's reverse-cupped hands  .Maheesh Theekshana c sub (Nasum Ahmed) b Shoriful Islam 21 (31b 3x4 0x6 35m)  .SR: 67.74",Shoriful Islam,Theekshana,0.0,0,0,1,1,0.0,1,c sub (Nasum Ahmed) b Shoriful Islam,0
"46.1 
2 
Shakib to Asalanka, 2 runs 
gets across, and swipes at this shortish ball outside off to deep midwicket. They pinch 
two there",46.1,2,2.0,"Shakib to Asalanka, 2 runs  .gets across, and swipes at this shortish ball outside off to deep midwicket. They pinch  .two there",Shakib,Asalanka,2.0,0,0,1,1,2.0,0,,1
"46.2 
1 
Shakib to Asalanka, 1 run 
length ball outside off, and pushed to long-on 
Chameera on strike",46.2,1,1.0,"Shakib to Asalanka, 1 run  .length ball outside off, and pushed to long-on  .Chameera on strike",Shakib,Asalanka,1.0,0,0,1,1,1.0,0,,1
"46.3 
• 
Shakib to Chameera, no run 
short of a length, straightening outside off. Dabbed down",46.3,0,0.0,"Shakib to Chameera, no run  .short of a length, straightening outside off. Dabbed down",Shakib,Chameera,0.0,0,0,1,1,0.0,0,,0
"46.4 
• 
Shakib to Chameera, no run 
quick and flat on a shortish length on the stumps. Blocked off the inside edge",46.4,0,0.0,"Shakib to Chameera, no run  .quick and flat on a shortish length on the stumps. Blocked off the inside edge",Shakib,Chameera,0.0,0,0,1,1,0.0,0,,0
"46.5 
• 
Shakib to Chameera, no run 
pushes this length ball on the stumps back to Shakib",46.5,0,0.0,"Shakib to Chameera, no run  .pushes this length ball on the stumps back to Shakib",Shakib,Chameera,0.0,0,0,1,1,0.0,0,,0
"46.6 
1 
Shakib to Chameera, 1 run 
shortish outside off, and he has a swipe to wide long-on. They manage a single only, 
with Asalanka to be off strike to start the next over 
end of over 474 runs  
SL: 262/7CRR: 5.57  
Dushmantha Chameera1 (4b) 
Charith Asalanka94 (98b 5x4 4x6) 
Shakib Al Hasan 10-0-57-2 
Shoriful Islam 8-0-42-2",46.6,1,1.0,"Shakib to Chameera, 1 run  .shortish outside off, and he has a swipe to wide long-on. They manage a single only,  .with Asalanka to be off strike to start the next over",Shakib,Chameera,1.0,0,0,1,1,1.0,0,,1
"47.1 
• 
Shoriful Islam to Chameera, no run 
short delivery outside off, angling in to end on top of off there. Chameera looked to pull 
but missed, as the ball went over his bat",47.1,0,0.0,"Shoriful Islam to Chameera, no run  .short delivery outside off, angling in to end on top of off there. Chameera looked to pull  .but missed, as the ball went over his bat",Shoriful Islam,Chameera,0.0,0,0,1,1,0.0,0,,0
"47.2 
1 
Shoriful Islam to Chameera, 1 run 
Asalanka back on strike in a hurry. It was another short ball which shaped back into 
Chameera, as he was struck below his left shoulder while he looked to pull. Seemed like 
a bit of bat too, with the ball dropping close by and the batters taking off",47.2,1,1.0,"Shoriful Islam to Chameera, 1 run  .Asalanka back on strike in a hurry. It was another short ball which shaped back into  .Chameera, as he was struck below his left shoulder while he looked to pull. Seemed like  .a bit of bat too, with the ball dropping close by and the batters taking off",Shoriful Islam,Chameera,1.0,0,0,1,1,1.0,0,,1
"47.3 
• 
Shoriful Islam to Asalanka, no run 
good bounce off a short of a length on seventh stump, as Asalanka looked to pull but 
missed 
Arush: ""Asalanka should have denied the single off last ball""",47.3,0,0.0,"Shoriful Islam to Asalanka, no run  .good bounce off a short of a length on seventh stump, as Asalanka looked to pull but  .missed",Shoriful Islam,Asalanka,0.0,0,0,1,1,0.0,0,,0
"47.4 
4 
Shoriful Islam to Asalanka, FOUR runs 
just over the leaping Mushi! He jumped while outstretching his right glove, but the ball 
still went over. It was a short ball which was shaping back in towards leg, as Asalanka 
looked to pull but got a glove 
 
BAN in death overs (in World Cup 2023) 
INNS 
6 
WKTS 
14 
ECON 
8.73 
AVE 
26.21",47.4,4,4.0,"Shoriful Islam to Asalanka, FOUR runs  .just over the leaping Mushi! He jumped while outstretching his right glove, but the ball  .still went over. It was a short ball which was shaping back in towards leg, as Asalanka  .looked to pull but got a glove  .  .BAN in death overs (in World Cup 2023)  .INNS  .6  .WKTS  .14  .ECON  .8.73  .AVE  .26.21",Shoriful Islam,Asalanka,4.0,1,0,1,1,4.0,0,,1
"47.5 
2 
Shoriful Islam to Asalanka, 2 runs 
Asalanka gets to his century! There were wickets falling around him, and there was 
some drama to deal with too, but he hangs on till all the way. The ball was short again, 
and around off. It was clipped towards deep square, and they ran in a hurry 
See all photos",47.5,2,2.0,"Shoriful Islam to Asalanka, 2 runs  .Asalanka gets to his century! There were wickets falling around him, and there was  .some drama to deal with too, but he hangs on till all the way. The ball was short again,  .and around off. It was clipped towards deep square, and they ran in a hurry  .See all photos",Shoriful Islam,Asalanka,2.0,0,0,1,1,2.0,0,,1
"47.6 
1 
Shoriful Islam to Asalanka, 1 run 
short again, but wide of off. Pulled to deep midwicket 
end of over 488 runs  
SL: 270/7CRR: 5.62  
Charith Asalanka101 (102b 6x4 4x6) 
Dushmantha Chameera2 (6b) 
Shoriful Islam 9-0-50-2 
Shakib Al Hasan 10-0-57-2 
How far can Asalanka take Sri Lanka? Here comes Tanzim.",47.6,1,1.0,"Shoriful Islam to Asalanka, 1 run  .short again, but wide of off. Pulled to deep midwicket",Shoriful Islam,Asalanka,1.0,0,0,1,1,1.0,0,,1
"48.1 
1 
Tanzim Hasan Sakib to Asalanka, 1 run 
just short of the man at deep backward square, who had to run in. Slower ball from 
Tanzim, and a short ball. Asalanka pulled, but seemed beaten by this back-of-the-hand 
ball",48.1,1,1.0,"Tanzim Hasan Sakib to Asalanka, 1 run  .just short of the man at deep backward square, who had to run in. Slower ball from  .Tanzim, and a short ball. Asalanka pulled, but seemed beaten by this back-of-the-hand  .ball",Tanzim Hasan Sakib,Asalanka,1.0,0,0,1,1,1.0,0,,1
"48.2 
1 
Tanzim Hasan Sakib to Chameera, 1 run 
has a heave with a leap, as he gets a shortish ball angling into leg. The ball balloons up 
towards deep square, but lands safe",48.2,1,1.0,"Tanzim Hasan Sakib to Chameera, 1 run  .has a heave with a leap, as he gets a shortish ball angling into leg. The ball balloons up  .towards deep square, but lands safe",Tanzim Hasan Sakib,Chameera,1.0,0,0,1,1,1.0,0,,1
"48.3 
6 
Tanzim Hasan Sakib to Asalanka, SIX runs 
hoicked over deep square leg! He reads this change of pace from Tanzid, hanging deep 
in the crease with his front leg out of the way. The ball arrived around off stump, and 
Asalanka had a free swing",48.3,6,6.0,"Tanzim Hasan Sakib to Asalanka, SIX runs  .hoicked over deep square leg! He reads this change of pace from Tanzid, hanging deep  .in the crease with his front leg out of the way. The ball arrived around off stump, and  .Asalanka had a free swing",Tanzim Hasan Sakib,Asalanka,6.0,0,1,1,1,6.0,0,,1
"48.4 
W 
Tanzim Hasan Sakib to Asalanka, OUT 
taken at deep point! That flew off Asalanka's bat, and seemed to have come off the 
higher side too. Short of a length from Tanzim - this time with rapid pace rather than any 
change of it - as the ball skidded through outside off. Asalanka looked to slap it, only for 
the ball to land exactly where Litton was placed 
Charith Asalanka c Litton Das b Tanzim Hasan Sakib 108 (105b 6x4 5x6 159m) SR: 
102.85 
Rajitha",48.4,W,0.0,"Tanzim Hasan Sakib to Asalanka, OUT  .taken at deep point! That flew off Asalanka's bat, and seemed to have come off the  .higher side too. Short of a length from Tanzim - this time with rapid pace rather than any  .change of it - as the ball skidded through outside off. Asalanka looked to slap it, only for  .the ball to land exactly where Litton was placed  .Charith Asalanka c Litton Das b Tanzim Hasan Sakib 108 (105b 6x4 5x6 159m) SR:",Tanzim Hasan Sakib,Asalanka,0.0,0,0,1,1,0.0,1,c Litton Das b Tanzim Hasan Sakib,0
"48.5 
• 
Tanzim Hasan Sakib to Rajitha, no run 
backs away, and has a swing at this short ball on middle and off. But the ball goes to 
square leg off the bottom of the bat",48.5,0,0.0,"Tanzim Hasan Sakib to Rajitha, no run  .backs away, and has a swing at this short ball on middle and off. But the ball goes to  .square leg off the bottom of the bat",Tanzim Hasan Sakib,Rajitha,0.0,0,0,1,1,0.0,0,,0
"48.6 
W 
Tanzim Hasan Sakib to Rajitha, OUT 
very well taken by Litton! He was almost getting off balance, while his cap had fallen off 
too, but he kept his eyes on the ball all along. Placed at deep square leg, he moved to 
his left to take it reverse cupped. Another short ball from Tanzim - there have been 
plenty from him today to the tailenders - as this one shaped back in sharply to finish 
outside leg. Rajitha had a pull at it with his eyes taken off, and though the first 
impression was that of a six, he fell without scoring in the end 
Kasun Rajitha c Litton Das b Tanzim Hasan Sakib 0 (2b 0x4 0x6 1m) SR: 0 
end of over 498 runs • 2 wickets 
SL: 278/9CRR: 5.67  
Dushmantha Chameera3 (7b) 
Tanzim Hasan Sakib 10-0-80-3 
Shoriful Islam 9-0-50-2",48.6,W,0.0,"Tanzim Hasan Sakib to Rajitha, OUT  .very well taken by Litton! He was almost getting off balance, while his cap had fallen off  .too, but he kept his eyes on the ball all along. Placed at deep square leg, he moved to  .his left to take it reverse cupped. Another short ball from Tanzim - there have been  .plenty from him today to the tailenders - as this one shaped back in sharply to finish  .outside leg. Rajitha had a pull at it with his eyes taken off, and though the first  .impression was that of a six, he fell without scoring in the end  .Kasun Rajitha c Litton Das b Tanzim Hasan Sakib 0 (2b 0x4 0x6 1m) SR: 0",Tanzim Hasan Sakib,Rajitha,0.0,0,0,1,1,0.0,1,c Litton Das b Tanzim Hasan Sakib,0
"49.1 
• 
Shoriful Islam to Chameera, no run 
ah, another bouncer. Bangs it in short just outside off at 136kph, getting it to angle in as 
Chameera looked to pull but missed",49.1,0,0.0,"Shoriful Islam to Chameera, no run  .ah, another bouncer. Bangs it in short just outside off at 136kph, getting it to angle in as  .Chameera looked to pull but missed",Shoriful Islam,Chameera,0.0,0,0,1,1,0.0,0,,0
"49.2 
1 
Shoriful Islam to Chameera, 1 run 
good work by the man at deep third, who was placed pretty straight. Tanzid moved to 
his left and took this on the bounce, as Chameera had a pull off this short ball but the 
ball flew off the top edge 
Madushanka facing his first ball",49.2,1,1.0,"Shoriful Islam to Chameera, 1 run  .good work by the man at deep third, who was placed pretty straight. Tanzid moved to  .his left and took this on the bounce, as Chameera had a pull off this short ball but the  .ball flew off the top edge  .Madushanka facing his first ball",Shoriful Islam,Chameera,1.0,0,0,1,1,1.0,0,,1
"49.3 
W 
Shoriful Islam to Madushanka, OUT 
appeal for run-out at the striker's end, and this goes upstairs even as Chameera walks 
back already. Yup, he's well short as confirmed by replays. It was another short ball by 
Shoriful, as Madushanka looked to pull but missed. He was standing outside leg as he 
attempted to pull, but the ball went to Mushi, whose under-arm throw landed bang on 
the stumps 
Dushmantha Chameera run out (†Mushfiqur Rahim) 4 (9b 0x4 0x6 17m) SR: 44.44 
5.46pm Sri Lanka will feel they missed out on 30-40 runs. Only Asalanka went on to 
make a big contribution with 108, as all three of Nissanka (41), Sadeera (41) and 
Dhananjaya (22) gave away starts. But spare a thought for Asalanka, because all the 
limelight is inevitably taken away by Mathews' once-in-cricket's-lifetime dismissal. 
Moving on, Sri Lanka are still mathematically in the race for the semi-final this World 
Cup, while Bangladesh look to get on track for Champions Trophy qualification. Join 
Madushka for the chase soon. 
Ryan: ""Is this a good score?"" --- I'd think they are short, but they'll back the in-form 
Madushanka - and others - to deliver against a line-up which has been far below its best 
Ferdous: ""Asalanka's ton shows how good the pitch is to bat on"" 
Charith Asalanka: ""Always a good feeling to hit a hundred. Very happy now. My point is 
that Mathews' dismissal was not good for the spirit of cricket. I love to have a 
partnership with Dhananjaya because he's a right-hander, and I'm a left-hander. I was 
looking at 300, but I think it's good enough."" 
Sponsored Headlines 
 
IPL 2025 - List of overseas players available for the rest of the season | 
ESPNcricinfoDiscover 
 
Mitchell Starc decides against rejoining Delhi Capitals for remainder of IPL 2025 | 
ESPNcricinfoDiscover 
 
IFCJ | The Fellowship |  
Sponsored by TaboolaSponsored by Taboola 
Donate Now 
War is not over, enemy has not been defeatedRead MoreSkip 
 
IPL 2025 - Suryakumar Yadav's calculated brilliance saves the day for Mumbai Indians | 
ESPNcricinfoDiscover 
 
New Zealand news - Hayley Jensen announces retirement from international cricket | 
ESPNcricinfoDiscover 
Sponsored Video from Our Partners 
Sponsored  
 
MD: Building Muscle After 60 Comes Down To This 1 ThingApex Labs |  
SponsoredSponsored 
Undo 
 
The Business Sneaker Loved by CEOs and NFL StarsPremium full-grain leather and 
marathon running shoe technology providing first class comfort all day long. Loved and 
worn by NFL athletes and coaches. Shoes much more comfortable than traditional 
dress shoes.Wolf & Shepherd |  
SponsoredSponsored 
Shop Now 
Undo 
 
Business Sneakers CEOs Actually Swear ByShoes Much More Comfortable Than 
Traditional Dress Shoes. Italian Leather and Running Shoe Technology Providing First 
Class Comfort All Day Long.Wolf & Shepherd |  
SponsoredSponsored 
Shop Now 
Undo 
 
Ask a Pro: ""How Long Does $1.5M Last in Retirement?""Get a Complimentary Intro Call 
With a Wealth AdvisorSmartAsset |  
SponsoredSponsored 
Click Here 
Undo 
 
Cinnamon: The Greatest Enemy of Blood SugarMagazine Glyco |  
SponsoredSponsored 
Learn More 
Undo 
 
""Can I Retire at 65 with $",49.3,W,0.0,"Shoriful Islam to Madushanka, OUT  .appeal for run-out at the striker's end, and this goes upstairs even as Chameera walks  .back already. Yup, he's well short as confirmed by replays. It was another short ball by  .Shoriful, as Madushanka looked to pull but missed. He was standing outside leg as he  .attempted to pull, but the ball went to Mushi, whose under-arm throw landed bang on  .the stumps  .Dushmantha Chameera run out (†Mushfiqur Rahim) 4 (9b 0x4 0x6 17m) SR: 44.44",Shoriful Islam,Madushanka,0.0,0,0,1,1,0.0,0,run out (†Mushfiqur Rahim),0
