raw_data,overs,runs,team_runs,commentary,bowler,batsman,batsman_runs,batsman_fours,batsman_sixes,batsman_bowls_faced,bowler_bowls_done,bowler_runs_given,bowler_wickets,dismissal,runs_given_bool
"0.1 
• 
Southee to S Dhawan, no run 
Starts with a fullish ball outside off, swings in just a touch. Dhawan lunges a bit, keeps 
his bat inside the line and lets it pass. 
See all photos",0.1,0,0.0,"Southee to S Dhawan, no run  .Starts with a fullish ball outside off, swings in just a touch. Dhawan lunges a bit, keeps  .his bat inside the line and lets it pass.  .See all photos",Southee,S Dhawan,0.0,0,0,1,1,0.0,0,,0
"0.2 
1 
Southee to S Dhawan, 1 run 
A delivery just fuller than good length, shaping in a touch. Dhawan plays it with soft 
hands to deep third to get going.",0.2,1,1.0,"Southee to S Dhawan, 1 run  .A delivery just fuller than good length, shaping in a touch. Dhawan plays it with soft  .hands to deep third to get going.",Southee,S Dhawan,1.0,0,0,1,1,1.0,0,,1
"0.3 
• 
Southee to Gill, no run 
Full and just outside off, curving away just a touch. Gill gets forward and defends it 
towards mid-on.",0.3,0,0.0,"Southee to Gill, no run  .Full and just outside off, curving away just a touch. Gill gets forward and defends it  .towards mid-on.",Southee,Gill,0.0,0,0,1,1,0.0,0,,0
"0.4 
• 
Southee to Gill, no run 
Fuller and outside off - around the fifth stump line. He gets his front foot forward and 
shoulders arms. Nice shape.",0.4,0,0.0,"Southee to Gill, no run  .Fuller and outside off - around the fifth stump line. He gets his front foot forward and  .shoulders arms. Nice shape.",Southee,Gill,0.0,0,0,1,1,0.0,0,,0
"0.5 
• 
Southee to Gill, no run 
Lovely cherry! After a slew of awayswingers, this one zips through with the line after 
landing on a full length outside off. Gill goes for the drive through the off side but gets 
beaten on the inside.",0.5,0,0.0,"Southee to Gill, no run  .Lovely cherry! After a slew of awayswingers, this one zips through with the line after  .landing on a full length outside off. Gill goes for the drive through the off side but gets  .beaten on the inside.",Southee,Gill,0.0,0,0,1,1,0.0,0,,0
"0.6 
• 
Southee to Gill, no run 
Fullish and just outside off, not much lateral movement. Gill takes a couple of steps 
down and then lifts his bat. 
In the USA, you can watch this game live on ESPN+. 
end of over 11 run  
IND: 1/0CRR: 1.00  
Shubman Gill0 (4b) 
Shikhar Dhawan1 (2b) 
Tim Southee 1-0-1-0 
Matt Henry to take the new ball from the other end. Two slips stand.",0.6,0,0.0,"Southee to Gill, no run  .Fullish and just outside off, not much lateral movement. Gill takes a couple of steps  .down and then lifts his bat.  .In the USA, you can watch this game live on ESPN+.",Southee,Gill,0.0,0,0,1,1,0.0,0,,0
"1.1 
• 
Henry to S Dhawan, no run 
Full and just around off, driven to covers.",1.1,0,0.0,"Henry to S Dhawan, no run  .Full and just around off, driven to covers.",Henry,S Dhawan,0.0,0,0,1,1,0.0,0,,0
"1.2 
• 
Henry to S Dhawan, no run 
Oooh! Lands it just around good length and angles away from the left hander. Dhawan 
is deep inside the crease and plays inside the line. Was not far from the outside edge.",1.2,0,0.0,"Henry to S Dhawan, no run  .Oooh! Lands it just around good length and angles away from the left hander. Dhawan  .is deep inside the crease and plays inside the line. Was not far from the outside edge.",Henry,S Dhawan,0.0,0,0,1,1,0.0,0,,0
"1.3 
4 
Henry to S Dhawan, FOUR runs 
Intent! Dhawan shimmies down and goes over the off side. Converts the length ball into 
a full one as a result. Makes good contact and gets it well over point.",1.3,4,4.0,"Henry to S Dhawan, FOUR runs  .Intent! Dhawan shimmies down and goes over the off side. Converts the length ball into  .a full one as a result. Makes good contact and gets it well over point.",Henry,S Dhawan,4.0,1,0,1,1,4.0,0,,1
"1.4 
• 
Henry to S Dhawan, no run 
Length ball angling away, he plays inside it.",1.4,0,0.0,"Henry to S Dhawan, no run  .Length ball angling away, he plays inside it.",Henry,S Dhawan,0.0,0,0,1,1,0.0,0,,0
"1.5 
• 
Henry to S Dhawan, no run 
Length ball, slanting away outside off, he lifts his bat to let it be.",1.5,0,0.0,"Henry to S Dhawan, no run  .Length ball, slanting away outside off, he lifts his bat to let it be.",Henry,S Dhawan,0.0,0,0,1,1,0.0,0,,0
"1.6 
2 
Henry to S Dhawan, 2 runs 
Full and on the pads, easily flicked away through square leg for a couple. 
end of over 26 runs  
IND: 7/0CRR: 3.50  
Shikhar Dhawan7 (8b 1x4) 
Shubman Gill0 (4b) 
Matt Henry 1-0-6-0 
Tim Southee 1-0-1-0",1.6,2,2.0,"Henry to S Dhawan, 2 runs  .Full and on the pads, easily flicked away through square leg for a couple.",Henry,S Dhawan,2.0,0,0,1,1,2.0,0,,1
"2.1 
1lb 
Southee to Gill, 1 leg bye 
Fullish and on the pads, Gill misses the flick. It rolls towards where short fine leg might 
have stood, off his pads.",2.1,1lb,1.0,"Southee to Gill, 1 leg bye  .Fullish and on the pads, Gill misses the flick. It rolls towards where short fine leg might  .have stood, off his pads.",Southee,Gill,0.0,0,0,1,1,0.0,0,,0
"2.2 
• 
Southee to S Dhawan, no run 
Southee sees Dhawan coming down and bangs it short. The batter looks to ramp it over 
before deciding against it. 
Watch India tour of New Zealand live on Prime Video from Nov 18 to 30",2.2,0,0.0,"Southee to S Dhawan, no run  .Southee sees Dhawan coming down and bangs it short. The batter looks to ramp it over  .before deciding against it.  .Watch India tour of New Zealand live on Prime Video from Nov 18 to 30",Southee,S Dhawan,0.0,0,0,1,1,0.0,0,,0
"2.3 
• 
Southee to S Dhawan, no run 
Length ball angling away outside off, Dhawan comes down again and then lifts his bat 
to let it go.",2.3,0,0.0,"Southee to S Dhawan, no run  .Length ball angling away outside off, Dhawan comes down again and then lifts his bat  .to let it go.",Southee,S Dhawan,0.0,0,0,1,1,0.0,0,,0
"2.4 
6 
Southee to S Dhawan, SIX runs 
Authoritative! And dismissed from his presence. Southee spears it on a length around 
middle. Dhawan yet again charges down the track and this time goes through with his 
shot. Hits it off the middle of the bat wayyyy over long-on.",2.4,6,6.0,"Southee to S Dhawan, SIX runs  .Authoritative! And dismissed from his presence. Southee spears it on a length around  .middle. Dhawan yet again charges down the track and this time goes through with his  .shot. Hits it off the middle of the bat wayyyy over long-on.",Southee,S Dhawan,6.0,0,1,1,1,6.0,0,,1
"2.5 
1 
Southee to S Dhawan, 1 run 
Back of a length around middle and leg, Dhawan goes deep in and tucks it to the on 
side.",2.5,1,1.0,"Southee to S Dhawan, 1 run  .Back of a length around middle and leg, Dhawan goes deep in and tucks it to the on  .side.",Southee,S Dhawan,1.0,0,0,1,1,1.0,0,,1
"2.6 
• 
Southee to Gill, no run 
Length ball well outside off, Gill comes forward and shoulders arms. 
end of over 38 runs  
IND: 15/0CRR: 5.00  
Shubman Gill0 (6b) 
Shikhar Dhawan14 (12b 1x4 1x6) 
Tim Southee 2-0-8-0 
Matt Henry 1-0-6-0 
Ravi: ""I feel bad for all the fans who came to see the match at the ground. It must be so 
frustrating."" Still a decent crowd around. And more trickling in.",2.6,0,0.0,"Southee to Gill, no run  .Length ball well outside off, Gill comes forward and shoulders arms.",Southee,Gill,0.0,0,0,1,1,0.0,0,,0
"3.1 
• 
Henry to S Dhawan, no run 
Full and wide outside off, going away. Dhawan doesn't fiddle with it.",3.1,0,0.0,"Henry to S Dhawan, no run  .Full and wide outside off, going away. Dhawan doesn't fiddle with it.",Henry,S Dhawan,0.0,0,0,1,1,0.0,0,,0
"3.2 
• 
Henry to S Dhawan, no run 
Henry pulls his length back and angles it away. Dhawan dashes down and then looks to 
fish, misses.",3.2,0,0.0,"Henry to S Dhawan, no run  .Henry pulls his length back and angles it away. Dhawan dashes down and then looks to  .fish, misses.",Henry,S Dhawan,0.0,0,0,1,1,0.0,0,,0
"3.3 
• 
Henry to S Dhawan, no run 
Length ball around off, gets behind it and steers it to backward point.",3.3,0,0.0,"Henry to S Dhawan, no run  .Length ball around off, gets behind it and steers it to backward point.",Henry,S Dhawan,0.0,0,0,1,1,0.0,0,,0
"3.4 
1 
Henry to S Dhawan, 1 run 
Seaming in from a length, Dhawan moves across to off and then has to adjust, in order 
to tuck it to fine leg. 
Henry aborts the delivery, something went in his eye just as he was about to bowl.",3.4,1,1.0,"Henry to S Dhawan, 1 run  .Seaming in from a length, Dhawan moves across to off and then has to adjust, in order  .to tuck it to fine leg.  .Henry aborts the delivery, something went in his eye just as he was about to bowl.",Henry,S Dhawan,1.0,0,0,1,1,1.0,0,,1
"3.5 
• 
Henry to Gill, no run 
Fullish around off, Gill goes back and defends it towards cover-point.",3.5,0,0.0,"Henry to Gill, no run  .Fullish around off, Gill goes back and defends it towards cover-point.",Henry,Gill,0.0,0,0,1,1,0.0,0,,0
"3.6 
• 
Henry to Gill, no run 
Peach. For nothing. Full and just outside off, nibbles away every so slightly after landing. 
Gill, meanwhile, looks to flick it away but gets beaten. It was not too far from the off 
pole either. Lovely bowling. 
end of over 41 run  
IND: 16/0CRR: 4.00  
Shubman Gill0 (8b) 
Shikhar Dhawan15 (16b 1x4 1x6) 
Matt Henry 2-0-7-0 
Tim Southee 2-0-8-0",3.6,0,0.0,"Henry to Gill, no run  .Peach. For nothing. Full and just outside off, nibbles away every so slightly after landing.  .Gill, meanwhile, looks to flick it away but gets beaten. It was not too far from the off  .pole either. Lovely bowling.",Henry,Gill,0.0,0,0,1,1,0.0,0,,0
"4.1 
• 
Southee to S Dhawan, no run 
Leading edge! Dhawan looks to turn the fullish ball on the pads, and is a tad early to do 
so. Gets it towards mid-off.",4.1,0,0.0,"Southee to S Dhawan, no run  .Leading edge! Dhawan looks to turn the fullish ball on the pads, and is a tad early to do  .so. Gets it towards mid-off.",Southee,S Dhawan,0.0,0,0,1,1,0.0,0,,0
"4.2 
• 
Southee to S Dhawan, no run 
Full and well outside off, Dhawan moves across and then shoulders arms. 
Srineet: ""As it is a weekday, there will be more folks coming into Hagley after school and 
work hours. I'm waiting to finish my work for the day and head straight to the ground.""",4.2,0,0.0,"Southee to S Dhawan, no run  .Full and well outside off, Dhawan moves across and then shoulders arms.",Southee,S Dhawan,0.0,0,0,1,1,0.0,0,,0
"4.3 
• 
Southee to S Dhawan, no run 
Full around off and middle, Dhawan gets behind and looks to take a quick run after 
pushing it towards mid-off. But he's hit it rather too well.",4.3,0,0.0,"Southee to S Dhawan, no run  .Full around off and middle, Dhawan gets behind and looks to take a quick run after  .pushing it towards mid-off. But he's hit it rather too well.",Southee,S Dhawan,0.0,0,0,1,1,0.0,0,,0
"4.4 
• 
Southee to S Dhawan, no run 
Short around off, Dhawan is down the track again. Hops and fends it to the off side.",4.4,0,0.0,"Southee to S Dhawan, no run  .Short around off, Dhawan is down the track again. Hops and fends it to the off side.",Southee,S Dhawan,0.0,0,0,1,1,0.0,0,,0
"4.5 
• 
Southee to S Dhawan, no run 
On the pads on a length, Dhawan fails to flick it away and it lands off his pads to where 
short leg might have been. 
Talking about short leg, there's a Test match starting soon. You can head over here to 
follow the Australia-West Indies contest.",4.5,0,0.0,"Southee to S Dhawan, no run  .On the pads on a length, Dhawan fails to flick it away and it lands off his pads to where  .short leg might have been.  .Talking about short leg, there's a Test match starting soon. You can head over here to  .follow the Australia-West Indies contest.",Southee,S Dhawan,0.0,0,0,1,1,0.0,0,,0
"4.6 
• 
Southee to S Dhawan, no run 
Fuller around off, eases it to covers. 
end of over 5Maiden 
IND: 16/0CRR: 3.20  
Shikhar Dhawan15 (22b 1x4 1x6) 
Shubman Gill0 (8b) 
Tim Southee 3-1-8-0 
Matt Henry 2-0-7-0",4.6,0,0.0,"Southee to S Dhawan, no run  .Fuller around off, eases it to covers.",Southee,S Dhawan,0.0,0,0,1,1,0.0,0,,0
"5.1 
• 
Henry to Gill, no run 
Length ball just outside off, holds its line again. Gill is squared up in defense and fishes 
at it. Nine balls faces for no run yet, Gill.",5.1,0,0.0,"Henry to Gill, no run  .Length ball just outside off, holds its line again. Gill is squared up in defense and fishes  .at it. Nine balls faces for no run yet, Gill.",Henry,Gill,0.0,0,0,1,1,0.0,0,,0
"5.2 
• 
Henry to Gill, no run 
Outside off, on a length. Easier leave for the batter. 
sachin: ""Once Rohit and KL comes in will they open in ODI? India has problem of plenty 
with openers n has to sort it early as WC is not far and don't want to see new captains 
or openers in upcoming ODI series."" Lot of options, yes. But I believe Rahul will compete 
for a spot in the middle order and not necessarily at the top. Does not make it all easy 
though.",5.2,0,0.0,"Henry to Gill, no run  .Outside off, on a length. Easier leave for the batter.",Henry,Gill,0.0,0,0,1,1,0.0,0,,0
"5.3 
• 
Henry to Gill, no run 
Appeal for lbw. Fullish and straight on the pads, Gill looks to defend but now gets 
beaten on the inside and wears it on the pad. Sliding down...",5.3,0,0.0,"Henry to Gill, no run  .Appeal for lbw. Fullish and straight on the pads, Gill looks to defend but now gets  .beaten on the inside and wears it on the pad. Sliding down...",Henry,Gill,0.0,0,0,1,1,0.0,0,,0
"5.4 
1 
Henry to Gill, 1 run 
Gill is finally off the mark, not in the most authoritative manner, though. Looks to defend 
a length ball, it takes the inside edge and rolls off his pads to deep backward square leg.",5.4,1,1.0,"Henry to Gill, 1 run  .Gill is finally off the mark, not in the most authoritative manner, though. Looks to defend  .a length ball, it takes the inside edge and rolls off his pads to deep backward square leg.",Henry,Gill,1.0,0,0,1,1,1.0,0,,1
"5.5 
• 
Henry to S Dhawan, no run 
Beaten! Length ball angling away, but Dhawan is on off stump. Has a poke at it and 
almost nicked it.",5.5,0,0.0,"Henry to S Dhawan, no run  .Beaten! Length ball angling away, but Dhawan is on off stump. Has a poke at it and  .almost nicked it.",Henry,S Dhawan,0.0,0,0,1,1,0.0,0,,0
"5.6 
• 
Henry to S Dhawan, no run 
Shortish length and outside off, cut straight to backward point. 
end of over 61 run  
IND: 17/0CRR: 2.83  
Shikhar Dhawan15 (24b 1x4 1x6) 
Shubman Gill1 (12b) 
Matt Henry 3-0-8-0 
Tim Southee 3-1-8-0",5.6,0,0.0,"Henry to S Dhawan, no run  .Shortish length and outside off, cut straight to backward point.",Henry,S Dhawan,0.0,0,0,1,1,0.0,0,,0
"6.1 
• 
Southee to Gill, no run 
The bowlers are having Gill on a string here. Now Southee gets it to move away 
appreciably after landing it on a length. He looks to punch it but gets beaten on the 
outside.",6.1,0,0.0,"Southee to Gill, no run  .The bowlers are having Gill on a string here. Now Southee gets it to move away  .appreciably after landing it on a length. He looks to punch it but gets beaten on the  .outside.",Southee,Gill,0.0,0,0,1,1,0.0,0,,0
"6.2 
• 
Southee to Gill, no run 
Fuller around off, gets forward and pushes it towards cover-point.",6.2,0,0.0,"Southee to Gill, no run  .Fuller around off, gets forward and pushes it towards cover-point.",Southee,Gill,0.0,0,0,1,1,0.0,0,,0
"6.3 
2 
Southee to Gill, 2 runs 
Glorious when it comes off. Not timed well but you can see the intent to get a move on. 
Full length ball just outside off. Gill gets forward and lifts it well over mid-off. But it 
plugs in the outfield near the boundary rope and he gets a couple.",6.3,2,2.0,"Southee to Gill, 2 runs  .Glorious when it comes off. Not timed well but you can see the intent to get a move on.  .Full length ball just outside off. Gill gets forward and lifts it well over mid-off. But it  .plugs in the outfield near the boundary rope and he gets a couple.",Southee,Gill,2.0,0,0,1,1,2.0,0,,1
"6.4 
• 
Southee to Gill, no run 
Fuller around off and middle defends off the full face of the bat.",6.4,0,0.0,"Southee to Gill, no run  .Fuller around off and middle defends off the full face of the bat.",Southee,Gill,0.0,0,0,1,1,0.0,0,,0
"6.5 
• 
Southee to Gill, no run 
Fuller and outside off, eases it towards covers.",6.5,0,0.0,"Southee to Gill, no run  .Fuller and outside off, eases it towards covers.",Southee,Gill,0.0,0,0,1,1,0.0,0,,0
"6.6 
2 
Southee to Gill, 2 runs 
Full and moves away, he gets forward and slices it over cover-point and gets a couple. 
Didn't hit it off the middle of the blade. 
end of over 74 runs  
IND: 21/0CRR: 3.00  
Shubman Gill5 (18b) 
Shikhar Dhawan15 (24b 1x4 1x6) 
Tim Southee 4-1-12-0 
Matt Henry 3-0-8-0",6.6,2,2.0,"Southee to Gill, 2 runs  .Full and moves away, he gets forward and slices it over cover-point and gets a couple.  .Didn't hit it off the middle of the blade.",Southee,Gill,2.0,0,0,1,1,2.0,0,,1
"7.1 
• 
Henry to S Dhawan, no run 
Almost plays it on. Dhawan slinks down the track, seeing which, Henry shortens the 
length. Cramps him for room too. Dhawan looks to steer it through the off side and 
ends up getting a bottom edge. It stops just around the crease.",7.1,0,0.0,"Henry to S Dhawan, no run  .Almost plays it on. Dhawan slinks down the track, seeing which, Henry shortens the  .length. Cramps him for room too. Dhawan looks to steer it through the off side and  .ends up getting a bottom edge. It stops just around the crease.",Henry,S Dhawan,0.0,0,0,1,1,0.0,0,,0
"7.2 
4 
Henry to S Dhawan, FOUR runs 
Now Dhawan has made a very good contact. Length ball around middle, he backs away 
to give himself some room. Then carves it over cover-point for four.",7.2,4,4.0,"Henry to S Dhawan, FOUR runs  .Now Dhawan has made a very good contact. Length ball around middle, he backs away  .to give himself some room. Then carves it over cover-point for four.",Henry,S Dhawan,4.0,1,0,1,1,4.0,0,,1
"7.3 
• 
Henry to S Dhawan, no run 
Full on off and middle, driven to mid-off.",7.3,0,0.0,"Henry to S Dhawan, no run  .Full on off and middle, driven to mid-off.",Henry,S Dhawan,0.0,0,0,1,1,0.0,0,,0
"7.4 
• 
Henry to S Dhawan, no run 
Full on the pads, flicked towards midwicket.",7.4,0,0.0,"Henry to S Dhawan, no run  .Full on the pads, flicked towards midwicket.",Henry,S Dhawan,0.0,0,0,1,1,0.0,0,,0
"7.5 
2 
Henry to S Dhawan, 2 runs 
Dhawan yet again comes down the track to chip it over mid-on. It is a good length ball 
that is converted into a full one. But he doesn't time it well.",7.5,2,2.0,"Henry to S Dhawan, 2 runs  .Dhawan yet again comes down the track to chip it over mid-on. It is a good length ball  .that is converted into a full one. But he doesn't time it well.",Henry,S Dhawan,2.0,0,0,1,1,2.0,0,,1
"7.6 
4 
Henry to S Dhawan, FOUR runs 
Cracked through covers! Full and angling away, he gets forward and just leans into the 
smash through the off side. It sped away. 
end of over 810 runs  
IND: 31/0CRR: 3.87  
Shikhar Dhawan25 (30b 3x4 1x6) 
Shubman Gill5 (18b) 
Matt Henry 4-0-18-0 
Tim Southee 4-1-12-0 
HJ: ""Another slow start, another show of no intent in early stages. Need someone at the 
top who can disrupt bowlers' rhythm from the get go. The current approach only 
amplifies the reliance on the likes of SKY, Pant"" 
Change in bowling. Adam Milne, who replaced Michael Bracewell in the XI, steams in 
from over the wicket with a couple of slips.",7.6,4,4.0,"Henry to S Dhawan, FOUR runs  .Cracked through covers! Full and angling away, he gets forward and just leans into the  .smash through the off side. It sped away.",Henry,S Dhawan,4.0,1,0,1,1,4.0,0,,1
"8.1 
• 
Milne to Gill, no run 
Starts off with a length ball on off, Gill stands solidly in the crease and defends.",8.1,0,0.0,"Milne to Gill, no run  .Starts off with a length ball on off, Gill stands solidly in the crease and defends.",Milne,Gill,0.0,0,0,1,1,0.0,0,,0
"8.2 
4 
Milne to Gill, FOUR runs 
Creamed through covers. Lovely, straight, full face of the bat. Fuller than good length 
and just outside off. Gill leans into - almost walks into - the drive to beat a diving mid-off 
to his left.",8.2,4,4.0,"Milne to Gill, FOUR runs  .Creamed through covers. Lovely, straight, full face of the bat. Fuller than good length  .and just outside off. Gill leans into - almost walks into - the drive to beat a diving mid-off  .to his left.",Milne,Gill,4.0,1,0,1,1,4.0,0,,1
"8.3 
4 
Milne to Gill, FOUR runs 
And now comes the pull. MIlne drags his length back and bangs it short. Gill stands tall 
on the front foot but manufactures the pull through midwicket.",8.3,4,4.0,"Milne to Gill, FOUR runs  .And now comes the pull. MIlne drags his length back and bangs it short. Gill stands tall  .on the front foot but manufactures the pull through midwicket.",Milne,Gill,4.0,1,0,1,1,4.0,0,,1
"8.4 
W 
Milne to Gill, OUT 
And that is a soft, soft dismissal! Gill departs after just starting to get in. Milne darts it 
fuller than good length on the pads. Easy pickings, thinks Gill, and plays the flick. But he 
hits it straight to Santner, who is forward of square inside the circle on the on side. 
Shubman Gill c Santner b Milne 13 (22b 2x4 0x6 34m) SR: 59.09 
See all photos 
Shreyas Iyer walks in at No. 3 after a slowish Indian start.",8.4,W,0.0,"Milne to Gill, OUT  .And that is a soft, soft dismissal! Gill departs after just starting to get in. Milne darts it  .fuller than good length on the pads. Easy pickings, thinks Gill, and plays the flick. But he  .hits it straight to Santner, who is forward of square inside the circle on the on side.  .Shubman Gill c Santner b Milne 13 (22b 2x4 0x6 34m) SR: 59.09",Milne,Gill,0.0,0,0,1,1,0.0,1,c Santner b Milne,0
"8.5 
4 
Milne to Shreyas Iyer, FOUR runs 
Delectable drive to get going. All about the timing there. Just fuller than length, outside 
off. Iyer gets his front foot forward and drives it past covers.",8.5,4,4.0,"Milne to Shreyas Iyer, FOUR runs  .Delectable drive to get going. All about the timing there. Just fuller than length, outside  .off. Iyer gets his front foot forward and drives it past covers.",Milne,Shreyas Iyer,4.0,1,0,1,1,4.0,0,,1
"8.6 
• 
Milne to Shreyas Iyer, no run 
Quick and fuller and outside off, Iyer has a poke and gets beaten. Three fours and a 
wicket off the over. 
end of over 912 runs • 1 wicket 
IND: 43/1CRR: 4.77  
Shreyas Iyer4 (2b 1x4) 
Shikhar Dhawan25 (30b 3x4 1x6) 
Adam Milne 1-0-12-1 
Matt Henry 4-0-18-0",8.6,0,0.0,"Milne to Shreyas Iyer, no run  .Quick and fuller and outside off, Iyer has a poke and gets beaten. Three fours and a  .wicket off the over.",Milne,Shreyas Iyer,0.0,0,0,1,1,0.0,0,,0
"9.1 
• 
Henry to S Dhawan, no run 
Back of a length ball angling away, Dhawan hops and has a feel for it. Gets beaten.",9.1,0,0.0,"Henry to S Dhawan, no run  .Back of a length ball angling away, Dhawan hops and has a feel for it. Gets beaten.",Henry,S Dhawan,0.0,0,0,1,1,0.0,0,,0
"9.2 
• 
Henry to S Dhawan, no run 
Again. Short and angling away, Dhawan has a half-minded poke at that. Misses.",9.2,0,0.0,"Henry to S Dhawan, no run  .Again. Short and angling away, Dhawan has a half-minded poke at that. Misses.",Henry,S Dhawan,0.0,0,0,1,1,0.0,0,,0
"9.3 
• 
Henry to S Dhawan, no run 
Fuller around middle and leg, Dhawan comes down and defensively pushes it to mid-off.",9.3,0,0.0,"Henry to S Dhawan, no run  .Fuller around middle and leg, Dhawan comes down and defensively pushes it to mid-off.",Henry,S Dhawan,0.0,0,0,1,1,0.0,0,,0
"9.4 
• 
Henry to S Dhawan, no run 
Short of length, angling away again. Dhawan plays inside the line of the ball.",9.4,0,0.0,"Henry to S Dhawan, no run  .Short of length, angling away again. Dhawan plays inside the line of the ball.",Henry,S Dhawan,0.0,0,0,1,1,0.0,0,,0
"9.5 
• 
Henry to S Dhawan, no run 
On a length nibbling away, Dhawan slinks down and gets beaten by the slight, away 
movement. 
Arun Prakash: ""I love all the players who are auditioning for the opening roles - Dhawan, 
Rohit, Gill, KL. But what all have in common is the lack of variety. They all are similar 
players who are more like anchors. With Kohli, Iyer coming in next, there is a lack of 
aggresiveness. India should invest in Shaw or Ishan Kishan who can provide that 
Sehwag-isque starts!""",9.5,0,0.0,"Henry to S Dhawan, no run  .On a length nibbling away, Dhawan slinks down and gets beaten by the slight, away  .movement.",Henry,S Dhawan,0.0,0,0,1,1,0.0,0,,0
"9.6 
• 
Henry to S Dhawan, no run 
Bangs it short and tucks Dhawan, who's charging down, up. He plays it to the on side. 
First ten overs doen, 43 on the board. Dhawan has tried much more than his 36-ball 25 
shows. 
end of over 10Maiden 
IND: 43/1CRR: 4.30  
Shikhar Dhawan25 (36b 3x4 1x6) 
Shreyas Iyer4 (2b 1x4) 
Matt Henry 5-1-18-0 
Adam Milne 1-0-12-1",9.6,0,0.0,"Henry to S Dhawan, no run  .Bangs it short and tucks Dhawan, who's charging down, up. He plays it to the on side.  .First ten overs doen, 43 on the board. Dhawan has tried much more than his 36-ball 25  .shows.",Henry,S Dhawan,0.0,0,0,1,1,0.0,0,,0
"10.1 
1 
Milne to Shreyas Iyer, 1 run 
On a length and outside off, Iyer goes deep in and steers it past backward point. 
Jakob Cant: ""Can I ask a silly question with Trent Boult and Martin Guptill not having 
central contracts does that mean they can pick and choose which series they play in 
cheers?"" More of New Zealand choosing which series they want the duo to play in.",10.1,1,1.0,"Milne to Shreyas Iyer, 1 run  .On a length and outside off, Iyer goes deep in and steers it past backward point.",Milne,Shreyas Iyer,1.0,0,0,1,1,1.0,0,,1
"10.2 
• 
Milne to S Dhawan, no run 
Length ball around middle and leg, moving away. Dhawan is deep in his crease, looking 
to turn it to the on side but well off the line of the ball.",10.2,0,0.0,"Milne to S Dhawan, no run  .Length ball around middle and leg, moving away. Dhawan is deep in his crease, looking  .to turn it to the on side but well off the line of the ball.",Milne,S Dhawan,0.0,0,0,1,1,0.0,0,,0
"10.3 
• 
Milne to S Dhawan, no run 
Full and just outside off, Dhawan comes down to hit it through covers. Ends up 
chopping it back to the bowler off the inner half.",10.3,0,0.0,"Milne to S Dhawan, no run  .Full and just outside off, Dhawan comes down to hit it through covers. Ends up  .chopping it back to the bowler off the inner half.",Milne,S Dhawan,0.0,0,0,1,1,0.0,0,,0
"10.4 
1 
Milne to S Dhawan, 1 run 
Sees Dhawan charging down and bangs it short. Dhawan adjusts and steers it to 
backward point, who gets a bad bounce and misfields to allow a run.",10.4,1,1.0,"Milne to S Dhawan, 1 run  .Sees Dhawan charging down and bangs it short. Dhawan adjusts and steers it to  .backward point, who gets a bad bounce and misfields to allow a run.",Milne,S Dhawan,1.0,0,0,1,1,1.0,0,,1
"10.5 
1 
Milne to Shreyas Iyer, 1 run 
Angling in on off stump on a length, Iyer plays it late, opens the face to get it well past 
slip.",10.5,1,1.0,"Milne to Shreyas Iyer, 1 run  .Angling in on off stump on a length, Iyer plays it late, opens the face to get it well past  .slip.",Milne,Shreyas Iyer,1.0,0,0,1,1,1.0,0,,1
"10.6 
• 
Milne to S Dhawan, no run 
Full on off and middle, Dhawan comes down the track but drives it straight to short 
cover. That kind of a day for him. 
end of over 113 runs  
IND: 46/1CRR: 4.18  
Shikhar Dhawan26 (40b 3x4 1x6) 
Shreyas Iyer6 (4b 1x4) 
Adam Milne 2-0-15-1 
Matt Henry 5-1-18-0 
Henry is into his sixth over. Two slips still stand for him.",10.6,0,0.0,"Milne to S Dhawan, no run  .Full on off and middle, Dhawan comes down the track but drives it straight to short  .cover. That kind of a day for him.",Milne,S Dhawan,0.0,0,0,1,1,0.0,0,,0
"11.1 
• 
Henry to Shreyas Iyer, no run 
Lands it on a length outside off, gets it to move away. Iyer looks to block but gets 
beaten.",11.1,0,0.0,"Henry to Shreyas Iyer, no run  .Lands it on a length outside off, gets it to move away. Iyer looks to block but gets  .beaten.",Henry,Shreyas Iyer,0.0,0,0,1,1,0.0,0,,0
"11.2 
1 
Henry to Shreyas Iyer, 1 run 
Dropped! Milne the man in the deep. It is short and wide, Iyer slashes hard and cuts it 
straight towards deep third. Milne didn't judge it well and ends up grassing it. A life for 
Iyer. 
See all photos",11.2,1,1.0,"Henry to Shreyas Iyer, 1 run  .Dropped! Milne the man in the deep. It is short and wide, Iyer slashes hard and cuts it  .straight towards deep third. Milne didn't judge it well and ends up grassing it. A life for  .Iyer.  .See all photos",Henry,Shreyas Iyer,1.0,0,0,1,1,1.0,0,,1
"11.3 
1 
Henry to S Dhawan, 1 run 
Short and angling away, Dhawan ramps it to deep third on the bounce.",11.3,1,1.0,"Henry to S Dhawan, 1 run  .Short and angling away, Dhawan ramps it to deep third on the bounce.",Henry,S Dhawan,1.0,0,0,1,1,1.0,0,,1
"11.4 
• 
Henry to Shreyas Iyer, no run 
Fuller outside off, pushed to backward point. 
Apaar: ""It is really difficult for players with this whole chopping and changing going on. 
The role for Dhawan in this squad is to provide stability at the top, being the senior most 
batsman. But when WC comes along, even though he would still open, Dhawan's role 
will change considerably to being the enforcer. """,11.4,0,0.0,"Henry to Shreyas Iyer, no run  .Fuller outside off, pushed to backward point.",Henry,Shreyas Iyer,0.0,0,0,1,1,0.0,0,,0
"11.5 
• 
Henry to Shreyas Iyer, no run 
Fuller and outside off, driven to short cover.",11.5,0,0.0,"Henry to Shreyas Iyer, no run  .Fuller and outside off, driven to short cover.",Henry,Shreyas Iyer,0.0,0,0,1,1,0.0,0,,0
"11.6 
4 
Henry to Shreyas Iyer, FOUR runs 
Pristinely timed off drive. Full on off, Iyer leans into it and drives it past mid-off, who 
was wider. Races away. 
end of over 126 runs  
IND: 52/1CRR: 4.33  
Shreyas Iyer11 (9b 2x4) 
Shikhar Dhawan27 (41b 3x4 1x6) 
Matt Henry 6-1-24-0 
Adam Milne 2-0-15-1",11.6,4,4.0,"Henry to Shreyas Iyer, FOUR runs  .Pristinely timed off drive. Full on off, Iyer leans into it and drives it past mid-off, who  .was wider. Races away.",Henry,Shreyas Iyer,4.0,1,0,1,1,4.0,0,,1
"12.1 
1 
Milne to S Dhawan, 1 run 
Short and on the body, Dhawan swivels and pulls it through backward square leg. Slips 
at the non-striker's end and has to settle for one.",12.1,1,1.0,"Milne to S Dhawan, 1 run  .Short and on the body, Dhawan swivels and pulls it through backward square leg. Slips  .at the non-striker's end and has to settle for one.",Milne,S Dhawan,1.0,0,0,1,1,1.0,0,,1
"12.2 
• 
Milne to Shreyas Iyer, no run 
Fuller and outside off, eased towards covers.",12.2,0,0.0,"Milne to Shreyas Iyer, no run  .Fuller and outside off, eased towards covers.",Milne,Shreyas Iyer,0.0,0,0,1,1,0.0,0,,0
"12.3 
1 
Milne to Shreyas Iyer, 1 run 
Length ball outside off, cut through cover-point for one.",12.3,1,1.0,"Milne to Shreyas Iyer, 1 run  .Length ball outside off, cut through cover-point for one.",Milne,Shreyas Iyer,1.0,0,0,1,1,1.0,0,,1
"12.4 
1w 
Milne to S Dhawan, 1 wide 
Short and angling away, Dhawan half-ducks to let it pass.",12.4,1w,1.0,"Milne to S Dhawan, 1 wide  .Short and angling away, Dhawan half-ducks to let it pass.",Milne,S Dhawan,0.0,0,0,0,0,1.0,0,,1
"12.4 
• 
Milne to S Dhawan, no run 
Length ball on the pads, he misses the flick and gets it off the leading edge towards 
mid-on.",12.4,0,0.0,"Milne to S Dhawan, no run  .Length ball on the pads, he misses the flick and gets it off the leading edge towards  .mid-on.",Milne,S Dhawan,0.0,0,0,1,1,0.0,0,,0
"12.5 
• 
Milne to S Dhawan, no run 
Dhawan comes down the track to go over the off side, but ends up missing the length 
ball angling away.",12.5,0,0.0,"Milne to S Dhawan, no run  .Dhawan comes down the track to go over the off side, but ends up missing the length  .ball angling away.",Milne,S Dhawan,0.0,0,0,1,1,0.0,0,,0
"12.6 
W 
Milne to S Dhawan, OUT 
Played on! Once again Dhawan looks to use his feet. Charges down the track and looks 
to hit it through the off side. Milne spears it just around the good length on off and 
middle. The batter ends up getting a thick inside edge onto his leg stump. End of 
Dhawan's adventurous stay in the middle. 
Shikhar Dhawan b Milne 28 (45b 3x4 1x6 54m) SR: 62.22 
end of over 133 runs • 1 wicket 
IND: 55/2CRR: 4.23  
Shreyas Iyer12 (11b 2x4) 
Adam Milne 3-0-18-2 
Matt Henry 6-1-24-0 
Rishabh Pant is in at No. 4. And here is Lockie Ferguson now, replacing Henry.",12.6,W,0.0,"Milne to S Dhawan, OUT  .Played on! Once again Dhawan looks to use his feet. Charges down the track and looks  .to hit it through the off side. Milne spears it just around the good length on off and  .middle. The batter ends up getting a thick inside edge onto his leg stump. End of  .Dhawan's adventurous stay in the middle.  .Shikhar Dhawan b Milne 28 (45b 3x4 1x6 54m) SR: 62.22",Milne,S Dhawan,0.0,0,0,1,1,0.0,1,b Milne,0
"13.1 
1w 
Ferguson to Shreyas Iyer, 1 wide 
Angling down leg on a length, he lets it be. A big wide to start.",13.1,1w,1.0,"Ferguson to Shreyas Iyer, 1 wide  .Angling down leg on a length, he lets it be. A big wide to start.",Ferguson,Shreyas Iyer,0.0,0,0,0,0,1.0,0,,1
"13.1 
• 
Ferguson to Shreyas Iyer, no run 
On a length outside off, left alone.",13.1,0,0.0,"Ferguson to Shreyas Iyer, no run  .On a length outside off, left alone.",Ferguson,Shreyas Iyer,0.0,0,0,1,1,0.0,0,,0
"13.2 
• 
Ferguson to Shreyas Iyer, no run 
Jaffa! On a length and well outside off, but nips back in appreciably. Iyer looks to drive 
but is beaten on the inside. Was not too far from off stump.",13.2,0,0.0,"Ferguson to Shreyas Iyer, no run  .Jaffa! On a length and well outside off, but nips back in appreciably. Iyer looks to drive  .but is beaten on the inside. Was not too far from off stump.",Ferguson,Shreyas Iyer,0.0,0,0,1,1,0.0,0,,0
"13.3 
1 
Ferguson to Shreyas Iyer, 1 run 
Length ball outside off, steered to deep third.",13.3,1,1.0,"Ferguson to Shreyas Iyer, 1 run  .Length ball outside off, steered to deep third.",Ferguson,Shreyas Iyer,1.0,0,0,1,1,1.0,0,,1
"13.4 
• 
Ferguson to Pant, no run 
Angling across on a length, Pant stays deep in and plays inside the line to let it pass. 
Here's Sampath: Shikhar Dhawan's batting strike of 75.11 in ODIs in 2022 is the lowest 
for India in a calendar year in men's ODIs since Rohit Sharma's 72.57 in 2008. (Min: 500 
runs)",13.4,0,0.0,"Ferguson to Pant, no run  .Angling across on a length, Pant stays deep in and plays inside the line to let it pass.  .Here's Sampath: Shikhar Dhawan's batting strike of 75.11 in ODIs in 2022 is the lowest  .for India in a calendar year in men's ODIs since Rohit Sharma's 72.57 in 2008. (Min: 500  .runs)",Ferguson,Pant,0.0,0,0,1,1,0.0,0,,0
"13.5 
4 
Ferguson to Pant, FOUR runs 
Chipped over midwicket to get going. Fullish on the pads, Pant slinks down and whips it 
over the on side. Not the best of timings but it has enough to trickle away to the rope.",13.5,4,4.0,"Ferguson to Pant, FOUR runs  .Chipped over midwicket to get going. Fullish on the pads, Pant slinks down and whips it  .over the on side. Not the best of timings but it has enough to trickle away to the rope.",Ferguson,Pant,4.0,1,0,1,1,4.0,0,,1
"13.6 
• 
Ferguson to Pant, no run 
Length ball around off, he stays in his crease and defends. 
end of over 146 runs  
IND: 61/2CRR: 4.35  
Rishabh Pant4 (3b 1x4) 
Shreyas Iyer13 (14b 2x4) 
Lockie Ferguson 1-0-6-0 
Adam Milne 3-0-18-2",13.6,0,0.0,"Ferguson to Pant, no run  .Length ball around off, he stays in his crease and defends.",Ferguson,Pant,0.0,0,0,1,1,0.0,0,,0
"14.1 
• 
Milne to Shreyas Iyer, no run 
Fuller around off, goes deep in the crease and defends it towards point.",14.1,0,0.0,"Milne to Shreyas Iyer, no run  .Fuller around off, goes deep in the crease and defends it towards point.",Milne,Shreyas Iyer,0.0,0,0,1,1,0.0,0,,0
"14.2 
• 
Milne to Shreyas Iyer, no run 
Full length ball outside off, Iyer goes deep back to cut, misses due to the extra pace.",14.2,0,0.0,"Milne to Shreyas Iyer, no run  .Full length ball outside off, Iyer goes deep back to cut, misses due to the extra pace.",Milne,Shreyas Iyer,0.0,0,0,1,1,0.0,0,,0
"14.3 
• 
Milne to Shreyas Iyer, no run 
Extra bounce. Length ball just moving away a touch. Iyer looks to punch it but gets 
beaten.",14.3,0,0.0,"Milne to Shreyas Iyer, no run  .Extra bounce. Length ball just moving away a touch. Iyer looks to punch it but gets  .beaten.",Milne,Shreyas Iyer,0.0,0,0,1,1,0.0,0,,0
"14.4 
• 
Milne to Shreyas Iyer, no run 
Full and outsided off, driven to short cover.",14.4,0,0.0,"Milne to Shreyas Iyer, no run  .Full and outsided off, driven to short cover.",Milne,Shreyas Iyer,0.0,0,0,1,1,0.0,0,,0
"14.5 
• 
Milne to Shreyas Iyer, no run 
Lovely ball. Full and nips just away outside off, Iyer goes for the drive but is beaten 
again.",14.5,0,0.0,"Milne to Shreyas Iyer, no run  .Lovely ball. Full and nips just away outside off, Iyer goes for the drive but is beaten  .again.",Milne,Shreyas Iyer,0.0,0,0,1,1,0.0,0,,0
"14.6 
1 
Milne to Shreyas Iyer, 1 run 
Full on off, squeezes it towards mid-on, who dives and parries it towards mid-off. 
Time for Himanshu to slide in central position for the next hour or so. 
end of over 151 run  
IND: 62/2CRR: 4.13  
Shreyas Iyer14 (20b 2x4) 
Rishabh Pant4 (3b 1x4) 
Adam Milne 4-0-19-2 
Lockie Ferguson 1-0-6-0 
Thanks Suds. New Zealand have kept India quiet all along.",14.6,1,1.0,"Milne to Shreyas Iyer, 1 run  .Full on off, squeezes it towards mid-on, who dives and parries it towards mid-off.  .Time for Himanshu to slide in central position for the next hour or so.",Milne,Shreyas Iyer,1.0,0,0,1,1,1.0,0,,1
"15.1 
• 
Ferguson to Shreyas Iyer, no run 
hard length rising rapidly on middle and off. Fended down with a little skip",15.1,0,0.0,"Ferguson to Shreyas Iyer, no run  .hard length rising rapidly on middle and off. Fended down with a little skip",Ferguson,Shreyas Iyer,0.0,0,0,1,1,0.0,0,,0
"15.2 
• 
Ferguson to Shreyas Iyer, no run 
on a shortish length, and just outside off. Tapped towards point",15.2,0,0.0,"Ferguson to Shreyas Iyer, no run  .on a shortish length, and just outside off. Tapped towards point",Ferguson,Shreyas Iyer,0.0,0,0,1,1,0.0,0,,0
"15.3 
1w 
Ferguson to Shreyas Iyer, 1 wide 
too high, and called wide. Pitches it short, as the ball angles in and climbs way over a 
ducking Iyer. Wide outside leg",15.3,1w,1.0,"Ferguson to Shreyas Iyer, 1 wide  .too high, and called wide. Pitches it short, as the ball angles in and climbs way over a  .ducking Iyer. Wide outside leg",Ferguson,Shreyas Iyer,0.0,0,0,0,0,1.0,0,,1
"15.3 
• 
Ferguson to Shreyas Iyer, no run 
another back of a length ball outside off, and pushed to point",15.3,0,0.0,"Ferguson to Shreyas Iyer, no run  .another back of a length ball outside off, and pushed to point",Ferguson,Shreyas Iyer,0.0,0,0,1,1,0.0,0,,0
"15.4 
1w 
Ferguson to Shreyas Iyer, 1 wide 
has a flash far away from his body, and is beaten. The ball is short and really wide of off, 
even as it angles away. Another wide",15.4,1w,1.0,"Ferguson to Shreyas Iyer, 1 wide  .has a flash far away from his body, and is beaten. The ball is short and really wide of off,  .even as it angles away. Another wide",Ferguson,Shreyas Iyer,0.0,0,0,0,0,1.0,0,,1
"15.4 
• 
Ferguson to Shreyas Iyer, no run 
short delivery on sixth stump. Iyer gets on top of the bounce, and dabs it down",15.4,0,0.0,"Ferguson to Shreyas Iyer, no run  .short delivery on sixth stump. Iyer gets on top of the bounce, and dabs it down",Ferguson,Shreyas Iyer,0.0,0,0,1,1,0.0,0,,0
"15.5 
1 
Ferguson to Shreyas Iyer, 1 run 
goes fuller, and bowls on a good length, angling in to end on fourth stump. Poked to 
deep third",15.5,1,1.0,"Ferguson to Shreyas Iyer, 1 run  .goes fuller, and bowls on a good length, angling in to end on fourth stump. Poked to  .deep third",Ferguson,Shreyas Iyer,1.0,0,0,1,1,1.0,0,,1
"15.6 
• 
Ferguson to Pant, no run 
good bounce and movement. On a good length, and darting away to end outside off 
while also rising towards Latham's head, as Pant kept his bat in the line of the stumps 
With that, it is drinks 
end of over 163 runs  
IND: 65/2CRR: 4.06  
Rishabh Pant4 (4b 1x4) 
Shreyas Iyer15 (25b 2x4) 
Lockie Ferguson 2-0-9-0 
Adam Milne 4-0-19-2 
Tim: ""That was remarkable - following this game and the West Indies-Australia test, and 
I think Dhawan and Warner might have chopped it on to their own stumps within 5 
seconds of each other"" 
Milne will continue after the break",15.6,0,0.0,"Ferguson to Pant, no run  .good bounce and movement. On a good length, and darting away to end outside off  .while also rising towards Latham's head, as Pant kept his bat in the line of the stumps  .With that, it is drinks",Ferguson,Pant,0.0,0,0,1,1,0.0,0,,0
"16.1 
4 
Milne to Shreyas Iyer, FOUR runs 
swats between Pant's legs! On a back of a length and a touch wide of off, as he slaps 
that with a flat bat for four first ball after drinks",16.1,4,4.0,"Milne to Shreyas Iyer, FOUR runs  .swats between Pant's legs! On a back of a length and a touch wide of off, as he slaps  .that with a flat bat for four first ball after drinks",Milne,Shreyas Iyer,4.0,1,0,1,1,4.0,0,,1
"16.2 
• 
Milne to Shreyas Iyer, no run 
on the shorter side of a length, and again a touch wide of off. He has a flash, but is 
beaten",16.2,0,0.0,"Milne to Shreyas Iyer, no run  .on the shorter side of a length, and again a touch wide of off. He has a flash, but is  .beaten",Milne,Shreyas Iyer,0.0,0,0,1,1,0.0,0,,0
"16.3 
• 
Milne to Shreyas Iyer, no run 
much fuller delivery on off, and pushed to point, who is placed closer than usual",16.3,0,0.0,"Milne to Shreyas Iyer, no run  .much fuller delivery on off, and pushed to point, who is placed closer than usual",Milne,Shreyas Iyer,0.0,0,0,1,1,0.0,0,,0
"16.4 
4 
Milne to Shreyas Iyer, FOUR runs 
pulled over mid-on! Milne bowled short and just outside off again, as Iyer hung deep in 
the crease, planted his front foot forward, and swung over the in field",16.4,4,4.0,"Milne to Shreyas Iyer, FOUR runs  .pulled over mid-on! Milne bowled short and just outside off again, as Iyer hung deep in  .the crease, planted his front foot forward, and swung over the in field",Milne,Shreyas Iyer,4.0,1,0,1,1,4.0,0,,1
"16.5 
• 
Milne to Shreyas Iyer, no run 
close to the fuller side of a good length, and outside off. Left alone, as the ball goes to 
Latham on the bounce",16.5,0,0.0,"Milne to Shreyas Iyer, no run  .close to the fuller side of a good length, and outside off. Left alone, as the ball goes to  .Latham on the bounce",Milne,Shreyas Iyer,0.0,0,0,1,1,0.0,0,,0
"16.6 
1 
Milne to Shreyas Iyer, 1 run 
fullish ball, and around fourth stump. Nudged to deep point 
end of over 179 runs  
IND: 74/2CRR: 4.35  
Shreyas Iyer24 (31b 4x4) 
Rishabh Pant4 (4b 1x4) 
Adam Milne 5-0-28-2 
Lockie Ferguson 2-0-9-0",16.6,1,1.0,"Milne to Shreyas Iyer, 1 run  .fullish ball, and around fourth stump. Nudged to deep point",Milne,Shreyas Iyer,1.0,0,0,1,1,1.0,0,,1
"17.1 
• 
Ferguson to Shreyas Iyer, no run 
gets an inside edge on to pad, as the ball dribbles to point. Good length ball outside off, 
and Iyer tried to have a drive at that 
Balu: ""India really needs some intent, some positive approach here"" --- Exactly what Iyer 
tried to do last over",17.1,0,0.0,"Ferguson to Shreyas Iyer, no run  .gets an inside edge on to pad, as the ball dribbles to point. Good length ball outside off,  .and Iyer tried to have a drive at that",Ferguson,Shreyas Iyer,0.0,0,0,1,1,0.0,0,,0
"17.2 
1w 
Ferguson to Shreyas Iyer, 1 wide 
another wide ball from Ferguson. On a back of a length on off, and shaping back in to 
end outside leg",17.2,1w,1.0,"Ferguson to Shreyas Iyer, 1 wide  .another wide ball from Ferguson. On a back of a length on off, and shaping back in to  .end outside leg",Ferguson,Shreyas Iyer,0.0,0,0,0,0,1.0,0,,1
"17.2 
1 
Ferguson to Shreyas Iyer, 1 run 
chipped just wide of mid-off! Extra bounce for Ferguson, who bowled on a good length 
and in the channel outside off. Iyer pushed at it without any foot movement, but was 
safe in the end",17.2,1,1.0,"Ferguson to Shreyas Iyer, 1 run  .chipped just wide of mid-off! Extra bounce for Ferguson, who bowled on a good length  .and in the channel outside off. Iyer pushed at it without any foot movement, but was  .safe in the end",Ferguson,Shreyas Iyer,1.0,0,0,1,1,1.0,0,,1
"17.3 
1lb 
Ferguson to Pant, 1 leg bye 
pretty full on leg stump, as it takes Pant's pads after he misses his flick. A leg by 
towards square leg",17.3,1lb,1.0,"Ferguson to Pant, 1 leg bye  .pretty full on leg stump, as it takes Pant's pads after he misses his flick. A leg by  .towards square leg",Ferguson,Pant,0.0,0,0,1,1,0.0,0,,0
"17.4 
• 
Ferguson to Shreyas Iyer, no run 
this time he lets it go. Back of a length, and a bit wider of off, and he shoulders arms",17.4,0,0.0,"Ferguson to Shreyas Iyer, no run  .this time he lets it go. Back of a length, and a bit wider of off, and he shoulders arms",Ferguson,Shreyas Iyer,0.0,0,0,1,1,0.0,0,,0
"17.5 
• 
Ferguson to Shreyas Iyer, no run 
bowls short of a length and just outside off, as he went wide of the crease there. 
Blocked down safely",17.5,0,0.0,"Ferguson to Shreyas Iyer, no run  .bowls short of a length and just outside off, as he went wide of the crease there.  .Blocked down safely",Ferguson,Shreyas Iyer,0.0,0,0,1,1,0.0,0,,0
"17.6 
• 
Ferguson to Shreyas Iyer, no run 
tight lengths from Ferguson. On the shorter side of a good length and on fourth stump. 
Defended down by Iyer 
end of over 183 runs  
IND: 77/2CRR: 4.27  
Shreyas Iyer25 (36b 4x4) 
Rishabh Pant4 (5b 1x4) 
Lockie Ferguson 3-0-11-0 
Adam Milne 5-0-28-2 
Ah, here comes the rarity of Mitchell having a bowl. A slip in place.",17.6,0,0.0,"Ferguson to Shreyas Iyer, no run  .tight lengths from Ferguson. On the shorter side of a good length and on fourth stump.  .Defended down by Iyer",Ferguson,Shreyas Iyer,0.0,0,0,1,1,0.0,0,,0
"18.1 
• 
Mitchell to Pant, no run 
back of a length around off stump. Tapped down towards point",18.1,0,0.0,"Mitchell to Pant, no run  .back of a length around off stump. Tapped down towards point",Mitchell,Pant,0.0,0,0,1,1,0.0,0,,0
"18.2 
• 
Mitchell to Pant, no run 
much fuller, and a touch wide of off. Left alone",18.2,0,0.0,"Mitchell to Pant, no run  .much fuller, and a touch wide of off. Left alone",Mitchell,Pant,0.0,0,0,1,1,0.0,0,,0
"18.3 
• 
Mitchell to Pant, no run 
this straightens off a full length and wide of off. Pant again let it go 
Elsewhere at the FIFA World Cup, Kalidou Koulibaly scored his first-ever goal for 
Senegal... and sent his nation through to the World Cup knockouts for only the second 
time in their history. There was a deeper significance to the goal, however - Read more 
about it in ESPN's 'Moment of the Day'.",18.3,0,0.0,"Mitchell to Pant, no run  .this straightens off a full length and wide of off. Pant again let it go  .Elsewhere at the FIFA World Cup, Kalidou Koulibaly scored his first-ever goal for  .Senegal... and sent his nation through to the World Cup knockouts for only the second  .time in their history. There was a deeper significance to the goal, however - Read more  .about it in ESPN's 'Moment of the Day'.",Mitchell,Pant,0.0,0,0,1,1,0.0,0,,0
"18.4 
1 
Mitchell to Pant, 1 run 
direct hit from a tumbling Santner at cover! He rushed forward and hit the striker's end, 
but Iyer was in. A fullish ball on off to Pant, as he pushed it close for a quick single",18.4,1,1.0,"Mitchell to Pant, 1 run  .direct hit from a tumbling Santner at cover! He rushed forward and hit the striker's end,  .but Iyer was in. A fullish ball on off to Pant, as he pushed it close for a quick single",Mitchell,Pant,1.0,0,0,1,1,1.0,0,,1
"18.5 
• 
Mitchell to Shreyas Iyer, no run 
good length again from Mitchell, and in the channel outside off. Stabbed to point",18.5,0,0.0,"Mitchell to Shreyas Iyer, no run  .good length again from Mitchell, and in the channel outside off. Stabbed to point",Mitchell,Shreyas Iyer,0.0,0,0,1,1,0.0,0,,0
"18.6 
1 
Mitchell to Shreyas Iyer, 1 run 
fuller length on middle and off. Almost half-clipped to mid-on 
end of over 192 runs  
IND: 79/2CRR: 4.15  
Shreyas Iyer26 (38b 4x4) 
Rishabh Pant5 (9b 1x4) 
Daryl Mitchell 1-0-2-0 
Lockie Ferguson 3-0-11-0 
Milne back",18.6,1,1.0,"Mitchell to Shreyas Iyer, 1 run  .fuller length on middle and off. Almost half-clipped to mid-on",Mitchell,Shreyas Iyer,1.0,0,0,1,1,1.0,0,,1
"19.1 
• 
Milne to Shreyas Iyer, no run 
this angles in off a shortish length to end on off. Tucked down to point",19.1,0,0.0,"Milne to Shreyas Iyer, no run  .this angles in off a shortish length to end on off. Tucked down to point",Milne,Shreyas Iyer,0.0,0,0,1,1,0.0,0,,0
"19.2 
1 
Milne to Shreyas Iyer, 1 run 
punches this good length ball outside off to deep point, as the ball rolls along speedily 
to the fielder",19.2,1,1.0,"Milne to Shreyas Iyer, 1 run  .punches this good length ball outside off to deep point, as the ball rolls along speedily  .to the fielder",Milne,Shreyas Iyer,1.0,0,0,1,1,1.0,0,,1
"19.3 
• 
Milne to Pant, no run 
has a bit of a jab, but the ball passes the outside edge. A good length ball angled 
across, and ends around fifth stump",19.3,0,0.0,"Milne to Pant, no run  .has a bit of a jab, but the ball passes the outside edge. A good length ball angled  .across, and ends around fifth stump",Milne,Pant,0.0,0,0,1,1,0.0,0,,0
"19.4 
4 
Milne to Pant, FOUR runs 
a short-arm pull to deep midwicket! And he holds the pose. This could help him break 
away. On a good length - not short enough to pull - but he still swipes that across the 
line, with the ball ending on off after angling across",19.4,4,4.0,"Milne to Pant, FOUR runs  .a short-arm pull to deep midwicket! And he holds the pose. This could help him break  .away. On a good length - not short enough to pull - but he still swipes that across the  .line, with the ball ending on off after angling across",Milne,Pant,4.0,1,0,1,1,4.0,0,,1
"19.5 
• 
Milne to Pant, no run 
fuller ball in the channel outside off, as he has a poke but is beaten",19.5,0,0.0,"Milne to Pant, no run  .fuller ball in the channel outside off, as he has a poke but is beaten",Milne,Pant,0.0,0,0,1,1,0.0,0,,0
"19.6 
1 
Milne to Pant, 1 run 
goes shorter now, and bowls on a good length outside off. Flung to deep third on the 
bounce 
end of over 206 runs  
IND: 85/2CRR: 4.25  
Rishabh Pant10 (13b 2x4) 
Shreyas Iyer27 (40b 4x4) 
Adam Milne 6-0-34-2 
Daryl Mitchell 1-0-2-0",19.6,1,1.0,"Milne to Pant, 1 run  .goes shorter now, and bowls on a good length outside off. Flung to deep third on the  .bounce",Milne,Pant,1.0,0,0,1,1,1.0,0,,1
"20.1 
• 
Mitchell to Pant, no run 
another play and a miss by Pant. He leans forward to try and loft this fullish ball outside 
off, and go over the off side, but is beaten",20.1,0,0.0,"Mitchell to Pant, no run  .another play and a miss by Pant. He leans forward to try and loft this fullish ball outside  .off, and go over the off side, but is beaten",Mitchell,Pant,0.0,0,0,1,1,0.0,0,,0
"20.2 
• 
Mitchell to Pant, no run 
nearly a yorker length ball just outside off. Jammed to cover",20.2,0,0.0,"Mitchell to Pant, no run  .nearly a yorker length ball just outside off. Jammed to cover",Mitchell,Pant,0.0,0,0,1,1,0.0,0,,0
"20.3 
W 
Mitchell to Pant, OUT 
good catch by Phillips at deep square leg! At first it seemed as if he wasn't very sure 
how much to run forward, or whether to stay back. But in the end he did the former, and 
the ball arrived right into his lap. Pant went for the pull off this short delivery, which 
climbed close to his head. He swung hard at that - it was a complete roll of the wrists - 
but got beaten by the bounce 
Rishabh Pant c Phillips b Mitchell 10 (16b 2x4 0x6 36m) SR: 62.5 
See all photos 
Surya at No. 5",20.3,W,0.0,"Mitchell to Pant, OUT  .good catch by Phillips at deep square leg! At first it seemed as if he wasn't very sure  .how much to run forward, or whether to stay back. But in the end he did the former, and  .the ball arrived right into his lap. Pant went for the pull off this short delivery, which  .climbed close to his head. He swung hard at that - it was a complete roll of the wrists -  .but got beaten by the bounce  .Rishabh Pant c Phillips b Mitchell 10 (16b 2x4 0x6 36m) SR: 62.5",Mitchell,Pant,0.0,0,0,1,1,0.0,1,c Phillips b Mitchell,0
"20.4 
1 
Mitchell to Suryakumar, 1 run 
full ball, hinting to shape away and ending just outside off. Pushed to deep point",20.4,1,1.0,"Mitchell to Suryakumar, 1 run  .full ball, hinting to shape away and ending just outside off. Pushed to deep point",Mitchell,Suryakumar,1.0,0,0,1,1,1.0,0,,1
"20.5 
1 
Mitchell to Shreyas Iyer, 1 run 
full again, but this time on middle. Clipped to midwicket",20.5,1,1.0,"Mitchell to Shreyas Iyer, 1 run  .full again, but this time on middle. Clipped to midwicket",Mitchell,Shreyas Iyer,1.0,0,0,1,1,1.0,0,,1
"20.6 
• 
Mitchell to Suryakumar, no run 
on the shorter side of a good length, and just outside off. Nudged to cover 
end of over 212 runs • 1 wicket 
IND: 87/3CRR: 4.14  
Suryakumar Yadav1 (2b) 
Shreyas Iyer28 (41b 4x4) 
Daryl Mitchell 2-0-4-1 
Adam Milne 6-0-34-2",20.6,0,0.0,"Mitchell to Suryakumar, no run  .on the shorter side of a good length, and just outside off. Nudged to cover",Mitchell,Suryakumar,0.0,0,0,1,1,0.0,0,,0
"21.1 
4 
Milne to Shreyas Iyer, FOUR runs 
the ball flies off the outside half of the bat! Deep third is beaten to his right, as Iyer rides 
the bounce of this good length ball shaping away to end wide of off, and punches that 
aerially and over point 
Dev: ""Been wondering what kind of score Sky can make if he gets all 20 overs in T20s, 
here he is with almost 30 overs to go""",21.1,4,4.0,"Milne to Shreyas Iyer, FOUR runs  .the ball flies off the outside half of the bat! Deep third is beaten to his right, as Iyer rides  .the bounce of this good length ball shaping away to end wide of off, and punches that  .aerially and over point",Milne,Shreyas Iyer,4.0,1,0,1,1,4.0,0,,1
"21.2 
1w 
Milne to Shreyas Iyer, 1 wide 
fuller length on middle and off, and angling in this time. Ends outside leg, and is called 
wide",21.2,1w,1.0,"Milne to Shreyas Iyer, 1 wide  .fuller length on middle and off, and angling in this time. Ends outside leg, and is called  .wide",Milne,Shreyas Iyer,0.0,0,0,0,0,1.0,0,,1
"21.2 
4 
Milne to Shreyas Iyer, FOUR runs 
pulled through midwicket! That was drilled off the bat, as he rocked back in the crease 
to this shortish ball on off, and almost looked like he had a lot of time to play that shot",21.2,4,4.0,"Milne to Shreyas Iyer, FOUR runs  .pulled through midwicket! That was drilled off the bat, as he rocked back in the crease  .to this shortish ball on off, and almost looked like he had a lot of time to play that shot",Milne,Shreyas Iyer,4.0,1,0,1,1,4.0,0,,1
"21.3 
1lb 
Milne to Shreyas Iyer, 1 leg bye 
on a good length, and angling into the leg side. Takes his pad as he misses the ball 
while trying to fend at it",21.3,1lb,1.0,"Milne to Shreyas Iyer, 1 leg bye  .on a good length, and angling into the leg side. Takes his pad as he misses the ball  .while trying to fend at it",Milne,Shreyas Iyer,0.0,0,0,1,1,0.0,0,,0
"21.4 
• 
Milne to Suryakumar, no run 
good length delivery outside off, and angling in. Nudged to cover with half a step 
forward",21.4,0,0.0,"Milne to Suryakumar, no run  .good length delivery outside off, and angling in. Nudged to cover with half a step  .forward",Milne,Suryakumar,0.0,0,0,1,1,0.0,0,,0
"21.5 
• 
Milne to Suryakumar, no run 
and again: good length ball outside off, with movement into the batter. Pushed to cover",21.5,0,0.0,"Milne to Suryakumar, no run  .and again: good length ball outside off, with movement into the batter. Pushed to cover",Milne,Suryakumar,0.0,0,0,1,1,0.0,0,,0
"21.6 
• 
Milne to Suryakumar, no run 
this is fuller, and a bit wide of off. Shapes back in again, as Surya leans forward and the 
ball goes to mid-on off the inside half of the bat 
end of over 2210 runs  
IND: 97/3CRR: 4.40  
Suryakumar Yadav1 (5b) 
Shreyas Iyer36 (44b 6x4) 
Adam Milne 7-0-43-2 
Daryl Mitchell 2-0-4-1",21.6,0,0.0,"Milne to Suryakumar, no run  .this is fuller, and a bit wide of off. Shapes back in again, as Surya leans forward and the  .ball goes to mid-on off the inside half of the bat",Milne,Suryakumar,0.0,0,0,1,1,0.0,0,,0
"22.1 
• 
Mitchell to Shreyas Iyer, no run 
good length delivery - and a slower ball at 115kph - on a good length on middle and off. 
It straightens after pitching, and is dabbed down",22.1,0,0.0,"Mitchell to Shreyas Iyer, no run  .good length delivery - and a slower ball at 115kph - on a good length on middle and off.  .It straightens after pitching, and is dabbed down",Mitchell,Shreyas Iyer,0.0,0,0,1,1,0.0,0,,0
"22.2 
1 
Mitchell to Shreyas Iyer, 1 run 
flings this fullish ball outside off, but it comes off the inside half of the bat to square leg",22.2,1,1.0,"Mitchell to Shreyas Iyer, 1 run  .flings this fullish ball outside off, but it comes off the inside half of the bat to square leg",Mitchell,Shreyas Iyer,1.0,0,0,1,1,1.0,0,,1
"22.3 
1 
Mitchell to Suryakumar, 1 run 
fullish length, and angling away. Clipped towards midwicket",22.3,1,1.0,"Mitchell to Suryakumar, 1 run  .fullish length, and angling away. Clipped towards midwicket",Mitchell,Suryakumar,1.0,0,0,1,1,1.0,0,,1
"22.4 
1 
Mitchell to Shreyas Iyer, 1 run 
pretty full length outside off, and jammed back to mid-on for a quick single",22.4,1,1.0,"Mitchell to Shreyas Iyer, 1 run  .pretty full length outside off, and jammed back to mid-on for a quick single",Mitchell,Shreyas Iyer,1.0,0,0,1,1,1.0,0,,1
"22.5 
• 
Mitchell to Suryakumar, no run 
gets across off slightly, leans forward, and opens the bat face to push this full ball 
outside off to mid-off",22.5,0,0.0,"Mitchell to Suryakumar, no run  .gets across off slightly, leans forward, and opens the bat face to push this full ball  .outside off to mid-off",Mitchell,Suryakumar,0.0,0,0,1,1,0.0,0,,0
"22.6 
1 
Mitchell to Suryakumar, 1 run 
off the outside edge to deep third! I think he wanted to flick that fullish delivery in the 
channel outside off, but his bat face only half-closed 
end of over 234 runs  
IND: 101/3CRR: 4.39  
Suryakumar Yadav3 (8b) 
Shreyas Iyer38 (47b 6x4) 
Daryl Mitchell 3-0-8-1 
Adam Milne 7-0-43-2 
Ferguson replaces Milne",22.6,1,1.0,"Mitchell to Suryakumar, 1 run  .off the outside edge to deep third! I think he wanted to flick that fullish delivery in the  .channel outside off, but his bat face only half-closed",Mitchell,Suryakumar,1.0,0,0,1,1,1.0,0,,1
"23.1 
3 
Ferguson to Suryakumar, 3 runs 
off the inside edge, and to the right of square leg! Wow, how could the ball end as far 
as until the rope? Surya went driving at this full ball outside off, but not reading the 
movement in meant he wasn't in control",23.1,3,3.0,"Ferguson to Suryakumar, 3 runs  .off the inside edge, and to the right of square leg! Wow, how could the ball end as far  .as until the rope? Surya went driving at this full ball outside off, but not reading the  .movement in meant he wasn't in control",Ferguson,Suryakumar,3.0,0,0,1,1,3.0,0,,1
"23.2 
• 
Ferguson to Shreyas Iyer, no run 
back of a length, and outside off. Slashed to cover-point, as he cannot find the gap",23.2,0,0.0,"Ferguson to Shreyas Iyer, no run  .back of a length, and outside off. Slashed to cover-point, as he cannot find the gap",Ferguson,Shreyas Iyer,0.0,0,0,1,1,0.0,0,,0
"23.3 
4 
Ferguson to Shreyas Iyer, FOUR runs 
flashed between point and cover-point! Ferguson went short and wide-ish of off, as Iyer 
went hacking with little foot movement, and while reaching out for the ball",23.3,4,4.0,"Ferguson to Shreyas Iyer, FOUR runs  .flashed between point and cover-point! Ferguson went short and wide-ish of off, as Iyer  .went hacking with little foot movement, and while reaching out for the ball",Ferguson,Shreyas Iyer,4.0,1,0,1,1,4.0,0,,1
"23.4 
• 
Ferguson to Shreyas Iyer, no run 
good bounce there. Bangs it short and outside off, with a hint of movement back in, with 
the ball ending on off. Dabbed down, with his bottom hand off",23.4,0,0.0,"Ferguson to Shreyas Iyer, no run  .good bounce there. Bangs it short and outside off, with a hint of movement back in, with  .the ball ending on off. Dabbed down, with his bottom hand off",Ferguson,Shreyas Iyer,0.0,0,0,1,1,0.0,0,,0
"23.5 
2 
Ferguson to Shreyas Iyer, 2 runs 
fuller length, and a bit wide of off. Driven along the ground, and to deep extra cover for a 
couple 
Jed: ""Just wondering, what sort of speeds is Mitchell getting?"" --- He was just above 
120kph most times",23.5,2,2.0,"Ferguson to Shreyas Iyer, 2 runs  .fuller length, and a bit wide of off. Driven along the ground, and to deep extra cover for a  .couple",Ferguson,Shreyas Iyer,2.0,0,0,1,1,2.0,0,,1
"23.6 
• 
Ferguson to Shreyas Iyer, no run 
on a back of a length just outside off, and pushed to mid-on 
end of over 249 runs  
IND: 110/3CRR: 4.58  
Shreyas Iyer44 (52b 7x4) 
Suryakumar Yadav6 (9b) 
Lockie Ferguson 4-0-20-0 
Daryl Mitchell 3-0-8-1",23.6,0,0.0,"Ferguson to Shreyas Iyer, no run  .on a back of a length just outside off, and pushed to mid-on",Ferguson,Shreyas Iyer,0.0,0,0,1,1,0.0,0,,0
"24.1 
W 
Milne to Suryakumar, OUT 
taken low at slip! The ball was dying on its way to the fielder, as Southee there went low 
and took it just above his left boot. The dismissal very similar to that in the first ODI, just 
that this went low while that had carried well: a good length ball in the channel outside 
off, with Surya tempted to have a poke. The ball took the outside edge, and landed in the 
hands of the lone slip in place 
Suryakumar Yadav c Southee b Milne 6 (10b 0x4 0x6 17m) SR: 60 
In comes Hooda, who takes his time to settle",24.1,W,0.0,"Milne to Suryakumar, OUT  .taken low at slip! The ball was dying on its way to the fielder, as Southee there went low  .and took it just above his left boot. The dismissal very similar to that in the first ODI, just  .that this went low while that had carried well: a good length ball in the channel outside  .off, with Surya tempted to have a poke. The ball took the outside edge, and landed in the  .hands of the lone slip in place  .Suryakumar Yadav c Southee b Milne 6 (10b 0x4 0x6 17m) SR: 60",Milne,Suryakumar,0.0,0,0,1,1,0.0,1,c Southee b Milne,0
"24.2 
1 
Milne to Hooda, 1 run 
shapes to shuffle across first ball, and sits deep in the crease. Good length ball just 
outside off, and he clips to square leg after opening himself up",24.2,1,1.0,"Milne to Hooda, 1 run  .shapes to shuffle across first ball, and sits deep in the crease. Good length ball just  .outside off, and he clips to square leg after opening himself up",Milne,Hooda,1.0,0,0,1,1,1.0,0,,1
"24.3 
• 
Milne to Shreyas Iyer, no run 
another good length delivery, and on off. Looked to dab down, but got that off the 
bottom edge",24.3,0,0.0,"Milne to Shreyas Iyer, no run  .another good length delivery, and on off. Looked to dab down, but got that off the  .bottom edge",Milne,Shreyas Iyer,0.0,0,0,1,1,0.0,0,,0
"24.4 
• 
Milne to Shreyas Iyer, no run 
much fuller ball outside off, and he opens the bat face to drive, but finds point",24.4,0,0.0,"Milne to Shreyas Iyer, no run  .much fuller ball outside off, and he opens the bat face to drive, but finds point",Milne,Shreyas Iyer,0.0,0,0,1,1,0.0,0,,0
"24.5 
4 
Milne to Shreyas Iyer, FOUR runs 
that was timed brilliantly! Mitchell at deep third ran and dived to his right, but couldn't 
cut that off. The ball was shortish and a bit wide of off - not very wide though - as Iyer 
only punched while riding the bounce. No effort there",24.5,4,4.0,"Milne to Shreyas Iyer, FOUR runs  .that was timed brilliantly! Mitchell at deep third ran and dived to his right, but couldn't  .cut that off. The ball was shortish and a bit wide of off - not very wide though - as Iyer  .only punched while riding the bounce. No effort there",Milne,Shreyas Iyer,4.0,1,0,1,1,4.0,0,,1
"24.6 
1 
Milne to Shreyas Iyer, 1 run 
flashed off the outside edge to deep third. Good length again outside off, and he had a 
hard go at that 
end of over 256 runs • 1 wicket 
IND: 116/4CRR: 4.64  
Shreyas Iyer49 (56b 8x4) 
Deepak Hooda1 (1b) 
Adam Milne 8-0-49-3 
Lockie Ferguson 4-0-20-0",24.6,1,1.0,"Milne to Shreyas Iyer, 1 run  .flashed off the outside edge to deep third. Good length again outside off, and he had a  .hard go at that",Milne,Shreyas Iyer,1.0,0,0,1,1,1.0,0,,1
"25.1 
5w 
Ferguson to Shreyas Iyer, 5 wide 
five wides! Some help for India to push their run rate. Ferguson banged that short on 
middle and off, and it took off in a flash. Iyer ducked, as the ball zoomed over Latham's 
gloves too",25.1,5w,5.0,"Ferguson to Shreyas Iyer, 5 wide  .five wides! Some help for India to push their run rate. Ferguson banged that short on  .middle and off, and it took off in a flash. Iyer ducked, as the ball zoomed over Latham's  .gloves too",Ferguson,Shreyas Iyer,0.0,0,0,0,0,5.0,0,,1
"25.1 
• 
Ferguson to Shreyas Iyer, no run 
fends at this short ball just outside off to point, with the bounce almost causing 
discomfort",25.1,0,0.0,"Ferguson to Shreyas Iyer, no run  .fends at this short ball just outside off to point, with the bounce almost causing  .discomfort",Ferguson,Shreyas Iyer,0.0,0,0,1,1,0.0,0,,0
"25.2 
• 
Ferguson to Shreyas Iyer, no run 
good length ball, hinting to angle away to end around fifth stump. Has a punch, but gets 
an inside edge to square leg",25.2,0,0.0,"Ferguson to Shreyas Iyer, no run  .good length ball, hinting to angle away to end around fifth stump. Has a punch, but gets  .an inside edge to square leg",Ferguson,Shreyas Iyer,0.0,0,0,1,1,0.0,0,,0
"25.3 
W 
Ferguson to Shreyas Iyer, OUT 
Conway joins the list of fantastic catches! He was at deep point, and he came rushing 
forward rapidly to end pretty close to the circle while tumbling to complete the catch. It 
was a fullish ball with a scrambled seam on off, as Iyer - on 49 - opened the bat face to 
try and slice it over the off side, only to end up skying to deep point 
Shreyas Iyer c Conway b Ferguson 49 (59b 8x4 0x6 81m) SR: 83.05 
See all photos 
Sundar at No. 7. Ferguson has two slips, as he comes over the wicket",25.3,W,0.0,"Ferguson to Shreyas Iyer, OUT  .Conway joins the list of fantastic catches! He was at deep point, and he came rushing  .forward rapidly to end pretty close to the circle while tumbling to complete the catch. It  .was a fullish ball with a scrambled seam on off, as Iyer - on 49 - opened the bat face to  .try and slice it over the off side, only to end up skying to deep point  .Shreyas Iyer c Conway b Ferguson 49 (59b 8x4 0x6 81m) SR: 83.05",Ferguson,Shreyas Iyer,0.0,0,0,1,1,0.0,1,c Conway b Ferguson,0
"25.4 
• 
Ferguson to Sundar, no run 
good ball. On a teasing, full length on off, and shaping away, as he left it alone",25.4,0,0.0,"Ferguson to Sundar, no run  .good ball. On a teasing, full length on off, and shaping away, as he left it alone",Ferguson,Sundar,0.0,0,0,1,1,0.0,0,,0
"25.5 
• 
Ferguson to Sundar, no run 
short ball on top of middle and off. Fends that down after riding the bounce",25.5,0,0.0,"Ferguson to Sundar, no run  .short ball on top of middle and off. Fends that down after riding the bounce",Ferguson,Sundar,0.0,0,0,1,1,0.0,0,,0
"25.6 
• 
Ferguson to Sundar, no run 
good length on leg, and the ball his his pad after he misses his flick 
end of over 265 runs • 1 wicket 
IND: 121/5CRR: 4.65  
Washington Sundar0 (3b) 
Deepak Hooda1 (1b) 
Lockie Ferguson 5-0-25-1 
Adam Milne 8-0-49-3",25.6,0,0.0,"Ferguson to Sundar, no run  .good length on leg, and the ball his his pad after he misses his flick",Ferguson,Sundar,0.0,0,0,1,1,0.0,0,,0
"26.1 
• 
Milne to Hooda, no run 
beaten outside off! Good length with a vertical seam, and wide of off. The ball seams 
away to end even wider, and Hooda has a flash but doesn't get bat on ball",26.1,0,0.0,"Milne to Hooda, no run  .beaten outside off! Good length with a vertical seam, and wide of off. The ball seams  .away to end even wider, and Hooda has a flash but doesn't get bat on ball",Milne,Hooda,0.0,0,0,1,1,0.0,0,,0
"26.2 
1 
Milne to Hooda, 1 run 
gets an outside edge to deep third. He tries to block this fuller ball outside off, but 
doesn't cover the line",26.2,1,1.0,"Milne to Hooda, 1 run  .gets an outside edge to deep third. He tries to block this fuller ball outside off, but  .doesn't cover the line",Milne,Hooda,1.0,0,0,1,1,1.0,0,,1
"26.3 
2 
Milne to Sundar, 2 runs 
driven away from his body, and just beats point for a few to deep third. Full and outside 
off, as Sundar leaned into a drive",26.3,2,2.0,"Milne to Sundar, 2 runs  .driven away from his body, and just beats point for a few to deep third. Full and outside  .off, as Sundar leaned into a drive",Milne,Sundar,2.0,0,0,1,1,2.0,0,,1
"26.4 
2 
Milne to Sundar, 2 runs 
fuller still, and on middle. Flicked to midwicket for a couple",26.4,2,2.0,"Milne to Sundar, 2 runs  .fuller still, and on middle. Flicked to midwicket for a couple",Milne,Sundar,2.0,0,0,1,1,2.0,0,,1
"26.5 
• 
Milne to Sundar, no run 
full ball, and around sixth stump. Sundar shoulders arms to let that go",26.5,0,0.0,"Milne to Sundar, no run  .full ball, and around sixth stump. Sundar shoulders arms to let that go",Milne,Sundar,0.0,0,0,1,1,0.0,0,,0
"26.6 
• 
Milne to Sundar, no run 
short delivery now. Pitches it on middle and off, with a hint of movement back in. 
Sundar sways out of the way 
end of over 275 runs  
IND: 126/5CRR: 4.66  
Washington Sundar4 (7b) 
Deepak Hooda2 (3b) 
Adam Milne 9-0-54-3 
Lockie Ferguson 5-0-25-1 
Amit: ""Love this, prefect stage for Hooda and Sundar to consolidate their position in 
team India""",26.6,0,0.0,"Milne to Sundar, no run  .short delivery now. Pitches it on middle and off, with a hint of movement back in.  .Sundar sways out of the way",Milne,Sundar,0.0,0,0,1,1,0.0,0,,0
"27.1 
1 
Ferguson to Hooda, 1 run 
gets across off, and turns this shortish ball around middle and off around to fine leg. 
Good bounce for Ferguson there",27.1,1,1.0,"Ferguson to Hooda, 1 run  .gets across off, and turns this shortish ball around middle and off around to fine leg.  .Good bounce for Ferguson there",Ferguson,Hooda,1.0,0,0,1,1,1.0,0,,1
"27.2 
4 
Ferguson to Sundar, FOUR runs 
flicked for four! The man at midwicket dived to his right, but couldn't get a hand. It was 
a fullish ball on leg, as Sundar saw the opportunity to send that rolling by using the pace 
on the ball",27.2,4,4.0,"Ferguson to Sundar, FOUR runs  .flicked for four! The man at midwicket dived to his right, but couldn't get a hand. It was  .a fullish ball on leg, as Sundar saw the opportunity to send that rolling by using the pace  .on the ball",Ferguson,Sundar,4.0,1,0,1,1,4.0,0,,1
"27.3 
• 
Ferguson to Sundar, no run 
short of a length and angling across to end on top of off. Tapped down",27.3,0,0.0,"Ferguson to Sundar, no run  .short of a length and angling across to end on top of off. Tapped down",Ferguson,Sundar,0.0,0,0,1,1,0.0,0,,0
"27.4 
• 
Ferguson to Sundar, no run 
just a touch fuller than previous ball, and on a good length a bit wide of off. Left alone",27.4,0,0.0,"Ferguson to Sundar, no run  .just a touch fuller than previous ball, and on a good length a bit wide of off. Left alone",Ferguson,Sundar,0.0,0,0,1,1,0.0,0,,0
"27.5 
• 
Ferguson to Sundar, no run 
another short delivery, and this one is on off. Again Sundar just gets out of the way to let 
it go",27.5,0,0.0,"Ferguson to Sundar, no run  .another short delivery, and this one is on off. Again Sundar just gets out of the way to let  .it go",Ferguson,Sundar,0.0,0,0,1,1,0.0,0,,0
"27.6 
• 
Ferguson to Sundar, no run 
on the shorter side of a good length, and angling across again. It ends outside off, and 
Sundar is happy to keep leaving them alone 
end of over 285 runs  
IND: 131/5CRR: 4.67  
Washington Sundar8 (12b 1x4) 
Deepak Hooda3 (4b) 
Lockie Ferguson 6-0-30-1 
Adam Milne 9-0-54-3",27.6,0,0.0,"Ferguson to Sundar, no run  .on the shorter side of a good length, and angling across again. It ends outside off, and  .Sundar is happy to keep leaving them alone",Ferguson,Sundar,0.0,0,0,1,1,0.0,0,,0
"28.1 
• 
Milne to Hooda, no run 
again gets a touch across off. It is a shortish ball just outside off, and he opens the bat 
face to dab that down",28.1,0,0.0,"Milne to Hooda, no run  .again gets a touch across off. It is a shortish ball just outside off, and he opens the bat  .face to dab that down",Milne,Hooda,0.0,0,0,1,1,0.0,0,,0
"28.2 
1 
Milne to Hooda, 1 run 
now a full length ball on off, which is clipped just wide of mid-on for a rapid single 
Second slip now at gully",28.2,1,1.0,"Milne to Hooda, 1 run  .now a full length ball on off, which is clipped just wide of mid-on for a rapid single  .Second slip now at gully",Milne,Hooda,1.0,0,0,1,1,1.0,0,,1
"28.3 
• 
Milne to Sundar, no run 
and the man at gully straightaway stops a potential single. Good length ball just outside 
off, as Sundar tried to run that down deep third but didn't find the gap",28.3,0,0.0,"Milne to Sundar, no run  .and the man at gully straightaway stops a potential single. Good length ball just outside  .off, as Sundar tried to run that down deep third but didn't find the gap",Milne,Sundar,0.0,0,0,1,1,0.0,0,,0
"28.4 
1 
Milne to Sundar, 1 run 
on the shorter side of a good length on leg stump, and clipped to fine leg with his 
bottom hand off",28.4,1,1.0,"Milne to Sundar, 1 run  .on the shorter side of a good length on leg stump, and clipped to fine leg with his  .bottom hand off",Milne,Sundar,1.0,0,0,1,1,1.0,0,,1
"28.5 
1 
Milne to Hooda, 1 run 
pretty full on off, and flicked to deep midwicket after bending a bit",28.5,1,1.0,"Milne to Hooda, 1 run  .pretty full on off, and flicked to deep midwicket after bending a bit",Milne,Hooda,1.0,0,0,1,1,1.0,0,,1
"28.6 
• 
Milne to Sundar, no run 
beaten on the outside edge! Sundar hangs his bat just outside off in trying to block, but 
sees the ball ball fizz past it off a good length in the channel 
end of over 293 runs  
IND: 134/5CRR: 4.62  
Washington Sundar9 (15b 1x4) 
Deepak Hooda5 (7b) 
Adam Milne 10-0-57-3 
Lockie Ferguson 6-0-30-1 
Henry back",28.6,0,0.0,"Milne to Sundar, no run  .beaten on the outside edge! Sundar hangs his bat just outside off in trying to block, but  .sees the ball ball fizz past it off a good length in the channel",Milne,Sundar,0.0,0,0,1,1,0.0,0,,0
"29.1 
• 
Henry to Hooda, no run 
good length ball just outside off, and blocked down",29.1,0,0.0,"Henry to Hooda, no run  .good length ball just outside off, and blocked down",Henry,Hooda,0.0,0,0,1,1,0.0,0,,0
"29.2 
1 
Henry to Hooda, 1 run 
guides this good length ball outside off to deep third by opening the face of the bat",29.2,1,1.0,"Henry to Hooda, 1 run  .guides this good length ball outside off to deep third by opening the face of the bat",Henry,Hooda,1.0,0,0,1,1,1.0,0,,1
"29.3 
• 
Henry to Sundar, no run 
good length again, and this is around sixth stump. Left alone 
Pramod: ""Since ODI world cup is happening in India, how many of Spin bowling 
allrounders India can afford from Jadeja, Washington Sundar, Hooda, Axar and Shahbaz 
Ahmed?"" --- Jadeja remains a lock-in, with Washington likely to be preferred over Hooda. 
Axar might remain a back-up since he is like-for-like for Jadeja, with Shahbaz 
presumably a dark horse for injuries or lack of form",29.3,0,0.0,"Henry to Sundar, no run  .good length again, and this is around sixth stump. Left alone",Henry,Sundar,0.0,0,0,1,1,0.0,0,,0
"29.4 
• 
Henry to Sundar, no run 
goes for the drive, but is beaten! Fuller length, and again the teasing line of just outside 
off, as Sundar leans forward but the ball goes past the outside edge",29.4,0,0.0,"Henry to Sundar, no run  .goes for the drive, but is beaten! Fuller length, and again the teasing line of just outside  .off, as Sundar leans forward but the ball goes past the outside edge",Henry,Sundar,0.0,0,0,1,1,0.0,0,,0
"29.5 
• 
Henry to Sundar, no run 
this time he lets it go. Good length, and consistently outside off again",29.5,0,0.0,"Henry to Sundar, no run  .this time he lets it go. Good length, and consistently outside off again",Henry,Sundar,0.0,0,0,1,1,0.0,0,,0
"29.6 
• 
Henry to Sundar, no run 
fullish and outside off yet again from Henry, and Sundar is not bothered 
New Zealand certainly ahead at the moment, and here comes Suds to see through the 
next ten. 
end of over 301 run  
IND: 135/5CRR: 4.50  
Washington Sundar9 (19b 1x4) 
Deepak Hooda6 (9b) 
Matt Henry 7-1-25-0 
Adam Milne 10-0-57-3 
Southee back for another burst.",29.6,0,0.0,"Henry to Sundar, no run  .fullish and outside off yet again from Henry, and Sundar is not bothered  .New Zealand certainly ahead at the moment, and here comes Suds to see through the  .next ten.",Henry,Sundar,0.0,0,0,1,1,0.0,0,,0
"30.1 
• 
Southee to Hooda, no run 
Starts off with a length ball outside off, left alone by Hooda.",30.1,0,0.0,"Southee to Hooda, no run  .Starts off with a length ball outside off, left alone by Hooda.",Southee,Hooda,0.0,0,0,1,1,0.0,0,,0
"30.2 
1 
Southee to Hooda, 1 run 
Full and outside off, sliced all along the ground past backward point. 
Around the stumps to Washy.",30.2,1,1.0,"Southee to Hooda, 1 run  .Full and outside off, sliced all along the ground past backward point.  .Around the stumps to Washy.",Southee,Hooda,1.0,0,0,1,1,1.0,0,,1
"30.3 
1 
Southee to Sundar, 1 run 
On a length, targeting off stump. Washington takes his bottom hand off as he glides it 
to deep third.",30.3,1,1.0,"Southee to Sundar, 1 run  .On a length, targeting off stump. Washington takes his bottom hand off as he glides it  .to deep third.",Southee,Sundar,1.0,0,0,1,1,1.0,0,,1
"30.4 
• 
Southee to Hooda, no run 
Full on off, not much movement there. Driven to mid-off off the front foot.",30.4,0,0.0,"Southee to Hooda, no run  .Full on off, not much movement there. Driven to mid-off off the front foot.",Southee,Hooda,0.0,0,0,1,1,0.0,0,,0
"30.5 
1 
Southee to Hooda, 1 run 
Length ball outside off, drives it through covers. Gets it off the higher part of his bat.",30.5,1,1.0,"Southee to Hooda, 1 run  .Length ball outside off, drives it through covers. Gets it off the higher part of his bat.",Southee,Hooda,1.0,0,0,1,1,1.0,0,,1
"30.6 
4 
Southee to Sundar, FOUR runs 
Pure timing that. Full and just outside off, Washington drives it through mid-on. The 
fielder there was a bit wide - a la a Test match one - and Washy manages to evade him 
comfortably. Almost pounced on the opportunity there. 
Drinks 
end of over 317 runs  
IND: 142/5CRR: 4.58  
Washington Sundar14 (21b 2x4) 
Deepak Hooda8 (13b) 
Tim Southee 5-1-19-0 
Matt Henry 7-1-25-0 
No spin in this innings yet. New Zealand exploiting India's weakness, ehh? Or rather 
getting India's weaker suit into play? Here's Henry.",30.6,4,4.0,"Southee to Sundar, FOUR runs  .Pure timing that. Full and just outside off, Washington drives it through mid-on. The  .fielder there was a bit wide - a la a Test match one - and Washy manages to evade him  .comfortably. Almost pounced on the opportunity there.  .Drinks",Southee,Sundar,4.0,1,0,1,1,4.0,0,,1
"31.1 
• 
Henry to Hooda, no run 
Banged short in line of the stumps, Hooda sways away. Belatedly attempts the ramp.",31.1,0,0.0,"Henry to Hooda, no run  .Banged short in line of the stumps, Hooda sways away. Belatedly attempts the ramp.",Henry,Hooda,0.0,0,0,1,1,0.0,0,,0
"31.2 
2 
Henry to Hooda, 2 runs 
Smart running. Hooda steers it just past backward point and as a result, deep third had 
to get around to get that. Runs two in the interim. It was a fullish ball outside off.",31.2,2,2.0,"Henry to Hooda, 2 runs  .Smart running. Hooda steers it just past backward point and as a result, deep third had  .to get around to get that. Runs two in the interim. It was a fullish ball outside off.",Henry,Hooda,2.0,0,0,1,1,2.0,0,,1
"31.3 
• 
Henry to Hooda, no run 
Huge appeal for lbw but impact perhaps is outside off. On a length outside off, Hooda is 
beaten for pace and gets hit high on the front pad.",31.3,0,0.0,"Henry to Hooda, no run  .Huge appeal for lbw but impact perhaps is outside off. On a length outside off, Hooda is  .beaten for pace and gets hit high on the front pad.",Henry,Hooda,0.0,0,0,1,1,0.0,0,,0
"31.4 
• 
Henry to Hooda, no run 
Beaten on the inside now. On a length and outside off, Hooda presses forward but fails 
to make contact. He is still on the move as the ball passes him.",31.4,0,0.0,"Henry to Hooda, no run  .Beaten on the inside now. On a length and outside off, Hooda presses forward but fails  .to make contact. He is still on the move as the ball passes him.",Henry,Hooda,0.0,0,0,1,1,0.0,0,,0
"31.5 
1 
Henry to Hooda, 1 run 
Back of a length outside off, steers this to deep third. 
Sahil: ""The common rule of thumb is double your score at 30 overs if you have wickets 
in hand, can you see them getting to 280 realistically?"" The bigger question is will even 
that be enough against this NZ batting line-up.",31.5,1,1.0,"Henry to Hooda, 1 run  .Back of a length outside off, steers this to deep third.",Henry,Hooda,1.0,0,0,1,1,1.0,0,,1
"31.6 
• 
Henry to Sundar, no run 
Length ball angling away, he shoulders arms to let it go. 
end of over 323 runs  
IND: 145/5CRR: 4.53  
Washington Sundar14 (22b 2x4) 
Deepak Hooda11 (18b) 
Matt Henry 8-1-28-0 
Tim Southee 5-1-19-0 
Mitchell is back for his second spell.",31.6,0,0.0,"Henry to Sundar, no run  .Length ball angling away, he shoulders arms to let it go.",Henry,Sundar,0.0,0,0,1,1,0.0,0,,0
"32.1 
1 
Mitchell to Hooda, 1 run 
Genly-paced length ball around off at 117.2kph. Hooda gets inside the line and whips it 
through backward square leg.",32.1,1,1.0,"Mitchell to Hooda, 1 run  .Genly-paced length ball around off at 117.2kph. Hooda gets inside the line and whips it  .through backward square leg.",Mitchell,Hooda,1.0,0,0,1,1,1.0,0,,1
"32.2 
1 
Mitchell to Sundar, 1 run 
This time it's on the pads on a length, Washy tucks it away through fine leg.",32.2,1,1.0,"Mitchell to Sundar, 1 run  .This time it's on the pads on a length, Washy tucks it away through fine leg.",Mitchell,Sundar,1.0,0,0,1,1,1.0,0,,1
"32.3 
1w 
Mitchell to Hooda, 1 wide 
Bangs it short, not much pace on it at 119.6 clicks. But well over the batter's head.",32.3,1w,1.0,"Mitchell to Hooda, 1 wide  .Bangs it short, not much pace on it at 119.6 clicks. But well over the batter's head.",Mitchell,Hooda,0.0,0,0,0,0,1.0,0,,1
"32.3 
• 
Mitchell to Hooda, no run 
Mitchell bellows an appeal but again the impact is well outside off. NZ don't even bother 
a review. He bowls a length ball outside off, Hooda takes a huge stride forward to flick 
but misses. We saw Mutchell's version of a celebrappeal, which was quite long.",32.3,0,0.0,"Mitchell to Hooda, no run  .Mitchell bellows an appeal but again the impact is well outside off. NZ don't even bother  .a review. He bowls a length ball outside off, Hooda takes a huge stride forward to flick  .but misses. We saw Mutchell's version of a celebrappeal, which was quite long.",Mitchell,Hooda,0.0,0,0,1,1,0.0,0,,0
"32.4 
• 
Mitchell to Hooda, no run 
Bangs it short again outside off, a bit more zip on this one despite not having pace. 
Hooda has to take evasive action and sways away.",32.4,0,0.0,"Mitchell to Hooda, no run  .Bangs it short again outside off, a bit more zip on this one despite not having pace.  .Hooda has to take evasive action and sways away.",Mitchell,Hooda,0.0,0,0,1,1,0.0,0,,0
"32.5 
• 
Mitchell to Hooda, no run 
Length ball outside off, Hooda walks across and keeps it to the off side. 
A chat between Hooda and Washington now. Perhaps calming the batter's nerves.",32.5,0,0.0,"Mitchell to Hooda, no run  .Length ball outside off, Hooda walks across and keeps it to the off side.  .A chat between Hooda and Washington now. Perhaps calming the batter's nerves.",Mitchell,Hooda,0.0,0,0,1,1,0.0,0,,0
"32.6 
• 
Mitchell to Hooda, no run 
Length ball outside off, mistimes the cut to backward point. 
end of over 333 runs  
IND: 148/5CRR: 4.48  
Deepak Hooda12 (23b) 
Washington Sundar15 (23b 2x4) 
Daryl Mitchell 4-0-11-1 
Matt Henry 8-1-28-0 
Change of ends for Southee.",32.6,0,0.0,"Mitchell to Hooda, no run  .Length ball outside off, mistimes the cut to backward point.",Mitchell,Hooda,0.0,0,0,1,1,0.0,0,,0
"33.1 
• 
Southee to Sundar, no run 
Fullish and angling away, pushes towards mid-off.",33.1,0,0.0,"Southee to Sundar, no run  .Fullish and angling away, pushes towards mid-off.",Southee,Sundar,0.0,0,0,1,1,0.0,0,,0
"33.2 
1 
Southee to Sundar, 1 run 
Back of a length, Washy is on the front foot and mistimes his pull towards mid-on. The 
lack of timing and power allows him to sprint across.",33.2,1,1.0,"Southee to Sundar, 1 run  .Back of a length, Washy is on the front foot and mistimes his pull towards mid-on. The  .lack of timing and power allows him to sprint across.",Southee,Sundar,1.0,0,0,1,1,1.0,0,,1
"33.3 
• 
Southee to Hooda, no run 
Offcutter on a fuller length outside off, Hooda gets his stride out and defends it to the 
off side.",33.3,0,0.0,"Southee to Hooda, no run  .Offcutter on a fuller length outside off, Hooda gets his stride out and defends it to the  .off side.",Southee,Hooda,0.0,0,0,1,1,0.0,0,,0
"33.4 
W 
Southee to Hooda, OUT 
Banged short and down leg, Hooda goes for the pull but narrowly misses edging it. In 
fact Latham and Southee think there's a nick and convince Williamson to review. 
Latham was not a hundred percent sure. What does Snicko show? It shows a spike 
when the bat is next to the ball. What an excellent review that! Strange innings from 
Hooda, where he looked fidgety but couldn't have the amount of runs next to his name. 
India slide further. 
Deepak Hooda c †Latham b Southee 12 (25b 0x4 0x6 44m) SR: 48 
Pramod: ""Anyone feels that Eng score at faster rate in Test matches than India currently 
scoring in ODI? "" To be fair, the field settings in Test allows you to do that and you can 
make up for a slowish start... But i get the point. 
Deepak Chahar walks in at No. 8.",33.4,W,0.0,"Southee to Hooda, OUT  .Banged short and down leg, Hooda goes for the pull but narrowly misses edging it. In  .fact Latham and Southee think there's a nick and convince Williamson to review.  .Latham was not a hundred percent sure. What does Snicko show? It shows a spike  .when the bat is next to the ball. What an excellent review that! Strange innings from  .Hooda, where he looked fidgety but couldn't have the amount of runs next to his name.  .India slide further.  .Deepak Hooda c †Latham b Southee 12 (25b 0x4 0x6 44m) SR: 48",Southee,Hooda,0.0,0,0,1,1,0.0,1,c †Latham b Southee,0
"33.5 
• 
Southee to Chahar, no run 
Length ball around middle and leg, climbs a bit more. Fends it to the on side. 
Going purely by the celebration in the NZ huddle, it seems Daryl Mitchell was the one 
who spotted the nick and asked for the review. Because both Latham and Southee's 
reaction suggested they felt that the edge was narrowly missed.",33.5,0,0.0,"Southee to Chahar, no run  .Length ball around middle and leg, climbs a bit more. Fends it to the on side.  .Going purely by the celebration in the NZ huddle, it seems Daryl Mitchell was the one  .who spotted the nick and asked for the review. Because both Latham and Southee's  .reaction suggested they felt that the edge was narrowly missed.",Southee,Chahar,0.0,0,0,1,1,0.0,0,,0
"33.6 
• 
Southee to Chahar, no run 
Fullish on the stumps, steered to backward point. 
end of over 341 run • 1 wicket 
IND: 149/6CRR: 4.38  
Deepak Chahar0 (2b) 
Washington Sundar16 (25b 2x4) 
Tim Southee 6-1-20-1 
Daryl Mitchell 4-0-11-1",33.6,0,0.0,"Southee to Chahar, no run  .Fullish on the stumps, steered to backward point.",Southee,Chahar,0.0,0,0,1,1,0.0,0,,0
"34.1 
• 
Mitchell to Sundar, no run 
Fullish and outside off, beats the outside edge after Washington looks to get forward 
and block.",34.1,0,0.0,"Mitchell to Sundar, no run  .Fullish and outside off, beats the outside edge after Washington looks to get forward  .and block.",Mitchell,Sundar,0.0,0,0,1,1,0.0,0,,0
"34.2 
1 
Mitchell to Sundar, 1 run 
Fuller around middle, flicked through mid-on.",34.2,1,1.0,"Mitchell to Sundar, 1 run  .Fuller around middle, flicked through mid-on.",Mitchell,Sundar,1.0,0,0,1,1,1.0,0,,1
"34.3 
6 
Mitchell to Chahar, SIX runs 
How good is that shot! Full length around off, Chahar walks down a la Robin Uthappa 
and lifts it straight over the non-striker's head. In fact it has gone the distance. 
Excellent.",34.3,6,6.0,"Mitchell to Chahar, SIX runs  .How good is that shot! Full length around off, Chahar walks down a la Robin Uthappa  .and lifts it straight over the non-striker's head. In fact it has gone the distance.  .Excellent.",Mitchell,Chahar,6.0,0,1,1,1,6.0,0,,1
"34.4 
• 
Mitchell to Chahar, no run 
Length ball in the channel outside off, Chahar goes back and has a poke at it, only to 
miss.",34.4,0,0.0,"Mitchell to Chahar, no run  .Length ball in the channel outside off, Chahar goes back and has a poke at it, only to  .miss.",Mitchell,Chahar,0.0,0,0,1,1,0.0,0,,0
"34.5 
• 
Mitchell to Chahar, no run 
Length ball on off, the hit-the-top-of-off length. Chahar blocks it back.",34.5,0,0.0,"Mitchell to Chahar, no run  .Length ball on off, the hit-the-top-of-off length. Chahar blocks it back.",Mitchell,Chahar,0.0,0,0,1,1,0.0,0,,0
"34.6 
• 
Mitchell to Chahar, no run 
Length ball around off, climbs a bit more. Chahar rides the bounce and keeps it out 
towards cover-point. 
end of over 357 runs  
IND: 156/6CRR: 4.45  
Deepak Chahar6 (6b 1x6) 
Washington Sundar17 (27b 2x4) 
Daryl Mitchell 5-0-18-1 
Tim Southee 6-1-20-1 
Bharat: ""Why is Santner not bowling today? Did he get injured?"" Nope, because seamers 
are delivering the goods for NZ.",34.6,0,0.0,"Mitchell to Chahar, no run  .Length ball around off, climbs a bit more. Chahar rides the bounce and keeps it out  .towards cover-point.",Mitchell,Chahar,0.0,0,0,1,1,0.0,0,,0
"35.1 
• 
Southee to Sundar, no run 
Banged short just outside leg, Washington gets inside the line and looks to the umpire 
expecting a wide. Gets a one-bounce sign only.",35.1,0,0.0,"Southee to Sundar, no run  .Banged short just outside leg, Washington gets inside the line and looks to the umpire  .expecting a wide. Gets a one-bounce sign only.",Southee,Sundar,0.0,0,0,1,1,0.0,0,,0
"35.2 
• 
Southee to Sundar, no run 
Slower one, full outside off, Washy lets it be.",35.2,0,0.0,"Southee to Sundar, no run  .Slower one, full outside off, Washy lets it be.",Southee,Sundar,0.0,0,0,1,1,0.0,0,,0
"35.3 
4lb 
Southee to Sundar, 4 leg byes 
Full on the pads, this time Washington looks to flick it fine. Only manages to get it off 
his pads for four leg-byes. 
Sathish: ""Now we have 2 players with high average on the crease""",35.3,4lb,4.0,"Southee to Sundar, 4 leg byes  .Full on the pads, this time Washington looks to flick it fine. Only manages to get it off  .his pads for four leg-byes.",Southee,Sundar,0.0,0,0,1,1,0.0,0,,0
"35.4 
4 
Southee to Sundar, FOUR runs 
Convincingly pulled. Short in length around middle and leg, Washington stands tall and 
pulls it through midwicket. Mid-on and deep square leg get a tease before the ball beats 
them to the ropes.",35.4,4,4.0,"Southee to Sundar, FOUR runs  .Convincingly pulled. Short in length around middle and leg, Washington stands tall and  .pulls it through midwicket. Mid-on and deep square leg get a tease before the ball beats  .them to the ropes.",Southee,Sundar,4.0,1,0,1,1,4.0,0,,1
"35.5 
• 
Southee to Sundar, no run 
Short again, this time angling away on off. He sways away to let it pass.",35.5,0,0.0,"Southee to Sundar, no run  .Short again, this time angling away on off. He sways away to let it pass.",Southee,Sundar,0.0,0,0,1,1,0.0,0,,0
"35.6 
• 
Southee to Sundar, no run 
Full and outside off, Washy covers his stumps and lets it go. 
end of over 368 runs  
IND: 164/6CRR: 4.55  
Washington Sundar21 (33b 3x4) 
Deepak Chahar6 (6b 1x6) 
Tim Southee 7-1-24-1 
Daryl Mitchell 5-0-18-1",35.6,0,0.0,"Southee to Sundar, no run  .Full and outside off, Washy covers his stumps and lets it go.",Southee,Sundar,0.0,0,0,1,1,0.0,0,,0
"36.1 
• 
Mitchell to Chahar, no run 
On a length around off, Chahar defends it towards covers.",36.1,0,0.0,"Mitchell to Chahar, no run  .On a length around off, Chahar defends it towards covers.",Mitchell,Chahar,0.0,0,0,1,1,0.0,0,,0
"36.2 
6 
Mitchell to Chahar, SIX runs 
Chahar has walked out with a clear intent to take on Mitchell. It's banged in short, but 
Chahar knows there is not much pace on that. He takes a step down and bashes it over 
deep midwicket for his second six.",36.2,6,6.0,"Mitchell to Chahar, SIX runs  .Chahar has walked out with a clear intent to take on Mitchell. It's banged in short, but  .Chahar knows there is not much pace on that. He takes a step down and bashes it over  .deep midwicket for his second six.",Mitchell,Chahar,6.0,0,1,1,1,6.0,0,,1
"36.3 
W 
Mitchell to Chahar, OUT 
Mitchell extracts sweet revenge! Chahar makes room and Mitchell follows him with a 
cross-seam short ball. Chahar looks to pull but ends up skying it via the cue end. 
Southee gets under it by moving to his right from midwicket and gobbles it up. 
Deepak Chahar c Southee b Mitchell 12 (9b 0x4 2x6 15m) SR: 133.33 
Neil: ""I don't know why Mitchell doesn't get thrown the ball more often. He started his 
domestic career as a bowling all-rounder, but international cricket he rarely gets a single 
over. If you play him as the all-rounder in the team it would allow NZ to play an extra 
batsman."" 
Yuzvendra Chahal is in at No. 9! With over 13 overs to go.",36.3,W,0.0,"Mitchell to Chahar, OUT  .Mitchell extracts sweet revenge! Chahar makes room and Mitchell follows him with a  .cross-seam short ball. Chahar looks to pull but ends up skying it via the cue end.  .Southee gets under it by moving to his right from midwicket and gobbles it up.  .Deepak Chahar c Southee b Mitchell 12 (9b 0x4 2x6 15m) SR: 133.33",Mitchell,Chahar,0.0,0,0,1,1,0.0,1,c Southee b Mitchell,0
"36.4 
• 
Mitchell to Chahal, no run 
On a length outside off, Chahal blocks it to the off side.",36.4,0,0.0,"Mitchell to Chahal, no run  .On a length outside off, Chahal blocks it to the off side.",Mitchell,Chahal,0.0,0,0,1,1,0.0,0,,0
"36.5 
• 
Mitchell to Chahal, no run 
Fuller and just outside off, Chahar lunges to defend.",36.5,0,0.0,"Mitchell to Chahal, no run  .Fuller and just outside off, Chahar lunges to defend.",Mitchell,Chahal,0.0,0,0,1,1,0.0,0,,0
"36.6 
• 
Mitchell to Chahal, no run 
Full on off, keeps it out towards mid-on. 
end of over 376 runs • 1 wicket 
IND: 170/7CRR: 4.59  
Yuzvendra Chahal0 (3b) 
Washington Sundar21 (33b 3x4) 
Daryl Mitchell 6-0-24-2 
Tim Southee 7-1-24-1 
All eyes on Washington to see how he bats with the tail. And how long can he do so. 
Remember, he looked very good with his finishing touches in the first ODI. 
Ferguson is back now.",36.6,0,0.0,"Mitchell to Chahal, no run  .Full on off, keeps it out towards mid-on.",Mitchell,Chahal,0.0,0,0,1,1,0.0,0,,0
"37.1 
• 
Ferguson to Sundar, no run 
Angled away on a length, he leaves it alone.",37.1,0,0.0,"Ferguson to Sundar, no run  .Angled away on a length, he leaves it alone.",Ferguson,Sundar,0.0,0,0,1,1,0.0,0,,0
"37.2 
• 
Ferguson to Sundar, no run 
Angling away on a length again, it swings in AFTER it passes the batter. Washy lets it 
be.",37.2,0,0.0,"Ferguson to Sundar, no run  .Angling away on a length again, it swings in AFTER it passes the batter. Washy lets it  .be.",Ferguson,Sundar,0.0,0,0,1,1,0.0,0,,0
"37.3 
• 
Ferguson to Sundar, no run 
Beaten. Across him on a length, Washington gets inside the line to defend but gets 
beaten. It was bowled cross seam.",37.3,0,0.0,"Ferguson to Sundar, no run  .Beaten. Across him on a length, Washington gets inside the line to defend but gets  .beaten. It was bowled cross seam.",Ferguson,Sundar,0.0,0,0,1,1,0.0,0,,0
"37.4 
• 
Ferguson to Sundar, no run 
Fuller around off, angling away. Drives it to mid-off.",37.4,0,0.0,"Ferguson to Sundar, no run  .Fuller around off, angling away. Drives it to mid-off.",Ferguson,Sundar,0.0,0,0,1,1,0.0,0,,0
"37.5 
1 
Ferguson to Sundar, 1 run 
Fullish again around off, driven through cover-point to get to the other end. 
Rishi: ""If Chahar was going to go all guns blazing anyway, he could have at least come in 
a little later so Washington could have slowly built some runs with the tail, and then 
once the tailender gets out and India have a little base, Chahar could come out and put 
pressure on the New Zealand bowlers."" I thought the approach was right. And he was 
making good contact as well. It's Mitchell's deceptive pace that resulted in the cue end 
there. Any faster and that was perhaps the perfect shot - to send the ball over fine 
leg/backward square leg.",37.5,1,1.0,"Ferguson to Sundar, 1 run  .Fullish again around off, driven through cover-point to get to the other end.",Ferguson,Sundar,1.0,0,0,1,1,1.0,0,,1
"37.6 
• 
Ferguson to Chahal, no run 
Is there a nick? Full and on leg, Chahal looks to flick and there's a sound as the ball 
passes him. Perhaps flicked the pad. 
end of over 381 run  
IND: 171/7CRR: 4.50  
Yuzvendra Chahal0 (4b) 
Washington Sundar22 (38b 3x4) 
Lockie Ferguson 7-0-31-1 
Daryl Mitchell 6-0-24-2 
Henry is back for his ninth over.",37.6,0,0.0,"Ferguson to Chahal, no run  .Is there a nick? Full and on leg, Chahal looks to flick and there's a sound as the ball  .passes him. Perhaps flicked the pad.",Ferguson,Chahal,0.0,0,0,1,1,0.0,0,,0
"38.1 
• 
Henry to Sundar, no run 
Full and cutting away outside off, Washington strides forward and lifts his bat.",38.1,0,0.0,"Henry to Sundar, no run  .Full and cutting away outside off, Washington strides forward and lifts his bat.",Henry,Sundar,0.0,0,0,1,1,0.0,0,,0
"38.2 
• 
Henry to Sundar, no run 
Closer to the off stump this time, again on a length. He covers the stumps and 
shoulders arms.",38.2,0,0.0,"Henry to Sundar, no run  .Closer to the off stump this time, again on a length. He covers the stumps and  .shoulders arms.",Henry,Sundar,0.0,0,0,1,1,0.0,0,,0
"38.3 
• 
Henry to Sundar, no run 
Full and fast, outside off, going further away. Washington goes for the drive but is 
beaten.",38.3,0,0.0,"Henry to Sundar, no run  .Full and fast, outside off, going further away. Washington goes for the drive but is  .beaten.",Henry,Sundar,0.0,0,0,1,1,0.0,0,,0
"38.4 
1 
Henry to Sundar, 1 run 
Back of a length around middle and leg, Washington goes back and whips it through 
midwicket.",38.4,1,1.0,"Henry to Sundar, 1 run  .Back of a length around middle and leg, Washington goes back and whips it through  .midwicket.",Henry,Sundar,1.0,0,0,1,1,1.0,0,,1
"38.5 
• 
Henry to Chahal, no run 
On a length around middle, squares Chahal up and beats him on the outside edge. 
Watch India tour of New Zealand LIVE on Prime Video from Nov 18 to 30",38.5,0,0.0,"Henry to Chahal, no run  .On a length around middle, squares Chahal up and beats him on the outside edge.  .Watch India tour of New Zealand LIVE on Prime Video from Nov 18 to 30",Henry,Chahal,0.0,0,0,1,1,0.0,0,,0
"38.6 
• 
Henry to Chahal, no run 
Full on off and middle, eased to mid-on. 
end of over 391 run  
IND: 172/7CRR: 4.41  
Yuzvendra Chahal0 (6b) 
Washington Sundar23 (42b 3x4) 
Matt Henry 9-1-29-0 
Lockie Ferguson 7-0-31-1",38.6,0,0.0,"Henry to Chahal, no run  .Full on off and middle, eased to mid-on.",Henry,Chahal,0.0,0,0,1,1,0.0,0,,0
"39.1 
1 
Ferguson to Sundar, 1 run 
Full and well outside off, Washington leans into it and drives it to sweeper cover.",39.1,1,1.0,"Ferguson to Sundar, 1 run  .Full and well outside off, Washington leans into it and drives it to sweeper cover.",Ferguson,Sundar,1.0,0,0,1,1,1.0,0,,1
"39.2 
• 
Ferguson to Chahal, no run 
Length ball in line of the stumps, Chahal blocks it back.",39.2,0,0.0,"Ferguson to Chahal, no run  .Length ball in line of the stumps, Chahal blocks it back.",Ferguson,Chahal,0.0,0,0,1,1,0.0,0,,0
"39.3 
3 
Ferguson to Chahal, 3 runs 
Fine shot. Length ball outside off, Chahal gets besides the line of the ball and punches it 
through point. All along the ground. Gets three before the mop-up.",39.3,3,3.0,"Ferguson to Chahal, 3 runs  .Fine shot. Length ball outside off, Chahal gets besides the line of the ball and punches it  .through point. All along the ground. Gets three before the mop-up.",Ferguson,Chahal,3.0,0,0,1,1,3.0,0,,1
"39.4 
4 
Ferguson to Sundar, FOUR runs 
Driven beautifully! Full on off, Washington just waits for the ball to come to him before 
pushing it straight back. It speeds along. 
In the USA, you can watch this game live on ESPN+.",39.4,4,4.0,"Ferguson to Sundar, FOUR runs  .Driven beautifully! Full on off, Washington just waits for the ball to come to him before  .pushing it straight back. It speeds along.  .In the USA, you can watch this game live on ESPN+.",Ferguson,Sundar,4.0,1,0,1,1,4.0,0,,1
"39.5 
• 
Ferguson to Sundar, no run 
Full and going away from him, he just leaves it alone.",39.5,0,0.0,"Ferguson to Sundar, no run  .Full and going away from him, he just leaves it alone.",Ferguson,Sundar,0.0,0,0,1,1,0.0,0,,0
"39.6 
• 
Ferguson to Sundar, no run 
Short in length, looks to glide it to deep third but gets it to backward point. 
Well, time for Himanshu take it through to close. 
end of over 408 runs  
IND: 180/7CRR: 4.50  
Washington Sundar28 (46b 4x4) 
Yuzvendra Chahal3 (8b) 
Lockie Ferguson 8-0-39-1 
Matt Henry 9-1-29-0 
Hello again. How far can Sundar take India? Five fielders now allowed outside the circle.",39.6,0,0.0,"Ferguson to Sundar, no run  .Short in length, looks to glide it to deep third but gets it to backward point.  .Well, time for Himanshu take it through to close.",Ferguson,Sundar,0.0,0,0,1,1,0.0,0,,0
"40.1 
• 
Henry to Chahal, no run 
shortish ball on middle, as he leaps in the crease to dab that down",40.1,0,0.0,"Henry to Chahal, no run  .shortish ball on middle, as he leaps in the crease to dab that down",Henry,Chahal,0.0,0,0,1,1,0.0,0,,0
"40.2 
• 
Henry to Chahal, no run 
another back of a length, and just outside off. Punched back to the bowler with the full 
face of the bat",40.2,0,0.0,"Henry to Chahal, no run  .another back of a length, and just outside off. Punched back to the bowler with the full  .face of the bat",Henry,Chahal,0.0,0,0,1,1,0.0,0,,0
"40.3 
• 
Henry to Chahal, no run 
has a poke to this back of a length ball angling away to end wide of off. Beaten on the 
outside edge",40.3,0,0.0,"Henry to Chahal, no run  .has a poke to this back of a length ball angling away to end wide of off. Beaten on the  .outside edge",Henry,Chahal,0.0,0,0,1,1,0.0,0,,0
"40.4 
• 
Henry to Chahal, no run 
fuller in length, and shapes to angle into off. Pushed to mid-off",40.4,0,0.0,"Henry to Chahal, no run  .fuller in length, and shapes to angle into off. Pushed to mid-off",Henry,Chahal,0.0,0,0,1,1,0.0,0,,0
"40.5 
• 
Henry to Chahal, no run 
fended back to the bowler off the inside half of the bat, as he comes forward to push at 
this fullish ball on middle and off",40.5,0,0.0,"Henry to Chahal, no run  .fended back to the bowler off the inside half of the bat, as he comes forward to push at  .this fullish ball on middle and off",Henry,Chahal,0.0,0,0,1,1,0.0,0,,0
"40.6 
• 
Henry to Chahal, no run 
another miss outside off. On the shorter side of a good length, and slightly wide of off, 
as his attempted jab doesn't result in bat on ball 
end of over 41Maiden 
IND: 180/7CRR: 4.39  
Yuzvendra Chahal3 (14b) 
Washington Sundar28 (46b 4x4) 
Matt Henry 10-2-29-0 
Lockie Ferguson 8-0-39-1",40.6,0,0.0,"Henry to Chahal, no run  .another miss outside off. On the shorter side of a good length, and slightly wide of off,  .as his attempted jab doesn't result in bat on ball",Henry,Chahal,0.0,0,0,1,1,0.0,0,,0
"41.1 
• 
Ferguson to Sundar, no run 
ah, that seemed very close to the off stump. Good length delivery almost straightening 
close to off, but then going over the stump after Sundar let it go",41.1,0,0.0,"Ferguson to Sundar, no run  .ah, that seemed very close to the off stump. Good length delivery almost straightening  .close to off, but then going over the stump after Sundar let it go",Ferguson,Sundar,0.0,0,0,1,1,0.0,0,,0
"41.2 
• 
Ferguson to Sundar, no run 
short delivery climbing near his right shoulder. Fended back with his bottom hand off 
Bala: ""There is an element of calmness in Washy that has always been missing in 
Hooda. If not for Injuries, Washy and Chahar would have been regulars in ODI line up 
atleast""",41.2,0,0.0,"Ferguson to Sundar, no run  .short delivery climbing near his right shoulder. Fended back with his bottom hand off",Ferguson,Sundar,0.0,0,0,1,1,0.0,0,,0
"41.3 
2 
Ferguson to Sundar, 2 runs 
turns this short delivery on middle and leg around to fine leg, and again after losing his 
bottom hand, as Ferguson gets good bounce",41.3,2,2.0,"Ferguson to Sundar, 2 runs  .turns this short delivery on middle and leg around to fine leg, and again after losing his  .bottom hand, as Ferguson gets good bounce",Ferguson,Sundar,2.0,0,0,1,1,2.0,0,,1
"41.4 
• 
Ferguson to Sundar, no run 
much fuller line, and just outside off at 143kph. This goes on straight with the arm, as 
he leaves it alone",41.4,0,0.0,"Ferguson to Sundar, no run  .much fuller line, and just outside off at 143kph. This goes on straight with the arm, as  .he leaves it alone",Ferguson,Sundar,0.0,0,0,1,1,0.0,0,,0
"41.5 
1 
Ferguson to Sundar, 1 run 
another short delivery climbing on high towards the batter on middle. Tucked to the on 
side, and close to the pitch 
Around the wicket to Chahal. Leg slip and backward short leg in place. The plan is 
obvious.",41.5,1,1.0,"Ferguson to Sundar, 1 run  .another short delivery climbing on high towards the batter on middle. Tucked to the on  .side, and close to the pitch  .Around the wicket to Chahal. Leg slip and backward short leg in place. The plan is  .obvious.",Ferguson,Sundar,1.0,0,0,1,1,1.0,0,,1
"41.6 
1w 
Ferguson to Chahal, 1 wide 
and he bowls a wide. Bangs it in short on leg, with the flying off the surface, as Chahal 
swayed out of the way. Too high, and called wide",41.6,1w,1.0,"Ferguson to Chahal, 1 wide  .and he bowls a wide. Bangs it in short on leg, with the flying off the surface, as Chahal  .swayed out of the way. Too high, and called wide",Ferguson,Chahal,0.0,0,0,0,0,1.0,0,,1
"41.6 
• 
Ferguson to Chahal, no run 
and there comes the full delivery on off. Pushed to cover from deep in the crease 
end of over 424 runs  
IND: 184/7CRR: 4.38  
Yuzvendra Chahal3 (15b) 
Washington Sundar31 (51b 4x4) 
Lockie Ferguson 9-0-43-1 
Matt Henry 10-2-29-0 
Ah, here comes the first over of spin. Santner to Sundar.",41.6,0,0.0,"Ferguson to Chahal, no run  .and there comes the full delivery on off. Pushed to cover from deep in the crease",Ferguson,Chahal,0.0,0,0,1,1,0.0,0,,0
"42.1 
2 
Santner to Sundar, 2 runs 
good length ball on middle, and turned around towards deep square leg. Good running 
for two 
Dylan : ""I feel like Henry on so many occasions bowls so well without reward.""",42.1,2,2.0,"Santner to Sundar, 2 runs  .good length ball on middle, and turned around towards deep square leg. Good running  .for two",Santner,Sundar,2.0,0,0,1,1,2.0,0,,1
"42.2 
1 
Santner to Sundar, 1 run 
shorter and wide of off, with a hint of turn in. Swatted to deep point 
Around the stumps to Chahal. A slip in place too.",42.2,1,1.0,"Santner to Sundar, 1 run  .shorter and wide of off, with a hint of turn in. Swatted to deep point  .Around the stumps to Chahal. A slip in place too.",Santner,Sundar,1.0,0,0,1,1,1.0,0,,1
"42.3 
1 
Santner to Chahal, 1 run 
on a shortish length on middle and leg, and calmly clipped to square leg",42.3,1,1.0,"Santner to Chahal, 1 run  .on a shortish length on middle and leg, and calmly clipped to square leg",Santner,Chahal,1.0,0,0,1,1,1.0,0,,1
"42.4 
• 
Santner to Sundar, no run 
tosses it up, and slows it down to bowl full and a bit wide of off. Sundar opens the bat 
face to poke to point",42.4,0,0.0,"Santner to Sundar, no run  .tosses it up, and slows it down to bowl full and a bit wide of off. Sundar opens the bat  .face to poke to point",Santner,Sundar,0.0,0,0,1,1,0.0,0,,0
"42.5 
1 
Santner to Sundar, 1 run 
good length on middle and off, and nudged towards midwicket",42.5,1,1.0,"Santner to Sundar, 1 run  .good length on middle and off, and nudged towards midwicket",Santner,Sundar,1.0,0,0,1,1,1.0,0,,1
"42.6 
• 
Santner to Chahal, no run 
short again, and going on with the arm on middle stump. Punched back 
end of over 435 runs  
IND: 189/7CRR: 4.39  
Yuzvendra Chahal4 (17b) 
Washington Sundar35 (55b 4x4) 
Mitchell Santner 1-0-5-0 
Lockie Ferguson 9-0-43-1",42.6,0,0.0,"Santner to Chahal, no run  .short again, and going on with the arm on middle stump. Punched back",Santner,Chahal,0.0,0,0,1,1,0.0,0,,0
"43.1 
1 
Ferguson to Sundar, 1 run 
pretty full ball around sixth stump, and jammed back to mid-off. Sundar doesn't mind 
giving the strike to Chahal 
Now Ferguson comes from over the wicket to Chahal",43.1,1,1.0,"Ferguson to Sundar, 1 run  .pretty full ball around sixth stump, and jammed back to mid-off. Sundar doesn't mind  .giving the strike to Chahal  .Now Ferguson comes from over the wicket to Chahal",Ferguson,Sundar,1.0,0,0,1,1,1.0,0,,1
"43.2 
• 
Ferguson to Chahal, no run 
fires a short ball on middle and off at 143kph. Chahal backs away, and pushes it back 
with his bottom hand off",43.2,0,0.0,"Ferguson to Chahal, no run  .fires a short ball on middle and off at 143kph. Chahal backs away, and pushes it back  .with his bottom hand off",Ferguson,Chahal,0.0,0,0,1,1,0.0,0,,0
"43.3 
2 
Ferguson to Chahal, 2 runs 
great fielding by fine leg running and sliding to his right. Shortish ball on middle from 
Ferguson, as Chahal swung with his eyes off the ball, with the ball flying odf the top 
edge",43.3,2,2.0,"Ferguson to Chahal, 2 runs  .great fielding by fine leg running and sliding to his right. Shortish ball on middle from  .Ferguson, as Chahal swung with his eyes off the ball, with the ball flying odf the top  .edge",Ferguson,Chahal,2.0,0,0,1,1,2.0,0,,1
"43.4 
2 
Ferguson to Chahal, 2 runs 
back of a length on middle and leg, and clipped towards square leg, and to the right of 
the man at backward short leg",43.4,2,2.0,"Ferguson to Chahal, 2 runs  .back of a length on middle and leg, and clipped towards square leg, and to the right of  .the man at backward short leg",Ferguson,Chahal,2.0,0,0,1,1,2.0,0,,1
"43.5 
1lb 
Ferguson to Chahal, 1 leg bye 
and now deep third rushes and tumbles to his left to save what looked like four. Short 
ball launched at Chahal on off stump, as it hits his right shoulder after he takes his eyes 
off it while swivelling in the crease 
And here comes the physio.",43.5,1lb,1.0,"Ferguson to Chahal, 1 leg bye  .and now deep third rushes and tumbles to his left to save what looked like four. Short  .ball launched at Chahal on off stump, as it hits his right shoulder after he takes his eyes  .off it while swivelling in the crease  .And here comes the physio.",Ferguson,Chahal,0.0,0,0,1,1,0.0,0,,0
"43.6 
1 
Ferguson to Sundar, 1 run 
a late guide to deep third, as he waits for this back of a length ball in the channel 
outside off before poking it away 
end of over 447 runs  
IND: 196/7CRR: 4.45  
Washington Sundar37 (57b 4x4) 
Yuzvendra Chahal8 (21b) 
Lockie Ferguson 10-0-49-1 
Mitchell Santner 1-0-5-0",43.6,1,1.0,"Ferguson to Sundar, 1 run  .a late guide to deep third, as he waits for this back of a length ball in the channel  .outside off before poking it away",Ferguson,Sundar,1.0,0,0,1,1,1.0,0,,1
"44.1 
4 
Santner to Sundar, FOUR runs 
laps this to the left of short fine leg! He gets across off early, as the good length ball 
turns in to end outside leg, exactly where he would have liked after the initial movement",44.1,4,4.0,"Santner to Sundar, FOUR runs  .laps this to the left of short fine leg! He gets across off early, as the good length ball  .turns in to end outside leg, exactly where he would have liked after the initial movement",Santner,Sundar,4.0,1,0,1,1,4.0,0,,1
"44.2 
1 
Santner to Sundar, 1 run 
slower, short and wide of off. Cut late to cover",44.2,1,1.0,"Santner to Sundar, 1 run  .slower, short and wide of off. Cut late to cover",Santner,Sundar,1.0,0,0,1,1,1.0,0,,1
"44.3 
W 
Santner to Chahal, OUT 
Chahal loses patience, and balloons the ball to slip! Santner teases the tailender with a 
slow, loopy and full ball on middle and off. Chahal goes down on his back knee to 
attempt a massive slog sweep, but is into the shot early. The ball takes the top edge, 
with Southee at slip moving across to his left to take a simple catch 
Yuzvendra Chahal c Southee b Santner 8 (22b 0x4 0x6 36m) SR: 36.36 
Arshdeep at No. 10. Slip in place.",44.3,W,0.0,"Santner to Chahal, OUT  .Chahal loses patience, and balloons the ball to slip! Santner teases the tailender with a  .slow, loopy and full ball on middle and off. Chahal goes down on his back knee to  .attempt a massive slog sweep, but is into the shot early. The ball takes the top edge,  .with Southee at slip moving across to his left to take a simple catch  .Yuzvendra Chahal c Southee b Santner 8 (22b 0x4 0x6 36m) SR: 36.36",Santner,Chahal,0.0,0,0,1,1,0.0,1,c Southee b Santner,0
"44.4 
2 
Santner to Arshdeep, 2 runs 
a stylish pull! Good length ball outside off, as he goes deep in the crease and swipes 
that with his front leg in the air. Places it wide of long-on",44.4,2,2.0,"Santner to Arshdeep, 2 runs  .a stylish pull! Good length ball outside off, as he goes deep in the crease and swipes  .that with his front leg in the air. Places it wide of long-on",Santner,Arshdeep,2.0,0,0,1,1,2.0,0,,1
"44.5 
1 
Santner to Arshdeep, 1 run 
now he skips down the pitch. Fuller delivery outside off, and he flings to mid-off's left",44.5,1,1.0,"Santner to Arshdeep, 1 run  .now he skips down the pitch. Fuller delivery outside off, and he flings to mid-off's left",Santner,Arshdeep,1.0,0,0,1,1,1.0,0,,1
"44.6 
2 
Santner to Sundar, 2 runs 
full and flat outside off, as he clips wide of long-on. But he has taken two - as was the 
initial call - to bring Arshdeep on strike next over 
end of over 4510 runs • 1 wicket 
IND: 206/8CRR: 4.57  
Washington Sundar44 (60b 5x4) 
Arshdeep Singh3 (2b) 
Mitchell Santner 2-0-15-1 
Lockie Ferguson 10-0-49-1 
Ferguson is done, so here comes Southee from around the wicket",44.6,2,2.0,"Santner to Sundar, 2 runs  .full and flat outside off, as he clips wide of long-on. But he has taken two - as was the  .initial call - to bring Arshdeep on strike next over",Santner,Sundar,2.0,0,0,1,1,2.0,0,,1
"45.1 
• 
Southee to Arshdeep, no run 
good length ball angling in to finish on top of off. Pushed back after getting across 
David: ""Why Chahal, why?""",45.1,0,0.0,"Southee to Arshdeep, no run  .good length ball angling in to finish on top of off. Pushed back after getting across",Southee,Arshdeep,0.0,0,0,1,1,0.0,0,,0
"45.2 
• 
Southee to Arshdeep, no run 
and again. This shapes back in off a good length outside off, and ends on the stumps. 
Nudged back to the bowler",45.2,0,0.0,"Southee to Arshdeep, no run  .and again. This shapes back in off a good length outside off, and ends on the stumps.  .Nudged back to the bowler",Southee,Arshdeep,0.0,0,0,1,1,0.0,0,,0
"45.3 
• 
Southee to Arshdeep, no run 
this ball is shorter, and a bit wide of off too. He pulls but misses, with the ball again 
angling in",45.3,0,0.0,"Southee to Arshdeep, no run  .this ball is shorter, and a bit wide of off too. He pulls but misses, with the ball again  .angling in",Southee,Arshdeep,0.0,0,0,1,1,0.0,0,,0
"45.4 
• 
Southee to Arshdeep, no run 
another short delivery. This is shorter, and climbs higher too, as it is pitched outside off 
and Arsh misses a pull again 
Elsewhere at the FIFA World Cup, Marcus Rashford now has as many World Cup goals 
as Johan Cruyff and has emulated Bobby Charlton from 1966. All the best stats from an 
action-packed Day 10 are here.",45.4,0,0.0,"Southee to Arshdeep, no run  .another short delivery. This is shorter, and climbs higher too, as it is pitched outside off  .and Arsh misses a pull again  .Elsewhere at the FIFA World Cup, Marcus Rashford now has as many World Cup goals  .as Johan Cruyff and has emulated Bobby Charlton from 1966. All the best stats from an  .action-packed Day 10 are here.",Southee,Arshdeep,0.0,0,0,1,1,0.0,0,,0
"45.5 
• 
Southee to Arshdeep, no run 
more play and miss. Short ball yet again from Southee, as he continues bowling outside 
off, and Arsh continues pulling and missing",45.5,0,0.0,"Southee to Arshdeep, no run  .more play and miss. Short ball yet again from Southee, as he continues bowling outside  .off, and Arsh continues pulling and missing",Southee,Arshdeep,0.0,0,0,1,1,0.0,0,,0
"45.6 
6 
Southee to Arshdeep, SIX runs 
flung over deep square leg! Arshdeep manages to extract at least something after all 
those plays and misses. He went swinging through the line at this good length ball, 
which shaped in to end on middle and leg. Arshdeep made a slight bit of room, and sent 
the ball crashing 
end of over 466 runs  
IND: 212/8CRR: 4.60  
Arshdeep Singh9 (8b 1x6) 
Washington Sundar44 (60b 5x4) 
Tim Southee 8-1-30-1 
Mitchell Santner 2-0-15-1 
Mitchell back",45.6,6,6.0,"Southee to Arshdeep, SIX runs  .flung over deep square leg! Arshdeep manages to extract at least something after all  .those plays and misses. He went swinging through the line at this good length ball,  .which shaped in to end on middle and leg. Arshdeep made a slight bit of room, and sent  .the ball crashing",Southee,Arshdeep,6.0,0,1,1,1,6.0,0,,1
"46.1 
1 
Mitchell to Sundar, 1 run 
short and wide of off. Slapped to deep point",46.1,1,1.0,"Mitchell to Sundar, 1 run  .short and wide of off. Slapped to deep point",Mitchell,Sundar,1.0,0,0,1,1,1.0,0,,1
"46.2 
W 
Mitchell to Arshdeep, OUT 
trapped in front, and so confident was Mitchell that it was hardly half an appeal. Given 
out, but Arshdeep and India have nothing to lose, and so he reviews. Full ball on middle, 
and with a scrambled seam, as Arshdeep misses his push, with the bat face not entirely 
closed either. No bat involved, and replays show the ball would have tickled middle 
stump 
Arshdeep Singh lbw b Mitchell 9 (9b 0x4 1x6 10m) SR: 100 
Raj: ""Why Sundar, why?"" 
Malik is the last man in",46.2,W,0.0,"Mitchell to Arshdeep, OUT  .trapped in front, and so confident was Mitchell that it was hardly half an appeal. Given  .out, but Arshdeep and India have nothing to lose, and so he reviews. Full ball on middle,  .and with a scrambled seam, as Arshdeep misses his push, with the bat face not entirely  .closed either. No bat involved, and replays show the ball would have tickled middle  .stump  .Arshdeep Singh lbw b Mitchell 9 (9b 0x4 1x6 10m) SR: 100",Mitchell,Arshdeep,0.0,0,0,1,1,0.0,1,lbw b Mitchell,0
"46.3 
• 
Mitchell to Umran Malik, no run 
fullish ball in the channel outside off, as Malik misses his push, with the ball passing the 
outside edge",46.3,0,0.0,"Mitchell to Umran Malik, no run  .fullish ball in the channel outside off, as Malik misses his push, with the ball passing the  .outside edge",Mitchell,Umran Malik,0.0,0,0,1,1,0.0,0,,0
"46.4 
• 
Mitchell to Umran Malik, no run 
hints to take a step down, before nudging this good length ball outside off towards 
cover. Looked like a very confident block",46.4,0,0.0,"Mitchell to Umran Malik, no run  .hints to take a step down, before nudging this good length ball outside off towards  .cover. Looked like a very confident block",Mitchell,Umran Malik,0.0,0,0,1,1,0.0,0,,0
"46.5 
• 
Mitchell to Umran Malik, no run 
ah, here comes the tailender's will to swing. Good length ball just outside off, and 
seaming away, as Malik misses his across-the-line heave",46.5,0,0.0,"Mitchell to Umran Malik, no run  .ah, here comes the tailender's will to swing. Good length ball just outside off, and  .seaming away, as Malik misses his across-the-line heave",Mitchell,Umran Malik,0.0,0,0,1,1,0.0,0,,0
"46.6 
• 
Mitchell to Umran Malik, no run 
slower ball. On a fullish length outside off, and pushed to point 
end of over 471 run • 1 wicket 
IND: 213/9CRR: 4.53  
Umran Malik0 (4b) 
Washington Sundar45 (61b 5x4) 
Daryl Mitchell 7-0-25-3 
Tim Southee 8-1-30-1",46.6,0,0.0,"Mitchell to Umran Malik, no run  .slower ball. On a fullish length outside off, and pushed to point",Mitchell,Umran Malik,0.0,0,0,1,1,0.0,0,,0
"47.1 
6 
Southee to Sundar, SIX runs 
six over midwicket, and that's his fifty! He has helped India post a respectable score, 
and he impresses further. Gets a shortish ball angling across towards middle and off, 
and hammers that over the fence for six 
See all photos",47.1,6,6.0,"Southee to Sundar, SIX runs  .six over midwicket, and that's his fifty! He has helped India post a respectable score,  .and he impresses further. Gets a shortish ball angling across towards middle and off,  .and hammers that over the fence for six  .See all photos",Southee,Sundar,6.0,0,1,1,1,6.0,0,,1
"47.2 
• 
Southee to Sundar, no run 
back of a length, and ending just outside off. Punched to long-on, and he denies the 
single",47.2,0,0.0,"Southee to Sundar, no run  .back of a length, and ending just outside off. Punched to long-on, and he denies the  .single",Southee,Sundar,0.0,0,0,1,1,0.0,0,,0
"47.3 
W 
Southee to Sundar, OUT 
a faint tickle, and gone! Southee banged it in short on middle and off again, and 
Washington went hard for the pull. There was a little sound as the ball passed the top 
edge, and Latham took the catch comfortably. But all said and done, Washington still 
reviews. Replays confirm the edge was there indeed, and Sundar is gone. India fold up 
for 219 
Washington Sundar c †Latham b Southee 51 (64b 5x4 1x6 104m) SR: 79.68 
6.22pm An innings that never really got going. It was a fair start by Dhawan and Gill, but 
the latter never had any momentum early on, something pretty much spilled on to the 
rest of the line-up. Washington's 51 proved key to India crossing the psychological mark 
of 200, with Iyer's 49 also key in the middle. Williamson dropped a spinner for today, and 
even used just two overs from Santner, perhaps sensing the movement that the pace 
bowlers got with the wind and cloudy conditions around. 
Sam: ""How many runs are India short of a par score?"" --- With the movement that was 
around, I guess even 250 would have been challenging. 
Mitchell being used as the fifth bowler worked wonders, as his triple-strike pushed India 
back. Milne got three as well, but Southee's two and Henry's economical ten overs were 
very effective too. Join Suds for the chase, as New Zealand need 220 for another ODI 
series win at home. 
Sponsored Headlines 
 
ENG vs WI 2025, ENG vs WI 1st ODI Match Preview - Jamie Smith to open as England, 
West Indies embark on another ODI rebootDiscover 
 
Haider Ali's dew-focused prep spins UAE to famous series win against Bangladesh | 
ESPNcricinfoDiscover 
 
Mixbook |  
Sponsored by TaboolaSponsored by Taboola 
Start Now 
Is Your Dad One of One?Read MoreSkip 
 
Dale Benkenstein leaves Lancashire as Steven Croft takes over as head coach | 
ESPNcricinfoDiscover 
 
India in England - Sai Sudharsan and Karun Nair in India's Test squad | 
ESPNcricinfoDiscover 
 
Ask a Pro: ""How Long Does $1.5M Last in Retirement?""Get a Complimentary Intro Call 
With a Wealth AdvisorSmartAsset |  
SponsoredSponsored 
Click Here 
Undo 
 
Take the scenic route in OregonPlan your trip to Oregon's outdoors for hiking trails, 
sweeping views and grand adventures.Travel Oregon |  
SponsoredSponsored 
Learn More 
Undo 
 
Summer adventures in OregonWhether through backroads or forest trails, Oregon is full 
of routes worth the ride. Plan your trip today.Travel Oregon |  
SponsoredSponsored 
Learn More 
Undo 
 
Wanna Wow Dad?Make his day with a personalized photo book.Mixbook |  
SponsoredSponsored 
Shop Now 
Undo 
 
At this mansion of former Celtics great, walking is not just allowed, it's 
encouragedHomes.com |  
SponsoredSponsored 
Undo 
 
He Was A NBA Legend, Now He's Working 9 To 5Money Pop |  
SponsoredSponsored 
Undo 
 
In Connecticut, $",47.3,W,0.0,"Southee to Sundar, OUT  .a faint tickle, and gone! Southee banged it in short on middle and off again, and  .Washington went hard for the pull. There was a little sound as the ball passed the top  .edge, and Latham took the catch comfortably. But all said and done, Washington still  .reviews. Replays confirm the edge was there indeed, and Sundar is gone. India fold up  .for 219  .Washington Sundar c †Latham b Southee 51 (64b 5x4 1x6 104m) SR: 79.68",Southee,Sundar,0.0,0,0,1,1,0.0,1,c †Latham b Southee,0
