raw_data,overs,runs,team_runs,commentary,bowler,batsman,batsman_runs,batsman_fours,batsman_sixes,batsman_bowls_faced,bowler_bowls_done,bowler_runs_given,bowler_wickets,dismissal,runs_given_bool
"0.1 
1 
Archer to Gurbaz, 1 run 
width outside off to start, 86mph/138kph. Opens the face and guides this down to deep 
third",0.1,1,1.0,"Archer to Gurbaz, 1 run  .width outside off to start, 86mph/138kph. Opens the face and guides this down to deep  .third",Archer,Gurbaz,1.0,0,0,1,1,1.0,0,,1
"0.2 
• 
Archer to Ibrahim Zadran, no run 
tighter fourth-stump line, hard length. Punched defensively into the covers",0.2,0,0.0,"Archer to Ibrahim Zadran, no run  .tighter fourth-stump line, hard length. Punched defensively into the covers",Archer,Ibrahim Zadran,0.0,0,0,1,1,0.0,0,,0
"0.3 
• 
Archer to Ibrahim Zadran, no run 
nip-backer from short of a good length. 85mph/137kph, jagging back. Inside-edged into 
the midriff",0.3,0,0.0,"Archer to Ibrahim Zadran, no run  .nip-backer from short of a good length. 85mph/137kph, jagging back. Inside-edged into  .the midriff",Archer,Ibrahim Zadran,0.0,0,0,1,1,0.0,0,,0
"0.4 
• 
Archer to Ibrahim Zadran, no run 
sixth-stump line, bashing away at a hard length. Punched into the covers on the bounce",0.4,0,0.0,"Archer to Ibrahim Zadran, no run  .sixth-stump line, bashing away at a hard length. Punched into the covers on the bounce",Archer,Ibrahim Zadran,0.0,0,0,1,1,0.0,0,,0
"0.5 
1lb 
Archer to Ibrahim Zadran, 1 leg bye 
strays onto the hip, Zadran swivel-pulls down to long leg. 85mph/136kph",0.5,1lb,1.0,"Archer to Ibrahim Zadran, 1 leg bye  .strays onto the hip, Zadran swivel-pulls down to long leg. 85mph/136kph",Archer,Ibrahim Zadran,0.0,0,0,1,1,0.0,0,,0
"0.6 
1w 
Archer to Gurbaz, 1 wide 
strays down the leg side, just past Gurbaz's attempted flick as he leans across towards 
the off side",0.6,1w,1.0,"Archer to Gurbaz, 1 wide  .strays down the leg side, just past Gurbaz's attempted flick as he leans across towards  .the off side",Archer,Gurbaz,0.0,0,0,0,0,1.0,0,,1
"0.6 
1 
Archer to Gurbaz, 1 run 
inswinger, fuller and targeting off stump. Flicked out to deep backward square 
Sam: ""Do we know if the pitch is a used pitch?"" -- Fresh one. Two strips across from the 
Australia game at the weekend. 
end of over 14 runs  
AFG: 4/0CRR: 4.00  
Rahmanullah Gurbaz2 (2b) 
Ibrahim Zadran0 (4b) 
Jofra Archer 1-0-3-0 
Motown: ""So Afghanistan have to play two 50 over games in three days while India gets 
a week off so they can play their matches at weekends. Wishful thinking I know, but 
wouldn't it be nice for once in a global tournament if sporting integrity took precedence 
over money."" -- Afghanistan do seem to have had the worst of the schedule, but India 
played Thursday-Sunday last week. 
Two slips for Mark Wood. He was belted by Australia on Saturday night.",0.6,1,1.0,"Archer to Gurbaz, 1 run  .inswinger, fuller and targeting off stump. Flicked out to deep backward square",Archer,Gurbaz,1.0,0,0,1,1,1.0,0,,1
"1.1 
• 
Wood to Gurbaz, no run 
back of a length, outside off stump. Left alone. 89mph/144kph",1.1,0,0.0,"Wood to Gurbaz, no run  .back of a length, outside off stump. Left alone. 89mph/144kph",Wood,Gurbaz,0.0,0,0,1,1,0.0,0,,0
"1.2 
• 
Wood to Gurbaz, no run 
wide on the crease in release, cranks it up to 92mph/148kph. Left alone outside off",1.2,0,0.0,"Wood to Gurbaz, no run  .wide on the crease in release, cranks it up to 92mph/148kph. Left alone outside off",Wood,Gurbaz,0.0,0,0,1,1,0.0,0,,0
"1.3 
1 
Wood to Gurbaz, 1 run 
skiddy, good-length ball towards off stump at 92mph/148kph. Tip-and-run into the off 
side as Salt races in and flicks underarm at the stumps. Direct hit from close range but 
Zadran's full-length dive means he was comfortably home",1.3,1,1.0,"Wood to Gurbaz, 1 run  .skiddy, good-length ball towards off stump at 92mph/148kph. Tip-and-run into the off  .side as Salt races in and flicks underarm at the stumps. Direct hit from close range but  .Zadran's full-length dive means he was comfortably home",Wood,Gurbaz,1.0,0,0,1,1,1.0,0,,1
"1.4 
• 
Wood to Ibrahim Zadran, no run 
fuller, in the channel outside off stump. Zadran's feet are stuck in the crease as though 
it's concrete that has turned hard during the bowler's run-up, and he can't lay bat on ball",1.4,0,0.0,"Wood to Ibrahim Zadran, no run  .fuller, in the channel outside off stump. Zadran's feet are stuck in the crease as though  .it's concrete that has turned hard during the bowler's run-up, and he can't lay bat on ball",Wood,Ibrahim Zadran,0.0,0,0,1,1,0.0,0,,0
"1.5 
• 
Wood to Ibrahim Zadran, no run 
defended firmly with a straight bat, into the off side",1.5,0,0.0,"Wood to Ibrahim Zadran, no run  .defended firmly with a straight bat, into the off side",Wood,Ibrahim Zadran,0.0,0,0,1,1,0.0,0,,0
"1.6 
• 
Wood to Ibrahim Zadran, no run 
hard length, punched firmly into the covers on the bounce. 92mph/148kph 
Riyaadh: ""yes India played 2 games in 3 days, but no travel for them."" -- True. They're the 
only team in the tournament to play all their games at the same venue. 
end of over 21 run  
AFG: 5/0CRR: 2.50  
Ibrahim Zadran0 (7b) 
Rahmanullah Gurbaz3 (5b) 
Mark Wood 1-0-1-0 
Jofra Archer 1-0-3-0",1.6,0,0.0,"Wood to Ibrahim Zadran, no run  .hard length, punched firmly into the covers on the bounce. 92mph/148kph",Wood,Ibrahim Zadran,0.0,0,0,1,1,0.0,0,,0
"2.1 
• 
Archer to Gurbaz, no run 
strangled appeal for a catch down the leg side, but looked to have flicked the pad. 
Angling down the leg side. Gurbaz looked to help it down to fine leg but couldn't lay bat 
on ball",2.1,0,0.0,"Archer to Gurbaz, no run  .strangled appeal for a catch down the leg side, but looked to have flicked the pad.  .Angling down the leg side. Gurbaz looked to help it down to fine leg but couldn't lay bat  .on ball",Archer,Gurbaz,0.0,0,0,1,1,0.0,0,,0
"2.2 
• 
Archer to Gurbaz, no run 
tighter line, shaping in late. Gurbaz works defensively into the leg side. 84mph/135kph",2.2,0,0.0,"Archer to Gurbaz, no run  .tighter line, shaping in late. Gurbaz works defensively into the leg side. 84mph/135kph",Archer,Gurbaz,0.0,0,0,1,1,0.0,0,,0
"2.3 
• 
Archer to Gurbaz, no run 
inswinger on a good length, defended towards mid-on. 89mph/144kph, Archer's fastest 
ball of the day",2.3,0,0.0,"Archer to Gurbaz, no run  .inswinger on a good length, defended towards mid-on. 89mph/144kph, Archer's fastest  .ball of the day",Archer,Gurbaz,0.0,0,0,1,1,0.0,0,,0
"2.4 
2 
Archer to Gurbaz, 2 runs 
inswinger, Gurbaz frees his arms and whips leg-side. Rashid does well, diving to his left 
at long leg to cut it off. 89mph/144kph",2.4,2,2.0,"Archer to Gurbaz, 2 runs  .inswinger, Gurbaz frees his arms and whips leg-side. Rashid does well, diving to his left  .at long leg to cut it off. 89mph/144kph",Archer,Gurbaz,2.0,0,0,1,1,2.0,0,,1
"2.5 
• 
Archer to Gurbaz, no run 
hard length, leans across and defends into the pitch. 89mph/143kph, Archer 
maintaining a slightly higher pace in this second over",2.5,0,0.0,"Archer to Gurbaz, no run  .hard length, leans across and defends into the pitch. 89mph/143kph, Archer  .maintaining a slightly higher pace in this second over",Archer,Gurbaz,0.0,0,0,1,1,0.0,0,,0
"2.6 
• 
Archer to Gurbaz, no run 
back of a length outside off, 88mph/141kph. Gurbaz sways inside the line and drops his 
hands 
Daniel: ""It's not the India scheduling that means this tournament has lost any sense of 
sporting integrity. It's the way they've been able to choose to play in a different country, 
on pitches that favour them more, with certainty of not having to move locations for 
knock out games... "" 
end of over 32 runs  
AFG: 7/0CRR: 2.33  
Rahmanullah Gurbaz5 (11b) 
Ibrahim Zadran0 (7b) 
Jofra Archer 2-0-5-0 
Mark Wood 1-0-1-0",2.6,0,0.0,"Archer to Gurbaz, no run  .back of a length outside off, 88mph/141kph. Gurbaz sways inside the line and drops his  .hands",Archer,Gurbaz,0.0,0,0,1,1,0.0,0,,0
"3.1 
• 
Wood to Ibrahim Zadran, no run 
quick outswinger, 92mph/149kph. Beaten on the outside edge. Probing length from 
Wood, skidding through from a good length and zipping away past the bat",3.1,0,0.0,"Wood to Ibrahim Zadran, no run  .quick outswinger, 92mph/149kph. Beaten on the outside edge. Probing length from  .Wood, skidding through from a good length and zipping away past the bat",Wood,Ibrahim Zadran,0.0,0,0,1,1,0.0,0,,0
"3.2 
1 
Wood to Ibrahim Zadran, 1 run 
half-volley, 93mph/149kph. Punched into the off side, straight to mid-off",3.2,1,1.0,"Wood to Ibrahim Zadran, 1 run  .half-volley, 93mph/149kph. Punched into the off side, straight to mid-off",Wood,Ibrahim Zadran,1.0,0,0,1,1,1.0,0,,1
"3.3 
• 
Wood to Gurbaz, no run 
beauty! Fuller length, 94mph/153kph, snaking away late to beat the outside edge. Wood 
is looking good here 
Lokesh: ""India would play their last group game on Sunday and the semifinal on 
Tuesday. Safe to say that the dates aren't favouring any team, just the television 
audience.""",3.3,0,0.0,"Wood to Gurbaz, no run  .beauty! Fuller length, 94mph/153kph, snaking away late to beat the outside edge. Wood  .is looking good here",Wood,Gurbaz,0.0,0,0,1,1,0.0,0,,0
"3.4 
1 
Wood to Gurbaz, 1 run 
down to deep third. 93mph/150kph. Stays leg-side of it, and skews it away with an open 
face",3.4,1,1.0,"Wood to Gurbaz, 1 run  .down to deep third. 93mph/150kph. Stays leg-side of it, and skews it away with an open  .face",Wood,Gurbaz,1.0,0,0,1,1,1.0,0,,1
"3.5 
1 
Wood to Ibrahim Zadran, 1 run 
stays leg-side of this again, steering down to deep third with an open face. 
93mph/150kph 
Sowmya: """,3.5,1,1.0,"Wood to Ibrahim Zadran, 1 run  .stays leg-side of this again, steering down to deep third with an open face.  .93mph/150kph",Wood,Ibrahim Zadran,1.0,0,0,1,1,1.0,0,,1
"3.6 
1lb 
Wood to Gurbaz, 1 leg bye 
banged in halfway down, worked calmly down to long leg. 93mph/149kph 
end of over 44 runs  
AFG: 11/0CRR: 2.75  
Rahmanullah Gurbaz6 (14b) 
Ibrahim Zadran2 (10b) 
Mark Wood 2-0-4-0 
Jofra Archer 2-0-5-0 
Vignesh: ""Group B has to wait until the end of Ind vs NZ match on Sunday to know 
whether they stay in Pak (for a semi on Wednesday) or travel to Dubai for a semi on 
Tuesday morning. It doesn't make sense.""",3.6,1lb,1.0,"Wood to Gurbaz, 1 leg bye  .banged in halfway down, worked calmly down to long leg. 93mph/149kph",Wood,Gurbaz,0.0,0,0,1,1,0.0,0,,0
"4.1 
W 
Archer to Gurbaz, OUT 
dragged on! No Gurbazball today. Archer's 50th ODI wicket. Very full, swinging in. 
Gurbaz shapes to drive through the off side but gets a thick inside edge and can only 
deflect it onto his own stumps, via the pad. 86mph/139kph. Low-key celebration from 
Archer, just a small fist-pump, but that's a massive early scalp 
Rahmanullah Gurbaz b Archer 6 (15b 0x4 0x6 20m) SR: 40 
See all photos 
Atal at No. 3, the leftie. 
 
Jofra Archer Career stats in ODIs 
INNS 
30 
WKTS 
50 
ECON 
5.12 
AVE 
26.16 
BEST 
6/40",4.1,W,0.0,"Archer to Gurbaz, OUT  .dragged on! No Gurbazball today. Archer's 50th ODI wicket. Very full, swinging in.  .Gurbaz shapes to drive through the off side but gets a thick inside edge and can only  .deflect it onto his own stumps, via the pad. 86mph/139kph. Low-key celebration from  .Archer, just a small fist-pump, but that's a massive early scalp  .Rahmanullah Gurbaz b Archer 6 (15b 0x4 0x6 20m) SR: 40",Archer,Gurbaz,0.0,0,0,1,1,0.0,1,b Archer,0
"4.2 
• 
Archer to Sediqullah Atal, no run 
tight line, cramping him for room. Defended back down the pitch",4.2,0,0.0,"Archer to Sediqullah Atal, no run  .tight line, cramping him for room. Defended back down the pitch",Archer,Sediqullah Atal,0.0,0,0,1,1,0.0,0,,0
"4.3 
4 
Archer to Sediqullah Atal, FOUR runs 
full, worked off the pads. First boundary of the match. Freebie from Archer, not 
adjusting to the left-hander and straying in line",4.3,4,4.0,"Archer to Sediqullah Atal, FOUR runs  .full, worked off the pads. First boundary of the match. Freebie from Archer, not  .adjusting to the left-hander and straying in line",Archer,Sediqullah Atal,4.0,1,0,1,1,4.0,0,,1
"4.4 
• 
Archer to Sediqullah Atal, no run 
good length, shaping across the left-hander. On the hip but worked into the off side via a 
leading edge",4.4,0,0.0,"Archer to Sediqullah Atal, no run  .good length, shaping across the left-hander. On the hip but worked into the off side via a  .leading edge",Archer,Sediqullah Atal,0.0,0,0,1,1,0.0,0,,0
"4.5 
W 
Archer to Sediqullah Atal, OUT 
full and straight, Archer pleads for the lbw... Joel Wilson gives it! Atal will review but 
only after a long consultation with his partner. Atal planted his front foot and almost 
managed to get his bat caught behind the pad. Ahsan Raza is satisfied that it's pad first, 
with the two close together. Pitching in line - albeit only just - and then ball-tracking 
projects it will smash into middle stump halfway up! Archer has two in the over. 
Sediqullah Atal lbw b Archer 4 (4b 1x4 0x6 4m) SR: 100 
See all photos 
Rahmat Shah walks out at No. 4.",4.5,W,0.0,"Archer to Sediqullah Atal, OUT  .full and straight, Archer pleads for the lbw... Joel Wilson gives it! Atal will review but  .only after a long consultation with his partner. Atal planted his front foot and almost  .managed to get his bat caught behind the pad. Ahsan Raza is satisfied that it's pad first,  .with the two close together. Pitching in line - albeit only just - and then ball-tracking  .projects it will smash into middle stump halfway up! Archer has two in the over.  .Sediqullah Atal lbw b Archer 4 (4b 1x4 0x6 4m) SR: 100",Archer,Sediqullah Atal,0.0,0,0,1,1,0.0,1,lbw b Archer,0
"4.6 
• 
Archer to Rahmat, no run 
hard length, up on his toes to steer into the point region 
Sampath Bandarupalli: Jofra Archer is the fastest England bowler to 50 wickets in 
men's ODIs, taking 30 matches. James Anderson was the previous fastest, needing 31 
matches. Anderson is watching on today as part of England's coaching staff. 
end of over 54 runs • 2 wickets 
AFG: 15/2CRR: 3.00  
Rahmat Shah0 (1b) 
Ibrahim Zadran2 (10b) 
Jofra Archer 3-0-9-2 
Mark Wood 2-0-4-0 
Ajay: ""Is the real Jofra Archer finally back?""",4.6,0,0.0,"Archer to Rahmat, no run  .hard length, up on his toes to steer into the point region  .Sampath Bandarupalli: Jofra Archer is the fastest England bowler to 50 wickets in  .men's ODIs, taking 30 matches. James Anderson was the previous fastest, needing 31  .matches. Anderson is watching on today as part of England's coaching staff.",Archer,Rahmat,0.0,0,0,1,1,0.0,0,,0
"5.1 
• 
Wood to Ibrahim Zadran, no run 
full and straight, driven to mid-off as one hand comes off the bat. 93mph/149kph",5.1,0,0.0,"Wood to Ibrahim Zadran, no run  .full and straight, driven to mid-off as one hand comes off the bat. 93mph/149kph",Wood,Ibrahim Zadran,0.0,0,0,1,1,0.0,0,,0
"5.2 
• 
Wood to Ibrahim Zadran, no run 
back of a length, rising past Zadran's bat as he looks to flash through the off side. 
89mph/143kph 
Danyal Rasool: 23 balls of the first 24 were either length or back of a length from 
England - and then 2 full deliveries from Jofra got the wickets.",5.2,0,0.0,"Wood to Ibrahim Zadran, no run  .back of a length, rising past Zadran's bat as he looks to flash through the off side.  .89mph/143kph  .Danyal Rasool: 23 balls of the first 24 were either length or back of a length from  .England - and then 2 full deliveries from Jofra got the wickets.",Wood,Ibrahim Zadran,0.0,0,0,1,1,0.0,0,,0
"5.3 
• 
Wood to Ibrahim Zadran, no run 
rise and repeat. Banged in halfway down, trampoline bounce past the shoulder of the 
bat. 91mph/146kph",5.3,0,0.0,"Wood to Ibrahim Zadran, no run  .rise and repeat. Banged in halfway down, trampoline bounce past the shoulder of the  .bat. 91mph/146kph",Wood,Ibrahim Zadran,0.0,0,0,1,1,0.0,0,,0
"5.4 
• 
Wood to Ibrahim Zadran, no run 
skidding through on a length, into the thigh pad via the inside edge. 93mph/149kph.",5.4,0,0.0,"Wood to Ibrahim Zadran, no run  .skidding through on a length, into the thigh pad via the inside edge. 93mph/149kph.",Wood,Ibrahim Zadran,0.0,0,0,1,1,0.0,0,,0
"5.5 
6 
Wood to Ibrahim Zadran, SIX runs 
chance at deep third... but Archer can't get a hand on it! Banged in short as Wood hits 
the deck on release. Zadran opens the face and dabs it away on the upper-cut. Archer 
was in the game on the boundary, but opted against the dive and couldn't quite get 
there. 92mph/149kph 
See all photos",5.5,6,6.0,"Wood to Ibrahim Zadran, SIX runs  .chance at deep third... but Archer can't get a hand on it! Banged in short as Wood hits  .the deck on release. Zadran opens the face and dabs it away on the upper-cut. Archer  .was in the game on the boundary, but opted against the dive and couldn't quite get  .there. 92mph/149kph  .See all photos",Wood,Ibrahim Zadran,6.0,0,1,1,1,6.0,0,,1
"5.6 
• 
Wood to Ibrahim Zadran, no run 
good length, beaten comprehensively on the outside edge. 92mph/149kph 
Momen: ""This Champions Trophy tournament should have been much competitive if Sri 
Lanka and West Indies played instead of Bangladesh and Afghanistan."" -- They had their 
chance to qualify, just like everyone else. 
end of over 66 runs  
AFG: 21/2CRR: 3.50  
Ibrahim Zadran8 (16b 1x6) 
Rahmat Shah0 (1b) 
Mark Wood 3-0-10-0 
Jofra Archer 3-0-9-2",5.6,0,0.0,"Wood to Ibrahim Zadran, no run  .good length, beaten comprehensively on the outside edge. 92mph/149kph",Wood,Ibrahim Zadran,0.0,0,0,1,1,0.0,0,,0
"6.1 
• 
Archer to Rahmat, no run 
back of a length, dabbed to backward point with an open face. 88mph/142kph",6.1,0,0.0,"Archer to Rahmat, no run  .back of a length, dabbed to backward point with an open face. 88mph/142kph",Archer,Rahmat,0.0,0,0,1,1,0.0,0,,0
"6.2 
• 
Archer to Rahmat, no run 
back of a length, Rahmat jumps up in defence. 87mph/140kph",6.2,0,0.0,"Archer to Rahmat, no run  .back of a length, Rahmat jumps up in defence. 87mph/140kph",Archer,Rahmat,0.0,0,0,1,1,0.0,0,,0
"6.3 
1 
Archer to Rahmat, 1 run 
outswinger, tip-and-run to mid-off with an off-side push 
Khadim Hayat: ""There was a spike when the ball was close to the bat in Atals wicket.. 
Why isn't anyone talking about this??"" -- Ahsan Raza was clear in his view that the ball 
hit pad first, and spend a good while looking at it.",6.3,1,1.0,"Archer to Rahmat, 1 run  .outswinger, tip-and-run to mid-off with an off-side push",Archer,Rahmat,1.0,0,0,1,1,1.0,0,,1
"6.4 
4 
Archer to Ibrahim Zadran, FOUR runs 
flogged away through the off side! Width outside off, Zadran frees his arms and lashes 
it away. Out of reach for Root at point 
See all photos",6.4,4,4.0,"Archer to Ibrahim Zadran, FOUR runs  .flogged away through the off side! Width outside off, Zadran frees his arms and lashes  .it away. Out of reach for Root at point  .See all photos",Archer,Ibrahim Zadran,4.0,1,0,1,1,4.0,0,,1
"6.5 
4 
Archer to Ibrahim Zadran, FOUR runs 
back-to-back! 89mph/144kph from Archer, but Zadran decides he's had enough of 
playing himself in and presents the full face to this fullish, straight ball. Beats the diving 
mid-off",6.5,4,4.0,"Archer to Ibrahim Zadran, FOUR runs  .back-to-back! 89mph/144kph from Archer, but Zadran decides he's had enough of  .playing himself in and presents the full face to this fullish, straight ball. Beats the diving  .mid-off",Archer,Ibrahim Zadran,4.0,1,0,1,1,4.0,0,,1
"6.6 
• 
Archer to Ibrahim Zadran, no run 
short ball, 89mph/143kph. Sways inside the line and drops the hands 
end of over 79 runs  
AFG: 30/2CRR: 4.28  
Ibrahim Zadran16 (19b 2x4 1x6) 
Rahmat Shah1 (4b) 
Jofra Archer 4-0-18-2 
Mark Wood 3-0-10-0",6.6,0,0.0,"Archer to Ibrahim Zadran, no run  .short ball, 89mph/143kph. Sways inside the line and drops the hands",Archer,Ibrahim Zadran,0.0,0,0,1,1,0.0,0,,0
"7.1 
• 
Wood to Rahmat, no run 
skidding through from a good length. Dabbed away behind square with an open face, 
but Brook does exceptionally well at backward point to cut it off. 92mph/149kph",7.1,0,0.0,"Wood to Rahmat, no run  .skidding through from a good length. Dabbed away behind square with an open face,  .but Brook does exceptionally well at backward point to cut it off. 92mph/149kph",Wood,Rahmat,0.0,0,0,1,1,0.0,0,,0
"7.2 
1 
Wood to Rahmat, 1 run 
full, in the channel. Thick outside edge flies down to deep third 
Soumyajeet: ""Umm… to say Windies had a chance is a bit of a stretch, seeing they didn't 
get to participate in the cwc either"" -- They absolutely had a chance. They weren't locked 
out of the World Cup by some obscure system, they screwed up at the Qualifier in 
Zimbabwe in 2023.",7.2,1,1.0,"Wood to Rahmat, 1 run  .full, in the channel. Thick outside edge flies down to deep third",Wood,Rahmat,1.0,0,0,1,1,1.0,0,,1
"7.3 
2 
Wood to Ibrahim Zadran, 2 runs 
half-volley, driven firmly away through cover. Buttler races after it, and Zadran slips 
while turning for the third.",7.3,2,2.0,"Wood to Ibrahim Zadran, 2 runs  .half-volley, driven firmly away through cover. Buttler races after it, and Zadran slips  .while turning for the third.",Wood,Ibrahim Zadran,2.0,0,0,1,1,2.0,0,,1
"7.4 
• 
Wood to Ibrahim Zadran, no run 
fuller, targeting the stumps. Punched firmly towards mid-off, Wood fields off his own 
bowling 
Wood is in trouble here. The physio is coming on. He's moving gingerly. Looks like 
some pain in his left knee, which tends to be heavily strapped. He's had some serious 
issues in this area before. He's on his back, stretching it out. 
Back on his feet now. Will he finish the over? Yes, looks like it. Here he comes.",7.4,0,0.0,"Wood to Ibrahim Zadran, no run  .fuller, targeting the stumps. Punched firmly towards mid-off, Wood fields off his own  .bowling  .Wood is in trouble here. The physio is coming on. He's moving gingerly. Looks like  .some pain in his left knee, which tends to be heavily strapped. He's had some serious  .issues in this area before. He's on his back, stretching it out.  .Back on his feet now. Will he finish the over? Yes, looks like it. Here he comes.",Wood,Ibrahim Zadran,0.0,0,0,1,1,0.0,0,,0
"7.5 
• 
Wood to Ibrahim Zadran, no run 
good length, punched firmly into the off side. 91mph/146kph! Imagine how quick he'd 
be if his knee was working properly... 
Wood still looks a little ginger as he walks back to his mark. I'd be surprised if we see 
him bowl his fifth over anytime soon.",7.5,0,0.0,"Wood to Ibrahim Zadran, no run  .good length, punched firmly into the off side. 91mph/146kph! Imagine how quick he'd  .be if his knee was working properly...  .Wood still looks a little ginger as he walks back to his mark. I'd be surprised if we see  .him bowl his fifth over anytime soon.",Wood,Ibrahim Zadran,0.0,0,0,1,1,0.0,0,,0
"7.6 
1 
Wood to Ibrahim Zadran, 1 run 
full and straight, driven firmly to wide mid-off for a sharp single. Wood hits the deck in 
his follow-through again, losing his footing 
Deepankar DM: ""WI messed up their chance to even have a chance. Simple but fair."" 
end of over 84 runs  
AFG: 34/2CRR: 4.25  
Ibrahim Zadran19 (23b 2x4 1x6) 
Rahmat Shah2 (6b) 
Mark Wood 4-0-14-0 
Jofra Archer 4-0-18-2 
Motown: ""I absolutely love watching Mark Wood bowl - it's one of the finest sights in 
cricket. But to knacker him in his weakest format is a crime. And it also exposes the 
gamble of going in with a part time 5th bowler."" 
Wood has gone off. Banton is the sub fielder.",7.6,1,1.0,"Wood to Ibrahim Zadran, 1 run  .full and straight, driven firmly to wide mid-off for a sharp single. Wood hits the deck in  .his follow-through again, losing his footing",Wood,Ibrahim Zadran,1.0,0,0,1,1,1.0,0,,1
"8.1 
• 
Archer to Ibrahim Zadran, no run 
hard length, defended towards mid-on. 89mph/144kph",8.1,0,0.0,"Archer to Ibrahim Zadran, no run  .hard length, defended towards mid-on. 89mph/144kph",Archer,Ibrahim Zadran,0.0,0,0,1,1,0.0,0,,0
"8.2 
1 
Archer to Ibrahim Zadran, 1 run 
aimed at the top of off, flashed down to deep third with a hint of outside edge. 
89mph/144kph",8.2,1,1.0,"Archer to Ibrahim Zadran, 1 run  .aimed at the top of off, flashed down to deep third with a hint of outside edge.  .89mph/144kph",Archer,Ibrahim Zadran,1.0,0,0,1,1,1.0,0,,1
"8.3 
• 
Archer to Rahmat, no run 
gets in line, defended firmly. 89mph/144kph",8.3,0,0.0,"Archer to Rahmat, no run  .gets in line, defended firmly. 89mph/144kph",Archer,Rahmat,0.0,0,0,1,1,0.0,0,,0
"8.4 
2 
Archer to Rahmat, 2 runs 
hard length, up on his toes to punch through point with an open face 
Phil: ""If Wood can't bowl again then we've got 16 overs from Livingstone and 
Root...maybe even some Harry Brook!""",8.4,2,2.0,"Archer to Rahmat, 2 runs  .hard length, up on his toes to punch through point with an open face",Archer,Rahmat,2.0,0,0,1,1,2.0,0,,1
"8.5 
W 
Archer to Rahmat, OUT 
lazy wipe across the line, and Rashid clings on at long leg! Back of a length, dragged 
from outside off stump but late on the pull. Steepling top edge into the leg side. Rashid 
covers the ground, slides to his knees, and manages to keep hold of it. Three for Archer, 
and Afghanistan are in big trouble. 
Rahmat Shah c Rashid b Archer 4 (9b 0x4 0x6 20m) SR: 44.44 
RobP: ""The way Jofra is bowling, the fifth bowler may be redundant!"" 
Shahidi.",8.5,W,0.0,"Archer to Rahmat, OUT  .lazy wipe across the line, and Rashid clings on at long leg! Back of a length, dragged  .from outside off stump but late on the pull. Steepling top edge into the leg side. Rashid  .covers the ground, slides to his knees, and manages to keep hold of it. Three for Archer,  .and Afghanistan are in big trouble.  .Rahmat Shah c Rashid b Archer 4 (9b 0x4 0x6 20m) SR: 44.44",Archer,Rahmat,0.0,0,0,1,1,0.0,1,c Rashid b Archer,0
"8.6 
• 
Archer to Hashmatullah, no run 
ducks underneath at 90mph/144kph short ball. Welcome to the crease 
end of over 93 runs • 1 wicket 
AFG: 37/3CRR: 4.11  
Hashmatullah Shahidi0 (1b) 
Ibrahim Zadran20 (25b 2x4 1x6) 
Jofra Archer 5-0-21-3 
Mark Wood 4-0-14-0 
Jamie Overton. His first match at an ICC event, replacing the injured Brydon Carse",8.6,0,0.0,"Archer to Hashmatullah, no run  .ducks underneath at 90mph/144kph short ball. Welcome to the crease",Archer,Hashmatullah,0.0,0,0,1,1,0.0,0,,0
"9.1 
• 
Overton to Ibrahim Zadran, no run 
full and straight to start, driven to mid-on",9.1,0,0.0,"Overton to Ibrahim Zadran, no run  .full and straight to start, driven to mid-on",Overton,Ibrahim Zadran,0.0,0,0,1,1,0.0,0,,0
"9.2 
• 
Overton to Ibrahim Zadran, no run 
hard length, 87mph/140kph. Worked into the leg side",9.2,0,0.0,"Overton to Ibrahim Zadran, no run  .hard length, 87mph/140kph. Worked into the leg side",Overton,Ibrahim Zadran,0.0,0,0,1,1,0.0,0,,0
"9.3 
1 
Overton to Ibrahim Zadran, 1 run 
flashed down to deep third with an open face, and a hint of outside edge 
Mr Snrub: ""Why did Rahmat do that?!?!"" -- He was about a week late on the pull shot. Not 
a good option for him. And I like your moustache, Snrub.",9.3,1,1.0,"Overton to Ibrahim Zadran, 1 run  .flashed down to deep third with an open face, and a hint of outside edge",Overton,Ibrahim Zadran,1.0,0,0,1,1,1.0,0,,1
"9.4 
• 
Overton to Hashmatullah, no run 
fullish outside off from around the wicket. Plays and misses, looking to drive through 
the covers",9.4,0,0.0,"Overton to Hashmatullah, no run  .fullish outside off from around the wicket. Plays and misses, looking to drive through  .the covers",Overton,Hashmatullah,0.0,0,0,1,1,0.0,0,,0
"9.5 
• 
Overton to Hashmatullah, no run 
rinse and repeat. Full, wide outside off. Looks to drive but can't lay bat on ball",9.5,0,0.0,"Overton to Hashmatullah, no run  .rinse and repeat. Full, wide outside off. Looks to drive but can't lay bat on ball",Overton,Hashmatullah,0.0,0,0,1,1,0.0,0,,0
"9.6 
1 
Overton to Hashmatullah, 1 run 
hard length, shaping in. Skewed down to deep third via the outside edge 
England's Powerplay. 39 for 3 after 10. 
end of over 102 runs  
AFG: 39/3CRR: 3.90  
Hashmatullah Shahidi1 (4b) 
Ibrahim Zadran21 (28b 2x4 1x6) 
Jamie Overton 1-0-2-0 
Jofra Archer 5-0-21-3 
robert: ""This team misses Stokes sooo badly. But that's increasingly like saying it 
misses Flintoff or Botham. Curran is no Stokes but he's the only one close. It's 
increasingly frustrating that Eng have discarded him without any explanation?"" -- I had a 
chat with Curran recently, while he was over in Dubai for the ILT20.",9.6,1,1.0,"Overton to Hashmatullah, 1 run  .hard length, shaping in. Skewed down to deep third via the outside edge  .England's Powerplay. 39 for 3 after 10.",Overton,Hashmatullah,1.0,0,0,1,1,1.0,0,,1
"10.1 
• 
Archer to Hashmatullah, no run 
good length, punched into the covers. 89mph/143kph",10.1,0,0.0,"Archer to Hashmatullah, no run  .good length, punched into the covers. 89mph/143kph",Archer,Hashmatullah,0.0,0,0,1,1,0.0,0,,0
"10.2 
• 
Archer to Hashmatullah, no run 
springy bounce from back of a length, sways inside the line to let it go. 90mph/145kph",10.2,0,0.0,"Archer to Hashmatullah, no run  .springy bounce from back of a length, sways inside the line to let it go. 90mph/145kph",Archer,Hashmatullah,0.0,0,0,1,1,0.0,0,,0
"10.3 
• 
Archer to Hashmatullah, no run 
looks to cut, but is cramped for room by this short ball. Miscues into the off side",10.3,0,0.0,"Archer to Hashmatullah, no run  .looks to cut, but is cramped for room by this short ball. Miscues into the off side",Archer,Hashmatullah,0.0,0,0,1,1,0.0,0,,0
"10.4 
• 
Archer to Hashmatullah, no run 
skids through from back of a length, stays leg-side and defends towards mid-off",10.4,0,0.0,"Archer to Hashmatullah, no run  .skids through from back of a length, stays leg-side and defends towards mid-off",Archer,Hashmatullah,0.0,0,0,1,1,0.0,0,,0
"10.5 
1w 
Archer to Hashmatullah, 1 wide 
bouncer, Hashmatullah ducks under it and takes evasive action. 90mph/145kph. Too 
short, according to Joel Wilson",10.5,1w,1.0,"Archer to Hashmatullah, 1 wide  .bouncer, Hashmatullah ducks under it and takes evasive action. 90mph/145kph. Too  .short, according to Joel Wilson",Archer,Hashmatullah,0.0,0,0,0,0,1.0,0,,1
"10.5 
• 
Archer to Hashmatullah, no run 
gets in line, Archer fields off his own bowling 
ACS: ""@Robert, I think there *has* been a clear explanation: he's bowling ain't quick 
enough.""",10.5,0,0.0,"Archer to Hashmatullah, no run  .gets in line, Archer fields off his own bowling",Archer,Hashmatullah,0.0,0,0,1,1,0.0,0,,0
"10.6 
• 
Archer to Hashmatullah, no run 
ill-judged swipe at a short ball, clearing his front leg and looking to flash him away over 
deep third. Can't get bat on it 
Teddy: ""Hahah I love English fans...Now Archer is world class and we will win this 
tournament & the ashes!!"" -- It was so over... but they are so back! 
end of over 111 run  
AFG: 40/3CRR: 3.63  
Hashmatullah Shahidi1 (10b) 
Ibrahim Zadran21 (28b 2x4 1x6) 
Jofra Archer 6-0-22-3 
Jamie Overton 1-0-2-0 
Zed: ""@Matt, I had to google Mr Snrub to understand the context of moustaches 
mention"" -- We have a regular feedbacker called Mike Rotch, a Bart Simpson crank-call 
classic 
Here's Rashid. Slip in. 
 
Ibrahim Zadran in middle overs (in ODIs) 
RUNS 
786 
OUTS 
13 
4s/6s 
62/11 
SR 
82.30 
AVE 
60.46",10.6,0,0.0,"Archer to Hashmatullah, no run  .ill-judged swipe at a short ball, clearing his front leg and looking to flash him away over  .deep third. Can't get bat on it",Archer,Hashmatullah,0.0,0,0,1,1,0.0,0,,0
"11.1 
• 
Rashid to Ibrahim Zadran, no run 
legbreak, punched to short cover",11.1,0,0.0,"Rashid to Ibrahim Zadran, no run  .legbreak, punched to short cover",Rashid,Ibrahim Zadran,0.0,0,0,1,1,0.0,0,,0
"11.2 
• 
Rashid to Ibrahim Zadran, no run 
lobbed up above the eyeline, nudged to short midwicket",11.2,0,0.0,"Rashid to Ibrahim Zadran, no run  .lobbed up above the eyeline, nudged to short midwicket",Rashid,Ibrahim Zadran,0.0,0,0,1,1,0.0,0,,0
"11.3 
• 
Rashid to Ibrahim Zadran, no run 
full, drifting in towards leg stump. Pushed back with a straight bat",11.3,0,0.0,"Rashid to Ibrahim Zadran, no run  .full, drifting in towards leg stump. Pushed back with a straight bat",Rashid,Ibrahim Zadran,0.0,0,0,1,1,0.0,0,,0
"11.4 
1 
Rashid to Ibrahim Zadran, 1 run 
tossed right up above the eyeline. Driven hard out to Brook at long-off",11.4,1,1.0,"Rashid to Ibrahim Zadran, 1 run  .tossed right up above the eyeline. Driven hard out to Brook at long-off",Rashid,Ibrahim Zadran,1.0,0,0,1,1,1.0,0,,1
"11.5 
• 
Rashid to Hashmatullah, no run 
full on off stump, defended towards mid-off",11.5,0,0.0,"Rashid to Hashmatullah, no run  .full on off stump, defended towards mid-off",Rashid,Hashmatullah,0.0,0,0,1,1,0.0,0,,0
"11.6 
1 
Rashid to Hashmatullah, 1 run 
full on leg stump, shovelled down to long-on for a jogged single 
Edward: ""Curran is 5'8"" and bowls 125 kph on a good day. He is not the droid you are 
looking for."" 
end of over 122 runs  
AFG: 42/3CRR: 3.50  
Hashmatullah Shahidi2 (12b) 
Ibrahim Zadran22 (32b 2x4 1x6) 
Adil Rashid 1-0-2-0 
Jofra Archer 6-0-22-3 
Dave Fern: ""@Teddy. When you're an England fan, it's nearly always an emotional 
rollercoaster. You have to dream a bit and enjoy the good bits when they come. That's 
sport basically."" 
End change for Overton.",11.6,1,1.0,"Rashid to Hashmatullah, 1 run  .full on leg stump, shovelled down to long-on for a jogged single",Rashid,Hashmatullah,1.0,0,0,1,1,1.0,0,,1
"12.1 
• 
Overton to Hashmatullah, no run 
wheels! 87mph/140kph, but this flew through to Smith with good bounce and carry. 
Jumps past Hashmatullah's attempted flash outside his off stump",12.1,0,0.0,"Overton to Hashmatullah, no run  .wheels! 87mph/140kph, but this flew through to Smith with good bounce and carry.  .Jumps past Hashmatullah's attempted flash outside his off stump",Overton,Hashmatullah,0.0,0,0,1,1,0.0,0,,0
"12.2 
1 
Overton to Hashmatullah, 1 run 
skiddy bounce this time, stabbed down to deep third with an open face",12.2,1,1.0,"Overton to Hashmatullah, 1 run  .skiddy bounce this time, stabbed down to deep third with an open face",Overton,Hashmatullah,1.0,0,0,1,1,1.0,0,,1
"12.3 
• 
Overton to Ibrahim Zadran, no run 
fuller, shovelled into the leg side where Livingstone does well to cut it off 
Frase: ""Three teams in light blue this tournament, and two in green. Need some more 
variety, it's actually quite hard to tell who is playing for who when they are standing near 
each other!"" -- Agreed. Bring in away kits. England have different ODI (blue) and T20 
(red) kits. Why not just make them home and away instead?",12.3,0,0.0,"Overton to Ibrahim Zadran, no run  .fuller, shovelled into the leg side where Livingstone does well to cut it off",Overton,Ibrahim Zadran,0.0,0,0,1,1,0.0,0,,0
"12.4 
• 
Overton to Ibrahim Zadran, no run 
steered away behind square on the bounce.",12.4,0,0.0,"Overton to Ibrahim Zadran, no run  .steered away behind square on the bounce.",Overton,Ibrahim Zadran,0.0,0,0,1,1,0.0,0,,0
"12.5 
• 
Overton to Ibrahim Zadran, no run 
up on his toes, stabbed into the covers 
Seymour Butz: ""Let's get back to the cricket shall we?"" -- Moe's isn't open this early in 
the day!",12.5,0,0.0,"Overton to Ibrahim Zadran, no run  .up on his toes, stabbed into the covers",Overton,Ibrahim Zadran,0.0,0,0,1,1,0.0,0,,0
"12.6 
• 
Overton to Ibrahim Zadran, no run 
back of a length, 88mph/142kph. Beats Zadran for pace as he looks to flash this away 
behind square 
England's high-pace strategy is looking good against Afghanistan. Regularly beating the 
bat with extra bounce 
end of over 131 run  
AFG: 43/3CRR: 3.30  
Ibrahim Zadran22 (36b 2x4 1x6) 
Hashmatullah Shahidi3 (14b) 
Jamie Overton 2-0-3-0 
Adil Rashid 1-0-2-0",12.6,0,0.0,"Overton to Ibrahim Zadran, no run  .back of a length, 88mph/142kph. Beats Zadran for pace as he looks to flash this away  .behind square  .England's high-pace strategy is looking good against Afghanistan. Regularly beating the  .bat with extra bounce",Overton,Ibrahim Zadran,0.0,0,0,1,1,0.0,0,,0
"13.1 
1 
Rashid to Hashmatullah, 1 run 
looped up on the pads, worked away behind square towards long leg",13.1,1,1.0,"Rashid to Hashmatullah, 1 run  .looped up on the pads, worked away behind square towards long leg",Rashid,Hashmatullah,1.0,0,0,1,1,1.0,0,,1
"13.2 
1 
Rashid to Ibrahim Zadran, 1 run 
full, drifting into the pads. Pressed down to long-on",13.2,1,1.0,"Rashid to Ibrahim Zadran, 1 run  .full, drifting into the pads. Pressed down to long-on",Rashid,Ibrahim Zadran,1.0,0,0,1,1,1.0,0,,1
"13.3 
1 
Rashid to Hashmatullah, 1 run 
full toss, punched down to long-on 
Adrian: ""Wrong all rounders Robert, we miss Ali and Woakes. We could guarantee 20 
overs from them and still feel comfortable that if we'd lost the top 6 for 120 have a 
reasonable chance of getting close to 300."" -- Woakes is still technically available, just 
left out.",13.3,1,1.0,"Rashid to Hashmatullah, 1 run  .full toss, punched down to long-on",Rashid,Hashmatullah,1.0,0,0,1,1,1.0,0,,1
"13.4 
1w 
Rashid to Ibrahim Zadran, 1 wide 
a rare loose ball, fired miles down the leg side. Zadran can't catch up with it. Good take 
by Smith",13.4,1w,1.0,"Rashid to Ibrahim Zadran, 1 wide  .a rare loose ball, fired miles down the leg side. Zadran can't catch up with it. Good take  .by Smith",Rashid,Ibrahim Zadran,0.0,0,0,0,0,1.0,0,,1
"13.4 
2 
Rashid to Ibrahim Zadran, 2 runs 
tight line, quicker and flatter. Dabbed away late with an open face. Salt chases after it",13.4,2,2.0,"Rashid to Ibrahim Zadran, 2 runs  .tight line, quicker and flatter. Dabbed away late with an open face. Salt chases after it",Rashid,Ibrahim Zadran,2.0,0,0,1,1,2.0,0,,1
"13.5 
2 
Rashid to Ibrahim Zadran, 2 runs 
googly, worked into the gap at deep midwicket for a couple. 50 up in the 14th over",13.5,2,2.0,"Rashid to Ibrahim Zadran, 2 runs  .googly, worked into the gap at deep midwicket for a couple. 50 up in the 14th over",Rashid,Ibrahim Zadran,2.0,0,0,1,1,2.0,0,,1
"13.6 
• 
Rashid to Ibrahim Zadran, no run 
up above the eyeline, steered into the covers 
Alan: ""Home and away kits? But apart from Pakistan they're all playing away..."" -- There's 
a nominated 'away' team in each game who are named second, use the away dressing 
room etc. Why couldn't they play in their second kit in the event of a clash like today's? 
end of over 148 runs  
AFG: 51/3CRR: 3.64  
Ibrahim Zadran27 (40b 2x4 1x6) 
Hashmatullah Shahidi5 (16b) 
Adil Rashid 2-0-10-0 
Jamie Overton 2-0-3-0 
Phil: ""Matt: apropos your chat with Curran, he said Baz had told him he needed to score 
runs and take wickets. Runs and wickets eh? Well I never!"" -- To be fair, that hasn't been 
England's selection criteria for the last three years...",13.6,0,0.0,"Rashid to Ibrahim Zadran, no run  .up above the eyeline, steered into the covers",Rashid,Ibrahim Zadran,0.0,0,0,1,1,0.0,0,,0
"14.1 
• 
Overton to Hashmatullah, no run 
steered away to backward point with an open face",14.1,0,0.0,"Overton to Hashmatullah, no run  .steered away to backward point with an open face",Overton,Hashmatullah,0.0,0,0,1,1,0.0,0,,0
"14.2 
4 
Overton to Hashmatullah, FOUR runs 
Archer can't cut this off! Long-awaited boundary, the first in 45 balls. Looking for the 
wide yorker, but more of a half-volley. Skewed away behind square, beating backward 
point to his right and deep third to his left 
Liam Livingstone is off the field. Sat in the dugout getting some running repairs.",14.2,4,4.0,"Overton to Hashmatullah, FOUR runs  .Archer can't cut this off! Long-awaited boundary, the first in 45 balls. Looking for the  .wide yorker, but more of a half-volley. Skewed away behind square, beating backward  .point to his right and deep third to his left  .Liam Livingstone is off the field. Sat in the dugout getting some running repairs.",Overton,Hashmatullah,4.0,1,0,1,1,4.0,0,,1
"14.3 
• 
Overton to Hashmatullah, no run 
snaking away off the seam, steered into the gully where Duckett does well",14.3,0,0.0,"Overton to Hashmatullah, no run  .snaking away off the seam, steered into the gully where Duckett does well",Overton,Hashmatullah,0.0,0,0,1,1,0.0,0,,0
"14.4 
• 
Overton to Hashmatullah, no run 
leaden-footed flash at a length ball, can't lay bat on it 
Neilos: ""Re Away kits: Why not get one team to carry bats so that they can be 
distinguished from the fielders!"" -- This clash just adds a layer of confusion for the 
casual fan. England are the ones in blue... and Afghanistan are the other ones in, err, 
blue.",14.4,0,0.0,"Overton to Hashmatullah, no run  .leaden-footed flash at a length ball, can't lay bat on it",Overton,Hashmatullah,0.0,0,0,1,1,0.0,0,,0
"14.5 
1 
Overton to Hashmatullah, 1 run 
full, angling across the left-hander. Steered towards point for a quick single",14.5,1,1.0,"Overton to Hashmatullah, 1 run  .full, angling across the left-hander. Steered towards point for a quick single",Overton,Hashmatullah,1.0,0,0,1,1,1.0,0,,1
"14.6 
• 
Overton to Ibrahim Zadran, no run 
shapes to upper-cut, but can't lay bat on ball. Very strong first 15 overs from England, 
who look much more on it today. 
That is drinks, and this will be Vithushan Ehantharajah. 
end of over 155 runs  
AFG: 56/3CRR: 3.73  
Ibrahim Zadran27 (41b 2x4 1x6) 
Hashmatullah Shahidi10 (21b 1x4) 
Jamie Overton 3-0-8-0 
Adil Rashid 2-0-10-0 
Right. Adil Rashid to continue",14.6,0,0.0,"Overton to Ibrahim Zadran, no run  .shapes to upper-cut, but can't lay bat on ball. Very strong first 15 overs from England,  .who look much more on it today.  .That is drinks, and this will be Vithushan Ehantharajah.",Overton,Ibrahim Zadran,0.0,0,0,1,1,0.0,0,,0
"15.1 
1 
Rashid to Hashmatullah, 1 run 
Into middle and leg, turn taking it into leg, tucked around the corner to a wide deep fine 
leg",15.1,1,1.0,"Rashid to Hashmatullah, 1 run  .Into middle and leg, turn taking it into leg, tucked around the corner to a wide deep fine  .leg",Rashid,Hashmatullah,1.0,0,0,1,1,1.0,0,,1
"15.2 
• 
Rashid to Ibrahim Zadran, no run 
Drifting onto middle and leg, conventional leggie, pushed back to the bowler",15.2,0,0.0,"Rashid to Ibrahim Zadran, no run  .Drifting onto middle and leg, conventional leggie, pushed back to the bowler",Rashid,Ibrahim Zadran,0.0,0,0,1,1,0.0,0,,0
"15.3 
1 
Rashid to Ibrahim Zadran, 1 run 
Flighted outside off, 78.4kph, Zadran has a huge hack, scuffing down to long off for a 
single 
Leg slip for the left-hander",15.3,1,1.0,"Rashid to Ibrahim Zadran, 1 run  .Flighted outside off, 78.4kph, Zadran has a huge hack, scuffing down to long off for a  .single  .Leg slip for the left-hander",Rashid,Ibrahim Zadran,1.0,0,0,1,1,1.0,0,,1
"15.4 
2 
Rashid to Hashmatullah, 2 runs 
Very wide down leg, Shahidi drags that for a couple through the covers with a reverse 
sweep",15.4,2,2.0,"Rashid to Hashmatullah, 2 runs  .Very wide down leg, Shahidi drags that for a couple through the covers with a reverse  .sweep",Rashid,Hashmatullah,2.0,0,0,1,1,2.0,0,,1
"15.5 
• 
Rashid to Hashmatullah, no run 
Tossed up, on middle and off, pushed into midwicket",15.5,0,0.0,"Rashid to Hashmatullah, no run  .Tossed up, on middle and off, pushed into midwicket",Rashid,Hashmatullah,0.0,0,0,1,1,0.0,0,,0
"15.6 
1 
Rashid to Hashmatullah, 1 run 
Flatter through the air, 82.9kph, into the hip, worked behind square, beyond leg slip, for a 
single 
end of over 165 runs  
AFG: 61/3CRR: 3.81  
Hashmatullah Shahidi14 (25b 1x4) 
Ibrahim Zadran28 (43b 2x4 1x6) 
Adil Rashid 3-0-15-0 
Jamie Overton 3-0-8-0 
Overton around the wicket to Shahidi",15.6,1,1.0,"Rashid to Hashmatullah, 1 run  .Flatter through the air, 82.9kph, into the hip, worked behind square, beyond leg slip, for a  .single",Rashid,Hashmatullah,1.0,0,0,1,1,1.0,0,,1
"16.1 
• 
Overton to Hashmatullah, no run 
Length, fourth stump line, played nicely off the back foot straight to backward point",16.1,0,0.0,"Overton to Hashmatullah, no run  .Length, fourth stump line, played nicely off the back foot straight to backward point",Overton,Hashmatullah,0.0,0,0,1,1,0.0,0,,0
"16.2 
1 
Overton to Hashmatullah, 1 run 
Mid crease, length but closer to the batter, 137kph, allows Shahidi to lean back and cut 
high over where a third slip may have been, fielded in the deep by third 
Back over the wicket to the right-hander",16.2,1,1.0,"Overton to Hashmatullah, 1 run  .Mid crease, length but closer to the batter, 137kph, allows Shahidi to lean back and cut  .high over where a third slip may have been, fielded in the deep by third  .Back over the wicket to the right-hander",Overton,Hashmatullah,1.0,0,0,1,1,1.0,0,,1
"16.3 
1 
Overton to Ibrahim Zadran, 1 run 
Cutter, into the surface, reaching the batter above off stump, who opens the face and 
guides down to third 
Around the wicket to the left-hander",16.3,1,1.0,"Overton to Ibrahim Zadran, 1 run  .Cutter, into the surface, reaching the batter above off stump, who opens the face and  .guides down to third  .Around the wicket to the left-hander",Overton,Ibrahim Zadran,1.0,0,0,1,1,1.0,0,,1
"16.4 
1 
Overton to Hashmatullah, 1 run 
Wide of the crease, angled in, full of that usual good length, nice drive, opening the face 
to get it behind point",16.4,1,1.0,"Overton to Hashmatullah, 1 run  .Wide of the crease, angled in, full of that usual good length, nice drive, opening the face  .to get it behind point",Overton,Hashmatullah,1.0,0,0,1,1,1.0,0,,1
"16.5 
1 
Overton to Ibrahim Zadran, 1 run 
Tighter to the stumps, but enough width from length - 139.8kph - to cut hard, out to 
deep cover point",16.5,1,1.0,"Overton to Ibrahim Zadran, 1 run  .Tighter to the stumps, but enough width from length - 139.8kph - to cut hard, out to  .deep cover point",Overton,Ibrahim Zadran,1.0,0,0,1,1,1.0,0,,1
"16.6 
• 
Overton to Hashmatullah, no run 
Good length to finish, 85mph, pushing the batter back, who punches to the fielder just in 
front of point 
end of over 174 runs  
AFG: 65/3CRR: 3.82  
Hashmatullah Shahidi16 (29b 1x4) 
Ibrahim Zadran30 (45b 2x4 1x6) 
Jamie Overton 4-0-12-0 
Adil Rashid 3-0-15-0 
Sonny: ""Is the pitch tricky or are England bowling like the semi competent team we 
know them to occasionally be? Or are Afghanistan batting very conservatively knowing 
that 200 is defendable with their spinners against England's middle order?"" England 
been pretty spot on with their lengths, and not offering too much width for Afghanistan's 
batters to go at. Slip out and moved to short extra cover (Duckett)",16.6,0,0.0,"Overton to Hashmatullah, no run  .Good length to finish, 85mph, pushing the batter back, who punches to the fielder just in  .front of point",Overton,Hashmatullah,0.0,0,0,1,1,0.0,0,,0
"17.1 
• 
Rashid to Ibrahim Zadran, no run 
Straight to that man at short extra, tossed up, inviting the drive which comes, but all 
along the floor",17.1,0,0.0,"Rashid to Ibrahim Zadran, no run  .Straight to that man at short extra, tossed up, inviting the drive which comes, but all  .along the floor",Rashid,Ibrahim Zadran,0.0,0,0,1,1,0.0,0,,0
"17.2 
• 
Rashid to Ibrahim Zadran, no run 
Tossed up, on off stump, turning and allowing Zadran to rock back with the lack of pace 
but unable to beat point with a cut",17.2,0,0.0,"Rashid to Ibrahim Zadran, no run  .Tossed up, on off stump, turning and allowing Zadran to rock back with the lack of pace  .but unable to beat point with a cut",Rashid,Ibrahim Zadran,0.0,0,0,1,1,0.0,0,,0
"17.3 
1 
Rashid to Ibrahim Zadran, 1 run 
Flighted again, Zadran down the track and punching to long on",17.3,1,1.0,"Rashid to Ibrahim Zadran, 1 run  .Flighted again, Zadran down the track and punching to long on",Rashid,Ibrahim Zadran,1.0,0,0,1,1,1.0,0,,1
"17.4 
1 
Rashid to Hashmatullah, 1 run 
Slow - 73.4kph - and touch too short, Shahidi rocks back and punches to wide long on",17.4,1,1.0,"Rashid to Hashmatullah, 1 run  .Slow - 73.4kph - and touch too short, Shahidi rocks back and punches to wide long on",Rashid,Hashmatullah,1.0,0,0,1,1,1.0,0,,1
"17.5 
2 
Rashid to Ibrahim Zadran, 2 runs 
Tucked through midwicket, bit more pace on the ball - 83.6kph - and enough length for 
Zadran to rock back and work in front of square",17.5,2,2.0,"Rashid to Ibrahim Zadran, 2 runs  .Tucked through midwicket, bit more pace on the ball - 83.6kph - and enough length for  .Zadran to rock back and work in front of square",Rashid,Ibrahim Zadran,2.0,0,0,1,1,2.0,0,,1
"17.6 
• 
Rashid to Ibrahim Zadran, no run 
Similar pace to the previous delivery, straight, pushed to the fielder at midwicket 
end of over 184 runs  
AFG: 69/3CRR: 3.83  
Ibrahim Zadran33 (50b 2x4 1x6) 
Hashmatullah Shahidi17 (30b 1x4) 
Adil Rashid 4-0-19-0 
Jamie Overton 4-0-12-0 
A good sight for England as Mark Wood returns to the field. He'll have to wait a bit 
before he can bowl - 30 minutes to be exact. Joe Root replaces Overton in the attack, 
starting around the wicket to the leftie",17.6,0,0.0,"Rashid to Ibrahim Zadran, no run  .Similar pace to the previous delivery, straight, pushed to the fielder at midwicket",Rashid,Ibrahim Zadran,0.0,0,0,1,1,0.0,0,,0
"18.1 
1 
Root to Hashmatullah, 1 run 
Bit of flight, full, on off stump, driven inside-out through extra cover 
Root staying around the wicket to the right-hander, too",18.1,1,1.0,"Root to Hashmatullah, 1 run  .Bit of flight, full, on off stump, driven inside-out through extra cover  .Root staying around the wicket to the right-hander, too",Root,Hashmatullah,1.0,0,0,1,1,1.0,0,,1
"18.2 
• 
Root to Ibrahim Zadran, no run 
Cramps Zadran for room, who tries to drive down the ground but runs saved by Root's 
outstretched right hand 
See all photos",18.2,0,0.0,"Root to Ibrahim Zadran, no run  .Cramps Zadran for room, who tries to drive down the ground but runs saved by Root's  .outstretched right hand  .See all photos",Root,Ibrahim Zadran,0.0,0,0,1,1,0.0,0,,0
"18.3 
• 
Root to Ibrahim Zadran, no run 
middle of the crease, into the pads, worked to leg",18.3,0,0.0,"Root to Ibrahim Zadran, no run  .middle of the crease, into the pads, worked to leg",Root,Ibrahim Zadran,0.0,0,0,1,1,0.0,0,,0
"18.4 
1 
Root to Ibrahim Zadran, 1 run 
Root almost gathers, diving to his left as the drive comes down the ground from a fuller 
length delivery on middle stump, but a single is scrambled",18.4,1,1.0,"Root to Ibrahim Zadran, 1 run  .Root almost gathers, diving to his left as the drive comes down the ground from a fuller  .length delivery on middle stump, but a single is scrambled",Root,Ibrahim Zadran,1.0,0,0,1,1,1.0,0,,1
"18.5 
• 
Root to Hashmatullah, no run 
Sharper - 83.6kph - into the stumps, kept out",18.5,0,0.0,"Root to Hashmatullah, no run  .Sharper - 83.6kph - into the stumps, kept out",Root,Hashmatullah,0.0,0,0,1,1,0.0,0,,0
"18.6 
• 
Root to Hashmatullah, no run 
Same again, this time bunted back to the bowler. Tidy start 
end of over 192 runs  
AFG: 71/3CRR: 3.73  
Hashmatullah Shahidi18 (33b 1x4) 
Ibrahim Zadran34 (53b 2x4 1x6) 
Joe Root 1-0-2-0 
Adil Rashid 4-0-19-0",18.6,0,0.0,"Root to Hashmatullah, no run  .Same again, this time bunted back to the bowler. Tidy start",Root,Hashmatullah,0.0,0,0,1,1,0.0,0,,0
"19.1 
• 
Rashid to Ibrahim Zadran, no run 
Flighted, 79.4kph, drifting into middle and leg, defended towards Duckett at catching 
cover",19.1,0,0.0,"Rashid to Ibrahim Zadran, no run  .Flighted, 79.4kph, drifting into middle and leg, defended towards Duckett at catching  .cover",Rashid,Ibrahim Zadran,0.0,0,0,1,1,0.0,0,,0
"19.2 
6 
Rashid to Ibrahim Zadran, SIX runs 
Finally! Beautiful strike down the ground, clean as a whistle, stepping out to Rashid, who 
is full with an attempted googly and carted back over his head! Some much-needed 
intent",19.2,6,6.0,"Rashid to Ibrahim Zadran, SIX runs  .Finally! Beautiful strike down the ground, clean as a whistle, stepping out to Rashid, who  .is full with an attempted googly and carted back over his head! Some much-needed  .intent",Rashid,Ibrahim Zadran,6.0,0,1,1,1,6.0,0,,1
"19.3 
1 
Rashid to Ibrahim Zadran, 1 run 
Rashid tosses it up again, slightly wider and just as full, this time driven along the carpet 
out to the man at deep cover",19.3,1,1.0,"Rashid to Ibrahim Zadran, 1 run  .Rashid tosses it up again, slightly wider and just as full, this time driven along the carpet  .out to the man at deep cover",Rashid,Ibrahim Zadran,1.0,0,0,1,1,1.0,0,,1
"19.4 
1 
Rashid to Hashmatullah, 1 run 
Length, googly, turns into the pads, driven off the back foot to long on",19.4,1,1.0,"Rashid to Hashmatullah, 1 run  .Length, googly, turns into the pads, driven off the back foot to long on",Rashid,Hashmatullah,1.0,0,0,1,1,1.0,0,,1
"19.5 
1 
Rashid to Ibrahim Zadran, 1 run 
Really tosses this one up, 79.3kph, knocked down to long on 
Rashid around the wicket to finish",19.5,1,1.0,"Rashid to Ibrahim Zadran, 1 run  .Really tosses this one up, 79.3kph, knocked down to long on  .Rashid around the wicket to finish",Rashid,Ibrahim Zadran,1.0,0,0,1,1,1.0,0,,1
"19.6 
1 
Rashid to Hashmatullah, 1 run 
Very wide on the crease, into leg stump with the angle, tucked away behind square to 
finish a good over from Afghanistan's point of view 
end of over 2010 runs  
AFG: 81/3CRR: 4.05  
Hashmatullah Shahidi20 (35b 1x4) 
Ibrahim Zadran42 (57b 2x4 2x6) 
Adil Rashid 5-0-29-0 
Joe Root 1-0-2-0 
Mizgan: ""In my opinion, Rashid needs support in the middle overs. There is a case for 
Rehan Ahmed to play instead of a Livingstone. Rehan is a genuine wicket-taker and can 
bat at 7 (not as if Livi is giving much with the bat anyway).""",19.6,1,1.0,"Rashid to Hashmatullah, 1 run  .Very wide on the crease, into leg stump with the angle, tucked away behind square to  .finish a good over from Afghanistan's point of view",Rashid,Hashmatullah,1.0,0,0,1,1,1.0,0,,1
"20.1 
1 
Root to Hashmatullah, 1 run 
Full, on leg stump, Shahidi shifts his feet well so he can drive down to long off",20.1,1,1.0,"Root to Hashmatullah, 1 run  .Full, on leg stump, Shahidi shifts his feet well so he can drive down to long off",Root,Hashmatullah,1.0,0,0,1,1,1.0,0,,1
"20.2 
• 
Root to Ibrahim Zadran, no run 
Full, but not as full as the previous delivery, darted in, 88.1kph, bunted back to the 
bowler",20.2,0,0.0,"Root to Ibrahim Zadran, no run  .Full, but not as full as the previous delivery, darted in, 88.1kph, bunted back to the  .bowler",Root,Ibrahim Zadran,0.0,0,0,1,1,0.0,0,,0
"20.3 
1 
Root to Ibrahim Zadran, 1 run 
Full, on the pads, 87.6kph, Zadran waits a touch before breaking his wrists into the shot 
to find a single behind square leg",20.3,1,1.0,"Root to Ibrahim Zadran, 1 run  .Full, on the pads, 87.6kph, Zadran waits a touch before breaking his wrists into the shot  .to find a single behind square leg",Root,Ibrahim Zadran,1.0,0,0,1,1,1.0,0,,1
"20.4 
• 
Root to Hashmatullah, no run 
Into middle and off, defended albeit off the inside edge into the front pad",20.4,0,0.0,"Root to Hashmatullah, no run  .Into middle and off, defended albeit off the inside edge into the front pad",Root,Hashmatullah,0.0,0,0,1,1,0.0,0,,0
"20.5 
• 
Root to Hashmatullah, no run 
Tossed up, 83.1kph, skewed drive, looks for a second like an opportunity for a return 
catch but the ball was struck into the ground initially",20.5,0,0.0,"Root to Hashmatullah, no run  .Tossed up, 83.1kph, skewed drive, looks for a second like an opportunity for a return  .catch but the ball was struck into the ground initially",Root,Hashmatullah,0.0,0,0,1,1,0.0,0,,0
"20.6 
1 
Root to Hashmatullah, 1 run 
Driven to mid on for a sharp single 
end of over 213 runs  
AFG: 84/3CRR: 4.00  
Hashmatullah Shahidi22 (39b 1x4) 
Ibrahim Zadran43 (59b 2x4 2x6) 
Joe Root 2-0-5-0 
Adil Rashid 5-0-29-0 
Ravi: ""Excellent partnership this; Afghanistan know 250 will be plenty against this 
England team that are so bad against spin."" Liam Livingstone replaces Adil Rashid 
looking to break said partnership",20.6,1,1.0,"Root to Hashmatullah, 1 run  .Driven to mid on for a sharp single",Root,Hashmatullah,1.0,0,0,1,1,1.0,0,,1
"21.1 
• 
Livingstone to Hashmatullah, no run 
Off spin to the left-hander, 84.1kph, targeting the stumps, pushed back to the bowler",21.1,0,0.0,"Livingstone to Hashmatullah, no run  .Off spin to the left-hander, 84.1kph, targeting the stumps, pushed back to the bowler",Livingstone,Hashmatullah,0.0,0,0,1,1,0.0,0,,0
"21.2 
• 
Livingstone to Hashmatullah, no run 
Slightly round arm, flatter, 88kph, pushed to cover",21.2,0,0.0,"Livingstone to Hashmatullah, no run  .Slightly round arm, flatter, 88kph, pushed to cover",Livingstone,Hashmatullah,0.0,0,0,1,1,0.0,0,,0
"21.3 
2 
Livingstone to Hashmatullah, 2 runs 
Shahidi uses his feet before Liviginstone's even delivered his delivery, which cramps the 
batter for room full of a good length on leg stump. The leftie ends up hacking 
agriculturally for a couple out to the leg side fence",21.3,2,2.0,"Livingstone to Hashmatullah, 2 runs  .Shahidi uses his feet before Liviginstone's even delivered his delivery, which cramps the  .batter for room full of a good length on leg stump. The leftie ends up hacking  .agriculturally for a couple out to the leg side fence",Livingstone,Hashmatullah,2.0,0,0,1,1,2.0,0,,1
"21.4 
• 
Livingstone to Hashmatullah, no run 
Tossed up, 81.9kph, driven to Livingstone's right where he does the fielding",21.4,0,0.0,"Livingstone to Hashmatullah, no run  .Tossed up, 81.9kph, driven to Livingstone's right where he does the fielding",Livingstone,Hashmatullah,0.0,0,0,1,1,0.0,0,,0
"21.5 
1 
Livingstone to Hashmatullah, 1 run 
More flight, outside off, driven down to wide long off to bring up the fifty partnership 
from 78 deliveries 
First ball to the right-hander, leggie incoming...",21.5,1,1.0,"Livingstone to Hashmatullah, 1 run  .More flight, outside off, driven down to wide long off to bring up the fifty partnership  .from 78 deliveries  .First ball to the right-hander, leggie incoming...",Livingstone,Hashmatullah,1.0,0,0,1,1,1.0,0,,1
"21.6 
4 
Livingstone to Ibrahim Zadran, FOUR runs 
And it's paddled away for four! It is a leggie, but it's a full toss that drops late, very nicely 
played by Zadran, who just deflects the ball around the corner, inside fine leg who is up 
in the circle 
end of over 227 runs  
AFG: 91/3CRR: 4.13  
Ibrahim Zadran47 (60b 3x4 2x6) 
Hashmatullah Shahidi25 (44b 1x4) 
Liam Livingstone 1-0-7-0 
Joe Root 2-0-5-0",21.6,4,4.0,"Livingstone to Ibrahim Zadran, FOUR runs  .And it's paddled away for four! It is a leggie, but it's a full toss that drops late, very nicely  .played by Zadran, who just deflects the ball around the corner, inside fine leg who is up  .in the circle",Livingstone,Ibrahim Zadran,4.0,1,0,1,1,4.0,0,,1
"22.1 
• 
Root to Hashmatullah, no run 
Full of a length, sharp (90.7kph) out to point",22.1,0,0.0,"Root to Hashmatullah, no run  .Full of a length, sharp (90.7kph) out to point",Root,Hashmatullah,0.0,0,0,1,1,0.0,0,,0
"22.2 
1 
Root to Hashmatullah, 1 run 
Uses his feet, but ends up yorking himself. It should be a dot ball as it makes its way 
back to Root but his fumble allows a single",22.2,1,1.0,"Root to Hashmatullah, 1 run  .Uses his feet, but ends up yorking himself. It should be a dot ball as it makes its way  .back to Root but his fumble allows a single",Root,Hashmatullah,1.0,0,0,1,1,1.0,0,,1
"22.3 
2 
Root to Ibrahim Zadran, 2 runs 
Another tickle fine, this time off a length delivery from Root which skids on, cut off by 
Archer before it reaches the fence",22.3,2,2.0,"Root to Ibrahim Zadran, 2 runs  .Another tickle fine, this time off a length delivery from Root which skids on, cut off by  .Archer before it reaches the fence",Root,Ibrahim Zadran,2.0,0,0,1,1,2.0,0,,1
"22.4 
• 
Root to Ibrahim Zadran, no run 
Defended as Root targets the stumps once more",22.4,0,0.0,"Root to Ibrahim Zadran, no run  .Defended as Root targets the stumps once more",Root,Ibrahim Zadran,0.0,0,0,1,1,0.0,0,,0
"22.5 
• 
Root to Ibrahim Zadran, no run 
Wide on the crease, sliding across Zadran, who tries to punch the single down the 
ground but is cut off by Root",22.5,0,0.0,"Root to Ibrahim Zadran, no run  .Wide on the crease, sliding across Zadran, who tries to punch the single down the  .ground but is cut off by Root",Root,Ibrahim Zadran,0.0,0,0,1,1,0.0,0,,0
"22.6 
• 
Root to Ibrahim Zadran, no run 
Ooooo did that carry? Nope, into the ground. Zadran charges and attempts to heave 
down the grind but pings Joe Root in the hands. 
end of over 233 runs  
AFG: 94/3CRR: 4.08  
Ibrahim Zadran49 (64b 3x4 2x6) 
Hashmatullah Shahidi26 (46b 1x4) 
Joe Root 3-0-8-0 
Liam Livingstone 1-0-7-0 
 
Liam Livingstone vs LHB 
BALLS 
271 
WKTS 
4 
4s/6s 
24/10 
ECON 
6.48 
AVE 
73.25",22.6,0,0.0,"Root to Ibrahim Zadran, no run  .Ooooo did that carry? Nope, into the ground. Zadran charges and attempts to heave  .down the grind but pings Joe Root in the hands.",Root,Ibrahim Zadran,0.0,0,0,1,1,0.0,0,,0
"23.1 
1 
Livingstone to Hashmatullah, 1 run 
Tossed up, just outside off stump, driven to deep cover",23.1,1,1.0,"Livingstone to Hashmatullah, 1 run  .Tossed up, just outside off stump, driven to deep cover",Livingstone,Hashmatullah,1.0,0,0,1,1,1.0,0,,1
"23.2 
1 
Livingstone to Ibrahim Zadran, 1 run 
Another full toss, belted to long on to bring up Zairian's 13th fifty plus score, from 65 
deliveries Needs to convert with others batting around him if Afghanistan are to post a 
workable score 
See all photos",23.2,1,1.0,"Livingstone to Ibrahim Zadran, 1 run  .Another full toss, belted to long on to bring up Zairian's 13th fifty plus score, from 65  .deliveries Needs to convert with others batting around him if Afghanistan are to post a  .workable score  .See all photos",Livingstone,Ibrahim Zadran,1.0,0,0,1,1,1.0,0,,1
"23.3 
1 
Livingstone to Hashmatullah, 1 run 
Pace off, 75.9kph, full into leg stump, driven out to mid on and scampers a quick single 
that almost sees Shahidi take out umpire Rod Tucker, who was moving out of the way 
but was suddenly in the batter's path",23.3,1,1.0,"Livingstone to Hashmatullah, 1 run  .Pace off, 75.9kph, full into leg stump, driven out to mid on and scampers a quick single  .that almost sees Shahidi take out umpire Rod Tucker, who was moving out of the way  .but was suddenly in the batter's path",Livingstone,Hashmatullah,1.0,0,0,1,1,1.0,0,,1
"23.4 
1 
Livingstone to Ibrahim Zadran, 1 run 
Single taken down the ground once more as Livingston goes full on middle and leg. 
Zadran not all that happy as he felt he should have blazed that through midwicket",23.4,1,1.0,"Livingstone to Ibrahim Zadran, 1 run  .Single taken down the ground once more as Livingston goes full on middle and leg.  .Zadran not all that happy as he felt he should have blazed that through midwicket",Livingstone,Ibrahim Zadran,1.0,0,0,1,1,1.0,0,,1
"23.5 
• 
Livingstone to Hashmatullah, no run 
Defended towards cover",23.5,0,0.0,"Livingstone to Hashmatullah, no run  .Defended towards cover",Livingstone,Hashmatullah,0.0,0,0,1,1,0.0,0,,0
"23.6 
• 
Livingstone to Hashmatullah, no run 
Guided behind point, but straight to short fine 
end of over 244 runs  
AFG: 98/3CRR: 4.08  
Hashmatullah Shahidi28 (50b 1x4) 
Ibrahim Zadran51 (66b 3x4 2x6) 
Liam Livingstone 2-0-11-0 
Joe Root 3-0-8-0",23.6,0,0.0,"Livingstone to Hashmatullah, no run  .Guided behind point, but straight to short fine",Livingstone,Hashmatullah,0.0,0,0,1,1,0.0,0,,0
"24.1 
1 
Root to Ibrahim Zadran, 1 run 
Touch of flight, 84.7kph, full of a good length allowing Zadran to step into a drive down 
the ground",24.1,1,1.0,"Root to Ibrahim Zadran, 1 run  .Touch of flight, 84.7kph, full of a good length allowing Zadran to step into a drive down  .the ground",Root,Ibrahim Zadran,1.0,0,0,1,1,1.0,0,,1
"24.2 
4 
Root to Hashmatullah, FOUR runs 
Dragged over mid on! Not the cleanest of strikes, but 100% commitment with the shot, 
as Shahidi charges a ball that ends up being wider than anticipated, and uses his hands 
to clear Brook at mid on",24.2,4,4.0,"Root to Hashmatullah, FOUR runs  .Dragged over mid on! Not the cleanest of strikes, but 100% commitment with the shot,  .as Shahidi charges a ball that ends up being wider than anticipated, and uses his hands  .to clear Brook at mid on",Root,Hashmatullah,4.0,1,0,1,1,4.0,0,,1
"24.3 
• 
Root to Hashmatullah, no run",24.3,0,0.0,"Root to Hashmatullah, no run",Root,Hashmatullah,0.0,0,0,1,1,0.0,0,,0
"24.4 
• 
Root to Hashmatullah, no run 
Almost cut behind! Not quite the length, as Root skids one just passed the outside edge 
into Smith's gloves",24.4,0,0.0,"Root to Hashmatullah, no run  .Almost cut behind! Not quite the length, as Root skids one just passed the outside edge  .into Smith's gloves",Root,Hashmatullah,0.0,0,0,1,1,0.0,0,,0
"24.5 
• 
Root to Hashmatullah, no run 
Flatter again, Shahidi rocks back and tries to pierce the offside but well stopped by 
Buttler moving to his right from mid off",24.5,0,0.0,"Root to Hashmatullah, no run  .Flatter again, Shahidi rocks back and tries to pierce the offside but well stopped by  .Buttler moving to his right from mid off",Root,Hashmatullah,0.0,0,0,1,1,0.0,0,,0
"24.6 
• 
Root to Hashmatullah, no run 
Leading edge falls short of Root as he darts this one into middle and leg and Shahidi 
mistimes closing his bat face as he attempts to tuck a single into the leg side 
end of over 255 runs  
AFG: 103/3CRR: 4.12  
Hashmatullah Shahidi32 (55b 2x4) 
Ibrahim Zadran52 (67b 3x4 2x6) 
Joe Root 4-0-13-0 
Liam Livingstone 2-0-11-0 
Overton - 4 overs, 0 for 12 - returns to the attack",24.6,0,0.0,"Root to Hashmatullah, no run  .Leading edge falls short of Root as he darts this one into middle and leg and Shahidi  .mistimes closing his bat face as he attempts to tuck a single into the leg side",Root,Hashmatullah,0.0,0,0,1,1,0.0,0,,0
"25.1 
4 
Overton to Ibrahim Zadran, FOUR runs 
Checked down the ground! Quality batting, using the pace - 135.8kph - to extend into a 
gorgeous lofted straight drive. Holds the pose for a second, too. Top class",25.1,4,4.0,"Overton to Ibrahim Zadran, FOUR runs  .Checked down the ground! Quality batting, using the pace - 135.8kph - to extend into a  .gorgeous lofted straight drive. Holds the pose for a second, too. Top class",Overton,Ibrahim Zadran,4.0,1,0,1,1,4.0,0,,1
"25.2 
1 
Overton to Ibrahim Zadran, 1 run 
Length dragged back, 135.5kph, but wide enough for Zadran to guide to deep third",25.2,1,1.0,"Overton to Ibrahim Zadran, 1 run  .Length dragged back, 135.5kph, but wide enough for Zadran to guide to deep third",Overton,Ibrahim Zadran,1.0,0,0,1,1,1.0,0,,1
"25.3 
• 
Overton to Hashmatullah, no run 
Charge, swing and a miss! Proper rush of blood from Shahidi, who didn't bother about 
what the line or length of the ball was and just ran down the track with an ill-judged 
scythe",25.3,0,0.0,"Overton to Hashmatullah, no run  .Charge, swing and a miss! Proper rush of blood from Shahidi, who didn't bother about  .what the line or length of the ball was and just ran down the track with an ill-judged  .scythe",Overton,Hashmatullah,0.0,0,0,1,1,0.0,0,,0
"25.4 
1 
Overton to Hashmatullah, 1 run 
Stays put this time, allowing him to drive a cutter - 75mph - into the gap at cover",25.4,1,1.0,"Overton to Hashmatullah, 1 run  .Stays put this time, allowing him to drive a cutter - 75mph - into the gap at cover",Overton,Hashmatullah,1.0,0,0,1,1,1.0,0,,1
"25.5 
2 
Overton to Ibrahim Zadran, 2 runs 
Length, not all that short, 134.9kph, short-arm pull out to Livingstone patrolling the leg 
side fence, who charges to his left to field the ball at midwicket",25.5,2,2.0,"Overton to Ibrahim Zadran, 2 runs  .Length, not all that short, 134.9kph, short-arm pull out to Livingstone patrolling the leg  .side fence, who charges to his left to field the ball at midwicket",Overton,Ibrahim Zadran,2.0,0,0,1,1,2.0,0,,1
"25.6 
1 
Overton to Ibrahim Zadran, 1 run 
Short, 139kph, hurries Zadran who's got good enough hands, and flexibility, to rock 
backend pull the ball around the corner to Rashid at deep fine leg 
end of over 269 runs  
AFG: 112/3CRR: 4.30  
Ibrahim Zadran60 (71b 4x4 2x6) 
Hashmatullah Shahidi33 (57b 2x4) 
Jamie Overton 5-0-21-0 
Joe Root 4-0-13-0",25.6,1,1.0,"Overton to Ibrahim Zadran, 1 run  .Short, 139kph, hurries Zadran who's got good enough hands, and flexibility, to rock  .backend pull the ball around the corner to Rashid at deep fine leg",Overton,Ibrahim Zadran,1.0,0,0,1,1,1.0,0,,1
"26.1 
1 
Root to Ibrahim Zadran, 1 run 
Full, leg stump, Zadran skips down and miscues a touch, aiming through midwicket but 
having to settle for a single a lot squarer",26.1,1,1.0,"Root to Ibrahim Zadran, 1 run  .Full, leg stump, Zadran skips down and miscues a touch, aiming through midwicket but  .having to settle for a single a lot squarer",Root,Ibrahim Zadran,1.0,0,0,1,1,1.0,0,,1
"26.2 
1 
Root to Hashmatullah, 1 run 
Tip and run as Shahidi punches into midwicket as Root, yet again, tries to cramp him for 
room",26.2,1,1.0,"Root to Hashmatullah, 1 run  .Tip and run as Shahidi punches into midwicket as Root, yet again, tries to cramp him for  .room",Root,Hashmatullah,1.0,0,0,1,1,1.0,0,,1
"26.3 
1 
Root to Ibrahim Zadran, 1 run 
Paddle-ramp over the shoulder as Root goes full looking for that skid off the surface",26.3,1,1.0,"Root to Ibrahim Zadran, 1 run  .Paddle-ramp over the shoulder as Root goes full looking for that skid off the surface",Root,Ibrahim Zadran,1.0,0,0,1,1,1.0,0,,1
"26.4 
1 
Root to Hashmatullah, 1 run 
Pace on, touch of width with enough length for a full-blooded cut that Rashid stops at 
point but not well enough to prevent a single",26.4,1,1.0,"Root to Hashmatullah, 1 run  .Pace on, touch of width with enough length for a full-blooded cut that Rashid stops at  .point but not well enough to prevent a single",Root,Hashmatullah,1.0,0,0,1,1,1.0,0,,1
"26.5 
1 
Root to Ibrahim Zadran, 1 run 
Tossed up, just outside leg stump, Zadran makes room to free his arms and drive down 
the ground to long on",26.5,1,1.0,"Root to Ibrahim Zadran, 1 run  .Tossed up, just outside leg stump, Zadran makes room to free his arms and drive down  .the ground to long on",Root,Ibrahim Zadran,1.0,0,0,1,1,1.0,0,,1
"26.6 
• 
Root to Hashmatullah, no run 
Round arm from Root, wide of the crease, attempted punch down to long on is cut off 
by the bowler 
end of over 275 runs  
AFG: 117/3CRR: 4.33  
Hashmatullah Shahidi35 (60b 2x4) 
Ibrahim Zadran63 (74b 4x4 2x6) 
Joe Root 5-0-18-0 
Jamie Overton 5-0-21-0 
Danyal Rasool has noted it's got a bit dark in Lahore.",26.6,0,0.0,"Root to Hashmatullah, no run  .Round arm from Root, wide of the crease, attempted punch down to long on is cut off  .by the bowler",Root,Hashmatullah,0.0,0,0,1,1,0.0,0,,0
"27.1 
6 
Overton to Ibrahim Zadran, SIX runs 
Glorious! Smart batting from Zadran, who knows Overton is going to start back of a 
length given how the start of the previous Overton over went, creates room by moving to 
leg and carts him high over long off!",27.1,6,6.0,"Overton to Ibrahim Zadran, SIX runs  .Glorious! Smart batting from Zadran, who knows Overton is going to start back of a  .length given how the start of the previous Overton over went, creates room by moving to  .leg and carts him high over long off!",Overton,Ibrahim Zadran,6.0,0,1,1,1,6.0,0,,1
"27.2 
4 
Overton to Ibrahim Zadran, FOUR runs 
Two boundaries in a row! Fuller, into the pads, Zadran says 'thanks lad', timing crisply 
through to the midwicket boundary, this time all along the carpet",27.2,4,4.0,"Overton to Ibrahim Zadran, FOUR runs  .Two boundaries in a row! Fuller, into the pads, Zadran says 'thanks lad', timing crisply  .through to the midwicket boundary, this time all along the carpet",Overton,Ibrahim Zadran,4.0,1,0,1,1,4.0,0,,1
"27.3 
• 
Overton to Ibrahim Zadran, no run 
Overton resorts to the top of of stump, 143kph, defended",27.3,0,0.0,"Overton to Ibrahim Zadran, no run  .Overton resorts to the top of of stump, 143kph, defended",Overton,Ibrahim Zadran,0.0,0,0,1,1,0.0,0,,0
"27.4 
• 
Overton to Ibrahim Zadran, no run 
Fuller, driven back to the bowler, who fields and threatens to throw down the stumps, 
even sending the nonstriker Shahidi diving back to his end",27.4,0,0.0,"Overton to Ibrahim Zadran, no run  .Fuller, driven back to the bowler, who fields and threatens to throw down the stumps,  .even sending the nonstriker Shahidi diving back to his end",Overton,Ibrahim Zadran,0.0,0,0,1,1,0.0,0,,0
"27.5 
2 
Overton to Ibrahim Zadran, 2 runs 
Short, pulled smartly very square, asking Livingstone to make up a lot of ground to his 
right, which he does - just - with a dive",27.5,2,2.0,"Overton to Ibrahim Zadran, 2 runs  .Short, pulled smartly very square, asking Livingstone to make up a lot of ground to his  .right, which he does - just - with a dive",Overton,Ibrahim Zadran,2.0,0,0,1,1,2.0,0,,1
"27.6 
4 
Overton to Ibrahim Zadran, FOUR runs 
Short again, pulled again... beating the sweeper this time! Fantastic shot, particularly as 
Zadran had to veer out of the way a touch, while also checking the shot to ensure he got 
the placement spot on 
end of over 2816 runs  
AFG: 133/3CRR: 4.75  
Ibrahim Zadran79 (80b 6x4 3x6) 
Hashmatullah Shahidi35 (60b 2x4) 
Jamie Overton 6-0-37-0 
Joe Root 5-0-18-0 
Arjun: ""Afghanistan would hate if rain stopped proceedings now. They've just started 
going at decent click."" 
 
Ibrahim Zadran in middle overs (in ODIs) 
RUNS 
844 
OUTS 
13 
4s/6s 
66/13 
SR 
83.81 
AVE 
64.92",27.6,4,4.0,"Overton to Ibrahim Zadran, FOUR runs  .Short again, pulled again... beating the sweeper this time! Fantastic shot, particularly as  .Zadran had to veer out of the way a touch, while also checking the shot to ensure he got  .the placement spot on",Overton,Ibrahim Zadran,4.0,1,0,1,1,4.0,0,,1
"28.1 
• 
Root to Hashmatullah, no run 
Just full of a decent length, on with the arm, pushed off the back foot to mid on",28.1,0,0.0,"Root to Hashmatullah, no run  .Just full of a decent length, on with the arm, pushed off the back foot to mid on",Root,Hashmatullah,0.0,0,0,1,1,0.0,0,,0
"28.2 
4 
Root to Hashmatullah, FOUR runs 
Up and over extra cover! A classy shot from the left-hander, skipping down the track 
and hitting inside-out, clearing the infield with ease. And that's the century stand 
between these two!",28.2,4,4.0,"Root to Hashmatullah, FOUR runs  .Up and over extra cover! A classy shot from the left-hander, skipping down the track  .and hitting inside-out, clearing the infield with ease. And that's the century stand  .between these two!",Root,Hashmatullah,4.0,1,0,1,1,4.0,0,,1
"28.3 
1 
Root to Hashmatullah, 1 run 
Length dragged back, stays back, drives through cover off the back foot",28.3,1,1.0,"Root to Hashmatullah, 1 run  .Length dragged back, stays back, drives through cover off the back foot",Root,Hashmatullah,1.0,0,0,1,1,1.0,0,,1
"28.4 
1 
Root to Ibrahim Zadran, 1 run 
Into the pads, fuller, pushed out to Archer at deep square, who keeps them to a single",28.4,1,1.0,"Root to Ibrahim Zadran, 1 run  .Into the pads, fuller, pushed out to Archer at deep square, who keeps them to a single",Root,Ibrahim Zadran,1.0,0,0,1,1,1.0,0,,1
"28.5 
• 
Root to Hashmatullah, no run 
Kept honest this time, another dart, finds the fielder in the ring",28.5,0,0.0,"Root to Hashmatullah, no run  .Kept honest this time, another dart, finds the fielder in the ring",Root,Hashmatullah,0.0,0,0,1,1,0.0,0,,0
"28.6 
• 
Root to Hashmatullah, no run 
Charges once more, gets to the pitch of the ball but drives back to Root, who gathers 
first time and sends the batter back to his crease with the threat of a return-hurl 
end of over 296 runs  
AFG: 139/3CRR: 4.79  
Hashmatullah Shahidi40 (65b 3x4) 
Ibrahim Zadran80 (81b 6x4 3x6) 
Joe Root 6-0-24-0 
Jamie Overton 6-0-37-0 
Overton has been hooked and Rashid is back on",28.6,0,0.0,"Root to Hashmatullah, no run  .Charges once more, gets to the pitch of the ball but drives back to Root, who gathers  .first time and sends the batter back to his crease with the threat of a return-hurl",Root,Hashmatullah,0.0,0,0,1,1,0.0,0,,0
"29.1 
1 
Rashid to Ibrahim Zadran, 1 run 
Starts with length, 84.3kph, timed sweetly out of the middle, Buttler scampers to his left 
at cover but can't prevent the single 
Ishaan : ""Status of Mark Wood?"" He'll be able to bowl in three minutes. Currently out in 
the field",29.1,1,1.0,"Rashid to Ibrahim Zadran, 1 run  .Starts with length, 84.3kph, timed sweetly out of the middle, Buttler scampers to his left  .at cover but can't prevent the single",Rashid,Ibrahim Zadran,1.0,0,0,1,1,1.0,0,,1
"29.2 
• 
Rashid to Hashmatullah, no run 
Bit of width, googly from a length, Shahidi goes to guide it on its way down to deep third 
but can't beat the fielder in the ring",29.2,0,0.0,"Rashid to Hashmatullah, no run  .Bit of width, googly from a length, Shahidi goes to guide it on its way down to deep third  .but can't beat the fielder in the ring",Rashid,Hashmatullah,0.0,0,0,1,1,0.0,0,,0
"29.3 
W 
Rashid to Hashmatullah, OUT 
Timber! Flat, straight, out the ground of the hand, Shahidi misjudges the length as he 
attempts a reverse sweep, the ball squeezing under his bats and into the stumps 
Hashmatullah Shahidi b Rashid 40 (67b 3x4 0x6 76m) SR: 59.7 
See all photos 
Azmatullah Omarzai is the new batter, with a slip for company",29.3,W,0.0,"Rashid to Hashmatullah, OUT  .Timber! Flat, straight, out the ground of the hand, Shahidi misjudges the length as he  .attempts a reverse sweep, the ball squeezing under his bats and into the stumps  .Hashmatullah Shahidi b Rashid 40 (67b 3x4 0x6 76m) SR: 59.7",Rashid,Hashmatullah,0.0,0,0,1,1,0.0,1,b Rashid,0
"29.4 
1 
Rashid to Azmatullah, 1 run 
Googly to start, pushed in front of point",29.4,1,1.0,"Rashid to Azmatullah, 1 run  .Googly to start, pushed in front of point",Rashid,Azmatullah,1.0,0,0,1,1,1.0,0,,1
"29.5 
1 
Rashid to Ibrahim Zadran, 1 run 
Flighted, full, just outside off stump, 79.8kph, clumped down the ground for a single",29.5,1,1.0,"Rashid to Ibrahim Zadran, 1 run  .Flighted, full, just outside off stump, 79.8kph, clumped down the ground for a single",Rashid,Ibrahim Zadran,1.0,0,0,1,1,1.0,0,,1
"29.6 
1 
Rashid to Azmatullah, 1 run 
Flighted, bit of turn off the surface from a full length, 79.3kph, but not enough to prevent 
a nice straight drive to long off 
end of over 304 runs • 1 wicket 
AFG: 143/4CRR: 4.76  
Azmatullah Omarzai2 (2b) 
Ibrahim Zadran82 (83b 6x4 3x6) 
Adil Rashid 6-0-33-1 
Joe Root 6-0-24-0 
Mayank: ""This wicket might be blessing in disguise. With 20 overs left Azmat, Nabi and 
Rashid can make a big total out of it."" Jofra Archer, responsible for the first three 
wickets, is back into the attack. This will be the first of his final four overs 
 
Azmatullah Omarzai Career stats in ODIs 
INNS 
30 
RUNS 
928 
SR 
96.36 
AVE 
46.40 
HS 
149*",29.6,1,1.0,"Rashid to Azmatullah, 1 run  .Flighted, bit of turn off the surface from a full length, 79.3kph, but not enough to prevent  .a nice straight drive to long off",Rashid,Azmatullah,1.0,0,0,1,1,1.0,0,,1
"30.1 
1 
Archer to Azmatullah, 1 run 
Starts outside off, length delivery, open-face drive through point off the back foot",30.1,1,1.0,"Archer to Azmatullah, 1 run  .Starts outside off, length delivery, open-face drive through point off the back foot",Archer,Azmatullah,1.0,0,0,1,1,1.0,0,,1
"30.2 
• 
Archer to Ibrahim Zadran, no run 
Tight to the stumps, slower delivery out the back of the hand - 110.1kph - well read by 
Zadran, who waits, drives to cover and then signals the variation to his batting partner",30.2,0,0.0,"Archer to Ibrahim Zadran, no run  .Tight to the stumps, slower delivery out the back of the hand - 110.1kph - well read by  .Zadran, who waits, drives to cover and then signals the variation to his batting partner",Archer,Ibrahim Zadran,0.0,0,0,1,1,0.0,0,,0
"30.3 
1 
Archer to Ibrahim Zadran, 1 run 
Another variation - leg cutter this time - rears up but Zadran gets on top of the bounce, 
driving down to long on",30.3,1,1.0,"Archer to Ibrahim Zadran, 1 run  .Another variation - leg cutter this time - rears up but Zadran gets on top of the bounce,  .driving down to long on",Archer,Ibrahim Zadran,1.0,0,0,1,1,1.0,0,,1
"30.4 
1w 
Archer to Azmatullah, 1 wide 
Short, into the body but wide down the leg side",30.4,1w,1.0,"Archer to Azmatullah, 1 wide  .Short, into the body but wide down the leg side",Archer,Azmatullah,0.0,0,0,0,0,1.0,0,,1
"30.4 
1 
Archer to Azmatullah, 1 run 
Good length, but outside off, 85mph, driven, slightly cross-batted, out to deep cover",30.4,1,1.0,"Archer to Azmatullah, 1 run  .Good length, but outside off, 85mph, driven, slightly cross-batted, out to deep cover",Archer,Azmatullah,1.0,0,0,1,1,1.0,0,,1
"30.5 
1 
Archer to Ibrahim Zadran, 1 run 
Tight to the stumps once more, just wide of off stump, guided down to deep third",30.5,1,1.0,"Archer to Ibrahim Zadran, 1 run  .Tight to the stumps once more, just wide of off stump, guided down to deep third",Archer,Ibrahim Zadran,1.0,0,0,1,1,1.0,0,,1
"30.6 
1 
Archer to Azmatullah, 1 run 
Knuckle ball - 117.5kph - but full and wide, allowing Azmatullah to carve into deep cover 
once more 
end of over 316 runs  
AFG: 149/4CRR: 4.80  
Azmatullah Omarzai5 (5b) 
Ibrahim Zadran84 (86b 6x4 3x6) 
Jofra Archer 7-0-28-3 
Adil Rashid 6-0-33-1 
Rashid continuing",30.6,1,1.0,"Archer to Azmatullah, 1 run  .Knuckle ball - 117.5kph - but full and wide, allowing Azmatullah to carve into deep cover  .once more",Archer,Azmatullah,1.0,0,0,1,1,1.0,0,,1
"31.1 
• 
Rashid to Azmatullah, no run 
Tossed up, 74.3kph, pitching on middle and leg, smothered by Azmatullah",31.1,0,0.0,"Rashid to Azmatullah, no run  .Tossed up, 74.3kph, pitching on middle and leg, smothered by Azmatullah",Rashid,Azmatullah,0.0,0,0,1,1,0.0,0,,0
"31.2 
1 
Rashid to Azmatullah, 1 run 
On off stump this time, full once more, driven out to long off",31.2,1,1.0,"Rashid to Azmatullah, 1 run  .On off stump this time, full once more, driven out to long off",Rashid,Azmatullah,1.0,0,0,1,1,1.0,0,,1
"31.3 
1 
Rashid to Ibrahim Zadran, 1 run 
Full, on off stump, 84.3kph, steps up and drives out of the middle down the ground once 
more",31.3,1,1.0,"Rashid to Ibrahim Zadran, 1 run  .Full, on off stump, 84.3kph, steps up and drives out of the middle down the ground once  .more",Rashid,Ibrahim Zadran,1.0,0,0,1,1,1.0,0,,1
"31.4 
1 
Rashid to Azmatullah, 1 run 
Tight to the stumps, 80.4kph, googly, worked after the turn off the back foot, down to 
long on",31.4,1,1.0,"Rashid to Azmatullah, 1 run  .Tight to the stumps, 80.4kph, googly, worked after the turn off the back foot, down to  .long on",Rashid,Azmatullah,1.0,0,0,1,1,1.0,0,,1
"31.5 
1 
Rashid to Ibrahim Zadran, 1 run 
Mid crease, leggie, pitching on off stump, nicely pushed into the off side, to the left of 
cover, for a quick single",31.5,1,1.0,"Rashid to Ibrahim Zadran, 1 run  .Mid crease, leggie, pitching on off stump, nicely pushed into the off side, to the left of  .cover, for a quick single",Rashid,Ibrahim Zadran,1.0,0,0,1,1,1.0,0,,1
"31.6 
6 
Rashid to Azmatullah, SIX runs 
Oh wow that is HUGE! Stunning from Azmatullah, smashing Rashid over long on with a 
gloriously vicious slap-slog-sweep! The noise of the bat was stunning 
end of over 3210 runs  
AFG: 159/4CRR: 4.96  
Azmatullah Omarzai13 (9b 1x6) 
Ibrahim Zadran86 (88b 6x4 3x6) 
Adil Rashid 7-0-43-1 
Jofra Archer 7-0-28-3 
Dareez: ""To justify the title of ODI player of the year 2024, Omarzai has to deliver 
something special with bat. No doubt he did in the past, but the big will stage will further 
enrich his CV as a Cricketer."" Well that six was a good start...",31.6,6,6.0,"Rashid to Azmatullah, SIX runs  .Oh wow that is HUGE! Stunning from Azmatullah, smashing Rashid over long on with a  .gloriously vicious slap-slog-sweep! The noise of the bat was stunning",Rashid,Azmatullah,6.0,0,1,1,1,6.0,0,,1
"32.1 
1 
Archer to Ibrahim Zadran, 1 run 
Wide, length, cut into the ground, not very far - Smith ends up fielding from behind the 
stumps - but a good early call gets a single",32.1,1,1.0,"Archer to Ibrahim Zadran, 1 run  .Wide, length, cut into the ground, not very far - Smith ends up fielding from behind the  .stumps - but a good early call gets a single",Archer,Ibrahim Zadran,1.0,0,0,1,1,1.0,0,,1
"32.2 
1 
Archer to Azmatullah, 1 run 
Mid-crease, cutter - 124.6kph - drifts into leg stump, full, and tucked around the corner",32.2,1,1.0,"Archer to Azmatullah, 1 run  .Mid-crease, cutter - 124.6kph - drifts into leg stump, full, and tucked around the corner",Archer,Azmatullah,1.0,0,0,1,1,1.0,0,,1
"32.3 
2 
Archer to Ibrahim Zadran, 2 runs 
Another variation - 121.3kph - and more drift which is pushed through midwicket this 
time",32.3,2,2.0,"Archer to Ibrahim Zadran, 2 runs  .Another variation - 121.3kph - and more drift which is pushed through midwicket this  .time",Archer,Ibrahim Zadran,2.0,0,0,1,1,2.0,0,,1
"32.4 
• 
Archer to Ibrahim Zadran, no run 
Slower-ball bouncer, loops up before dropping below shoulder height for the batter as it 
passes the stumps, left alone",32.4,0,0.0,"Archer to Ibrahim Zadran, no run  .Slower-ball bouncer, loops up before dropping below shoulder height for the batter as it  .passes the stumps, left alone",Archer,Ibrahim Zadran,0.0,0,0,1,1,0.0,0,,0
"32.5 
1w 
Archer to Ibrahim Zadran, 1 wide 
Pace on bumper this time, 140.5kph. but just down the leg side...",32.5,1w,1.0,"Archer to Ibrahim Zadran, 1 wide  .Pace on bumper this time, 140.5kph. but just down the leg side...",Archer,Ibrahim Zadran,0.0,0,0,0,0,1.0,0,,1
"32.5 
1 
Archer to Ibrahim Zadran, 1 run 
Pace on again, just outside off stump on a good length, guided down to third",32.5,1,1.0,"Archer to Ibrahim Zadran, 1 run  .Pace on again, just outside off stump on a good length, guided down to third",Archer,Ibrahim Zadran,1.0,0,0,1,1,1.0,0,,1
"32.6 
• 
Archer to Azmatullah, no run 
Length, pace on - 142.6kph - has Azmatullah on the hop, defending in front of his 
stumps 
Right, drinks. Here's Matt Roller for the finale 
end of over 336 runs  
AFG: 165/4CRR: 5.00  
Azmatullah Omarzai14 (11b 1x6) 
Ibrahim Zadran90 (92b 6x4 3x6) 
Jofra Archer 8-0-34-3 
Adil Rashid 7-0-43-1 
Abby: ""AFG is all set to repeat Delhi 23' heroics in Lahore 25'"" 
Thanks Vish. How many will England feel confident chasing? There was heavy dew here 
on Saturday, but Afghanistan will be hoping that the pitch slows up somewhat as the 
day wears on. 
Now then. Wood has been back on the field long enough that he can come back into the 
attack. He's not been moving freely, and has heavy strapping on his left knee.",32.6,0,0.0,"Archer to Azmatullah, no run  .Length, pace on - 142.6kph - has Azmatullah on the hop, defending in front of his  .stumps  .Right, drinks. Here's Matt Roller for the finale",Archer,Azmatullah,0.0,0,0,1,1,0.0,0,,0
"33.1 
• 
Wood to Ibrahim Zadran, no run 
back of a length to start, defended back. Down at 83mph/133kph to start, and grimaces 
as he fields off his own bowling",33.1,0,0.0,"Wood to Ibrahim Zadran, no run  .back of a length to start, defended back. Down at 83mph/133kph to start, and grimaces  .as he fields off his own bowling",Wood,Ibrahim Zadran,0.0,0,0,1,1,0.0,0,,0
"33.2 
• 
Wood to Ibrahim Zadran, no run 
hard length, shaping back in. Skews into the leg side, towards short midwicket. 
88mph/142kph",33.2,0,0.0,"Wood to Ibrahim Zadran, no run  .hard length, shaping back in. Skews into the leg side, towards short midwicket.  .88mph/142kph",Wood,Ibrahim Zadran,0.0,0,0,1,1,0.0,0,,0
"33.3 
• 
Wood to Ibrahim Zadran, no run 
shin-high full toss, punched straight to mid-off. 91mph/147kph, Wood cranking it up",33.3,0,0.0,"Wood to Ibrahim Zadran, no run  .shin-high full toss, punched straight to mid-off. 91mph/147kph, Wood cranking it up",Wood,Ibrahim Zadran,0.0,0,0,1,1,0.0,0,,0
"33.4 
2 
Wood to Ibrahim Zadran, 2 runs 
length ball, 90mph/145kph. Skewed uppishly into the off side, but out of reach for 
backward point. Wood hits the deck in his follow-through",33.4,2,2.0,"Wood to Ibrahim Zadran, 2 runs  .length ball, 90mph/145kph. Skewed uppishly into the off side, but out of reach for  .backward point. Wood hits the deck in his follow-through",Wood,Ibrahim Zadran,2.0,0,0,1,1,2.0,0,,1
"33.5 
• 
Wood to Ibrahim Zadran, no run 
hard length, steered to point with an open face. 88mph/142kph",33.5,0,0.0,"Wood to Ibrahim Zadran, no run  .hard length, steered to point with an open face. 88mph/142kph",Wood,Ibrahim Zadran,0.0,0,0,1,1,0.0,0,,0
"33.6 
• 
Wood to Ibrahim Zadran, no run 
a rare slower ball from Wood. Offcutter, which grips and beats the outside edge 
Swapnajit: ""If there was heavy dew here on Saturday, isn't it a wrong decision by 
Afghanistan to bat first?"" -- Their gameplan in ODIs has generally revolved around 
getting runs on the board and backing their spinners to defend. 
end of over 342 runs  
AFG: 167/4CRR: 4.91  
Ibrahim Zadran92 (98b 6x4 3x6) 
Azmatullah Omarzai14 (11b 1x6) 
Mark Wood 5-0-16-0 
Jofra Archer 8-0-34-3 
Vijay: ""The spin duo of Noor and Rashid will knock England out of this tournament, 
provided Afg score beyond 275. But will they?"" 
Livingstone is back with a short mid-off in place",33.6,0,0.0,"Wood to Ibrahim Zadran, no run  .a rare slower ball from Wood. Offcutter, which grips and beats the outside edge",Wood,Ibrahim Zadran,0.0,0,0,1,1,0.0,0,,0
"34.1 
1 
Livingstone to Azmatullah, 1 run 
guided into the off side",34.1,1,1.0,"Livingstone to Azmatullah, 1 run  .guided into the off side",Livingstone,Azmatullah,1.0,0,0,1,1,1.0,0,,1
"34.2 
1 
Livingstone to Ibrahim Zadran, 1 run 
tossed up, steered away into the cover-point region",34.2,1,1.0,"Livingstone to Ibrahim Zadran, 1 run  .tossed up, steered away into the cover-point region",Livingstone,Ibrahim Zadran,1.0,0,0,1,1,1.0,0,,1
"34.3 
1 
Livingstone to Azmatullah, 1 run 
legbreak, steered away through point",34.3,1,1.0,"Livingstone to Azmatullah, 1 run  .legbreak, steered away through point",Livingstone,Azmatullah,1.0,0,0,1,1,1.0,0,,1
"34.4 
• 
Livingstone to Ibrahim Zadran, no run 
very full, Buttler gets down well at short extra cover to keep him on strike",34.4,0,0.0,"Livingstone to Ibrahim Zadran, no run  .very full, Buttler gets down well at short extra cover to keep him on strike",Livingstone,Ibrahim Zadran,0.0,0,0,1,1,0.0,0,,0
"34.5 
1 
Livingstone to Ibrahim Zadran, 1 run 
full outside off, threaded out to deep cover",34.5,1,1.0,"Livingstone to Ibrahim Zadran, 1 run  .full outside off, threaded out to deep cover",Livingstone,Ibrahim Zadran,1.0,0,0,1,1,1.0,0,,1
"34.6 
1 
Livingstone to Azmatullah, 1 run 
worked down to long-on for a jogged single 
MK: ""Ridiculous Wood is allowed to take a break and return. Batsmen retire hurt. 
Shouldn't be allowed"" -- He had to wait nearly 40 minutes (the same amount of time he 
was off the field) before coming back into the attack. And batters are allowed to resume 
their innings after retiring hurt! 
end of over 355 runs  
AFG: 172/4CRR: 4.91  
Azmatullah Omarzai17 (14b 1x6) 
Ibrahim Zadran94 (101b 6x4 3x6) 
Liam Livingstone 3-0-16-0 
Mark Wood 5-0-16-0 
Paul Muchmore: Ibrahim Zadran was the first to score a World Cup hundred for 
Afghanistan, in the Maxwell 201* game, could be the first in the Champions Trophy very 
soon…",34.6,1,1.0,"Livingstone to Azmatullah, 1 run  .worked down to long-on for a jogged single",Livingstone,Azmatullah,1.0,0,0,1,1,1.0,0,,1
"35.1 
1 
Wood to Azmatullah, 1 run 
tails in late, Azmat nearly knocks himself off his feet as he gets deep in the crease and 
bunts a wide yorker out to deep cover",35.1,1,1.0,"Wood to Azmatullah, 1 run  .tails in late, Azmat nearly knocks himself off his feet as he gets deep in the crease and  .bunts a wide yorker out to deep cover",Wood,Azmatullah,1.0,0,0,1,1,1.0,0,,1
"35.2 
1 
Wood to Ibrahim Zadran, 1 run 
fourth-stump line, stays leg-side and dabs down to deep third with an open face",35.2,1,1.0,"Wood to Ibrahim Zadran, 1 run  .fourth-stump line, stays leg-side and dabs down to deep third with an open face",Wood,Ibrahim Zadran,1.0,0,0,1,1,1.0,0,,1
"35.3 
1 
Wood to Azmatullah, 1 run 
wide on the crease, punches a fullish ball out to deep extra cover. 92mph/148kph 
Danyal Rasool at Gaddafi Stadium: Wood is struggling quite a bit. Holding his left knee 
and putting less weight on it on the walk back to his mark.",35.3,1,1.0,"Wood to Azmatullah, 1 run  .wide on the crease, punches a fullish ball out to deep extra cover. 92mph/148kph  .Danyal Rasool at Gaddafi Stadium: Wood is struggling quite a bit. Holding his left knee  .and putting less weight on it on the walk back to his mark.",Wood,Azmatullah,1.0,0,0,1,1,1.0,0,,1
"35.4 
2 
Wood to Ibrahim Zadran, 2 runs 
driven down the ground, Livingstone will slide around from long-on to cut it off. Full, 
targeting the base of the stumps. But a bit of a half-volley, and Zadran presents the full 
face",35.4,2,2.0,"Wood to Ibrahim Zadran, 2 runs  .driven down the ground, Livingstone will slide around from long-on to cut it off. Full,  .targeting the base of the stumps. But a bit of a half-volley, and Zadran presents the full  .face",Wood,Ibrahim Zadran,2.0,0,0,1,1,2.0,0,,1
"35.5 
1 
Wood to Ibrahim Zadran, 1 run 
a hint of width outside off, glided down to deep third. Slower ball from Wood, down at 
78mph/126kph",35.5,1,1.0,"Wood to Ibrahim Zadran, 1 run  .a hint of width outside off, glided down to deep third. Slower ball from Wood, down at  .78mph/126kph",Wood,Ibrahim Zadran,1.0,0,0,1,1,1.0,0,,1
"35.6 
2 
Wood to Azmatullah, 2 runs 
width outside off, flashed hard out to Salt at deep cover for a briskly-run two 
Graham: ""Wait until MK learns they were able to call up a replacement for Carse..."" 
Edward: ""The rules on bowlers leaving the field (and those for batsmen) have been 
established for a long time, and have been the same for all sides."" 
end of over 368 runs  
AFG: 180/4CRR: 5.00  
Azmatullah Omarzai21 (17b 1x6) 
Ibrahim Zadran98 (104b 6x4 3x6) 
Mark Wood 6-0-24-0 
Liam Livingstone 3-0-16-0 
Kartik: ""This is not something new that England have tried..their fast bowlers have 
always gone off of the field to get ""treatments"". Remember the 2005 ashes ? This was 
pointed out by the late Shane Warne as well"" -- 20 years ago! Get over it!",35.6,2,2.0,"Wood to Azmatullah, 2 runs  .width outside off, flashed hard out to Salt at deep cover for a briskly-run two",Wood,Azmatullah,2.0,0,0,1,1,2.0,0,,1
"36.1 
1 
Livingstone to Ibrahim Zadran, 1 run 
tossed up, driven down to long-off. Moves to 99",36.1,1,1.0,"Livingstone to Ibrahim Zadran, 1 run  .tossed up, driven down to long-off. Moves to 99",Livingstone,Ibrahim Zadran,1.0,0,0,1,1,1.0,0,,1
"36.2 
1 
Livingstone to Azmatullah, 1 run 
short and wide outside off, slashed out to deep cover. Overton has to keep a close eye 
on the spin",36.2,1,1.0,"Livingstone to Azmatullah, 1 run  .short and wide outside off, slashed out to deep cover. Overton has to keep a close eye  .on the spin",Livingstone,Azmatullah,1.0,0,0,1,1,1.0,0,,1
"36.3 
1 
Livingstone to Ibrahim Zadran, 1 run 
tip-and-run to midwicket, and Zadran races through to reach three figures! He takes 
his helmet off and raises his bat, acknowledging the cheers from the stands and the 
applause from the dressing room. His sixth ODI hundred in just his 35th innings, and 
Afghanistan's first hundred at a Champions Trophy. Well batted. 
See all photos",36.3,1,1.0,"Livingstone to Ibrahim Zadran, 1 run  .tip-and-run to midwicket, and Zadran races through to reach three figures! He takes  .his helmet off and raises his bat, acknowledging the cheers from the stands and the  .applause from the dressing room. His sixth ODI hundred in just his 35th innings, and  .Afghanistan's first hundred at a Champions Trophy. Well batted.  .See all photos",Livingstone,Ibrahim Zadran,1.0,0,0,1,1,1.0,0,,1
"36.4 
6 
Livingstone to Azmatullah, SIX runs 
drilled back over his head! Tossed up, right in the arc for Azmat. He clears his front leg, 
gets underneath it, and smokes it into the sightscreen",36.4,6,6.0,"Livingstone to Azmatullah, SIX runs  .drilled back over his head! Tossed up, right in the arc for Azmat. He clears his front leg,  .gets underneath it, and smokes it into the sightscreen",Livingstone,Azmatullah,6.0,0,1,1,1,6.0,0,,1
"36.5 
• 
Livingstone to Azmatullah, no run 
wide outside off, past the outside edge as Azmat tries to slash away through cover",36.5,0,0.0,"Livingstone to Azmatullah, no run  .wide outside off, past the outside edge as Azmat tries to slash away through cover",Livingstone,Azmatullah,0.0,0,0,1,1,0.0,0,,0
"36.6 
1 
Livingstone to Azmatullah, 1 run 
fired through, knocked down to long-on for a single 
end of over 3710 runs  
AFG: 190/4CRR: 5.13  
Azmatullah Omarzai29 (21b 2x6) 
Ibrahim Zadran100 (106b 6x4 3x6) 
Liam Livingstone 4-0-26-0 
Mark Wood 6-0-24-0 
Plenty of batting to come for Afghanistan. Gulbadin, Nabi and Rashid Khan still to come.",36.6,1,1.0,"Livingstone to Azmatullah, 1 run  .fired through, knocked down to long-on for a single",Livingstone,Azmatullah,1.0,0,0,1,1,1.0,0,,1
"37.1 
4 
Wood to Azmatullah, FOUR runs 
flashed hard over cover! Length ball, 90mph/145kph but width outside off stump. 
Azmat frees his arms and crashes it over the head of the man in tight",37.1,4,4.0,"Wood to Azmatullah, FOUR runs  .flashed hard over cover! Length ball, 90mph/145kph but width outside off stump.  .Azmat frees his arms and crashes it over the head of the man in tight",Wood,Azmatullah,4.0,1,0,1,1,4.0,0,,1
"37.2 
6 
Wood to Azmatullah, SIX runs 
cross-batted back over his head for six! Bosh! Runs down the pitch to a short ball and 
doesn't get all of it, but enough power to whack it straight down the ground for an 84-
metre six. 83mph/133kph, Wood slightly down on pace again 
Ahmed: ""At least one century from each team in this tournament except the hosts…."" 
Stew Costello: ""Just awful from England today, the bowling group is so weak "" 
 
Azmatullah Omarzai in middle overs (in ODIs) 
RUNS 
670 
OUTS 
11 
4s/6s 
46/23 
SR 
88.97 
AVE 
60.90",37.2,6,6.0,"Wood to Azmatullah, SIX runs  .cross-batted back over his head for six! Bosh! Runs down the pitch to a short ball and  .doesn't get all of it, but enough power to whack it straight down the ground for an 84- .metre six. 83mph/133kph, Wood slightly down on pace again",Wood,Azmatullah,6.0,0,1,1,1,6.0,0,,1
"37.3 
1lb 
Wood to Azmatullah, 1 leg bye 
tailing-in yorker at 92mph/148kph, smacks Azmat on the boot and deflects towards fine 
leg. Great comeback 
The physio runs on to have a look at Azmat's foot. Hit him pretty much flush on the 
back foot, missing the front foot and the inside edge of the bat. He made it through for a 
leg bye but that will have hurt. 
Mike: ""is Buttler behind the stumps contemplating his penultimate defeat as England 
captain?"" -- No... but he might well be doing it from short cover. 
Azmat is OK to continue.",37.3,1lb,1.0,"Wood to Azmatullah, 1 leg bye  .tailing-in yorker at 92mph/148kph, smacks Azmat on the boot and deflects towards fine  .leg. Great comeback  .The physio runs on to have a look at Azmat's foot. Hit him pretty much flush on the  .back foot, missing the front foot and the inside edge of the bat. He made it through for a  .leg bye but that will have hurt.",Wood,Azmatullah,0.0,0,0,1,1,0.0,0,,0
"37.4 
2 
Wood to Ibrahim Zadran, 2 runs 
short ball, pulled out to deep backward square. Doesn't get all of it, and Overton jogs 
round to cut it off. 92mph/148kph",37.4,2,2.0,"Wood to Ibrahim Zadran, 2 runs  .short ball, pulled out to deep backward square. Doesn't get all of it, and Overton jogs  .round to cut it off. 92mph/148kph",Wood,Ibrahim Zadran,2.0,0,0,1,1,2.0,0,,1
"37.5 
4 
Wood to Ibrahim Zadran, FOUR runs 
half-volley, driven through extra cover with a high front elbow! Ooft, lovely shot. Right 
out of the middle. Offcutter from Wood, but Zadran picks it out of the hand and there's 
enough width for him to lean into this",37.5,4,4.0,"Wood to Ibrahim Zadran, FOUR runs  .half-volley, driven through extra cover with a high front elbow! Ooft, lovely shot. Right  .out of the middle. Offcutter from Wood, but Zadran picks it out of the hand and there's  .enough width for him to lean into this",Wood,Ibrahim Zadran,4.0,1,0,1,1,4.0,0,,1
"37.6 
1 
Wood to Ibrahim Zadran, 1 run 
glided away to deep third with an open face. Considered the second, but opted against 
Natesh: ""The way Gurbaz and Ibrahim are converting their starts into big hundreds is 
phenomenal. Gurbaz with 8 centuries in just 47 innings and Ibrahim with 6 in 35, those 
are elite numbers! Yet, they don't get nearly the same praise as Shubman Gill. These two 
deserve way more recognition for their consistency and match-winning ability."" 
end of over 3818 runs  
AFG: 208/4CRR: 5.47  
Ibrahim Zadran107 (109b 7x4 3x6) 
Azmatullah Omarzai39 (24b 1x4 3x6) 
Mark Wood 7-0-41-0 
Liam Livingstone 4-0-26-0 
Wood is going at",37.6,1,1.0,"Wood to Ibrahim Zadran, 1 run  .glided away to deep third with an open face. Considered the second, but opted against",Wood,Ibrahim Zadran,1.0,0,0,1,1,1.0,0,,1
"38.1 
• 
Rashid to Ibrahim Zadran, no run 
worked to short midwicket",38.1,0,0.0,"Rashid to Ibrahim Zadran, no run  .worked to short midwicket",Rashid,Ibrahim Zadran,0.0,0,0,1,1,0.0,0,,0
"38.2 
1 
Rashid to Ibrahim Zadran, 1 run 
skips down, Rashid follows him to cramp him for room. Worked down to long-on",38.2,1,1.0,"Rashid to Ibrahim Zadran, 1 run  .skips down, Rashid follows him to cramp him for room. Worked down to long-on",Rashid,Ibrahim Zadran,1.0,0,0,1,1,1.0,0,,1
"38.3 
• 
Rashid to Azmatullah, no run 
full, flat legbreak. Pushed back to the bowler",38.3,0,0.0,"Rashid to Azmatullah, no run  .full, flat legbreak. Pushed back to the bowler",Rashid,Azmatullah,0.0,0,0,1,1,0.0,0,,0
"38.4 
• 
Rashid to Azmatullah, no run 
full on the pads, worked back with a straight bat 
Andrew: ""All the complaints about Wood being allowed back, but I don't think the 
batsmen are complaining! Would love to see a competitive total here and another close 
finish""",38.4,0,0.0,"Rashid to Azmatullah, no run  .full on the pads, worked back with a straight bat",Rashid,Azmatullah,0.0,0,0,1,1,0.0,0,,0
"38.5 
• 
Rashid to Azmatullah, no run 
half a chance at the bowler's end for a run-out? No. Azmat looks to smack him through 
the covrs but mistimes it back to Rashid on the bounce. He deflects it onto the stumps 
with his fingertips, but Zadran was alert to it",38.5,0,0.0,"Rashid to Azmatullah, no run  .half a chance at the bowler's end for a run-out? No. Azmat looks to smack him through  .the covrs but mistimes it back to Rashid on the bounce. He deflects it onto the stumps  .with his fingertips, but Zadran was alert to it",Rashid,Azmatullah,0.0,0,0,1,1,0.0,0,,0
"38.6 
1 
Rashid to Azmatullah, 1 run 
drops short, cross-batted down to long-off to retain the strike 
end of over 392 runs  
AFG: 210/4CRR: 5.38  
Azmatullah Omarzai40 (28b 1x4 3x6) 
Ibrahim Zadran108 (111b 7x4 3x6) 
Adil Rashid 8-0-45-1 
Mark Wood 7-0-41-0 
Mark: ""Once again, an excellent England start is going pear-shaped. If Afghanistan get 
over 300 you start to wonder if England will have the batting to chase the total. There 
have been some embarrassments in white-ball cricket but a potential loss and early 
elimination would be a new level of humiliation."" 
Overton is back.",38.6,1,1.0,"Rashid to Azmatullah, 1 run  .drops short, cross-batted down to long-off to retain the strike",Rashid,Azmatullah,1.0,0,0,1,1,1.0,0,,1
"39.1 
• 
Overton to Azmatullah, no run 
offcutter, which shoots through low from a good length. Under the toe-end as Azmat 
looks to flash through cover",39.1,0,0.0,"Overton to Azmatullah, no run  .offcutter, which shoots through low from a good length. Under the toe-end as Azmat  .looks to flash through cover",Overton,Azmatullah,0.0,0,0,1,1,0.0,0,,0
"39.2 
1 
Overton to Azmatullah, 1 run 
drifts onto the pads, whipped uppishly down to long leg",39.2,1,1.0,"Overton to Azmatullah, 1 run  .drifts onto the pads, whipped uppishly down to long leg",Overton,Azmatullah,1.0,0,0,1,1,1.0,0,,1
"39.3 
• 
Overton to Ibrahim Zadran, no run 
short ball, over the left shoulder as Zadran shapes to swivel-pull",39.3,0,0.0,"Overton to Ibrahim Zadran, no run  .short ball, over the left shoulder as Zadran shapes to swivel-pull",Overton,Ibrahim Zadran,0.0,0,0,1,1,0.0,0,,0
"39.4 
• 
Overton to Ibrahim Zadran, no run 
back of a length, steered to wide short third on the bounce",39.4,0,0.0,"Overton to Ibrahim Zadran, no run  .back of a length, steered to wide short third on the bounce",Overton,Ibrahim Zadran,0.0,0,0,1,1,0.0,0,,0
"39.5 
1 
Overton to Ibrahim Zadran, 1 run 
banged in halfway down, Azmat gives the charge and drags down to long-on",39.5,1,1.0,"Overton to Ibrahim Zadran, 1 run  .banged in halfway down, Azmat gives the charge and drags down to long-on",Overton,Ibrahim Zadran,1.0,0,0,1,1,1.0,0,,1
"39.6 
W 
Overton to Azmatullah, OUT 
swings hard at the offcutter, but picks out long-on! Banton, the sub fielder, takes the 
catch a couple of yards off the rope. In the arc for Azmat, who cleared his front leg and 
looked to swipe over midwicket. But he got it a little straighter than intended, as the ball 
came off the toe, and picked out the boundary-rider 
Azmatullah Omarzai c sub (T Banton) b Overton 41 (31b 1x4 3x6 51m) SR: 132.25 
end of over 402 runs • 1 wicket 
AFG: 212/5CRR: 5.30  
Ibrahim Zadran109 (114b 7x4 3x6) 
Jamie Overton 7-0-39-1 
Adil Rashid 8-0-45-1 
A useful cameo from Azmat, and still batting to come for Afghanistan. Here's Nabi at 
No.7, with Gulbadin and Rashid still to come. 
Powerplay 3 now, so five fielders allowed outside the inner ring.",39.6,W,0.0,"Overton to Azmatullah, OUT  .swings hard at the offcutter, but picks out long-on! Banton, the sub fielder, takes the  .catch a couple of yards off the rope. In the arc for Azmat, who cleared his front leg and  .looked to swipe over midwicket. But he got it a little straighter than intended, as the ball  .came off the toe, and picked out the boundary-rider  .Azmatullah Omarzai c sub (T Banton) b Overton 41 (31b 1x4 3x6 51m) SR: 132.25",Overton,Azmatullah,0.0,0,0,1,1,0.0,1,c sub (T Banton) b Overton,0
"40.1 
2 
Rashid to Ibrahim Zadran, 2 runs 
tossed up on the pads, knocked out to deep midwicket",40.1,2,2.0,"Rashid to Ibrahim Zadran, 2 runs  .tossed up on the pads, knocked out to deep midwicket",Rashid,Ibrahim Zadran,2.0,0,0,1,1,2.0,0,,1
"40.2 
1 
Rashid to Ibrahim Zadran, 1 run 
slapped down to wide long-off 
 
Mohammad Nabi in death overs (in ODIs) 
RUNS 
930 
OUTS 
44 
4s/6s 
67/34 
SR 
124.83 
AVE 
21.13",40.2,1,1.0,"Rashid to Ibrahim Zadran, 1 run  .slapped down to wide long-off  .  .Mohammad Nabi in death overs (in ODIs)  .RUNS  .930  .OUTS  .44  .4s/6s  .67/34  .SR  .124.83  .AVE  .21.13",Rashid,Ibrahim Zadran,1.0,0,0,1,1,1.0,0,,1
"40.3 
• 
Rashid to M Nabi, no run 
hangs back, punches to short midwicket on the bounce 
Lee: ""Lots of moaning about the England bowling - this is a great batting pitch and 
Afghanistan are a good team. England still in the driving seat ... keep the faith""",40.3,0,0.0,"Rashid to M Nabi, no run  .hangs back, punches to short midwicket on the bounce",Rashid,M Nabi,0.0,0,0,1,1,0.0,0,,0
"40.4 
• 
Rashid to M Nabi, no run 
googly, wide outside off and drifting back in. Nabi plays inside the line and is beaten, 
pushing towards cover",40.4,0,0.0,"Rashid to M Nabi, no run  .googly, wide outside off and drifting back in. Nabi plays inside the line and is beaten,  .pushing towards cover",Rashid,M Nabi,0.0,0,0,1,1,0.0,0,,0
"40.5 
1 
Rashid to M Nabi, 1 run 
width outside off, stays leg-side and glides out to deep point",40.5,1,1.0,"Rashid to M Nabi, 1 run  .width outside off, stays leg-side and glides out to deep point",Rashid,M Nabi,1.0,0,0,1,1,1.0,0,,1
"40.6 
1 
Rashid to Ibrahim Zadran, 1 run 
full on the pads, flicked around the corner to short fine leg 
end of over 415 runs  
AFG: 217/5CRR: 5.29  
Ibrahim Zadran113 (117b 7x4 3x6) 
Mohammad Nabi1 (3b) 
Adil Rashid 9-0-50-1 
Jamie Overton 7-0-39-1",40.6,1,1.0,"Rashid to Ibrahim Zadran, 1 run  .full on the pads, flicked around the corner to short fine leg",Rashid,Ibrahim Zadran,1.0,0,0,1,1,1.0,0,,1
"41.1 
1 
Overton to Ibrahim Zadran, 1 run 
length ball, swung out towards deep square... but Archer doesn't go for it! Overton grins 
with his hands on his head. Looked like he had picked out the man, but Archer hung 
back and fielded on the bounce instead",41.1,1,1.0,"Overton to Ibrahim Zadran, 1 run  .length ball, swung out towards deep square... but Archer doesn't go for it! Overton grins  .with his hands on his head. Looked like he had picked out the man, but Archer hung  .back and fielded on the bounce instead",Overton,Ibrahim Zadran,1.0,0,0,1,1,1.0,0,,1
"41.2 
1w 
Overton to M Nabi, 1 wide 
short ball, Overton appeals for the leg-side strangle but perhaps more as an attempt to 
distract than through a genuine belief this had flicked Nabi's glove",41.2,1w,1.0,"Overton to M Nabi, 1 wide  .short ball, Overton appeals for the leg-side strangle but perhaps more as an attempt to  .distract than through a genuine belief this had flicked Nabi's glove",Overton,M Nabi,0.0,0,0,0,0,1.0,0,,1
"41.2 
1 
Overton to M Nabi, 1 run 
back of a length, offcutter, dragged around the corner to long leg",41.2,1,1.0,"Overton to M Nabi, 1 run  .back of a length, offcutter, dragged around the corner to long leg",Overton,M Nabi,1.0,0,0,1,1,1.0,0,,1
"41.3 
1 
Overton to Ibrahim Zadran, 1 run 
slower ball, in the blockhole outside off stump. Dabbed into the covers 
Rob: ""Not picking Topley even in the squad a real mistake IMHO. McCullum is obsessed 
with pace but David Willey was our best bowler by far in the last WC."" -- Agreed. Could 
easily have drafted him in last-minute after Atkinson's struggles in India.",41.3,1,1.0,"Overton to Ibrahim Zadran, 1 run  .slower ball, in the blockhole outside off stump. Dabbed into the covers",Overton,Ibrahim Zadran,1.0,0,0,1,1,1.0,0,,1
"41.4 
2 
Overton to M Nabi, 2 runs 
dabbed away behind square on the off side for a quick single... and the throw from 
Duckett at backward point is wild, allowing them to pinch an overthrow",41.4,2,2.0,"Overton to M Nabi, 2 runs  .dabbed away behind square on the off side for a quick single... and the throw from  .Duckett at backward point is wild, allowing them to pinch an overthrow",Overton,M Nabi,2.0,0,0,1,1,2.0,0,,1
"41.5 
4 
Overton to M Nabi, FOUR runs 
cut away over point! Banged in halfway down with far too much width, and Nabi can 
climb into the cut, slashing it away behind square to beat the boundary-rider",41.5,4,4.0,"Overton to M Nabi, FOUR runs  .cut away over point! Banged in halfway down with far too much width, and Nabi can  .climb into the cut, slashing it away behind square to beat the boundary-rider",Overton,M Nabi,4.0,1,0,1,1,4.0,0,,1
"41.6 
• 
Overton to M Nabi, no run 
length ball, punched back on the bounce 
Afghanistan will be eyeing 300 here. 10 off the over. 
end of over 4210 runs  
AFG: 227/5CRR: 5.40  
Mohammad Nabi8 (7b 1x4) 
Ibrahim Zadran115 (119b 7x4 3x6) 
Jamie Overton 8-0-49-1 
Adil Rashid 9-0-50-1 
Hefaz: ""It's time for Zadran to go for it!"" 
Vijay: ""Afg has a great asset in Ibrahim Zadran. A wonderful talent, so young."" 
Wood is back. ""Walking like John Wayne,"" jokes Mike Atherton on TV commentary.",41.6,0,0.0,"Overton to M Nabi, no run  .length ball, punched back on the bounce  .Afghanistan will be eyeing 300 here. 10 off the over.",Overton,M Nabi,0.0,0,0,1,1,0.0,0,,0
"42.1 
1 
Wood to Ibrahim Zadran, 1 run 
slammed into the surface, steered down to deep third. 86mph/139kph",42.1,1,1.0,"Wood to Ibrahim Zadran, 1 run  .slammed into the surface, steered down to deep third. 86mph/139kph",Wood,Ibrahim Zadran,1.0,0,0,1,1,1.0,0,,1
"42.2 
1 
Wood to M Nabi, 1 run 
hard length, stays leg-side of it to punch through cover for one 
Saifi: ""Dropping Toppers isn't as painful as benching Saqib is. He's a proper wicket taker 
and still is benched!!""",42.2,1,1.0,"Wood to M Nabi, 1 run  .hard length, stays leg-side of it to punch through cover for one",Wood,M Nabi,1.0,0,0,1,1,1.0,0,,1
"42.3 
4 
Wood to Ibrahim Zadran, FOUR runs 
shimmies outside leg stump, Wood attempts to follow him. But it's nothing more than a 
half-volley, and Zadran plays an unbelievable shot back over the bowler's head for a 
one-bounce four! He was falling away to the leg side, but his timing was so pure that it 
flew away towards the rope, over the infield",42.3,4,4.0,"Wood to Ibrahim Zadran, FOUR runs  .shimmies outside leg stump, Wood attempts to follow him. But it's nothing more than a  .half-volley, and Zadran plays an unbelievable shot back over the bowler's head for a  .one-bounce four! He was falling away to the leg side, but his timing was so pure that it  .flew away towards the rope, over the infield",Wood,Ibrahim Zadran,4.0,1,0,1,1,4.0,0,,1
"42.4 
1 
Wood to Ibrahim Zadran, 1 run 
offcutter, dabbed away for one to deep third",42.4,1,1.0,"Wood to Ibrahim Zadran, 1 run  .offcutter, dabbed away for one to deep third",Wood,Ibrahim Zadran,1.0,0,0,1,1,1.0,0,,1
"42.5 
1 
Wood to M Nabi, 1 run 
hard length, chance for a run-out but the throw is wide! Would have been out with a 
direct hit from Brook. Tip-and-run to short cover, Brook raced in but couldn't hit the 
stumps 
Wood is in some discomfort again. He fell over as he reached the crease there. Buttler 
is having a chat and asking if he's really OK. One ball left. Surely worth giving it to Root if 
he's struggling this badly? But Wood will reload.",42.5,1,1.0,"Wood to M Nabi, 1 run  .hard length, chance for a run-out but the throw is wide! Would have been out with a  .direct hit from Brook. Tip-and-run to short cover, Brook raced in but couldn't hit the  .stumps  .Wood is in some discomfort again. He fell over as he reached the crease there. Buttler  .is having a chat and asking if he's really OK. One ball left. Surely worth giving it to Root if  .he's struggling this badly? But Wood will reload.",Wood,M Nabi,1.0,0,0,1,1,1.0,0,,1
"42.6 
1 
Wood to Ibrahim Zadran, 1 run 
hard length, slammed in at 92mph/149kph! Worked down towards long-on, and they opt 
against the second run 
Wood has bowled eight now, half of them since returning to the field with his knee 
heavily strapped. And he's clearly not right, half-hobbling on his way off the field. Rehan 
Ahmed comes on as a sub fielder. 
end of over 439 runs  
AFG: 236/5CRR: 5.48  
Ibrahim Zadran122 (123b 8x4 3x6) 
Mohammad Nabi10 (9b 1x4) 
Mark Wood 8-0-50-0 
Jamie Overton 8-0-49-1 
Archer.",42.6,1,1.0,"Wood to Ibrahim Zadran, 1 run  .hard length, slammed in at 92mph/149kph! Worked down towards long-on, and they opt  .against the second run  .Wood has bowled eight now, half of them since returning to the field with his knee  .heavily strapped. And he's clearly not right, half-hobbling on his way off the field. Rehan  .Ahmed comes on as a sub fielder.",Wood,Ibrahim Zadran,1.0,0,0,1,1,1.0,0,,1
"43.1 
6 
Archer to Ibrahim Zadran, SIX runs 
disappears over midwicket! Wow. Starts with a legcutter, but Zadran knows it's coming. 
He stays leg-side, his bat-swing is clean, and the ball goes 92m over the leg side for half 
a dozen",43.1,6,6.0,"Archer to Ibrahim Zadran, SIX runs  .disappears over midwicket! Wow. Starts with a legcutter, but Zadran knows it's coming.  .He stays leg-side, his bat-swing is clean, and the ball goes 92m over the leg side for half  .a dozen",Archer,Ibrahim Zadran,6.0,0,1,1,1,6.0,0,,1
"43.2 
• 
Archer to Ibrahim Zadran, no run 
full outside off, punched into the cover ring",43.2,0,0.0,"Archer to Ibrahim Zadran, no run  .full outside off, punched into the cover ring",Archer,Ibrahim Zadran,0.0,0,0,1,1,0.0,0,,0
"43.3 
2 
Archer to Ibrahim Zadran, 2 runs 
short and wide outside off, sliced out to deep point",43.3,2,2.0,"Archer to Ibrahim Zadran, 2 runs  .short and wide outside off, sliced out to deep point",Archer,Ibrahim Zadran,2.0,0,0,1,1,2.0,0,,1
"43.4 
4 
Archer to Ibrahim Zadran, FOUR runs 
full toss outside off, 88mph/142kph, and Zadran can just present an open bat-face and 
use the pace. Slides away behind square on the off side. Deft touch, four more!",43.4,4,4.0,"Archer to Ibrahim Zadran, FOUR runs  .full toss outside off, 88mph/142kph, and Zadran can just present an open bat-face and  .use the pace. Slides away behind square on the off side. Deft touch, four more!",Archer,Ibrahim Zadran,4.0,1,0,1,1,4.0,0,,1
"43.5 
4 
Archer to Ibrahim Zadran, FOUR runs 
slower ball, wide outside off, and flies away for four more! Afghanistan reach 250, and 
have 300-plus in their sights. Back-of-the-hander, Zadran waited for it from deep in the 
crease and beat Banton to his left at deep point",43.5,4,4.0,"Archer to Ibrahim Zadran, FOUR runs  .slower ball, wide outside off, and flies away for four more! Afghanistan reach 250, and  .have 300-plus in their sights. Back-of-the-hander, Zadran waited for it from deep in the  .crease and beat Banton to his left at deep point",Archer,Ibrahim Zadran,4.0,1,0,1,1,4.0,0,,1
"43.6 
4 
Archer to Ibrahim Zadran, FOUR runs 
three in a row, 20 off the over! Archer goes for the yorker but this is nothing more than 
a half-volley. Opens the face again, and Banton is beaten to his left at deep point once 
again. Zadran is flying 
Simon: ""Don't really understand Wood continuing. He has been injury prone, puts 
enormous strain on his body, in his mid 30s with India and The Ashes approaching. 
Seems like he can only get more damaged."" 
end of over 4420 runs  
AFG: 256/5CRR: 5.81  
Ibrahim Zadran142 (129b 11x4 4x6) 
Mohammad Nabi10 (9b 1x4) 
Jofra Archer 9-0-54-3 
Mark Wood 8-0-50-0 
Afghanistan were 37 for 3 in the ninth over. Superb recovery. England are flagging here, 
and Buttler could have some trouble managing his attack. Rashid to bowl his last",43.6,4,4.0,"Archer to Ibrahim Zadran, FOUR runs  .three in a row, 20 off the over! Archer goes for the yorker but this is nothing more than  .a half-volley. Opens the face again, and Banton is beaten to his left at deep point once  .again. Zadran is flying",Archer,Ibrahim Zadran,4.0,1,0,1,1,4.0,0,,1
"44.1 
• 
Rashid to M Nabi, no run 
slapped hard to short cover on the bounce",44.1,0,0.0,"Rashid to M Nabi, no run  .slapped hard to short cover on the bounce",Rashid,M Nabi,0.0,0,0,1,1,0.0,0,,0
"44.2 
6 
Rashid to M Nabi, SIX runs 
dragged down, Nabi sits deep in the crease and hauls it away for six! Only just. Salt was 
in the game at deep midwicket, but isn't the tallest. He flung himself back over his head 
but couldn't quite get to it. 76m 
50 partnership in just 26 balls. Afghanistan into fifth gear.",44.2,6,6.0,"Rashid to M Nabi, SIX runs  .dragged down, Nabi sits deep in the crease and hauls it away for six! Only just. Salt was  .in the game at deep midwicket, but isn't the tallest. He flung himself back over his head  .but couldn't quite get to it. 76m  .50 partnership in just 26 balls. Afghanistan into fifth gear.",Rashid,M Nabi,6.0,0,1,1,1,6.0,0,,1
"44.3 
1 
Rashid to M Nabi, 1 run 
short and wide outside off, slapped away over the off side. Archer does well at deep 
cover, cutting it off on the bounce",44.3,1,1.0,"Rashid to M Nabi, 1 run  .short and wide outside off, slapped away over the off side. Archer does well at deep  .cover, cutting it off on the bounce",Rashid,M Nabi,1.0,0,0,1,1,1.0,0,,1
"44.4 
1 
Rashid to Ibrahim Zadran, 1 run 
full on off stump, driven down to long-off 
Brendan: ""Amongst the sounds of the wheels falling off the English bowling attack, this 
is an absolutely cracking innings."" 
""Nabi, Nabi!"" chant the crowd",44.4,1,1.0,"Rashid to Ibrahim Zadran, 1 run  .full on off stump, driven down to long-off",Rashid,Ibrahim Zadran,1.0,0,0,1,1,1.0,0,,1
"44.5 
1 
Rashid to M Nabi, 1 run 
slog-swept down to Livingstone at long-on",44.5,1,1.0,"Rashid to M Nabi, 1 run  .slog-swept down to Livingstone at long-on",Rashid,M Nabi,1.0,0,0,1,1,1.0,0,,1
"44.6 
1 
Rashid to Ibrahim Zadran, 1 run 
fast and flat, pressed out to deep cover to retain the strike 
Rashid is done. 1 for 60 from his 10. Feels like a long time since he bowled Shahidi on 
the reverse-sweep. 
end of over 4510 runs  
AFG: 266/5CRR: 5.91  
Ibrahim Zadran144 (131b 11x4 4x6) 
Mohammad Nabi18 (13b 1x4 1x6) 
Adil Rashid 10-0-60-1 
Jofra Archer 9-0-54-3 
Overton is back. Juggling act for Buttler here.",44.6,1,1.0,"Rashid to Ibrahim Zadran, 1 run  .fast and flat, pressed out to deep cover to retain the strike  .Rashid is done. 1 for 60 from his 10. Feels like a long time since he bowled Shahidi on  .the reverse-sweep.",Rashid,Ibrahim Zadran,1.0,0,0,1,1,1.0,0,,1
"45.1 
2 
Overton to Ibrahim Zadran, 2 runs 
hard length, nudged away off the hip for a couple as Archer gets around from deep 
backward square",45.1,2,2.0,"Overton to Ibrahim Zadran, 2 runs  .hard length, nudged away off the hip for a couple as Archer gets around from deep  .backward square",Overton,Ibrahim Zadran,2.0,0,0,1,1,2.0,0,,1
"45.2 
2 
Overton to Ibrahim Zadran, 2 runs 
nudged down to long-on. Livingstone races in off the rope but can't cut off the second... 
and looks like he's tweaked something while fielding! 
More trouble for England. He's had various injury issues in the past couple of years. 
Looked like right knee. He's staying on, but heading into the infield",45.2,2,2.0,"Overton to Ibrahim Zadran, 2 runs  .nudged down to long-on. Livingstone races in off the rope but can't cut off the second...  .and looks like he's tweaked something while fielding!  .More trouble for England. He's had various injury issues in the past couple of years.  .Looked like right knee. He's staying on, but heading into the infield",Overton,Ibrahim Zadran,2.0,0,0,1,1,2.0,0,,1
"45.3 
2 
Overton to Ibrahim Zadran, 2 runs 
worked out to deep midwicket, and races back for two to reach 150! More cheers from 
the stands, which have filled up considerably. Younis Khan applauds from the balcony. 
This is some innings. 
Livingstone is heading off now. He'll get some treatment in the dugout. Looks like 
maybe his ankle rather than his knee.",45.3,2,2.0,"Overton to Ibrahim Zadran, 2 runs  .worked out to deep midwicket, and races back for two to reach 150! More cheers from  .the stands, which have filled up considerably. Younis Khan applauds from the balcony.  .This is some innings.  .Livingstone is heading off now. He'll get some treatment in the dugout. Looks like  .maybe his ankle rather than his knee.",Overton,Ibrahim Zadran,2.0,0,0,1,1,2.0,0,,1
"45.4 
1 
Overton to Ibrahim Zadran, 1 run 
full toss, punched straight to extra cover",45.4,1,1.0,"Overton to Ibrahim Zadran, 1 run  .full toss, punched straight to extra cover",Overton,Ibrahim Zadran,1.0,0,0,1,1,1.0,0,,1
"45.5 
1 
Overton to M Nabi, 1 run 
bagned in halfway down, dragged away on the pull 
Saurabh M: ""Would love to see Zadran going past Ducket's score here today to become 
highest individual scorer in CT history ..."" -- Good point, 165 is the (very recent) record in 
this tournament.",45.5,1,1.0,"Overton to M Nabi, 1 run  .bagned in halfway down, dragged away on the pull",Overton,M Nabi,1.0,0,0,1,1,1.0,0,,1
"45.6 
2 
Overton to Ibrahim Zadran, 2 runs 
worked down to wide long-on for a couple as Root misfields. England look ragged. 
end of over 4610 runs  
AFG: 276/5CRR: 6.00  
Ibrahim Zadran153 (136b 11x4 4x6) 
Mohammad Nabi19 (14b 1x4 1x6) 
Jamie Overton 9-0-59-1 
Adil Rashid 10-0-60-1 
Worth remarking on Zadran's fitness. He's been out there for three-and-a-half hours and 
has just run four twos in the 46th over! 
Buttler's random bowler generator has settled on... Joe Root. He doesn't have many 
options, with Wood and Livingstone off the field and Rashid bowled out. He'll have to 
bowl two of the last four. 
 
Joe Root in death overs (in ODIs) 
BALLS 
149 
WKTS 
1 
4s/6s 
17/9 
ECON 
8.37 
AVE 
208.00",45.6,2,2.0,"Overton to Ibrahim Zadran, 2 runs  .worked down to wide long-on for a couple as Root misfields. England look ragged.",Overton,Ibrahim Zadran,2.0,0,0,1,1,2.0,0,,1
"46.1 
6 
Root to M Nabi, SIX runs 
speared in from around the wicket, swung over midwicket for six! Don't bowl spin to 
Nabi. Powerful shot, 81 metres",46.1,6,6.0,"Root to M Nabi, SIX runs  .speared in from around the wicket, swung over midwicket for six! Don't bowl spin to  .Nabi. Powerful shot, 81 metres",Root,M Nabi,6.0,0,1,1,1,6.0,0,,1
"46.2 
6 
Root to M Nabi, SIX runs 
just out of Salt's reach at deep midwicket, half a dozen more! Speared in halfway down. 
Salt jumps up on the rope but can't quite grab it. Just above his fingertips",46.2,6,6.0,"Root to M Nabi, SIX runs  .just out of Salt's reach at deep midwicket, half a dozen more! Speared in halfway down.  .Salt jumps up on the rope but can't quite grab it. Just above his fingertips",Root,M Nabi,6.0,0,1,1,1,6.0,0,,1
"46.3 
4 
Root to M Nabi, FOUR runs 
wide yorker, angled across him from around the wicket. But a dreadful misfield from 
Duckett at point, and it skews away for four more! Regulation stop, but it squirmed 
away underneath him. This is end-of-days stuff for England 
Over the wicket now.",46.3,4,4.0,"Root to M Nabi, FOUR runs  .wide yorker, angled across him from around the wicket. But a dreadful misfield from  .Duckett at point, and it skews away for four more! Regulation stop, but it squirmed  .away underneath him. This is end-of-days stuff for England  .Over the wicket now.",Root,M Nabi,4.0,1,0,1,1,4.0,0,,1
"46.4 
1 
Root to M Nabi, 1 run 
low full toss, worked down to long-on",46.4,1,1.0,"Root to M Nabi, 1 run  .low full toss, worked down to long-on",Root,M Nabi,1.0,0,0,1,1,1.0,0,,1
"46.5 
4 
Root to Ibrahim Zadran, FOUR runs 
another full toss, which Zadran drills through cover for four! Such poor bowling, and 
Zadran punishes him. Beats short extra, and it's four all the way 
Buttler wanders over for a chat with Root. England look fried. Root is back around",46.5,4,4.0,"Root to Ibrahim Zadran, FOUR runs  .another full toss, which Zadran drills through cover for four! Such poor bowling, and  .Zadran punishes him. Beats short extra, and it's four all the way  .Buttler wanders over for a chat with Root. England look fried. Root is back around",Root,Ibrahim Zadran,4.0,1,0,1,1,4.0,0,,1
"46.6 
2 
Root to Ibrahim Zadran, 2 runs 
full on the pads, deftly swept out to deep backward square leg as Overton gets around 
to cut it off 
alex: ""Please make it stop. It's just dreadful. This dad's army has to be disbanded now, 
surely."" 
Sajib: ""England's body language in the latter part of this innings has been nothing short 
of shoddy"" 
23 off the over! 
end of over 4723 runs  
AFG: 299/5CRR: 6.36  
Ibrahim Zadran159 (138b 12x4 4x6) 
Mohammad Nabi36 (18b 2x4 3x6) 
Joe Root 7-0-47-0 
Jamie Overton 9-0-59-1 
Three overs left. Archer to finish his spell.",46.6,2,2.0,"Root to Ibrahim Zadran, 2 runs  .full on the pads, deftly swept out to deep backward square leg as Overton gets around  .to cut it off",Root,Ibrahim Zadran,2.0,0,0,1,1,2.0,0,,1
"47.1 
1 
Archer to M Nabi, 1 run 
angling into the pads, whipped out to deep square leg for one. 300 up with 17 balls left. 
Livingstone is back on after some treatment.",47.1,1,1.0,"Archer to M Nabi, 1 run  .angling into the pads, whipped out to deep square leg for one. 300 up with 17 balls left.  .Livingstone is back on after some treatment.",Archer,M Nabi,1.0,0,0,1,1,1.0,0,,1
"47.2 
1 
Archer to Ibrahim Zadran, 1 run 
good length ball, whipped out to deep midwicket with a flick of the wrists",47.2,1,1.0,"Archer to Ibrahim Zadran, 1 run  .good length ball, whipped out to deep midwicket with a flick of the wrists",Archer,Ibrahim Zadran,1.0,0,0,1,1,1.0,0,,1
"47.3 
1 
Archer to M Nabi, 1 run 
slower ball, banged into the pitch halfway down. Miscued cut shot, which loops up into 
the off side and lands in the gap between deep point and cover-point running back 
Livingstone was off the field for a short enough time that he's allowed to bowl - and 
surely will, after Root's last over.",47.3,1,1.0,"Archer to M Nabi, 1 run  .slower ball, banged into the pitch halfway down. Miscued cut shot, which loops up into  .the off side and lands in the gap between deep point and cover-point running back  .Livingstone was off the field for a short enough time that he's allowed to bowl - and  .surely will, after Root's last over.",Archer,M Nabi,1.0,0,0,1,1,1.0,0,,1
"47.4 
6 
Archer to Ibrahim Zadran, SIX runs 
breaks Duckett's record! This might be the shot of the day. Slower ball from Archer, 
Zadran picks it and launches it over long-on's head with a high front elbow. Effortless 
Highest scores in Champions Trophy history.",47.4,6,6.0,"Archer to Ibrahim Zadran, SIX runs  .breaks Duckett's record! This might be the shot of the day. Slower ball from Archer,  .Zadran picks it and launches it over long-on's head with a high front elbow. Effortless  .Highest scores in Champions Trophy history.",Archer,Ibrahim Zadran,6.0,0,1,1,1,6.0,0,,1
"47.5 
1 
Archer to Ibrahim Zadran, 1 run 
in the slot, pumped down to long-off 
Zadran has broken his own record. Highest score by Afghanistan in ODIs.",47.5,1,1.0,"Archer to Ibrahim Zadran, 1 run  .in the slot, pumped down to long-off  .Zadran has broken his own record. Highest score by Afghanistan in ODIs.",Archer,Ibrahim Zadran,1.0,0,0,1,1,1.0,0,,1
"47.6 
• 
Archer to M Nabi, no run 
short ball, gets him on the side of the grille. Sharp bumper and Nabi was late on it. He'll 
need the physio on for a concussion test, but looks like he'll be OK. 
Archer finishes with 3 for 64 from his 10. He had 3 for 22 after his first six! 
end of over 4810 runs  
AFG: 309/5CRR: 6.43  
Mohammad Nabi38 (21b 2x4 3x6) 
Ibrahim Zadran167 (141b 12x4 5x6) 
Jofra Archer 10-0-64-3 
Joe Root 7-0-47-0 
Shadow-Shell: ""And some were questioning Afghanistan's place in the tournament"" 
Naveed: ""Zadran deserves double hundred here..."" 
Xio: ""I have actually noticed a poor body language from England throughout the India 
series. They look very flat and unmotivated at times. Something uncharacteristic of an 
England white ball team in the recent era."" 
Overton to bowl the 49th.",47.6,0,0.0,"Archer to M Nabi, no run  .short ball, gets him on the side of the grille. Sharp bumper and Nabi was late on it. He'll  .need the physio on for a concussion test, but looks like he'll be OK.  .Archer finishes with 3 for 64 from his 10. He had 3 for 22 after his first six!",Archer,M Nabi,0.0,0,0,1,1,0.0,0,,0
"48.1 
1 
Overton to Ibrahim Zadran, 1 run 
in the blockhole, jammed out to long-off",48.1,1,1.0,"Overton to Ibrahim Zadran, 1 run  .in the blockhole, jammed out to long-off",Overton,Ibrahim Zadran,1.0,0,0,1,1,1.0,0,,1
"48.2 
2 
Overton to M Nabi, 2 runs 
slower ball, width outside off stump. Chopped away into the off side, and a poor throw 
from Buttler which allows them to scamper back for an overthrow. 100 partnership off 
just 50 balls 
Sarangan Ramasw: ""Very happy for Zadran. Coming from a country with tough 
conditions. Running between the wickets even now is amazing fitness""",48.2,2,2.0,"Overton to M Nabi, 2 runs  .slower ball, width outside off stump. Chopped away into the off side, and a poor throw  .from Buttler which allows them to scamper back for an overthrow. 100 partnership off  .just 50 balls",Overton,M Nabi,2.0,0,0,1,1,2.0,0,,1
"48.3 
1lb 
Overton to M Nabi, 1 leg bye 
cramps him for room with a tailing yorker. Dribbles away for a leg bye",48.3,1lb,1.0,"Overton to M Nabi, 1 leg bye  .cramps him for room with a tailing yorker. Dribbles away for a leg bye",Overton,M Nabi,0.0,0,0,1,1,0.0,0,,0
"48.4 
1w 
Overton to Ibrahim Zadran, 1 wide 
wide outside off... too wide for Joel Wilson's liking 
Andrew: ""Is it too late to boycott the game?""",48.4,1w,1.0,"Overton to Ibrahim Zadran, 1 wide  .wide outside off... too wide for Joel Wilson's liking",Overton,Ibrahim Zadran,0.0,0,0,0,0,1.0,0,,1
"48.4 
2 
Overton to Ibrahim Zadran, 2 runs 
yorker, toe-ended out to wide long-on where Livingstone slides in but can't prevent the 
second",48.4,2,2.0,"Overton to Ibrahim Zadran, 2 runs  .yorker, toe-ended out to wide long-on where Livingstone slides in but can't prevent the  .second",Overton,Ibrahim Zadran,2.0,0,0,1,1,2.0,0,,1
"48.5 
6 
Overton to Ibrahim Zadran, SIX runs 
slogged over long-on! Offcutter, in the slot, and another free swing of the arms from 
Zadran. 90 metres, over the dugout and into the stands",48.5,6,6.0,"Overton to Ibrahim Zadran, SIX runs  .slogged over long-on! Offcutter, in the slot, and another free swing of the arms from  .Zadran. 90 metres, over the dugout and into the stands",Overton,Ibrahim Zadran,6.0,0,1,1,1,6.0,0,,1
"48.6 
1 
Overton to Ibrahim Zadran, 1 run 
low full toss, squeezed out but straight to short third 
Dom: ""I can't believe a professional cricket coach can't work out you need more 
variation than simply players bowling fast in the modern white ball format."" 
end of over 4914 runs  
AFG: 323/5CRR: 6.59  
Ibrahim Zadran177 (145b 12x4 6x6) 
Mohammad Nabi40 (23b 2x4 3x6) 
Jamie Overton 10-0-72-1 
Jofra Archer 10-0-64-3 
Livingstone to bowl the 50th. Back on the field after a niggle. Wood has two over 
unused but is off with an injury again. Root's last one disappeared for 23.",48.6,1,1.0,"Overton to Ibrahim Zadran, 1 run  .low full toss, squeezed out but straight to short third",Overton,Ibrahim Zadran,1.0,0,0,1,1,1.0,0,,1
"49.1 
W 
Livingstone to Ibrahim Zadran, OUT 
picks out Archer at deep backward square! Zadran falls for a magnificent, record-
breaking 177. Poor ball to start, a half-volley on the pads, but a steepling top-edged 
sweep which Archer pouches well on the rope. Superb rescue-act innings. Standing 
ovation as he walks off 
Ibrahim Zadran c Archer b Livingstone 177 (146b 12x4 6x6 226m) SR: 121.23 
See all photos 
Jp: ""Everyone is basically conceding that England have lost….Wouldn't surprise me one 
bit if they come out and chase this down in 40 overs."" -- It would be a major departure 
from their recent ODI form... but it is a belter of a pitch. 
Gulbadin. Five balls left.",49.1,W,0.0,"Livingstone to Ibrahim Zadran, OUT  .picks out Archer at deep backward square! Zadran falls for a magnificent, record- .breaking 177. Poor ball to start, a half-volley on the pads, but a steepling top-edged  .sweep which Archer pouches well on the rope. Superb rescue-act innings. Standing  .ovation as he walks off  .Ibrahim Zadran c Archer b Livingstone 177 (146b 12x4 6x6 226m) SR: 121.23",Livingstone,Ibrahim Zadran,0.0,0,0,1,1,0.0,1,c Archer b Livingstone,0
"49.2 
• 
Livingstone to Gulbadin, no run 
full on the pads again, and Gulbadin gets in a mess on the slog-sweep",49.2,0,0.0,"Livingstone to Gulbadin, no run  .full on the pads again, and Gulbadin gets in a mess on the slog-sweep",Livingstone,Gulbadin,0.0,0,0,1,1,0.0,0,,0
"49.3 
1 
Livingstone to Gulbadin, 1 run 
dragged down, pulled to long-on on the bounce from deep in the crease",49.3,1,1.0,"Livingstone to Gulbadin, 1 run  .dragged down, pulled to long-on on the bounce from deep in the crease",Livingstone,Gulbadin,1.0,0,0,1,1,1.0,0,,1
"49.4 
W 
Livingstone to M Nabi, OUT 
picks out Root on the rope. Nabi's fun comes to an end. Deep in the crease, gets 
underneath it, but too much elevation and not enough distance. Straightforward catch at 
deep midwicket to bring a lively cameo to a close 
Mohammad Nabi c Root b Livingstone 40 (24b 2x4 3x6 49m) SR: 166.66 
Rashid Khan walks out, helmetless.",49.4,W,0.0,"Livingstone to M Nabi, OUT  .picks out Root on the rope. Nabi's fun comes to an end. Deep in the crease, gets  .underneath it, but too much elevation and not enough distance. Straightforward catch at  .deep midwicket to bring a lively cameo to a close  .Mohammad Nabi c Root b Livingstone 40 (24b 2x4 3x6 49m) SR: 166.66",Livingstone,M Nabi,0.0,0,0,1,1,0.0,1,c Root b Livingstone,0
"49.5 
1 
Livingstone to Rashid Khan, 1 run 
throws the kitchen sink at this, and his thick edge flies away towards short third for one",49.5,1,1.0,"Livingstone to Rashid Khan, 1 run  .throws the kitchen sink at this, and his thick edge flies away towards short third for one",Livingstone,Rashid Khan,1.0,0,0,1,1,1.0,0,,1
"49.6 
• 
Livingstone to Gulbadin, no run 
beaten on the slog-sweep. Can't connect with the legbreak. Very good finish from 
Livingstone, just two runs from it. But Afghanistan have posted a very competitive total 
""It's not easy to come back to international cricket in 50 overs after my injury, after 
seven months,"" Ibrahim Zadran says. ""I haven't played ODI cricket for the last one year. 
The expectation was there from me. I was trying to put a little bit of pressure on myself. 
[What have you worked on?] I was trying to take time and work on my basics. I always 
try to keep it simple. [Advice from Afg mentor Younis Khan?] He is sharing his 
experience with us. I am trying to talk to him a lot during the nets sessions, and I have 
chatted to Jonathan Trott in the last two sessions. I just asked him, 'What do you see, 
anything different?' He said, 'You're playing very well. Once you cross 40, you'll play a big 
innings.' I brought that into my game. Before the game, I had a chat with Rashid. 
Whenever I chat with Rashid, I get a score."" 
5.50pm: England need 326 to keep their Champions Trophy campaign alive and knock 
Afghanistan out. They started very well with the ball, reducing Afghanistan to 37 for 3 as 
Jofra Archer starred with the new ball. But a 103-run partnership between Ibrahim 
Zadran and Hashmatullah Shahidi got Afghanistan back in the game, setting a platform 
for the back end. Zadran's magnificent 177 - a Champions Trophy record - was 
supported by cameos from Azmat and Nabi. England were ragged in the field, with 
Wood struggling through an injury and their attack looking utterly toothless at the back 
end as they disappeared for 113 runs in the final 10 overs. 
5.55pm: Such an impressive innings from Zadran. Some outrageous shots - the on-drive 
for six off Archer at the death stands out - but also remarkable fitness, running four 
twos in the 46th over, and mental strength to drag Afghanistan out of their early hole. 
Interesting to hear him talk about wanting to put pressure on himself to make a big 
score at the innings break... when was the last time you heard an England batter talk 
like that? We'll be back in 30 for the run chase, where Vithushan Ehantharajah will talk 
you through the first 15. 
Nazir Ahamed: ""I'm very curious about the celebration of Zadrans' ton. Anyone have any 
idea???"" -- He said that it was about his pre-match chat with Rashid, as mentioned 
below. 
Navid Numan: ""good total on the board and it well not be easy for England, if dew not 
disturb we will have a competitive game."" 
Murali Krishnan: ""Australia the other day chased 350 against this English attack easily 
here. Hope the English batters can chase this 325 if not easily at least chase against 
this Afghanistan attack."" 
Krish: ""How much ever belter of a pitch it is, kindly remember the attack on the other 
end is Afghanistan bowlers, and their record defending any sort of totals."" 
Rashid: ""Considering pitch condition I think Afghanistan are 25 runs short. Ahh.... Last 
over from Livingstone could be a deciding factor in England winning cause."" 
end of over 502 runs • 2 wickets 
AFG: 325/7CRR: 6.50  
Gulbadin Naib1 (3b) 
Rashid Khan1 (1b) 
Liam Livingstone 5-0-28-2 
Jamie Overton 10-0-72-1 
Sponsored Headlines 
 
'Some people are just perpetual cribbers, man' - Gambhir dismisses India's 'undue 
advantage' | ESPNcricinfoDiscover 
 
Australia news - Steven Smith retires from ODI cricket | ESPNcricinfoDiscover 
 
Online Shopping Tools| 
Sponsored by TaboolaSponsored by Taboola 
Amazon's Worst Nightmare: Thousands Canceling Prime for This Clever HackRead 
MoreSkip 
 
Champions Trophy 2025 - 'I missed a full toss' - Smith rues Australia's missed 
opportunities | ESPNcricinfoDiscover 
 
The Buzz - Why was Hardik Pandya smiling when he got out? | ESPNcricinfoDiscover 
 
Flight Attendant Reveals How To Fly Business Class For The Price of 
EconomyAmericans, you'll want to check this out ASAPOnline Shopping Tools| 
SponsoredSponsored 
Undo 
 
Tiger's Former Coach ""You Cannot Slice With This Driver""This new driver permanently 
fixes a slicePerformance Golf| 
SponsoredSponsored 
Learn More 
Undo 
 
""Nature's Morphine"", Finally Approved - As Gummy ChewableHealth Truth Now| 
SponsoredSponsored 
Undo 
 
Shoe CEO Drops Business Sneakers Taking The NFL By Storm Finally, A Comfortable 
Shoe Thats Fit For The Office. With Comfort, Luxury, & Versatility Engineered Into Every 
Step, Wolf & Shepherd Shoes Are Specifically Designed For Those Who Want To Lead 
The Pack.Wolf & Shepherd| 
SponsoredSponsored 
Shop Now 
Undo 
 
5 Simple Cardio Exercises from HomeInterested in improving balance, burning calories 
or just getting the blood pumping? These five fantastic exercises will help enhance any 
home workout.Mutual of Omaha| 
SponsoredSponsored 
Read More 
Undo 
 
Protein Isn't Enough - Here's What Really Builds Muscle After 60.Apex Labs| 
SponsoredSponsored 
Undo 
 
People in Tempe are Loving Martha Stewart's Meal KitMarley Spoon| 
SponsoredSponsored 
Undo 
 
Co-CEOs Drop Business Sneakers Taking The NFL By StormRevolutionize your work 
wardrobe with luxury dress shoes that feel as good as they look. Explore more.Wolf & 
Shepherd| 
SponsoredSponsored 
Shop Now 
Undo 
 
The most relaxing Farm Game. No InstallEnjoy farming, stock up and make friends. 
Taonga is a whole world full of adventure!Taonga: The Island Farm| 
SponsoredSponsored 
Play Now 
Undo 
 
My Go-To Loafers for Going OutWalk the walk: Check out VIVAIA’s most comfortable 
work shoesVIVAIA| 
SponsoredSponsored 
Shop Now 
Undo 
 
$500K+ Investors: 5 Must-Asks to Evaluate Your AdvisorEvergreen Wealth| 
SponsoredSponsored 
Undo 
 
Remodeling Star: Cheapest Way To Get A Walk In Shower In ArizonaHomeowners can 
save thousands on a 1-day bathroom remodel using this one tip.Smart Lifestyle Trends| 
SponsoredSponsored 
Learn More 
Undo 
Language 
English 
Win Probability 
AFG 100% 
AFGENG 
100%50%100%AFG InningsENG Innings 
Over 50 • ENG 317/10 
Adil Rashid c Ibrahim Zadran b Azmatullah Omarzai 5 (7b 0x4 0x6 13m) SR: 71.42 
W 
Afghanistan won by 8 runs 
Powered by Smart Stats 
Match Coverage 
All Match News 
 
How many bowlers have taken four wickets in five balls 
without taking a hat-trick? 
And who has the highest individual ODI score against England? 
 
 
 
Decline and fall: England face up to scale of ODI 
rebuilding job 
Muddled selection, fading stars, a lack of familiarity with the format - and no easy 
answers for either the ECB or Brendon McCullum 
 
 
 
Labuschagne has 'no issues' playing against Afghanistan 
""We'd love to win tomorrow and silence the crowd,"" Labuschagne further said about 
Afghanistan getting a de facto home crowd in Lahore 
 
 
 
Azmatullah Omarzai emerges as 'the perfect utility 
allrounder for Afghanistan' 
Omarzai picked up 5 for 58 on a flat pitch after scoring 41 off 31 balls to beat England 
in the Champions Trophy 
 
 
 
Jonathan Trott: 'Afghanistan will never be taken lightly 
again' 
Head coach hails team's performance in Lahore but sets sights on crucial final group 
game against Australia 
 
 
 
Instant answers to T20 questions 
What is the highest total chased in men's T20 World Cups? 
Most sixes in an innings by a batter in men's T20 World Cups? 
Who has taken the most Powerplay wickets in men's T20 World Cups? 
Ask a question 
Videos 
All Match Videos 
 
 
2:16 
Buttler: Have to work up whether I'm part of the problem 
or solution 
 
 
 
2:01 
Knight: Afghanistan no longer depend only on Rashid to 
win matches 
 
England Innings 
Player Name 
R 
B 
PD Salt 
bowled 
12 
13 
Player Name 
R 
B 
BM 
Duckett 
lbw 
38 
45 
JL Smith 
caught 
9 
13 
JE Root 
caught 
120 111 
HC Brook 
caught 
25 
21 
JC Buttler 
caught 
38 
42 
LS 
Livingstone caught 
10 
8 
J Overton 
caught 
32 
28 
JC Archer 
caught 
14 
8 
AU Rashid caught 
5 
7 
MA Wood 
not out 
2 
3 
Extras 
(b 4, lb 3, w 5) 
Total 
317(10 wkts;",49.6,0,0.0,"Livingstone to Gulbadin, no run  .beaten on the slog-sweep. Can't connect with the legbreak. Very good finish from  .Livingstone, just two runs from it. But Afghanistan have posted a very competitive total",Livingstone,Gulbadin,0.0,0,0,1,1,0.0,0,,0
