raw_data,overs,runs,team_runs,commentary,bowler,batsman,batsman_runs,batsman_fours,batsman_sixes,batsman_bowls_faced,bowler_bowls_done,bowler_runs_given,bowler_wickets,dismissal,runs_given_bool
"0.1 
• 
Woakes to Nissanka, no run 
back of a length, defended towards square leg via the splice 
This is an extremely odd-looking pitch, cut in about seven or eight separate stripes, as 
though it's a Sunderland home kit. Not sure I've seen one like this before!",0.1,0,0.0,"Woakes to Nissanka, no run  .back of a length, defended towards square leg via the splice  .This is an extremely odd-looking pitch, cut in about seven or eight separate stripes, as  .though it's a Sunderland home kit. Not sure I've seen one like this before!",Woakes,Nissanka,0.0,0,0,1,1,0.0,0,,0
"0.2 
• 
Woakes to Nissanka, no run 
shapes away from the bat on a good length, no shot",0.2,0,0.0,"Woakes to Nissanka, no run  .shapes away from the bat on a good length, no shot",Woakes,Nissanka,0.0,0,0,1,1,0.0,0,,0
"0.3 
• 
Woakes to Nissanka, no run 
a touch fuller, no swing, nudged out into the covers",0.3,0,0.0,"Woakes to Nissanka, no run  .a touch fuller, no swing, nudged out into the covers",Woakes,Nissanka,0.0,0,0,1,1,0.0,0,,0
"0.4 
• 
Woakes to Nissanka, no run 
strays onto the pads, clipped to short midwicket, who is pretty square 
Jerusalem rings out from the Barmy Army's trumpeter. Should really be Chin Up, on a 
day like today",0.4,0,0.0,"Woakes to Nissanka, no run  .strays onto the pads, clipped to short midwicket, who is pretty square  .Jerusalem rings out from the Barmy Army's trumpeter. Should really be Chin Up, on a  .day like today",Woakes,Nissanka,0.0,0,0,1,1,0.0,0,,0
"0.5 
• 
Woakes to Nissanka, no run 
shapes away from back of a length. Nissanka, on the back foot, punches out towards 
cover",0.5,0,0.0,"Woakes to Nissanka, no run  .shapes away from back of a length. Nissanka, on the back foot, punches out towards  .cover",Woakes,Nissanka,0.0,0,0,1,1,0.0,0,,0
"0.6 
• 
Woakes to Nissanka, no run 
comes forward to steer out to backward point, hint of nip away off the seam 
Maiden to start. 
end of over 1Maiden 
SL: 0/0CRR: 0.00  
Pathum Nissanka0 (6b) 
Kusal Perera0 (0b) 
Chris Woakes 1-1-0-0 
Tonight at Wembley, the England football team will face possibly its biggest challenge 
yet at the Euro 2020, when they face off against Germany in the round of 16. After a 
catalogue of disappointments at the international level since 1966, will this finally be 
England's year? Eoin and co, it is your patriotic duty to get this game done by 5pm. 
David Willey, on his 50th appearance in ODI cricket",0.6,0,0.0,"Woakes to Nissanka, no run  .comes forward to steer out to backward point, hint of nip away off the seam  .Maiden to start.",Woakes,Nissanka,0.0,0,0,1,1,0.0,0,,0
"1.1 
1w 
Willey to Perera, 1 wide 
starts with a wide, spraying one down the leg side and past the pads",1.1,1w,1.0,"Willey to Perera, 1 wide  .starts with a wide, spraying one down the leg side and past the pads",Willey,Perera,0.0,0,0,0,0,1.0,0,,1
"1.1 
4 
Willey to Perera, FOUR runs 
short, wide, cut away for four! 78mph/126kph freebie, dug into the pitch, and Perera 
throws his hands at it, lofting up and over cover point",1.1,4,4.0,"Willey to Perera, FOUR runs  .short, wide, cut away for four! 78mph/126kph freebie, dug into the pitch, and Perera  .throws his hands at it, lofting up and over cover point",Willey,Perera,4.0,1,0,1,1,4.0,0,,1
"1.2 
1 
Willey to Perera, 1 run 
hits the splice from back of a length, as Perera tucks to short midwicket for a 
scampered single",1.2,1,1.0,"Willey to Perera, 1 run  .hits the splice from back of a length, as Perera tucks to short midwicket for a  .scampered single",Willey,Perera,1.0,0,0,1,1,1.0,0,,1
"1.3 
• 
Willey to Nissanka, no run 
angled across the right-hander, left alone",1.3,0,0.0,"Willey to Nissanka, no run  .angled across the right-hander, left alone",Willey,Nissanka,0.0,0,0,1,1,0.0,0,,0
"1.4 
• 
Willey to Nissanka, no run 
pressed out towards short midwicket, no real swing",1.4,0,0.0,"Willey to Nissanka, no run  .pressed out towards short midwicket, no real swing",Willey,Nissanka,0.0,0,0,1,1,0.0,0,,0
"1.5 
1 
Willey to Nissanka, 1 run 
angled across him from a fuller length, squeezed down to third man via the shoulder of 
the bat",1.5,1,1.0,"Willey to Nissanka, 1 run  .angled across him from a fuller length, squeezed down to third man via the shoulder of  .the bat",Willey,Nissanka,1.0,0,0,1,1,1.0,0,,1
"1.6 
4 
Willey to Perera, FOUR runs 
shapes away from the left-hander, but a gentle pace and length, and Perera laces it 
through cover-point for four more! Small press forward, and Kusal drills it past short 
cover 
end of over 211 runs  
SL: 11/0CRR: 5.50  
Kusal Perera9 (3b 2x4) 
Pathum Nissanka1 (9b) 
David Willey 1-0-11-0 
Chris Woakes 1-1-0-0",1.6,4,4.0,"Willey to Perera, FOUR runs  .shapes away from the left-hander, but a gentle pace and length, and Perera laces it  .through cover-point for four more! Small press forward, and Kusal drills it past short  .cover",Willey,Perera,4.0,1,0,1,1,4.0,0,,1
"2.1 
1w 
Woakes to Nissanka, 1 wide 
back of a length, down the leg side. Half-hearted appeal, in an unsuccessful attempt to 
avoid this being given as a wide",2.1,1w,1.0,"Woakes to Nissanka, 1 wide  .back of a length, down the leg side. Half-hearted appeal, in an unsuccessful attempt to  .avoid this being given as a wide",Woakes,Nissanka,0.0,0,0,0,0,1.0,0,,1
"2.1 
• 
Woakes to Nissanka, no run 
fifth stump line, good length, punched out to point",2.1,0,0.0,"Woakes to Nissanka, no run  .fifth stump line, good length, punched out to point",Woakes,Nissanka,0.0,0,0,1,1,0.0,0,,0
"2.2 
• 
Woakes to Nissanka, no run 
fourth-stump line, just back of a length, steered towards mid-on",2.2,0,0.0,"Woakes to Nissanka, no run  .fourth-stump line, just back of a length, steered towards mid-on",Woakes,Nissanka,0.0,0,0,1,1,0.0,0,,0
"2.3 
2 
Woakes to Nissanka, 2 runs 
length ball on leg stump, clipped to square leg. Moeen gives chase, but they scamper 
back for two",2.3,2,2.0,"Woakes to Nissanka, 2 runs  .length ball on leg stump, clipped to square leg. Moeen gives chase, but they scamper  .back for two",Woakes,Nissanka,2.0,0,0,1,1,2.0,0,,1
"2.4 
• 
Woakes to Nissanka, no run 
beauty, which beats the outside edge. Drawn forwards, perfect line, and just past the 
shoulder of the bat. No foot movement",2.4,0,0.0,"Woakes to Nissanka, no run  .beauty, which beats the outside edge. Drawn forwards, perfect line, and just past the  .shoulder of the bat. No foot movement",Woakes,Nissanka,0.0,0,0,1,1,0.0,0,,0
"2.5 
1w 
Woakes to Nissanka, 1 wide 
strays down the leg side",2.5,1w,1.0,"Woakes to Nissanka, 1 wide  .strays down the leg side",Woakes,Nissanka,0.0,0,0,0,0,1.0,0,,1
"2.5 
• 
Woakes to Nissanka, no run 
back of a length, punched to extra cover",2.5,0,0.0,"Woakes to Nissanka, no run  .back of a length, punched to extra cover",Woakes,Nissanka,0.0,0,0,1,1,0.0,0,,0
"2.6 
2 
Woakes to Nissanka, 2 runs 
back of a length, punched away through cover point 
Kula: ""Such a huge platform for the SriLankan debutants!! Mark your names here, it'll 
just echo around the world"" 
end of over 36 runs  
SL: 17/0CRR: 5.66  
Pathum Nissanka5 (15b) 
Kusal Perera9 (3b 2x4) 
Chris Woakes 2-1-6-0 
David Willey 1-0-11-0 
Dezz: ""What's all the fuss about finishing by 5pm about? It's Germany, it's an 
international tournament = we lose. Save yourself the heartbreak"" -- Did you miss the 
memo? It is quite literally coming home 
Catcher at cover-point",2.6,2,2.0,"Woakes to Nissanka, 2 runs  .back of a length, punched away through cover point",Woakes,Nissanka,2.0,0,0,1,1,2.0,0,,1
"3.1 
• 
Willey to Perera, no run 
big airy waft outside off stump, no foot movement, and no bat on ball. Swinging away 
from a good length at 83mph/133kph",3.1,0,0.0,"Willey to Perera, no run  .big airy waft outside off stump, no foot movement, and no bat on ball. Swinging away  .from a good length at 83mph/133kph",Willey,Perera,0.0,0,0,1,1,0.0,0,,0
"3.2 
• 
Willey to Perera, no run 
inside-edged into the pad, looking to work a good length ball to leg",3.2,0,0.0,"Willey to Perera, no run  .inside-edged into the pad, looking to work a good length ball to leg",Willey,Perera,0.0,0,0,1,1,0.0,0,,0
"3.3 
4 
Willey to Perera, FOUR runs 
thick inside-edge, past off stump, and past the diving Bairstow on the half-volley! 
Living dangerously",3.3,4,4.0,"Willey to Perera, FOUR runs  .thick inside-edge, past off stump, and past the diving Bairstow on the half-volley!  .Living dangerously",Willey,Perera,4.0,1,0,1,1,4.0,0,,1
"3.4 
2 
Willey to Perera, 2 runs 
loose cut outside off, up and over the infield as Billings gives chase",3.4,2,2.0,"Willey to Perera, 2 runs  .loose cut outside off, up and over the infield as Billings gives chase",Willey,Perera,2.0,0,0,1,1,2.0,0,,1
"3.5 
• 
Willey to Perera, no run 
nibbling away on a length, defended with a straight bat",3.5,0,0.0,"Willey to Perera, no run  .nibbling away on a length, defended with a straight bat",Willey,Perera,0.0,0,0,1,1,0.0,0,,0
"3.6 
• 
Willey to Perera, no run 
loose hoick across the line, no contact! Perera is playing a shot a ball at the moment. 
Wry smile from Willey. Length ball, ugly hack towards leg, and it flies just over the top of 
middle stump! 
end of over 46 runs  
SL: 23/0CRR: 5.75  
Kusal Perera15 (9b 3x4) 
Pathum Nissanka5 (15b) 
David Willey 2-0-17-0 
Chris Woakes 2-1-6-0 
James B: ""Apologies for my ignorance - Is Roy's absence injury related?Also - what is 
the new name for the opening partnership? ""BairStone"""" -- Yep, hamstring niggle. 
Livingstow?",3.6,0,0.0,"Willey to Perera, no run  .loose hoick across the line, no contact! Perera is playing a shot a ball at the moment.  .Wry smile from Willey. Length ball, ugly hack towards leg, and it flies just over the top of  .middle stump!",Willey,Perera,0.0,0,0,1,1,0.0,0,,0
"4.1 
• 
Woakes to Nissanka, no run 
good bounce from a length, worked back to the bowler",4.1,0,0.0,"Woakes to Nissanka, no run  .good bounce from a length, worked back to the bowler",Woakes,Nissanka,0.0,0,0,1,1,0.0,0,,0
"4.2 
• 
Woakes to Nissanka, no run 
good length, inside-edged into pad, and it drops down at his feet",4.2,0,0.0,"Woakes to Nissanka, no run  .good length, inside-edged into pad, and it drops down at his feet",Woakes,Nissanka,0.0,0,0,1,1,0.0,0,,0
"4.3 
• 
Woakes to Nissanka, no run 
good bounce from a length, worked out towards cover 
venkat: ""Congrats Kusal crossed 3000 runs in ODI"" -- Good spot, with that inside-edge 
down to fine leg!",4.3,0,0.0,"Woakes to Nissanka, no run  .good bounce from a length, worked out towards cover",Woakes,Nissanka,0.0,0,0,1,1,0.0,0,,0
"4.4 
W 
Woakes to Nissanka, OUT 
pulled straight to short midwicket! Bit of a long-hop, 80mph and back of a length, and 
Nissanka pulls with a full extension of the arms, but can't get it over Moeen, who takes 
the simplest catch imaginable! A cunning ploy... 
Pathum Nissanka c Ali b Woakes 5 (19b 0x4 0x6 20m) SR: 26.31 
Temba Middelman: ""A tad preposterous to suggest an Irishman's patriotic obligations 
to English football ('Eoin and co...'), even if he does play cricket for England"" -- He was 
asked about this last week and said he'd be watching the Czech game with the rest of 
the squad. 
Asalanka, on debut. And on his birthday! Two slips.",4.4,W,0.0,"Woakes to Nissanka, OUT  .pulled straight to short midwicket! Bit of a long-hop, 80mph and back of a length, and  .Nissanka pulls with a full extension of the arms, but can't get it over Moeen, who takes  .the simplest catch imaginable! A cunning ploy...  .Pathum Nissanka c Ali b Woakes 5 (19b 0x4 0x6 20m) SR: 26.31",Woakes,Nissanka,0.0,0,0,1,1,0.0,1,c Ali b Woakes,0
"4.5 
• 
Woakes to Asalanka, no run 
angled across him, and he defends to mid-off",4.5,0,0.0,"Woakes to Asalanka, no run  .angled across him, and he defends to mid-off",Woakes,Asalanka,0.0,0,0,1,1,0.0,0,,0
"4.6 
• 
Woakes to Asalanka, no run 
pulled to short midwicket on the bounce 
Krishna: ""Congrats Woakes for reaching 150 wickets in ODI"" 
end of over 5Wicket maiden 
SL: 23/1CRR: 4.60  
Charith Asalanka0 (2b) 
Kusal Perera15 (9b 3x4) 
Chris Woakes 3-2-6-1 
David Willey 2-0-17-0 
A few questions about selection for SL: Avishka is injured and out for the tour. Oshada 
has a fever. Dhananjaya de Silva is also injured, though still with the squad.",4.6,0,0.0,"Woakes to Asalanka, no run  .pulled to short midwicket on the bounce",Woakes,Asalanka,0.0,0,0,1,1,0.0,0,,0
"5.1 
1 
Willey to Perera, 1 run 
nipping away from a length, clipped to wide mid-on",5.1,1,1.0,"Willey to Perera, 1 run  .nipping away from a length, clipped to wide mid-on",Willey,Perera,1.0,0,0,1,1,1.0,0,,1
"5.2 
• 
Willey to Asalanka, no run 
good movement from Willey, shaping it away from the bat as Asalanka edges into the 
covers 
Vivaan: ""Nissanka's poor run in odis continues, 7 matches just 75 odd runs"" -- Early 
days, Vivaan. Clearly a talented young player based on his first-class record.",5.2,0,0.0,"Willey to Asalanka, no run  .good movement from Willey, shaping it away from the bat as Asalanka edges into the  .covers",Willey,Asalanka,0.0,0,0,1,1,0.0,0,,0
"5.3 
• 
Willey to Asalanka, no run 
pressed out to cover-point, but straight to the fielder",5.3,0,0.0,"Willey to Asalanka, no run  .pressed out to cover-point, but straight to the fielder",Willey,Asalanka,0.0,0,0,1,1,0.0,0,,0
"5.4 
• 
Willey to Asalanka, no run 
fifth stump line, defended back to the bowler",5.4,0,0.0,"Willey to Asalanka, no run  .fifth stump line, defended back to the bowler",Willey,Asalanka,0.0,0,0,1,1,0.0,0,,0
"5.5 
W 
Willey to Asalanka, OUT 
edged and gone! Duck for Asalanka on debut. Not much of a shot, if truth be told. Back 
of a length, bit of bounce, and Asalanka plays away from his body with minimal foot 
movement, looking to punch defensively towards cover-point. Thick outside edge, and 
Root gobbles up the chance at slip 
Charith Asalanka c Root b Willey 0 (6b 0x4 0x6 6m) SR: 0 
Shanaka. Who looks at least two spots too high at No. 4 to me. Though Sri Lanka are 
hardly replete with alternatives, given the availability crisis...",5.5,W,0.0,"Willey to Asalanka, OUT  .edged and gone! Duck for Asalanka on debut. Not much of a shot, if truth be told. Back  .of a length, bit of bounce, and Asalanka plays away from his body with minimal foot  .movement, looking to punch defensively towards cover-point. Thick outside edge, and  .Root gobbles up the chance at slip  .Charith Asalanka c Root b Willey 0 (6b 0x4 0x6 6m) SR: 0",Willey,Asalanka,0.0,0,0,1,1,0.0,1,c Root b Willey,0
"5.6 
1 
Willey to Shanaka, 1 run 
thick edge first up, but wide of second slip and down to third 
end of over 62 runs • 1 wicket 
SL: 25/2CRR: 4.16  
Dasun Shanaka1 (1b) 
Kusal Perera16 (10b 3x4) 
David Willey 3-0-19-1 
Chris Woakes 3-2-6-1 
Uwaisul Karnain: ""SL down to their all-rounders already!"" 
Sunny: ""So they really want to end the match before 5 pm Local time? Seems like they 
are looking for a mission Wembley""",5.6,1,1.0,"Willey to Shanaka, 1 run  .thick edge first up, but wide of second slip and down to third",Willey,Shanaka,1.0,0,0,1,1,1.0,0,,1
"6.1 
4lb 
Woakes to Shanaka, 4 leg byes 
tickled away down to fine leg via the pad, and Sam Curran does very well to get back 
and cut it off... or does he? They'll check this upstairs. Four! 
The Great Escape rings out over the Barmy Army trumpet. Play Chin Up, it's 10 times the 
song! Or World in Motion, at least, if that's too niche...",6.1,4lb,4.0,"Woakes to Shanaka, 4 leg byes  .tickled away down to fine leg via the pad, and Sam Curran does very well to get back  .and cut it off... or does he? They'll check this upstairs. Four!  .The Great Escape rings out over the Barmy Army trumpet. Play Chin Up, it's 10 times the  .song! Or World in Motion, at least, if that's too niche...",Woakes,Shanaka,0.0,0,0,1,1,0.0,0,,0
"6.2 
• 
Woakes to Shanaka, no run 
left on length",6.2,0,0.0,"Woakes to Shanaka, no run  .left on length",Woakes,Shanaka,0.0,0,0,1,1,0.0,0,,0
"6.3 
• 
Woakes to Shanaka, no run 
full on fifth stump, driven out to mid-off",6.3,0,0.0,"Woakes to Shanaka, no run  .full on fifth stump, driven out to mid-off",Woakes,Shanaka,0.0,0,0,1,1,0.0,0,,0
"6.4 
• 
Woakes to Shanaka, no run 
fifth-stump line, driven to Willey at mid-off 
Ilanin: ""So what I'm learning from this is, if your players are going to breach a bio-bubble, 
ideally you want a cross-section of roles and not them all from the same area?"" -- 
Exactly. Dickwella should have dragged, say, Pradeep and Dhananjaya out with him to 
ensure a longer batting line-up.",6.4,0,0.0,"Woakes to Shanaka, no run  .fifth-stump line, driven to Willey at mid-off",Woakes,Shanaka,0.0,0,0,1,1,0.0,0,,0
"6.5 
• 
Woakes to Shanaka, no run 
defended firmly from a length",6.5,0,0.0,"Woakes to Shanaka, no run  .defended firmly from a length",Woakes,Shanaka,0.0,0,0,1,1,0.0,0,,0
"6.6 
• 
Woakes to Shanaka, no run 
full outside off, hacked to mid-on on the drive 
end of over 7Maiden 
SL: 29/2CRR: 4.14  
Dasun Shanaka1 (7b) 
Kusal Perera16 (10b 3x4) 
Chris Woakes 4-3-6-1 
David Willey 3-0-19-1 
Kanny: ""Seeing wanindu hasaranga bat at 5 is the most absurd thing i will come across 
today!"" -- Don't speak ill of the rockstar, Kanny. He's actually got a pretty decent ODI 
record with the bat.",6.6,0,0.0,"Woakes to Shanaka, no run  .full outside off, hacked to mid-on on the drive",Woakes,Shanaka,0.0,0,0,1,1,0.0,0,,0
"7.1 
3 
Willey to Perera, 3 runs 
full, straight and swinging, and Perera flicks nonchalantly away through straight 
midwicket. Curran gives chase",7.1,3,3.0,"Willey to Perera, 3 runs  .full, straight and swinging, and Perera flicks nonchalantly away through straight  .midwicket. Curran gives chase",Willey,Perera,3.0,0,0,1,1,3.0,0,,1
"7.2 
1w 
Willey to Shanaka, 1 wide 
full on the pads, missed out on the glance, but down the leg side 
ESPNcricinfo social whizz Paul Muchmore has this: ""Eoin Morgan ODI caps - 244 (221 
England, 23 Ireland); total ODI caps for Sri Lanka's XI - 198""",7.2,1w,1.0,"Willey to Shanaka, 1 wide  .full on the pads, missed out on the glance, but down the leg side",Willey,Shanaka,0.0,0,0,0,0,1.0,0,,1
"7.2 
1lb 
Willey to Shanaka, 1 leg bye 
full and swinging onto the pads, flicked to square leg off the pad. Half-hearted appeal, 
always sliding down. No review",7.2,1lb,1.0,"Willey to Shanaka, 1 leg bye  .full and swinging onto the pads, flicked to square leg off the pad. Half-hearted appeal,  .always sliding down. No review",Willey,Shanaka,0.0,0,0,1,1,0.0,0,,0
"7.3 
4 
Willey to Perera, FOUR runs 
width outside off, and KJP throws his hands at it. Half-stopped at point by Livingstone, 
diving to his right, but he can only slow it down on its way to the rope, and Billings can't 
cut it off",7.3,4,4.0,"Willey to Perera, FOUR runs  .width outside off, and KJP throws his hands at it. Half-stopped at point by Livingstone,  .diving to his right, but he can only slow it down on its way to the rope, and Billings can't  .cut it off",Willey,Perera,4.0,1,0,1,1,4.0,0,,1
"7.4 
4 
Willey to Perera, FOUR runs 
squeezed away through backward point for four more! KJP is on one here. Full and 
swinging away, and this is a touch of class. Opens the face, piercing the gap between 
backward point and short third",7.4,4,4.0,"Willey to Perera, FOUR runs  .squeezed away through backward point for four more! KJP is on one here. Full and  .swinging away, and this is a touch of class. Opens the face, piercing the gap between  .backward point and short third",Willey,Perera,4.0,1,0,1,1,4.0,0,,1
"7.5 
2 
Willey to Perera, 2 runs 
banged in halfway down, and KJP pulls through square leg for a couple as Moeen gives 
chase 
yamlal: ""DK on commentary box."" -- Indeed he is. No sighting of his shirt just yet. Hope 
it's another good one!",7.5,2,2.0,"Willey to Perera, 2 runs  .banged in halfway down, and KJP pulls through square leg for a couple as Moeen gives  .chase",Willey,Perera,2.0,0,0,1,1,2.0,0,,1
"7.6 
2 
Willey to Perera, 2 runs 
wide outside off, slashes away down to third, where Rashid gets round to field on the 
bounce. Expensive over! 
end of over 817 runs  
SL: 46/2CRR: 5.75  
Kusal Perera31 (15b 5x4) 
Dasun Shanaka1 (8b) 
David Willey 4-0-35-1 
Chris Woakes 4-3-6-1",7.6,2,2.0,"Willey to Perera, 2 runs  .wide outside off, slashes away down to third, where Rashid gets round to field on the  .bounce. Expensive over!",Willey,Perera,2.0,0,0,1,1,2.0,0,,1
"8.1 
W 
Woakes to Shanaka, OUT 
absolute beauty, not far short of unplayable. This is liquid Woakes. Perfect length, 
angling in from over the wicket, nipping away just a touch off the seam, and finding the 
outside edge as Shanaka gets forward to defend. A thin outside edge, through to 
Bairstow, and England have a third! 
Dasun Shanaka c †Bairstow b Woakes 1 (9b 0x4 0x6 14m) SR: 11.11 
The golden boy is in at No. 5, Wanindu Hasaranga. Sleeveless sweater for him, and 
those bright-blue-with-neon-green shoes.",8.1,W,0.0,"Woakes to Shanaka, OUT  .absolute beauty, not far short of unplayable. This is liquid Woakes. Perfect length,  .angling in from over the wicket, nipping away just a touch off the seam, and finding the  .outside edge as Shanaka gets forward to defend. A thin outside edge, through to  .Bairstow, and England have a third!  .Dasun Shanaka c †Bairstow b Woakes 1 (9b 0x4 0x6 14m) SR: 11.11",Woakes,Shanaka,0.0,0,0,1,1,0.0,1,c †Bairstow b Woakes,0
"8.2 
• 
Woakes to Hasaranga, no run 
width outside off, dabbed out to backward point",8.2,0,0.0,"Woakes to Hasaranga, no run  .width outside off, dabbed out to backward point",Woakes,Hasaranga,0.0,0,0,1,1,0.0,0,,0
"8.3 
• 
Woakes to Hasaranga, no run 
angling in towards the top of off stump, dabbed out to cover",8.3,0,0.0,"Woakes to Hasaranga, no run  .angling in towards the top of off stump, dabbed out to cover",Woakes,Hasaranga,0.0,0,0,1,1,0.0,0,,0
"8.4 
• 
Woakes to Hasaranga, no run 
wide on the crease, and Hasaranga is deep in his to defend to mid-on 
Blimey, a rose-coloured waistcoat from Dinesh Karthik in the commentary box today. A 
statement.",8.4,0,0.0,"Woakes to Hasaranga, no run  .wide on the crease, and Hasaranga is deep in his to defend to mid-on  .Blimey, a rose-coloured waistcoat from Dinesh Karthik in the commentary box today. A  .statement.",Woakes,Hasaranga,0.0,0,0,1,1,0.0,0,,0
"8.5 
• 
Woakes to Hasaranga, no run 
defended into the covers from a good length",8.5,0,0.0,"Woakes to Hasaranga, no run  .defended into the covers from a good length",Woakes,Hasaranga,0.0,0,0,1,1,0.0,0,,0
"8.6 
• 
Woakes to Hasaranga, no run 
back of a length, punched out to cover-point on the back foot where Livingstone fields 
well 
Rifdhy: ""Thanks Matt for that SL squad update, if I can know why Udana is not included, 
it would be great. I'm assuming it us because of his poor run with the ball in the 3rd 
T20I, but given the experience he brings to the squad in this time, I don't think that is a 
good call."" -- Just left out, reckons Andrew Fidel Fernando. No injury that we're aware of. 
end of over 9Wicket maiden 
SL: 46/3CRR: 5.11  
Wanindu Hasaranga0 (5b) 
Kusal Perera31 (15b 5x4) 
Chris Woakes 5-4-6-2 
David Willey 4-0-35-1",8.6,0,0.0,"Woakes to Hasaranga, no run  .back of a length, punched out to cover-point on the back foot where Livingstone fields  .well",Woakes,Hasaranga,0.0,0,0,1,1,0.0,0,,0
"9.1 
1 
Willey to Perera, 1 run 
wide outside off, swinging away, and KJP throws the hands at the cut once again. 
Billings has been moved down to third man and covers good ground to his left, but it 
only reaches him on the bounce",9.1,1,1.0,"Willey to Perera, 1 run  .wide outside off, swinging away, and KJP throws the hands at the cut once again.  .Billings has been moved down to third man and covers good ground to his left, but it  .only reaches him on the bounce",Willey,Perera,1.0,0,0,1,1,1.0,0,,1
"9.2 
• 
Willey to Hasaranga, no run 
full on the pads, more confident appeal this time... but they opt against the review. 
""Sliding"" was Bairstow's verdict on the stump mic. And on replay, I reckon that's a good 
call. Hasaranga was working to leg but struck on the shin 
Yep, Hawk-Eye confirms it on the broadcast",9.2,0,0.0,"Willey to Hasaranga, no run  .full on the pads, more confident appeal this time... but they opt against the review.",Willey,Hasaranga,0.0,0,0,1,1,0.0,0,,0
"9.3 
• 
Willey to Hasaranga, no run 
defended from a length, back to Willey in his follow-through",9.3,0,0.0,"Willey to Hasaranga, no run  .defended from a length, back to Willey in his follow-through",Willey,Hasaranga,0.0,0,0,1,1,0.0,0,,0
"9.4 
• 
Willey to Hasaranga, no run 
ooft, thick inside edge saves him. Banana ball, curving a long way back into the right-
hander, and he gets a thick edge into the front pad",9.4,0,0.0,"Willey to Hasaranga, no run  .ooft, thick inside edge saves him. Banana ball, curving a long way back into the right- .hander, and he gets a thick edge into the front pad",Willey,Hasaranga,0.0,0,0,1,1,0.0,0,,0
"9.5 
• 
Willey to Hasaranga, no run 
full on leg stump, flicked to leg",9.5,0,0.0,"Willey to Hasaranga, no run  .full on leg stump, flicked to leg",Willey,Hasaranga,0.0,0,0,1,1,0.0,0,,0
"9.6 
• 
Willey to Hasaranga, no run 
defended from a length, and that completes the powerplay 
Strange old powerplay: KJP swinging from the hip, with Willey expensive; the rest of the 
batting line-up very timid, and Woakes incredibly economical 
end of over 101 run  
SL: 47/3CRR: 4.70  
Wanindu Hasaranga0 (10b) 
Kusal Perera32 (16b 5x4) 
David Willey 5-0-36-1 
Chris Woakes 5-4-6-2 
CricketBadger: ""Woakes' average just dropped below 30. Mr economical."" 
Mark Wood, the local boy, replaces Woakes, to a loud cheer. Did you know he's 
England's most-capped seamer this year? 
Round the wicket to the leftie. No slip",9.6,0,0.0,"Willey to Hasaranga, no run  .defended from a length, and that completes the powerplay  .Strange old powerplay: KJP swinging from the hip, with Willey expensive; the rest of the  .batting line-up very timid, and Woakes incredibly economical",Willey,Hasaranga,0.0,0,0,1,1,0.0,0,,0
"10.1 
4 
Wood to Perera, FOUR runs 
thrashes at Wood's first ball, which comes down at 89mph, and gets a thickish outside 
edge down to third for four! Would have gone just over second slip, but there isn't one 
there.",10.1,4,4.0,"Wood to Perera, FOUR runs  .thrashes at Wood's first ball, which comes down at 89mph, and gets a thickish outside  .edge down to third for four! Would have gone just over second slip, but there isn't one  .there.",Wood,Perera,4.0,1,0,1,1,4.0,0,,1
"10.2 
• 
Wood to Perera, no run 
back of a length, tickled into the leg side. 89mph/143kph",10.2,0,0.0,"Wood to Perera, no run  .back of a length, tickled into the leg side. 89mph/143kph",Wood,Perera,0.0,0,0,1,1,0.0,0,,0
"10.3 
• 
Wood to Perera, no run 
half-volley on off stump, driven straight to mid-off 
Mustafa Moudi: ""Fun Fact: Woakes has bowled 5 overs already and yet Perera has not 
faced a single delivery from his despite opening the inning. Happens very rarely !!"" -- 
Great spot!",10.3,0,0.0,"Wood to Perera, no run  .half-volley on off stump, driven straight to mid-off",Wood,Perera,0.0,0,0,1,1,0.0,0,,0
"10.4 
• 
Wood to Perera, no run 
length ball, hint of width, and KJP throws his hands at it, looking to flay Wood through 
mid-off. Loses his shape, and Wood fields on the bounce by sticking out a left boot in 
his follow-through. How's your touch?",10.4,0,0.0,"Wood to Perera, no run  .length ball, hint of width, and KJP throws his hands at it, looking to flay Wood through  .mid-off. Loses his shape, and Wood fields on the bounce by sticking out a left boot in  .his follow-through. How's your touch?",Wood,Perera,0.0,0,0,1,1,0.0,0,,0
"10.5 
• 
Wood to Perera, no run 
hits the splice from a good length, nudging into the leg side. 90mph/145kph",10.5,0,0.0,"Wood to Perera, no run  .hits the splice from a good length, nudging into the leg side. 90mph/145kph",Wood,Perera,0.0,0,0,1,1,0.0,0,,0
"10.6 
1lb 
Wood to Perera, 1 leg bye 
strays onto the pads, clipped down to long leg 
end of over 115 runs  
SL: 52/3CRR: 4.72  
Kusal Perera36 (22b 6x4) 
Wanindu Hasaranga0 (10b) 
Mark Wood 1-0-4-0 
David Willey 5-0-36-1 
Sampath: Woakes is the first England bowler to bowl four maidens in an ODI innings 
since Broad in 2008. And he still has five overs left! 
Double change. Sam Curran replaces David Willey. Ian Botham, or 'Baron Boeuf' as 
Atherton called him on commentary, is in the house today. Beautiful sunny day in 
Chester-le-Street. Slip in.",10.6,1lb,1.0,"Wood to Perera, 1 leg bye  .strays onto the pads, clipped down to long leg",Wood,Perera,0.0,0,0,1,1,0.0,0,,0
"11.1 
• 
Sam Curran to Perera, no run 
length ball, pressed out to Morgan in the covers. Thinks about the single on the slight 
misfield, but there scampers back",11.1,0,0.0,"Sam Curran to Perera, no run  .length ball, pressed out to Morgan in the covers. Thinks about the single on the slight  .misfield, but there scampers back",Sam Curran,Perera,0.0,0,0,1,1,0.0,0,,0
"11.2 
1lb 
Sam Curran to Perera, 1 leg bye 
strays onto the pad, clipped to square leg. Bairstow races out to do the fielding",11.2,1lb,1.0,"Sam Curran to Perera, 1 leg bye  .strays onto the pad, clipped to square leg. Bairstow races out to do the fielding",Sam Curran,Perera,0.0,0,0,1,1,0.0,0,,0
"11.3 
• 
Sam Curran to Hasaranga, no run 
back of a length, Hasaranga rides the bounce and defends. Can't get off 0! 
Hemaka Wijeguna: ""What happened to Oshada"" -- Ill with a fever. Avishka and DDS are 
injured.",11.3,0,0.0,"Sam Curran to Hasaranga, no run  .back of a length, Hasaranga rides the bounce and defends. Can't get off 0!",Sam Curran,Hasaranga,0.0,0,0,1,1,0.0,0,,0
"11.4 
2 
Sam Curran to Hasaranga, 2 runs 
width, edged, but down to third! Loose drive with no foot movement from Hasaranga, 
and Curran induced the edge, angling it across him from a fullish length. Flies up and 
over Root at slip",11.4,2,2.0,"Sam Curran to Hasaranga, 2 runs  .width, edged, but down to third! Loose drive with no foot movement from Hasaranga,  .and Curran induced the edge, angling it across him from a fullish length. Flies up and  .over Root at slip",Sam Curran,Hasaranga,2.0,0,0,1,1,2.0,0,,1
"11.5 
1w 
Sam Curran to Hasaranga, 1 wide 
banged in short, ducked, and given as a wide 
Ahsan Shere: ""Kusal has a lot of Sanath about him, he needs a bit of Sanga in his game.""",11.5,1w,1.0,"Sam Curran to Hasaranga, 1 wide  .banged in short, ducked, and given as a wide",Sam Curran,Hasaranga,0.0,0,0,0,0,1.0,0,,1
"11.5 
4 
Sam Curran to Hasaranga, FOUR runs 
punched away with an open face through point, and Billings can't cut it off running back. 
First boundary for the rockstar. No foot movement, but opened the face nicely, finding 
the gap between point and cover point in the infield",11.5,4,4.0,"Sam Curran to Hasaranga, FOUR runs  .punched away with an open face through point, and Billings can't cut it off running back.  .First boundary for the rockstar. No foot movement, but opened the face nicely, finding  .the gap between point and cover point in the infield",Sam Curran,Hasaranga,4.0,1,0,1,1,4.0,0,,1
"11.6 
• 
Sam Curran to Hasaranga, no run 
angling in from a length, inside-edged towards mid-on 
end of over 128 runs  
SL: 60/3CRR: 5.00  
Wanindu Hasaranga6 (14b 1x4) 
Kusal Perera36 (24b 6x4) 
Sam Curran 1-0-7-0 
Mark Wood 1-0-4-0 
Paul Frame: ""RE: Sampath's comment that this is the most maidens bowled by an 
England bowler since Broad in 2008. Is it worth pointing out that England lost that game 
by 22 runs?""",11.6,0,0.0,"Sam Curran to Hasaranga, no run  .angling in from a length, inside-edged towards mid-on",Sam Curran,Hasaranga,0.0,0,0,1,1,0.0,0,,0
"12.1 
• 
Wood to Perera, no run 
banged in halfway down, pressed out to cover on the back foot. 89mph/144kph",12.1,0,0.0,"Wood to Perera, no run  .banged in halfway down, pressed out to cover on the back foot. 89mph/144kph",Wood,Perera,0.0,0,0,1,1,0.0,0,,0
"12.2 
1 
Wood to Perera, 1 run 
banged in on a hard length, clipped down to square leg. 90mph/145kph 
Hathim: ""@Mustafa that's cus Woakes has bowled brilliantly that the striker has not 
been able to go off strike. High quality new ball bowling from the nice guy Woakes""",12.2,1,1.0,"Wood to Perera, 1 run  .banged in on a hard length, clipped down to square leg. 90mph/145kph",Wood,Perera,1.0,0,0,1,1,1.0,0,,1
"12.3 
• 
Wood to Hasaranga, no run 
wide on the crease, skiddy length, steered to backward point",12.3,0,0.0,"Wood to Hasaranga, no run  .wide on the crease, skiddy length, steered to backward point",Wood,Hasaranga,0.0,0,0,1,1,0.0,0,,0
"12.4 
• 
Wood to Hasaranga, no run 
wide on the crease again, drags his length back. 91mph/146kph, and Hasaranga sways 
inside the line",12.4,0,0.0,"Wood to Hasaranga, no run  .wide on the crease again, drags his length back. 91mph/146kph, and Hasaranga sways  .inside the line",Wood,Hasaranga,0.0,0,0,1,1,0.0,0,,0
"12.5 
1 
Wood to Hasaranga, 1 run 
fuller outside off, steered down to third with an open face",12.5,1,1.0,"Wood to Hasaranga, 1 run  .fuller outside off, steered down to third with an open face",Wood,Hasaranga,1.0,0,0,1,1,1.0,0,,1
"12.6 
• 
Wood to Perera, no run 
beauty! How did that not clip off stump?! Perera played all round this. Round the wicket, 
sharp movement off the seam to take it away from the bat as he looks to work to leg, 
and just misses the top of off 
end of over 132 runs  
SL: 62/3CRR: 4.76  
Kusal Perera37 (27b 6x4) 
Wanindu Hasaranga7 (17b 1x4) 
Mark Wood 2-0-6-0 
Sam Curran 1-0-7-0",12.6,0,0.0,"Wood to Perera, no run  .beauty! How did that not clip off stump?! Perera played all round this. Round the wicket,  .sharp movement off the seam to take it away from the bat as he looks to work to leg,  .and just misses the top of off",Wood,Perera,0.0,0,0,1,1,0.0,0,,0
"13.1 
1 
Sam Curran to Hasaranga, 1 run 
strays onto the pads, clipped down to long leg 
Shane: ""And Woakes still can't get a game in the Test team. It's almost criminal."" -- 
Almost like 10 days confined to a hotel room in quarantine and then a couple of T20s 
isn't great preparation for bowling 20 overs a day?",13.1,1,1.0,"Sam Curran to Hasaranga, 1 run  .strays onto the pads, clipped down to long leg",Sam Curran,Hasaranga,1.0,0,0,1,1,1.0,0,,1
"13.2 
3nb 
Sam Curran to Perera, (no ball) 2 runs 
short ball, pulled away through the leg side. Races back for the second. And the TV 
umpire has spotted that Curran's front foot is just over the line",13.2,3nb,3.0,"Sam Curran to Perera, (no ball) 2 runs  .short ball, pulled away through the leg side. Races back for the second. And the TV  .umpire has spotted that Curran's front foot is just over the line",Sam Curran,Perera,2.0,0,0,1,0,3.0,0,,1
"13.2 
1 
Sam Curran to Perera, 1 run 
gets legside of the ball, hoicking the free hit out to deep square",13.2,1,1.0,"Sam Curran to Perera, 1 run  .gets legside of the ball, hoicking the free hit out to deep square",Sam Curran,Perera,1.0,0,0,1,1,1.0,0,,1
"13.3 
• 
Sam Curran to Hasaranga, no run 
loose waft outside off as Curran finds some extra bounce from just short of a length. 
Can't lay bat on ball",13.3,0,0.0,"Sam Curran to Hasaranga, no run  .loose waft outside off as Curran finds some extra bounce from just short of a length.  .Can't lay bat on ball",Sam Curran,Hasaranga,0.0,0,0,1,1,0.0,0,,0
"13.4 
1 
Sam Curran to Hasaranga, 1 run 
nipping in towards the thigh pad region. Clipped down to long leg",13.4,1,1.0,"Sam Curran to Hasaranga, 1 run  .nipping in towards the thigh pad region. Clipped down to long leg",Sam Curran,Hasaranga,1.0,0,0,1,1,1.0,0,,1
"13.5 
1 
Sam Curran to Perera, 1 run 
shaping away from a length, clipped to mid-on",13.5,1,1.0,"Sam Curran to Perera, 1 run  .shaping away from a length, clipped to mid-on",Sam Curran,Perera,1.0,0,0,1,1,1.0,0,,1
"13.6 
• 
Sam Curran to Hasaranga, no run 
angled across him, punched to point 
end of over 147 runs  
SL: 69/3CRR: 4.92  
Wanindu Hasaranga9 (21b 1x4) 
Kusal Perera41 (30b 6x4) 
Sam Curran 2-0-14-0 
Mark Wood 2-0-6-0",13.6,0,0.0,"Sam Curran to Hasaranga, no run  .angled across him, punched to point",Sam Curran,Hasaranga,0.0,0,0,1,1,0.0,0,,0
"14.1 
• 
Wood to Perera, no run 
wide on the crease, angling a full one in from round the wicket. Defended firmly. 
90mph/145kph",14.1,0,0.0,"Wood to Perera, no run  .wide on the crease, angling a full one in from round the wicket. Defended firmly.  .90mph/145kph",Wood,Perera,0.0,0,0,1,1,0.0,0,,0
"14.2 
• 
Wood to Perera, no run 
vicious short ball, which KJP nearly ducks into. 90mph/145kph, just about gets out of 
its way at the last moment",14.2,0,0.0,"Wood to Perera, no run  .vicious short ball, which KJP nearly ducks into. 90mph/145kph, just about gets out of  .its way at the last moment",Wood,Perera,0.0,0,0,1,1,0.0,0,,0
"14.3 
1 
Wood to Perera, 1 run 
banged in halfway down, flicked down to square leg via the glove",14.3,1,1.0,"Wood to Perera, 1 run  .banged in halfway down, flicked down to square leg via the glove",Wood,Perera,1.0,0,0,1,1,1.0,0,,1
"14.4 
1 
Wood to Hasaranga, 1 run 
banged in on a length, clipped to midwicket 
Andrew Lee: """"That is liquid Woakes"" Very Partridge! I approve! Who do you think is 
Alan's favourite cricketer?"" -- Dan Christian?",14.4,1,1.0,"Wood to Hasaranga, 1 run  .banged in on a length, clipped to midwicket",Wood,Hasaranga,1.0,0,0,1,1,1.0,0,,1
"14.5 
• 
Wood to Perera, no run 
fuller length, forced out to mid-off. 90mph/145kph",14.5,0,0.0,"Wood to Perera, no run  .fuller length, forced out to mid-off. 90mph/145kph",Wood,Perera,0.0,0,0,1,1,0.0,0,,0
"14.6 
1 
Wood to Perera, 1 run 
tickled out to deep backward square. 81mph/130kph, running his fingers down the side 
of it 
And that's drinks. Here's Miller to liven up the Boring Middle Overs™. 
end of over 153 runs  
SL: 72/3CRR: 4.80  
Kusal Perera43 (35b 6x4) 
Wanindu Hasaranga10 (22b 1x4) 
Mark Wood 3-0-9-0 
Sam Curran 2-0-14-0 
Afternoon all. That's a clever bit of html for the TM bit. Kids these days know all the 
tricks... time for some spin. Here's Rashid. A pair of security goons plod off to the 
margins. Can't be too careful, they are rowdy up north...",14.6,1,1.0,"Wood to Perera, 1 run  .tickled out to deep backward square. 81mph/130kph, running his fingers down the side  .of it  .And that's drinks. Here's Miller to liven up the Boring Middle Overs™.",Wood,Perera,1.0,0,0,1,1,1.0,0,,1
"15.1 
• 
Rashid to Perera, no run 
tight line, on the spot straightaway and tucked to the leg side",15.1,0,0.0,"Rashid to Perera, no run  .tight line, on the spot straightaway and tucked to the leg side",Rashid,Perera,0.0,0,0,1,1,0.0,0,,0
"15.2 
• 
Rashid to Perera, no run 
head over the ball for a dab to cover",15.2,0,0.0,"Rashid to Perera, no run  .head over the ball for a dab to cover",Rashid,Perera,0.0,0,0,1,1,0.0,0,,0
"15.3 
1 
Rashid to Perera, 1 run 
a stroll to the pitch, and a clip to deep midwicket",15.3,1,1.0,"Rashid to Perera, 1 run  .a stroll to the pitch, and a clip to deep midwicket",Rashid,Perera,1.0,0,0,1,1,1.0,0,,1
"15.4 
• 
Rashid to Hasaranga, no run 
googly, on a good length, forward to block 
Abhijato: ""I suspect the kids are more into Emojis™ nowadays!"" We dare not introduce 
our creaky old CMS to emojis. It would have an aneurism",15.4,0,0.0,"Rashid to Hasaranga, no run  .googly, on a good length, forward to block",Rashid,Hasaranga,0.0,0,0,1,1,0.0,0,,0
"15.5 
• 
Rashid to Hasaranga, no run 
zippier pace, flat line, through to the keeper outside off",15.5,0,0.0,"Rashid to Hasaranga, no run  .zippier pace, flat line, through to the keeper outside off",Rashid,Hasaranga,0.0,0,0,1,1,0.0,0,,0
"15.6 
1w 
Rashid to Hasaranga, 1 wide 
shaping past the leg stump",15.6,1w,1.0,"Rashid to Hasaranga, 1 wide  .shaping past the leg stump",Rashid,Hasaranga,0.0,0,0,0,0,1.0,0,,1
"15.6 
• 
Rashid to Hasaranga, no run 
half-forward on a middle-and-leg line, dabbed to cover 
end of over 162 runs  
SL: 74/3CRR: 4.62  
Wanindu Hasaranga10 (25b 1x4) 
Kusal Perera44 (38b 6x4) 
Adil Rashid 1-0-2-0 
Mark Wood 3-0-9-0",15.6,0,0.0,"Rashid to Hasaranga, no run  .half-forward on a middle-and-leg line, dabbed to cover",Rashid,Hasaranga,0.0,0,0,1,1,0.0,0,,0
"16.1 
1 
Wood to Perera, 1 run 
tucked from a full length out through backward square 
Amarnath: ""Woakes is someone who fits into every format but sad that he is struggling 
to make it to the Test team on permanent basis. Barring the Test legends Anderson and 
Broad, Woakes is easily the next best bowler for England. "" Hard to argue with that. He 
has a better Test record in England than either of them!",16.1,1,1.0,"Wood to Perera, 1 run  .tucked from a full length out through backward square",Wood,Perera,1.0,0,0,1,1,1.0,0,,1
"16.2 
• 
Wood to Hasaranga, no run 
wheels outside off, just back of a length with zippy seam movement. Bursts past the 
outside edge",16.2,0,0.0,"Wood to Hasaranga, no run  .wheels outside off, just back of a length with zippy seam movement. Bursts past the  .outside edge",Wood,Hasaranga,0.0,0,0,1,1,0.0,0,,0
"16.3 
• 
Wood to Hasaranga, no run 
sharp pace once again, 90mph as Hasaranga jabs and misses outside off",16.3,0,0.0,"Wood to Hasaranga, no run  .sharp pace once again, 90mph as Hasaranga jabs and misses outside off",Wood,Hasaranga,0.0,0,0,1,1,0.0,0,,0
"16.4 
• 
Wood to Hasaranga, no run 
beaten once more, whistling through to the keeper from a good length",16.4,0,0.0,"Wood to Hasaranga, no run  .beaten once more, whistling through to the keeper from a good length",Wood,Hasaranga,0.0,0,0,1,1,0.0,0,,0
"16.5 
• 
Wood to Hasaranga, no run 
this is hustly, bustly pace from Wood, back of a length, wide on the crease, angle into 
the right-hander and sharp lift through to the keeper",16.5,0,0.0,"Wood to Hasaranga, no run  .this is hustly, bustly pace from Wood, back of a length, wide on the crease, angle into  .the right-hander and sharp lift through to the keeper",Wood,Hasaranga,0.0,0,0,1,1,0.0,0,,0
"16.6 
• 
Wood to Hasaranga, no run 
every one a coconut in that over, Hasaranga can only hop into line on off stump and 
press a defensive block to cover 
Matthew: ""Emojis? I thought it was modern enough that Cricinfo supports keyboard 
shortcuts such as ™! "" Well quite! We are very 1999 these days. Modernising by the 
week 
end of over 171 run  
SL: 75/3CRR: 4.41  
Wanindu Hasaranga10 (30b 1x4) 
Kusal Perera45 (39b 6x4) 
Mark Wood 4-0-10-0 
Adil Rashid 1-0-2-0",16.6,0,0.0,"Wood to Hasaranga, no run  .every one a coconut in that over, Hasaranga can only hop into line on off stump and  .press a defensive block to cover",Wood,Hasaranga,0.0,0,0,1,1,0.0,0,,0
"17.1 
• 
Rashid to Perera, no run 
googly to the well-set Perera, nudged into the covers",17.1,0,0.0,"Rashid to Perera, no run  .googly to the well-set Perera, nudged into the covers",Rashid,Perera,0.0,0,0,1,1,0.0,0,,0
"17.2 
1 
Rashid to Perera, 1 run 
nurdled round the corner for the single",17.2,1,1.0,"Rashid to Perera, 1 run  .nurdled round the corner for the single",Rashid,Perera,1.0,0,0,1,1,1.0,0,,1
"17.3 
4 
Rashid to Hasaranga, FOUR runs 
picks the googly well, drops to one knee, and dumps it hard through long-on. Excellent 
hard hitting",17.3,4,4.0,"Rashid to Hasaranga, FOUR runs  .picks the googly well, drops to one knee, and dumps it hard through long-on. Excellent  .hard hitting",Rashid,Hasaranga,4.0,1,0,1,1,4.0,0,,1
"17.4 
1 
Rashid to Hasaranga, 1 run 
patted into the covers to rotate the strike, good smart batting",17.4,1,1.0,"Rashid to Hasaranga, 1 run  .patted into the covers to rotate the strike, good smart batting",Rashid,Hasaranga,1.0,0,0,1,1,1.0,0,,1
"17.5 
1 
Rashid to Perera, 1 run 
flogged across the line to deep square leg, another single to keep Sri Lanka ticking. A 
decent recovery so far",17.5,1,1.0,"Rashid to Perera, 1 run  .flogged across the line to deep square leg, another single to keep Sri Lanka ticking. A  .decent recovery so far",Rashid,Perera,1.0,0,0,1,1,1.0,0,,1
"17.6 
• 
Rashid to Hasaranga, no run 
tidy finish to the over, another googly, just back of a length, and dabbed with the turn to 
midwicket 
end of over 187 runs  
SL: 82/3CRR: 4.55  
Wanindu Hasaranga15 (33b 2x4) 
Kusal Perera47 (42b 6x4) 
Adil Rashid 2-0-9-0 
Mark Wood 4-0-10-0 
Curran's back, a change of ends",17.6,0,0.0,"Rashid to Hasaranga, no run  .tidy finish to the over, another googly, just back of a length, and dabbed with the turn to  .midwicket",Rashid,Hasaranga,0.0,0,0,1,1,0.0,0,,0
"18.1 
1 
Sam Curran to Perera, 1 run 
tight line, full length, flicked to the on-side",18.1,1,1.0,"Sam Curran to Perera, 1 run  .tight line, full length, flicked to the on-side",Sam Curran,Perera,1.0,0,0,1,1,1.0,0,,1
"18.2 
1 
Sam Curran to Hasaranga, 1 run 
round the wicket, just back of a length, poked out to point off the back foot",18.2,1,1.0,"Sam Curran to Hasaranga, 1 run  .round the wicket, just back of a length, poked out to point off the back foot",Sam Curran,Hasaranga,1.0,0,0,1,1,1.0,0,,1
"18.3 
• 
Sam Curran to Perera, no run 
nip from a full length, from over the wicket, that tucks Perera up as he hops back into 
his crease, wearing that on the fingers, and the physio is out to assess the damage 
Jamie Dow: ""Great discussion of Woakes. I recently heard Darren Gough making the 
case that Woakes was a good pick for tests overseas as well as at home. His overseas 
averages aren't wonderful. But Goughie had some explanation for why they didn't tell 
the whole story, and why Woakes is better overseas than those averages suggest. Sadly 
I can't now remember what that explanation was!"" Cool story bro! But yes, Gough was a 
help to Woakes in a brief stint as a bowling consultant on the New Zealand tour, in 
particular with the wobble seam",18.3,0,0.0,"Sam Curran to Perera, no run  .nip from a full length, from over the wicket, that tucks Perera up as he hops back into  .his crease, wearing that on the fingers, and the physio is out to assess the damage",Sam Curran,Perera,0.0,0,0,1,1,0.0,0,,0
"18.4 
1 
Sam Curran to Perera, 1 run 
hops into line, worked to the on-side",18.4,1,1.0,"Sam Curran to Perera, 1 run  .hops into line, worked to the on-side",Sam Curran,Perera,1.0,0,0,1,1,1.0,0,,1
"18.5 
• 
Sam Curran to Hasaranga, no run 
round the wicket again, nip away from the right-hander, on a full length, poked to point",18.5,0,0.0,"Sam Curran to Hasaranga, no run  .round the wicket again, nip away from the right-hander, on a full length, poked to point",Sam Curran,Hasaranga,0.0,0,0,1,1,0.0,0,,0
"18.6 
• 
Sam Curran to Hasaranga, no run 
banged in short, lifts past the upraised bat as Hasaranga opts out of an uppercut 
end of over 193 runs  
SL: 85/3CRR: 4.47  
Wanindu Hasaranga16 (36b 2x4) 
Kusal Perera49 (45b 6x4) 
Sam Curran 3-0-17-0 
Adil Rashid 2-0-9-0",18.6,0,0.0,"Sam Curran to Hasaranga, no run  .banged in short, lifts past the upraised bat as Hasaranga opts out of an uppercut",Sam Curran,Hasaranga,0.0,0,0,1,1,0.0,0,,0
"19.1 
1 
Rashid to Perera, 1 run 
onto the pads, tucked to the leg side, another fifty for the 
skipper/opener/keeper/anchor/impetus/everyman",19.1,1,1.0,"Rashid to Perera, 1 run  .onto the pads, tucked to the leg side, another fifty for the  .skipper/opener/keeper/anchor/impetus/everyman",Rashid,Perera,1.0,0,0,1,1,1.0,0,,1
"19.2 
6 
Rashid to Hasaranga, SIX runs 
clattered into the stands! Hasaranga drops to one knee for a sweet, sweet connection, 
high over cow corner! There's a check to make sure it cleared the rope, but the sound 
off the bat said it all!",19.2,6,6.0,"Rashid to Hasaranga, SIX runs  .clattered into the stands! Hasaranga drops to one knee for a sweet, sweet connection,  .high over cow corner! There's a check to make sure it cleared the rope, but the sound  .off the bat said it all!",Rashid,Hasaranga,6.0,0,1,1,1,6.0,0,,1
"19.3 
• 
Rashid to Hasaranga, no run 
full-length legbreak, zippy pace, chopped to gully",19.3,0,0.0,"Rashid to Hasaranga, no run  .full-length legbreak, zippy pace, chopped to gully",Rashid,Hasaranga,0.0,0,0,1,1,0.0,0,,0
"19.4 
1lb 
Rashid to Hasaranga, 1 leg bye 
fired into the pads on a flat line, nudged off the legs",19.4,1lb,1.0,"Rashid to Hasaranga, 1 leg bye  .fired into the pads on a flat line, nudged off the legs",Rashid,Hasaranga,0.0,0,0,1,1,0.0,0,,0
"19.5 
4 
Rashid to Perera, FOUR runs 
down on one knee, slog-swept very firmly out to deep midwicket, where Willey slides 
over the ball! Travelling quickly, but could have done better",19.5,4,4.0,"Rashid to Perera, FOUR runs  .down on one knee, slog-swept very firmly out to deep midwicket, where Willey slides  .over the ball! Travelling quickly, but could have done better",Rashid,Perera,4.0,1,0,1,1,4.0,0,,1
"19.6 
1 
Rashid to Perera, 1 run 
pressed to the on-side to complete a very useful over. 13 runs coming to dent Rashid's 
figures 
end of over 2013 runs  
SL: 98/3CRR: 4.90  
Kusal Perera55 (48b 7x4) 
Wanindu Hasaranga22 (39b 2x4 1x6) 
Adil Rashid 3-0-21-0 
Sam Curran 3-0-17-0",19.6,1,1.0,"Rashid to Perera, 1 run  .pressed to the on-side to complete a very useful over. 13 runs coming to dent Rashid's  .figures",Rashid,Perera,1.0,0,0,1,1,1.0,0,,1
"20.1 
• 
Sam Curran to Perera, no run 
clobbered on the bicep by Curran! He's not express, but he's getting some very 
awkward lift from a good length, and that's right on the fleshy part, scrambled seam 
biting the pitch and launching as Perera gets in a tangle",20.1,0,0.0,"Sam Curran to Perera, no run  .clobbered on the bicep by Curran! He's not express, but he's getting some very  .awkward lift from a good length, and that's right on the fleshy part, scrambled seam  .biting the pitch and launching as Perera gets in a tangle",Sam Curran,Perera,0.0,0,0,1,1,0.0,0,,0
"20.2 
• 
Sam Curran to Perera, no run 
zinger! Outside off, holding its line on a perfect length, and taking advantage of some 
tentative footwork to burst past the edge",20.2,0,0.0,"Sam Curran to Perera, no run  .zinger! Outside off, holding its line on a perfect length, and taking advantage of some  .tentative footwork to burst past the edge",Sam Curran,Perera,0.0,0,0,1,1,0.0,0,,0
"20.3 
• 
Sam Curran to Perera, no run 
dip and wobble on a beautiful length, Perera can't lay a bat on it as that squeaks past 
the top of off!",20.3,0,0.0,"Sam Curran to Perera, no run  .dip and wobble on a beautiful length, Perera can't lay a bat on it as that squeaks past  .the top of off!",Sam Curran,Perera,0.0,0,0,1,1,0.0,0,,0
"20.4 
• 
Sam Curran to Perera, no run 
firmly forward, head over the ball",20.4,0,0.0,"Sam Curran to Perera, no run  .firmly forward, head over the ball",Sam Curran,Perera,0.0,0,0,1,1,0.0,0,,0
"20.5 
1 
Sam Curran to Perera, 1 run 
big stride, punched into the covers for the single",20.5,1,1.0,"Sam Curran to Perera, 1 run  .big stride, punched into the covers for the single",Sam Curran,Perera,1.0,0,0,1,1,1.0,0,,1
"20.6 
• 
Sam Curran to Hasaranga, no run 
round the wicket, and poked with a full face into the covers. That's a fine over 
end of over 211 run  
SL: 99/3CRR: 4.71  
Wanindu Hasaranga22 (40b 2x4 1x6) 
Kusal Perera56 (53b 7x4) 
Sam Curran 4-0-18-0 
Adil Rashid 3-0-21-0",20.6,0,0.0,"Sam Curran to Hasaranga, no run  .round the wicket, and poked with a full face into the covers. That's a fine over",Sam Curran,Hasaranga,0.0,0,0,1,1,0.0,0,,0
"21.1 
• 
Rashid to Perera, no run 
Arthur Wellesley: "" I used to think Cricinfo ball-by-ball commentators were relentlessly 
typing away to keep up with play... but living with Matt Roller I've really seen how the 
sausage is made. Sitting next to Matt I see him flick between first Alan Partridge 
youtube videos looking for his next injection of banter into his comms and then his 
twitter page to count how many new followers he has!"" The secret's out now! But more 
to the point, so are the secrets of his living arrangements? Roller lodges with the Duke 
of Wellington? Explains a lot...",21.1,0,0.0,"Rashid to Perera, no run",Rashid,Perera,0.0,0,0,1,1,0.0,0,,0
"21.2 
• 
Rashid to Perera, no run 
tapped to the leg side",21.2,0,0.0,"Rashid to Perera, no run  .tapped to the leg side",Rashid,Perera,0.0,0,0,1,1,0.0,0,,0
"21.3 
1 
Rashid to Perera, 1 run 
nudged off the pads, out to square leg, up comes the 100",21.3,1,1.0,"Rashid to Perera, 1 run  .nudged off the pads, out to square leg, up comes the 100",Rashid,Perera,1.0,0,0,1,1,1.0,0,,1
"21.4 
1 
Rashid to Hasaranga, 1 run 
back of a length, poked to deep point",21.4,1,1.0,"Rashid to Hasaranga, 1 run  .back of a length, poked to deep point",Rashid,Hasaranga,1.0,0,0,1,1,1.0,0,,1
"21.5 
1 
Rashid to Perera, 1 run 
very full length, swept to deep midwicket",21.5,1,1.0,"Rashid to Perera, 1 run  .very full length, swept to deep midwicket",Rashid,Perera,1.0,0,0,1,1,1.0,0,,1
"21.6 
2 
Rashid to Hasaranga, 2 runs 
gloriously calculated loft down the ground... mid-off is up, so Hasaranga eases into a 
languid hoof towards the long-off rope. Doesn't time it, but the percentage play is top-
notch. Sri Lanka going very well now 
end of over 225 runs  
SL: 104/3CRR: 4.72  
Wanindu Hasaranga25 (42b 2x4 1x6) 
Kusal Perera58 (57b 7x4) 
Adil Rashid 4-0-26-0 
Sam Curran 4-0-18-0",21.6,2,2.0,"Rashid to Hasaranga, 2 runs  .gloriously calculated loft down the ground... mid-off is up, so Hasaranga eases into a  .languid hoof towards the long-off rope. Doesn't time it, but the percentage play is top- .notch. Sri Lanka going very well now",Rashid,Hasaranga,2.0,0,0,1,1,2.0,0,,1
"22.1 
1 
Sam Curran to Perera, 1 run 
nibbled to the on-side, another single to the cause",22.1,1,1.0,"Sam Curran to Perera, 1 run  .nibbled to the on-side, another single to the cause",Sam Curran,Perera,1.0,0,0,1,1,1.0,0,,1
"22.2 
2 
Sam Curran to Hasaranga, 2 runs 
back of a length, flipped to square leg as Curran spears it in from round the wicket 
Prithwiraj: ""Nobody is talking about it, but its been a good partnership from Srilanka"" No-
one wants to ruin the moment. But yes, it's been impressive and mature",22.2,2,2.0,"Sam Curran to Hasaranga, 2 runs  .back of a length, flipped to square leg as Curran spears it in from round the wicket",Sam Curran,Hasaranga,2.0,0,0,1,1,2.0,0,,1
"22.3 
1 
Sam Curran to Hasaranga, 1 run 
worked with the angle off the hips once again",22.3,1,1.0,"Sam Curran to Hasaranga, 1 run  .worked with the angle off the hips once again",Sam Curran,Hasaranga,1.0,0,0,1,1,1.0,0,,1
"22.4 
1 
Sam Curran to Perera, 1 run 
back over the wicket, targetting the left-hander's stumps, nudged to the leg side as he 
pushes the ball a touch too straight",22.4,1,1.0,"Sam Curran to Perera, 1 run  .back over the wicket, targetting the left-hander's stumps, nudged to the leg side as he  .pushes the ball a touch too straight",Sam Curran,Perera,1.0,0,0,1,1,1.0,0,,1
"22.5 
• 
Sam Curran to Hasaranga, no run 
zip and bounce, this one explodes away from the right-hander, sticking to over the 
wicket to mix up the angles",22.5,0,0.0,"Sam Curran to Hasaranga, no run  .zip and bounce, this one explodes away from the right-hander, sticking to over the  .wicket to mix up the angles",Sam Curran,Hasaranga,0.0,0,0,1,1,0.0,0,,0
"22.6 
• 
Sam Curran to Hasaranga, no run 
up on the toes, jabbed down to backward point 
Frase: ""That ball seemed to hit right on one of the strange lines on the pitch. Any info on 
why the pitch is stripy? Seems odd."" Very intense mowing, I suspect 
end of over 235 runs  
SL: 109/3CRR: 4.73  
Wanindu Hasaranga28 (46b 2x4 1x6) 
Kusal Perera60 (59b 7x4) 
Sam Curran 5-0-23-0 
Adil Rashid 4-0-26-0",22.6,0,0.0,"Sam Curran to Hasaranga, no run  .up on the toes, jabbed down to backward point",Sam Curran,Hasaranga,0.0,0,0,1,1,0.0,0,,0
"23.1 
1 
Rashid to Perera, 1 run 
down on one knee, slog-swept to deep midwicket",23.1,1,1.0,"Rashid to Perera, 1 run  .down on one knee, slog-swept to deep midwicket",Rashid,Perera,1.0,0,0,1,1,1.0,0,,1
"23.2 
1 
Rashid to Hasaranga, 1 run 
opens the face on the back foot, pressed to deep point",23.2,1,1.0,"Rashid to Hasaranga, 1 run  .opens the face on the back foot, pressed to deep point",Rashid,Hasaranga,1.0,0,0,1,1,1.0,0,,1
"23.3 
1 
Rashid to Perera, 1 run 
gliding into a back-cut, using the width outside off to pick off the single to deep point",23.3,1,1.0,"Rashid to Perera, 1 run  .gliding into a back-cut, using the width outside off to pick off the single to deep point",Rashid,Perera,1.0,0,0,1,1,1.0,0,,1
"23.4 
1 
Rashid to Hasaranga, 1 run 
stops in the pitch on middle and leg, poked in the air back past Rashid in his 
followthrough",23.4,1,1.0,"Rashid to Hasaranga, 1 run  .stops in the pitch on middle and leg, poked in the air back past Rashid in his  .followthrough",Rashid,Hasaranga,1.0,0,0,1,1,1.0,0,,1
"23.5 
1 
Rashid to Perera, 1 run 
tapped to the leg side",23.5,1,1.0,"Rashid to Perera, 1 run  .tapped to the leg side",Rashid,Perera,1.0,0,0,1,1,1.0,0,,1
"23.6 
1 
Rashid to Hasaranga, 1 run 
swished out to the leg side 
Karl: ""I have followed Hasaranga in recent times and I think he is one for the future.."" 
Completely agree. Looks a realistic heir to Murali and Herath, and he can bat better than 
either 
end of over 246 runs  
SL: 115/3CRR: 4.79  
Wanindu Hasaranga31 (49b 2x4 1x6) 
Kusal Perera63 (62b 7x4) 
Adil Rashid 5-0-32-0 
Sam Curran 5-0-23-0",23.6,1,1.0,"Rashid to Hasaranga, 1 run  .swished out to the leg side",Rashid,Hasaranga,1.0,0,0,1,1,1.0,0,,1
"24.1 
1 
Sam Curran to Hasaranga, 1 run 
worked off the legs to the on side, another single to keep things ticking",24.1,1,1.0,"Sam Curran to Hasaranga, 1 run  .worked off the legs to the on side, another single to keep things ticking",Sam Curran,Hasaranga,1.0,0,0,1,1,1.0,0,,1
"24.2 
1 
Sam Curran to Perera, 1 run 
whipped to the on-side, and another single to the cause",24.2,1,1.0,"Sam Curran to Perera, 1 run  .whipped to the on-side, and another single to the cause",Sam Curran,Perera,1.0,0,0,1,1,1.0,0,,1
"24.3 
4 
Sam Curran to Hasaranga, FOUR runs 
cracked off the front foot! That's a tremendous authoritative strike, a punch off a good 
length, a hint of width to free the arms, but the bounce is true and so is the shot",24.3,4,4.0,"Sam Curran to Hasaranga, FOUR runs  .cracked off the front foot! That's a tremendous authoritative strike, a punch off a good  .length, a hint of width to free the arms, but the bounce is true and so is the shot",Sam Curran,Hasaranga,4.0,1,0,1,1,4.0,0,,1
"24.4 
1 
Sam Curran to Hasaranga, 1 run 
tucked off the hips to midwicket 
Mark: ""Is the feeling that the final total depends on this partnership in the sense that, if it 
is broken, there is not too much more to come? "" In all honesty, I know so little about the 
new line-up that I can't say for sure! But heard good things about Lakshan's levers",24.4,1,1.0,"Sam Curran to Hasaranga, 1 run  .tucked off the hips to midwicket",Sam Curran,Hasaranga,1.0,0,0,1,1,1.0,0,,1
"24.5 
• 
Sam Curran to Perera, no run 
pops from a good length once more, Curran's finding awkward lift at times on off stump",24.5,0,0.0,"Sam Curran to Perera, no run  .pops from a good length once more, Curran's finding awkward lift at times on off stump",Sam Curran,Perera,0.0,0,0,1,1,0.0,0,,0
"24.6 
1 
Sam Curran to Perera, 1 run 
flicked off the legs for another single. The partnership continues to grow 
shanith: ""Still don't think Hasaranga can be a frontline Test bowler with his style of 
legspin, but as a LOI player he'll undoubtedly go to the very top"" Possibly not, but as an 
allrounder he has definite potential to balance a side 
end of over 258 runs  
SL: 123/3CRR: 4.92  
Kusal Perera65 (65b 7x4) 
Wanindu Hasaranga37 (52b 3x4 1x6) 
Sam Curran 6-0-31-0 
Adil Rashid 5-0-32-0",24.6,1,1.0,"Sam Curran to Perera, 1 run  .flicked off the legs for another single. The partnership continues to grow",Sam Curran,Perera,1.0,0,0,1,1,1.0,0,,1
"25.1 
1 
Rashid to Perera, 1 run 
flicked off the legs for another single, as a dog trots onto the outfield",25.1,1,1.0,"Rashid to Perera, 1 run  .flicked off the legs for another single, as a dog trots onto the outfield",Rashid,Perera,1.0,0,0,1,1,1.0,0,,1
"25.2 
4 
Rashid to Hasaranga, FOUR runs 
tossed up above the eyeline, and lamped through the line! Straight as you like, over the 
bowler's head and away to the rope. He's taken full toll of Rashid today",25.2,4,4.0,"Rashid to Hasaranga, FOUR runs  .tossed up above the eyeline, and lamped through the line! Straight as you like, over the  .bowler's head and away to the rope. He's taken full toll of Rashid today",Rashid,Hasaranga,4.0,1,0,1,1,4.0,0,,1
"25.3 
• 
Rashid to Hasaranga, no run 
chopped off the back foot out to cover",25.3,0,0.0,"Rashid to Hasaranga, no run  .chopped off the back foot out to cover",Rashid,Hasaranga,0.0,0,0,1,1,0.0,0,,0
"25.4 
4 
Rashid to Hasaranga, FOUR runs 
c-r-u-n-c-h-e-d through the covers! That's exceptional hitting, a touch inside-out, 
seizing on the tossed-up delivery, waiting for it to dip into his arc. Thump",25.4,4,4.0,"Rashid to Hasaranga, FOUR runs  .c-r-u-n-c-h-e-d through the covers! That's exceptional hitting, a touch inside-out,  .seizing on the tossed-up delivery, waiting for it to dip into his arc. Thump",Rashid,Hasaranga,4.0,1,0,1,1,4.0,0,,1
"25.5 
4 
Rashid to Hasaranga, FOUR runs 
pumped to the ropes once more! The elevated route over the covers this time, up and 
under on a good length... 'That's close, Dilly..."" says Bairstow. Close to what, I'm not 
sure...",25.5,4,4.0,"Rashid to Hasaranga, FOUR runs  .pumped to the ropes once more! The elevated route over the covers this time, up and",Rashid,Hasaranga,4.0,1,0,1,1,4.0,0,,1
"25.6 
• 
Rashid to Hasaranga, no run 
googly, zips into the pads but turning down as Hasaranga closes his bat on it in the nick 
of time 
John: ""I think it's fair to say that the pitch might be stripy, but it's a good one."" Yes. I 
think 300 might be needed here 
end of over 2613 runs  
SL: 136/3CRR: 5.23  
Wanindu Hasaranga49 (57b 6x4 1x6) 
Kusal Perera66 (66b 7x4) 
Adil Rashid 6-0-45-0 
Sam Curran 6-0-31-0",25.6,0,0.0,"Rashid to Hasaranga, no run  .googly, zips into the pads but turning down as Hasaranga closes his bat on it in the nick  .of time",Rashid,Hasaranga,0.0,0,0,1,1,0.0,0,,0
"26.1 
• 
Woakes to Perera, no run 
on the back foot, pressed back down the pitch",26.1,0,0.0,"Woakes to Perera, no run  .on the back foot, pressed back down the pitch",Woakes,Perera,0.0,0,0,1,1,0.0,0,,0
"26.2 
1lb 
Woakes to Perera, 1 leg bye 
worked around the pads to the on-side, Woakes ploughing a tight furrow 
Neil Siriwardan: ""Will Hasaranga do a Steve Smith?? Leg spinner to a top order 
batsman?"" Sri Lanka will settle for that!",26.2,1lb,1.0,"Woakes to Perera, 1 leg bye  .worked around the pads to the on-side, Woakes ploughing a tight furrow",Woakes,Perera,0.0,0,0,1,1,0.0,0,,0
"26.3 
1 
Woakes to Hasaranga, 1 run 
tapped into the covers, and this time it is Hasaranga's fifty ... excellent effort in his 
promotion",26.3,1,1.0,"Woakes to Hasaranga, 1 run  .tapped into the covers, and this time it is Hasaranga's fifty ... excellent effort in his  .promotion",Woakes,Hasaranga,1.0,0,0,1,1,1.0,0,,1
"26.4 
• 
Woakes to Perera, no run 
squeezed off a tight line and good length, down into the crease",26.4,0,0.0,"Woakes to Perera, no run  .squeezed off a tight line and good length, down into the crease",Woakes,Perera,0.0,0,0,1,1,0.0,0,,0
"26.5 
• 
Woakes to Perera, no run 
slower ball, back of a length, pushed across the left-hander. Blocked",26.5,0,0.0,"Woakes to Perera, no run  .slower ball, back of a length, pushed across the left-hander. Blocked",Woakes,Perera,0.0,0,0,1,1,0.0,0,,0
"26.6 
• 
Woakes to Perera, no run 
clattered into the covers, fine strike but straight at the fielder 
end of over 272 runs  
SL: 138/3CRR: 5.11  
Kusal Perera66 (71b 7x4) 
Wanindu Hasaranga50 (58b 6x4 1x6) 
Chris Woakes 6-4-7-2 
Adil Rashid 6-0-45-0 
Now then, what's Morgan's move? Rashid has been oddly expensive today. Still no 
Moeen, it's going to be Willey for another burst",26.6,0,0.0,"Woakes to Perera, no run  .clattered into the covers, fine strike but straight at the fielder",Woakes,Perera,0.0,0,0,1,1,0.0,0,,0
"27.1 
1 
Willey to Hasaranga, 1 run 
pressed to deep cover, another single 
Jude: ""What's Hasaranga's score? Seem to be missing a run or a run too many. "" We'd 
mis-allocated a leg bye, hence the confusion. Resolved now",27.1,1,1.0,"Willey to Hasaranga, 1 run  .pressed to deep cover, another single",Willey,Hasaranga,1.0,0,0,1,1,1.0,0,,1
"27.2 
1 
Willey to Perera, 1 run 
banged in short, Perera does well to keep his pull down, out to deep midwicket",27.2,1,1.0,"Willey to Perera, 1 run  .banged in short, Perera does well to keep his pull down, out to deep midwicket",Willey,Perera,1.0,0,0,1,1,1.0,0,,1
"27.3 
• 
Willey to Hasaranga, no run 
back of a length, very tight line, solid in defence on the back foot 
Sujith R: ""Woakes figures just insulting the other bowlers"" Yes, very rude",27.3,0,0.0,"Willey to Hasaranga, no run  .back of a length, very tight line, solid in defence on the back foot",Willey,Hasaranga,0.0,0,0,1,1,0.0,0,,0
"27.4 
1 
Willey to Hasaranga, 1 run 
runs the single down to third man with a hop back onto the stumps 
Arun: ""@Neil Siriwardan I don't think Hasaranga is gonna do a Smith because Smith's 
bowling was pretty average while Hasaranga has a hat-trick on debut. I guess I'd settle 
for someone like Kallis"" Who wouldn't settle for the best allrounder of modern times!",27.4,1,1.0,"Willey to Hasaranga, 1 run  .runs the single down to third man with a hop back onto the stumps",Willey,Hasaranga,1.0,0,0,1,1,1.0,0,,1
"27.5 
1 
Willey to Perera, 1 run 
flat pull, doesn't get up much from back of a length, deep backward square tidies up",27.5,1,1.0,"Willey to Perera, 1 run  .flat pull, doesn't get up much from back of a length, deep backward square tidies up",Willey,Perera,1.0,0,0,1,1,1.0,0,,1
"27.6 
1 
Willey to Hasaranga, 1 run 
flicked to the on-side, another single. Good measured batting from Sri Lanka 
end of over 285 runs  
SL: 143/3CRR: 5.10  
Wanindu Hasaranga53 (62b 6x4 1x6) 
Kusal Perera68 (73b 7x4) 
David Willey 6-0-41-1 
Chris Woakes 6-4-7-2",27.6,1,1.0,"Willey to Hasaranga, 1 run  .flicked to the on-side, another single. Good measured batting from Sri Lanka",Willey,Hasaranga,1.0,0,0,1,1,1.0,0,,1
"28.1 
1 
Woakes to Hasaranga, 1 run 
back of a length, tight line, punched with a high elbow to extra cover",28.1,1,1.0,"Woakes to Hasaranga, 1 run  .back of a length, tight line, punched with a high elbow to extra cover",Woakes,Hasaranga,1.0,0,0,1,1,1.0,0,,1
"28.2 
1 
Woakes to Perera, 1 run 
slower ball, tight line again, a bit of confusion as they ponder the second to midwicket 
and think better of it",28.2,1,1.0,"Woakes to Perera, 1 run  .slower ball, tight line again, a bit of confusion as they ponder the second to midwicket  .and think better of it",Woakes,Perera,1.0,0,0,1,1,1.0,0,,1
"28.3 
• 
Woakes to Hasaranga, no run 
probing the top of off, a fine delivery in any format. Jabbed to the off side with a hurried 
adjustment",28.3,0,0.0,"Woakes to Hasaranga, no run  .probing the top of off, a fine delivery in any format. Jabbed to the off side with a hurried  .adjustment",Woakes,Hasaranga,0.0,0,0,1,1,0.0,0,,0
"28.4 
W 
Woakes to Hasaranga, OUT 
the short ball does it again for Woakes! Hasaranga takes it on, but the boundary is huge 
and he can't get hold of it, or keep it down. Livingstone sprints in from deep midwicket 
and scoops up another fine outfield catch, he took a similar one in the T20Is, and there 
ends a valiant innings 
Wanindu Hasaranga c Livingstone b Woakes 54 (65b 6x4 1x6 91m) SR: 83.07 
Jabba: ""'The best allrounder of modern times?' I didn't hear anyone mention Darren 
Stevens' name!"" Darren Stevens is the best of ancient times, keep up!",28.4,W,0.0,"Woakes to Hasaranga, OUT  .the short ball does it again for Woakes! Hasaranga takes it on, but the boundary is huge  .and he can't get hold of it, or keep it down. Livingstone sprints in from deep midwicket  .and scoops up another fine outfield catch, he took a similar one in the T20Is, and there  .ends a valiant innings  .Wanindu Hasaranga c Livingstone b Woakes 54 (65b 6x4 1x6 91m) SR: 83.07",Woakes,Hasaranga,0.0,0,0,1,1,0.0,1,c Livingstone b Woakes,0
"28.5 
1 
Woakes to Lakshan, 1 run 
nurdled off the legs, full length, attacking line, flicked to fine leg",28.5,1,1.0,"Woakes to Lakshan, 1 run  .nurdled off the legs, full length, attacking line, flicked to fine leg",Woakes,Lakshan,1.0,0,0,1,1,1.0,0,,1
"28.6 
1 
Woakes to Perera, 1 run 
inside-edge, into the leg side 
end of over 294 runs • 1 wicket 
SL: 147/4CRR: 5.06  
Kusal Perera70 (75b 7x4) 
Dhananjaya Lakshan1 (1b) 
Chris Woakes 7-4-11-3 
David Willey 6-0-41-1 
Right, now it's time for Moeen. Better late than never",28.6,1,1.0,"Woakes to Perera, 1 run  .inside-edge, into the leg side",Woakes,Perera,1.0,0,0,1,1,1.0,0,,1
"29.1 
1 
Moeen Ali to Perera, 1 run 
on the back foot, punched to deep cover",29.1,1,1.0,"Moeen Ali to Perera, 1 run  .on the back foot, punched to deep cover",Moeen Ali,Perera,1.0,0,0,1,1,1.0,0,,1
"29.2 
• 
Moeen Ali to Lakshan, no run 
drawn onto the front foot, and blocked back down the ground",29.2,0,0.0,"Moeen Ali to Lakshan, no run  .drawn onto the front foot, and blocked back down the ground",Moeen Ali,Lakshan,0.0,0,0,1,1,0.0,0,,0
"29.3 
• 
Moeen Ali to Lakshan, no run 
hurried into a defensive block, fuller and faster from Moeen, tight line again",29.3,0,0.0,"Moeen Ali to Lakshan, no run  .hurried into a defensive block, fuller and faster from Moeen, tight line again",Moeen Ali,Lakshan,0.0,0,0,1,1,0.0,0,,0
"29.4 
• 
Moeen Ali to Lakshan, no run 
onto the front foot to defend, slip in business for the round-the-wicket line",29.4,0,0.0,"Moeen Ali to Lakshan, no run  .onto the front foot to defend, slip in business for the round-the-wicket line",Moeen Ali,Lakshan,0.0,0,0,1,1,0.0,0,,0
"29.5 
• 
Moeen Ali to Lakshan, no run 
solid line and length, no liberties taken there",29.5,0,0.0,"Moeen Ali to Lakshan, no run  .solid line and length, no liberties taken there",Moeen Ali,Lakshan,0.0,0,0,1,1,0.0,0,,0
"29.6 
1 
Moeen Ali to Lakshan, 1 run 
down on one knee for the sweep off another good length. Tight and brisk first over 
Tony Black: """"Rashid oddly expensive? He is regularly expensive. Not really worth his 
place these days."""" Really Tony? As your email rightly declares. Appalling takes like this 
are why an opinion tax would be a good idea... 
end of over 302 runs  
SL: 149/4CRR: 4.96  
Dhananjaya Lakshan2 (6b) 
Kusal Perera71 (76b 7x4) 
Moeen Ali 1-0-2-0 
Chris Woakes 7-4-11-3",29.6,1,1.0,"Moeen Ali to Lakshan, 1 run  .down on one knee for the sweep off another good length. Tight and brisk first over",Moeen Ali,Lakshan,1.0,0,0,1,1,1.0,0,,1
"30.1 
• 
Woakes to Lakshan, no run 
line and length to the left-hander, as you'd expect",30.1,0,0.0,"Woakes to Lakshan, no run  .line and length to the left-hander, as you'd expect",Woakes,Lakshan,0.0,0,0,1,1,0.0,0,,0
"30.2 
• 
Woakes to Lakshan, no run 
back of a length, outside off, pressed into the covers",30.2,0,0.0,"Woakes to Lakshan, no run  .back of a length, outside off, pressed into the covers",Woakes,Lakshan,0.0,0,0,1,1,0.0,0,,0
"30.3 
W 
Woakes to Lakshan, OUT 
sharp take at a solitary slip! That's brilliant from Root, but also from Woakes, pushing it 
across the left-hander, perfect seam position punishing the hard-handed punch, and the 
150-cap man springs into action, diving to his left to snaffle Woakes' fourth of the 
innings! 
Dhananjaya Lakshan c Root b Woakes 2 (9b 0x4 0x6 8m) SR: 22.22 
Matt Roller, meanwhile, has been crunching the skipper's numbers. ""KJP has shifted 
down a couple of gears: 36 off his first 17 balls, 35 off his next 61"". He needs to go long",30.3,W,0.0,"Woakes to Lakshan, OUT  .sharp take at a solitary slip! That's brilliant from Root, but also from Woakes, pushing it  .across the left-hander, perfect seam position punishing the hard-handed punch, and the  .150-cap man springs into action, diving to his left to snaffle Woakes' fourth of the  .innings!  .Dhananjaya Lakshan c Root b Woakes 2 (9b 0x4 0x6 8m) SR: 22.22",Woakes,Lakshan,0.0,0,0,1,1,0.0,1,c Root b Woakes,0
"30.4 
• 
Woakes to Ramesh Mendis, no run 
battered outside the line, on a full length again",30.4,0,0.0,"Woakes to Ramesh Mendis, no run  .battered outside the line, on a full length again",Woakes,Ramesh Mendis,0.0,0,0,1,1,0.0,0,,0
"30.5 
• 
Woakes to Ramesh Mendis, no run 
pressed into the off side, solid areas 
Alan Gardner has the killer stat: ""Woakes draws level with Jimmy A with most 4+ hauls 
for England.""",30.5,0,0.0,"Woakes to Ramesh Mendis, no run  .pressed into the off side, solid areas",Woakes,Ramesh Mendis,0.0,0,0,1,1,0.0,0,,0
"30.6 
• 
Woakes to Ramesh Mendis, no run 
drawn onto the front foot, tight wicket-to-wicket line. Defended 
end of over 31Wicket maiden 
SL: 149/5CRR: 4.80  
Ramesh Mendis0 (3b) 
Kusal Perera71 (76b 7x4) 
Chris Woakes 8-5-11-4 
Moeen Ali 1-0-2-0",30.6,0,0.0,"Woakes to Ramesh Mendis, no run  .drawn onto the front foot, tight wicket-to-wicket line. Defended",Woakes,Ramesh Mendis,0.0,0,0,1,1,0.0,0,,0
"31.1 
• 
Moeen Ali to Perera, no run 
flicked to the on-side, another single to the cause",31.1,0,0.0,"Moeen Ali to Perera, no run  .flicked to the on-side, another single to the cause",Moeen Ali,Perera,0.0,0,0,1,1,0.0,0,,0
"31.2 
1 
Moeen Ali to Perera, 1 run 
high elbow, eased to long-off",31.2,1,1.0,"Moeen Ali to Perera, 1 run  .high elbow, eased to long-off",Moeen Ali,Perera,1.0,0,0,1,1,1.0,0,,1
"31.3 
1 
Moeen Ali to Ramesh Mendis, 1 run 
whipped off the toes, to wide long-on 
Ilanin: ""...have to say, I thought Morgan would have taken Woakes off now he'd got the 
breakthrough, but then I already knew Morgan was better at bowling changes than I 
am."" He loves to go for the kill when there's an opportunity. Bowled all four seamers in 
16 overs in the last T20I",31.3,1,1.0,"Moeen Ali to Ramesh Mendis, 1 run  .whipped off the toes, to wide long-on",Moeen Ali,Ramesh Mendis,1.0,0,0,1,1,1.0,0,,1
"31.4 
1 
Moeen Ali to Perera, 1 run 
chopped out to the covers, rocking back on the cut",31.4,1,1.0,"Moeen Ali to Perera, 1 run  .chopped out to the covers, rocking back on the cut",Moeen Ali,Perera,1.0,0,0,1,1,1.0,0,,1
"31.5 
W 
Moeen Ali to Ramesh Mendis, OUT 
crashed on the pad... a huge pause for thought and Robinson puts up the finger! 
Mendis reviews... there's no bat as the ball tweaks into a planted front pad, and it's 
clipping leg! Unlucky, had it been not out on the field it would have stayed not out. But 
England are deep into their day's work now 
Ramesh Mendis lbw b Ali 1 (5b 0x4 0x6 7m) SR: 20",31.5,W,0.0,"Moeen Ali to Ramesh Mendis, OUT  .crashed on the pad... a huge pause for thought and Robinson puts up the finger!  .Mendis reviews... there's no bat as the ball tweaks into a planted front pad, and it's  .clipping leg! Unlucky, had it been not out on the field it would have stayed not out. But  .England are deep into their day's work now  .Ramesh Mendis lbw b Ali 1 (5b 0x4 0x6 7m) SR: 20",Moeen Ali,Ramesh Mendis,0.0,0,0,1,1,0.0,1,lbw b Ali,0
"31.6 
• 
Moeen Ali to C Karunaratne, no run 
tight line, outside off, solid block in defence 
Chris: ""Embarrassing performance with the exception of the two international quality 
players. If their younger players clearly aren't good enough why not stick with 
Chandimal, Mathews, Thisara, Karunaratne etc to gave them game time pre t20 World 
cup."" Actually, I think it's been the opposite of embarrassing so far. Real heart in the one 
big stand. Still a chance of a defendable total 
end of over 323 runs • 1 wicket 
SL: 152/6CRR: 4.75  
Chamika Karunaratne0 (1b) 
Kusal Perera73 (79b 7x4) 
Moeen Ali 2-0-5-1 
Chris Woakes 8-5-11-4",31.6,0,0.0,"Moeen Ali to C Karunaratne, no run  .tight line, outside off, solid block in defence",Moeen Ali,C Karunaratne,0.0,0,0,1,1,0.0,0,,0
"32.1 
• 
Willey to Perera, no run 
on the back foot, punched through the line",32.1,0,0.0,"Willey to Perera, no run  .on the back foot, punched through the line",Willey,Perera,0.0,0,0,1,1,0.0,0,,0
"32.2 
W 
Willey to Perera, OUT 
huge heave across the line, and Billings pockets the pull! It's a long old boundary, and 
the man is stationed right back on the rope. Perera's valiant effort is over, and now 
England will be sensing a quick kill 
Kusal Perera c Billings b Willey 73 (81b 7x4 0x6 150m) SR: 90.12",32.2,W,0.0,"Willey to Perera, OUT  .huge heave across the line, and Billings pockets the pull! It's a long old boundary, and  .the man is stationed right back on the rope. Perera's valiant effort is over, and now  .England will be sensing a quick kill  .Kusal Perera c Billings b Willey 73 (81b 7x4 0x6 150m) SR: 90.12",Willey,Perera,0.0,0,0,1,1,0.0,1,c Billings b Willey,0
"32.3 
1 
Willey to C Karunaratne, 1 run 
tucked to the on-side, had Moeen gathered cleanly that would have been tight!",32.3,1,1.0,"Willey to C Karunaratne, 1 run  .tucked to the on-side, had Moeen gathered cleanly that would have been tight!",Willey,C Karunaratne,1.0,0,0,1,1,1.0,0,,1
"32.4 
• 
Willey to Fernando, no run 
banged in short, over the shoulder 
Joshua: ""Now with Kusal Perera's wicket, can we call it ""embarrassing"" ? :)"" If you 
must... I still maintain, I have rarely known expectations so low before a match, and they 
have been exceeded already!",32.4,0,0.0,"Willey to Fernando, no run  .banged in short, over the shoulder",Willey,Fernando,0.0,0,0,1,1,0.0,0,,0
"32.5 
• 
Willey to Fernando, no run 
head over the ball in defence on the front foot",32.5,0,0.0,"Willey to Fernando, no run  .head over the ball in defence on the front foot",Willey,Fernando,0.0,0,0,1,1,0.0,0,,0
"32.6 
• 
Willey to Fernando, no run 
back of a length, jabbed down into the crease 
Peter: ""About that ""Chance of a defendable total"""" Yeah, yeah ... it's liable to be a turkey 
shoot from hereon in! Talking of which ... here's Mark Wood 
end of over 331 run • 1 wicket 
SL: 153/7CRR: 4.63  
Binura Fernando0 (3b) 
Chamika Karunaratne1 (2b) 
David Willey 7-0-42-2 
Moeen Ali 2-0-5-1 
Lone slip in place",32.6,0,0.0,"Willey to Fernando, no run  .back of a length, jabbed down into the crease",Willey,Fernando,0.0,0,0,1,1,0.0,0,,0
"33.1 
1 
Wood to C Karunaratne, 1 run 
pushed from a full length into the covers, to the off-side sweeper. 88mph first up",33.1,1,1.0,"Wood to C Karunaratne, 1 run  .pushed from a full length into the covers, to the off-side sweeper. 88mph first up",Wood,C Karunaratne,1.0,0,0,1,1,1.0,0,,1
"33.2 
1 
Wood to Fernando, 1 run 
another high-elbowed jab out to cover, well picked up on the run by Morgan, and the shy 
is close too",33.2,1,1.0,"Wood to Fernando, 1 run  .another high-elbowed jab out to cover, well picked up on the run by Morgan, and the shy  .is close too",Wood,Fernando,1.0,0,0,1,1,1.0,0,,1
"33.3 
1w 
Wood to C Karunaratne, 1 wide 
fired down the leg side at 91mph, half an appeal, close to the glove as Robinson 
eventually signals wide, after trying not to give the game away for a possible review!",33.3,1w,1.0,"Wood to C Karunaratne, 1 wide  .fired down the leg side at 91mph, half an appeal, close to the glove as Robinson  .eventually signals wide, after trying not to give the game away for a possible review!",Wood,C Karunaratne,0.0,0,0,0,0,1.0,0,,1
"33.3 
• 
Wood to C Karunaratne, no run 
more sharp pace on a better line this time",33.3,0,0.0,"Wood to C Karunaratne, no run  .more sharp pace on a better line this time",Wood,C Karunaratne,0.0,0,0,1,1,0.0,0,,0
"33.4 
• 
Wood to C Karunaratne, no run 
sizzling speed on a good length... Clocked at 91mph again, as Karunaratne plays his 
drive about five yards too late",33.4,0,0.0,"Wood to C Karunaratne, no run  .sizzling speed on a good length... Clocked at 91mph again, as Karunaratne plays his  .drive about five yards too late",Wood,C Karunaratne,0.0,0,0,1,1,0.0,0,,0
"33.5 
• 
Wood to C Karunaratne, no run 
hustled on a fuller length, pressed to the on-side 
Adam hamdule: ""Look like Eng is trying to complete this match early so they can enjoy 
Eng vs Germany"" I suspect you are onto something",33.5,0,0.0,"Wood to C Karunaratne, no run  .hustled on a fuller length, pressed to the on-side",Wood,C Karunaratne,0.0,0,0,1,1,0.0,0,,0
"33.6 
1 
Wood to C Karunaratne, 1 run 
utter chaos all round! It culminates in a direct-hit for the run-out appeal, but only after 
Bairstow had fumbled a clear-cut opportunity with both batters at the same end! He 
makes it home by a whisker! Fernando ran three full runs to his team-mate's one 
end of over 344 runs  
SL: 157/7CRR: 4.61  
Chamika Karunaratne3 (7b) 
Binura Fernando1 (4b) 
Mark Wood 5-0-14-0 
David Willey 7-0-42-2",33.6,1,1.0,"Wood to C Karunaratne, 1 run  .utter chaos all round! It culminates in a direct-hit for the run-out appeal, but only after  .Bairstow had fumbled a clear-cut opportunity with both batters at the same end! He  .makes it home by a whisker! Fernando ran three full runs to his team-mate's one",Wood,C Karunaratne,1.0,0,0,1,1,1.0,0,,1
"34.1 
• 
Willey to C Karunaratne, no run 
pop from a good length as Willey comes round the wicket, rattled on the splice",34.1,0,0.0,"Willey to C Karunaratne, no run  .pop from a good length as Willey comes round the wicket, rattled on the splice",Willey,C Karunaratne,0.0,0,0,1,1,0.0,0,,0
"34.2 
• 
Willey to C Karunaratne, no run 
jammed into the covers, and another chaotic piece of running! No idea of who is calling, 
when or where. For future reference, Billings prowling at backward point tends to be a 
""hell no!""",34.2,0,0.0,"Willey to C Karunaratne, no run  .jammed into the covers, and another chaotic piece of running! No idea of who is calling,  .when or where. For future reference, Billings prowling at backward point tends to be a",Willey,C Karunaratne,0.0,0,0,1,1,0.0,0,,0
"34.3 
• 
Willey to C Karunaratne, no run 
stabbed into the off side",34.3,0,0.0,"Willey to C Karunaratne, no run  .stabbed into the off side",Willey,C Karunaratne,0.0,0,0,1,1,0.0,0,,0
"34.4 
• 
Willey to C Karunaratne, no run 
curl into the legs as Willey comes over the wicket with his inswinging line",34.4,0,0.0,"Willey to C Karunaratne, no run  .curl into the legs as Willey comes over the wicket with his inswinging line",Willey,C Karunaratne,0.0,0,0,1,1,0.0,0,,0
"34.5 
• 
Willey to C Karunaratne, no run 
blocked from under the eyeline into the covers... I swear I heard a ""run, big lad, run!"" 
from an England fielder, capitalising on the headless chicken-ness going on out there",34.5,0,0.0,"Willey to C Karunaratne, no run",Willey,C Karunaratne,0.0,0,0,1,1,0.0,0,,0
"34.6 
1 
Willey to C Karunaratne, 1 run 
nudged into the gap, and a comfortable single! A thing of beauty 
end of over 351 run  
SL: 158/7CRR: 4.51  
Chamika Karunaratne4 (13b) 
Binura Fernando1 (4b) 
David Willey 8-0-43-2 
Mark Wood 5-0-14-0",34.6,1,1.0,"Willey to C Karunaratne, 1 run  .nudged into the gap, and a comfortable single! A thing of beauty",Willey,C Karunaratne,1.0,0,0,1,1,1.0,0,,1
"35.1 
1 
Wood to C Karunaratne, 1 run 
poked off the hips to the leg side",35.1,1,1.0,"Wood to C Karunaratne, 1 run  .poked off the hips to the leg side",Wood,C Karunaratne,1.0,0,0,1,1,1.0,0,,1
"35.2 
• 
Wood to Fernando, no run 
wafty outside off, can't connect 
James: ""Who says only Windies and England play an interesting brand of cricket? Look 
out the Lankan guys making the game interesting with their comically unique inept play 
here"" It's entertainment for sure!",35.2,0,0.0,"Wood to Fernando, no run  .wafty outside off, can't connect",Wood,Fernando,0.0,0,0,1,1,0.0,0,,0
"35.3 
1 
Wood to Fernando, 1 run 
tight line into the legs, stabbed down off the hip, 89mph that time. 
ravi: ""FYI chamika was a great 100 m sprinter in my school"" Good intel. He might need 
to be!",35.3,1,1.0,"Wood to Fernando, 1 run  .tight line into the legs, stabbed down off the hip, 89mph that time.",Wood,Fernando,1.0,0,0,1,1,1.0,0,,1
"35.4 
• 
Wood to C Karunaratne, no run 
outside off, Wood tumbles in his followthrough as this one is left alone",35.4,0,0.0,"Wood to C Karunaratne, no run  .outside off, Wood tumbles in his followthrough as this one is left alone",Wood,C Karunaratne,0.0,0,0,1,1,0.0,0,,0
"35.5 
• 
Wood to C Karunaratne, no run 
wide on the crease, angle into the thighs, and squeezed off the back foot to midwicket. 
More clear-cut call of no that time",35.5,0,0.0,"Wood to C Karunaratne, no run  .wide on the crease, angle into the thighs, and squeezed off the back foot to midwicket.  .More clear-cut call of no that time",Wood,C Karunaratne,0.0,0,0,1,1,0.0,0,,0
"35.6 
• 
Wood to C Karunaratne, no run 
fenced from under the eyeline into the off side 
Tight over. Here's Matt Roller to take us through the last rites 
end of over 362 runs  
SL: 160/7CRR: 4.44  
Chamika Karunaratne5 (17b) 
Binura Fernando2 (6b) 
Mark Wood 6-0-16-0 
David Willey 8-0-43-2 
Cheers, Miller. Afternoon all. Some nice crowd shots: some oldies in Hawaiian shirts, 
and a big lad in a 2010 England ODI shirt getting the pints in. Great stuff.",35.6,0,0.0,"Wood to C Karunaratne, no run  .fenced from under the eyeline into the off side  .Tight over. Here's Matt Roller to take us through the last rites",Wood,C Karunaratne,0.0,0,0,1,1,0.0,0,,0
"36.1 
W 
Willey to Fernando, OUT 
skewed straight to short midwicket! Dug in, back of a length, and Fernando gets himself 
into a right pickle trying to work to leg. It loops up off the bat, straight to Moeen in close, 
and Sri Lanka lose their eighth. From 145 for 3, Sri Lanka have lost 5 for 15. 
Binura Fernando c Ali b Willey 2 (7b 0x4 0x6 18m) SR: 28.57 
Chameera at No. 10. What's he got to offer? Not much of a career record with the bat.",36.1,W,0.0,"Willey to Fernando, OUT  .skewed straight to short midwicket! Dug in, back of a length, and Fernando gets himself  .into a right pickle trying to work to leg. It loops up off the bat, straight to Moeen in close,  .and Sri Lanka lose their eighth. From 145 for 3, Sri Lanka have lost 5 for 15.  .Binura Fernando c Ali b Willey 2 (7b 0x4 0x6 18m) SR: 28.57",Willey,Fernando,0.0,0,0,1,1,0.0,1,c Ali b Willey,0
"36.2 
• 
Willey to Chameera, no run 
angling in from a length, defended to short midwicket via the inside edge",36.2,0,0.0,"Willey to Chameera, no run  .angling in from a length, defended to short midwicket via the inside edge",Willey,Chameera,0.0,0,0,1,1,0.0,0,,0
"36.3 
• 
Willey to Chameera, no run 
bouncer, Chameera ducks underneath it. 79mph/128kph, fairly gentle pace",36.3,0,0.0,"Willey to Chameera, no run  .bouncer, Chameera ducks underneath it. 79mph/128kph, fairly gentle pace",Willey,Chameera,0.0,0,0,1,1,0.0,0,,0
"36.4 
• 
Willey to Chameera, no run 
plays inside the line as Willey angles one across him from over the wicket 
Yuhan: ""Chamika is a 100m runner, badminton national player (he is the younger brother 
of olympian Niluka karunarathne).""",36.4,0,0.0,"Willey to Chameera, no run  .plays inside the line as Willey angles one across him from over the wicket",Willey,Chameera,0.0,0,0,1,1,0.0,0,,0
"36.5 
1 
Willey to Chameera, 1 run 
outside edge, down to third",36.5,1,1.0,"Willey to Chameera, 1 run  .outside edge, down to third",Willey,Chameera,1.0,0,0,1,1,1.0,0,,1
"36.6 
• 
Willey to C Karunaratne, no run 
short ball, over the left shoulder as Karunaratne ducks. Thought that looked like a wide, 
but Mr Gough thinks otherwise 
Liam: ""Do you reckon any part of England/Morgan's thinking will be about treating the 
chase as a t20? Not only is it good prep for t20 World Cup, they'll be done for 5pm and 
can always slow the pace down and still get there easily if they lose 2 or 3 early wickets, 
even in that eventuality it would allow for Curran, Moeen, Woakes to get a hit"" -- 
Interesting theory. Expect Bairstow will play a few shots. 
end of over 371 run • 1 wicket 
SL: 161/8CRR: 4.35  
Chamika Karunaratne5 (18b) 
Dushmantha Chameera1 (4b) 
David Willey 9-0-44-3 
Mark Wood 6-0-16-0 
Peter: ""Please give Woakes a chance at his 5-fer"" -- Wood continues for now",36.6,0,0.0,"Willey to C Karunaratne, no run  .short ball, over the left shoulder as Karunaratne ducks. Thought that looked like a wide,  .but Mr Gough thinks otherwise",Willey,C Karunaratne,0.0,0,0,1,1,0.0,0,,0
"37.1 
1 
Wood to Chameera, 1 run 
vicious yorker, dug out well into the covers and they take a quick single to Morgan, who 
misfields. 93mph/149kph",37.1,1,1.0,"Wood to Chameera, 1 run  .vicious yorker, dug out well into the covers and they take a quick single to Morgan, who  .misfields. 93mph/149kph",Wood,Chameera,1.0,0,0,1,1,1.0,0,,1
"37.2 
• 
Wood to C Karunaratne, no run 
banged in, back of a length, defended awkwardly via the glove. 87mph/140kph 
Slip in",37.2,0,0.0,"Wood to C Karunaratne, no run  .banged in, back of a length, defended awkwardly via the glove. 87mph/140kph  .Slip in",Wood,C Karunaratne,0.0,0,0,1,1,0.0,0,,0
"37.3 
• 
Wood to C Karunaratne, no run 
...and slip puts down the catch! Root is the man there, diving to his right. Loose waft 
from Karunaratne, no foot movement, playing away from his body. Wood locates the 
outside edge, and Root is diving to his right, but puts it down",37.3,0,0.0,"Wood to C Karunaratne, no run  ....and slip puts down the catch! Root is the man there, diving to his right. Loose waft  .from Karunaratne, no foot movement, playing away from his body. Wood locates the  .outside edge, and Root is diving to his right, but puts it down",Wood,C Karunaratne,0.0,0,0,1,1,0.0,0,,0
"37.4 
• 
Wood to C Karunaratne, no run 
banged in short, and Karunaratne fends it away towards square leg, taking his bottom 
hand off the glove, suggesting it might have been hit",37.4,0,0.0,"Wood to C Karunaratne, no run  .banged in short, and Karunaratne fends it away towards square leg, taking his bottom  .hand off the glove, suggesting it might have been hit",Wood,C Karunaratne,0.0,0,0,1,1,0.0,0,,0
"37.5 
2 
Wood to C Karunaratne, 2 runs 
driven uppishly, plinked over Morgan at short cover",37.5,2,2.0,"Wood to C Karunaratne, 2 runs  .driven uppishly, plinked over Morgan at short cover",Wood,C Karunaratne,2.0,0,0,1,1,2.0,0,,1
"37.6 
• 
Wood to C Karunaratne, no run 
back of a length, 89mph/144kph, and Chameera draws the hands inside the line 
Mark: ""You guys are belittling SL at your own risk, this is just their way of lowering their 
threat level ahead of the next WC... you guys have been warned."" -- Dickwella's night out 
was all part of a cunning, long-term plan? 
end of over 383 runs  
SL: 164/8CRR: 4.31  
Chamika Karunaratne7 (23b) 
Dushmantha Chameera2 (5b) 
Mark Wood 7-0-19-0 
David Willey 9-0-44-3",37.6,0,0.0,"Wood to C Karunaratne, no run  .back of a length, 89mph/144kph, and Chameera draws the hands inside the line",Wood,C Karunaratne,0.0,0,0,1,1,0.0,0,,0
"38.1 
• 
Willey to Chameera, no run 
inside-edged into the pad, Bairstow appeals but Willey doesn't bother. Looked a touch 
high, too 
Rohit: ""SL team: ODI matches have 370 runs nowadays. Audience: Each innings, right? 
SL team: Audience: Each innings, right?""",38.1,0,0.0,"Willey to Chameera, no run  .inside-edged into the pad, Bairstow appeals but Willey doesn't bother. Looked a touch  .high, too",Willey,Chameera,0.0,0,0,1,1,0.0,0,,0
"38.2 
• 
Willey to Chameera, no run 
defended to short cover",38.2,0,0.0,"Willey to Chameera, no run  .defended to short cover",Willey,Chameera,0.0,0,0,1,1,0.0,0,,0
"38.3 
• 
Willey to Chameera, no run 
fullish on the pads, half-hearted appeal from bowler and keeper, but pitched outside leg 
stump. Or did it? Morgan reviews. Don't think there was any bat on it, and it hit him on 
the knee roll so height shouldn't be an issue. Ooh, hold on, there's a little tickle on the 
inside edge! Chameera survives. 
Round the wicket now.",38.3,0,0.0,"Willey to Chameera, no run  .fullish on the pads, half-hearted appeal from bowler and keeper, but pitched outside leg  .stump. Or did it? Morgan reviews. Don't think there was any bat on it, and it hit him on  .the knee roll so height shouldn't be an issue. Ooh, hold on, there's a little tickle on the  .inside edge! Chameera survives.  .Round the wicket now.",Willey,Chameera,0.0,0,0,1,1,0.0,0,,0
"38.4 
• 
Willey to Chameera, no run 
pressed to point with an open face",38.4,0,0.0,"Willey to Chameera, no run  .pressed to point with an open face",Willey,Chameera,0.0,0,0,1,1,0.0,0,,0
"38.5 
• 
Willey to Chameera, no run 
full, dug out into the off side",38.5,0,0.0,"Willey to Chameera, no run  .full, dug out into the off side",Willey,Chameera,0.0,0,0,1,1,0.0,0,,0
"38.6 
• 
Willey to Chameera, no run 
defended from a length, steering to point, and Willey finishes with a maiden! 
1 for 35 after four overs for Willey; 2 for 9 off his next six. 
end of over 39Maiden 
SL: 164/8CRR: 4.20  
Dushmantha Chameera2 (11b) 
Chamika Karunaratne7 (23b) 
David Willey 10-1-44-3 
Mark Wood 7-0-19-0 
Woakes returns. 4 for 11(!) from his eight overs so far. No slip.",38.6,0,0.0,"Willey to Chameera, no run  .defended from a length, steering to point, and Willey finishes with a maiden!  .1 for 35 after four overs for Willey; 2 for 9 off his next six.",Willey,Chameera,0.0,0,0,1,1,0.0,0,,0
"39.1 
• 
Woakes to C Karunaratne, no run 
hard length, defended back down the pitch 
Donny: ""SL fans don't know anymore what to think and how to react (sad)"" -- Wouldn't 
read too much into this, it's a second-string batting line-up against a very good attack.",39.1,0,0.0,"Woakes to C Karunaratne, no run  .hard length, defended back down the pitch",Woakes,C Karunaratne,0.0,0,0,1,1,0.0,0,,0
"39.2 
1 
Woakes to C Karunaratne, 1 run 
clipped into the leg side, throw comes in from Root at short midwicket. Would have 
been tight with a direct hit, but it's just wide",39.2,1,1.0,"Woakes to C Karunaratne, 1 run  .clipped into the leg side, throw comes in from Root at short midwicket. Would have  .been tight with a direct hit, but it's just wide",Woakes,C Karunaratne,1.0,0,0,1,1,1.0,0,,1
"39.3 
• 
Woakes to Chameera, no run 
hung outside off stump, Chameera dangles the bat and is beaten on the outside edge",39.3,0,0.0,"Woakes to Chameera, no run  .hung outside off stump, Chameera dangles the bat and is beaten on the outside edge",Woakes,Chameera,0.0,0,0,1,1,0.0,0,,0
"39.4 
1 
Woakes to Chameera, 1 run 
dipping slower-ball yorker, dug out by Chameera towards third man, but there's an 
appeal for lbw. Did it hit the boot first and then the bat? Morgan doesn't review. Yeah, 
clearly hit the bat first on replay. And didn't actually pitch, so more like a dipping slower-
ball full-bunger!",39.4,1,1.0,"Woakes to Chameera, 1 run  .dipping slower-ball yorker, dug out by Chameera towards third man, but there's an  .appeal for lbw. Did it hit the boot first and then the bat? Morgan doesn't review. Yeah,  .clearly hit the bat first on replay. And didn't actually pitch, so more like a dipping slower- .ball full-bunger!",Woakes,Chameera,1.0,0,0,1,1,1.0,0,,1
"39.5 
• 
Woakes to C Karunaratne, no run 
clipped to mid-on, defensively",39.5,0,0.0,"Woakes to C Karunaratne, no run  .clipped to mid-on, defensively",Woakes,C Karunaratne,0.0,0,0,1,1,0.0,0,,0
"39.6 
• 
Woakes to C Karunaratne, no run 
on a length, pressed out to cover 
Another tidy over from Woakes. Here's a list of the cheapest 10-over spells by an 
England bowler in 21st century ODIs - he'll finish right up near the top, even if he's carted 
in his final over. 
end of over 402 runs  
SL: 166/8CRR: 4.15  
Chamika Karunaratne8 (27b) 
Dushmantha Chameera3 (13b) 
Chris Woakes 9-5-13-4 
David Willey 10-1-44-3 
Powerplay 3, so a fifth man can go outside the ring. Though England have six in the ring, 
including a slip!",39.6,0,0.0,"Woakes to C Karunaratne, no run  .on a length, pressed out to cover  .Another tidy over from Woakes. Here's a list of the cheapest 10-over spells by an  .England bowler in 21st century ODIs - he'll finish right up near the top, even if he's carted  .in his final over.",Woakes,C Karunaratne,0.0,0,0,1,1,0.0,0,,0
"40.1 
4 
Sam Curran to Chameera, FOUR runs 
bosh! Chameera has had enough of blocking, and decided to bring out the long handle. 
Floaty length from Curran outside off, and he dongs him back over his head for four. 
Over the wicket",40.1,4,4.0,"Sam Curran to Chameera, FOUR runs  .bosh! Chameera has had enough of blocking, and decided to bring out the long handle.  .Floaty length from Curran outside off, and he dongs him back over his head for four.  .Over the wicket",Sam Curran,Chameera,4.0,1,0,1,1,4.0,0,,1
"40.2 
W 
Sam Curran to Chameera, OUT 
comedy running once again, and both batters are at the keeper's end. Throw comes in 
to Curran at the bowler's end, and he does the rest. Someone find the Benny Hill music. 
Length ball from Curran, steered to Billings at point. Chameera had no interest in the 
single but by the time he'd looked up, Karunaratne was stood next to him. Billings kept 
his composure and Curran knocked the bails off. Chameera sacrifices himself. Mickey 
Arthur has his head in his hands... again! 
Dushmantha Chameera run out (Billings/Curran) 7 (15b 1x4 0x6 20m) SR: 46.66 
Jayawickrama, at No. 11 on debut. 17 List A runs to his name. Starts at the non-striker's 
end",40.2,W,0.0,"Sam Curran to Chameera, OUT  .comedy running once again, and both batters are at the keeper's end. Throw comes in  .to Curran at the bowler's end, and he does the rest. Someone find the Benny Hill music.  .Length ball from Curran, steered to Billings at point. Chameera had no interest in the  .single but by the time he'd looked up, Karunaratne was stood next to him. Billings kept  .his composure and Curran knocked the bails off. Chameera sacrifices himself. Mickey  .Arthur has his head in his hands... again!  .Dushmantha Chameera run out (Billings/Curran) 7 (15b 1x4 0x6 20m) SR: 46.66",Sam Curran,Chameera,0.0,0,0,1,1,0.0,0,run out (Billings/Curran),0
"40.3 
• 
Sam Curran to C Karunaratne, no run 
short ball, ducks underneath it",40.3,0,0.0,"Sam Curran to C Karunaratne, no run  .short ball, ducks underneath it",Sam Curran,C Karunaratne,0.0,0,0,1,1,0.0,0,,0
"40.4 
1 
Sam Curran to C Karunaratne, 1 run 
yorker, dug out to long-on. They consider the second, then decide against",40.4,1,1.0,"Sam Curran to C Karunaratne, 1 run  .yorker, dug out to long-on. They consider the second, then decide against",Sam Curran,C Karunaratne,1.0,0,0,1,1,1.0,0,,1
"40.5 
• 
Sam Curran to P Jayawickrama, no run 
hung outside off, left alone with a flourish",40.5,0,0.0,"Sam Curran to P Jayawickrama, no run  .hung outside off, left alone with a flourish",Sam Curran,P Jayawickrama,0.0,0,0,1,1,0.0,0,,0
"40.6 
• 
Sam Curran to P Jayawickrama, no run 
angled across him, left alone 
Mash: ""Given teams often now intentionally put their best players of spin at 3 and 4 in 
T20s, do you think we'll see this happening in ODIs any time soon? Really we should be 
seeing Bairstow and Moeen take on Hasaranga in the middle today as England's best 
players of spin"" -- Yes, that Root bloke is famously hopeless against spin... 
end of over 415 runs • 1 wicket 
SL: 171/9CRR: 4.17  
Praveen Jayawickrama0 (2b) 
Chamika Karunaratne9 (29b) 
Sam Curran 7-0-36-0 
Chris Woakes 9-5-13-4 
Lasantha AB: ""3rd highest run scorer - Extras"" 
Ilanin: ""Of course, for Woakes to finish near the top of that list Sri Lanka will have to 
survive his final over..."" -- Here it comes. Karunaratne on strike. No slip",40.6,0,0.0,"Sam Curran to P Jayawickrama, no run  .angled across him, left alone",Sam Curran,P Jayawickrama,0.0,0,0,1,1,0.0,0,,0
"41.1 
1 
Woakes to C Karunaratne, 1 run 
flashed down to third via the outside edge. Uncertainty over the running, and bizarrely, 
they've taken the single 
Slip in now",41.1,1,1.0,"Woakes to C Karunaratne, 1 run  .flashed down to third via the outside edge. Uncertainty over the running, and bizarrely,  .they've taken the single  .Slip in now",Woakes,C Karunaratne,1.0,0,0,1,1,1.0,0,,1
"41.2 
• 
Woakes to P Jayawickrama, no run 
length ball, left alone on length 
Seven in the ring, including slip.",41.2,0,0.0,"Woakes to P Jayawickrama, no run  .length ball, left alone on length  .Seven in the ring, including slip.",Woakes,P Jayawickrama,0.0,0,0,1,1,0.0,0,,0
"41.3 
• 
Woakes to P Jayawickrama, no run 
somehow keeps the yorker out! Right in the blockhole, and Jayawickrama gets enough 
on it, clipping into the leg side via the toe",41.3,0,0.0,"Woakes to P Jayawickrama, no run  .somehow keeps the yorker out! Right in the blockhole, and Jayawickrama gets enough  .on it, clipping into the leg side via the toe",Woakes,P Jayawickrama,0.0,0,0,1,1,0.0,0,,0
"41.4 
• 
Woakes to P Jayawickrama, no run 
attempts the dipping slower-ball, but it comes out as a knee-high full toss. Clipped to 
mid-on",41.4,0,0.0,"Woakes to P Jayawickrama, no run  .attempts the dipping slower-ball, but it comes out as a knee-high full toss. Clipped to  .mid-on",Woakes,P Jayawickrama,0.0,0,0,1,1,0.0,0,,0
"41.5 
4 
Woakes to P Jayawickrama, FOUR runs 
length ball on middle stump, whipped wristily through midwicket! My goodness. What a 
shot from the No. 11! Shades of Pietersen, rolling the wrists nonchalantly and timing 
the ball into the gap",41.5,4,4.0,"Woakes to P Jayawickrama, FOUR runs  .length ball on middle stump, whipped wristily through midwicket! My goodness. What a  .shot from the No. 11! Shades of Pietersen, rolling the wrists nonchalantly and timing  .the ball into the gap",Woakes,P Jayawickrama,4.0,1,0,1,1,4.0,0,,1
"41.6 
• 
Woakes to P Jayawickrama, no run 
length ball on the hip, worked down to long leg but they turn down the single 
Superb spell from Woakes, 4 for 18 from his 10 overs and five maidens! A solitary 
boundary conceded, courtesy Jayawickrama. 
end of over 425 runs  
SL: 176/9CRR: 4.19  
Praveen Jayawickrama4 (7b 1x4) 
Chamika Karunaratne10 (30b) 
Chris Woakes 10-5-18-4 
Sam Curran 7-0-36-0",41.6,0,0.0,"Woakes to P Jayawickrama, no run  .length ball on the hip, worked down to long leg but they turn down the single  .Superb spell from Woakes, 4 for 18 from his 10 overs and five maidens! A solitary  .boundary conceded, courtesy Jayawickrama.",Woakes,P Jayawickrama,0.0,0,0,1,1,0.0,0,,0
"42.1 
6 
Sam Curran to C Karunaratne, SIX runs 
banged in short, and nailed for six! Outta nowhere! Karunaratne has battled hard and 
really struggled to get going but goes full Randy Orton and bludgeons Curran over the 
square-leg boundary on the pull. RKO",42.1,6,6.0,"Sam Curran to C Karunaratne, SIX runs  .banged in short, and nailed for six! Outta nowhere! Karunaratne has battled hard and  .really struggled to get going but goes full Randy Orton and bludgeons Curran over the  .square-leg boundary on the pull. RKO",Sam Curran,C Karunaratne,6.0,0,1,1,1,6.0,0,,1
"42.2 
2 
Sam Curran to C Karunaratne, 2 runs 
wide on the crease, angled in, clipped to wide long-on, and they take on Moeen Ali in the 
deep... and get back for two! Not great fielding, but excellent running from this pair",42.2,2,2.0,"Sam Curran to C Karunaratne, 2 runs  .wide on the crease, angled in, clipped to wide long-on, and they take on Moeen Ali in the  .deep... and get back for two! Not great fielding, but excellent running from this pair",Sam Curran,C Karunaratne,2.0,0,0,1,1,2.0,0,,1
"42.3 
1W 
Sam Curran to C Karunaratne, 1 run, OUT 
run out at the bowler's end! Much better fielding, this time from Sam Billings who is a 
notoriously gun outfielder. Pressed into the leg side, towards mid-on, and they 
immediately set off for two. Billings hares in, picks up, throws at the bowler's end, and 
the direct hit sees Jayawickrama well short! His second brilliant run-out in as many 
games. 
Praveen Jayawickrama run out (Billings) 4 (7b 1x4 0x6 11m) SR: 57.14 
Mohammed: ""Not being an England fan, it is totally perplexing to me that Chris Woakes 
gets as few games as he does from the ECB. Dude is an economical and incisive bowler 
as well as a capable batsman. Why not play him more across formats??"" -- There have 
been a lot of complications over the winter, not least him self-isolating after sharing a 
cab with Moeen shortly before he tested positive for Covid. 
Sageeth: ""SL have 8 bowlers: 4 fast bowlers, 3 spinners, and a medium pace part timer 
in Shanaka. The challenge would be to use them to optimum effect. I'd start with 
Chameera and Binura."" 
James Farrar: ""England planning on knocking these off before 4:55pm?"" -- Liam 
Livingstone, Jonny Bairstow - England expects. 
2.21pm: Sri Lanka are bowled out for 185: at 46 for 3 in the ninth over, they might have 
taken that, but they should have managed a lot more from 145 for 3 with Hasaranga 
and Perera batting together. But their lack of batting depth today with a threadbare 
squad has been exposed, and they're bowled out cheaply. Woakes was brilliant, with 4 
for 18 from his 10 overs: superb with the new ball, and then making middle-over 
inroads. We'll be back in 30 or so for the chase. 
Sponsored Headlines 
 
IPL 2025- BCCI ने हटाया सलाइवा के इस्तेमाल पर लगा बैन | ESPNcricinfoDiscover 
 
IPL 2025 - Will a team score 300 for the first time this season? | ESPNcricinfoDiscover 
 
BlazePod| 
Sponsored by TaboolaSponsored by Taboola 
Shop Now 
Why Young Athletes Are Training With BlazePod!Read MoreSkip 
 
Ipl 2025 jasprit bumrah का ना होना टीम के िलए चुनौती mahela jayawardene | 
ESPNcricinfoDiscover 
 
IPL Slow Over Rate- धीमी ओवर गित के दोष पर अब नहीं िनलंिबत होंगे कप्तान | 
ESPNcricinfoDiscover 
 
Worried About Parkinson’s? These Changes Can HelpLearn how diet, exercise, and 
other lifestyle habits may help lower your risk of brain diseases. Download a free guide 
today!The Michael J. Fox Foundation| 
SponsoredSponsored 
Learn more 
Undo 
 
Flight Attendant Reveals How To Fly Business Class For The Price of 
EconomyAmericans, you'll want to check this out ASAPOnline Shopping Tools| 
SponsoredSponsored 
Undo 
 
Eating to Boost Brain Health: Here's HowExplore our complete guide to brain-healthy 
foods. Learn how diet can improve memory, focus, and overall brain function.The 
Michael J. Fox Foundation| 
SponsoredSponsored 
Learn more 
Undo 
 
State-of-the-Art Vein Treatment - Covered by Insurance!Healthy Legs Feel Better! 
Minimally invasive vein treatments from nationally accredited doctors. Free 
evaluation!Metro Vein Centers| 
SponsoredSponsored 
Book Now 
Undo 
 
Here's The Price of a 1-Day Walk-in Shower In 2025Homebuddy| 
SponsoredSponsored 
Learn More 
Undo 
 
Look For Any High School Yearbook, It's FreeClassmates.com| 
SponsoredSponsored 
Undo 
 
Lower Your Parkinson’s Risk with This Simple StepTake control of your health with 
lifestyle changes that may help reduce your risk of brain diseases. Download a free 
guide today!The Michael J. Fox Foundation| 
SponsoredSponsored 
Learn more 
Undo 
 
Could This Be Today’s #1 Stock?Find Out How This NASDAQ Company Powers the 
Future of AI, Healthcare, Aerospace and National Defense While Creating Maximum 
Investor Upsidefinancial-news-now.com| 
SponsoredSponsored 
Learn More 
Undo 
 
Ending Soon | Buy Before 03/20Invest in Miso Robotics, Pioneers in AI-Powered Fast 
Food with the Revolutionary Flippy.Miso Robotics| 
SponsoredSponsored 
Learn More 
Undo 
 
Unbeatable Prices on TemuUnbeatable Prices on Quality ProductsTEMU| 
SponsoredSponsored 
Shop Now 
Undo 
 
Thousands of Men Rave About the Cozy Polo Shirts.Bestbestones| 
SponsoredSponsored 
Shop Now 
Undo 
 
Amazon Is Losing Money as Arizona Shoppers Are Cancelling Prime for This Clever 
HackThink you're getting the best deal when you shop online? Don't buy a single thing 
until you try this - you won't regret it.Online Shopping Tools| 
SponsoredSponsored 
Undo 
Language 
English 
Match Coverage 
All Match News 
 
Chris Woakes and Joe Root make the difference as 
depleted Sri Lanka come up short 
Mendis, Hasaranga and Chameera show spirit but lack support in five-wicket loss 
 
 
 
Chris Woakes, Jonny Bairstow play bully boys to serve 
reminder of Sri Lanka's decline 
Previous Chester-le-Street wins a distant memory as England knock game on head in 
time for second half at Wembley 
 
 
 
Mark Wood relishes England workload as new regime 
bears fitness fruits 
Fast bowler still pushing the speed gun as careful management extends injury-free spell 
 
 
 
Off-field upheaval leaves Sri Lanka looking even more 
vulnerable for ODIs 
Banishment of three players leaves tourists in greater disarray after England dominated 
T20Is 
 
 
 
Instant answers to T20 questions 
What is the highest total chased in men's T20 World Cups? 
Most sixes in an innings by a batter in men's T20 World Cups? 
Who has taken the most Powerplay wickets in men's T20 World Cups? 
Ask a question 
England Innings 
Player Name 
R 
B 
JM 
Bairstow 
bowled 
43 21 
LS 
Livingstone caught 
9 
12 
JE Root 
not out 
79 87 
EJG 
Morgan 
caught 
6 
17 
SW Billings caught 
3 
8 
MM Ali 
bowled 
28 57 
SM Curran not out 
9 
9 
Extras 
(lb 5, nb 2, w 5) 
Total 
189(5 wkts;",42.3,1W,1.0,"Sam Curran to C Karunaratne, 1 run, OUT  .run out at the bowler's end! Much better fielding, this time from Sam Billings who is a  .notoriously gun outfielder. Pressed into the leg side, towards mid-on, and they  .immediately set off for two. Billings hares in, picks up, throws at the bowler's end, and  .the direct hit sees Jayawickrama well short! His second brilliant run-out in as many  .games.  .Praveen Jayawickrama run out (Billings) 4 (7b 1x4 0x6 11m) SR: 57.14",Sam Curran,C Karunaratne,0.0,0,0,1,1,0.0,0,run out (Billings),1
