raw_data,overs,runs,team_runs,commentary,bowler,batsman,batsman_runs,batsman_fours,batsman_sixes,batsman_bowls_faced,bowler_bowls_done,bowler_runs_given,bowler_wickets,dismissal,runs_given_bool
"0.1 
• 
Rabada to Avishka Fernando, no run 
hard length on the stumps, nipping away, defended back by getting behind the ball",0.1,0,0.0,"Rabada to Avishka Fernando, no run  .hard length on the stumps, nipping away, defended back by getting behind the ball",Rabada,Avishka Fernando,0.0,0,0,1,1,0.0,0,,0
"0.2 
• 
Rabada to Avishka Fernando, no run 
length ball in the channel, tapped to point",0.2,0,0.0,"Rabada to Avishka Fernando, no run  .length ball in the channel, tapped to point",Rabada,Avishka Fernando,0.0,0,0,1,1,0.0,0,,0
"0.3 
2lb 
Rabada to Avishka Fernando, 2 leg byes 
strays on the pads and the ball is tickled fine off the pad. There's a fine leg in place to 
clean up.",0.3,2lb,2.0,"Rabada to Avishka Fernando, 2 leg byes  .strays on the pads and the ball is tickled fine off the pad. There's a fine leg in place to  .clean up.",Rabada,Avishka Fernando,0.0,0,0,1,1,0.0,0,,0
"0.4 
1w 
Rabada to Avishka Fernando, 1 wide 
shorter but down legside again, he can't connect with the pull but the ball's going to be a 
wide anyway.",0.4,1w,1.0,"Rabada to Avishka Fernando, 1 wide  .shorter but down legside again, he can't connect with the pull but the ball's going to be a  .wide anyway.",Rabada,Avishka Fernando,0.0,0,0,0,0,1.0,0,,1
"0.4 
1w 
Rabada to Avishka Fernando, 1 wide 
length ball outside off. This is called wide again. A bit harsh I think, that was on the 
tram-line.",0.4,1w,1.0,"Rabada to Avishka Fernando, 1 wide  .length ball outside off. This is called wide again. A bit harsh I think, that was on the  .tram-line.",Rabada,Avishka Fernando,0.0,0,0,0,0,1.0,0,,1
"0.4 
• 
Rabada to Avishka Fernando, no run 
length on the stumps, turned to midwicket",0.4,0,0.0,"Rabada to Avishka Fernando, no run  .length on the stumps, turned to midwicket",Rabada,Avishka Fernando,0.0,0,0,1,1,0.0,0,,0
"0.5 
• 
Rabada to Avishka Fernando, no run 
beaten on the outside edge. Looking to drive on the up, getting on the front foot but 
Rabada has bowled this in the channel, and it straightens a touch to go past",0.5,0,0.0,"Rabada to Avishka Fernando, no run  .beaten on the outside edge. Looking to drive on the up, getting on the front foot but  .Rabada has bowled this in the channel, and it straightens a touch to go past",Rabada,Avishka Fernando,0.0,0,0,1,1,0.0,0,,0
"0.6 
1w 
Rabada to Avishka Fernando, 1 wide 
Rabada's radar all over the place in this first over. This one is back of a length but going 
well down legside",0.6,1w,1.0,"Rabada to Avishka Fernando, 1 wide  .Rabada's radar all over the place in this first over. This one is back of a length but going  .well down legside",Rabada,Avishka Fernando,0.0,0,0,0,0,1.0,0,,1
"0.6 
• 
Rabada to Avishka Fernando, no run 
length on off, steered to point. Five runs in the over, but all via extras. 
end of over 15 runs  
SL: 5/0CRR: 5.00  
Avishka Fernando0 (6b) 
Dinesh Chandimal0 (0b) 
Kagiso Rabada 1-0-3-0 
Interesting. Maharaj to share the new ball. Round the wicket.",0.6,0,0.0,"Rabada to Avishka Fernando, no run  .length on off, steered to point. Five runs in the over, but all via extras.",Rabada,Avishka Fernando,0.0,0,0,1,1,0.0,0,,0
"1.1 
• 
Maharaj to Chandimal, no run 
good length on the stumps, on the front foot to defend",1.1,0,0.0,"Maharaj to Chandimal, no run  .good length on the stumps, on the front foot to defend",Maharaj,Chandimal,0.0,0,0,1,1,0.0,0,,0
"1.2 
• 
Maharaj to Chandimal, no run 
length on the stumps, stays in his crease and pushes it back to the bowler's left",1.2,0,0.0,"Maharaj to Chandimal, no run  .length on the stumps, stays in his crease and pushes it back to the bowler's left",Maharaj,Chandimal,0.0,0,0,1,1,0.0,0,,0
"1.3 
1 
Maharaj to Chandimal, 1 run 
drawing him on the front foot, he nudges it softly towards square leg to pick up a quick 
single",1.3,1,1.0,"Maharaj to Chandimal, 1 run  .drawing him on the front foot, he nudges it softly towards square leg to pick up a quick  .single",Maharaj,Chandimal,1.0,0,0,1,1,1.0,0,,1
"1.4 
• 
Maharaj to Avishka Fernando, no run 
turn already. Nicely looped up, pitches on off, he's drawn on the front foot to defend, 
and the ball spits past the outside edge",1.4,0,0.0,"Maharaj to Avishka Fernando, no run  .turn already. Nicely looped up, pitches on off, he's drawn on the front foot to defend,  .and the ball spits past the outside edge",Maharaj,Avishka Fernando,0.0,0,0,1,1,0.0,0,,0
"1.5 
• 
Maharaj to Avishka Fernando, no run 
another one that turns big. It's only the second over! Pitches on middle and he's going 
back and across to punch it but doesn't play the shot as the ball rips past across him",1.5,0,0.0,"Maharaj to Avishka Fernando, no run  .another one that turns big. It's only the second over! Pitches on middle and he's going  .back and across to punch it but doesn't play the shot as the ball rips past across him",Maharaj,Avishka Fernando,0.0,0,0,1,1,0.0,0,,0
"1.6 
• 
Maharaj to Avishka Fernando, no run 
end of over 21 run  
SL: 6/0CRR: 3.00  
Avishka Fernando0 (9b) 
Dinesh Chandimal1 (3b) 
Keshav Maharaj 1-0-1-0 
Kagiso Rabada 1-0-3-0",1.6,0,0.0,"Maharaj to Avishka Fernando, no run",Maharaj,Avishka Fernando,0.0,0,0,1,1,0.0,0,,0
"2.1 
4 
Rabada to Chandimal, FOUR runs 
shot. Overpitched on the stumps, and he leans into the on-drive, plays it very straight 
past the bowler, and gets a boundary",2.1,4,4.0,"Rabada to Chandimal, FOUR runs  .shot. Overpitched on the stumps, and he leans into the on-drive, plays it very straight  .past the bowler, and gets a boundary",Rabada,Chandimal,4.0,1,0,1,1,4.0,0,,1
"2.2 
1 
Rabada to Chandimal, 1 run 
fuller into him, uses wrists to turn it between midwicket and mid-on 
Alten: ""Maharaj is an excellent new ball bowler. Opened the bowling regularly in the local 
T20 comp and went at 4,5 per over.""",2.2,1,1.0,"Rabada to Chandimal, 1 run  .fuller into him, uses wrists to turn it between midwicket and mid-on",Rabada,Chandimal,1.0,0,0,1,1,1.0,0,,1
"2.3 
4 
Rabada to Avishka Fernando, FOUR runs 
lovely. back of a length outside off, stays back and punches nicely off the back foot to 
pierce the gap at point",2.3,4,4.0,"Rabada to Avishka Fernando, FOUR runs  .lovely. back of a length outside off, stays back and punches nicely off the back foot to  .pierce the gap at point",Rabada,Avishka Fernando,4.0,1,0,1,1,4.0,0,,1
"2.4 
• 
Rabada to Avishka Fernando, no run 
length on off, defended to cover from the crease",2.4,0,0.0,"Rabada to Avishka Fernando, no run  .length on off, defended to cover from the crease",Rabada,Avishka Fernando,0.0,0,0,1,1,0.0,0,,0
"2.5 
• 
Rabada to Avishka Fernando, no run 
fuller on off, defended to point with a slightly angled bat",2.5,0,0.0,"Rabada to Avishka Fernando, no run  .fuller on off, defended to point with a slightly angled bat",Rabada,Avishka Fernando,0.0,0,0,1,1,0.0,0,,0
"2.6 
• 
Rabada to Avishka Fernando, no run 
homing in on that off stump again, pushed to cover 
end of over 39 runs  
SL: 15/0CRR: 5.00  
Avishka Fernando4 (13b 1x4) 
Dinesh Chandimal6 (5b 1x4) 
Kagiso Rabada 2-0-12-0 
Keshav Maharaj 1-0-1-0",2.6,0,0.0,"Rabada to Avishka Fernando, no run  .homing in on that off stump again, pushed to cover",Rabada,Avishka Fernando,0.0,0,0,1,1,0.0,0,,0
"3.1 
1 
Maharaj to Chandimal, 1 run 
tossed up outside off, takes a big stride and strokes it through extra cover 
slip was there and short extra cover comes in now.",3.1,1,1.0,"Maharaj to Chandimal, 1 run  .tossed up outside off, takes a big stride and strokes it through extra cover  .slip was there and short extra cover comes in now.",Maharaj,Chandimal,1.0,0,0,1,1,1.0,0,,1
"3.2 
• 
Maharaj to Avishka Fernando, no run 
slightly shorter, bunted to short extra cover",3.2,0,0.0,"Maharaj to Avishka Fernando, no run  .slightly shorter, bunted to short extra cover",Maharaj,Avishka Fernando,0.0,0,0,1,1,0.0,0,,0
"3.3 
2 
Maharaj to Avishka Fernando, 2 runs 
spliced off the outside edge but falls safe. was looking to make room and loft this over 
cover, but it gets a leading edge that flies over point",3.3,2,2.0,"Maharaj to Avishka Fernando, 2 runs  .spliced off the outside edge but falls safe. was looking to make room and loft this over  .cover, but it gets a leading edge that flies over point",Maharaj,Avishka Fernando,2.0,0,0,1,1,2.0,0,,1
"3.4 
• 
Maharaj to Avishka Fernando, no run 
on the stumps, pushed back to the bowler",3.4,0,0.0,"Maharaj to Avishka Fernando, no run  .on the stumps, pushed back to the bowler",Maharaj,Avishka Fernando,0.0,0,0,1,1,0.0,0,,0
"3.5 
4 
Maharaj to Avishka Fernando, FOUR runs 
super shot. Too full and Avishka is not bothered by the possibility of sharp turn, unfurls 
a classic sweep and sends the ball racing to the deep square leg boundary",3.5,4,4.0,"Maharaj to Avishka Fernando, FOUR runs  .super shot. Too full and Avishka is not bothered by the possibility of sharp turn, unfurls  .a classic sweep and sends the ball racing to the deep square leg boundary",Maharaj,Avishka Fernando,4.0,1,0,1,1,4.0,0,,1
"3.6 
W 
Maharaj to Avishka Fernando, OUT 
loud appeal not given and Maharaj has reviewed. was it going down? No it wasn't! 
Three reds on the review. That's top stuff from Maharaj, the ball and the review. Went 
on with the arm, and Avishak looking to go back and whip it off his pads, can't connect. 
At first look, there seemed enough doubt about height and line, but DRS confirms the 
ball was clanging into leg-stump 
Avishka Fernando lbw b Maharaj 10 (18b 2x4 0x6 17m) SR: 55.55 
end of over 47 runs • 1 wicket 
SL: 22/1CRR: 5.50  
Dinesh Chandimal7 (6b 1x4) 
Keshav Maharaj 2-0-8-1 
Kagiso Rabada 2-0-12-0 
Kamindu Mendis at 3.",3.6,W,0.0,"Maharaj to Avishka Fernando, OUT  .loud appeal not given and Maharaj has reviewed. was it going down? No it wasn't!  .Three reds on the review. That's top stuff from Maharaj, the ball and the review. Went  .on with the arm, and Avishak looking to go back and whip it off his pads, can't connect.  .At first look, there seemed enough doubt about height and line, but DRS confirms the  .ball was clanging into leg-stump  .Avishka Fernando lbw b Maharaj 10 (18b 2x4 0x6 17m) SR: 55.55",Maharaj,Avishka Fernando,0.0,0,0,1,1,0.0,1,lbw b Maharaj,0
"4.1 
1nb 
Rabada to Chandimal, (no ball) 
back of a length on a fifth stump line, he lets it go. But Rabada has over-stepped. Lots 
of extras from Rabada already. And a free hit next ball",4.1,1nb,1.0,"Rabada to Chandimal, (no ball)  .back of a length on a fifth stump line, he lets it go. But Rabada has over-stepped. Lots  .of extras from Rabada already. And a free hit next ball",Rabada,Chandimal,0.0,0,0,1,0,1.0,0,,1
"4.1 
1 
Rabada to Chandimal, 1 run 
brilliant ball to bowl on a free hit, yorker tailing into him, and he could barely get front leg 
out of the way to toe-end an attempted swing to midwicket in the circle 
Jrm: ""This game will be decided between 2 players, shamsi and hasaranga """,4.1,1,1.0,"Rabada to Chandimal, 1 run  .brilliant ball to bowl on a free hit, yorker tailing into him, and he could barely get front leg  .out of the way to toe-end an attempted swing to midwicket in the circle",Rabada,Chandimal,1.0,0,0,1,1,1.0,0,,1
"4.2 
• 
Rabada to Kamindu Mendis, no run 
good length going across him, left alone outside off",4.2,0,0.0,"Rabada to Kamindu Mendis, no run  .good length going across him, left alone outside off",Rabada,Kamindu Mendis,0.0,0,0,1,1,0.0,0,,0
"4.3 
• 
Rabada to Kamindu Mendis, no run 
back of a length, going across him again, he lets it go again",4.3,0,0.0,"Rabada to Kamindu Mendis, no run  .back of a length, going across him again, he lets it go again",Rabada,Kamindu Mendis,0.0,0,0,1,1,0.0,0,,0
"4.4 
4 
Rabada to Kamindu Mendis, FOUR runs 
back of a length on leg stump this time, rising up to his ribs, he deals with it well, going 
up on toes to deflect this very fine. No fielder there so it'll be a boundary",4.4,4,4.0,"Rabada to Kamindu Mendis, FOUR runs  .back of a length on leg stump this time, rising up to his ribs, he deals with it well, going  .up on toes to deflect this very fine. No fielder there so it'll be a boundary",Rabada,Kamindu Mendis,4.0,1,0,1,1,4.0,0,,1
"4.5 
4 
Rabada to Kamindu Mendis, FOUR runs 
beautiful. Overpitched outside off and he leans into a textbook cover drive and finds the 
gap",4.5,4,4.0,"Rabada to Kamindu Mendis, FOUR runs  .beautiful. Overpitched outside off and he leans into a textbook cover drive and finds the  .gap",Rabada,Kamindu Mendis,4.0,1,0,1,1,4.0,0,,1
"4.6 
• 
Rabada to Kamindu Mendis, no run 
good length on the stumps, defended towards extra cover on the front foot 
end of over 510 runs  
SL: 32/1CRR: 6.40  
Kamindu Mendis8 (5b 2x4) 
Dinesh Chandimal8 (8b 1x4) 
Kagiso Rabada 3-0-22-0 
Keshav Maharaj 2-0-8-1",4.6,0,0.0,"Rabada to Kamindu Mendis, no run  .good length on the stumps, defended towards extra cover on the front foot",Rabada,Kamindu Mendis,0.0,0,0,1,1,0.0,0,,0
"5.1 
• 
Maharaj to Chandimal, no run 
tossed up, bringing him on the front foot, steered to slip's right",5.1,0,0.0,"Maharaj to Chandimal, no run  .tossed up, bringing him on the front foot, steered to slip's right",Maharaj,Chandimal,0.0,0,0,1,1,0.0,0,,0
"5.2 
1 
Maharaj to Chandimal, 1 run 
tossed up fuller, flicked off his toes to midwicket in the circle",5.2,1,1.0,"Maharaj to Chandimal, 1 run  .tossed up fuller, flicked off his toes to midwicket in the circle",Maharaj,Chandimal,1.0,0,0,1,1,1.0,0,,1
"5.3 
• 
Maharaj to Kamindu Mendis, no run 
tossed up on off, defended to cover on the front foot",5.3,0,0.0,"Maharaj to Kamindu Mendis, no run  .tossed up on off, defended to cover on the front foot",Maharaj,Kamindu Mendis,0.0,0,0,1,1,0.0,0,,0
"5.4 
• 
Maharaj to Kamindu Mendis, no run 
that one's spun right across him. It pitched outside off, and he's come across to cover 
the off stump, and try to flick it fine, but it's just turned a mile and so much that it 
misses the exposed leg-stump. Great job by Klaasen to grab it",5.4,0,0.0,"Maharaj to Kamindu Mendis, no run  .that one's spun right across him. It pitched outside off, and he's come across to cover  .the off stump, and try to flick it fine, but it's just turned a mile and so much that it  .misses the exposed leg-stump. Great job by Klaasen to grab it",Maharaj,Kamindu Mendis,0.0,0,0,1,1,0.0,0,,0
"5.5 
• 
Maharaj to Kamindu Mendis, no run 
flighted on off, squeezed towards point",5.5,0,0.0,"Maharaj to Kamindu Mendis, no run  .flighted on off, squeezed towards point",Maharaj,Kamindu Mendis,0.0,0,0,1,1,0.0,0,,0
"5.6 
• 
Maharaj to Kamindu Mendis, no run 
length ball spinning into him, punched to mid-on 
end of over 61 run  
SL: 33/1CRR: 5.50  
Kamindu Mendis8 (9b 2x4) 
Dinesh Chandimal9 (10b 1x4) 
Keshav Maharaj 3-0-9-1 
Kagiso Rabada 3-0-22-0 
Stuart: ""What's happened to Rabada? Looked the best young fast bowler in the world 
not so long ago, average at best now "" -- I'd hardly call him average Stuart. He bowled 
superbly in the last ODI for one thing. But Linde will replace him now.",5.6,0,0.0,"Maharaj to Kamindu Mendis, no run  .length ball spinning into him, punched to mid-on",Maharaj,Kamindu Mendis,0.0,0,0,1,1,0.0,0,,0
"6.1 
• 
Linde to Chandimal, no run 
tossed up, defended on the front foot",6.1,0,0.0,"Linde to Chandimal, no run  .tossed up, defended on the front foot",Linde,Chandimal,0.0,0,0,1,1,0.0,0,,0
"6.2 
W 
Linde to Chandimal, OUT 
loud appeal for lbw and another review gone for. He was looking to sweep a full ball but 
did it pitch outside leg? He can't connect with the sweep, ball pitches and turns in. Don't 
think there's any bat or glove, it's about where the ball pitched. It's pitched in line and 
that's another successful review!. South Africa spot on with those. PItched in line and 
hitting the stumps 
Dinesh Chandimal lbw b Linde 9 (12b 1x4 0x6 30m) SR: 75 
Dhananjaya de Silva now.",6.2,W,0.0,"Linde to Chandimal, OUT  .loud appeal for lbw and another review gone for. He was looking to sweep a full ball but  .did it pitch outside leg? He can't connect with the sweep, ball pitches and turns in. Don't  .think there's any bat or glove, it's about where the ball pitched. It's pitched in line and  .that's another successful review!. South Africa spot on with those. PItched in line and  .hitting the stumps  .Dinesh Chandimal lbw b Linde 9 (12b 1x4 0x6 30m) SR: 75",Linde,Chandimal,0.0,0,0,1,1,0.0,1,lbw b Linde,0
"6.3 
• 
Linde to Dhananjaya, no run 
tossed up on off, carefully defended on the front foot",6.3,0,0.0,"Linde to Dhananjaya, no run  .tossed up on off, carefully defended on the front foot",Linde,Dhananjaya,0.0,0,0,1,1,0.0,0,,0
"6.4 
• 
Linde to Dhananjaya, no run 
a mite flatter and quicker, he's pushed it to cover",6.4,0,0.0,"Linde to Dhananjaya, no run  .a mite flatter and quicker, he's pushed it to cover",Linde,Dhananjaya,0.0,0,0,1,1,0.0,0,,0
"6.5 
• 
Linde to Dhananjaya, no run 
tossed up, length on off, steered to point",6.5,0,0.0,"Linde to Dhananjaya, no run  .tossed up, length on off, steered to point",Linde,Dhananjaya,0.0,0,0,1,1,0.0,0,,0
"6.6 
• 
Linde to Dhananjaya, no run 
length on the stumps, defended from the crease 
end of over 7Wicket maiden 
SL: 33/2CRR: 4.71  
Dhananjaya de Silva0 (4b) 
Kamindu Mendis8 (9b 2x4) 
George Linde 1-1-0-1 
Keshav Maharaj 3-0-9-1 
Thavi: ""Maharaj already the GOAT with reviews, surely!"" -- Markram replaces Maharaj",6.6,0,0.0,"Linde to Dhananjaya, no run  .length on the stumps, defended from the crease",Linde,Dhananjaya,0.0,0,0,1,1,0.0,0,,0
"7.1 
1 
Markram to Kamindu Mendis, 1 run 
too full outside off, stroked through cover on the front foot",7.1,1,1.0,"Markram to Kamindu Mendis, 1 run  .too full outside off, stroked through cover on the front foot",Markram,Kamindu Mendis,1.0,0,0,1,1,1.0,0,,1
"7.2 
• 
Markram to Dhananjaya, no run 
beaten. Went round the wicket and it went with the angle instead of spinning back into 
him as he was expecting it to, goes past the outside edge on his attempted push-drive",7.2,0,0.0,"Markram to Dhananjaya, no run  .beaten. Went round the wicket and it went with the angle instead of spinning back into  .him as he was expecting it to, goes past the outside edge on his attempted push-drive",Markram,Dhananjaya,0.0,0,0,1,1,0.0,0,,0
"7.3 
2 
Markram to Dhananjaya, 2 runs 
decided early on the sweep shot and found the length for it. More force than timing, but 
it goes to deep square leg for a single",7.3,2,2.0,"Markram to Dhananjaya, 2 runs  .decided early on the sweep shot and found the length for it. More force than timing, but  .it goes to deep square leg for a single",Markram,Dhananjaya,2.0,0,0,1,1,2.0,0,,1
"7.4 
4 
Markram to Dhananjaya, FOUR runs 
slog-swept, thick top edge on that, but he's picked his spot well at backward square leg. 
No fielder there and he gets four",7.4,4,4.0,"Markram to Dhananjaya, FOUR runs  .slog-swept, thick top edge on that, but he's picked his spot well at backward square leg.  .No fielder there and he gets four",Markram,Dhananjaya,4.0,1,0,1,1,4.0,0,,1
"7.5 
• 
Markram to Dhananjaya, no run 
fuller, steps out and drives, but off the end of the bat, trickles to mid-off",7.5,0,0.0,"Markram to Dhananjaya, no run  .fuller, steps out and drives, but off the end of the bat, trickles to mid-off",Markram,Dhananjaya,0.0,0,0,1,1,0.0,0,,0
"7.6 
• 
Markram to Dhananjaya, no run 
arm ball again, creating the angle from round the wicket as he looks to make room and 
cut, but misses 
end of over 87 runs  
SL: 40/2CRR: 5.00  
Dhananjaya de Silva6 (9b 1x4) 
Kamindu Mendis9 (10b 2x4) 
Aiden Markram 1-0-7-0 
George Linde 1-1-0-1 
shanka: ""Looks like anything above 230 will be hard to chase. """,7.6,0,0.0,"Markram to Dhananjaya, no run  .arm ball again, creating the angle from round the wicket as he looks to make room and  .cut, but misses",Markram,Dhananjaya,0.0,0,0,1,1,0.0,0,,0
"8.1 
1 
Linde to Kamindu Mendis, 1 run 
tossed up on off, driven to long-on coming on the front foot 
Kevin Boyd: ""Are the umpires local as it is unusual for 2 out of 2 to be overturned?"" -- 
nothing unusual. Both looked like they had enough doubt in real-time to give not out or 
out.",8.1,1,1.0,"Linde to Kamindu Mendis, 1 run  .tossed up on off, driven to long-on coming on the front foot",Linde,Kamindu Mendis,1.0,0,0,1,1,1.0,0,,1
"8.2 
• 
Linde to Dhananjaya, no run 
on the stumps, defended into the offside",8.2,0,0.0,"Linde to Dhananjaya, no run  .on the stumps, defended into the offside",Linde,Dhananjaya,0.0,0,0,1,1,0.0,0,,0
"8.3 
1 
Linde to Dhananjaya, 1 run 
drifts on the pads and is tickled fine",8.3,1,1.0,"Linde to Dhananjaya, 1 run  .drifts on the pads and is tickled fine",Linde,Dhananjaya,1.0,0,0,1,1,1.0,0,,1
"8.4 
• 
Linde to Kamindu Mendis, no run 
tossed up on a fifth stump line, mistimes his drive to cover",8.4,0,0.0,"Linde to Kamindu Mendis, no run  .tossed up on a fifth stump line, mistimes his drive to cover",Linde,Kamindu Mendis,0.0,0,0,1,1,0.0,0,,0
"8.5 
1 
Linde to Kamindu Mendis, 1 run 
tossed up again, comes on the front foot, not quite to the pitch and it's pushed to mid-
off. Hung in the air for a mite because he was slightly early into the shot, not having got 
to the pitch",8.5,1,1.0,"Linde to Kamindu Mendis, 1 run  .tossed up again, comes on the front foot, not quite to the pitch and it's pushed to mid- .off. Hung in the air for a mite because he was slightly early into the shot, not having got  .to the pitch",Linde,Kamindu Mendis,1.0,0,0,1,1,1.0,0,,1
"8.6 
1 
Linde to Dhananjaya, 1 run 
fuller on the stumps, eased to long-off 
end of over 94 runs  
SL: 44/2CRR: 4.88  
Dhananjaya de Silva8 (12b 1x4) 
Kamindu Mendis11 (13b 2x4) 
George Linde 2-1-4-1 
Aiden Markram 1-0-7-0 
TheGrissom: ""The Proteas have 3 front line spinners and Markram. They should all bowl 
before any more seam is considered. No disrespect towards the seamers, its just not 
the conditions for them it seems""",8.6,1,1.0,"Linde to Dhananjaya, 1 run  .fuller on the stumps, eased to long-off",Linde,Dhananjaya,1.0,0,0,1,1,1.0,0,,1
"9.1 
1 
Markram to Dhananjaya, 1 run 
length on the stumps, goes across and tucks it through square",9.1,1,1.0,"Markram to Dhananjaya, 1 run  .length on the stumps, goes across and tucks it through square",Markram,Dhananjaya,1.0,0,0,1,1,1.0,0,,1
"9.2 
1 
Markram to Kamindu Mendis, 1 run 
fuller into him, flicked off his toes through backward square leg",9.2,1,1.0,"Markram to Kamindu Mendis, 1 run  .fuller into him, flicked off his toes through backward square leg",Markram,Kamindu Mendis,1.0,0,0,1,1,1.0,0,,1
"9.3 
4 
Markram to Dhananjaya, FOUR runs 
nicely done. Dances down the track, gets to the pitch and off-drives regally, beats mid-
off to his right despite a dive",9.3,4,4.0,"Markram to Dhananjaya, FOUR runs  .nicely done. Dances down the track, gets to the pitch and off-drives regally, beats mid- .off to his right despite a dive",Markram,Dhananjaya,4.0,1,0,1,1,4.0,0,,1
"9.4 
2 
Markram to Dhananjaya, 2 runs 
skilfully done, this was fuller outside off, dipping as it reaches him, gets low and late 
cuts fine. Just let the ball glide off his bat",9.4,2,2.0,"Markram to Dhananjaya, 2 runs  .skilfully done, this was fuller outside off, dipping as it reaches him, gets low and late  .cuts fine. Just let the ball glide off his bat",Markram,Dhananjaya,2.0,0,0,1,1,2.0,0,,1
"9.5 
1 
Markram to Dhananjaya, 1 run 
down the track again, whips it off his toes through midwicket, but there's protection in 
the deep there",9.5,1,1.0,"Markram to Dhananjaya, 1 run  .down the track again, whips it off his toes through midwicket, but there's protection in  .the deep there",Markram,Dhananjaya,1.0,0,0,1,1,1.0,0,,1
"9.6 
• 
Markram to Kamindu Mendis, no run 
fuller on the stumps, nudged to short fine leg, coming on the front foot 
end of over 109 runs  
SL: 53/2CRR: 5.30  
Kamindu Mendis12 (15b 2x4) 
Dhananjaya de Silva16 (16b 2x4) 
Aiden Markram 2-0-16-0 
George Linde 2-1-4-1 
ST: ""South Africa can't relax. SL has 5 spinners in Hasaranga, Jayawickrama, 
Theekshana, DDS, and Kamindu Mendis.""",9.6,0,0.0,"Markram to Kamindu Mendis, no run  .fuller on the stumps, nudged to short fine leg, coming on the front foot",Markram,Kamindu Mendis,0.0,0,0,1,1,0.0,0,,0
"10.1 
• 
Linde to Dhananjaya, no run 
fuller on off, steered to point",10.1,0,0.0,"Linde to Dhananjaya, no run  .fuller on off, steered to point",Linde,Dhananjaya,0.0,0,0,1,1,0.0,0,,0
"10.2 
• 
Linde to Dhananjaya, no run 
length ball, Dhananjay waited till the last moment before cutting it late, but slip does 
well to rect quickly and dive to his right and stop it",10.2,0,0.0,"Linde to Dhananjaya, no run  .length ball, Dhananjay waited till the last moment before cutting it late, but slip does  .well to rect quickly and dive to his right and stop it",Linde,Dhananjaya,0.0,0,0,1,1,0.0,0,,0
"10.3 
• 
Linde to Dhananjaya, no run 
pushed to point",10.3,0,0.0,"Linde to Dhananjaya, no run  .pushed to point",Linde,Dhananjaya,0.0,0,0,1,1,0.0,0,,0
"10.4 
2 
Linde to Dhananjaya, 2 runs 
tossed up, drifting on leg, and he paddle sweeps it very fine. Very controlled shot. DdS 
showing off his skills",10.4,2,2.0,"Linde to Dhananjaya, 2 runs  .tossed up, drifting on leg, and he paddle sweeps it very fine. Very controlled shot. DdS  .showing off his skills",Linde,Dhananjaya,2.0,0,0,1,1,2.0,0,,1
"10.5 
• 
Linde to Dhananjaya, no run 
tossed up on off, nice stride out to get to the pitch and he opens the face to steer to 
point",10.5,0,0.0,"Linde to Dhananjaya, no run  .tossed up on off, nice stride out to get to the pitch and he opens the face to steer to  .point",Linde,Dhananjaya,0.0,0,0,1,1,0.0,0,,0
"10.6 
1 
Linde to Dhananjaya, 1 run 
length on off, punched through point on the back foot 
end of over 113 runs  
SL: 56/2CRR: 5.09  
Dhananjaya de Silva19 (22b 2x4) 
Kamindu Mendis12 (15b 2x4) 
George Linde 3-1-7-1 
Aiden Markram 2-0-16-0 
Rameez: ""What's a good first innigs score ? 260 ish ?"" -- I think even 230 will be 
challenging Rameez. Here's Shamsi to try and keep it below that.",10.6,1,1.0,"Linde to Dhananjaya, 1 run  .length on off, punched through point on the back foot",Linde,Dhananjaya,1.0,0,0,1,1,1.0,0,,1
"11.1 
1 
Shamsi to Dhananjaya, 1 run 
tossed up full outside off, driven fluently, but straight to cover",11.1,1,1.0,"Shamsi to Dhananjaya, 1 run  .tossed up full outside off, driven fluently, but straight to cover",Shamsi,Dhananjaya,1.0,0,0,1,1,1.0,0,,1
"11.2 
• 
Shamsi to Kamindu Mendis, no run 
length outside off, on the front foot to smother the spin, defends into the legside",11.2,0,0.0,"Shamsi to Kamindu Mendis, no run  .length outside off, on the front foot to smother the spin, defends into the legside",Shamsi,Kamindu Mendis,0.0,0,0,1,1,0.0,0,,0
"11.3 
• 
Shamsi to Kamindu Mendis, no run 
goes to sweep, but it's not full enough to do it, and he can't connect. Was going across 
though and so he's outside the line when struck on the pads",11.3,0,0.0,"Shamsi to Kamindu Mendis, no run  .goes to sweep, but it's not full enough to do it, and he can't connect. Was going across  .though and so he's outside the line when struck on the pads",Shamsi,Kamindu Mendis,0.0,0,0,1,1,0.0,0,,0
"11.4 
• 
Shamsi to Kamindu Mendis, no run 
tossed up on the stumps, looking to work it to square leg, gets a leading edge to short 
third man. Was still looking for the single but had to dive back as the fielder rifled in a 
throw",11.4,0,0.0,"Shamsi to Kamindu Mendis, no run  .tossed up on the stumps, looking to work it to square leg, gets a leading edge to short  .third man. Was still looking for the single but had to dive back as the fielder rifled in a  .throw",Shamsi,Kamindu Mendis,0.0,0,0,1,1,0.0,0,,0
"11.5 
• 
Shamsi to Kamindu Mendis, no run 
misses the sweep again. Not full enough to sweep again, dipping on him and spinning 
away, past the bat",11.5,0,0.0,"Shamsi to Kamindu Mendis, no run  .misses the sweep again. Not full enough to sweep again, dipping on him and spinning  .away, past the bat",Shamsi,Kamindu Mendis,0.0,0,0,1,1,0.0,0,,0
"11.6 
1 
Shamsi to Kamindu Mendis, 1 run 
a bit too full, which allows him to work it through midwicket on the front foot 
end of over 122 runs  
SL: 58/2CRR: 4.83  
Kamindu Mendis13 (20b 2x4) 
Dhananjaya de Silva20 (23b 2x4) 
Tabraiz Shamsi 1-0-2-0 
George Linde 3-1-7-1 
Alan : "" I still don't understand the decision to change Asalanka from No.3 why fix 
something that wasn't broken chandimal was in woeful form which has been proven 
again. Poor selection """,11.6,1,1.0,"Shamsi to Kamindu Mendis, 1 run  .a bit too full, which allows him to work it through midwicket on the front foot",Shamsi,Kamindu Mendis,1.0,0,0,1,1,1.0,0,,1
"12.1 
• 
Linde to Kamindu Mendis, no run 
length ball on the stumps, goes back and works it to midwicket",12.1,0,0.0,"Linde to Kamindu Mendis, no run  .length ball on the stumps, goes back and works it to midwicket",Linde,Kamindu Mendis,0.0,0,0,1,1,0.0,0,,0
"12.2 
• 
Linde to Kamindu Mendis, no run 
slower through the air, looks to turn it finer, but can't connect, goes off the pad",12.2,0,0.0,"Linde to Kamindu Mendis, no run  .slower through the air, looks to turn it finer, but can't connect, goes off the pad",Linde,Kamindu Mendis,0.0,0,0,1,1,0.0,0,,0
"12.3 
• 
Linde to Kamindu Mendis, no run 
goes for the reverse sweep, can't connect. Wears it on the pads. Appeal but struck 
outside the line",12.3,0,0.0,"Linde to Kamindu Mendis, no run  .goes for the reverse sweep, can't connect. Wears it on the pads. Appeal but struck  .outside the line",Linde,Kamindu Mendis,0.0,0,0,1,1,0.0,0,,0
"12.4 
• 
Linde to Kamindu Mendis, no run 
goes right across to this one outside off and turns it off his pads to short fine leg",12.4,0,0.0,"Linde to Kamindu Mendis, no run  .goes right across to this one outside off and turns it off his pads to short fine leg",Linde,Kamindu Mendis,0.0,0,0,1,1,0.0,0,,0
"12.5 
• 
Linde to Kamindu Mendis, no run 
beaten on the outside edge with one that goes straight. Not quite straight but didn't turn 
as much as the others, and he was playing inside the line",12.5,0,0.0,"Linde to Kamindu Mendis, no run  .beaten on the outside edge with one that goes straight. Not quite straight but didn't turn  .as much as the others, and he was playing inside the line",Linde,Kamindu Mendis,0.0,0,0,1,1,0.0,0,,0
"12.6 
1 
Linde to Kamindu Mendis, 1 run 
a bit fuller, comes on the front foot and works it through square leg 
end of over 131 run  
SL: 59/2CRR: 4.53  
Kamindu Mendis14 (26b 2x4) 
Dhananjaya de Silva20 (23b 2x4) 
George Linde 4-1-8-1 
Tabraiz Shamsi 1-0-2-0 
Joey: ""@Alan, while I don't necessarily agree with chandimal's selection - to say he's in 
woeful form is unfair. He was one of the top scorers in the tournament just before this. """,12.6,1,1.0,"Linde to Kamindu Mendis, 1 run  .a bit fuller, comes on the front foot and works it through square leg",Linde,Kamindu Mendis,1.0,0,0,1,1,1.0,0,,1
"13.1 
1 
Shamsi to Kamindu Mendis, 1 run 
too full, whipped off his toes to deep midwicket",13.1,1,1.0,"Shamsi to Kamindu Mendis, 1 run  .too full, whipped off his toes to deep midwicket",Shamsi,Kamindu Mendis,1.0,0,0,1,1,1.0,0,,1
"13.2 
1 
Shamsi to Dhananjaya, 1 run 
flatter and shorter, flicked off his pads through backward square leg",13.2,1,1.0,"Shamsi to Dhananjaya, 1 run  .flatter and shorter, flicked off his pads through backward square leg",Shamsi,Dhananjaya,1.0,0,0,1,1,1.0,0,,1
"13.3 
1 
Shamsi to Kamindu Mendis, 1 run 
tossed up full outside off, driven to long-off on the front foot",13.3,1,1.0,"Shamsi to Kamindu Mendis, 1 run  .tossed up full outside off, driven to long-off on the front foot",Shamsi,Kamindu Mendis,1.0,0,0,1,1,1.0,0,,1
"13.4 
• 
Shamsi to Dhananjaya, no run 
length ball turning into him, tries to tickle it fine, goes to short fine leg off the pad",13.4,0,0.0,"Shamsi to Dhananjaya, no run  .length ball turning into him, tries to tickle it fine, goes to short fine leg off the pad",Shamsi,Dhananjaya,0.0,0,0,1,1,0.0,0,,0
"13.5 
• 
Shamsi to Dhananjaya, no run 
length on off, pushed back to the bowler",13.5,0,0.0,"Shamsi to Dhananjaya, no run  .length on off, pushed back to the bowler",Shamsi,Dhananjaya,0.0,0,0,1,1,0.0,0,,0
"13.6 
1 
Shamsi to Dhananjaya, 1 run 
slightly shorter on the stumps, goes back and flicks through square leg 
end of over 144 runs  
SL: 63/2CRR: 4.50  
Dhananjaya de Silva22 (27b 2x4) 
Kamindu Mendis16 (28b 2x4) 
Tabraiz Shamsi 2-0-6-0 
George Linde 4-1-8-1",13.6,1,1.0,"Shamsi to Dhananjaya, 1 run  .slightly shorter on the stumps, goes back and flicks through square leg",Shamsi,Dhananjaya,1.0,0,0,1,1,1.0,0,,1
"14.1 
1 
Linde to Dhananjaya, 1 run 
tossed up very full, makes room and drives inside out through extra cover",14.1,1,1.0,"Linde to Dhananjaya, 1 run  .tossed up very full, makes room and drives inside out through extra cover",Linde,Dhananjaya,1.0,0,0,1,1,1.0,0,,1
"14.2 
W 
Linde to Kamindu Mendis, OUT 
popped back in the air and a great diving catch by the bowler to his left. Seemed to grip 
in the pitch, and he pushed at it a bit early. Linde sees the ball looping back, dives to his 
left at full stretch and gets both hands around the ball. 
Kamindu Mendis c & b Linde 16 (29b 2x4 0x6 42m) SR: 55.17",14.2,W,0.0,"Linde to Kamindu Mendis, OUT  .popped back in the air and a great diving catch by the bowler to his left. Seemed to grip  .in the pitch, and he pushed at it a bit early. Linde sees the ball looping back, dives to his  .left at full stretch and gets both hands around the ball.  .Kamindu Mendis c & b Linde 16 (29b 2x4 0x6 42m) SR: 55.17",Linde,Kamindu Mendis,0.0,0,0,1,1,0.0,1,c & b Linde,0
"14.3 
1 
Linde to Asalanka, 1 run 
tossed up outside off, driven through cover",14.3,1,1.0,"Linde to Asalanka, 1 run  .tossed up outside off, driven through cover",Linde,Asalanka,1.0,0,0,1,1,1.0,0,,1
"14.4 
• 
Linde to Dhananjaya, no run 
fuller outside off, pushed to cover",14.4,0,0.0,"Linde to Dhananjaya, no run  .fuller outside off, pushed to cover",Linde,Dhananjaya,0.0,0,0,1,1,0.0,0,,0
"14.5 
1 
Linde to Dhananjaya, 1 run 
full on the stumps, punched back to the bowler and it goes through him. They pick up a 
single to long-off",14.5,1,1.0,"Linde to Dhananjaya, 1 run  .full on the stumps, punched back to the bowler and it goes through him. They pick up a  .single to long-off",Linde,Dhananjaya,1.0,0,0,1,1,1.0,0,,1
"14.6 
2 
Linde to Asalanka, 2 runs 
fuller outside off, comes across and works it very fine 
And time to hand it back to Sreshth 
end of over 155 runs • 1 wicket 
SL: 68/3CRR: 4.53  
Charith Asalanka3 (2b) 
Dhananjaya de Silva24 (30b 2x4) 
George Linde 5-1-13-2 
Tabraiz Shamsi 2-0-6-0 
Many thanks, Saurabh. Spin it to win it over here so far.",14.6,2,2.0,"Linde to Asalanka, 2 runs  .fuller outside off, comes across and works it very fine  .And time to hand it back to Sreshth",Linde,Asalanka,2.0,0,0,1,1,2.0,0,,1
"15.1 
1 
Shamsi to Dhananjaya, 1 run 
good length outside off. Turning away. Rocks back and flat-bats a shot along the 
ground to long on for a single",15.1,1,1.0,"Shamsi to Dhananjaya, 1 run  .good length outside off. Turning away. Rocks back and flat-bats a shot along the  .ground to long on for a single",Shamsi,Dhananjaya,1.0,0,0,1,1,1.0,0,,1
"15.2 
• 
Shamsi to Asalanka, no run 
full on middle and leg. Presses forward and nudges it off his pads to the leg side",15.2,0,0.0,"Shamsi to Asalanka, no run  .full on middle and leg. Presses forward and nudges it off his pads to the leg side",Shamsi,Asalanka,0.0,0,0,1,1,0.0,0,,0
"15.3 
1 
Shamsi to Asalanka, 1 run 
tossed up wider outside off. Guided off the front foot to deep point for one",15.3,1,1.0,"Shamsi to Asalanka, 1 run  .tossed up wider outside off. Guided off the front foot to deep point for one",Shamsi,Asalanka,1.0,0,0,1,1,1.0,0,,1
"15.4 
2 
Shamsi to Dhananjaya, 2 runs 
full just outside off. Turning in, and he hits a shot over Shamsi's head with a bit of a 
flourish. Bat turned in his hands but still managed to play it straight enough",15.4,2,2.0,"Shamsi to Dhananjaya, 2 runs  .full just outside off. Turning in, and he hits a shot over Shamsi's head with a bit of a  .flourish. Bat turned in his hands but still managed to play it straight enough",Shamsi,Dhananjaya,2.0,0,0,1,1,2.0,0,,1
"15.5 
• 
Shamsi to Dhananjaya, no run 
good length ball outside off and sliding further across. Looks to play a late cut, but 
misses",15.5,0,0.0,"Shamsi to Dhananjaya, no run  .good length ball outside off and sliding further across. Looks to play a late cut, but  .misses",Shamsi,Dhananjaya,0.0,0,0,1,1,0.0,0,,0
"15.6 
1 
Shamsi to Dhananjaya, 1 run 
good length, on middle. Nudged with the turn to square leg for a quick run 
end of over 165 runs  
SL: 73/3CRR: 4.56  
Dhananjaya de Silva28 (34b 2x4) 
Charith Asalanka4 (4b) 
Tabraiz Shamsi 3-0-11-0 
George Linde 5-1-13-2 
Rabada is back. Had an expensive first spell.",15.6,1,1.0,"Shamsi to Dhananjaya, 1 run  .good length, on middle. Nudged with the turn to square leg for a quick run",Shamsi,Dhananjaya,1.0,0,0,1,1,1.0,0,,1
"16.1 
• 
Rabada to Dhananjaya, no run 
good length outside off but coming into off. Tapped to the off side off the back foot",16.1,0,0.0,"Rabada to Dhananjaya, no run  .good length outside off but coming into off. Tapped to the off side off the back foot",Rabada,Dhananjaya,0.0,0,0,1,1,0.0,0,,0
"16.2 
1 
Rabada to Dhananjaya, 1 run 
full, on off. Gets on top of the ball, and whips it off his toes to mid on's right. They scurry 
across for one 
Benjamin Devana: ""Is 250 a defendable score?"" -- Wickets! That's the only way it can be 
defended. Otherwise the SA batters will be pleased chasing 250 against inexperienced 
spinners.",16.2,1,1.0,"Rabada to Dhananjaya, 1 run  .full, on off. Gets on top of the ball, and whips it off his toes to mid on's right. They scurry  .across for one",Rabada,Dhananjaya,1.0,0,0,1,1,1.0,0,,1
"16.3 
1 
Rabada to Asalanka, 1 run 
full just outside off. Opens the bat's face and guides this down to third man for one",16.3,1,1.0,"Rabada to Asalanka, 1 run  .full just outside off. Opens the bat's face and guides this down to third man for one",Rabada,Asalanka,1.0,0,0,1,1,1.0,0,,1
"16.4 
• 
Rabada to Dhananjaya, no run 
rolls his fingers over this delivery. Good length outside off but angling in. Fended off the 
back foot with the ball bouncing a little extra",16.4,0,0.0,"Rabada to Dhananjaya, no run  .rolls his fingers over this delivery. Good length outside off but angling in. Fended off the  .back foot with the ball bouncing a little extra",Rabada,Dhananjaya,0.0,0,0,1,1,0.0,0,,0
"16.5 
• 
Rabada to Dhananjaya, no run 
back of a length outside off. Angling into him, chest high. Rocks back, and fends it away 
to the off side",16.5,0,0.0,"Rabada to Dhananjaya, no run  .back of a length outside off. Angling into him, chest high. Rocks back, and fends it away  .to the off side",Rabada,Dhananjaya,0.0,0,0,1,1,0.0,0,,0
"16.6 
• 
Rabada to Dhananjaya, no run 
tidy return over from Rabada, conceding only two. Another one where he rolls his fingers 
over the ball. Slower ball, in fact. Fended off the back foot towards point. And it's drinks 
Rabada's good performance in the second ODI, could South Africa have gone with Bjorn 
Fortuin over Rabada? Especially with a couple seam bowling all-rounders in the team. 
Markram is useful but just a part timer. I hope Rabada proves me wrong in this second 
spell because I am a big fan of his."" -- Definitely could've, given he had an ankle niggle 
too. But these are difficult conditions for pacers, and it's a good way for a bowler to 
judge himself by putting his body and skills to the test. I was indeed surprised that he is 
playing following the ankle niggle after the 2nd ODI, but that's the beauty of the ODI 
Super League points table - every game is crucial, more so for South Africa who haven't 
had a good start to the comp. 
end of over 172 runs  
SL: 75/3CRR: 4.41  
Dhananjaya de Silva29 (39b 2x4) 
Charith Asalanka5 (5b) 
Kagiso Rabada 4-0-24-0 
Tabraiz Shamsi 3-0-11-0 
Markram. Going at eight an over so far.",16.6,0,0.0,"Rabada to Dhananjaya, no run  .tidy return over from Rabada, conceding only two. Another one where he rolls his fingers  .over the ball. Slower ball, in fact. Fended off the back foot towards point. And it's drinks  .Rabada's good performance in the second ODI, could South Africa have gone with Bjorn  .Fortuin over Rabada? Especially with a couple seam bowling all-rounders in the team.  .Markram is useful but just a part timer. I hope Rabada proves me wrong in this second",Rabada,Dhananjaya,0.0,0,0,1,1,0.0,0,,0
"17.1 
• 
Markram to Asalanka, no run 
full on middle, from around the stumps. Defended to the leg side off the front foot",17.1,0,0.0,"Markram to Asalanka, no run  .full on middle, from around the stumps. Defended to the leg side off the front foot",Markram,Asalanka,0.0,0,0,1,1,0.0,0,,0
"17.2 
1 
Markram to Asalanka, 1 run 
good length, on off. Turning slightly away. Tapped off the back foot to deep point for 
one 
Ian: ""Have you watched SA bat against spin @Benjamin Devana? 250 should be 
defensible with spinners against SA. Any other country and I would agree with you""",17.2,1,1.0,"Markram to Asalanka, 1 run  .good length, on off. Turning slightly away. Tapped off the back foot to deep point for  .one",Markram,Asalanka,1.0,0,0,1,1,1.0,0,,1
"17.3 
• 
Markram to Dhananjaya, no run 
slower through the air. Full on middle. Fended off the front foot to the leg side",17.3,0,0.0,"Markram to Dhananjaya, no run  .slower through the air. Full on middle. Fended off the front foot to the leg side",Markram,Dhananjaya,0.0,0,0,1,1,0.0,0,,0
"17.4 
1 
Markram to Dhananjaya, 1 run 
flatter. Length ball outside off and angling across. Punched past the non-striker to long 
off for one",17.4,1,1.0,"Markram to Dhananjaya, 1 run  .flatter. Length ball outside off and angling across. Punched past the non-striker to long  .off for one",Markram,Dhananjaya,1.0,0,0,1,1,1.0,0,,1
"17.5 
• 
Markram to Asalanka, no run 
no shot offered! Good length ball outside off as he shoulders his arms and ends up 
padding the ball away. Lbw appeal turned down but they don't review. Probably not 
angling in enough",17.5,0,0.0,"Markram to Asalanka, no run  .no shot offered! Good length ball outside off as he shoulders his arms and ends up  .padding the ball away. Lbw appeal turned down but they don't review. Probably not  .angling in enough",Markram,Asalanka,0.0,0,0,1,1,0.0,0,,0
"17.6 
1 
Markram to Asalanka, 1 run 
pushes this fullish ball towards point for a single 
end of over 183 runs  
SL: 78/3CRR: 4.33  
Charith Asalanka7 (9b) 
Dhananjaya de Silva30 (41b 2x4) 
Aiden Markram 3-0-19-0 
Kagiso Rabada 4-0-24-0",17.6,1,1.0,"Markram to Asalanka, 1 run  .pushes this fullish ball towards point for a single",Markram,Asalanka,1.0,0,0,1,1,1.0,0,,1
"18.1 
• 
Rabada to Asalanka, no run 
no shot offered to this length ball on leg and angling across to off. Through to Klaasen",18.1,0,0.0,"Rabada to Asalanka, no run  .no shot offered to this length ball on leg and angling across to off. Through to Klaasen",Rabada,Asalanka,0.0,0,0,1,1,0.0,0,,0
"18.2 
4 
Rabada to Asalanka, FOUR runs 
his first four of the day but not in the manner Asalanka would've wanted. Back of a 
length on leg and angling across. Asalanka drops his knees to sway out of the line. But 
left the bat up instead. Takes the toe and flies away to fine leg for four. That battle was 
won by Rabada",18.2,4,4.0,"Rabada to Asalanka, FOUR runs  .his first four of the day but not in the manner Asalanka would've wanted. Back of a  .length on leg and angling across. Asalanka drops his knees to sway out of the line. But  .left the bat up instead. Takes the toe and flies away to fine leg for four. That battle was  .won by Rabada",Rabada,Asalanka,4.0,1,0,1,1,4.0,0,,1
"18.3 
• 
Rabada to Asalanka, no run 
good length on leg and angling across. Tapped off the back foot to point after riding the 
bounce",18.3,0,0.0,"Rabada to Asalanka, no run  .good length on leg and angling across. Tapped off the back foot to point after riding the  .bounce",Rabada,Asalanka,0.0,0,0,1,1,0.0,0,,0
"18.4 
1nb 
Rabada to Asalanka, (no ball) 
free hit loading as he oversteps. Full, slower ball on middle. Defended towards cover 
point",18.4,1nb,1.0,"Rabada to Asalanka, (no ball)  .free hit loading as he oversteps. Full, slower ball on middle. Defended towards cover  .point",Rabada,Asalanka,0.0,0,0,1,0,1.0,0,,1
"18.4 
1w 
Rabada to Asalanka, 1 wide 
free hit stays as this time it's a wide. This was the slower ball bouncer that went too 
high over Asalanka",18.4,1w,1.0,"Rabada to Asalanka, 1 wide  .free hit stays as this time it's a wide. This was the slower ball bouncer that went too  .high over Asalanka",Rabada,Asalanka,0.0,0,0,0,0,1.0,0,,1
"18.4 
4 
Rabada to Asalanka, FOUR runs 
goes for the wide yorker, but ends up being a low full toss. Clattered by dragging it over 
to long on for four. Kept a firm base and got enough in his batswing to loft it over",18.4,4,4.0,"Rabada to Asalanka, FOUR runs  .goes for the wide yorker, but ends up being a low full toss. Clattered by dragging it over  .to long on for four. Kept a firm base and got enough in his batswing to loft it over",Rabada,Asalanka,4.0,1,0,1,1,4.0,0,,1
"18.5 
1w 
Rabada to Asalanka, 1 wide 
slower ball, back of a length outside leg, and going down the leg side",18.5,1w,1.0,"Rabada to Asalanka, 1 wide  .slower ball, back of a length outside leg, and going down the leg side",Rabada,Asalanka,0.0,0,0,0,0,1.0,0,,1
"18.5 
1 
Rabada to Asalanka, 1 run 
slower ball, back of a length on leg. Rides the bounce and fends it away to point's right 
for a walking single",18.5,1,1.0,"Rabada to Asalanka, 1 run  .slower ball, back of a length on leg. Rides the bounce and fends it away to point's right  .for a walking single",Rabada,Asalanka,1.0,0,0,1,1,1.0,0,,1
"18.6 
• 
Rabada to Dhananjaya, no run 
end of a nine-ball over from Rabada. Conceded 12 this over. Another back of a length 
ball just outside off. Defended off the back foot 
Dharshanaj: ""Being a Sri Lankan fan, I hope our spinners will defend anything around 
250 runs. But this South African team has shown good skills in facing spin by sweeping 
and reverse sweeping.."" 
Shah Safeer: ""@Ian Markram, Klaasen and RvDD had shown some skills of playing spin 
in the first ODI while chasing "" 
end of over 1912 runs  
SL: 90/3CRR: 4.73  
Dhananjaya de Silva30 (42b 2x4) 
Charith Asalanka16 (15b 2x4) 
Kagiso Rabada 5-0-36-0 
Aiden Markram 3-0-19-0",18.6,0,0.0,"Rabada to Dhananjaya, no run  .end of a nine-ball over from Rabada. Conceded 12 this over. Another back of a length  .ball just outside off. Defended off the back foot",Rabada,Dhananjaya,0.0,0,0,1,1,0.0,0,,0
"19.1 
1 
Markram to Asalanka, 1 run 
good length just outside off from around the stumps. No real turn, cut off the back foot 
to the deep",19.1,1,1.0,"Markram to Asalanka, 1 run  .good length just outside off from around the stumps. No real turn, cut off the back foot  .to the deep",Markram,Asalanka,1.0,0,0,1,1,1.0,0,,1
"19.2 
1 
Markram to Dhananjaya, 1 run 
tossed up just outside leg, and driven to wide long on for a jogging single",19.2,1,1.0,"Markram to Dhananjaya, 1 run  .tossed up just outside leg, and driven to wide long on for a jogging single",Markram,Dhananjaya,1.0,0,0,1,1,1.0,0,,1
"19.3 
• 
Markram to Asalanka, no run 
full just outside off. Big stride forward, and fended towards Markram",19.3,0,0.0,"Markram to Asalanka, no run  .full just outside off. Big stride forward, and fended towards Markram",Markram,Asalanka,0.0,0,0,1,1,0.0,0,,0
"19.4 
1 
Markram to Asalanka, 1 run 
full on middle and off. Opens the bat's face to tap a shot towards point for a quick 
single",19.4,1,1.0,"Markram to Asalanka, 1 run  .full on middle and off. Opens the bat's face to tap a shot towards point for a quick  .single",Markram,Asalanka,1.0,0,0,1,1,1.0,0,,1
"19.5 
W 
Markram to Dhananjaya, OUT 
big wicket! Just when the partnership was blooming. And this is a very ""Test match"" 
wicket. Brilliant from Klaasen as he picked the inside edge off the bat-pad. Full on 
middle. Turned in slightly. de Silva tries to defend, but it takes an inside edge onto his 
pads. Ball pops up in the air, in front of the batter, but Klaasen runs around him and 
dives forward into the pitch to take a well-anticipated catch with one hand! 
Dhananjaya de Silva c †Klaasen b Markram 31 (44b 2x4 0x6 56m) SR: 70.45 
Here's the captain.",19.5,W,0.0,"Markram to Dhananjaya, OUT",Markram,Dhananjaya,0.0,0,0,1,1,0.0,0,,0
"19.6 
1 
Markram to Shanaka, 1 run 
off the mark first ball. Full, outside leg, and worked off his pads to square leg for a 
single 
end of over 204 runs • 1 wicket 
SL: 94/4CRR: 4.70  
Dasun Shanaka1 (1b) 
Charith Asalanka18 (18b 2x4) 
Aiden Markram 4-0-23-1 
Kagiso Rabada 5-0-36-0 
Savitha: ""What would you say is a defendable score for Sri Lanka?"" -- Anything over 220 
will be challenging with the ball turning even from part-time spinners. And remember 
South Africa are playing one batter short with Phehlukwayo at No. 6",19.6,1,1.0,"Markram to Shanaka, 1 run  .off the mark first ball. Full, outside leg, and worked off his pads to square leg for a  .single",Markram,Shanaka,1.0,0,0,1,1,1.0,0,,1
"20.1 
• 
Maharaj to Shanaka, no run 
full on off. Defended",20.1,0,0.0,"Maharaj to Shanaka, no run  .full on off. Defended",Maharaj,Shanaka,0.0,0,0,1,1,0.0,0,,0
"20.2 
• 
Maharaj to Shanaka, no run 
good length just outside off. Defended off the back foot",20.2,0,0.0,"Maharaj to Shanaka, no run  .good length just outside off. Defended off the back foot",Maharaj,Shanaka,0.0,0,0,1,1,0.0,0,,0
"20.3 
1 
Maharaj to Shanaka, 1 run 
slower through the air. Full on leg. He gets outside the ball's line and plays inside out 
past cover",20.3,1,1.0,"Maharaj to Shanaka, 1 run  .slower through the air. Full on leg. He gets outside the ball's line and plays inside out  .past cover",Maharaj,Shanaka,1.0,0,0,1,1,1.0,0,,1
"20.4 
• 
Maharaj to Asalanka, no run 
over the stumps. Good length on off and turning in. Whipped off his pads to square leg",20.4,0,0.0,"Maharaj to Asalanka, no run  .over the stumps. Good length on off and turning in. Whipped off his pads to square leg",Maharaj,Asalanka,0.0,0,0,1,1,0.0,0,,0
"20.5 
• 
Maharaj to Asalanka, no run 
good length on off. Fended with soft hands off the back foot",20.5,0,0.0,"Maharaj to Asalanka, no run  .good length on off. Fended with soft hands off the back foot",Maharaj,Asalanka,0.0,0,0,1,1,0.0,0,,0
"20.6 
1 
Maharaj to Asalanka, 1 run 
fullish just outside off. Presses forward, works it away to the leg side for a single 
Benjie: ""Have enjoyed Markrams part time spinning role...have got the odd wicket and 
does the role well...and given we dont have an offspinner in most of our teams..his role 
now is very essential in any white ball matches...this will thus make him more relaxed 
when batting, as his position wont be in danger!!"" 
end of over 212 runs  
SL: 96/4CRR: 4.57  
Charith Asalanka19 (21b 2x4) 
Dasun Shanaka2 (4b) 
Keshav Maharaj 4-0-11-1 
Aiden Markram 4-0-23-1",20.6,1,1.0,"Maharaj to Asalanka, 1 run  .fullish just outside off. Presses forward, works it away to the leg side for a single",Maharaj,Asalanka,1.0,0,0,1,1,1.0,0,,1
"21.1 
• 
Markram to Asalanka, no run 
good length outside off. Flays a cut shot in front of square",21.1,0,0.0,"Markram to Asalanka, no run  .good length outside off. Flays a cut shot in front of square",Markram,Asalanka,0.0,0,0,1,1,0.0,0,,0
"21.2 
• 
Markram to Asalanka, no run 
full on leg stump. And nudged off his pads to short fine leg. Asalanka wants the run, but 
Shanaka refuses. Correct decision from the captain",21.2,0,0.0,"Markram to Asalanka, no run  .full on leg stump. And nudged off his pads to short fine leg. Asalanka wants the run, but  .Shanaka refuses. Correct decision from the captain",Markram,Asalanka,0.0,0,0,1,1,0.0,0,,0
"21.3 
• 
Markram to Asalanka, no run 
good length, on off. Turning away as Asalanka looks to fend off the back foot. Outside 
edge to short third man",21.3,0,0.0,"Markram to Asalanka, no run  .good length, on off. Turning away as Asalanka looks to fend off the back foot. Outside  .edge to short third man",Markram,Asalanka,0.0,0,0,1,1,0.0,0,,0
"21.4 
1 
Markram to Asalanka, 1 run 
full on leg, and he digs it away with an inside out drive to wide long off",21.4,1,1.0,"Markram to Asalanka, 1 run  .full on leg, and he digs it away with an inside out drive to wide long off",Markram,Asalanka,1.0,0,0,1,1,1.0,0,,1
"21.5 
2 
Markram to Shanaka, 2 runs 
full just outside off. Whips a flick away to the gap at cow corner for a couple",21.5,2,2.0,"Markram to Shanaka, 2 runs  .full just outside off. Whips a flick away to the gap at cow corner for a couple",Markram,Shanaka,2.0,0,0,1,1,2.0,0,,1
"21.6 
• 
Markram to Shanaka, no run 
full on off stump. Driven right back to Markram, who dives to his left to field off his own 
bowling 
end of over 223 runs  
SL: 99/4CRR: 4.50  
Dasun Shanaka4 (6b) 
Charith Asalanka20 (25b 2x4) 
Aiden Markram 5-0-26-1 
Keshav Maharaj 4-0-11-1 
SL one run away from the team hundred. But they will feel they have lost two wickets 
too many. And a few of them have been innocuous dismissals - atleast the last two.",21.6,0,0.0,"Markram to Shanaka, no run  .full on off stump. Driven right back to Markram, who dives to his left to field off his own  .bowling",Markram,Shanaka,0.0,0,0,1,1,0.0,0,,0
"22.1 
• 
Maharaj to Asalanka, no run 
Big appeal, turned down, and Maharaj reviews straight away! Will this be the third 
decision overturned after Maharaj makes the T? Flat ball, full just outside off. He gets 
down to sweep, but misses. Ball goes under the bat, and hits the front leg. Asalanka is 
safe is impact is outside off. Otherwise he's gone. What does ball-tracking say? Impact 
way outside off. Maharaj went with the flow there. Review lost.",22.1,0,0.0,"Maharaj to Asalanka, no run  .Big appeal, turned down, and Maharaj reviews straight away! Will this be the third  .decision overturned after Maharaj makes the T? Flat ball, full just outside off. He gets  .down to sweep, but misses. Ball goes under the bat, and hits the front leg. Asalanka is  .safe is impact is outside off. Otherwise he's gone. What does ball-tracking say? Impact  .way outside off. Maharaj went with the flow there. Review lost.",Maharaj,Asalanka,0.0,0,0,1,1,0.0,0,,0
"22.2 
1 
Maharaj to Asalanka, 1 run 
full on off, and flicked off his toes to deep midwicket. Team hundred 
dharshanaj: ""Only two Sri Lankan batsman (Avishka and Chandimal) in this team has a 
century to their names. Hope Asalanka or Shanaka will get a maiden century in this 
match. If not 250 will be really difficult..""",22.2,1,1.0,"Maharaj to Asalanka, 1 run  .full on off, and flicked off his toes to deep midwicket. Team hundred",Maharaj,Asalanka,1.0,0,0,1,1,1.0,0,,1
"22.3 
4 
Maharaj to Shanaka, FOUR runs 
around the stumps. Full just outside off. Gets across the stumps and sweeps it square 
past the umpire for four! Man at deep midwicket doesn't have the legs to cut it off",22.3,4,4.0,"Maharaj to Shanaka, FOUR runs  .around the stumps. Full just outside off. Gets across the stumps and sweeps it square  .past the umpire for four! Man at deep midwicket doesn't have the legs to cut it off",Maharaj,Shanaka,4.0,1,0,1,1,4.0,0,,1
"22.4 
1 
Maharaj to Shanaka, 1 run 
full on middle. Pushed past cover's right to wide long off for a single",22.4,1,1.0,"Maharaj to Shanaka, 1 run  .full on middle. Pushed past cover's right to wide long off for a single",Maharaj,Shanaka,1.0,0,0,1,1,1.0,0,,1
"22.5 
1 
Maharaj to Asalanka, 1 run 
good length just outside off. turning in. Worked to square leg and quick single taken 
with the fielder getting to the ball swiftly",22.5,1,1.0,"Maharaj to Asalanka, 1 run  .good length just outside off. turning in. Worked to square leg and quick single taken  .with the fielder getting to the ball swiftly",Maharaj,Asalanka,1.0,0,0,1,1,1.0,0,,1
"22.6 
2 
Maharaj to Shanaka, 2 runs 
full just outside off stump. Pushed to point's right for a single, and a misfield allows 
them to pinch a second even though there's a direct hit on the throw 
end of over 239 runs  
SL: 108/4CRR: 4.69  
Dasun Shanaka11 (9b 1x4) 
Charith Asalanka22 (28b 2x4) 
Keshav Maharaj 5-0-20-1 
Aiden Markram 5-0-26-1 
It's Farveez Maharoof's birthday today. Remember his 6/14 in the 2006 Champions 
Trophy. He is in the comms box on TV.",22.6,2,2.0,"Maharaj to Shanaka, 2 runs  .full just outside off stump. Pushed to point's right for a single, and a misfield allows  .them to pinch a second even though there's a direct hit on the throw",Maharaj,Shanaka,2.0,0,0,1,1,2.0,0,,1
"23.1 
• 
Markram to Asalanka, no run 
good length outside off. Turning away. Tries to cut. Misses, just past the edge to 
Klaasen",23.1,0,0.0,"Markram to Asalanka, no run  .good length outside off. Turning away. Tries to cut. Misses, just past the edge to  .Klaasen",Markram,Asalanka,0.0,0,0,1,1,0.0,0,,0
"23.2 
1 
Markram to Asalanka, 1 run 
good length, outside off. Slapped in front of square to deep cover for one",23.2,1,1.0,"Markram to Asalanka, 1 run  .good length, outside off. Slapped in front of square to deep cover for one",Markram,Asalanka,1.0,0,0,1,1,1.0,0,,1
"23.3 
1 
Markram to Shanaka, 1 run 
good length, on middle. Flicked off his pads to square leg for a single",23.3,1,1.0,"Markram to Shanaka, 1 run  .good length, on middle. Flicked off his pads to square leg for a single",Markram,Shanaka,1.0,0,0,1,1,1.0,0,,1
"23.4 
• 
Markram to Asalanka, no run 
good length, on off and angling in. Punched off the back foot, and Markram runs across 
to intercept",23.4,0,0.0,"Markram to Asalanka, no run  .good length, on off and angling in. Punched off the back foot, and Markram runs across  .to intercept",Markram,Asalanka,0.0,0,0,1,1,0.0,0,,0
"23.5 
1 
Markram to Asalanka, 1 run 
good length, wider outside off stump. Slapped to deep point for a single",23.5,1,1.0,"Markram to Asalanka, 1 run  .good length, wider outside off stump. Slapped to deep point for a single",Markram,Asalanka,1.0,0,0,1,1,1.0,0,,1
"23.6 
1 
Markram to Shanaka, 1 run 
good length, just outside leg stump. Worked off his pads to deep backward square leg 
for a jogging single 
Afser: ""The best gift for maharoof would be a SL win."" 
end of over 244 runs  
SL: 112/4CRR: 4.66  
Dasun Shanaka13 (11b 1x4) 
Charith Asalanka24 (32b 2x4) 
Aiden Markram 6-0-30-1 
Keshav Maharaj 5-0-20-1",23.6,1,1.0,"Markram to Shanaka, 1 run  .good length, just outside leg stump. Worked off his pads to deep backward square leg  .for a jogging single",Markram,Shanaka,1.0,0,0,1,1,1.0,0,,1
"24.1 
W 
Maharaj to Shanaka, OUT 
pocketed at deep midwicket! Full just outside off. Down on one knee to sweep, but it's 
been slogged too hard. In the air, and Mulder in the deep - looking into the sun, albeit 
with shades - takes a reverse-cup catch from in front of his face at cow corner. Just a 
few inches inside the boundary line, and that's the captain gone 
Dasun Shanaka c Mulder b Maharaj 13 (12b 1x4 0x6 18m) SR: 108.33 
Wanindu Hasaranga. Strike-rate of 100.93 but average of only 24.55. Plenty of overs 
here today for him to bring out a good personal score.",24.1,W,0.0,"Maharaj to Shanaka, OUT  .pocketed at deep midwicket! Full just outside off. Down on one knee to sweep, but it's  .been slogged too hard. In the air, and Mulder in the deep - looking into the sun, albeit  .with shades - takes a reverse-cup catch from in front of his face at cow corner. Just a  .few inches inside the boundary line, and that's the captain gone  .Dasun Shanaka c Mulder b Maharaj 13 (12b 1x4 0x6 18m) SR: 108.33",Maharaj,Shanaka,0.0,0,0,1,1,0.0,1,c Mulder b Maharaj,0
"24.2 
1 
Maharaj to Asalanka, 1 run 
full, just outside off. Loopy delivery. Nudged away to midwicket off the front foot",24.2,1,1.0,"Maharaj to Asalanka, 1 run  .full, just outside off. Loopy delivery. Nudged away to midwicket off the front foot",Maharaj,Asalanka,1.0,0,0,1,1,1.0,0,,1
"24.3 
• 
Maharaj to Hasaranga, no run 
full on middle from around the stumps. Driven right back. Maharaj dives to his left to 
intercept",24.3,0,0.0,"Maharaj to Hasaranga, no run  .full on middle from around the stumps. Driven right back. Maharaj dives to his left to  .intercept",Maharaj,Hasaranga,0.0,0,0,1,1,0.0,0,,0
"24.4 
• 
Maharaj to Hasaranga, no run 
flatter ball. Full just outside off. Poked towards point off the front foot",24.4,0,0.0,"Maharaj to Hasaranga, no run  .flatter ball. Full just outside off. Poked towards point off the front foot",Maharaj,Hasaranga,0.0,0,0,1,1,0.0,0,,0
"24.5 
• 
Maharaj to Hasaranga, no run 
full on middle. Tries to defend off the front foot, but turns away. Takes the edge to 
point. A bit more turn and that would've hit the back leg for lbw 
Sam: ""Been really impressed by Maharaj's captaincy""",24.5,0,0.0,"Maharaj to Hasaranga, no run  .full on middle. Tries to defend off the front foot, but turns away. Takes the edge to  .point. A bit more turn and that would've hit the back leg for lbw",Maharaj,Hasaranga,0.0,0,0,1,1,0.0,0,,0
"24.6 
1 
Maharaj to Hasaranga, 1 run 
full on off. Turning away, and driven with the straight bat past Maharaj to long off. 
Halfway stage of the first innings. 
end of over 252 runs • 1 wicket 
SL: 114/5CRR: 4.56  
Wanindu Hasaranga1 (4b) 
Charith Asalanka25 (33b 2x4) 
Keshav Maharaj 6-0-22-2 
Aiden Markram 6-0-30-1",24.6,1,1.0,"Maharaj to Hasaranga, 1 run  .full on off. Turning away, and driven with the straight bat past Maharaj to long off.  .Halfway stage of the first innings.",Maharaj,Hasaranga,1.0,0,0,1,1,1.0,0,,1
"25.1 
• 
Markram to Hasaranga, no run 
good length outside off and angling across from around the stumps. Pushed back to 
Markram",25.1,0,0.0,"Markram to Hasaranga, no run  .good length outside off and angling across from around the stumps. Pushed back to  .Markram",Markram,Hasaranga,0.0,0,0,1,1,0.0,0,,0
"25.2 
1 
Markram to Hasaranga, 1 run 
full on middle, and driven with the turn to long on for a walking single",25.2,1,1.0,"Markram to Hasaranga, 1 run  .full on middle, and driven with the turn to long on for a walking single",Markram,Hasaranga,1.0,0,0,1,1,1.0,0,,1
"25.3 
1 
Markram to Asalanka, 1 run 
continues around the wicket to Asalanka. Good length outside off. Turning away. 
Punched off the back foot to extra cover",25.3,1,1.0,"Markram to Asalanka, 1 run  .continues around the wicket to Asalanka. Good length outside off. Turning away.  .Punched off the back foot to extra cover",Markram,Asalanka,1.0,0,0,1,1,1.0,0,,1
"25.4 
1 
Markram to Hasaranga, 1 run 
good length on off. Goes deep in his crease and attempts a back-foot punch. Slightly in 
the air, but Markram can't get a hand to it as he dives to his right. Rolls down to long on",25.4,1,1.0,"Markram to Hasaranga, 1 run  .good length on off. Goes deep in his crease and attempts a back-foot punch. Slightly in  .the air, but Markram can't get a hand to it as he dives to his right. Rolls down to long on",Markram,Hasaranga,1.0,0,0,1,1,1.0,0,,1
"25.5 
• 
Markram to Asalanka, no run 
full on middle and leg. Prods forward to defend",25.5,0,0.0,"Markram to Asalanka, no run  .full on middle and leg. Prods forward to defend",Markram,Asalanka,0.0,0,0,1,1,0.0,0,,0
"25.6 
• 
Markram to Asalanka, no run 
good length outside off. Turning away. Poked to point with the turn. Carefully played 
Kula: ""Shanaka only had to get the single and doubles and support Asalanka. He got out 
the same way in the previous match"" 
end of over 263 runs  
SL: 117/5CRR: 4.50  
Charith Asalanka26 (36b 2x4) 
Wanindu Hasaranga3 (7b) 
Aiden Markram 7-0-33-1 
Keshav Maharaj 6-0-22-2",25.6,0,0.0,"Markram to Asalanka, no run  .good length outside off. Turning away. Poked to point with the turn. Carefully played",Markram,Asalanka,0.0,0,0,1,1,0.0,0,,0
"26.1 
2 
Maharaj to Hasaranga, 2 runs 
good length on off. Turning in. Hasaranga shuffles backwards to make room and cuts 
to the deep. Easy two collected",26.1,2,2.0,"Maharaj to Hasaranga, 2 runs  .good length on off. Turning in. Hasaranga shuffles backwards to make room and cuts  .to the deep. Easy two collected",Maharaj,Hasaranga,2.0,0,0,1,1,2.0,0,,1
"26.2 
1 
Maharaj to Hasaranga, 1 run 
good length outside off. Turning away. Cut to deep point for a single",26.2,1,1.0,"Maharaj to Hasaranga, 1 run  .good length outside off. Turning away. Cut to deep point for a single",Maharaj,Hasaranga,1.0,0,0,1,1,1.0,0,,1
"26.3 
1 
Maharaj to Asalanka, 1 run 
full just outside off, and driven to long on 
Johann: ""Maharaj, who has a wonderful cricketing brain, has been a superb captain. Def 
better than Bavuma. Long run he could replace Phehlukwayo as bowling allrounder."" -- A 
lot of folks would agree with you, but I would like to see Bavuma getting a longer run as 
captain before we reach conclusions. Maharaj, though, has a terrific captaincy record in 
domestic cricket.",26.3,1,1.0,"Maharaj to Asalanka, 1 run  .full just outside off, and driven to long on",Maharaj,Asalanka,1.0,0,0,1,1,1.0,0,,1
"26.4 
W 
Maharaj to Hasaranga, OUT 
Wanindu, what are you doing? Doesn't go for the full monty while looking to bring out 
the big shot. Full outside off, and he simply chips it rather beautifully for long off to run 
around to his left and take a simple catch. Maharaj gets his third and gives Hasaranga a 
wave to bid goodbye. A more powerful shot would've probably seen it go towards extra 
cover or even beyond the boundary. Instead it's catching practice for Hendricks in the 
deep. 
Wanindu Hasaranga c Hendricks b Maharaj 6 (10b 0x4 0x6 10m) SR: 60",26.4,W,0.0,"Maharaj to Hasaranga, OUT  .Wanindu, what are you doing? Doesn't go for the full monty while looking to bring out  .the big shot. Full outside off, and he simply chips it rather beautifully for long off to run  .around to his left and take a simple catch. Maharaj gets his third and gives Hasaranga a  .wave to bid goodbye. A more powerful shot would've probably seen it go towards extra  .cover or even beyond the boundary. Instead it's catching practice for Hendricks in the  .deep.  .Wanindu Hasaranga c Hendricks b Maharaj 6 (10b 0x4 0x6 10m) SR: 60",Maharaj,Hasaranga,0.0,0,0,1,1,0.0,1,c Hendricks b Maharaj,0
"26.5 
• 
Maharaj to Asalanka, no run 
good length just outside off. Turning in. Nudged off his hips to the leg side",26.5,0,0.0,"Maharaj to Asalanka, no run  .good length just outside off. Turning in. Nudged off his hips to the leg side",Maharaj,Asalanka,0.0,0,0,1,1,0.0,0,,0
"26.6 
1 
Maharaj to Asalanka, 1 run 
full on off. Flicked with the turn off the front foot to square leg for a single 
Adnan: ""@Johann, while I completely agree with that sentiment, South Africa seem to 
back Bavuma more than England did with Vince even though he has one intl century and 
that came at least 5 years ago."" 
end of over 275 runs • 1 wicket 
SL: 122/6CRR: 4.51  
Charith Asalanka28 (39b 2x4) 
Chamika Karunaratne0 (0b) 
Keshav Maharaj 7-0-27-3 
Aiden Markram 7-0-33-1 
pradipto: ""Bavuma's injury has been a blessing for SA. hope he recovers but retires from 
ODI and T20 on his own will for being so poor in white ball cricket."" -- Definitely think we 
should go easy on Bavuma. It's not like the other batters, barring de Kock, are doing 
great things consistently.",26.6,1,1.0,"Maharaj to Asalanka, 1 run  .full on off. Flicked with the turn off the front foot to square leg for a single",Maharaj,Asalanka,1.0,0,0,1,1,1.0,0,,1
"27.1 
• 
Markram to Asalanka, no run 
full on off. Turning away. Fended off the front foot to the off side",27.1,0,0.0,"Markram to Asalanka, no run  .full on off. Turning away. Fended off the front foot to the off side",Markram,Asalanka,0.0,0,0,1,1,0.0,0,,0
"27.2 
1 
Markram to Asalanka, 1 run 
full outside off stump. Fended with the offbreak to cover point for one",27.2,1,1.0,"Markram to Asalanka, 1 run  .full outside off stump. Fended with the offbreak to cover point for one",Markram,Asalanka,1.0,0,0,1,1,1.0,0,,1
"27.3 
• 
Markram to C Karunaratne, no run 
full on middle, and worked off his toes to midwicket this time",27.3,0,0.0,"Markram to C Karunaratne, no run  .full on middle, and worked off his toes to midwicket this time",Markram,C Karunaratne,0.0,0,0,1,1,0.0,0,,0
"27.4 
• 
Markram to C Karunaratne, no run 
full on off. Big stride forward to defend with soft hands",27.4,0,0.0,"Markram to C Karunaratne, no run  .full on off. Big stride forward to defend with soft hands",Markram,C Karunaratne,0.0,0,0,1,1,0.0,0,,0
"27.5 
• 
Markram to C Karunaratne, no run 
good length, on off. Angling across. Fended off the back foot",27.5,0,0.0,"Markram to C Karunaratne, no run  .good length, on off. Angling across. Fended off the back foot",Markram,C Karunaratne,0.0,0,0,1,1,0.0,0,,0
"27.6 
• 
Markram to C Karunaratne, no run 
full just outside off. Nudged off the front foot to midwicket 
Tasmeem: ""Shamsi needs to bowl now. Time to kill off the game before Sri Lanka get to 
170-180."" 
end of over 281 run  
SL: 123/6CRR: 4.39  
Chamika Karunaratne0 (4b) 
Charith Asalanka29 (41b 2x4) 
Aiden Markram 8-0-34-1 
Keshav Maharaj 7-0-27-3",27.6,0,0.0,"Markram to C Karunaratne, no run  .full just outside off. Nudged off the front foot to midwicket",Markram,C Karunaratne,0.0,0,0,1,1,0.0,0,,0
"28.1 
• 
Maharaj to Asalanka, no run 
full just outside off. Bit of turn into his pads. Defended to the leg side",28.1,0,0.0,"Maharaj to Asalanka, no run  .full just outside off. Bit of turn into his pads. Defended to the leg side",Maharaj,Asalanka,0.0,0,0,1,1,0.0,0,,0
"28.2 
1 
Maharaj to Asalanka, 1 run 
full outside off. Gets to the pitch of the ball with a big stride. Nudges it leg side again",28.2,1,1.0,"Maharaj to Asalanka, 1 run  .full outside off. Gets to the pitch of the ball with a big stride. Nudges it leg side again",Maharaj,Asalanka,1.0,0,0,1,1,1.0,0,,1
"28.3 
• 
Maharaj to C Karunaratne, no run 
overpitched, on off. Defended back",28.3,0,0.0,"Maharaj to C Karunaratne, no run  .overpitched, on off. Defended back",Maharaj,C Karunaratne,0.0,0,0,1,1,0.0,0,,0
"28.4 
• 
Maharaj to C Karunaratne, no run 
full outside off. Turning away as he looks to defend. Past the outside edge to the keeper 
Stefan: ""Shame does Malan not make your list of SA batters in form? The guy has an 
average over 100"" -- He's still finding his feet in this line-up. Although the honeymoon 
phase has been excellent in international cricket for him. I think we should reach 
conclusions only after a whole season of cricket, if not more.",28.4,0,0.0,"Maharaj to C Karunaratne, no run  .full outside off. Turning away as he looks to defend. Past the outside edge to the keeper",Maharaj,C Karunaratne,0.0,0,0,1,1,0.0,0,,0
"28.5 
• 
Maharaj to C Karunaratne, no run 
full on middle. Nudged to the leg side off the front foot",28.5,0,0.0,"Maharaj to C Karunaratne, no run  .full on middle. Nudged to the leg side off the front foot",Maharaj,C Karunaratne,0.0,0,0,1,1,0.0,0,,0
"28.6 
• 
Maharaj to C Karunaratne, no run 
full just outside off stump. Big stride forward, and defended back to the bowler 
end of over 291 run  
SL: 124/6CRR: 4.27  
Chamika Karunaratne0 (8b) 
Charith Asalanka30 (43b 2x4) 
Keshav Maharaj 8-0-28-3 
Aiden Markram 8-0-34-1",28.6,0,0.0,"Maharaj to C Karunaratne, no run  .full just outside off stump. Big stride forward, and defended back to the bowler",Maharaj,C Karunaratne,0.0,0,0,1,1,0.0,0,,0
"29.1 
1 
Markram to Asalanka, 1 run 
good length, outside off. turning away. Slapped off the back foot to deep point",29.1,1,1.0,"Markram to Asalanka, 1 run  .good length, outside off. turning away. Slapped off the back foot to deep point",Markram,Asalanka,1.0,0,0,1,1,1.0,0,,1
"29.2 
1 
Markram to C Karunaratne, 1 run 
good length, outside off stump. Angling further across. Punched towards point off the 
back foot 
shaylen: ""All this Bavuma bashing doesn't sit well with me. Good cricketer and 
important figure. Has said all the right things in the lead up to this series with the 
Boucher scandal looming large over everyones head. SA needs him to forge a new path 
forward and create a new culture in the squad.""",29.2,1,1.0,"Markram to C Karunaratne, 1 run  .good length, outside off stump. Angling further across. Punched towards point off the  .back foot",Markram,C Karunaratne,1.0,0,0,1,1,1.0,0,,1
"29.3 
1 
Markram to Asalanka, 1 run 
good length, outside off. Stays on the back foot and punches to wide long off",29.3,1,1.0,"Markram to Asalanka, 1 run  .good length, outside off. Stays on the back foot and punches to wide long off",Markram,Asalanka,1.0,0,0,1,1,1.0,0,,1
"29.4 
• 
Markram to C Karunaratne, no run 
full on middle. Defended towards midwicket off the front foot",29.4,0,0.0,"Markram to C Karunaratne, no run  .full on middle. Defended towards midwicket off the front foot",Markram,C Karunaratne,0.0,0,0,1,1,0.0,0,,0
"29.5 
• 
Markram to C Karunaratne, no run 
flatter. Good length on middle. Nudged to midwicket. Asalanka wants one, but they 
change their mind.",29.5,0,0.0,"Markram to C Karunaratne, no run  .flatter. Good length on middle. Nudged to midwicket. Asalanka wants one, but they  .change their mind.",Markram,C Karunaratne,0.0,0,0,1,1,0.0,0,,0
"29.6 
1 
Markram to C Karunaratne, 1 run 
good length, on middle and leg. Punched to long on for one 
Time to welcome Saurabh once again. Let him know your thoughts on SL's batting 
woes. 
end of over 304 runs  
SL: 128/6CRR: 4.26  
Chamika Karunaratne2 (12b) 
Charith Asalanka32 (45b 2x4) 
Aiden Markram 9-0-38-1 
Keshav Maharaj 8-0-28-3 
Thanks Sreshth",29.6,1,1.0,"Markram to C Karunaratne, 1 run  .good length, on middle and leg. Punched to long on for one  .Time to welcome Saurabh once again. Let him know your thoughts on SL's batting  .woes.",Markram,C Karunaratne,1.0,0,0,1,1,1.0,0,,1
"30.1 
• 
Linde to C Karunaratne, no run 
tossed up fuller, pushed back to the bowler",30.1,0,0.0,"Linde to C Karunaratne, no run  .tossed up fuller, pushed back to the bowler",Linde,C Karunaratne,0.0,0,0,1,1,0.0,0,,0
"30.2 
• 
Linde to C Karunaratne, no run 
fuller on the stumps, defended on the front foot",30.2,0,0.0,"Linde to C Karunaratne, no run  .fuller on the stumps, defended on the front foot",Linde,C Karunaratne,0.0,0,0,1,1,0.0,0,,0
"30.3 
1 
Linde to C Karunaratne, 1 run 
strays down leg and he sweeps it fine. Short fine leg in place to cut it off, tumbling to his 
right",30.3,1,1.0,"Linde to C Karunaratne, 1 run  .strays down leg and he sweeps it fine. Short fine leg in place to cut it off, tumbling to his  .right",Linde,C Karunaratne,1.0,0,0,1,1,1.0,0,,1
"30.4 
• 
Linde to Asalanka, no run 
length ball outside off, nicely looped up, turns into him, steered towards point, looking 
for the single but there isn't one",30.4,0,0.0,"Linde to Asalanka, no run  .length ball outside off, nicely looped up, turns into him, steered towards point, looking  .for the single but there isn't one",Linde,Asalanka,0.0,0,0,1,1,0.0,0,,0
"30.5 
1 
Linde to Asalanka, 1 run 
fuller outside off, comes on the front foot and works it square",30.5,1,1.0,"Linde to Asalanka, 1 run  .fuller outside off, comes on the front foot and works it square",Linde,Asalanka,1.0,0,0,1,1,1.0,0,,1
"30.6 
• 
Linde to C Karunaratne, no run 
fuller, driven gently to mid-on 
end of over 312 runs  
SL: 130/6CRR: 4.19  
Chamika Karunaratne3 (16b) 
Charith Asalanka33 (47b 2x4) 
George Linde 6-1-15-2 
Aiden Markram 9-0-38-1 
Alison: ""Seems everyone is being a bit harsh on Bavuma - yes Maharaj has done very 
well, but if he were to fail in the next game i.e if South Africa were to lose the next game, 
then the story would change again and they'd be bashing Maharaj and asking for 
Bavuma back. South African fans (I am one) are a strange type "" -- Alison, that's actually 
all cricket fans. Or even all sports fans.",30.6,0,0.0,"Linde to C Karunaratne, no run  .fuller, driven gently to mid-on",Linde,C Karunaratne,0.0,0,0,1,1,0.0,0,,0
"31.1 
• 
Markram to Asalanka, no run 
steered to short third man with an open bat face",31.1,0,0.0,"Markram to Asalanka, no run  .steered to short third man with an open bat face",Markram,Asalanka,0.0,0,0,1,1,0.0,0,,0
"31.2 
1 
Markram to Asalanka, 1 run 
into him from around the wicket, driven to long-off",31.2,1,1.0,"Markram to Asalanka, 1 run  .into him from around the wicket, driven to long-off",Markram,Asalanka,1.0,0,0,1,1,1.0,0,,1
"31.3 
• 
Markram to C Karunaratne, no run 
flicked nicely but straight to short midwicket",31.3,0,0.0,"Markram to C Karunaratne, no run  .flicked nicely but straight to short midwicket",Markram,C Karunaratne,0.0,0,0,1,1,0.0,0,,0
"31.4 
• 
Markram to C Karunaratne, no run 
flatter on off, punched back to the bowler's right",31.4,0,0.0,"Markram to C Karunaratne, no run  .flatter on off, punched back to the bowler's right",Markram,C Karunaratne,0.0,0,0,1,1,0.0,0,,0
"31.5 
• 
Markram to C Karunaratne, no run 
length on off, going across to try and work it through the legside, but can only push it 
back",31.5,0,0.0,"Markram to C Karunaratne, no run  .length on off, going across to try and work it through the legside, but can only push it  .back",Markram,C Karunaratne,0.0,0,0,1,1,0.0,0,,0
"31.6 
2 
Markram to C Karunaratne, 2 runs 
spliced off the outside edge over cover. Drifting away from him, he was looking for the 
big hit down the ground, but gets it of a thick outside edge 
end of over 323 runs  
SL: 133/6CRR: 4.15  
Chamika Karunaratne5 (20b) 
Charith Asalanka34 (49b 2x4) 
Aiden Markram 10-0-41-1 
George Linde 6-1-15-2 
Good spell from Markram of 1 for 41 in 10 overs, after an expensive start. He pulled 
things back well",31.6,2,2.0,"Markram to C Karunaratne, 2 runs  .spliced off the outside edge over cover. Drifting away from him, he was looking for the  .big hit down the ground, but gets it of a thick outside edge",Markram,C Karunaratne,2.0,0,0,1,1,2.0,0,,1
"32.1 
1 
Linde to Asalanka, 1 run 
wide line outside off, he goes across to get close to the ball and nurdles it towards short 
third man",32.1,1,1.0,"Linde to Asalanka, 1 run  .wide line outside off, he goes across to get close to the ball and nurdles it towards short  .third man",Linde,Asalanka,1.0,0,0,1,1,1.0,0,,1
"32.2 
2 
Linde to C Karunaratne, 2 runs 
popped back up but over the bowler and safe. That ends up as a strange shot. He was 
backing away, this pitched on a length and turned away, but stopped on him, he ends up 
with bat horizontal and wide away from his body and the ball just pops up over the 
bowler off the toe end",32.2,2,2.0,"Linde to C Karunaratne, 2 runs  .popped back up but over the bowler and safe. That ends up as a strange shot. He was  .backing away, this pitched on a length and turned away, but stopped on him, he ends up  .with bat horizontal and wide away from his body and the ball just pops up over the  .bowler off the toe end",Linde,C Karunaratne,2.0,0,0,1,1,2.0,0,,1
"32.3 
• 
Linde to C Karunaratne, no run 
goes for the sweep but can't connect cleanly. To short fine leg",32.3,0,0.0,"Linde to C Karunaratne, no run  .goes for the sweep but can't connect cleanly. To short fine leg",Linde,C Karunaratne,0.0,0,0,1,1,0.0,0,,0
"32.4 
• 
Linde to C Karunaratne, no run 
beauty. Perfect ball for a spinner. Drifts in, lands on off, the length is such that he's 
drawn into a big stride forward, but is not to the pitch, it lands and spins past the 
outside edge",32.4,0,0.0,"Linde to C Karunaratne, no run  .beauty. Perfect ball for a spinner. Drifts in, lands on off, the length is such that he's  .drawn into a big stride forward, but is not to the pitch, it lands and spins past the  .outside edge",Linde,C Karunaratne,0.0,0,0,1,1,0.0,0,,0
"32.5 
• 
Linde to C Karunaratne, no run 
steered to point",32.5,0,0.0,"Linde to C Karunaratne, no run  .steered to point",Linde,C Karunaratne,0.0,0,0,1,1,0.0,0,,0
"32.6 
• 
Linde to C Karunaratne, no run 
length ball outside off, comes on the front foot and pushes to cover 
end of over 333 runs  
SL: 136/6CRR: 4.12  
Chamika Karunaratne7 (25b) 
Charith Asalanka35 (50b 2x4) 
George Linde 7-1-18-2 
Aiden Markram 10-0-41-1",32.6,0,0.0,"Linde to C Karunaratne, no run  .length ball outside off, comes on the front foot and pushes to cover",Linde,C Karunaratne,0.0,0,0,1,1,0.0,0,,0
"33.1 
• 
Shamsi to Asalanka, no run 
good length on off, turning away, opens the bat face to steer sqaure",33.1,0,0.0,"Shamsi to Asalanka, no run  .good length on off, turning away, opens the bat face to steer sqaure",Shamsi,Asalanka,0.0,0,0,1,1,0.0,0,,0
"33.2 
1 
Shamsi to Asalanka, 1 run 
punched through cover",33.2,1,1.0,"Shamsi to Asalanka, 1 run  .punched through cover",Shamsi,Asalanka,1.0,0,0,1,1,1.0,0,,1
"33.3 
• 
Shamsi to C Karunaratne, no run 
that's plumb in front and given. Unless he got an edge because the batsman has 
reviewed immediately. Pitched on a length in line with the stumps and turned into him, 
strikes him on the knee roll, looks like in front of the stumps. there's a thin inside edge. 
No wonder he reviewed it. The edge was such that it didn't alter the line of the ball, but 
the batsman obviously knew he had got one.",33.3,0,0.0,"Shamsi to C Karunaratne, no run  .that's plumb in front and given. Unless he got an edge because the batsman has  .reviewed immediately. Pitched on a length in line with the stumps and turned into him,  .strikes him on the knee roll, looks like in front of the stumps. there's a thin inside edge.  .No wonder he reviewed it. The edge was such that it didn't alter the line of the ball, but  .the batsman obviously knew he had got one.",Shamsi,C Karunaratne,0.0,0,0,1,1,0.0,0,,0
"33.4 
• 
Shamsi to C Karunaratne, no run 
that's missed the leg stump by a whisker. He moved way across, this pitched on middle 
and turned sharply, defeating his attempted tickle",33.4,0,0.0,"Shamsi to C Karunaratne, no run  .that's missed the leg stump by a whisker. He moved way across, this pitched on middle  .and turned sharply, defeating his attempted tickle",Shamsi,C Karunaratne,0.0,0,0,1,1,0.0,0,,0
"33.5 
• 
Shamsi to C Karunaratne, no run 
length ball on off, spins sharply into him, bunted back down the pitch",33.5,0,0.0,"Shamsi to C Karunaratne, no run  .length ball on off, spins sharply into him, bunted back down the pitch",Shamsi,C Karunaratne,0.0,0,0,1,1,0.0,0,,0
"33.6 
1 
Shamsi to C Karunaratne, 1 run 
overpitched outside off and swept hard, to deep square leg 
end of over 342 runs  
SL: 138/6CRR: 4.05  
Chamika Karunaratne8 (29b) 
Charith Asalanka36 (52b 2x4) 
Tabraiz Shamsi 4-0-13-0 
George Linde 7-1-18-2 
Rikaz: ""Is this pitch inspired by Mirpur counterpart.""",33.6,1,1.0,"Shamsi to C Karunaratne, 1 run  .overpitched outside off and swept hard, to deep square leg",Shamsi,C Karunaratne,1.0,0,0,1,1,1.0,0,,1
"34.1 
• 
Linde to C Karunaratne, no run 
good length outside off, pushed towards point on the front foot",34.1,0,0.0,"Linde to C Karunaratne, no run  .good length outside off, pushed towards point on the front foot",Linde,C Karunaratne,0.0,0,0,1,1,0.0,0,,0
"34.2 
• 
Linde to C Karunaratne, no run 
back of a length outside off, cuts to cover",34.2,0,0.0,"Linde to C Karunaratne, no run  .back of a length outside off, cuts to cover",Linde,C Karunaratne,0.0,0,0,1,1,0.0,0,,0
"34.3 
• 
Linde to C Karunaratne, no run 
good length on off, comes on the front foot and negotiates it to cover",34.3,0,0.0,"Linde to C Karunaratne, no run  .good length on off, comes on the front foot and negotiates it to cover",Linde,C Karunaratne,0.0,0,0,1,1,0.0,0,,0
"34.4 
1 
Linde to C Karunaratne, 1 run 
tossed up fuller, driven through cover 
Samindi: ""I appreciate the commitment Karunarathne puts into preserving his wicket. 
He's all at sea, but hanging in there. This is what the top order should have done. Could 
end up being the difference between 170 and 220.""",34.4,1,1.0,"Linde to C Karunaratne, 1 run  .tossed up fuller, driven through cover",Linde,C Karunaratne,1.0,0,0,1,1,1.0,0,,1
"34.5 
2nb 
Linde to Asalanka, (no ball) 1 run 
picks out deep midwicket. He's charged down the track to slog-sweep it, hits it straight 
down the throat of the man in the deep. But hold on, it's a no-ball. There's more fielders 
outside the circle than are allowed! This is sloppy by South Africa. And very smart by 
Asalanka if he realised the no-ball was on and that's why went for it",34.5,2nb,2.0,"Linde to Asalanka, (no ball) 1 run  .picks out deep midwicket. He's charged down the track to slog-sweep it, hits it straight  .down the throat of the man in the deep. But hold on, it's a no-ball. There's more fielders  .outside the circle than are allowed! This is sloppy by South Africa. And very smart by  .Asalanka if he realised the no-ball was on and that's why went for it",Linde,Asalanka,1.0,0,0,1,0,2.0,0,,1
"34.5 
4 
Linde to C Karunaratne, FOUR runs 
super shot off the free hit, too short outside off, stands back and cuts fiercely through 
point",34.5,4,4.0,"Linde to C Karunaratne, FOUR runs  .super shot off the free hit, too short outside off, stands back and cuts fiercely through  .point",Linde,C Karunaratne,4.0,1,0,1,1,4.0,0,,1
"34.6 
• 
Linde to C Karunaratne, no run 
tossed up fuller, drifting down, quickly down to sweep it fine 
end of over 357 runs  
SL: 145/6CRR: 4.14  
Chamika Karunaratne13 (35b 1x4) 
Charith Asalanka37 (53b 2x4) 
George Linde 8-1-25-2 
Tabraiz Shamsi 4-0-13-0 
UJACK: ""SL had better use the next 6-8 overs just taking the single, and take the game 
deep to create more scoring opportunities. A bit more scoreboard pressure, and the SL 
spinners can do the rest."" 
On that no-ball that Asalank hoicked to deep midwicket - it appeared he knew there 
would be a no-ball because he drew the umpire's attention to the number of fielders 
right away. Really smart work by him. No wonder coach Mickey Arthur is already so 
impressed by him.",34.6,0,0.0,"Linde to C Karunaratne, no run  .tossed up fuller, drifting down, quickly down to sweep it fine",Linde,C Karunaratne,0.0,0,0,1,1,0.0,0,,0
"35.1 
• 
Shamsi to Asalanka, no run 
wider outside off and turning away, slapped to cover",35.1,0,0.0,"Shamsi to Asalanka, no run  .wider outside off and turning away, slapped to cover",Shamsi,Asalanka,0.0,0,0,1,1,0.0,0,,0
"35.2 
• 
Shamsi to Asalanka, no run 
sharp turn again from outside off, has to stretch out to bunt it to cover",35.2,0,0.0,"Shamsi to Asalanka, no run  .sharp turn again from outside off, has to stretch out to bunt it to cover",Shamsi,Asalanka,0.0,0,0,1,1,0.0,0,,0
"35.3 
2 
Shamsi to Asalanka, 2 runs 
full toss on the pads, whipped through midwicket",35.3,2,2.0,"Shamsi to Asalanka, 2 runs  .full toss on the pads, whipped through midwicket",Shamsi,Asalanka,2.0,0,0,1,1,2.0,0,,1
"35.4 
• 
Shamsi to Asalanka, no run 
fuller on off, pushed to cover, and the fielder makes a diving stop to his right",35.4,0,0.0,"Shamsi to Asalanka, no run  .fuller on off, pushed to cover, and the fielder makes a diving stop to his right",Shamsi,Asalanka,0.0,0,0,1,1,0.0,0,,0
"35.5 
• 
Shamsi to Asalanka, no run 
quicker into him, punch-steered away towards point",35.5,0,0.0,"Shamsi to Asalanka, no run  .quicker into him, punch-steered away towards point",Shamsi,Asalanka,0.0,0,0,1,1,0.0,0,,0
"35.6 
1 
Shamsi to Asalanka, 1 run 
length outside off, not much turn on that, cuts through point 
end of over 363 runs  
SL: 148/6CRR: 4.11  
Charith Asalanka40 (59b 2x4) 
Chamika Karunaratne13 (35b 1x4) 
Tabraiz Shamsi 5-0-16-0 
George Linde 8-1-25-2",35.6,1,1.0,"Shamsi to Asalanka, 1 run  .length outside off, not much turn on that, cuts through point",Shamsi,Asalanka,1.0,0,0,1,1,1.0,0,,1
"36.1 
• 
Linde to Asalanka, no run 
wider line outside off but turning into him, glided to short third man",36.1,0,0.0,"Linde to Asalanka, no run  .wider line outside off but turning into him, glided to short third man",Linde,Asalanka,0.0,0,0,1,1,0.0,0,,0
"36.2 
1 
Linde to Asalanka, 1 run 
length ball, straighter this time, tucked off his pads, backward of square",36.2,1,1.0,"Linde to Asalanka, 1 run  .length ball, straighter this time, tucked off his pads, backward of square",Linde,Asalanka,1.0,0,0,1,1,1.0,0,,1
"36.3 
• 
Linde to C Karunaratne, no run 
good length outside off, stretches forward to defend",36.3,0,0.0,"Linde to C Karunaratne, no run  .good length outside off, stretches forward to defend",Linde,C Karunaratne,0.0,0,0,1,1,0.0,0,,0
"36.4 
1 
Linde to C Karunaratne, 1 run 
length outside off, busily on the front foot to tap it softly towards cover and sprint the 
quick single",36.4,1,1.0,"Linde to C Karunaratne, 1 run  .length outside off, busily on the front foot to tap it softly towards cover and sprint the  .quick single",Linde,C Karunaratne,1.0,0,0,1,1,1.0,0,,1
"36.5 
1 
Linde to Asalanka, 1 run 
fuller, wider outside off, jammed to long-on",36.5,1,1.0,"Linde to Asalanka, 1 run  .fuller, wider outside off, jammed to long-on",Linde,Asalanka,1.0,0,0,1,1,1.0,0,,1
"36.6 
2 
Linde to C Karunaratne, 2 runs 
flatter and shorter, stays back and punches through extra cover 
end of over 375 runs  
SL: 153/6CRR: 4.13  
Chamika Karunaratne16 (38b 1x4) 
Charith Asalanka42 (62b 2x4) 
George Linde 9-1-30-2 
Tabraiz Shamsi 5-0-16-0 
Benjamin Devana: ""Is Asalanka, the new savior of Sri Lanka? This is the so called 
transition after the retirement of Mahela and Sanga. "" -- Asalanka is a great prospect for 
Sri Lanka, but let's not overburden him with comparisons with past legends.",36.6,2,2.0,"Linde to C Karunaratne, 2 runs  .flatter and shorter, stays back and punches through extra cover",Linde,C Karunaratne,2.0,0,0,1,1,2.0,0,,1
"37.1 
1 
Shamsi to Asalanka, 1 run 
slightly shorter and wider outside off, spins a fair way but enough room to stroke it 
through cover",37.1,1,1.0,"Shamsi to Asalanka, 1 run  .slightly shorter and wider outside off, spins a fair way but enough room to stroke it  .through cover",Shamsi,Asalanka,1.0,0,0,1,1,1.0,0,,1
"37.2 
W 
Shamsi to C Karunaratne, OUT 
rapped on the knee roll and been given but of course this is going to be reviewed. If 
there's no bat, then this review shouldn't hold. Was walking across and Shamsi's turn 
beats his attempted glance, struck in front of middle and crashing into leg stump. That 
looked plumb, and it was plumb on review too. 
Chamika Karunaratne lbw b Shamsi 16 (39b 1x4 0x6 44m) SR: 41.02",37.2,W,0.0,"Shamsi to C Karunaratne, OUT  .rapped on the knee roll and been given but of course this is going to be reviewed. If  .there's no bat, then this review shouldn't hold. Was walking across and Shamsi's turn  .beats his attempted glance, struck in front of middle and crashing into leg stump. That  .looked plumb, and it was plumb on review too.  .Chamika Karunaratne lbw b Shamsi 16 (39b 1x4 0x6 44m) SR: 41.02",Shamsi,C Karunaratne,0.0,0,0,1,1,0.0,1,lbw b Shamsi,0
"37.3 
4 
Shamsi to Chameera, FOUR runs 
too full outside off and straight off he's lashed that through cover",37.3,4,4.0,"Shamsi to Chameera, FOUR runs  .too full outside off and straight off he's lashed that through cover",Shamsi,Chameera,4.0,1,0,1,1,4.0,0,,1
"37.4 
1 
Shamsi to Chameera, 1 run 
nice confident stride forward to another full ball and thumps a drive, but straight to mid-
off",37.4,1,1.0,"Shamsi to Chameera, 1 run  .nice confident stride forward to another full ball and thumps a drive, but straight to mid- .off",Shamsi,Chameera,1.0,0,0,1,1,1.0,0,,1
"37.5 
1 
Shamsi to Asalanka, 1 run 
turning away from outside off, slightly short of a length, slapped through point",37.5,1,1.0,"Shamsi to Asalanka, 1 run  .turning away from outside off, slightly short of a length, slapped through point",Shamsi,Asalanka,1.0,0,0,1,1,1.0,0,,1
"37.6 
• 
Shamsi to Chameera, no run 
past the outside edge. Wrong un by Shamsi, pitches on middle and breaks away from 
his forward prod 
end of over 387 runs • 1 wicket 
SL: 160/7CRR: 4.21  
Dushmantha Chameera5 (3b 1x4) 
Charith Asalanka44 (64b 2x4) 
Tabraiz Shamsi 6-0-23-1 
George Linde 9-1-30-2",37.6,0,0.0,"Shamsi to Chameera, no run  .past the outside edge. Wrong un by Shamsi, pitches on middle and breaks away from  .his forward prod",Shamsi,Chameera,0.0,0,0,1,1,0.0,0,,0
"38.1 
• 
Linde to Asalanka, no run 
fuller outside off, turned towards midwicket. Quick single taken, there's a quick throw 
too but the batsman has made it",38.1,0,0.0,"Linde to Asalanka, no run  .fuller outside off, turned towards midwicket. Quick single taken, there's a quick throw  .too but the batsman has made it",Linde,Asalanka,0.0,0,0,1,1,0.0,0,,0
"38.2 
• 
Linde to Asalanka, no run 
fuller and slower outside off, turned to short fine leg by walking across",38.2,0,0.0,"Linde to Asalanka, no run  .fuller and slower outside off, turned to short fine leg by walking across",Linde,Asalanka,0.0,0,0,1,1,0.0,0,,0
"38.3 
1 
Linde to Asalanka, 1 run 
full on off, punched to long-on",38.3,1,1.0,"Linde to Asalanka, 1 run  .full on off, punched to long-on",Linde,Asalanka,1.0,0,0,1,1,1.0,0,,1
"38.4 
• 
Linde to Chameera, no run 
catches the outside edge that falls short of slip but he does well to dive to his rigth, pick 
it up and relase it quickly to the keeper",38.4,0,0.0,"Linde to Chameera, no run  .catches the outside edge that falls short of slip but he does well to dive to his rigth, pick  .it up and relase it quickly to the keeper",Linde,Chameera,0.0,0,0,1,1,0.0,0,,0
"38.5 
• 
Linde to Chameera, no run 
length outside off, stays inside the line pushing forward, the ball goes straight on",38.5,0,0.0,"Linde to Chameera, no run  .length outside off, stays inside the line pushing forward, the ball goes straight on",Linde,Chameera,0.0,0,0,1,1,0.0,0,,0
"38.6 
1 
Linde to Chameera, 1 run 
fuller on the stumps, chipped over the bowler, who jumped to his right with hand 
outstretched but could only get a fingertip to it 
end of over 392 runs  
SL: 162/7CRR: 4.15  
Dushmantha Chameera6 (6b 1x4) 
Charith Asalanka45 (67b 2x4) 
George Linde 10-1-32-2 
Tabraiz Shamsi 6-0-23-1 
Mohamed Jafran: ""We need a player like Jarvo in our team. "" - trust me, nobody needs a 
Jarvo anywhere near a cricket field. It's an invitation to a much more potentially serious 
security breach.",38.6,1,1.0,"Linde to Chameera, 1 run  .fuller on the stumps, chipped over the bowler, who jumped to his right with hand  .outstretched but could only get a fingertip to it",Linde,Chameera,1.0,0,0,1,1,1.0,0,,1
"39.1 
• 
Shamsi to Chameera, no run 
another lbw appeal and reviewed again. This was quicker, skidded through and struck 
him on the front pad. Could be going down and it is going down. Had gone across to 
this and was struck on the outside half of the pad. The ball's turning big, so it was 
missing the stumps",39.1,0,0.0,"Shamsi to Chameera, no run  .another lbw appeal and reviewed again. This was quicker, skidded through and struck  .him on the front pad. Could be going down and it is going down. Had gone across to  .this and was struck on the outside half of the pad. The ball's turning big, so it was  .missing the stumps",Shamsi,Chameera,0.0,0,0,1,1,0.0,0,,0
"39.2 
• 
Shamsi to Chameera, no run 
pushed into the legside",39.2,0,0.0,"Shamsi to Chameera, no run  .pushed into the legside",Shamsi,Chameera,0.0,0,0,1,1,0.0,0,,0
"39.3 
1w 
Shamsi to Chameera, 1 wide 
that one is a bit too far down leg and he'll have to rebowl that",39.3,1w,1.0,"Shamsi to Chameera, 1 wide  .that one is a bit too far down leg and he'll have to rebowl that",Shamsi,Chameera,0.0,0,0,0,0,1.0,0,,1
"39.3 
• 
Shamsi to Chameera, no run 
sharp turn into him but he's right behind it and defends from the crease",39.3,0,0.0,"Shamsi to Chameera, no run  .sharp turn into him but he's right behind it and defends from the crease",Shamsi,Chameera,0.0,0,0,1,1,0.0,0,,0
"39.4 
1 
Shamsi to Chameera, 1 run 
tossed up on off stump, pushed through cover",39.4,1,1.0,"Shamsi to Chameera, 1 run  .tossed up on off stump, pushed through cover",Shamsi,Chameera,1.0,0,0,1,1,1.0,0,,1
"39.5 
• 
Shamsi to Asalanka, no run 
nice loop on leg and turns across, defended on the front foot",39.5,0,0.0,"Shamsi to Asalanka, no run  .nice loop on leg and turns across, defended on the front foot",Shamsi,Asalanka,0.0,0,0,1,1,0.0,0,,0
"39.6 
1 
Shamsi to Asalanka, 1 run 
shorter outside off, cuts it through point to keep strike 
And here's Sreshth back for the final stretch 
end of over 403 runs  
SL: 165/7CRR: 4.12  
Charith Asalanka46 (69b 2x4) 
Dushmantha Chameera7 (10b 1x4) 
Tabraiz Shamsi 7-0-26-1 
George Linde 10-1-32-2",39.6,1,1.0,"Shamsi to Asalanka, 1 run  .shorter outside off, cuts it through point to keep strike  .And here's Sreshth back for the final stretch",Shamsi,Asalanka,1.0,0,0,1,1,1.0,0,,1
"40.1 
1 
Maharaj to Asalanka, 1 run 
good length just outside off. Nudged off his pads to square leg",40.1,1,1.0,"Maharaj to Asalanka, 1 run  .good length just outside off. Nudged off his pads to square leg",Maharaj,Asalanka,1.0,0,0,1,1,1.0,0,,1
"40.2 
• 
Maharaj to Chameera, no run 
full on middle. Big stride forward, and defended back to Maharaj",40.2,0,0.0,"Maharaj to Chameera, no run  .full on middle. Big stride forward, and defended back to Maharaj",Maharaj,Chameera,0.0,0,0,1,1,0.0,0,,0
"40.3 
• 
Maharaj to Chameera, no run 
good length outside off. Turning away. Past the edge to Klaasen",40.3,0,0.0,"Maharaj to Chameera, no run  .good length outside off. Turning away. Past the edge to Klaasen",Maharaj,Chameera,0.0,0,0,1,1,0.0,0,,0
"40.4 
• 
Maharaj to Chameera, no run 
good length around the stumps. skidding through to the keeper as he misses the cut",40.4,0,0.0,"Maharaj to Chameera, no run  .good length around the stumps. skidding through to the keeper as he misses the cut",Maharaj,Chameera,0.0,0,0,1,1,0.0,0,,0
"40.5 
• 
Maharaj to Chameera, no run 
full on leg stump. Looks to flick behind square, but misses. Hits the boot",40.5,0,0.0,"Maharaj to Chameera, no run  .full on leg stump. Looks to flick behind square, but misses. Hits the boot",Maharaj,Chameera,0.0,0,0,1,1,0.0,0,,0
"40.6 
• 
Maharaj to Chameera, no run 
full on middle. Turning across to off stump. Fended off the front foot 
Sabree: ""This is the first Charith Asalanka! The base of Aravinda, Elegance of Sanga and 
Brains of Mahela SL cricket please please preserve him "" 
end of over 411 run  
SL: 166/7CRR: 4.04  
Dushmantha Chameera7 (15b 1x4) 
Charith Asalanka47 (70b 2x4) 
Keshav Maharaj 9-0-29-3 
Tabraiz Shamsi 7-0-26-1",40.6,0,0.0,"Maharaj to Chameera, no run  .full on middle. Turning across to off stump. Fended off the front foot",Maharaj,Chameera,0.0,0,0,1,1,0.0,0,,0
"41.1 
W 
Shamsi to Asalanka, OUT 
stumped? Maybe. Full on off, and turning sharply away. He stretches forward to defend, 
but it goes past the edge. Klaasen very quickly whips the bails off, and keeper-bowler 
are celebrating even before the square umpire goes upstairs. Klaasen must know that 
Asalanka's back leg was outside the crease. UltraEdge also says that there's a tiny 
edge off the bat, and so we don't even need to check for the stumping! Klaasen was 
probably celebrating since he knew it was a caught behind. Out after an important 
innings, bringing Asalanka's very impressive series with the bat to a close. And TV 
replays prove that Asalanka would've been stumped too had he not been caught behind. 
His front leg came out of the crease as he stretched in front. 
Charith Asalanka c †Klaasen b Shamsi 47 (71b 2x4 0x6 114m) SR: 66.19 
LowKey: ""Oh my god, here go the SL Fans making another youngster a future legend 
again, This has been seen so many times before in the last 10 years, but we never learn. 
Stop putting unnecessary pressure on Charith and let him be,""",41.1,W,0.0,"Shamsi to Asalanka, OUT  .stumped? Maybe. Full on off, and turning sharply away. He stretches forward to defend,  .but it goes past the edge. Klaasen very quickly whips the bails off, and keeper-bowler  .are celebrating even before the square umpire goes upstairs. Klaasen must know that  .Asalanka's back leg was outside the crease. UltraEdge also says that there's a tiny  .edge off the bat, and so we don't even need to check for the stumping! Klaasen was  .probably celebrating since he knew it was a caught behind. Out after an important  .innings, bringing Asalanka's very impressive series with the bat to a close. And TV  .replays prove that Asalanka would've been stumped too had he not been caught behind.  .His front leg came out of the crease as he stretched in front.  .Charith Asalanka c †Klaasen b Shamsi 47 (71b 2x4 0x6 114m) SR: 66.19",Shamsi,Asalanka,0.0,0,0,1,1,0.0,1,c †Klaasen b Shamsi,0
"41.2 
• 
Shamsi to Theekshana, no run 
full on off. And the googly first ball to the debutant. Turning just past the outside edge 
as he looks to defend off the front foot 
Ritz: ""Well bowled @sabree",41.2,0,0.0,"Shamsi to Theekshana, no run  .full on off. And the googly first ball to the debutant. Turning just past the outside edge  .as he looks to defend off the front foot",Shamsi,Theekshana,0.0,0,0,1,1,0.0,0,,0
"41.3 
• 
Shamsi to Theekshana, no run 
full on off and turning into middle. Looks to defend. Inside edge to square leg 
one slip, and one leg slip for Theekshana.",41.3,0,0.0,"Shamsi to Theekshana, no run  .full on off and turning into middle. Looks to defend. Inside edge to square leg  .one slip, and one leg slip for Theekshana.",Shamsi,Theekshana,0.0,0,0,1,1,0.0,0,,0
"41.4 
• 
Shamsi to Theekshana, no run 
full on off. Big stride forward, and firmly defended off the front foot",41.4,0,0.0,"Shamsi to Theekshana, no run  .full on off. Big stride forward, and firmly defended off the front foot",Shamsi,Theekshana,0.0,0,0,1,1,0.0,0,,0
"41.5 
1 
Shamsi to Theekshana, 1 run 
good length, outside off. Turning away. Stays on the back foot and cuts it to the deep",41.5,1,1.0,"Shamsi to Theekshana, 1 run  .good length, outside off. Turning away. Stays on the back foot and cuts it to the deep",Shamsi,Theekshana,1.0,0,0,1,1,1.0,0,,1
"41.6 
1 
Shamsi to Chameera, 1 run 
full outside off. Slog sweep that he drags from outside off to Andile at deep midwicket. 
Misfield, but they settle for one 
end of over 422 runs • 1 wicket 
SL: 168/8CRR: 4.00  
Dushmantha Chameera8 (16b 1x4) 
Maheesh Theekshana1 (4b) 
Tabraiz Shamsi 8-0-28-2 
Keshav Maharaj 9-0-29-3 
The way things are going this innings, it appears Phehlukwayo and Mulder are playing 
as pure batters today! Those ten overs from Markram helped.",41.6,1,1.0,"Shamsi to Chameera, 1 run  .full outside off. Slog sweep that he drags from outside off to Andile at deep midwicket.  .Misfield, but they settle for one",Shamsi,Chameera,1.0,0,0,1,1,1.0,0,,1
"42.1 
2 
Maharaj to Chameera, 2 runs 
full on his toes, and flicked to deep midwicket for a couple",42.1,2,2.0,"Maharaj to Chameera, 2 runs  .full on his toes, and flicked to deep midwicket for a couple",Maharaj,Chameera,2.0,0,0,1,1,2.0,0,,1
"42.2 
2 
Maharaj to Chameera, 2 runs 
good length, just outside off. Goes onto the back foot, and works it to deep midwicket. 
They are taking the second because Chameera wants to get back on strike... and the 
throw is good! Is he run out? Nope, safely in 
Ramesh Subraman: ""Did SA ever bowl 40 overs of spin in an ODI before? Is it because 
captain is the spinner?"" -- The highest number of overs previously bowled by spinners by 
SA previously is 33 overs. They are already at over 38. Those 33 overs were in 1996 
(when I was three years old) in Mumbai.",42.2,2,2.0,"Maharaj to Chameera, 2 runs  .good length, just outside off. Goes onto the back foot, and works it to deep midwicket.  .They are taking the second because Chameera wants to get back on strike... and the  .throw is good! Is he run out? Nope, safely in",Maharaj,Chameera,2.0,0,0,1,1,2.0,0,,1
"42.3 
• 
Maharaj to Chameera, no run",42.3,0,0.0,"Maharaj to Chameera, no run",Maharaj,Chameera,0.0,0,0,1,1,0.0,0,,0
"42.4 
4 
Maharaj to Chameera, FOUR runs 
smacked. And Maharaj won't enjoy that. Fullish just outside off. He gets down on one 
knee and drags a slog sweep in the air to cow corner four four. Just inside the 
boundary!",42.4,4,4.0,"Maharaj to Chameera, FOUR runs  .smacked. And Maharaj won't enjoy that. Fullish just outside off. He gets down on one  .knee and drags a slog sweep in the air to cow corner four four. Just inside the  .boundary!",Maharaj,Chameera,4.0,1,0,1,1,4.0,0,,1
"42.5 
1 
Maharaj to Chameera, 1 run 
full just outside off stump. Driven to long off for one",42.5,1,1.0,"Maharaj to Chameera, 1 run  .full just outside off stump. Driven to long off for one",Maharaj,Chameera,1.0,0,0,1,1,1.0,0,,1
"42.6 
• 
Maharaj to Theekshana, no run 
full on middle and leg. Defended off the front foot and Maharaj finishes with 3/38 
Preman : ""As Sri Lanka has 5 Spinners, they should start their inning with a spinner 
(Dananjaya De Sliva) if they are to win this as this is a low scoring game. "" 
 
OneDown: ""Your strength is knowing your weakness first: SL captain said in the pre 
series that he wanted fast throwers for SL training session. To mimic the SA's fast 
bowlers. But looks like SLs weakness is spinners!!!!????"" 
end of over 439 runs  
SL: 177/8CRR: 4.11  
Maheesh Theekshana1 (5b) 
Dushmantha Chameera17 (21b 2x4) 
Keshav Maharaj 10-0-38-3 
Tabraiz Shamsi 8-0-28-2",42.6,0,0.0,"Maharaj to Theekshana, no run  .full on middle and leg. Defended off the front foot and Maharaj finishes with 3/38",Maharaj,Theekshana,0.0,0,0,1,1,0.0,0,,0
"43.1 
• 
Shamsi to Chameera, no run 
full outside off stump. Brings out the cover drive, but can't beat the infielder. Sharp work 
inside the circle",43.1,0,0.0,"Shamsi to Chameera, no run  .full outside off stump. Brings out the cover drive, but can't beat the infielder. Sharp work  .inside the circle",Shamsi,Chameera,0.0,0,0,1,1,0.0,0,,0
"43.2 
• 
Shamsi to Chameera, no run 
full on off. Turning into his pads as he presses forward to defend",43.2,0,0.0,"Shamsi to Chameera, no run  .full on off. Turning into his pads as he presses forward to defend",Shamsi,Chameera,0.0,0,0,1,1,0.0,0,,0
"43.3 
• 
Shamsi to Chameera, no run 
full on off. Turning in slightly. Fended off the front foot again 
Dharshanaj: ""Sri Lanka will miss Akila Dhananjaya for sure..."" -- You never know what the 
debutant Theekshana brings to the table. He's a tidy bowler and SA would not have 
seen much of him.",43.3,0,0.0,"Shamsi to Chameera, no run  .full on off. Turning in slightly. Fended off the front foot again",Shamsi,Chameera,0.0,0,0,1,1,0.0,0,,0
"43.4 
• 
Shamsi to Chameera, no run 
good length on middle, and turning down the leg side. Chameera looks to get out of the 
ball's way but it grazes his thigh pad",43.4,0,0.0,"Shamsi to Chameera, no run  .good length on middle, and turning down the leg side. Chameera looks to get out of the  .ball's way but it grazes his thigh pad",Shamsi,Chameera,0.0,0,0,1,1,0.0,0,,0
"43.5 
• 
Shamsi to Chameera, no run 
full on middle, and turning into leg. Misses the flick, hits the front leg",43.5,0,0.0,"Shamsi to Chameera, no run  .full on middle, and turning into leg. Misses the flick, hits the front leg",Shamsi,Chameera,0.0,0,0,1,1,0.0,0,,0
"43.6 
1 
Shamsi to Chameera, 1 run 
full on off. Skips down the wicket and nudges one to square leg. Just one off the over, 
but importantly for SL he keeps strike 
end of over 441 run  
SL: 178/8CRR: 4.04  
Dushmantha Chameera18 (27b 2x4) 
Maheesh Theekshana1 (5b) 
Tabraiz Shamsi 9-0-29-2 
Keshav Maharaj 10-0-38-3",43.6,1,1.0,"Shamsi to Chameera, 1 run  .full on off. Skips down the wicket and nudges one to square leg. Just one off the over,  .but importantly for SL he keeps strike",Shamsi,Chameera,1.0,0,0,1,1,1.0,0,,1
"44.1 
• 
Rabada to Chameera, no run 
full just outside off stump. Defended away off the front foot",44.1,0,0.0,"Rabada to Chameera, no run  .full just outside off stump. Defended away off the front foot",Rabada,Chameera,0.0,0,0,1,1,0.0,0,,0
"44.2 
2nb 
Rabada to Chameera, (no ball) 1 run 
full outside off, and tapped to cover but Rabada has overstepped again. Freehit for 
Theekshana",44.2,2nb,2.0,"Rabada to Chameera, (no ball) 1 run  .full outside off, and tapped to cover but Rabada has overstepped again. Freehit for  .Theekshana",Rabada,Chameera,1.0,0,0,1,0,2.0,0,,1
"44.2 
• 
Rabada to Theekshana, no run 
good length, wide outside off. He backs away to smack a shot by flat-batting. But he's 
moved way too far down the leg side. Bat is nowhere near the ball. Through to Klaasen 
on the bounce",44.2,0,0.0,"Rabada to Theekshana, no run  .good length, wide outside off. He backs away to smack a shot by flat-batting. But he's  .moved way too far down the leg side. Bat is nowhere near the ball. Through to Klaasen  .on the bounce",Rabada,Theekshana,0.0,0,0,1,1,0.0,0,,0
"44.3 
• 
Rabada to Theekshana, no run 
good length outside off. He makes room and looks to poke at it. But just past the edge 
to the keeper. This was another cutter",44.3,0,0.0,"Rabada to Theekshana, no run  .good length outside off. He makes room and looks to poke at it. But just past the edge  .to the keeper. This was another cutter",Rabada,Theekshana,0.0,0,0,1,1,0.0,0,,0
"44.4 
• 
Rabada to Theekshana, no run 
good length ball angling into him. Tentatively defended off the back foot. Edge rolls 
down to short third man 
Braam: ""Yikes, Rabada is all over the place today!"""" -- Happens. Just an off day. Rhythm 
has seemed off today.",44.4,0,0.0,"Rabada to Theekshana, no run  .good length ball angling into him. Tentatively defended off the back foot. Edge rolls  .down to short third man",Rabada,Theekshana,0.0,0,0,1,1,0.0,0,,0
"44.5 
• 
Rabada to Theekshana, no run 
back of a length, outside off stump. Sways away from the ball's line.",44.5,0,0.0,"Rabada to Theekshana, no run  .back of a length, outside off stump. Sways away from the ball's line.",Rabada,Theekshana,0.0,0,0,1,1,0.0,0,,0
"44.6 
• 
Rabada to Theekshana, no run 
low full toss on middle, and drilled past Rabada. But stopped by mid off 
end of over 452 runs  
SL: 180/8CRR: 4.00  
Maheesh Theekshana1 (10b) 
Dushmantha Chameera19 (29b 2x4) 
Kagiso Rabada 6-0-38-0 
Tabraiz Shamsi 9-0-29-2",44.6,0,0.0,"Rabada to Theekshana, no run  .low full toss on middle, and drilled past Rabada. But stopped by mid off",Rabada,Theekshana,0.0,0,0,1,1,0.0,0,,0
"45.1 
1 
Shamsi to Chameera, 1 run 
tossed up on off. Skips down the ground and looks to whip it through midwicket. But it 
flies away to square leg instead.",45.1,1,1.0,"Shamsi to Chameera, 1 run  .tossed up on off. Skips down the ground and looks to whip it through midwicket. But it  .flies away to square leg instead.",Shamsi,Chameera,1.0,0,0,1,1,1.0,0,,1
"45.2 
• 
Shamsi to Theekshana, no run 
slip comes in. Ball going across the right-hander? Expect the googly. 
 
full on off stump. Turning in actually. Defends off the front foot, but it hits something en 
route to the keeper. Shamsi-Klaasen confused whether to appeal for caught behind or 
lbw. Umpire disinterested for either, so Maharaj reviews. Replays show it's hit the inside 
edge of the bat, then hit the pad, and then the ground before Klaasen grabs it. Review 
gone. 
Francois: ""Just tuned in, is SA seriously using four spinners and KG as the attack?"" -- 
Welcome to the cricket. Rub your eyes. This is not a dream.",45.2,0,0.0,"Shamsi to Theekshana, no run  .slip comes in. Ball going across the right-hander? Expect the googly.  .  .full on off stump. Turning in actually. Defends off the front foot, but it hits something en  .route to the keeper. Shamsi-Klaasen confused whether to appeal for caught behind or  .lbw. Umpire disinterested for either, so Maharaj reviews. Replays show it's hit the inside  .edge of the bat, then hit the pad, and then the ground before Klaasen grabs it. Review  .gone.",Shamsi,Theekshana,0.0,0,0,1,1,0.0,0,,0
"45.3 
• 
Shamsi to Theekshana, no run 
full on off, and turning into him as he tries to defend. Inside-edge, onto his pads, pops 
up in the air but naturally there's no one at short leg",45.3,0,0.0,"Shamsi to Theekshana, no run  .full on off, and turning into him as he tries to defend. Inside-edge, onto his pads, pops  .up in the air but naturally there's no one at short leg",Shamsi,Theekshana,0.0,0,0,1,1,0.0,0,,0
"45.4 
1 
Shamsi to Theekshana, 1 run 
lands safe! He is teasing Shamsi. Good length on leg and turning across to off. Tries to 
nudge it off the back foot to the leg side but a leading edge takes it over the bowler, and 
just beyond him",45.4,1,1.0,"Shamsi to Theekshana, 1 run  .lands safe! He is teasing Shamsi. Good length on leg and turning across to off. Tries to  .nudge it off the back foot to the leg side but a leading edge takes it over the bowler, and  .just beyond him",Shamsi,Theekshana,1.0,0,0,1,1,1.0,0,,1
"45.5 
• 
Shamsi to Chameera, no run 
full on off stump. Turning away as he misses the sweep. Hits the arm. Soft lbw appeal, 
but they know it's not out 
roha: ""Rabada during his earlier days of international cricket had an aura of becoming 
fearsome fast bowler like Shoaib, Waqar, Johnson, Starc etc. Nowadays he is just like a 
regular fast bowler not expected to do something special."" -- He bowls a lot. I believe 
he's bowled the most deliveries among all fast bowlers in international cricket since his 
debut. Plenty of reasons for that. SA's transformation quotas, he's their best fast 
bowler, so yes, he naturally has gotten a bit burnt out.",45.5,0,0.0,"Shamsi to Chameera, no run  .full on off stump. Turning away as he misses the sweep. Hits the arm. Soft lbw appeal,  .but they know it's not out",Shamsi,Chameera,0.0,0,0,1,1,0.0,0,,0
"45.6 
• 
Shamsi to Chameera, no run 
full on middle, and nudged to the leg side. Finishes his spell with a two-for 
end of over 462 runs  
SL: 182/8CRR: 3.95  
Dushmantha Chameera20 (32b 2x4) 
Maheesh Theekshana2 (13b) 
Tabraiz Shamsi 10-0-31-2 
Kagiso Rabada 6-0-38-0",45.6,0,0.0,"Shamsi to Chameera, no run  .full on middle, and nudged to the leg side. Finishes his spell with a two-for",Shamsi,Chameera,0.0,0,0,1,1,0.0,0,,0
"46.1 
2 
Rabada to Theekshana, 2 runs 
back of a length outside off. Nudged, and it's been edged past Klaasen. Is it four? Nope! 
Solid commitment from Linde at third man to dive and stop the four. South Africa 
probably know themselves that it's not an easy surface to bat on",46.1,2,2.0,"Rabada to Theekshana, 2 runs  .back of a length outside off. Nudged, and it's been edged past Klaasen. Is it four? Nope!  .Solid commitment from Linde at third man to dive and stop the four. South Africa  .probably know themselves that it's not an easy surface to bat on",Rabada,Theekshana,2.0,0,0,1,1,2.0,0,,1
"46.2 
• 
Rabada to Theekshana, no run 
good length on off and angling into middle. Backs away and fends off the back foot 
since the ball is following him",46.2,0,0.0,"Rabada to Theekshana, no run  .good length on off and angling into middle. Backs away and fends off the back foot  .since the ball is following him",Rabada,Theekshana,0.0,0,0,1,1,0.0,0,,0
"46.3 
1w 
Rabada to Theekshana, 1 wide 
back of a length, just outside off stump. Gets away from the ball's line",46.3,1w,1.0,"Rabada to Theekshana, 1 wide  .back of a length, just outside off stump. Gets away from the ball's line",Rabada,Theekshana,0.0,0,0,0,0,1.0,0,,1
"46.3 
1 
Rabada to Theekshana, 1 run 
slower ball, length delivery outside off. Tries to drive, but edged to third man 
Jay: ""Until, SA bat we can't compare who is better in Spin.""",46.3,1,1.0,"Rabada to Theekshana, 1 run  .slower ball, length delivery outside off. Tries to drive, but edged to third man",Rabada,Theekshana,1.0,0,0,1,1,1.0,0,,1
"46.4 
• 
Rabada to Chameera, no run 
full and wide outside off stump. Rolls his fingers over the delivery to drop a bit of pace. 
Tries to dive, but past the edge to Klaasen",46.4,0,0.0,"Rabada to Chameera, no run  .full and wide outside off stump. Rolls his fingers over the delivery to drop a bit of pace.  .Tries to dive, but past the edge to Klaasen",Rabada,Chameera,0.0,0,0,1,1,0.0,0,,0
"46.5 
1 
Rabada to Chameera, 1 run 
slower ball, good length outside off. Swivels to pull, and sliced in the air. But lands well 
short of Hendricks at deep midwicket who is running in to try and complete a catch",46.5,1,1.0,"Rabada to Chameera, 1 run  .slower ball, good length outside off. Swivels to pull, and sliced in the air. But lands well  .short of Hendricks at deep midwicket who is running in to try and complete a catch",Rabada,Chameera,1.0,0,0,1,1,1.0,0,,1
"46.6 
• 
Rabada to Theekshana, no run 
end of over 475 runs  
SL: 187/8CRR: 3.97  
Maheesh Theekshana5 (17b) 
Dushmantha Chameera21 (34b 2x4) 
Kagiso Rabada 7-0-43-0 
Tabraiz Shamsi 10-0-31-2 
Andile Phehlukwayo, introduced into the attack in the 48th over.",46.6,0,0.0,"Rabada to Theekshana, no run",Rabada,Theekshana,0.0,0,0,1,1,0.0,0,,0
"47.1 
2 
Phehlukwayo to Chameera, 2 runs 
back of a length slower ball outside off. Angling into off. Nudged off the back foot to 
midwicket for a single",47.1,2,2.0,"Phehlukwayo to Chameera, 2 runs  .back of a length slower ball outside off. Angling into off. Nudged off the back foot to  .midwicket for a single",Phehlukwayo,Chameera,2.0,0,0,1,1,2.0,0,,1
"47.2 
1 
Phehlukwayo to Chameera, 1 run 
full and wide. But keeps the pace down. Bends his knees and cuts to point 
Max Verstarten: ""This is Dushy Chameera's highest total in limited over cricket. What a 
time to do it! A game-changing knock.""",47.2,1,1.0,"Phehlukwayo to Chameera, 1 run  .full and wide. But keeps the pace down. Bends his knees and cuts to point",Phehlukwayo,Chameera,1.0,0,0,1,1,1.0,0,,1
"47.3 
1 
Phehlukwayo to Theekshana, 1 run 
good length ball outside off. Punched to cover for a single 
Dan: ""Is this pitch vastly different from the pitches used in previous two games? "" -- This 
is the same strip as the one used in the 1st ODI. So this innings has effectively been the 
third innings played on this surface, barring some small repairwork from the curators",47.3,1,1.0,"Phehlukwayo to Theekshana, 1 run  .good length ball outside off. Punched to cover for a single",Phehlukwayo,Theekshana,1.0,0,0,1,1,1.0,0,,1
"47.4 
4 
Phehlukwayo to Chameera, FOUR runs 
crucial! Length ball outside off. Throws his bat to it in a bid to cut. Healthy edge, past 
short third man, and that's four to Sri Lanka",47.4,4,4.0,"Phehlukwayo to Chameera, FOUR runs  .crucial! Length ball outside off. Throws his bat to it in a bid to cut. Healthy edge, past  .short third man, and that's four to Sri Lanka",Phehlukwayo,Chameera,4.0,1,0,1,1,4.0,0,,1
"47.5 
1 
Phehlukwayo to Chameera, 1 run 
pace off once again. Full on off, and worked to square leg. Direct hit at the batter's end, 
but Theekshana is safe 
Nine off the over already. SL four away from 200.",47.5,1,1.0,"Phehlukwayo to Chameera, 1 run  .pace off once again. Full on off, and worked to square leg. Direct hit at the batter's end,  .but Theekshana is safe  .Nine off the over already. SL four away from 200.",Phehlukwayo,Chameera,1.0,0,0,1,1,1.0,0,,1
"47.6 
1 
Phehlukwayo to Theekshana, 1 run 
good length, outside off. Punched towards cover again for a single. This time the No. 10 
keeps the strike for next over 
end of over 4810 runs  
SL: 197/8CRR: 4.10  
Maheesh Theekshana7 (19b) 
Dushmantha Chameera29 (38b 3x4) 
Andile Phehlukwayo 1-0-10-0 
Kagiso Rabada 7-0-43-0 
This partnership is now 31. SA must've thought they could roll SL over for under 190. 
Now SL are aiming 210+ with two overs to go. Here's Wiaan Mulder, introduced into the 
attack in the 49th.",47.6,1,1.0,"Phehlukwayo to Theekshana, 1 run  .good length, outside off. Punched towards cover again for a single. This time the No. 10  .keeps the strike for next over",Phehlukwayo,Theekshana,1.0,0,0,1,1,1.0,0,,1
"48.1 
1 
Mulder to Theekshana, 1 run 
good length, outside off. Tapped square to point and they scurry across for one 
Lewis Baconilto: ""@Max Game-changing, I'm not sure yet... confident, impressive, and 
invaluable, without a doubt! """,48.1,1,1.0,"Mulder to Theekshana, 1 run  .good length, outside off. Tapped square to point and they scurry across for one",Mulder,Theekshana,1.0,0,0,1,1,1.0,0,,1
"48.2 
W 
Mulder to Chameera, OUT 
hit well, but oh dear, straight to deep midwicket! Good length just outside off, and he 
gets in position early to whack a shot through deep midwicket. But Malan is right there. 
Couple of steps to his left, and he takes the catch. That was a tracer bullet, just that it 
was hit too close to the fielder. Nonetheless, an important innings, giving the SL bowlers 
just that little bit more to bowl at. 
Dushmantha Chameera c Malan b Mulder 29 (39b 3x4 0x6 52m) SR: 74.35",48.2,W,0.0,"Mulder to Chameera, OUT  .hit well, but oh dear, straight to deep midwicket! Good length just outside off, and he  .gets in position early to whack a shot through deep midwicket. But Malan is right there.  .Couple of steps to his left, and he takes the catch. That was a tracer bullet, just that it  .was hit too close to the fielder. Nonetheless, an important innings, giving the SL bowlers  .just that little bit more to bowl at.  .Dushmantha Chameera c Malan b Mulder 29 (39b 3x4 0x6 52m) SR: 74.35",Mulder,Chameera,0.0,0,0,1,1,0.0,1,c Malan b Mulder,0
"48.3 
• 
Mulder to P Jayawickrama, no run 
nearly two in two! Slower ball first up. Full just outside off. Presses forward to defend, 
but with hard hands. Pops up in the air, but just short of cover!",48.3,0,0.0,"Mulder to P Jayawickrama, no run  .nearly two in two! Slower ball first up. Full just outside off. Presses forward to defend,  .but with hard hands. Pops up in the air, but just short of cover!",Mulder,P Jayawickrama,0.0,0,0,1,1,0.0,0,,0
"48.4 
1 
Mulder to P Jayawickrama, 1 run 
slower ball again. Full outside off. Tries to nudge it towards the leg side. But leading 
edge over cover! 
AkilJ: ""I know it looks like SA got this in the bag but with what the pitch has been doing, 
SL's spinners might surprise.....well, i hope so at least """,48.4,1,1.0,"Mulder to P Jayawickrama, 1 run  .slower ball again. Full outside off. Tries to nudge it towards the leg side. But leading  .edge over cover!",Mulder,P Jayawickrama,1.0,0,0,1,1,1.0,0,,1
"48.5 
1w 
Mulder to Theekshana, 1 wide 
good length ball on middle, and angling down leg. Extra ball, extra run. SL have reached 
200",48.5,1w,1.0,"Mulder to Theekshana, 1 wide  .good length ball on middle, and angling down leg. Extra ball, extra run. SL have reached  .200",Mulder,Theekshana,0.0,0,0,0,0,1.0,0,,1
"48.5 
• 
Mulder to Theekshana, no run 
fullish outside off. Wobbly seam. Presses forward to defend. Just past the outside edge",48.5,0,0.0,"Mulder to Theekshana, no run  .fullish outside off. Wobbly seam. Presses forward to defend. Just past the outside edge",Mulder,Theekshana,0.0,0,0,1,1,0.0,0,,0
"48.6 
• 
Mulder to Theekshana, no run 
good length ball, just outside off. Angling into off. Tapped back off the front foot. And 
Mulder collects, before trying to throw down the stumps at the batter's end. Theekshana 
does very well to get out of the ball's way since he is right in front of the stumps. And 
it's through to the keeper. Bit of a chat between Mulder and the batter after that 
end of over 493 runs • 1 wicket 
SL: 200/9CRR: 4.08  
Maheesh Theekshana8 (22b) 
Praveen Jayawickrama1 (2b) 
Wiaan Mulder 1-0-3-1 
Andile Phehlukwayo 1-0-10-0 
Last over. Rabada. Economy of over six for him today.",48.6,0,0.0,"Mulder to Theekshana, no run  .good length ball, just outside off. Angling into off. Tapped back off the front foot. And  .Mulder collects, before trying to throw down the stumps at the batter's end. Theekshana  .does very well to get out of the ball's way since he is right in front of the stumps. And  .it's through to the keeper. Bit of a chat between Mulder and the batter after that",Mulder,Theekshana,0.0,0,0,1,1,0.0,0,,0
"49.1 
• 
Rabada to P Jayawickrama, no run 
back of a length outside off. Looks to guide it to third man. Past the edge to the keeper",49.1,0,0.0,"Rabada to P Jayawickrama, no run  .back of a length outside off. Looks to guide it to third man. Past the edge to the keeper",Rabada,P Jayawickrama,0.0,0,0,1,1,0.0,0,,0
"49.2 
1 
Rabada to P Jayawickrama, 1 run 
slower ball, length ball outside off. Tucks it down to third man for one",49.2,1,1.0,"Rabada to P Jayawickrama, 1 run  .slower ball, length ball outside off. Tucks it down to third man for one",Rabada,P Jayawickrama,1.0,0,0,1,1,1.0,0,,1
"49.3 
• 
Rabada to Theekshana, no run 
short ball, searing pace. Has to sway away, and shuffle towards the leg side in a bid to 
avoid it",49.3,0,0.0,"Rabada to Theekshana, no run  .short ball, searing pace. Has to sway away, and shuffle towards the leg side in a bid to  .avoid it",Rabada,Theekshana,0.0,0,0,1,1,0.0,0,,0
"49.4 
• 
Rabada to Theekshana, no run 
slower ball. Full and wide outside off. Through to the keeper on the bounce 
Geoff Edwards: ""Did Maharaj get his sums wrong? Why did we have such strange 
bowling changes at the end?"" -- I think he was hoping that SL fold before the 47th over 
so that they didn't need Andile or Wiaan. After that didn't happen, he was forced to use 
the sixth and seventh bowler.",49.4,0,0.0,"Rabada to Theekshana, no run  .slower ball. Full and wide outside off. Through to the keeper on the bounce",Rabada,Theekshana,0.0,0,0,1,1,0.0,0,,0
"49.5 
• 
Rabada to Theekshana, no run 
good length, wider outside off. Bit of a wild swing. Can't connect",49.5,0,0.0,"Rabada to Theekshana, no run  .good length, wider outside off. Bit of a wild swing. Can't connect",Rabada,Theekshana,0.0,0,0,1,1,0.0,0,,0
"49.6 
2 
Rabada to Theekshana, 2 runs 
full and wide, outside off. Toe-ends a shot to long on for two. Rabada concedes three 
off the 50th and Sri Lanka finish on 203 for 9 
6.03pm So here's the thing. South Africa would be happy with the target. But so would 
Sri Lanka, especially after being 166 for 8. One thing is for certain, spinners and change-
of-pace fast bowlers are best placed for success on this deck. Also the first time that 
South Africa have bowled 40 overs of spin, seven more overs than their previous record 
of 33. What Sri Lanka will be disappointed with is the manner some of their batters got 
out: Dasun Shanaka, Wanindu Hasaranga and Dinesh Chandimal to some extent. 
Keshav Maharaj was top of his game with the reviews, George Linde provided control, 
and Tabraiz Shamsi was unlucky not taking more than two wickets today. But Sri Lanka 
have two men to thank for the total of 203. Charith Asalanka nearly got his third-straight 
fifty in the series, making 47, and Dushmantha Chameera with his rearguard batting to 
ensure Sri Lanka last the whole 50 overs. We'll be back in 30 minutes with the second 
innings. I have a funny feeling this game is going down to the wire. Both sides will be 
aching for the win, remember neither has won an ODI series in 18 months! 
end of over 503 runs  
SL: 203/9CRR: 4.06  
Maheesh Theekshana10 (26b) 
Praveen Jayawickrama2 (4b) 
Kagiso Rabada 8-0-46-0 
Wiaan Mulder 1-0-3-1 
Sponsored Headlines 
 
Former Australia spinner Stuart MacGill acquitted of major drug supply guilty of lesser 
charge | ESPNcricinfoDiscover 
 
Ipl 2025 से पहले shubman gill ने अपनी और Gujarat titans की रणनीित पर चचार् की | 
ESPNcricinfoDiscover 
 
The Michael J. Fox Foundation| 
Sponsored by TaboolaSponsored by Taboola 
Learn more 
Discover the Best Diet for Brain HealthRead MoreSkip 
 
New South Wales coach sees Konstas reining in his audacious style | 
ESPNcricinfoDiscover 
 
IPL 2025 - Kohli's U-19 World Cup team-mate Srivastava returns to IPL as umpire | 
ESPNcricinfoDiscover 
 
Eating to Boost Brain Health: Here's HowExplore our complete guide to brain-healthy 
foods. Learn how diet can improve memory, focus, and overall brain function.The 
Michael J. Fox Foundation| 
SponsoredSponsored 
Learn more 
Undo 
 
Flight Attendant Reveals How To Fly Business Class For The Price of 
EconomyAmericans, you'll want to check this out ASAPOnline Shopping Tools| 
SponsoredSponsored 
Undo 
 
Audiologists: Don't Buy Expensive Hearing Aids (Do This Instead)Try it tonight!Top 
Trending News Today| 
SponsoredSponsored 
Learn More 
Undo 
 
Neurologists Amazed: These Barefoot Shoes Help Seniors Lose Weight and Live a Life 
with Less PainBarefoot Shoes are the Ultimate Weight Loss Tool for 2025.Barefoot 
Vitality| 
SponsoredSponsored 
Learn More 
Undo 
 
Why Young Athletes Are Training With BlazePod!Coaches and parents love BlazePod for 
boosting speed, agility, and focus. See how it’s transforming youth training!BlazePod| 
SponsoredSponsored 
Shop Now 
Undo 
 
Amazon's Worst Nightmare: Thousands Canceling Prime for This Clever HackThis 
simple trick can save tons of money on Amazon, but most Prime members are ignoring 
it.Online Shopping Tools| 
SponsoredSponsored 
Undo 
 
Manage APIs the Kubernetes WayDeploy, manage, and scale APIs seamlessly with 
WSO2 API Platform for Kubernetes: ✅ K8s-Native API Management: Define APIs as 
CRDs ✅ Powered by Envoy Proxy ✅ K8s Gateway API Standard support: CNCF K8s API 
Gateway Compliant ✅ Fully Open Source Manage APIs the Kubernetes way with WSO2 
API Platform for Kubernetes. !! Get started today!WSO2| 
SponsoredSponsored 
Download 
Undo 
 
Seniors Born 1941-1979 Receive 55 Benefits This Month if They AskRidiculous benefits 
seniors are entitled to in 2025, but often forget to claim.WalletJump| 
SponsoredSponsored 
Learn More 
Undo 
 
Thousands of Men Rave About the Cozy Polo Shirts.Bestbestones| 
SponsoredSponsored 
Shop Now 
Undo 
Sponsored  
 
Discover the Top Four Truths for a Healthy BrainDownload this free guide to learn four 
truths that can help you navigate everyday behaviors to keep your brain health in 
focus.The Michael J. Fox Foundation| 
SponsoredSponsored 
Learn more 
Undo 
 
Temu Clearance SaleTemu Clearance Sale, where unbeatable discounts meet your 
shopping needsTEMU| 
SponsoredSponsored 
Shop Now 
Undo 
 
How Long Does $1 Million Last After 60?Get “The Definitive Guide to Retirement 
Income” to learn seven ways to grow your portfolio.Fisher Investments| 
SponsoredSponsored 
Learn More 
Undo 
 
 
Language 
English 
Match Coverage 
All Match News 
 
Which batter has the biggest difference between 
averages in wins and defeats in Tests? 
And what's the record for the most consecutive Test appearances by a player against 
the same opposition? 
 
 
 
Dasun Shanaka: Maheesh Theekshana won't be easy to 
read for any team 
Theekshana picked up 4 for 37, the best-ever returns for a Sri Lanka debutant 
Replay Video
Replay Video
 
 
 
Mark Boucher rues batting failure as pressure grows on 
World Cup qualification 
The balance of South Africa's side came into focus with results suggesting they were a 
batter short 
 
 
 
Stats - A spin-fest in Colombo 
Key numbers from the third ODI between Sri Lanka and South Africa 
 
 
 
Debutant Maheesh Theekshana spins Sri Lanka to series 
victory 
The mystery spinner took 4 for 37 as SA folded for 125 in 30 overs 
 
 
 
Instant answers to T20 questions 
What is the highest total chased in men's T20 World Cups? 
Most sixes in an innings by a batter in men's T20 World Cups? 
Who has taken the most Powerplay wickets in men's T20 World Cups? 
Ask a question 
South Africa Innings 
Player Name 
R 
B 
JN Malan 
caught 
18 19 
AK Markram caught 
2 
4 
RR 
Hendricks 
bowled 
1 
7 
HE van der 
Dussen 
caught 
5 
5 
H Klaasen 
lbw 
22 30 
PWA Mulder bowled 
2 
7 
AL 
Phehlukwayo caught 
17 36 
GF Linde 
caught 
18 24 
K Rabada 
caught 
8 
13 
KA Maharaj 
caught 
15 17 
T Shamsi 
not out 
9 
19 
Extras 
(lb 1, nb 1, w 6) 
Total 
125(10 wkts; 30 ovs) 
Player Name 
O M R W Econ 
PVD Chameera 4 1 16 2 
4 
P Jayawickrama 4 0 18 1",49.6,2,2.0,"Rabada to Theekshana, 2 runs  .full and wide, outside off. Toe-ends a shot to long on for two. Rabada concedes three  .off the 50th and Sri Lanka finish on 203 for 9",Rabada,Theekshana,2.0,0,0,1,1,2.0,0,,1
