raw_data,overs,runs,team_runs,commentary,bowler,batsman,batsman_runs,batsman_fours,batsman_sixes,batsman_bowls_faced,bowler_bowls_done,bowler_runs_given,bowler_wickets,dismissal,runs_given_bool
"0.1 
• 
Mpofu to Upul Tharanga, no run 
and an appeal right away, some movement from the seam, hits Tharanga on the knee 
roll, umpire says not out, looked to be a bit high, might have been going down leg",0.1,0,0.0,"Mpofu to Upul Tharanga, no run  .and an appeal right away, some movement from the seam, hits Tharanga on the knee  .roll, umpire says not out, looked to be a bit high, might have been going down leg",Mpofu,Upul Tharanga,0.0,0,0,1,1,0.0,0,,0
"0.2 
• 
Mpofu to Upul Tharanga, no run 
comes forward and eases a fuller one towards mid off",0.2,0,0.0,"Mpofu to Upul Tharanga, no run  .comes forward and eases a fuller one towards mid off",Mpofu,Upul Tharanga,0.0,0,0,1,1,0.0,0,,0
"0.3 
• 
Mpofu to Upul Tharanga, no run 
just around a length and going across Tharanga who comes out and blocks it towards 
covers",0.3,0,0.0,"Mpofu to Upul Tharanga, no run  .just around a length and going across Tharanga who comes out and blocks it towards  .covers",Mpofu,Upul Tharanga,0.0,0,0,1,1,0.0,0,,0
"0.4 
4 
Mpofu to Upul Tharanga, FOUR runs 
and he is away now, gets one pitched up and slightly wide outside off, Tharanga's zone 
all the way, gets the foot out and sends it between the gap between cover and point",0.4,4,4.0,"Mpofu to Upul Tharanga, FOUR runs  .and he is away now, gets one pitched up and slightly wide outside off, Tharanga's zone  .all the way, gets the foot out and sends it between the gap between cover and point",Mpofu,Upul Tharanga,4.0,1,0,1,1,4.0,0,,1
"0.5 
1 
Mpofu to Upul Tharanga, 1 run 
goes straighter now, on the stumps, Tharanga shuffles and works it wide of midwicket",0.5,1,1.0,"Mpofu to Upul Tharanga, 1 run  .goes straighter now, on the stumps, Tharanga shuffles and works it wide of midwicket",Mpofu,Upul Tharanga,1.0,0,0,1,1,1.0,0,,1
"0.6 
1 
Mpofu to Dilshan, 1 run 
Dilshan looks for the flailing drive through covers, it is too close to off stump, and he 
closes the face of the bat to hit it away to mid on 
end of over 16 runs  
SL: 6/0CRR: 6.00  
Tillakaratne Dilshan1 (1b) 
Upul Tharanga5 (5b 1x4) 
Chris Mpofu 1-0-6-0 
Panyangara on from the other end",0.6,1,1.0,"Mpofu to Dilshan, 1 run  .Dilshan looks for the flailing drive through covers, it is too close to off stump, and he  .closes the face of the bat to hit it away to mid on",Mpofu,Dilshan,1.0,0,0,1,1,1.0,0,,1
"1.1 
4 
Panyangara to Dilshan, FOUR runs 
skiddy length delivery that angles in to the pads, Dilshan goes through the straight drive 
with a flick of the wrists, and mid on dives over the ball to let it through",1.1,4,4.0,"Panyangara to Dilshan, FOUR runs  .skiddy length delivery that angles in to the pads, Dilshan goes through the straight drive  .with a flick of the wrists, and mid on dives over the ball to let it through",Panyangara,Dilshan,4.0,1,0,1,1,4.0,0,,1
"1.2 
6 
Panyangara to Dilshan, SIX runs 
hammered, this could be painful for Zimbabwe if they don't sort out Dilshan, who gets 
one marginally short and latches on to it hungrily, pulling it over deep midwicket into the 
grass banks",1.2,6,6.0,"Panyangara to Dilshan, SIX runs  .hammered, this could be painful for Zimbabwe if they don't sort out Dilshan, who gets  .one marginally short and latches on to it hungrily, pulling it over deep midwicket into the  .grass banks",Panyangara,Dilshan,6.0,0,1,1,1,6.0,0,,1
"1.3 
4 
Panyangara to Dilshan, FOUR runs 
this time he goes full, but provides Dilshan just a hint of width outside off stump, 
mistake, he latches on to it with that whiplash drive that goes in the huge gap between 
extra cover and mid off, horror start for Panyangara",1.3,4,4.0,"Panyangara to Dilshan, FOUR runs  .this time he goes full, but provides Dilshan just a hint of width outside off stump,  .mistake, he latches on to it with that whiplash drive that goes in the huge gap between  .extra cover and mid off, horror start for Panyangara",Panyangara,Dilshan,4.0,1,0,1,1,4.0,0,,1
"1.4 
4 
Panyangara to Dilshan, FOUR runs 
more trouble for Zimbabwe, this time Dilshan gets on top of one that bounces outside 
off stump, cuts hard, and the ball races past point and beats squarish third man who 
was hardly a few paces from it",1.4,4,4.0,"Panyangara to Dilshan, FOUR runs  .more trouble for Zimbabwe, this time Dilshan gets on top of one that bounces outside  .off stump, cuts hard, and the ball races past point and beats squarish third man who  .was hardly a few paces from it",Panyangara,Dilshan,4.0,1,0,1,1,4.0,0,,1
"1.5 
• 
Panyangara to Dilshan, no run 
finally some respite for the bowler, Dilshan defends an angled delivery with the 
straightest of bats in to the off side",1.5,0,0.0,"Panyangara to Dilshan, no run  .finally some respite for the bowler, Dilshan defends an angled delivery with the  .straightest of bats in to the off side",Panyangara,Dilshan,0.0,0,0,1,1,0.0,0,,0
"1.6 
• 
Panyangara to Dilshan, no run 
another one blocked in to the off side, still 18 runs off this over 
end of over 218 runs  
SL: 24/0CRR: 12.00  
Tillakaratne Dilshan19 (7b 3x4 1x6) 
Upul Tharanga5 (5b 1x4) 
Tinashe Panyangara 1-0-18-0 
Chris Mpofu 1-0-6-0",1.6,0,0.0,"Panyangara to Dilshan, no run  .another one blocked in to the off side, still 18 runs off this over",Panyangara,Dilshan,0.0,0,0,1,1,0.0,0,,0
"2.1 
• 
Mpofu to Upul Tharanga, no run 
too close to off stump for Tharanga to go for the drive, eases it away to short extra 
cover",2.1,0,0.0,"Mpofu to Upul Tharanga, no run  .too close to off stump for Tharanga to go for the drive, eases it away to short extra  .cover",Mpofu,Upul Tharanga,0.0,0,0,1,1,0.0,0,,0
"2.2 
4 
Mpofu to Upul Tharanga, FOUR runs 
this will help, poor bowling, gentle full delivery way outside off stump, Tharanga loves it 
there, and reaches out to smash it over covers",2.2,4,4.0,"Mpofu to Upul Tharanga, FOUR runs  .this will help, poor bowling, gentle full delivery way outside off stump, Tharanga loves it  .there, and reaches out to smash it over covers",Mpofu,Upul Tharanga,4.0,1,0,1,1,4.0,0,,1
"2.3 
1 
Mpofu to Upul Tharanga, 1 run 
goes leg stump now, and Tharanga flicks it away wide of midwicket 
Bruce: ""Hope they issued hard hats to the crowd. Go Dishan, you good thing!!!""",2.3,1,1.0,"Mpofu to Upul Tharanga, 1 run  .goes leg stump now, and Tharanga flicks it away wide of midwicket",Mpofu,Upul Tharanga,1.0,0,0,1,1,1.0,0,,1
"2.4 
4 
Mpofu to Dilshan, FOUR runs 
whoops, Dilshan is in some mood today, not much wrong with this one, slowish length 
ball around middle, but Dilshan shuffles a bit and heaves it away with those wrists 
backward of square leg, and fine leg had no chance",2.4,4,4.0,"Mpofu to Dilshan, FOUR runs  .whoops, Dilshan is in some mood today, not much wrong with this one, slowish length  .ball around middle, but Dilshan shuffles a bit and heaves it away with those wrists  .backward of square leg, and fine leg had no chance",Mpofu,Dilshan,4.0,1,0,1,1,4.0,0,,1
"2.5 
• 
Mpofu to Dilshan, no run 
looks to pull this one away through midwicket, but gets an inside edge on to body pad 
and close to off stump",2.5,0,0.0,"Mpofu to Dilshan, no run  .looks to pull this one away through midwicket, but gets an inside edge on to body pad  .and close to off stump",Mpofu,Dilshan,0.0,0,0,1,1,0.0,0,,0
"2.6 
• 
Mpofu to Dilshan, no run 
slower one this time, well bowled, he picks it late and defends it down the track 
end of over 39 runs  
SL: 33/0CRR: 11.00  
Tillakaratne Dilshan23 (10b 4x4 1x6) 
Upul Tharanga10 (8b 2x4) 
Chris Mpofu 2-0-15-0 
Tinashe Panyangara 1-0-18-0",2.6,0,0.0,"Mpofu to Dilshan, no run  .slower one this time, well bowled, he picks it late and defends it down the track",Mpofu,Dilshan,0.0,0,0,1,1,0.0,0,,0
"3.1 
• 
Panyangara to Upul Tharanga, no run 
bounces outside off stump from short of a good length, left alone quietly",3.1,0,0.0,"Panyangara to Upul Tharanga, no run  .bounces outside off stump from short of a good length, left alone quietly",Panyangara,Upul Tharanga,0.0,0,0,1,1,0.0,0,,0
"3.2 
1 
Panyangara to Upul Tharanga, 1 run 
better start from Panyangara to the over, fuller now around off and Tharanga drives it 
without power to mid off 
Atif: ""I can't believe this ! i just changed my captain from Dilshan to Malinga minutes 
before the toss.""",3.2,1,1.0,"Panyangara to Upul Tharanga, 1 run  .better start from Panyangara to the over, fuller now around off and Tharanga drives it  .without power to mid off",Panyangara,Upul Tharanga,1.0,0,0,1,1,1.0,0,,1
"3.3 
1 
Panyangara to Dilshan, 1 run 
again Dilshan latches on to one that is marginally short, doesn't bounce as much as 
Dilshan expected but he still pulls it away, there is man at deep midwicket now",3.3,1,1.0,"Panyangara to Dilshan, 1 run  .again Dilshan latches on to one that is marginally short, doesn't bounce as much as  .Dilshan expected but he still pulls it away, there is man at deep midwicket now",Panyangara,Dilshan,1.0,0,0,1,1,1.0,0,,1
"3.4 
• 
Panyangara to Upul Tharanga, no run 
bit of width outside off stump, he opens the face to guide it to backward point",3.4,0,0.0,"Panyangara to Upul Tharanga, no run  .bit of width outside off stump, he opens the face to guide it to backward point",Panyangara,Upul Tharanga,0.0,0,0,1,1,0.0,0,,0
"3.5 
• 
Panyangara to Upul Tharanga, no run 
good over so far, cramps him for room with one on the stumps, pushed away in to the 
leg side",3.5,0,0.0,"Panyangara to Upul Tharanga, no run  .good over so far, cramps him for room with one on the stumps, pushed away in to the  .leg side",Panyangara,Upul Tharanga,0.0,0,0,1,1,0.0,0,,0
"3.6 
• 
Panyangara to Upul Tharanga, no run 
and almost gets Tharanga this time, had him feeling for one that was angled across on 
off stump, Tharanga brought down an angled bat, and the inside edge rolled away 
perilously close to the stumps 
end of over 42 runs  
SL: 35/0CRR: 8.75  
Upul Tharanga11 (13b 2x4) 
Tillakaratne Dilshan24 (11b 4x4 1x6) 
Tinashe Panyangara 2-0-20-0 
Chris Mpofu 2-0-15-0 
Zimbabwe are back to normal service now, as Ray Price comes on to bowl",3.6,0,0.0,"Panyangara to Upul Tharanga, no run  .and almost gets Tharanga this time, had him feeling for one that was angled across on  .off stump, Tharanga brought down an angled bat, and the inside edge rolled away  .perilously close to the stumps",Panyangara,Upul Tharanga,0.0,0,0,1,1,0.0,0,,0
"4.1 
• 
Price to Dilshan, no run 
pushed through flat on middle stump, some turn, he plays it out towards covers",4.1,0,0.0,"Price to Dilshan, no run  .pushed through flat on middle stump, some turn, he plays it out towards covers",Price,Dilshan,0.0,0,0,1,1,0.0,0,,0
"4.2 
1 
Price to Dilshan, 1 run 
coming slowly on middle stump from a length, he goes back and works it away in front 
of square leg",4.2,1,1.0,"Price to Dilshan, 1 run  .coming slowly on middle stump from a length, he goes back and works it away in front  .of square leg",Price,Dilshan,1.0,0,0,1,1,1.0,0,,1
"4.3 
1 
Price to Upul Tharanga, 1 run 
bowled quicker and very flat, he pushes hard at it",4.3,1,1.0,"Price to Upul Tharanga, 1 run  .bowled quicker and very flat, he pushes hard at it",Price,Upul Tharanga,1.0,0,0,1,1,1.0,0,,1
"4.4 
4 
Price to Dilshan, FOUR runs 
Dilshan takes Price on, lovely use of the feet, gets to the pitch and opens up to drive it 
past short extra cover",4.4,4,4.0,"Price to Dilshan, FOUR runs  .Dilshan takes Price on, lovely use of the feet, gets to the pitch and opens up to drive it  .past short extra cover",Price,Dilshan,4.0,1,0,1,1,4.0,0,,1
"4.5 
• 
Price to Dilshan, no run 
nudged backward of square off the back foot",4.5,0,0.0,"Price to Dilshan, no run  .nudged backward of square off the back foot",Price,Dilshan,0.0,0,0,1,1,0.0,0,,0
"4.6 
• 
Price to Dilshan, no run 
thinks about the charge again, but stays in the crease to block this ball coming in with 
the angle on the leg side 
end of over 56 runs  
SL: 41/0CRR: 8.20  
Tillakaratne Dilshan29 (16b 5x4 1x6) 
Upul Tharanga12 (14b 2x4) 
Ray Price 1-0-6-0 
Tinashe Panyangara 2-0-20-0",4.6,0,0.0,"Price to Dilshan, no run  .thinks about the charge again, but stays in the crease to block this ball coming in with  .the angle on the leg side",Price,Dilshan,0.0,0,0,1,1,0.0,0,,0
"5.1 
• 
Panyangara to Upul Tharanga, no run 
111.6 slower one, he adjusts the front foot movement to push it away in to covers",5.1,0,0.0,"Panyangara to Upul Tharanga, no run  .111.6 slower one, he adjusts the front foot movement to push it away in to covers",Panyangara,Upul Tharanga,0.0,0,0,1,1,0.0,0,,0
"5.2 
• 
Panyangara to Upul Tharanga, no run 
short and wide, but he cannot capitalise as he reaches out to play the cut, the ball kept 
low, that's why",5.2,0,0.0,"Panyangara to Upul Tharanga, no run  .short and wide, but he cannot capitalise as he reaches out to play the cut, the ball kept  .low, that's why",Panyangara,Upul Tharanga,0.0,0,0,1,1,0.0,0,,0
"5.3 
2 
Panyangara to Upul Tharanga, 2 runs 
steers this one that is not that wide outside off stump, and it goes through gully's hands 
wide of third man",5.3,2,2.0,"Panyangara to Upul Tharanga, 2 runs  .steers this one that is not that wide outside off stump, and it goes through gully's hands  .wide of third man",Panyangara,Upul Tharanga,2.0,0,0,1,1,2.0,0,,1
"5.4 
4 
Panyangara to Upul Tharanga, FOUR runs 
Tharanga lofts wide of mid on, and Tharanga gets four, friendly length delivery around 
middle and leg stump, and he goes through with the swing, and mid on's desperate dive 
was in vain",5.4,4,4.0,"Panyangara to Upul Tharanga, FOUR runs  .Tharanga lofts wide of mid on, and Tharanga gets four, friendly length delivery around  .middle and leg stump, and he goes through with the swing, and mid on's desperate dive  .was in vain",Panyangara,Upul Tharanga,4.0,1,0,1,1,4.0,0,,1
"5.5 
1 
Panyangara to Upul Tharanga, 1 run 
makes some room outside leg stump now to one that is short of a length, and steers it 
to third man",5.5,1,1.0,"Panyangara to Upul Tharanga, 1 run  .makes some room outside leg stump now to one that is short of a length, and steers it  .to third man",Panyangara,Upul Tharanga,1.0,0,0,1,1,1.0,0,,1
"5.6 
• 
Panyangara to Dilshan, no run 
he had set himself up for the slap-drive through extra cover, but it came in off the seam, 
and he under-edged it close to the stumps, he thought he could at least get a single, but 
point was quick to get to the ball 
end of over 67 runs  
SL: 48/0CRR: 8.00  
Tillakaratne Dilshan29 (17b 5x4 1x6) 
Upul Tharanga19 (19b 3x4) 
Tinashe Panyangara 3-0-27-0 
Ray Price 1-0-6-0",5.6,0,0.0,"Panyangara to Dilshan, no run  .he had set himself up for the slap-drive through extra cover, but it came in off the seam,  .and he under-edged it close to the stumps, he thought he could at least get a single, but  .point was quick to get to the ball",Panyangara,Dilshan,0.0,0,0,1,1,0.0,0,,0
"6.1 
• 
Price to Upul Tharanga, no run 
goes a long way outside leg stump, and looks to cut this one away, but hits it to extra 
cover in the end",6.1,0,0.0,"Price to Upul Tharanga, no run  .goes a long way outside leg stump, and looks to cut this one away, but hits it to extra  .cover in the end",Price,Upul Tharanga,0.0,0,0,1,1,0.0,0,,0
"6.2 
1 
Price to Upul Tharanga, 1 run 
gets a thick inside edge that goes towards square leg as he looks to drive through 
midwicket",6.2,1,1.0,"Price to Upul Tharanga, 1 run  .gets a thick inside edge that goes towards square leg as he looks to drive through  .midwicket",Price,Upul Tharanga,1.0,0,0,1,1,1.0,0,,1
"6.3 
• 
Price to Dilshan, no run 
has Dilshan charging out again, with one that dipped on the batsman, and he lofts it on 
the bounce to mid off",6.3,0,0.0,"Price to Dilshan, no run  .has Dilshan charging out again, with one that dipped on the batsman, and he lofts it on  .the bounce to mid off",Price,Dilshan,0.0,0,0,1,1,0.0,0,,0
"6.4 
1w 
Price to Dilshan, 1 wide 
goes down on a knee for the sweep, but the ball is fired wide down the leg side",6.4,1w,1.0,"Price to Dilshan, 1 wide  .goes down on a knee for the sweep, but the ball is fired wide down the leg side",Price,Dilshan,0.0,0,0,0,0,1.0,0,,1
"6.4 
4 
Price to Dilshan, FOUR runs 
and again he skips down the track, this time gets nicely to the pitch of the ball, and lifts 
it over mid off for a boundary",6.4,4,4.0,"Price to Dilshan, FOUR runs  .and again he skips down the track, this time gets nicely to the pitch of the ball, and lifts  .it over mid off for a boundary",Price,Dilshan,4.0,1,0,1,1,4.0,0,,1
"6.5 
• 
Price to Dilshan, no run 
almost got him this time, Dilshan is in a big hurry, rushes down the track again, but is 
beaten in flight this time, and squeezes the ball on the off side close to the keeper",6.5,0,0.0,"Price to Dilshan, no run  .almost got him this time, Dilshan is in a big hurry, rushes down the track again, but is  .beaten in flight this time, and squeezes the ball on the off side close to the keeper",Price,Dilshan,0.0,0,0,1,1,0.0,0,,0
"6.6 
• 
Price to Dilshan, no run 
angled down the pads, he looks to pull it away behind square leg, cannot get the timing 
on the shot 
end of over 76 runs  
SL: 54/0CRR: 7.71  
Tillakaratne Dilshan33 (21b 6x4 1x6) 
Upul Tharanga20 (21b 3x4) 
Ray Price 2-0-12-0 
Tinashe Panyangara 3-0-27-0",6.6,0,0.0,"Price to Dilshan, no run  .angled down the pads, he looks to pull it away behind square leg, cannot get the timing  .on the shot",Price,Dilshan,0.0,0,0,1,1,0.0,0,,0
"7.1 
1 
Panyangara to Upul Tharanga, 1 run 
stays in the crease and pushes a length ball to mid on and brings Dilshan on strike",7.1,1,1.0,"Panyangara to Upul Tharanga, 1 run  .stays in the crease and pushes a length ball to mid on and brings Dilshan on strike",Panyangara,Upul Tharanga,1.0,0,0,1,1,1.0,0,,1
"7.2 
1 
Panyangara to Dilshan, 1 run 
Dilshan is living dangerously, gets away again, surprised him with the bouncer, he 
looked to belatedly hook, but the top edge fell just short of short fine leg, maybe he 
could have come in a bit faster",7.2,1,1.0,"Panyangara to Dilshan, 1 run  .Dilshan is living dangerously, gets away again, surprised him with the bouncer, he  .looked to belatedly hook, but the top edge fell just short of short fine leg, maybe he  .could have come in a bit faster",Panyangara,Dilshan,1.0,0,0,1,1,1.0,0,,1
"7.3 
• 
Panyangara to Upul Tharanga, no run 
driven confidently off the front foot to mid off",7.3,0,0.0,"Panyangara to Upul Tharanga, no run  .driven confidently off the front foot to mid off",Panyangara,Upul Tharanga,0.0,0,0,1,1,0.0,0,,0
"7.4 
• 
Panyangara to Upul Tharanga, no run 
closer to off stump now, blocked away tho short extra cover 
Nikesh: ""Sri Lanka look like if they want to send out a statement to the other big teams 
in the tournament that though they have lost a game already they are still strong 
contenders.""",7.4,0,0.0,"Panyangara to Upul Tharanga, no run  .closer to off stump now, blocked away tho short extra cover",Panyangara,Upul Tharanga,0.0,0,0,1,1,0.0,0,,0
"7.5 
• 
Panyangara to Upul Tharanga, no run 
no room for Tharanga to work this one away, he plays it out on the leg side",7.5,0,0.0,"Panyangara to Upul Tharanga, no run  .no room for Tharanga to work this one away, he plays it out on the leg side",Panyangara,Upul Tharanga,0.0,0,0,1,1,0.0,0,,0
"7.6 
1w 
Panyangara to Upul Tharanga, 1 wide 
goes for the yorker, gets it very full too, but marginally down the pads, they call them 
wides in limited-overs cricket",7.6,1w,1.0,"Panyangara to Upul Tharanga, 1 wide  .goes for the yorker, gets it very full too, but marginally down the pads, they call them  .wides in limited-overs cricket",Panyangara,Upul Tharanga,0.0,0,0,0,0,1.0,0,,1
"7.6 
1 
Panyangara to Upul Tharanga, 1 run 
slower one now, but it has some width, he steers it down to third man 
end of over 84 runs  
SL: 58/0CRR: 7.25  
Upul Tharanga22 (26b 3x4) 
Tillakaratne Dilshan34 (22b 6x4 1x6) 
Tinashe Panyangara 4-0-31-0 
Ray Price 2-0-12-0",7.6,1,1.0,"Panyangara to Upul Tharanga, 1 run  .slower one now, but it has some width, he steers it down to third man",Panyangara,Upul Tharanga,1.0,0,0,1,1,1.0,0,,1
"8.1 
1 
Price to Upul Tharanga, 1 run 
this time it's Tharanga's chance to get away, Price is getting them in all sorts of trouble, 
tharanga got too close to a flighted one, but his lofted shot fell way short of long on",8.1,1,1.0,"Price to Upul Tharanga, 1 run  .this time it's Tharanga's chance to get away, Price is getting them in all sorts of trouble,  .tharanga got too close to a flighted one, but his lofted shot fell way short of long on",Price,Upul Tharanga,1.0,0,0,1,1,1.0,0,,1
"8.2 
4 
Price to Dilshan, FOUR runs 
this is what Dilshan was looking to do earlier, Price fires one in just a bit short and on 
the pads, he swivels and pulls it over square leg",8.2,4,4.0,"Price to Dilshan, FOUR runs  .this is what Dilshan was looking to do earlier, Price fires one in just a bit short and on  .the pads, he swivels and pulls it over square leg",Price,Dilshan,4.0,1,0,1,1,4.0,0,,1
"8.3 
• 
Price to Dilshan, no run 
Dilshan is in a tearing hurry, comes down the track for that inside out drive through 
covers, but it goes on the bounce to extra cover",8.3,0,0.0,"Price to Dilshan, no run  .Dilshan is in a tearing hurry, comes down the track for that inside out drive through  .covers, but it goes on the bounce to extra cover",Price,Dilshan,0.0,0,0,1,1,0.0,0,,0
"8.4 
• 
Price to Dilshan, no run 
played away towards midwicket",8.4,0,0.0,"Price to Dilshan, no run  .played away towards midwicket",Price,Dilshan,0.0,0,0,1,1,0.0,0,,0
"8.5 
1lb 
Price to Dilshan, 1 leg bye 
goes for the sweep now, but short fine leg is placed very fine indeed",8.5,1lb,1.0,"Price to Dilshan, 1 leg bye  .goes for the sweep now, but short fine leg is placed very fine indeed",Price,Dilshan,0.0,0,0,1,1,0.0,0,,0
"8.6 
• 
Price to Upul Tharanga, no run 
nudged away towards square leg from the crease 
end of over 96 runs  
SL: 64/0CRR: 7.11  
Upul Tharanga23 (28b 3x4) 
Tillakaratne Dilshan38 (26b 7x4 1x6) 
Ray Price 3-0-17-0 
Tinashe Panyangara 4-0-31-0 
Kumaar: ""Zimbabweans/Lankans have done their homework! The NZ/PAK match 
clearly indicated that Pallekale will have dew. Zimbabwe has wisely chosen to bat 
second. The Lankans know that they have to post a big score to stay in the fight. Hope it 
will be a competitive match."" Mpofu is back",8.6,0,0.0,"Price to Upul Tharanga, no run  .nudged away towards square leg from the crease",Price,Upul Tharanga,0.0,0,0,1,1,0.0,0,,0
"9.1 
1 
Mpofu to Dilshan, 1 run 
there is a man at deep midwicket, he will need him often if he bowls long hops like this 
one, short and sitting up for Dilshan to have a go, he went at it so fast that he got only a 
single as it flew to deep midwicket",9.1,1,1.0,"Mpofu to Dilshan, 1 run  .there is a man at deep midwicket, he will need him often if he bowls long hops like this  .one, short and sitting up for Dilshan to have a go, he went at it so fast that he got only a  .single as it flew to deep midwicket",Mpofu,Dilshan,1.0,0,0,1,1,1.0,0,,1
"9.2 
4 
Mpofu to Upul Tharanga, FOUR runs 
this time there is no protection for the poor short delivery down the leg side, fine leg is in 
the circle, and Tharanga flays it high over that man 
sorab: ""@nikesh.i dont think its a message from sri lanka.i think dilshan is just taking 
shaun tait's anger out on zimbabwe.i was expecting this this kind of start by him."" Fine 
leg is no longer short, he is right on the boundary",9.2,4,4.0,"Mpofu to Upul Tharanga, FOUR runs  .this time there is no protection for the poor short delivery down the leg side, fine leg is in  .the circle, and Tharanga flays it high over that man",Mpofu,Upul Tharanga,4.0,1,0,1,1,4.0,0,,1
"9.3 
• 
Mpofu to Upul Tharanga, no run 
better delivery, getting him to defend from the back foot as this one moves away off the 
seam from around leg stump",9.3,0,0.0,"Mpofu to Upul Tharanga, no run  .better delivery, getting him to defend from the back foot as this one moves away off the  .seam from around leg stump",Mpofu,Upul Tharanga,0.0,0,0,1,1,0.0,0,,0
"9.4 
• 
Mpofu to Upul Tharanga, no run 
115.5 kph slower one, and cutting across Tharanga again, who has neither pace nor 
room to do anything with it, and plonks it down 
Vijay: ""@kumaar With the likes of malinga in the ranks,the match could be all over 
before dew comes into play!"" From round the wicket now",9.4,0,0.0,"Mpofu to Upul Tharanga, no run  .115.5 kph slower one, and cutting across Tharanga again, who has neither pace nor  .room to do anything with it, and plonks it down",Mpofu,Upul Tharanga,0.0,0,0,1,1,0.0,0,,0
"9.5 
4 
Mpofu to Upul Tharanga, FOUR runs 
tharanga likes this angle, he shows that by getting the front foot out and swinging 
through the line, lovely timing as it flies over mid off",9.5,4,4.0,"Mpofu to Upul Tharanga, FOUR runs  .tharanga likes this angle, he shows that by getting the front foot out and swinging  .through the line, lovely timing as it flies over mid off",Mpofu,Upul Tharanga,4.0,1,0,1,1,4.0,0,,1
"9.6 
4 
Mpofu to Upul Tharanga, FOUR runs 
he really loves this angle, even more so if it is ending up down the pads, and pulls it 
away backward of square leg, Zimbabwe have nowhere to hide at the moment 
end of over 1013 runs  
SL: 77/0CRR: 7.70  
Upul Tharanga35 (33b 6x4) 
Tillakaratne Dilshan39 (27b 7x4 1x6) 
Chris Mpofu 3-0-28-0 
Ray Price 3-0-17-0 
Peter: ""Someone needs to convey the beauty of a long, well constructed innings to 
Dilshan. He could have more fun if he wasn't in such a hurry."" Elton brings himself on 
now. What can he do? no bowling Powerplay yet",9.6,4,4.0,"Mpofu to Upul Tharanga, FOUR runs  .he really loves this angle, even more so if it is ending up down the pads, and pulls it  .away backward of square leg, Zimbabwe have nowhere to hide at the moment",Mpofu,Upul Tharanga,4.0,1,0,1,1,4.0,0,,1
"10.1 
1 
Chigumbura to Dilshan, 1 run 
starts with a length ball down the pads, and he shuffles to flick it to fine leg",10.1,1,1.0,"Chigumbura to Dilshan, 1 run  .starts with a length ball down the pads, and he shuffles to flick it to fine leg",Chigumbura,Dilshan,1.0,0,0,1,1,1.0,0,,1
"10.2 
1 
Chigumbura to Upul Tharanga, 1 run 
short and coming slowly off the track, he gets away as Tharanga cannot get it wide 
enough of fine leg with the pull",10.2,1,1.0,"Chigumbura to Upul Tharanga, 1 run  .short and coming slowly off the track, he gets away as Tharanga cannot get it wide  .enough of fine leg with the pull",Chigumbura,Upul Tharanga,1.0,0,0,1,1,1.0,0,,1
"10.3 
• 
Chigumbura to Dilshan, no run 
goes a bit fuller and angles it into dilshan's pads, he misses out with the flick and is hit 
on the pads, comfortably sliding down leg",10.3,0,0.0,"Chigumbura to Dilshan, no run  .goes a bit fuller and angles it into dilshan's pads, he misses out with the flick and is hit  .on the pads, comfortably sliding down leg",Chigumbura,Dilshan,0.0,0,0,1,1,0.0,0,,0
"10.4 
• 
Chigumbura to Dilshan, no run 
played away in to the leg side close to the wicket",10.4,0,0.0,"Chigumbura to Dilshan, no run  .played away in to the leg side close to the wicket",Chigumbura,Dilshan,0.0,0,0,1,1,0.0,0,,0
"10.5 
4 
Chigumbura to Dilshan, FOUR runs 
Zimbabwe are just feeding Sri Lanka with dollies, short and wide, even if Dilshan 
mistimes the cut, there is no slip, and the outside edge flies fine to the boundary, third 
man is nowhere close to it",10.5,4,4.0,"Chigumbura to Dilshan, FOUR runs  .Zimbabwe are just feeding Sri Lanka with dollies, short and wide, even if Dilshan  .mistimes the cut, there is no slip, and the outside edge flies fine to the boundary, third  .man is nowhere close to it",Chigumbura,Dilshan,4.0,1,0,1,1,4.0,0,,1
"10.6 
1 
Chigumbura to Dilshan, 1 run 
cracked off the front foot, the man is looking in ominous touch, just a single this time 
wide of mid off 
end of over 117 runs  
SL: 84/0CRR: 7.63  
Tillakaratne Dilshan45 (32b 8x4 1x6) 
Upul Tharanga36 (34b 6x4) 
Elton Chigumbura 1-0-7-0 
Chris Mpofu 3-0-28-0 
Charles Smith: ""Why don't SL take the batting powerplay now? They could conceivably 
be on 130 after 15 overs, a surely insurmountable position?!"" bowling Powerplay taken 
now. Utseya to start it off",10.6,1,1.0,"Chigumbura to Dilshan, 1 run  .cracked off the front foot, the man is looking in ominous touch, just a single this time  .wide of mid off",Chigumbura,Dilshan,1.0,0,0,1,1,1.0,0,,1
"11.1 
• 
Utseya to Dilshan, no run 
goes for the sweep, hits it straight to short fine leg",11.1,0,0.0,"Utseya to Dilshan, no run  .goes for the sweep, hits it straight to short fine leg",Utseya,Dilshan,0.0,0,0,1,1,0.0,0,,0
"11.2 
1 
Utseya to Dilshan, 1 run 
high full toss, he is surprised and pushes it away to mid off",11.2,1,1.0,"Utseya to Dilshan, 1 run  .high full toss, he is surprised and pushes it away to mid off",Utseya,Dilshan,1.0,0,0,1,1,1.0,0,,1
"11.3 
• 
Utseya to Upul Tharanga, no run 
bowled slowly through the air, he works it away off the pads to short fine leg",11.3,0,0.0,"Utseya to Upul Tharanga, no run  .bowled slowly through the air, he works it away off the pads to short fine leg",Utseya,Upul Tharanga,0.0,0,0,1,1,0.0,0,,0
"11.4 
1 
Utseya to Upul Tharanga, 1 run 
much fuller from round the wicket, eased down to long on",11.4,1,1.0,"Utseya to Upul Tharanga, 1 run  .much fuller from round the wicket, eased down to long on",Utseya,Upul Tharanga,1.0,0,0,1,1,1.0,0,,1
"11.5 
1 
Utseya to Dilshan, 1 run 
another high full toss, he comes down the track and pushes it away to long on",11.5,1,1.0,"Utseya to Dilshan, 1 run  .another high full toss, he comes down the track and pushes it away to long on",Utseya,Dilshan,1.0,0,0,1,1,1.0,0,,1
"11.6 
1 
Utseya to Upul Tharanga, 1 run 
sees him skip down the pitch, and fires it in to the pads, Tharanga still gets it down to 
long on with the momentum 
end of over 124 runs  
SL: 88/0CRR: 7.33  
Upul Tharanga38 (37b 6x4) 
Tillakaratne Dilshan47 (35b 8x4 1x6) 
Prosper Utseya 1-0-4-0 
Elton Chigumbura 1-0-7-0 
Ali Hassan: ""@ Charles: Why take the batting powerplay when they can make use of the 
bowling one?"" Price is back",11.6,1,1.0,"Utseya to Upul Tharanga, 1 run  .sees him skip down the pitch, and fires it in to the pads, Tharanga still gets it down to  .long on with the momentum",Utseya,Upul Tharanga,1.0,0,0,1,1,1.0,0,,1
"12.1 
• 
Price to Upul Tharanga, no run 
pushed across the batsman, who cuts it to extra cover",12.1,0,0.0,"Price to Upul Tharanga, no run  .pushed across the batsman, who cuts it to extra cover",Price,Upul Tharanga,0.0,0,0,1,1,0.0,0,,0
"12.2 
• 
Price to Upul Tharanga, no run 
78.7 kph flighted slowly through the air, he waited for it to come on and was beaten 
outside off as he pushed out",12.2,0,0.0,"Price to Upul Tharanga, no run  .78.7 kph flighted slowly through the air, he waited for it to come on and was beaten  .outside off as he pushed out",Price,Upul Tharanga,0.0,0,0,1,1,0.0,0,,0
"12.3 
• 
Price to Upul Tharanga, no run 
pushed off the back foot to the bowler",12.3,0,0.0,"Price to Upul Tharanga, no run  .pushed off the back foot to the bowler",Price,Upul Tharanga,0.0,0,0,1,1,0.0,0,,0
"12.4 
• 
Price to Upul Tharanga, no run 
takes a step to the pitch of this one on middle and eases it away to Price",12.4,0,0.0,"Price to Upul Tharanga, no run  .takes a step to the pitch of this one on middle and eases it away to Price",Price,Upul Tharanga,0.0,0,0,1,1,0.0,0,,0
"12.5 
• 
Price to Upul Tharanga, no run 
nice tight stuff from Price, he blocks it away towards midwicket",12.5,0,0.0,"Price to Upul Tharanga, no run  .nice tight stuff from Price, he blocks it away towards midwicket",Price,Upul Tharanga,0.0,0,0,1,1,0.0,0,,0
"12.6 
• 
Price to Upul Tharanga, no run 
cannot get this one on the pads wide of square leg, maiden in the Powerplay, Pricey 
stuff 
end of over 130 run  
SL: 88/0CRR: 6.76  
Upul Tharanga38 (43b 6x4) 
Tillakaratne Dilshan47 (35b 8x4 1x6) 
Ray Price 4-0-17-0 
Prosper Utseya 1-0-4-0",12.6,0,0.0,"Price to Upul Tharanga, no run  .cannot get this one on the pads wide of square leg, maiden in the Powerplay, Pricey  .stuff",Price,Upul Tharanga,0.0,0,0,1,1,0.0,0,,0
"13.1 
1 
Utseya to Dilshan, 1 run 
flicked away to deep midwicket",13.1,1,1.0,"Utseya to Dilshan, 1 run  .flicked away to deep midwicket",Utseya,Dilshan,1.0,0,0,1,1,1.0,0,,1
"13.2 
• 
Utseya to Upul Tharanga, no run 
worked away off the hip to midwicket who dives to save a run",13.2,0,0.0,"Utseya to Upul Tharanga, no run  .worked away off the hip to midwicket who dives to save a run",Utseya,Upul Tharanga,0.0,0,0,1,1,0.0,0,,0
"13.3 
• 
Utseya to Upul Tharanga, no run 
fired in and goes on with the angle, flicked backward of square leg",13.3,0,0.0,"Utseya to Upul Tharanga, no run  .fired in and goes on with the angle, flicked backward of square leg",Utseya,Upul Tharanga,0.0,0,0,1,1,0.0,0,,0
"13.4 
• 
Utseya to Upul Tharanga, no run 
goes for the sweep, cannot beat short fine leg",13.4,0,0.0,"Utseya to Upul Tharanga, no run  .goes for the sweep, cannot beat short fine leg",Utseya,Upul Tharanga,0.0,0,0,1,1,0.0,0,,0
"13.5 
1 
Utseya to Upul Tharanga, 1 run 
gets the run finally, pushes a fuller one to long on",13.5,1,1.0,"Utseya to Upul Tharanga, 1 run  .gets the run finally, pushes a fuller one to long on",Utseya,Upul Tharanga,1.0,0,0,1,1,1.0,0,,1
"13.6 
1 
Utseya to Dilshan, 1 run 
Utseya fires in a full toss as he sees Dilshan in the mood to leave the crease, he drives it 
down to long off 
end of over 143 runs  
SL: 91/0CRR: 6.50  
Tillakaratne Dilshan49 (37b 8x4 1x6) 
Upul Tharanga39 (47b 6x4) 
Prosper Utseya 2-0-7-0 
Ray Price 4-0-17-0 
Bruce: ""Did we just witness a maiden??? It's the end of the world as we know it!""",13.6,1,1.0,"Utseya to Dilshan, 1 run  .Utseya fires in a full toss as he sees Dilshan in the mood to leave the crease, he drives it  .down to long off",Utseya,Dilshan,1.0,0,0,1,1,1.0,0,,1
"14.1 
• 
Price to Dilshan, no run 
goes on straight with the arm, cramps him for room even as he backs away outside leg, 
hit back to the bowler",14.1,0,0.0,"Price to Dilshan, no run  .goes on straight with the arm, cramps him for room even as he backs away outside leg,  .hit back to the bowler",Price,Dilshan,0.0,0,0,1,1,0.0,0,,0
"14.2 
• 
Price to Dilshan, no run 
tossed up slowly, played back to the bowler",14.2,0,0.0,"Price to Dilshan, no run  .tossed up slowly, played back to the bowler",Price,Dilshan,0.0,0,0,1,1,0.0,0,,0
"14.3 
• 
Price to Dilshan, no run 
defended back to the bowler off the front foot",14.3,0,0.0,"Price to Dilshan, no run  .defended back to the bowler off the front foot",Price,Dilshan,0.0,0,0,1,1,0.0,0,,0
"14.4 
• 
Price to Dilshan, no run 
goes on the back foot, Price is doing a super job here, he still cannot get it past the 
bowler",14.4,0,0.0,"Price to Dilshan, no run  .goes on the back foot, Price is doing a super job here, he still cannot get it past the  .bowler",Price,Dilshan,0.0,0,0,1,1,0.0,0,,0
"14.5 
• 
Price to Dilshan, no run 
and again, he is backing away outside leg, and Price fires them in, another one pushed 
away down the track",14.5,0,0.0,"Price to Dilshan, no run  .and again, he is backing away outside leg, and Price fires them in, another one pushed  .away down the track",Price,Dilshan,0.0,0,0,1,1,0.0,0,,0
"14.6 
1 
Price to Dilshan, 1 run 
bowls it a bit fuller, and Dilshan makes room to drive it to long off, and that will be his 
half-century, raises his bat to loud cheers 
end of over 151 run  
SL: 92/0CRR: 6.13  
Tillakaratne Dilshan50 (43b 8x4 1x6) 
Upul Tharanga39 (47b 6x4) 
Ray Price 5-0-18-0 
Prosper Utseya 2-0-7-0",14.6,1,1.0,"Price to Dilshan, 1 run  .bowls it a bit fuller, and Dilshan makes room to drive it to long off, and that will be his  .half-century, raises his bat to loud cheers",Price,Dilshan,1.0,0,0,1,1,1.0,0,,1
"15.1 
4 
Utseya to Dilshan, FOUR runs 
goes slashing at one that was pushed through very quickly and full, it was turning in on 
off stump, but Dilshan went flaying at it, and the outside edge was too fast for short 
third man",15.1,4,4.0,"Utseya to Dilshan, FOUR runs  .goes slashing at one that was pushed through very quickly and full, it was turning in on  .off stump, but Dilshan went flaying at it, and the outside edge was too fast for short  .third man",Utseya,Dilshan,4.0,1,0,1,1,4.0,0,,1
"15.2 
• 
Utseya to Dilshan, no run 
blocked with a straight bat down the track",15.2,0,0.0,"Utseya to Dilshan, no run  .blocked with a straight bat down the track",Utseya,Dilshan,0.0,0,0,1,1,0.0,0,,0
"15.3 
• 
Utseya to Dilshan, no run 
worked away behind square on the leg side",15.3,0,0.0,"Utseya to Dilshan, no run  .worked away behind square on the leg side",Utseya,Dilshan,0.0,0,0,1,1,0.0,0,,0
"15.4 
2 
Utseya to Dilshan, 2 runs 
drives inside out wide of long off, and a comfortable couple is taken",15.4,2,2.0,"Utseya to Dilshan, 2 runs  .drives inside out wide of long off, and a comfortable couple is taken",Utseya,Dilshan,2.0,0,0,1,1,2.0,0,,1
"15.5 
• 
Utseya to Dilshan, no run 
steered away to short third man from the crease",15.5,0,0.0,"Utseya to Dilshan, no run  .steered away to short third man from the crease",Utseya,Dilshan,0.0,0,0,1,1,0.0,0,,0
"15.6 
1 
Utseya to Dilshan, 1 run 
goes very full, he is ready and hits it down to long on 
end of over 167 runs  
SL: 99/0CRR: 6.18  
Tillakaratne Dilshan57 (49b 9x4 1x6) 
Upul Tharanga39 (47b 6x4) 
Prosper Utseya 3-0-14-0 
Ray Price 5-0-18-0 
Sameer: ""Ok that is unacceptable, that's the third time you're publishing Bruce, while you 
staunchly continue to ignore me. P.S.: Nothing against you, Bruce."" Cremer on for some 
legbreaks",15.6,1,1.0,"Utseya to Dilshan, 1 run  .goes very full, he is ready and hits it down to long on",Utseya,Dilshan,1.0,0,0,1,1,1.0,0,,1
"16.1 
4 
Cremer to Dilshan, FOUR runs 
wants to turn this away from the batsman, but he flights it way down the leg side, 
Dilshan happily sweeps it wide of short fine leg, brings the 100 up",16.1,4,4.0,"Cremer to Dilshan, FOUR runs  .wants to turn this away from the batsman, but he flights it way down the leg side,  .Dilshan happily sweeps it wide of short fine leg, brings the 100 up",Cremer,Dilshan,4.0,1,0,1,1,4.0,0,,1
"16.2 
1 
Cremer to Dilshan, 1 run 
goes back to one that turns slightly away, and bashes it down to long off",16.2,1,1.0,"Cremer to Dilshan, 1 run  .goes back to one that turns slightly away, and bashes it down to long off",Cremer,Dilshan,1.0,0,0,1,1,1.0,0,,1
"16.3 
• 
Cremer to Upul Tharanga, no run 
better line to the left hander, tossed up and turning in around middle, pushed back to the 
bowler",16.3,0,0.0,"Cremer to Upul Tharanga, no run  .better line to the left hander, tossed up and turning in around middle, pushed back to the  .bowler",Cremer,Upul Tharanga,0.0,0,0,1,1,0.0,0,,0
"16.4 
• 
Cremer to Upul Tharanga, no run 
slightly short, and he goes back to work it away on the leg side, cannot get it past 
square leg",16.4,0,0.0,"Cremer to Upul Tharanga, no run  .slightly short, and he goes back to work it away on the leg side, cannot get it past  .square leg",Cremer,Upul Tharanga,0.0,0,0,1,1,0.0,0,,0
"16.5 
1 
Cremer to Upul Tharanga, 1 run 
gets the outside edge now, which one that goes straight on after pitching on leg, he 
wanted to play it with the turn in front of square leg, it goes away to short third man",16.5,1,1.0,"Cremer to Upul Tharanga, 1 run  .gets the outside edge now, which one that goes straight on after pitching on leg, he  .wanted to play it with the turn in front of square leg, it goes away to short third man",Cremer,Upul Tharanga,1.0,0,0,1,1,1.0,0,,1
"16.6 
1 
Cremer to Dilshan, 1 run 
another one goers straight on, this time outside off stump, Dilshan goes flailing at it 
from the crease, but the inside edge goes past the stumps to short fine leg, no justice in 
the world, if you are Cremer 
Time for a drink. And time for the first swap of the day, Nitin to take over here. I am off 
to the over-by-over chat. 
end of over 177 runs  
SL: 106/0CRR: 6.23  
Tillakaratne Dilshan63 (52b 10x4 1x6) 
Upul Tharanga40 (50b 6x4) 
Graeme Cremer 1-0-7-0 
Prosper Utseya 3-0-14-0 
By the way, it's still not late to enter your teams for Fantasy Cricket. There are some 
cool Canon cameras to be won just for the knockout stage. 
Thanks Abhishek. Geez, this has been muscle-bound mayhem from Dilshan and 
Tharanga.. 
Utseya continues.",16.6,1,1.0,"Cremer to Dilshan, 1 run  .another one goers straight on, this time outside off stump, Dilshan goes flailing at it  .from the crease, but the inside edge goes past the stumps to short fine leg, no justice in  .the world, if you are Cremer  .Time for a drink. And time for the first swap of the day, Nitin to take over here. I am off  .to the over-by-over chat.",Cremer,Dilshan,1.0,0,0,1,1,1.0,0,,1
"17.1 
• 
Utseya to Dilshan, no run 
angled in and turning further from wide of the crease, Dilshan misses the sweep",17.1,0,0.0,"Utseya to Dilshan, no run  .angled in and turning further from wide of the crease, Dilshan misses the sweep",Utseya,Dilshan,0.0,0,0,1,1,0.0,0,,0
"17.2 
1 
Utseya to Dilshan, 1 run 
short of a length outside off, Dilshan hangs back and cracks it square for a single",17.2,1,1.0,"Utseya to Dilshan, 1 run  .short of a length outside off, Dilshan hangs back and cracks it square for a single",Utseya,Dilshan,1.0,0,0,1,1,1.0,0,,1
"17.3 
• 
Utseya to Upul Tharanga, no run 
back of a length from round the stumps, Tharanga leans out to defend",17.3,0,0.0,"Utseya to Upul Tharanga, no run  .back of a length from round the stumps, Tharanga leans out to defend",Utseya,Upul Tharanga,0.0,0,0,1,1,0.0,0,,0
"17.4 
• 
Utseya to Upul Tharanga, no run 
some daring flight on leg stump, Tharanga presses forward and guides to midwicket",17.4,0,0.0,"Utseya to Upul Tharanga, no run  .some daring flight on leg stump, Tharanga presses forward and guides to midwicket",Utseya,Upul Tharanga,0.0,0,0,1,1,0.0,0,,0
"17.5 
1 
Utseya to Upul Tharanga, 1 run 
again tossed up slowly on leg stump and straightening, Tharanga works it against the 
spin through midwicket for one",17.5,1,1.0,"Utseya to Upul Tharanga, 1 run  .again tossed up slowly on leg stump and straightening, Tharanga works it against the  .spin through midwicket for one",Utseya,Upul Tharanga,1.0,0,0,1,1,1.0,0,,1
"17.6 
1 
Utseya to Dilshan, 1 run 
shortish ball on the off stump line to end the over, Dilshan stays back and steers 
through point for one more 
end of over 183 runs  
SL: 109/0CRR: 6.05  
Tillakaratne Dilshan65 (55b 10x4 1x6) 
Upul Tharanga41 (53b 6x4) 
Prosper Utseya 4-0-17-0 
Graeme Cremer 1-0-7-0",17.6,1,1.0,"Utseya to Dilshan, 1 run  .shortish ball on the off stump line to end the over, Dilshan stays back and steers  .through point for one more",Utseya,Dilshan,1.0,0,0,1,1,1.0,0,,1
"18.1 
• 
Cremer to Dilshan, no run 
tossed up generously on off and breaking away, driven with the spin into the covers",18.1,0,0.0,"Cremer to Dilshan, no run  .tossed up generously on off and breaking away, driven with the spin into the covers",Cremer,Dilshan,0.0,0,0,1,1,0.0,0,,0
"18.2 
• 
Cremer to Dilshan, no run 
holds the length back but again gets big away spin, Dilshan waits and pokes it into the 
covers",18.2,0,0.0,"Cremer to Dilshan, no run  .holds the length back but again gets big away spin, Dilshan waits and pokes it into the  .covers",Cremer,Dilshan,0.0,0,0,1,1,0.0,0,,0
"18.3 
• 
Cremer to Dilshan, no run 
good stuff from Cremer, tighter line and lesser turn this time, cramping Dilshan into 
easing into the covers again",18.3,0,0.0,"Cremer to Dilshan, no run  .good stuff from Cremer, tighter line and lesser turn this time, cramping Dilshan into  .easing into the covers again",Cremer,Dilshan,0.0,0,0,1,1,0.0,0,,0
"18.4 
1 
Cremer to Dilshan, 1 run 
flight this time on leg stump, Dilshan chips through midwicket and turns the strike at 
long last",18.4,1,1.0,"Cremer to Dilshan, 1 run  .flight this time on leg stump, Dilshan chips through midwicket and turns the strike at  .long last",Cremer,Dilshan,1.0,0,0,1,1,1.0,0,,1
"18.5 
• 
Cremer to Upul Tharanga, no run 
Tharanga leans across and nudges off the pads with the spin. Backward square leg 
stops it",18.5,0,0.0,"Cremer to Upul Tharanga, no run  .Tharanga leans across and nudges off the pads with the spin. Backward square leg  .stops it",Cremer,Upul Tharanga,0.0,0,0,1,1,0.0,0,,0
"18.6 
1 
Cremer to Upul Tharanga, 1 run 
flighted on leg stump to end the over, clipped with the turn through midwicket for one 
more. From mayhem mode to milking mode, Sri Lanka's openers are setting their sights 
high today. 
end of over 192 runs  
SL: 111/0CRR: 5.84  
Upul Tharanga42 (55b 6x4) 
Tillakaratne Dilshan66 (59b 10x4 1x6) 
Graeme Cremer 2-0-9-0 
Prosper Utseya 4-0-17-0",18.6,1,1.0,"Cremer to Upul Tharanga, 1 run  .flighted on leg stump to end the over, clipped with the turn through midwicket for one  .more. From mayhem mode to milking mode, Sri Lanka's openers are setting their sights  .high today.",Cremer,Upul Tharanga,1.0,0,0,1,1,1.0,0,,1
"19.1 
1 
Utseya to Upul Tharanga, 1 run 
ample flight on middle stump, Tharanga reaches to the flight and forces it down the 
ground for one more single",19.1,1,1.0,"Utseya to Upul Tharanga, 1 run  .ample flight on middle stump, Tharanga reaches to the flight and forces it down the  .ground for one more single",Utseya,Upul Tharanga,1.0,0,0,1,1,1.0,0,,1
"19.2 
• 
Utseya to Dilshan, no run 
Dilshan leans out to the spin and defends into the off side",19.2,0,0.0,"Utseya to Dilshan, no run  .Dilshan leans out to the spin and defends into the off side",Utseya,Dilshan,0.0,0,0,1,1,0.0,0,,0
"19.3 
1 
Utseya to Dilshan, 1 run 
looped and turning into the pads, Dilshan calmly flicks past midwicket for a single",19.3,1,1.0,"Utseya to Dilshan, 1 run  .looped and turning into the pads, Dilshan calmly flicks past midwicket for a single",Utseya,Dilshan,1.0,0,0,1,1,1.0,0,,1
"19.4 
• 
Utseya to Upul Tharanga, no run 
back of a length on the stumps, Tharanga defends down the track",19.4,0,0.0,"Utseya to Upul Tharanga, no run  .back of a length on the stumps, Tharanga defends down the track",Utseya,Upul Tharanga,0.0,0,0,1,1,0.0,0,,0
"19.5 
• 
Utseya to Upul Tharanga, no run 
flighted on the pads this time, Tharanga again reaches out to defend down the track",19.5,0,0.0,"Utseya to Upul Tharanga, no run  .flighted on the pads this time, Tharanga again reaches out to defend down the track",Utseya,Upul Tharanga,0.0,0,0,1,1,0.0,0,,0
"19.6 
1 
Utseya to Upul Tharanga, 1 run 
width to end the over, Tharanga steers through point for a single 
end of over 203 runs  
SL: 114/0CRR: 5.70  
Upul Tharanga44 (59b 6x4) 
Tillakaratne Dilshan67 (61b 10x4 1x6) 
Prosper Utseya 5-0-20-0 
Graeme Cremer 2-0-9-0",19.6,1,1.0,"Utseya to Upul Tharanga, 1 run  .width to end the over, Tharanga steers through point for a single",Utseya,Upul Tharanga,1.0,0,0,1,1,1.0,0,,1
"20.1 
• 
Cremer to Upul Tharanga, no run 
loopy delivery on middle, Tharanga taps it to midwicket 
Unbelievable. People watching this game from an adjoining hill. Dilshan must be looking 
like an ant from there!",20.1,0,0.0,"Cremer to Upul Tharanga, no run  .loopy delivery on middle, Tharanga taps it to midwicket  .Unbelievable. People watching this game from an adjoining hill. Dilshan must be looking  .like an ant from there!",Cremer,Upul Tharanga,0.0,0,0,1,1,0.0,0,,0
"20.2 
1 
Cremer to Upul Tharanga, 1 run 
tospinner, landed back of a length, Tharanga hangs back and clips square for a single",20.2,1,1.0,"Cremer to Upul Tharanga, 1 run  .tospinner, landed back of a length, Tharanga hangs back and clips square for a single",Cremer,Upul Tharanga,1.0,0,0,1,1,1.0,0,,1
"20.3 
1 
Cremer to Dilshan, 1 run 
Dilshan jumps out, gets close to the flight and drives through midwicket for one",20.3,1,1.0,"Cremer to Dilshan, 1 run  .Dilshan jumps out, gets close to the flight and drives through midwicket for one",Cremer,Dilshan,1.0,0,0,1,1,1.0,0,,1
"20.4 
1 
Cremer to Upul Tharanga, 1 run 
hmm, Cremer continues to turn the ball prodigiously, Tharanga reaches out to the pitch 
and drives through mid off for a single",20.4,1,1.0,"Cremer to Upul Tharanga, 1 run  .hmm, Cremer continues to turn the ball prodigiously, Tharanga reaches out to the pitch  .and drives through mid off for a single",Cremer,Upul Tharanga,1.0,0,0,1,1,1.0,0,,1
"20.5 
1 
Cremer to Dilshan, 1 run 
short of a length, breaking away and it gets cut through point for one",20.5,1,1.0,"Cremer to Dilshan, 1 run  .short of a length, breaking away and it gets cut through point for one",Cremer,Dilshan,1.0,0,0,1,1,1.0,0,,1
"20.6 
1w 
Cremer to Upul Tharanga, 1 wide 
and a wide down the leg side.",20.6,1w,1.0,"Cremer to Upul Tharanga, 1 wide  .and a wide down the leg side.",Cremer,Upul Tharanga,0.0,0,0,0,0,1.0,0,,1
"20.6 
2 
Cremer to Upul Tharanga, 2 runs 
googly, but dropped too short to trouble anyone. Tharanga cuts with the spin and gets a 
single to deep point 
end of over 217 runs  
SL: 121/0CRR: 5.76  
Upul Tharanga48 (63b 6x4) 
Tillakaratne Dilshan69 (63b 10x4 1x6) 
Graeme Cremer 3-0-16-0 
Prosper Utseya 5-0-20-0 
Lamb is the new bowler on now. To the slaughter? 
Ashish: ""Is this the same Zimbabwe team that bowled first 10 overs? After delaying 
bowling powerplay by 1 over they have put breaks on Sri Lanka batting....""",20.6,2,2.0,"Cremer to Upul Tharanga, 2 runs  .googly, but dropped too short to trouble anyone. Tharanga cuts with the spin and gets a  .single to deep point",Cremer,Upul Tharanga,2.0,0,0,1,1,2.0,0,,1
"21.1 
1 
Lamb to Dilshan, 1 run 
turns in from outside off, Dilshan forces against the spin into the covers",21.1,1,1.0,"Lamb to Dilshan, 1 run  .turns in from outside off, Dilshan forces against the spin into the covers",Lamb,Dilshan,1.0,0,0,1,1,1.0,0,,1
"21.2 
• 
Lamb to Upul Tharanga, no run 
back of a length from round the wicket, Tharanga works it off the back foot to backward 
square leg",21.2,0,0.0,"Lamb to Upul Tharanga, no run  .back of a length from round the wicket, Tharanga works it off the back foot to backward  .square leg",Lamb,Upul Tharanga,0.0,0,0,1,1,0.0,0,,0
"21.3 
1 
Lamb to Upul Tharanga, 1 run 
short of a length again, Tharanga works it to the leg side for one more",21.3,1,1.0,"Lamb to Upul Tharanga, 1 run  .short of a length again, Tharanga works it to the leg side for one more",Lamb,Upul Tharanga,1.0,0,0,1,1,1.0,0,,1
"21.4 
1 
Lamb to Dilshan, 1 run 
more turn this time, comes in sharply as Dilshan prepares to cut, and he gets it away for 
another single 
Mark Kidger: ""Credit to Zimbabwe for pegging back Sri Lanka. It no longer looks like a 
450+ total is on, as it did when the openers were scoring at more than 8 an over. Unless 
they shift a gear they may not even reach 300.""",21.4,1,1.0,"Lamb to Dilshan, 1 run  .more turn this time, comes in sharply as Dilshan prepares to cut, and he gets it away for  .another single",Lamb,Dilshan,1.0,0,0,1,1,1.0,0,,1
"21.5 
• 
Lamb to Upul Tharanga, no run 
drifts onto the pads, Tharanga flicks but can't get to his 50 yet.",21.5,0,0.0,"Lamb to Upul Tharanga, no run  .drifts onto the pads, Tharanga flicks but can't get to his 50 yet.",Lamb,Upul Tharanga,0.0,0,0,1,1,0.0,0,,0
"21.6 
1 
Lamb to Upul Tharanga, 1 run 
now he does. Full delivery on leg stump, punched off the front foot down the ground for 
one. 
end of over 224 runs  
SL: 125/0CRR: 5.68  
Upul Tharanga50 (67b 6x4) 
Tillakaratne Dilshan71 (65b 10x4 1x6) 
Greg Lamb 1-0-4-0 
Graeme Cremer 3-0-16-0 
Swethan: ""He may look like an ant from that hill, but the ball might be coming there 
soon!""",21.6,1,1.0,"Lamb to Upul Tharanga, 1 run  .now he does. Full delivery on leg stump, punched off the front foot down the ground for  .one.",Lamb,Upul Tharanga,1.0,0,0,1,1,1.0,0,,1
"22.1 
1 
Cremer to Upul Tharanga, 1 run 
looped up on off stump, forced off the back foot for a single",22.1,1,1.0,"Cremer to Upul Tharanga, 1 run  .looped up on off stump, forced off the back foot for a single",Cremer,Upul Tharanga,1.0,0,0,1,1,1.0,0,,1
"22.2 
2 
Cremer to Dilshan, 2 runs 
Dilshan reaches out to the spin and carves him into the covers for a couple",22.2,2,2.0,"Cremer to Dilshan, 2 runs  .Dilshan reaches out to the spin and carves him into the covers for a couple",Cremer,Dilshan,2.0,0,0,1,1,2.0,0,,1
"22.3 
1 
Cremer to Dilshan, 1 run 
back of a length this time, Dilshan stays back and defends down the track",22.3,1,1.0,"Cremer to Dilshan, 1 run  .back of a length this time, Dilshan stays back and defends down the track",Cremer,Dilshan,1.0,0,0,1,1,1.0,0,,1
"22.4 
2 
Cremer to Upul Tharanga, 2 runs 
easy runs, easy as they come. Full delivery outside off, Tharanga opens the face as he 
shapes to cut and picks up a couple more towards deep backward point.",22.4,2,2.0,"Cremer to Upul Tharanga, 2 runs  .easy runs, easy as they come. Full delivery outside off, Tharanga opens the face as he  .shapes to cut and picks up a couple more towards deep backward point.",Cremer,Upul Tharanga,2.0,0,0,1,1,2.0,0,,1
"22.5 
1 
Cremer to Upul Tharanga, 1 run 
short this time, Tharanga happily hangs back and cuts for a single 
This is the highest opening stand for SL in World Cups, now.",22.5,1,1.0,"Cremer to Upul Tharanga, 1 run  .short this time, Tharanga happily hangs back and cuts for a single  .This is the highest opening stand for SL in World Cups, now.",Cremer,Upul Tharanga,1.0,0,0,1,1,1.0,0,,1
"22.6 
1 
Cremer to Dilshan, 1 run 
Dilshan leans out to the pitch and drives down the ground for yet another single 
end of over 238 runs  
SL: 133/0CRR: 5.78  
Tillakaratne Dilshan75 (68b 10x4 1x6) 
Upul Tharanga54 (70b 6x4) 
Graeme Cremer 4-0-24-0 
Greg Lamb 1-0-4-0 
Avinash: Count anyone except Piyush Chawla for competing in the race for fastest 
completion of over. He does not complete and over until he is hit for 2 sixes"" Aha, 
unkind!",22.6,1,1.0,"Cremer to Dilshan, 1 run  .Dilshan leans out to the pitch and drives down the ground for yet another single",Cremer,Dilshan,1.0,0,0,1,1,1.0,0,,1
"23.1 
• 
Lamb to Dilshan, no run 
flighted on the stumps, driven back to the bowler",23.1,0,0.0,"Lamb to Dilshan, no run  .flighted on the stumps, driven back to the bowler",Lamb,Dilshan,0.0,0,0,1,1,0.0,0,,0
"23.2 
• 
Lamb to Dilshan, no run 
flatter and on the pads, Dilshan turns it with the angle to midwicket",23.2,0,0.0,"Lamb to Dilshan, no run  .flatter and on the pads, Dilshan turns it with the angle to midwicket",Lamb,Dilshan,0.0,0,0,1,1,0.0,0,,0
"23.3 
1 
Lamb to Dilshan, 1 run 
back of a length outside off, Dilshan opens the face and guides backward of point for a 
single",23.3,1,1.0,"Lamb to Dilshan, 1 run  .back of a length outside off, Dilshan opens the face and guides backward of point for a  .single",Lamb,Dilshan,1.0,0,0,1,1,1.0,0,,1
"23.4 
• 
Lamb to Upul Tharanga, no run 
on the pads, Tharanga dinks it backward of square leg but can't find the single",23.4,0,0.0,"Lamb to Upul Tharanga, no run  .on the pads, Tharanga dinks it backward of square leg but can't find the single",Lamb,Upul Tharanga,0.0,0,0,1,1,0.0,0,,0
"23.5 
• 
Lamb to Upul Tharanga, no run 
tossed up on off stump, Tharanga drives with the spin through mid off",23.5,0,0.0,"Lamb to Upul Tharanga, no run  .tossed up on off stump, Tharanga drives with the spin through mid off",Lamb,Upul Tharanga,0.0,0,0,1,1,0.0,0,,0
"23.6 
1 
Lamb to Upul Tharanga, 1 run 
short of a length on the pads, worked with the angle for a single through backward 
square leg 
Ragu: ""@Mark Kidger-These are the famous ""middle overs"" you are not supposed to 
score quickly during this passage of play, must ""keep wickets in hand AND give the 
spectators time to snooze!"" 
end of over 242 runs  
SL: 135/0CRR: 5.62  
Upul Tharanga55 (73b 6x4) 
Tillakaratne Dilshan76 (71b 10x4 1x6) 
Greg Lamb 2-0-6-0 
Graeme Cremer 4-0-24-0",23.6,1,1.0,"Lamb to Upul Tharanga, 1 run  .short of a length on the pads, worked with the angle for a single through backward  .square leg",Lamb,Upul Tharanga,1.0,0,0,1,1,1.0,0,,1
"24.1 
• 
Cremer to Upul Tharanga, no run 
Tharanga closes the face a little too early as he looks to flick and the leading edge goes 
to cover.",24.1,0,0.0,"Cremer to Upul Tharanga, no run  .Tharanga closes the face a little too early as he looks to flick and the leading edge goes  .to cover.",Cremer,Upul Tharanga,0.0,0,0,1,1,0.0,0,,0
"24.2 
1 
Cremer to Upul Tharanga, 1 run 
tossed up outside off, Tharanga skips out and drives through mid off for a single",24.2,1,1.0,"Cremer to Upul Tharanga, 1 run  .tossed up outside off, Tharanga skips out and drives through mid off for a single",Cremer,Upul Tharanga,1.0,0,0,1,1,1.0,0,,1
"24.3 
1 
Cremer to Dilshan, 1 run 
turn from leg stump, plays into Dilshan's hands as he drives through mid off for a single",24.3,1,1.0,"Cremer to Dilshan, 1 run  .turn from leg stump, plays into Dilshan's hands as he drives through mid off for a single",Cremer,Dilshan,1.0,0,0,1,1,1.0,0,,1
"24.4 
1 
Cremer to Upul Tharanga, 1 run 
flatter on the pads, Tharanga nudges square and they steal another singles. They are 
stealing more singles here than a cheap Indipop band does from Western composers.",24.4,1,1.0,"Cremer to Upul Tharanga, 1 run  .flatter on the pads, Tharanga nudges square and they steal another singles. They are  .stealing more singles here than a cheap Indipop band does from Western composers.",Cremer,Upul Tharanga,1.0,0,0,1,1,1.0,0,,1
"24.5 
1 
Cremer to Dilshan, 1 run 
short ad turning away sharply, Dilshan hacks through point for one more",24.5,1,1.0,"Cremer to Dilshan, 1 run  .short ad turning away sharply, Dilshan hacks through point for one more",Cremer,Dilshan,1.0,0,0,1,1,1.0,0,,1
"24.6 
4 
Cremer to Upul Tharanga, FOUR runs 
another short shocker, Tharanga gladly cashes in, rocking back and thumping it 
emphatically in front of square. 
end of over 258 runs  
SL: 143/0CRR: 5.72  
Upul Tharanga61 (77b 7x4) 
Tillakaratne Dilshan78 (73b 10x4 1x6) 
Graeme Cremer 5-0-32-0 
Greg Lamb 2-0-6-0",24.6,4,4.0,"Cremer to Upul Tharanga, FOUR runs  .another short shocker, Tharanga gladly cashes in, rocking back and thumping it  .emphatically in front of square.",Cremer,Upul Tharanga,4.0,1,0,1,1,4.0,0,,1
"25.1 
2 
Lamb to Dilshan, 2 runs 
and now a short ball for Dilshan, who leans back and cuts delicately backward od point. 
The fielder sweeping on the backward point boundary does really well to prevent four",25.1,2,2.0,"Lamb to Dilshan, 2 runs  .and now a short ball for Dilshan, who leans back and cuts delicately backward od point.  .The fielder sweeping on the backward point boundary does really well to prevent four",Lamb,Dilshan,2.0,0,0,1,1,2.0,0,,1
"25.2 
4 
Lamb to Dilshan, FOUR runs 
this time, even that fielder can't do much. Dilshan adjusts superbly, waiting that extra 
instant before playing the cut, to get it fine of that fielder, while also eluding third man.",25.2,4,4.0,"Lamb to Dilshan, FOUR runs  .this time, even that fielder can't do much. Dilshan adjusts superbly, waiting that extra  .instant before playing the cut, to get it fine of that fielder, while also eluding third man.",Lamb,Dilshan,4.0,1,0,1,1,4.0,0,,1
"25.3 
• 
Lamb to Dilshan, no run 
tossed up this time, Dilshan jumps out to the pitch and drives. He finds covers though.",25.3,0,0.0,"Lamb to Dilshan, no run  .tossed up this time, Dilshan jumps out to the pitch and drives. He finds covers though.",Lamb,Dilshan,0.0,0,0,1,1,0.0,0,,0
"25.4 
1 
Lamb to Dilshan, 1 run 
another single, the 150 is up as Dilshan pokes into the covers. The bowling is not posing 
any challenge at the moment.",25.4,1,1.0,"Lamb to Dilshan, 1 run  .another single, the 150 is up as Dilshan pokes into the covers. The bowling is not posing  .any challenge at the moment.",Lamb,Dilshan,1.0,0,0,1,1,1.0,0,,1
"25.5 
1 
Lamb to Upul Tharanga, 1 run 
tossed up on the pads, Tharanga works it to long on and ambles along somnolently for 
an easy single",25.5,1,1.0,"Lamb to Upul Tharanga, 1 run  .tossed up on the pads, Tharanga works it to long on and ambles along somnolently for  .an easy single",Lamb,Upul Tharanga,1.0,0,0,1,1,1.0,0,,1
"25.6 
1 
Lamb to Dilshan, 1 run 
Dilshan opens the face and dabs another easy single into the cover point area. 
Anas: ""Looks like Sangakara has padded up ONLY for wicketkeeping today."" 
end of over 269 runs  
SL: 152/0CRR: 5.84  
Tillakaratne Dilshan86 (78b 11x4 1x6) 
Upul Tharanga62 (78b 7x4) 
Greg Lamb 3-0-15-0 
Graeme Cremer 5-0-32-0",25.6,1,1.0,"Lamb to Dilshan, 1 run  .Dilshan opens the face and dabs another easy single into the cover point area.",Lamb,Dilshan,1.0,0,0,1,1,1.0,0,,1
"26.1 
1 
Cremer to Dilshan, 1 run 
Dilshan skips out and drives with a flick of the wrists through long on for a single",26.1,1,1.0,"Cremer to Dilshan, 1 run  .Dilshan skips out and drives with a flick of the wrists through long on for a single",Cremer,Dilshan,1.0,0,0,1,1,1.0,0,,1
"26.2 
• 
Cremer to Upul Tharanga, no run 
slow loopy delivery outside off, Tharanga leans out and defends to the off side",26.2,0,0.0,"Cremer to Upul Tharanga, no run  .slow loopy delivery outside off, Tharanga leans out and defends to the off side",Cremer,Upul Tharanga,0.0,0,0,1,1,0.0,0,,0
"26.3 
1 
Cremer to Upul Tharanga, 1 run 
tossed up this time, Tharanga covers the line with his stride across and sweeps to 
backward square leg for one",26.3,1,1.0,"Cremer to Upul Tharanga, 1 run  .tossed up this time, Tharanga covers the line with his stride across and sweeps to  .backward square leg for one",Cremer,Upul Tharanga,1.0,0,0,1,1,1.0,0,,1
"26.4 
1 
Cremer to Dilshan, 1 run 
drift onto the pads, Dilshan works it to the leg side for a single",26.4,1,1.0,"Cremer to Dilshan, 1 run  .drift onto the pads, Dilshan works it to the leg side for a single",Cremer,Dilshan,1.0,0,0,1,1,1.0,0,,1
"26.5 
1 
Cremer to Upul Tharanga, 1 run 
flighted on the pads, driven down the ground for one more single",26.5,1,1.0,"Cremer to Upul Tharanga, 1 run  .flighted on the pads, driven down the ground for one more single",Cremer,Upul Tharanga,1.0,0,0,1,1,1.0,0,,1
"26.6 
• 
Cremer to Dilshan, no run 
leggie breaking away from Dilshan, guided for another single to third man 
end of over 274 runs  
SL: 156/0CRR: 5.77  
Tillakaratne Dilshan88 (81b 11x4 1x6) 
Upul Tharanga64 (81b 7x4) 
Graeme Cremer 6-0-36-0 
Greg Lamb 3-0-15-0",26.6,0,0.0,"Cremer to Dilshan, no run  .leggie breaking away from Dilshan, guided for another single to third man",Cremer,Dilshan,0.0,0,0,1,1,0.0,0,,0
"27.1 
• 
Lamb to Upul Tharanga, no run 
slides down the leg side, Tharanga misses the sweep but probably got some pad on it, 
en route Taibu's gloves. 
Ballag: ""I am having a tough time @ office. Can i have some Kamran's jokes to lighten 
me up?:",27.1,0,0.0,"Lamb to Upul Tharanga, no run  .slides down the leg side, Tharanga misses the sweep but probably got some pad on it,  .en route Taibu's gloves.",Lamb,Upul Tharanga,0.0,0,0,1,1,0.0,0,,0
"27.2 
• 
Lamb to Upul Tharanga, no run 
tossed up on off, Tharanga reaches forward and defends 
Arpan: ""Behind every successful batsman, there is Kamran Akmal""",27.2,0,0.0,"Lamb to Upul Tharanga, no run  .tossed up on off, Tharanga reaches forward and defends",Lamb,Upul Tharanga,0.0,0,0,1,1,0.0,0,,0
"27.3 
1 
Lamb to Upul Tharanga, 1 run 
over-pitched on leg stump, Tharanga drives down the ground for a single",27.3,1,1.0,"Lamb to Upul Tharanga, 1 run  .over-pitched on leg stump, Tharanga drives down the ground for a single",Lamb,Upul Tharanga,1.0,0,0,1,1,1.0,0,,1
"27.4 
1 
Lamb to Dilshan, 1 run 
short of a length and turning in, Dilshan slaps it into the covers for one more",27.4,1,1.0,"Lamb to Dilshan, 1 run  .short of a length and turning in, Dilshan slaps it into the covers for one more",Lamb,Dilshan,1.0,0,0,1,1,1.0,0,,1
"27.5 
1 
Lamb to Upul Tharanga, 1 run 
loopy non-descript ball on the toes, Tharanga drives for another single to long on",27.5,1,1.0,"Lamb to Upul Tharanga, 1 run  .loopy non-descript ball on the toes, Tharanga drives for another single to long on",Lamb,Upul Tharanga,1.0,0,0,1,1,1.0,0,,1
"27.6 
1 
Lamb to Dilshan, 1 run 
flighted on middle and breaking in, Dilshan drives inside out for another single through 
extra cover. 
hah! Good one, Brenton. And his favourite book? ""The dropper in the rye"" 
Brenton: ""Kamran's favourite movie: Catch Me If You Can"" 
end of over 284 runs  
SL: 160/0CRR: 5.71  
Tillakaratne Dilshan90 (83b 11x4 1x6) 
Upul Tharanga66 (85b 7x4) 
Greg Lamb 4-0-19-0 
Graeme Cremer 6-0-36-0 
Chigumbura comes back on. 
Kabira: ""@ Ballag: I hope that Kamran's wife doesn't let him hold their babies! """,27.6,1,1.0,"Lamb to Dilshan, 1 run  .flighted on middle and breaking in, Dilshan drives inside out for another single through  .extra cover.",Lamb,Dilshan,1.0,0,0,1,1,1.0,0,,1
"28.1 
2 
Chigumbura to Dilshan, 2 runs 
length ball angles into the pads innocuously, and is worked through midwicket for a 
couple 
Ali: ""After the last match Pakistan team management was found anxiously searching for 
the Birthdays of Aussies, if there is any on 19th March""",28.1,2,2.0,"Chigumbura to Dilshan, 2 runs  .length ball angles into the pads innocuously, and is worked through midwicket for a  .couple",Chigumbura,Dilshan,2.0,0,0,1,1,2.0,0,,1
"28.2 
• 
Chigumbura to Dilshan, no run 
back of a length on off stump, defended from the crease down the pitch",28.2,0,0.0,"Chigumbura to Dilshan, no run  .back of a length on off stump, defended from the crease down the pitch",Chigumbura,Dilshan,0.0,0,0,1,1,0.0,0,,0
"28.3 
• 
Chigumbura to Dilshan, no run 
similar ball, Dilshan holds his guns and defends again",28.3,0,0.0,"Chigumbura to Dilshan, no run  .similar ball, Dilshan holds his guns and defends again",Chigumbura,Dilshan,0.0,0,0,1,1,0.0,0,,0
"28.4 
• 
Chigumbura to Dilshan, no run 
width on offer, Dilshan stays rooted and flails outside the off stump. Can't connect this 
time.",28.4,0,0.0,"Chigumbura to Dilshan, no run  .width on offer, Dilshan stays rooted and flails outside the off stump. Can't connect this  .time.",Chigumbura,Dilshan,0.0,0,0,1,1,0.0,0,,0
"28.5 
1 
Chigumbura to Dilshan, 1 run 
just enough width outside off for Dilshan to open the face and steers through cover 
point for a single 
Hahaha! 
Hari: ""Famous DON movie dialogue in Kamran's way ""CATCH ko pakadna mushkil hi 
nahi, Namumkin hey"". 
Asif: ""Elton Chigumbura's birthday on the day they play Pakistan .. Good signs for him .. 
only if Kamran plays as a keeper""",28.5,1,1.0,"Chigumbura to Dilshan, 1 run  .just enough width outside off for Dilshan to open the face and steers through cover  .point for a single  .Hahaha!",Chigumbura,Dilshan,1.0,0,0,1,1,1.0,0,,1
"28.6 
• 
Chigumbura to Upul Tharanga, no run 
Tharanga fishes outside off for a dlivery angled across him and misses the steer to 
third man 
end of over 293 runs  
SL: 163/0CRR: 5.62  
Upul Tharanga66 (86b 7x4) 
Tillakaratne Dilshan93 (88b 11x4 1x6) 
Elton Chigumbura 2-0-10-0 
Greg Lamb 4-0-19-0",28.6,0,0.0,"Chigumbura to Upul Tharanga, no run  .Tharanga fishes outside off for a dlivery angled across him and misses the steer to  .third man",Chigumbura,Upul Tharanga,0.0,0,0,1,1,0.0,0,,0
"29.1 
• 
Lamb to Dilshan, no run 
Lamb turns this one into the pads and is lucky to escape as Dilshan's sweep finds short 
fine leg",29.1,0,0.0,"Lamb to Dilshan, no run  .Lamb turns this one into the pads and is lucky to escape as Dilshan's sweep finds short  .fine leg",Lamb,Dilshan,0.0,0,0,1,1,0.0,0,,0
"29.2 
• 
Lamb to Dilshan, no run 
turning in from back of a length, Dilshan hangs back and defends to the off side",29.2,0,0.0,"Lamb to Dilshan, no run  .turning in from back of a length, Dilshan hangs back and defends to the off side",Lamb,Dilshan,0.0,0,0,1,1,0.0,0,,0
"29.3 
1 
Lamb to Dilshan, 1 run 
full toss on the leg stumop, but too low for the agrucultural swipe. Dilshan bunts to long 
on for one more",29.3,1,1.0,"Lamb to Dilshan, 1 run  .full toss on the leg stumop, but too low for the agrucultural swipe. Dilshan bunts to long  .on for one more",Lamb,Dilshan,1.0,0,0,1,1,1.0,0,,1
"29.4 
• 
Lamb to Upul Tharanga, no run 
on Tharanga's pads, very full and he can't flick through midwicket for a single",29.4,0,0.0,"Lamb to Upul Tharanga, no run  .on Tharanga's pads, very full and he can't flick through midwicket for a single",Lamb,Upul Tharanga,0.0,0,0,1,1,0.0,0,,0
"29.5 
1 
Lamb to Upul Tharanga, 1 run 
eases into the covers with the spin for a single.",29.5,1,1.0,"Lamb to Upul Tharanga, 1 run  .eases into the covers with the spin for a single.",Lamb,Upul Tharanga,1.0,0,0,1,1,1.0,0,,1
"29.6 
1 
Lamb to Dilshan, 1 run 
short of a length outside off, Dilshan hangs on the crease and dabs towards point for 
one more single 
end of over 303 runs  
SL: 166/0CRR: 5.53  
Tillakaratne Dilshan95 (92b 11x4 1x6) 
Upul Tharanga67 (88b 7x4) 
Greg Lamb 5-0-22-0 
Elton Chigumbura 2-0-10-0",29.6,1,1.0,"Lamb to Dilshan, 1 run  .short of a length outside off, Dilshan hangs on the crease and dabs towards point for  .one more single",Lamb,Dilshan,1.0,0,0,1,1,1.0,0,,1
"30.1 
• 
Chigumbura to Dilshan, no run 
short and wide at 128 kph, again lucky that Dilshan can't beat point with his fierce cut 
shot",30.1,0,0.0,"Chigumbura to Dilshan, no run  .short and wide at 128 kph, again lucky that Dilshan can't beat point with his fierce cut  .shot",Chigumbura,Dilshan,0.0,0,0,1,1,0.0,0,,0
"30.2 
4 
Chigumbura to Dilshan, FOUR runs 
spanked with cruelty. Savage and without any pretence of finesse. That's Dilshan at his 
visceral best. Over-pitched a foot outside off. The man doesn't get across to the pitch, 
he just stays put and flays through the line into the covers. 99 now.",30.2,4,4.0,"Chigumbura to Dilshan, FOUR runs  .spanked with cruelty. Savage and without any pretence of finesse. That's Dilshan at his  .visceral best. Over-pitched a foot outside off. The man doesn't get across to the pitch,  .he just stays put and flays through the line into the covers. 99 now.",Chigumbura,Dilshan,4.0,1,0,1,1,4.0,0,,1
"30.3 
1 
Chigumbura to Dilshan, 1 run 
9th ODI ton for Dilshan and the first in the World Cup. He's pleased as punch, this 
means a lot to him. Gets a back of length ball, he skips into line and dabs into the 
covers. Even as he runs, the dressing room stands up as one, while a buzz emanates 
from the appreciative crowd. He shouts in happiness and throws his arms up. Well 
played, Dilshan!",30.3,1,1.0,"Chigumbura to Dilshan, 1 run  .9th ODI ton for Dilshan and the first in the World Cup. He's pleased as punch, this  .means a lot to him. Gets a back of length ball, he skips into line and dabs into the  .covers. Even as he runs, the dressing room stands up as one, while a buzz emanates  .from the appreciative crowd. He shouts in happiness and throws his arms up. Well  .played, Dilshan!",Chigumbura,Dilshan,1.0,0,0,1,1,1.0,0,,1
"30.4 
• 
Chigumbura to Upul Tharanga, no run 
short of a length on off stump, Tharanga stays on the crease and defends to the off 
side. He's slowed down, but there's enough time for a 100 for him as well.",30.4,0,0.0,"Chigumbura to Upul Tharanga, no run  .short of a length on off stump, Tharanga stays on the crease and defends to the off  .side. He's slowed down, but there's enough time for a 100 for him as well.",Chigumbura,Upul Tharanga,0.0,0,0,1,1,0.0,0,,0
"30.5 
1 
Chigumbura to Upul Tharanga, 1 run 
aha, Elton nearly gets one through him. Tharanga looks to steer from very close to the 
stumps and gets an inside edge past the stumps.",30.5,1,1.0,"Chigumbura to Upul Tharanga, 1 run  .aha, Elton nearly gets one through him. Tharanga looks to steer from very close to the  .stumps and gets an inside edge past the stumps.",Chigumbura,Upul Tharanga,1.0,0,0,1,1,1.0,0,,1
"30.6 
4 
Chigumbura to Dilshan, FOUR runs 
Elton appreciates Dilshan's ton and marks the occasion with a gift - a nothing delivery 
heading down the leg side. Dilshan swipes it along the way for four more to fine leg 
And why did Adnan Akmal become a keeper? Since too many balls kept going into the 
bush behind the pitch when Kamran was keeping. 
Naila: Why is Umar Akmal the best batsman in the Akmal family? Because he got the 
most chance to bat in the back yard as Kamran Akmal kept dropping him."" 
end of over 3110 runs  
SL: 176/0CRR: 5.67  
Tillakaratne Dilshan104 (96b 13x4 1x6) 
Upul Tharanga68 (90b 7x4) 
Elton Chigumbura 3-0-20-0 
Greg Lamb 5-0-22-0",30.6,4,4.0,"Chigumbura to Dilshan, FOUR runs  .Elton appreciates Dilshan's ton and marks the occasion with a gift - a nothing delivery  .heading down the leg side. Dilshan swipes it along the way for four more to fine leg  .And why did Adnan Akmal become a keeper? Since too many balls kept going into the  .bush behind the pitch when Kamran was keeping.  .Naila: Why is Umar Akmal the best batsman in the Akmal family? Because he got the",Chigumbura,Dilshan,4.0,1,0,1,1,4.0,0,,1
"31.1 
• 
Lamb to Upul Tharanga, no run 
back of a length, Tharanga stays on the crease and defends",31.1,0,0.0,"Lamb to Upul Tharanga, no run  .back of a length, Tharanga stays on the crease and defends",Lamb,Upul Tharanga,0.0,0,0,1,1,0.0,0,,0
"31.2 
1 
Lamb to Upul Tharanga, 1 run 
tossed up on off, Tharanga leans out to the pitch and lofts past wide mid off for a single",31.2,1,1.0,"Lamb to Upul Tharanga, 1 run  .tossed up on off, Tharanga leans out to the pitch and lofts past wide mid off for a single",Lamb,Upul Tharanga,1.0,0,0,1,1,1.0,0,,1
"31.3 
1 
Lamb to Dilshan, 1 run 
turning in from outside off, Dilshan drives through mid off for a single",31.3,1,1.0,"Lamb to Dilshan, 1 run  .turning in from outside off, Dilshan drives through mid off for a single",Lamb,Dilshan,1.0,0,0,1,1,1.0,0,,1
"31.4 
1 
Lamb to Upul Tharanga, 1 run 
Tharanga backs away to the leg side, looking for the off side loft, and plays softly for a 
single to the deep",31.4,1,1.0,"Lamb to Upul Tharanga, 1 run  .Tharanga backs away to the leg side, looking for the off side loft, and plays softly for a  .single to the deep",Lamb,Upul Tharanga,1.0,0,0,1,1,1.0,0,,1
"31.5 
3 
Lamb to Dilshan, 3 runs 
hideous bowling. Full toss on off stump, Dilshan cracks it with that heaved drive of his 
into the deep. Panyangara runs a mile from deep backward point and uses the boot to 
save a four",31.5,3,3.0,"Lamb to Dilshan, 3 runs  .hideous bowling. Full toss on off stump, Dilshan cracks it with that heaved drive of his  .into the deep. Panyangara runs a mile from deep backward point and uses the boot to  .save a four",Lamb,Dilshan,3.0,0,0,1,1,3.0,0,,1
"31.6 
1w 
Lamb to Upul Tharanga, 1 wide 
quicker ball, looks to cramp Tharanga as he backs away, but it slips too wide down the 
leg side",31.6,1w,1.0,"Lamb to Upul Tharanga, 1 wide  .quicker ball, looks to cramp Tharanga as he backs away, but it slips too wide down the  .leg side",Lamb,Upul Tharanga,0.0,0,0,0,0,1.0,0,,1
"31.6 
1 
Lamb to Upul Tharanga, 1 run 
on the leg stump to end the over, driven down to long on for a single 
Because he will keep dropping everyone from the squad!"" 
Paras: ""Why can't Kamran Akmal be a Pakistani team selector? 
end of over 328 runs  
SL: 184/0CRR: 5.75  
Upul Tharanga71 (94b 7x4) 
Tillakaratne Dilshan108 (98b 13x4 1x6) 
Greg Lamb 6-0-30-0 
Elton Chigumbura 3-0-20-0",31.6,1,1.0,"Lamb to Upul Tharanga, 1 run  .on the leg stump to end the over, driven down to long on for a single",Lamb,Upul Tharanga,1.0,0,0,1,1,1.0,0,,1
"32.1 
4 
Panyangara to Upul Tharanga, FOUR runs 
Panyangara - keeps getting atacked everytime he bowls. If I remember right, this 
happened when he played New Zealand too. First ball of a new spell, over-pitched at a 
friendly length on leg stump, and Tharanga lofts cleanly over mid-on for four",32.1,4,4.0,"Panyangara to Upul Tharanga, FOUR runs  .Panyangara - keeps getting atacked everytime he bowls. If I remember right, this  .happened when he played New Zealand too. First ball of a new spell, over-pitched at a  .friendly length on leg stump, and Tharanga lofts cleanly over mid-on for four",Panyangara,Upul Tharanga,4.0,1,0,1,1,4.0,0,,1
"32.2 
1 
Panyangara to Upul Tharanga, 1 run 
fullish again, Tharanga opens the off side and drives fluently to deep extra cover for a 
single",32.2,1,1.0,"Panyangara to Upul Tharanga, 1 run  .fullish again, Tharanga opens the off side and drives fluently to deep extra cover for a  .single",Panyangara,Upul Tharanga,1.0,0,0,1,1,1.0,0,,1
"32.3 
1 
Panyangara to Dilshan, 1 run 
back of a length outside off, Dilshan cuts but finds the man in the deep",32.3,1,1.0,"Panyangara to Dilshan, 1 run  .back of a length outside off, Dilshan cuts but finds the man in the deep",Panyangara,Dilshan,1.0,0,0,1,1,1.0,0,,1
"32.4 
• 
Panyangara to Upul Tharanga, no run 
back of a length outside off, Tharanga stays back on the crease and guides backward of 
point.",32.4,0,0.0,"Panyangara to Upul Tharanga, no run  .back of a length outside off, Tharanga stays back on the crease and guides backward of  .point.",Panyangara,Upul Tharanga,0.0,0,0,1,1,0.0,0,,0
"32.5 
2 
Panyangara to Upul Tharanga, 2 runs 
this time he gets it away, waiting for the ball to get beside him before playing the cut, 
getting it backward of point. A big effort at the deep keeps him down to two",32.5,2,2.0,"Panyangara to Upul Tharanga, 2 runs  .this time he gets it away, waiting for the ball to get beside him before playing the cut,  .getting it backward of point. A big effort at the deep keeps him down to two",Panyangara,Upul Tharanga,2.0,0,0,1,1,2.0,0,,1
"32.6 
4 
Panyangara to Upul Tharanga, FOUR runs 
that's Tharanga's shot of the day. Short ball coming in and cramping him for room, 
Tharanga was not taken by surprise, even as he arrested his forward motion and 
slapped with a lovely sleight of the wrists. In the air, safely into the gap and nearly six 
through square leg 
end of over 3312 runs  
SL: 196/0CRR: 5.93  
Upul Tharanga82 (99b 9x4) 
Tillakaratne Dilshan109 (99b 13x4 1x6) 
Tinashe Panyangara 5-0-43-0 
Greg Lamb 6-0-30-0 
Utseya comes on now.",32.6,4,4.0,"Panyangara to Upul Tharanga, FOUR runs  .that's Tharanga's shot of the day. Short ball coming in and cramping him for room,  .Tharanga was not taken by surprise, even as he arrested his forward motion and  .slapped with a lovely sleight of the wrists. In the air, safely into the gap and nearly six  .through square leg",Panyangara,Upul Tharanga,4.0,1,0,1,1,4.0,0,,1
"33.1 
• 
Utseya to Dilshan, no run 
tossed up outside off and coming in, Dilshan drives against the spin to mid off",33.1,0,0.0,"Utseya to Dilshan, no run  .tossed up outside off and coming in, Dilshan drives against the spin to mid off",Utseya,Dilshan,0.0,0,0,1,1,0.0,0,,0
"33.2 
2 
Utseya to Dilshan, 2 runs 
short ball, turning into the leg side and pulled with ominous timing. Misfield in the deep 
from Price, doesn't quite help Zimbabwe's cause.",33.2,2,2.0,"Utseya to Dilshan, 2 runs  .short ball, turning into the leg side and pulled with ominous timing. Misfield in the deep  .from Price, doesn't quite help Zimbabwe's cause.",Utseya,Dilshan,2.0,0,0,1,1,2.0,0,,1
"33.3 
1 
Utseya to Dilshan, 1 run 
another one speared into the pads, Dilshan heaves to Price who fields this time. Dilshan 
does seem a little knackered, it is hot and humid out there.",33.3,1,1.0,"Utseya to Dilshan, 1 run  .another one speared into the pads, Dilshan heaves to Price who fields this time. Dilshan  .does seem a little knackered, it is hot and humid out there.",Utseya,Dilshan,1.0,0,0,1,1,1.0,0,,1
"33.4 
• 
Utseya to Upul Tharanga, no run 
Tharanga opens the face and dabs with the spin towards point",33.4,0,0.0,"Utseya to Upul Tharanga, no run  .Tharanga opens the face and dabs with the spin towards point",Utseya,Upul Tharanga,0.0,0,0,1,1,0.0,0,,0
"33.5 
1w 
Utseya to Upul Tharanga, 1 wide 
200 for SL, comes with a wide as Utseya pushes one down the leg side.",33.5,1w,1.0,"Utseya to Upul Tharanga, 1 wide  .200 for SL, comes with a wide as Utseya pushes one down the leg side.",Utseya,Upul Tharanga,0.0,0,0,0,0,1.0,0,,1
"33.5 
4 
Utseya to Upul Tharanga, FOUR runs 
while Dilshan is savaging them, Tharanga is doing it with a little more dignity. Fired on a 
length around off stump, Tharanga just stands back, uses the pace of the ball and 
steers it through backward point. Third man is inside the circle, and had no hopes of 
stopping it.",33.5,4,4.0,"Utseya to Upul Tharanga, FOUR runs  .while Dilshan is savaging them, Tharanga is doing it with a little more dignity. Fired on a  .length around off stump, Tharanga just stands back, uses the pace of the ball and  .steers it through backward point. Third man is inside the circle, and had no hopes of  .stopping it.",Utseya,Upul Tharanga,4.0,1,0,1,1,4.0,0,,1
"33.6 
1 
Utseya to Upul Tharanga, 1 run 
short ball again, Tharanga pulls hard to the deep for a single. Many red shirts patrolling 
the leg-side boundary, and just as well. 
Jannie: ""That a new record for the 1st wicket partnership in World cup. Pevious was 194 
in 1999."" The previous record was held by Wajahatullah Wasti and Saeed Anwar. Here's 
the list. 
end of over 349 runs  
SL: 205/0CRR: 6.02  
Upul Tharanga87 (102b 10x4) 
Tillakaratne Dilshan112 (102b 13x4 1x6) 
Prosper Utseya 6-0-29-0 
Tinashe Panyangara 5-0-43-0 
Cremer returns. Panyangara is out of the attack again.",33.6,1,1.0,"Utseya to Upul Tharanga, 1 run  .short ball again, Tharanga pulls hard to the deep for a single. Many red shirts patrolling  .the leg-side boundary, and just as well.",Utseya,Upul Tharanga,1.0,0,0,1,1,1.0,0,,1
"34.1 
• 
Cremer to Upul Tharanga, no run 
turning from middle and leg down the leg side, Tharanga dabs with the spin but finds 
short fine leg",34.1,0,0.0,"Cremer to Upul Tharanga, no run  .turning from middle and leg down the leg side, Tharanga dabs with the spin but finds  .short fine leg",Cremer,Upul Tharanga,0.0,0,0,1,1,0.0,0,,0
"34.2 
4 
Cremer to Upul Tharanga, FOUR runs 
oho boy. Tharanga is playing some idyllic late-afternoon glides that almost seem a 
throwback to an era of more non-violent batting. Short ball from Cremer, he doesn't go 
back and thwack it, he just eases it along with the pace of the ball, backward of point.",34.2,4,4.0,"Cremer to Upul Tharanga, FOUR runs  .oho boy. Tharanga is playing some idyllic late-afternoon glides that almost seem a  .throwback to an era of more non-violent batting. Short ball from Cremer, he doesn't go  .back and thwack it, he just eases it along with the pace of the ball, backward of point.",Cremer,Upul Tharanga,4.0,1,0,1,1,4.0,0,,1
"34.3 
2b 
Cremer to Upul Tharanga, 2 byes 
too much turn, Tharanga misses the heaved drive, Taibu can't collect and it is away for 
two byes",34.3,2b,2.0,"Cremer to Upul Tharanga, 2 byes  .too much turn, Tharanga misses the heaved drive, Taibu can't collect and it is away for  .two byes",Cremer,Upul Tharanga,0.0,0,0,1,1,0.0,0,,1
"34.4 
1 
Cremer to Upul Tharanga, 1 run 
now he gets the single, driving solidly down the ground for one",34.4,1,1.0,"Cremer to Upul Tharanga, 1 run  .now he gets the single, driving solidly down the ground for one",Cremer,Upul Tharanga,1.0,0,0,1,1,1.0,0,,1
"34.5 
• 
Cremer to Dilshan, no run 
short ball to Dilshan, he cuts expansively but finds cover point.",34.5,0,0.0,"Cremer to Dilshan, no run  .short ball to Dilshan, he cuts expansively but finds cover point.",Cremer,Dilshan,0.0,0,0,1,1,0.0,0,,0
"34.6 
1 
Cremer to Dilshan, 1 run 
stays back and drives through midwicket for a single to end the over 
end of over 358 runs  
SL: 213/0CRR: 6.08  
Tillakaratne Dilshan113 (104b 13x4 1x6) 
Upul Tharanga92 (106b 11x4) 
Graeme Cremer 7-0-42-0 
Prosper Utseya 6-0-29-0",34.6,1,1.0,"Cremer to Dilshan, 1 run  .stays back and drives through midwicket for a single to end the over",Cremer,Dilshan,1.0,0,0,1,1,1.0,0,,1
"35.1 
2 
Utseya to Dilshan, 2 runs 
sharp offie, lands on middle and turns in a mile. No problemo for Dilshan, who moves 
well to the leg side and carves through the covers for a couple",35.1,2,2.0,"Utseya to Dilshan, 2 runs  .sharp offie, lands on middle and turns in a mile. No problemo for Dilshan, who moves  .well to the leg side and carves through the covers for a couple",Utseya,Dilshan,2.0,0,0,1,1,2.0,0,,1
"35.2 
1 
Utseya to Dilshan, 1 run 
tossed up this time and turning into Dilshan, who winds up and unleashes the slog 
sweep. Very good work by Panyangara at deep backward square leg to stop the 
boundary. They only get a single, Dilshan is surely struggling",35.2,1,1.0,"Utseya to Dilshan, 1 run  .tossed up this time and turning into Dilshan, who winds up and unleashes the slog  .sweep. Very good work by Panyangara at deep backward square leg to stop the  .boundary. They only get a single, Dilshan is surely struggling",Utseya,Dilshan,1.0,0,0,1,1,1.0,0,,1
"35.3 
• 
Utseya to Upul Tharanga, no run 
tossed up on middle and off, Tharanga drives back to the bowler",35.3,0,0.0,"Utseya to Upul Tharanga, no run  .tossed up on middle and off, Tharanga drives back to the bowler",Utseya,Upul Tharanga,0.0,0,0,1,1,0.0,0,,0
"35.4 
• 
Utseya to Upul Tharanga, no run 
again, flighted on off stump, Tharanga plays calmly back to the bowler",35.4,0,0.0,"Utseya to Upul Tharanga, no run  .again, flighted on off stump, Tharanga plays calmly back to the bowler",Utseya,Upul Tharanga,0.0,0,0,1,1,0.0,0,,0
"35.5 
• 
Utseya to Upul Tharanga, no run 
huh? Forward defensive? Didn't expect to see that.",35.5,0,0.0,"Utseya to Upul Tharanga, no run  .huh? Forward defensive? Didn't expect to see that.",Utseya,Upul Tharanga,0.0,0,0,1,1,0.0,0,,0
"35.6 
1 
Utseya to Upul Tharanga, 1 run 
tossed up to end the over, Tharanga drives into the covers to retain strike. Before that, 
the players will have a glug of drinks. 
Hilarious! I am almost sad to leave comms to Abhishek now. Moving over to OBO where 
we shall discuss something else! 
Because he failed to catch the bus! :)"" 
Abadit: ""Why did Kamran Akmal have to walk back to the team hotel after the match? 
Mohit: ""Cricinfo is introducing a new section on Akmal brothers, and it's called 
""Dropplegangers"" 
end of over 364 runs  
SL: 217/0CRR: 6.02  
Upul Tharanga93 (110b 11x4) 
Tillakaratne Dilshan116 (106b 13x4 1x6) 
Prosper Utseya 7-0-33-0 
Graeme Cremer 7-0-42-0 
Thanks, Nitin. Dilshan is struggling, he is flat on his back during the break. vivek: 
""Kamran legacy: kamran could be a good brand ambassador for Save water campaign. 
""Every drop counts""."" And that, for a while, will be the last Kamran joke, if I can help it. 
Please give the man a break.",35.6,1,1.0,"Utseya to Upul Tharanga, 1 run  .tossed up to end the over, Tharanga drives into the covers to retain strike. Before that,  .the players will have a glug of drinks.  .Hilarious! I am almost sad to leave comms to Abhishek now. Moving over to OBO where  .we shall discuss something else!",Utseya,Upul Tharanga,1.0,0,0,1,1,1.0,0,,1
"36.1 
• 
Price to Upul Tharanga, no run 
looks to sweep this one from outside leg, cannot get it past short fine leg",36.1,0,0.0,"Price to Upul Tharanga, no run  .looks to sweep this one from outside leg, cannot get it past short fine leg",Price,Upul Tharanga,0.0,0,0,1,1,0.0,0,,0
"36.2 
1 
Price to Upul Tharanga, 1 run 
tickled away towards square leg off the pads",36.2,1,1.0,"Price to Upul Tharanga, 1 run  .tickled away towards square leg off the pads",Price,Upul Tharanga,1.0,0,0,1,1,1.0,0,,1
"36.3 
1 
Price to Dilshan, 1 run 
flicked away down to fine leg now",36.3,1,1.0,"Price to Dilshan, 1 run  .flicked away down to fine leg now",Price,Dilshan,1.0,0,0,1,1,1.0,0,,1
"36.4 
1 
Price to Upul Tharanga, 1 run 
fuller on the stumps, driven down to long off",36.4,1,1.0,"Price to Upul Tharanga, 1 run  .fuller on the stumps, driven down to long off",Price,Upul Tharanga,1.0,0,0,1,1,1.0,0,,1
"36.5 
• 
Price to Dilshan, no run 
tosses it up slowly, he gets an inside edge as he pushes forward, Dilshan looks sharply 
at Price",36.5,0,0.0,"Price to Dilshan, no run  .tosses it up slowly, he gets an inside edge as he pushes forward, Dilshan looks sharply  .at Price",Price,Dilshan,0.0,0,0,1,1,0.0,0,,0
"36.6 
1 
Price to Dilshan, 1 run 
punched away off the back foot towards sweeper cover 
end of over 374 runs  
SL: 221/0CRR: 5.97  
Tillakaratne Dilshan118 (109b 13x4 1x6) 
Upul Tharanga95 (113b 11x4) 
Ray Price 6-0-22-0 
Prosper Utseya 7-0-33-0",36.6,1,1.0,"Price to Dilshan, 1 run  .punched away off the back foot towards sweeper cover",Price,Dilshan,1.0,0,0,1,1,1.0,0,,1
"37.1 
• 
Utseya to Dilshan, no run 
goes down on a knee and tries to forcefully sweep this one, but cannot connect cleanly, 
he is looking tired",37.1,0,0.0,"Utseya to Dilshan, no run  .goes down on a knee and tries to forcefully sweep this one, but cannot connect cleanly,  .he is looking tired",Utseya,Dilshan,0.0,0,0,1,1,0.0,0,,0
"37.2 
• 
Utseya to Dilshan, no run 
quicker one in the blockhole, squeezed out towards point",37.2,0,0.0,"Utseya to Dilshan, no run  .quicker one in the blockhole, squeezed out towards point",Utseya,Dilshan,0.0,0,0,1,1,0.0,0,,0
"37.3 
• 
Utseya to Dilshan, no run 
still no run, this time it is steered to short third man",37.3,0,0.0,"Utseya to Dilshan, no run  .still no run, this time it is steered to short third man",Utseya,Dilshan,0.0,0,0,1,1,0.0,0,,0
"37.4 
1 
Utseya to Dilshan, 1 run 
he can't make use of the high full toss, he bashes it away right to deep midwicket",37.4,1,1.0,"Utseya to Dilshan, 1 run  .he can't make use of the high full toss, he bashes it away right to deep midwicket",Utseya,Dilshan,1.0,0,0,1,1,1.0,0,,1
"37.5 
• 
Utseya to Upul Tharanga, no run 
one more dot ball, it was wide outside off and turning away, but he cannot get the steer 
past short third man",37.5,0,0.0,"Utseya to Upul Tharanga, no run  .one more dot ball, it was wide outside off and turning away, but he cannot get the steer  .past short third man",Utseya,Upul Tharanga,0.0,0,0,1,1,0.0,0,,0
"37.6 
• 
Utseya to Upul Tharanga, no run 
good over from Utseya, gets him to push it back down the track 
end of over 381 run  
SL: 222/0CRR: 5.84  
Upul Tharanga95 (115b 11x4) 
Tillakaratne Dilshan119 (113b 13x4 1x6) 
Prosper Utseya 8-0-34-0 
Ray Price 6-0-22-0",37.6,0,0.0,"Utseya to Upul Tharanga, no run  .good over from Utseya, gets him to push it back down the track",Utseya,Upul Tharanga,0.0,0,0,1,1,0.0,0,,0
"38.1 
• 
Price to Dilshan, no run 
he is really struggling, wants to pull this away, but gets an inside edge close to off 
stump,. there have been a few of those today",38.1,0,0.0,"Price to Dilshan, no run  .he is really struggling, wants to pull this away, but gets an inside edge close to off  .stump,. there have been a few of those today",Price,Dilshan,0.0,0,0,1,1,0.0,0,,0
"38.2 
1 
Price to Dilshan, 1 run 
goes for another forcing punch, but mistimes it down the ground to long on",38.2,1,1.0,"Price to Dilshan, 1 run  .goes for another forcing punch, but mistimes it down the ground to long on",Price,Dilshan,1.0,0,0,1,1,1.0,0,,1
"38.3 
• 
Price to Upul Tharanga, no run 
pushed down the track off the front foot, where have the runs disappeared?",38.3,0,0.0,"Price to Upul Tharanga, no run  .pushed down the track off the front foot, where have the runs disappeared?",Price,Upul Tharanga,0.0,0,0,1,1,0.0,0,,0
"38.4 
1 
Price to Upul Tharanga, 1 run 
gives himself some room outside leg, and drives along the ground to sweeper cover",38.4,1,1.0,"Price to Upul Tharanga, 1 run  .gives himself some room outside leg, and drives along the ground to sweeper cover",Price,Upul Tharanga,1.0,0,0,1,1,1.0,0,,1
"38.5 
1 
Price to Dilshan, 1 run 
goes on the back foot, and works it away in the air towards deep square leg",38.5,1,1.0,"Price to Dilshan, 1 run  .goes on the back foot, and works it away in the air towards deep square leg",Price,Dilshan,1.0,0,0,1,1,1.0,0,,1
"38.6 
1 
Price to Upul Tharanga, 1 run 
fuller one, driven down to long off, somehow the scarcity of singles never affects that 
area 
end of over 394 runs  
SL: 226/0CRR: 5.79  
Upul Tharanga97 (118b 11x4) 
Tillakaratne Dilshan121 (116b 13x4 1x6) 
Ray Price 7-0-26-0 
Prosper Utseya 8-0-34-0 
Philip G: ""When was the last time Dilshan batted for this length of overs in ODI?...miracle 
this."" Lamb comes back",38.6,1,1.0,"Price to Upul Tharanga, 1 run  .fuller one, driven down to long off, somehow the scarcity of singles never affects that  .area",Price,Upul Tharanga,1.0,0,0,1,1,1.0,0,,1
"39.1 
1 
Lamb to Upul Tharanga, 1 run 
fuller one played with the turn to, long off, again",39.1,1,1.0,"Lamb to Upul Tharanga, 1 run  .fuller one played with the turn to, long off, again",Lamb,Upul Tharanga,1.0,0,0,1,1,1.0,0,,1
"39.2 
1 
Lamb to Dilshan, 1 run 
goes outside leg to make room for the turn and squeezes it away towards covers",39.2,1,1.0,"Lamb to Dilshan, 1 run  .goes outside leg to make room for the turn and squeezes it away towards covers",Lamb,Dilshan,1.0,0,0,1,1,1.0,0,,1
"39.3 
• 
Lamb to Upul Tharanga, no run 
comes forward and pushes in the air towards midwicket, they run a few steps for the 
single, but retreat sooner",39.3,0,0.0,"Lamb to Upul Tharanga, no run  .comes forward and pushes in the air towards midwicket, they run a few steps for the  .single, but retreat sooner",Lamb,Upul Tharanga,0.0,0,0,1,1,0.0,0,,0
"39.4 
1 
Lamb to Upul Tharanga, 1 run 
worked away off the pads to square leg, moves to 99",39.4,1,1.0,"Lamb to Upul Tharanga, 1 run  .worked away off the pads to square leg, moves to 99",Lamb,Upul Tharanga,1.0,0,0,1,1,1.0,0,,1
"39.5 
4 
Lamb to Dilshan, FOUR runs 
Dilshan finally gets one away, wayward delivery down the pads, and he sweeps in the air 
over short fine leg",39.5,4,4.0,"Lamb to Dilshan, FOUR runs  .Dilshan finally gets one away, wayward delivery down the pads, and he sweeps in the air  .over short fine leg",Lamb,Dilshan,4.0,1,0,1,1,4.0,0,,1
"39.6 
• 
Lamb to Dilshan, no run 
backs away to cut a quicker and flatter one turning in, but short third man pulls off a 
diving stop 
end of over 407 runs  
SL: 233/0CRR: 5.82  
Tillakaratne Dilshan126 (119b 14x4 1x6) 
Upul Tharanga99 (121b 11x4) 
Greg Lamb 7-0-37-0 
Ray Price 7-0-26-0 
batting Powerplay has been taken. It's like Pakistan, never know what you will get.",39.6,0,0.0,"Lamb to Dilshan, no run  .backs away to cut a quicker and flatter one turning in, but short third man pulls off a  .diving stop",Lamb,Dilshan,0.0,0,0,1,1,0.0,0,,0
"40.1 
4 
Price to Upul Tharanga, FOUR runs 
there is the century for Tharanga, lovely drive to get to it, steps out to a tossed up ball 
and eases it past mid off, raises his bat in celebration",40.1,4,4.0,"Price to Upul Tharanga, FOUR runs  .there is the century for Tharanga, lovely drive to get to it, steps out to a tossed up ball  .and eases it past mid off, raises his bat in celebration",Price,Upul Tharanga,4.0,1,0,1,1,4.0,0,,1
"40.2 
4 
Price to Upul Tharanga, FOUR runs 
carved away through the covers against the spin, gave himself some room, and lofted it 
over the infield 
"" target=""_blank"">list of innings in which both openers have hits 100s. This is the first 
instance in World Cups. 
Here's the",40.2,4,4.0,"Price to Upul Tharanga, FOUR runs  .carved away through the covers against the spin, gave himself some room, and lofted it  .over the infield",Price,Upul Tharanga,4.0,1,0,1,1,4.0,0,,1
"40.3 
1 
Price to Upul Tharanga, 1 run 
drives this fuller on down the ground",40.3,1,1.0,"Price to Upul Tharanga, 1 run  .drives this fuller on down the ground",Price,Upul Tharanga,1.0,0,0,1,1,1.0,0,,1
"40.4 
1 
Price to Dilshan, 1 run 
Dilshan gets the single down to long off with a drive off a fuller delivery",40.4,1,1.0,"Price to Dilshan, 1 run  .Dilshan gets the single down to long off with a drive off a fuller delivery",Price,Dilshan,1.0,0,0,1,1,1.0,0,,1
"40.5 
1 
Price to Upul Tharanga, 1 run 
down the track and looks to bash this full toss, but long on is in place",40.5,1,1.0,"Price to Upul Tharanga, 1 run  .down the track and looks to bash this full toss, but long on is in place",Price,Upul Tharanga,1.0,0,0,1,1,1.0,0,,1
"40.6 
• 
Price to Dilshan, no run 
misses out on this one, he got down on a knee and slapped it away with good timing but 
extra cover is on the edge of the circle, and it goes straight to him 
end of over 4111 runs  
SL: 244/0CRR: 5.95  
Tillakaratne Dilshan127 (121b 14x4 1x6) 
Upul Tharanga109 (125b 13x4) 
Ray Price 8-0-37-0 
Greg Lamb 7-0-37-0 
These two have made Zimbabwe pay dearly for some wayward bowling",40.6,0,0.0,"Price to Dilshan, no run  .misses out on this one, he got down on a knee and slapped it away with good timing but  .extra cover is on the edge of the circle, and it goes straight to him",Price,Dilshan,0.0,0,0,1,1,0.0,0,,0
"41.1 
4 
Lamb to Upul Tharanga, FOUR runs 
Tharanga backs away and throws his bat at one turning away, but the thick edge goes 
wide of short third man, Price dived over the ball as well",41.1,4,4.0,"Lamb to Upul Tharanga, FOUR runs  .Tharanga backs away and throws his bat at one turning away, but the thick edge goes  .wide of short third man, Price dived over the ball as well",Lamb,Upul Tharanga,4.0,1,0,1,1,4.0,0,,1
"41.2 
1 
Lamb to Upul Tharanga, 1 run 
the inside out lofted shot over extra cover, connects well but cannot beat the man at 
sweeper cover",41.2,1,1.0,"Lamb to Upul Tharanga, 1 run  .the inside out lofted shot over extra cover, connects well but cannot beat the man at  .sweeper cover",Lamb,Upul Tharanga,1.0,0,0,1,1,1.0,0,,1
"41.3 
1 
Lamb to Dilshan, 1 run 
goes for the pull shot, he is struggling to connect them, goes on a couple of bounces to 
deep midwicket",41.3,1,1.0,"Lamb to Dilshan, 1 run  .goes for the pull shot, he is struggling to connect them, goes on a couple of bounces to  .deep midwicket",Lamb,Dilshan,1.0,0,0,1,1,1.0,0,,1
"41.4 
4 
Lamb to Upul Tharanga, FOUR runs 
tharanga is hitting some lovely lofted shots over the off-side infield, this one was a full 
toss on off stump, and he stepped outside leg to get the connection over a leaping extra 
cover",41.4,4,4.0,"Lamb to Upul Tharanga, FOUR runs  .tharanga is hitting some lovely lofted shots over the off-side infield, this one was a full  .toss on off stump, and he stepped outside leg to get the connection over a leaping extra  .cover",Lamb,Upul Tharanga,4.0,1,0,1,1,4.0,0,,1
"41.5 
4 
Lamb to Upul Tharanga, FOUR runs 
and again, this is clean efficient hitting, makes a lot of room outside leg stump, and 
though the bowler tried to follow him, Tharanga had enough momentum to lift the full 
ball over cover",41.5,4,4.0,"Lamb to Upul Tharanga, FOUR runs  .and again, this is clean efficient hitting, makes a lot of room outside leg stump, and  .though the bowler tried to follow him, Tharanga had enough momentum to lift the full  .ball over cover",Lamb,Upul Tharanga,4.0,1,0,1,1,4.0,0,,1
"41.6 
1lb 
Lamb to Upul Tharanga, 1 leg bye 
this time he stays put, and goes for the sweep to this one outside leg stump, but it rolls 
away fine 
end of over 4215 runs  
SL: 259/0CRR: 6.16  
Upul Tharanga122 (130b 16x4) 
Tillakaratne Dilshan128 (122b 14x4 1x6) 
Greg Lamb 8-0-51-0 
Ray Price 8-0-37-0 
punj: ""I think Zimbabweans haven't learnt their lesson from Hayden's 380. You don't 
bowl first against the mighties."" Mpofu comes in to the 'attack'",41.6,1lb,1.0,"Lamb to Upul Tharanga, 1 leg bye  .this time he stays put, and goes for the sweep to this one outside leg stump, but it rolls  .away fine",Lamb,Upul Tharanga,0.0,0,0,1,1,0.0,0,,0
"42.1 
2nb 
Mpofu to Upul Tharanga, (no ball) 1 run 
and starts off with a no-ball, Tharanga tries to life it over midwicket, but one hand 
comes off the bat, it is picked up at deep square leg",42.1,2nb,2.0,"Mpofu to Upul Tharanga, (no ball) 1 run  .and starts off with a no-ball, Tharanga tries to life it over midwicket, but one hand  .comes off the bat, it is picked up at deep square leg",Mpofu,Upul Tharanga,1.0,0,0,1,0,2.0,0,,1
"42.1 
2 
Mpofu to Dilshan, 2 runs 
Dilshan throws everything at the free hit, and gets it over midwicket, but not timed well 
enough to reach the ropes",42.1,2,2.0,"Mpofu to Dilshan, 2 runs  .Dilshan throws everything at the free hit, and gets it over midwicket, but not timed well  .enough to reach the ropes",Mpofu,Dilshan,2.0,0,0,1,1,2.0,0,,1
"42.2 
1 
Mpofu to Dilshan, 1 run 
goes for one more slog to a length ball, it goes on the bounce to deep midwicket",42.2,1,1.0,"Mpofu to Dilshan, 1 run  .goes for one more slog to a length ball, it goes on the bounce to deep midwicket",Mpofu,Dilshan,1.0,0,0,1,1,1.0,0,,1
"42.3 
4 
Mpofu to Upul Tharanga, FOUR runs 
more woes for Zimbabwe, he backs away outside leg and looks to carve it through extra 
cover, gets an outside edge that flies past the keeper",42.3,4,4.0,"Mpofu to Upul Tharanga, FOUR runs  .more woes for Zimbabwe, he backs away outside leg and looks to carve it through extra  .cover, gets an outside edge that flies past the keeper",Mpofu,Upul Tharanga,4.0,1,0,1,1,4.0,0,,1
"42.4 
• 
Mpofu to Upul Tharanga, no run 
well bowled slower delivery at 114 kph. he made room outside leg, but could no get the 
ball past cover",42.4,0,0.0,"Mpofu to Upul Tharanga, no run  .well bowled slower delivery at 114 kph. he made room outside leg, but could no get the  .ball past cover",Mpofu,Upul Tharanga,0.0,0,0,1,1,0.0,0,,0
"42.5 
• 
Mpofu to Upul Tharanga, no run 
he just pushes this full delivery from outside leg stump, and it flies off the blade, too bad 
it went to extra cover",42.5,0,0.0,"Mpofu to Upul Tharanga, no run  .he just pushes this full delivery from outside leg stump, and it flies off the blade, too bad  .it went to extra cover",Mpofu,Upul Tharanga,0.0,0,0,1,1,0.0,0,,0
"42.6 
1 
Mpofu to Upul Tharanga, 1 run 
Zimbabwe are covering up the bowling with their fielding, Tharanga creams another full 
ball wide of extra cover, who dives to his left to stop a certain boundary 
end of over 4310 runs  
SL: 269/0CRR: 6.25  
Upul Tharanga128 (135b 17x4) 
Tillakaratne Dilshan131 (124b 14x4 1x6) 
Chris Mpofu 4-0-38-0 
Greg Lamb 8-0-51-0 
Bobby: ""Poor Sanga has been padded up for 43 overs!!"" Utseya comes on",42.6,1,1.0,"Mpofu to Upul Tharanga, 1 run  .Zimbabwe are covering up the bowling with their fielding, Tharanga creams another full  .ball wide of extra cover, who dives to his left to stop a certain boundary",Mpofu,Upul Tharanga,1.0,0,0,1,1,1.0,0,,1
"43.1 
• 
Utseya to Upul Tharanga, no run 
whoa, Tharanga hits the ball twice, once to dig out a fuller one, and then to stop it from 
rolling on to the stumps",43.1,0,0.0,"Utseya to Upul Tharanga, no run  .whoa, Tharanga hits the ball twice, once to dig out a fuller one, and then to stop it from  .rolling on to the stumps",Utseya,Upul Tharanga,0.0,0,0,1,1,0.0,0,,0
"43.2 
1 
Utseya to Upul Tharanga, 1 run 
driven wide of long off for a single",43.2,1,1.0,"Utseya to Upul Tharanga, 1 run  .driven wide of long off for a single",Utseya,Upul Tharanga,1.0,0,0,1,1,1.0,0,,1
"43.3 
4 
Utseya to Dilshan, FOUR runs 
Dilshan comes in search of a boundary, and gets it, takes it on the half volley and carves 
it over extra cover",43.3,4,4.0,"Utseya to Dilshan, FOUR runs  .Dilshan comes in search of a boundary, and gets it, takes it on the half volley and carves  .it over extra cover",Utseya,Dilshan,4.0,1,0,1,1,4.0,0,,1
"43.4 
1 
Utseya to Dilshan, 1 run 
full toss on the leg stump, driven down to long on",43.4,1,1.0,"Utseya to Dilshan, 1 run  .full toss on the leg stump, driven down to long on",Utseya,Dilshan,1.0,0,0,1,1,1.0,0,,1
"43.5 
1 
Utseya to Upul Tharanga, 1 run 
slowly tossed up around off stump, steered to short third man",43.5,1,1.0,"Utseya to Upul Tharanga, 1 run  .slowly tossed up around off stump, steered to short third man",Utseya,Upul Tharanga,1.0,0,0,1,1,1.0,0,,1
"43.6 
2 
Utseya to Dilshan, 2 runs 
misfield at long on allows them to come back for two, it was hammered in the air by 
Dilshan, and the fielder failed to grab it on the bounce 
end of over 449 runs  
SL: 278/0CRR: 6.31  
Tillakaratne Dilshan138 (127b 15x4 1x6) 
Upul Tharanga130 (138b 17x4) 
Prosper Utseya 9-0-43-0 
Chris Mpofu 4-0-38-0 
Tarek: ""if a wicket falls, let Angelo Matthews come in next! (key word is 'if'!)""",43.6,2,2.0,"Utseya to Dilshan, 2 runs  .misfield at long on allows them to come back for two, it was hammered in the air by  .Dilshan, and the fielder failed to grab it on the bounce",Utseya,Dilshan,2.0,0,0,1,1,2.0,0,,1
"44.1 
2 
Mpofu to Upul Tharanga, 2 runs 
looks for the carve over extra cover with a skip down the track, the bat turns in his hand 
and he mistimes it over midwicket",44.1,2,2.0,"Mpofu to Upul Tharanga, 2 runs  .looks for the carve over extra cover with a skip down the track, the bat turns in his hand  .and he mistimes it over midwicket",Mpofu,Upul Tharanga,2.0,0,0,1,1,2.0,0,,1
"44.2 
1 
Mpofu to Upul Tharanga, 1 run 
slower one leads to more mistiming, this time lofted down to long on",44.2,1,1.0,"Mpofu to Upul Tharanga, 1 run  .slower one leads to more mistiming, this time lofted down to long on",Mpofu,Upul Tharanga,1.0,0,0,1,1,1.0,0,,1
"44.3 
1 
Mpofu to Dilshan, 1 run 
he stands outside off stump with feet a foot apart, and gets a fuller one that he 
smashes away to deep midwicket",44.3,1,1.0,"Mpofu to Dilshan, 1 run  .he stands outside off stump with feet a foot apart, and gets a fuller one that he  .smashes away to deep midwicket",Mpofu,Dilshan,1.0,0,0,1,1,1.0,0,,1
"44.4 
W 
Mpofu to Upul Tharanga, OUT 
falls just short of the world record for the highest opening partnership of 286, came 
down the track for another lofted one over extra cover, for once, it did not come off 
cleanly, went high in the air more than anything else, and was taken cleanly way inside 
the boundary, do Zimbabwe have some respite? Not 
Upul Tharanga c Chigumbura b Mpofu 133 (141b 17x4 0x6 182m) SR: 94.32 
Here is the list of highest partnerships",44.4,W,0.0,"Mpofu to Upul Tharanga, OUT  .falls just short of the world record for the highest opening partnership of 286, came  .down the track for another lofted one over extra cover, for once, it did not come off  .cleanly, went high in the air more than anything else, and was taken cleanly way inside  .the boundary, do Zimbabwe have some respite? Not  .Upul Tharanga c Chigumbura b Mpofu 133 (141b 17x4 0x6 182m) SR: 94.32",Mpofu,Upul Tharanga,0.0,0,0,1,1,0.0,1,c Chigumbura b Mpofu,0
"44.5 
1 
Mpofu to Dilshan, 1 run 
full delivery cracked away with a big swing to deep square leg 
They have sent in Thisara",44.5,1,1.0,"Mpofu to Dilshan, 1 run  .full delivery cracked away with a big swing to deep square leg  .They have sent in Thisara",Mpofu,Dilshan,1.0,0,0,1,1,1.0,0,,1
"44.6 
1 
Mpofu to Perera, 1 run 
he is away, pushing a fuller on down the ground to long off 
end of over 456 runs • 1 wicket 
SL: 284/1CRR: 6.31  
Thisara Perera1 (1b) 
Tillakaratne Dilshan140 (129b 15x4 1x6) 
Chris Mpofu 5-0-44-1 
Prosper Utseya 9-0-43-0 
Dev: ""WHY Tarek?? WHY??""",44.6,1,1.0,"Mpofu to Perera, 1 run  .he is away, pushing a fuller on down the ground to long off",Mpofu,Perera,1.0,0,0,1,1,1.0,0,,1
"45.1 
• 
Utseya to Perera, no run 
cut away off the back foot",45.1,0,0.0,"Utseya to Perera, no run  .cut away off the back foot",Utseya,Perera,0.0,0,0,1,1,0.0,0,,0
"45.2 
1 
Utseya to Perera, 1 run 
tosses this outside leg stump, he hustles it down to long on",45.2,1,1.0,"Utseya to Perera, 1 run  .tosses this outside leg stump, he hustles it down to long on",Utseya,Perera,1.0,0,0,1,1,1.0,0,,1
"45.3 
4 
Utseya to Dilshan, FOUR runs 
he is placing them alright even at this stage, skips down the track, takes it on the full 
and opens the face to place it wide of extra cover, sweeper cover, and wide long off",45.3,4,4.0,"Utseya to Dilshan, FOUR runs  .he is placing them alright even at this stage, skips down the track, takes it on the full  .and opens the face to place it wide of extra cover, sweeper cover, and wide long off",Utseya,Dilshan,4.0,1,0,1,1,4.0,0,,1
"45.4 
W 
Utseya to Dilshan, OUT 
it's over for Dilshan now, went down the track for another big one, got too close to the 
ball, and lifted it miles in the air, but it came down somewhere near deep midwicket, and 
was taken safely, he walks back to thunderous applause, acknowledges it with a swing 
of his bat 
Tillakaratne Dilshan c Panyangara b Utseya 144 (131b 16x4 1x6 186m) SR: 109.92 
Mahela comes in, no Sanga",45.4,W,0.0,"Utseya to Dilshan, OUT  .it's over for Dilshan now, went down the track for another big one, got too close to the  .ball, and lifted it miles in the air, but it came down somewhere near deep midwicket, and  .was taken safely, he walks back to thunderous applause, acknowledges it with a swing  .of his bat  .Tillakaratne Dilshan c Panyangara b Utseya 144 (131b 16x4 1x6 186m) SR: 109.92",Utseya,Dilshan,0.0,0,0,1,1,0.0,1,c Panyangara b Utseya,0
"45.5 
1 
Utseya to Perera, 1 run 
makes room and looks for the slog down the ground, but gets an inside edge in front of 
square leg",45.5,1,1.0,"Utseya to Perera, 1 run  .makes room and looks for the slog down the ground, but gets an inside edge in front of  .square leg",Utseya,Perera,1.0,0,0,1,1,1.0,0,,1
"45.6 
1 
Utseya to Mahela Jayawardene, 1 run 
going straight on wide outside off stump, Mahela goes back and plays the loveliest of 
cut shots that goes to sweeper cover 
end of over 467 runs • 1 wicket 
SL: 291/2CRR: 6.32  
Mahela Jayawardene1 (1b) 
Thisara Perera3 (4b) 
Prosper Utseya 10-0-50-1 
Chris Mpofu 5-0-44-1",45.6,1,1.0,"Utseya to Mahela Jayawardene, 1 run  .going straight on wide outside off stump, Mahela goes back and plays the loveliest of  .cut shots that goes to sweeper cover",Utseya,Mahela Jayawardene,1.0,0,0,1,1,1.0,0,,1
"46.1 
4 
Price to Mahela Jayawardene, FOUR runs 
Mahela makes some room and gets enough on the cut to go past short third man and 
beat him to the boundary",46.1,4,4.0,"Price to Mahela Jayawardene, FOUR runs  .Mahela makes some room and gets enough on the cut to go past short third man and  .beat him to the boundary",Price,Mahela Jayawardene,4.0,1,0,1,1,4.0,0,,1
"46.2 
1 
Price to Mahela Jayawardene, 1 run 
fired in outside leg, where Mahela had set himself up, but ended up chipping it in the air 
towards long on",46.2,1,1.0,"Price to Mahela Jayawardene, 1 run  .fired in outside leg, where Mahela had set himself up, but ended up chipping it in the air  .towards long on",Price,Mahela Jayawardene,1.0,0,0,1,1,1.0,0,,1
"46.3 
W 
Price to Perera, OUT 
Perera goes now, he went for a wild slog to a flat delivery that goes straight on, takes 
the outside edge, and loops high in the air for cover to take a simple catch, Price 
deserved a wicket 
Thisara Perera c Chigumbura b Price 3 (5b 0x4 0x6 5m) SR: 60 
finally, Sanga comes out to cries of 'Sanga'",46.3,W,0.0,"Price to Perera, OUT  .Perera goes now, he went for a wild slog to a flat delivery that goes straight on, takes  .the outside edge, and loops high in the air for cover to take a simple catch, Price  .deserved a wicket  .Thisara Perera c Chigumbura b Price 3 (5b 0x4 0x6 5m) SR: 60",Price,Perera,0.0,0,0,1,1,0.0,1,c Chigumbura b Price,0
"46.4 
1w 
Price to Mahela Jayawardene, 1 wide 
pushed through quickly a mile down the leg side, Mahela makes no attempt to get to it",46.4,1w,1.0,"Price to Mahela Jayawardene, 1 wide  .pushed through quickly a mile down the leg side, Mahela makes no attempt to get to it",Price,Mahela Jayawardene,0.0,0,0,0,0,1.0,0,,1
"46.4 
• 
Price to Mahela Jayawardene, no run 
this one is much closer to leg stump, he does not connect with the sweep",46.4,0,0.0,"Price to Mahela Jayawardene, no run  .this one is much closer to leg stump, he does not connect with the sweep",Price,Mahela Jayawardene,0.0,0,0,1,1,0.0,0,,0
"46.5 
2 
Price to Mahela Jayawardene, 2 runs 
good running, as if all those big shots were not enough, flicked through the vacant 
midwicket region, and they take two by the time deep midwicket gets to it",46.5,2,2.0,"Price to Mahela Jayawardene, 2 runs  .good running, as if all those big shots were not enough, flicked through the vacant  .midwicket region, and they take two by the time deep midwicket gets to it",Price,Mahela Jayawardene,2.0,0,0,1,1,2.0,0,,1
"46.6 
1 
Price to Mahela Jayawardene, 1 run 
300 comes up for Sri Lanka with three overs to go, Mahela gets it with a sweep to fine 
leg off a full delivery 
end of over 479 runs • 1 wicket 
SL: 300/3CRR: 6.38  
Mahela Jayawardene9 (6b 1x4) 
Kumar Sangakkara0 (0b) 
Ray Price 9-0-46-1 
Prosper Utseya 10-0-50-1 
Rahul: ""Quite an anticlimactic end to the innings. With an opening stand of 280-odd 
you'd think SL would reach 350 easily, but it doesn't look like it. The Sri Lankans lack the 
hitting power that some teams have towards the end."" 
James: ""Looks like a batting collapse to me. And I'm an England supporter, so I know a 
batting collapse when I see one.""",46.6,1,1.0,"Price to Mahela Jayawardene, 1 run  .300 comes up for Sri Lanka with three overs to go, Mahela gets it with a sweep to fine  .leg off a full delivery",Price,Mahela Jayawardene,1.0,0,0,1,1,1.0,0,,1
"47.1 
W 
Mpofu to Mahela Jayawardene, OUT 
Mahela goes now, gets outside leg and lifts a fullish slower one right to long on who 
takes a fine high catch 
Mahela Jayawardene c Chakabva b Mpofu 9 (7b 1x4 0x6 7m) SR: 128.57 
Angelo jogs to the crease",47.1,W,0.0,"Mpofu to Mahela Jayawardene, OUT  .Mahela goes now, gets outside leg and lifts a fullish slower one right to long on who  .takes a fine high catch  .Mahela Jayawardene c Chakabva b Mpofu 9 (7b 1x4 0x6 7m) SR: 128.57",Mpofu,Mahela Jayawardene,0.0,0,0,1,1,0.0,1,c Chakabva b Mpofu,0
"47.2 
1 
Mpofu to Sangakkara, 1 run 
99.3 kph slower one from round the stumps, Sanga wants to swing it over midwicket, it 
comes slowly off the pitch, and he hits it to deep square leg",47.2,1,1.0,"Mpofu to Sangakkara, 1 run  .99.3 kph slower one from round the stumps, Sanga wants to swing it over midwicket, it  .comes slowly off the pitch, and he hits it to deep square leg",Mpofu,Sangakkara,1.0,0,0,1,1,1.0,0,,1
"47.3 
1w 
Mpofu to Angelo Mathews, 1 wide 
101.6 kph, another slower one, this time he gets it wide down the leg side",47.3,1w,1.0,"Mpofu to Angelo Mathews, 1 wide  .101.6 kph, another slower one, this time he gets it wide down the leg side",Mpofu,Angelo Mathews,0.0,0,0,0,0,1.0,0,,1
"47.3 
W 
Mpofu to Angelo Mathews, OUT 
the ball is following Elton all around, and he is not letting it down, Angelo skied it high 
looking for the slog over midwicket, and Chigumbura took a nice running catch diving 
forward 
Angelo Mathews c Chigumbura b Mpofu 0 (1b 0x4 0x6 1m) SR: 0 
Chamara Silva it will be now",47.3,W,0.0,"Mpofu to Angelo Mathews, OUT  .the ball is following Elton all around, and he is not letting it down, Angelo skied it high  .looking for the slog over midwicket, and Chigumbura took a nice running catch diving  .forward  .Angelo Mathews c Chigumbura b Mpofu 0 (1b 0x4 0x6 1m) SR: 0",Mpofu,Angelo Mathews,0.0,0,0,1,1,0.0,1,c Chigumbura b Mpofu,0
"47.4 
1w 
Mpofu to Sangakkara, 1 wide 
with one fine leg up in the circle he bowls a gentle wide ball down the leg side",47.4,1w,1.0,"Mpofu to Sangakkara, 1 wide  .with one fine leg up in the circle he bowls a gentle wide ball down the leg side",Mpofu,Sangakkara,0.0,0,0,0,0,1.0,0,,1
"47.4 
1 
Mpofu to Sangakkara, 1 run 
yet another slower delivery, he drops it in front of covers for a single",47.4,1,1.0,"Mpofu to Sangakkara, 1 run  .yet another slower delivery, he drops it in front of covers for a single",Mpofu,Sangakkara,1.0,0,0,1,1,1.0,0,,1
"47.5 
4 
Mpofu to Silva, FOUR runs 
Silva does what Mahela and Angelo could not, off his first delivery, gets a fuller delivery 
and lofts it wide of deep midwicket for a boundary",47.5,4,4.0,"Mpofu to Silva, FOUR runs  .Silva does what Mahela and Angelo could not, off his first delivery, gets a fuller delivery  .and lofts it wide of deep midwicket for a boundary",Mpofu,Silva,4.0,1,0,1,1,4.0,0,,1
"47.6 
W 
Mpofu to Silva, OUT 
this was coming, one more batsman falls going for the big shot, Chamara wanted to lift 
this full delivery over deep midwicket again, but could not get it wide of the man this 
time, hit it straight to him in fact 
Chamara Silva c Panyangara b Mpofu 4 (2b 1x4 0x6 2m) SR: 200 
end of over 488 runs • 3 wickets 
SL: 308/6CRR: 6.41  
Kumar Sangakkara2 (2b) 
Chris Mpofu 6-0-52-4 
Ray Price 9-0-46-1 
Thilan comes out now",47.6,W,0.0,"Mpofu to Silva, OUT  .this was coming, one more batsman falls going for the big shot, Chamara wanted to lift  .this full delivery over deep midwicket again, but could not get it wide of the man this  .time, hit it straight to him in fact  .Chamara Silva c Panyangara b Mpofu 4 (2b 1x4 0x6 2m) SR: 200",Mpofu,Silva,0.0,0,0,1,1,0.0,1,c Panyangara b Mpofu,0
"48.1 
1 
Panyangara to Thilan Samaraweera, 1 run 
drops it in to the off side for a single, better than giving catching practice",48.1,1,1.0,"Panyangara to Thilan Samaraweera, 1 run  .drops it in to the off side for a single, better than giving catching practice",Panyangara,Thilan Samaraweera,1.0,0,0,1,1,1.0,0,,1
"48.2 
1 
Panyangara to Sangakkara, 1 run 
targets the blockhole now, worked away off the pads to deep midwicket",48.2,1,1.0,"Panyangara to Sangakkara, 1 run  .targets the blockhole now, worked away off the pads to deep midwicket",Panyangara,Sangakkara,1.0,0,0,1,1,1.0,0,,1
"48.3 
1 
Panyangara to Thilan Samaraweera, 1 run 
Thilan steps outside off stump, and plays a neat cover drive to bring Sanga on strike",48.3,1,1.0,"Panyangara to Thilan Samaraweera, 1 run  .Thilan steps outside off stump, and plays a neat cover drive to bring Sanga on strike",Panyangara,Thilan Samaraweera,1.0,0,0,1,1,1.0,0,,1
"48.4 
1w 
Panyangara to Sangakkara, 1 wide 
more waywardness of the wide kind from Zimbabwe, down the leg side",48.4,1w,1.0,"Panyangara to Sangakkara, 1 wide  .more waywardness of the wide kind from Zimbabwe, down the leg side",Panyangara,Sangakkara,0.0,0,0,0,0,1.0,0,,1
"48.4 
2 
Panyangara to Sangakkara, 2 runs 
Sanga waltzes down the track, and lofts it straight down the ground, but long off runs 
across to field, Thilan charges back for the second",48.4,2,2.0,"Panyangara to Sangakkara, 2 runs  .Sanga waltzes down the track, and lofts it straight down the ground, but long off runs  .across to field, Thilan charges back for the second",Panyangara,Sangakkara,2.0,0,0,1,1,2.0,0,,1
"48.5 
1 
Panyangara to Sangakkara, 1 run 
brings Thilan on strike with a run down the ground, what can Thilan do now?",48.5,1,1.0,"Panyangara to Sangakkara, 1 run  .brings Thilan on strike with a run down the ground, what can Thilan do now?",Panyangara,Sangakkara,1.0,0,0,1,1,1.0,0,,1
"48.6 
1 
Panyangara to Thilan Samaraweera, 1 run 
he walks outside off stump, and flicks this one away in front of square leg, a bit strange 
to see Thilan go about in these end overs 
end of over 498 runs  
SL: 316/6CRR: 6.44  
Thilan Samaraweera3 (3b) 
Kumar Sangakkara6 (5b) 
Tinashe Panyangara 6-0-51-0 
Chris Mpofu 6-0-52-4",48.6,1,1.0,"Panyangara to Thilan Samaraweera, 1 run  .he walks outside off stump, and flicks this one away in front of square leg, a bit strange  .to see Thilan go about in these end overs",Panyangara,Thilan Samaraweera,1.0,0,0,1,1,1.0,0,,1
"49.1 
• 
Mpofu to Thilan Samaraweera, no run 
beats him with a slower and wide one outside off stump, he wanted to cut it away",49.1,0,0.0,"Mpofu to Thilan Samaraweera, no run  .beats him with a slower and wide one outside off stump, he wanted to cut it away",Mpofu,Thilan Samaraweera,0.0,0,0,1,1,0.0,0,,0
"49.2 
1 
Mpofu to Thilan Samaraweera, 1 run 
goes walking across the stumps and down the track, and flicks through midwicket, he 
does this one well, actually",49.2,1,1.0,"Mpofu to Thilan Samaraweera, 1 run  .goes walking across the stumps and down the track, and flicks through midwicket, he  .does this one well, actually",Mpofu,Thilan Samaraweera,1.0,0,0,1,1,1.0,0,,1
"49.3 
4 
Mpofu to Sangakkara, FOUR runs 
wow, that is some nifty work from Sanga, two steps down the track, takes it from miles 
outside off stump, and swings it with the wrists backward of square leg",49.3,4,4.0,"Mpofu to Sangakkara, FOUR runs  .wow, that is some nifty work from Sanga, two steps down the track, takes it from miles  .outside off stump, and swings it with the wrists backward of square leg",Mpofu,Sangakkara,4.0,1,0,1,1,4.0,0,,1
"49.4 
1 
Mpofu to Sangakkara, 1 run 
cannot get this one away, only a single this time",49.4,1,1.0,"Mpofu to Sangakkara, 1 run  .cannot get this one away, only a single this time",Mpofu,Sangakkara,1.0,0,0,1,1,1.0,0,,1
"49.5 
4 
Mpofu to Thilan Samaraweera, FOUR runs 
Thilan gets the boundary this time, goes outside off stump, and pulls from there 
backward of square leg with some supple wrists",49.5,4,4.0,"Mpofu to Thilan Samaraweera, FOUR runs  .Thilan gets the boundary this time, goes outside off stump, and pulls from there  .backward of square leg with some supple wrists",Mpofu,Thilan Samaraweera,4.0,1,0,1,1,4.0,0,,1
"49.6 
1lb 
Mpofu to Thilan Samaraweera, 1 leg bye 
in the blockhole, they go up for an appeal as it strikes the pads, there have been 
precious few of those, there was one off the first ball of the innings, the umpire was not 
interested then, he is not interested now, Thilan missed with a swing across the line 
Nothing much to say about the Zimbabwe bowling. Dilshan and Tharanga feasted on it 
almost entirely, leaving only some death-over slogs for the rest of the batsmen. The duo 
just missed out on breaking the record for the highest opening partnership in ODIs. 
Price and Utseya were restrictive at best, and there was nothing else in it for Zimbabwe. 
Join us in 30 minutes for the chase. Till then, you can have a look at our smartphone 
apps. Also have a look at the Player Rater. 
Chayan can't stop marvelling at the contrast: ""Wow.. This s perfectly placed opposite 
innings from 44th over when compared to the carnage placed Taylor's innings .. 
Perfectly opposite.. Perfectly."" 
end of over 5011 runs  
SL: 327/6CRR: 6.54  
Thilan Samaraweera8 (7b 1x4) 
Kumar Sangakkara11 (7b 1x4) 
Chris Mpofu 7-0-62-4 
Tinashe Panyangara 6-0-51-0 
Sponsored Headlines 
 
'I can make an impact' - Brendan Taylor eyes international comeback after sanction 
ends | ESPNcricinfoDiscover 
 
The last of the first - Nine current IPL players who also featured in 2008 | 
ESPNcricinfoDiscover 
 
Travel Oregon| 
Sponsored by TaboolaSponsored by Taboola 
A self-guided food road trip in OregonRead MoreSkip 
 
3rd T20I (N), Auckland, March 21, 2025, Pakistan tour of New Zealand, NZ vs PAK live 
score, Eden Park, Auckland, March 21, 2025Discover 
 
Ipl 2025, ball change rule - IPL ने शाम के मैचों में दूसरी पारी में 11वें ओवर के बाद गेंद बदले जाने की 
अनुमित दी | ESPNcricinfoDiscover 
 
Why Are So Many Day Traders Switching to Futures?Expand your trading portfolio with 
this futures trading platform that includes powerful automation, flexible customization 
and low commissions.NinjaTrader| 
SponsoredSponsored 
Learn More 
Undo 
 
Flight Attendant Reveals How To Fly Business Class For The Price of 
EconomyAmericans, you'll want to check this out ASAPOnline Shopping Tools| 
SponsoredSponsored 
Undo 
 
Follow an Oregon Food TrailFrom just-picked berries to fresh-off-the-boat seafood, 
Oregon’s Food Trails connect you to the farms, markets and restaurants serving the 
best of the season.Travel Oregon| 
SponsoredSponsored 
Undo 
 
10k+ Women have ditched Underwire forever. Here's WhyHoneylove| 
SponsoredSponsored 
Learn More 
Undo 
 
7 Wealth Tips Once Your Portfolio Reaches $1MHow do retirees with $1 million 
portfolios take steps to preserve their wealth in retirement? Download The Seven 
Secrets of High Net Worth Investors to find out now.Fisher Investments| 
SponsoredSponsored 
Learn More 
Undo 
 
Amazon's Worst Nightmare: Thousands Canceling Prime for This Clever HackPrime 
Members can save hundreds with this tool Amazon doesn't want you to discover.Online 
Shopping Tools| 
SponsoredSponsored 
Learn More 
Undo 
 
7 Ways to Retire Comfortably With $1MHow long will your portfolio last in retirement? 
For those with a $1 million portfolio, get this guide to learn more.Fisher Investments| 
SponsoredSponsored 
Learn More 
Undo 
 
Knee Pain Relief Device Has Costco Shoppers Obsessed - Find Out Why""It's truly worth 
every penny!""RejuvaKnee | Pain-Free Knees| 
SponsoredSponsored 
Learn More 
Undo 
 
Look For Any High School Yearbook, It's FreeClassmates.com| 
SponsoredSponsored 
Undo 
 
The Easiest Way to Get Your Passport in 2025.Trusted by millions for fast, no-hassle 
passport renewals & application.GovPlus| 
SponsoredSponsored 
Learn More 
Undo 
 
Top 10 Blood Pressure Monitors of 2024 Tested by DocReviewsWe tested the most 
popular blood pressure monitors of 2024. Read on to discover the most accurate 
devices and make an informed decision before your purchase.DocReviews| 
SponsoredSponsored 
Learn More 
Undo 
 
Cheapest Way To Get A Walk-In Tub If You’re On MedicareSeniors With Old And Not 
Practical Bath Tubs Are Getting A Treat This MonthSmart Lifestyle Trends| 
SponsoredSponsored 
Learn More 
Undo 
Match Coverage 
All Match News 
 
We will peak from next game - Dilshan 
Tillakaratne Dilshan has sent out a warning to other teams that Sri Lanka will start 
playing their best cricket from their game against New Zealand on March 18 onwards 
 
 
 
Chigumbura sees positives in defeat 
For 20 overs of their own innings and the last five of Sri Lanka's, Zimbabwe were on 
some kind of level footing. But for the business ends of any game, the start and the 
finish, they were nowhere 
 
 
 
Dilshan, Tharanga take Sri Lanka into quarter-finals 
Tillakaratne Dilshan and Upul Tharanga's hundreds set up Sri Lanka's victory, officially 
securing their place in the quarterfinals 
 
 
 
Sri Lanka v Zimbabwe, World Cup 2011, Pallekele 
 
 
Sri Lanka v Zimbabwe, World Cup 2011, Pallekele 
 
 
 
Instant answers to T20 questions 
What is the highest total chased in men's T20 World Cups? 
Most sixes in an innings by a batter in men's T20 World Cups? 
Who has taken the most Powerplay wickets in men's T20 World Cups? 
Ask a question 
Videos 
All Match Videos 
 
2:50 
Tillakaratne Dilshan: Happy with my performance 
 
 
2:47 
Elton Chigumbura: We need to apply ourselves better 
 
 
4:19 
A Dilshan day 
 
Zimbabwe Innings 
Player Name 
R 
B 
BRM Taylor caught 
80 72 
RW 
Chakabva 
bowled 
35 61 
T Taibu 
caught 
4 
6 
P Utseya 
stumped 
4 
11 
CR Ervine 
lbw 
17 21 
E 
Chigumbura caught 
6 
11 
GA Lamb 
caught 
0 
1 
AG Cremer not out 
14 27 
RW Price 
caught 
11 15 
T 
Panyangara lbw 
0 
4 
CB Mpofu 
bowled 
1 
5 
Extras 
(b 2, lb 2, w 12) 
Total 
188(10 wkts; 39 ovs) 
Player Name 
O M R W Econ 
SL Malinga 8 0 51 0 6.37 
KMDN Kulasekara 8 0 33 0 4.12 
NLTC Perera 6 0 33 1",49.6,1lb,1.0,"Mpofu to Thilan Samaraweera, 1 leg bye  .in the blockhole, they go up for an appeal as it strikes the pads, there have been  .precious few of those, there was one off the first ball of the innings, the umpire was not  .interested then, he is not interested now, Thilan missed with a swing across the line  .Nothing much to say about the Zimbabwe bowling. Dilshan and Tharanga feasted on it  .almost entirely, leaving only some death-over slogs for the rest of the batsmen. The duo  .just missed out on breaking the record for the highest opening partnership in ODIs.  .Price and Utseya were restrictive at best, and there was nothing else in it for Zimbabwe.  .Join us in 30 minutes for the chase. Till then, you can have a look at our smartphone  .apps. Also have a look at the Player Rater.",Mpofu,Thilan Samaraweera,0.0,0,0,1,1,0.0,0,,0
