raw_data,overs,runs,team_runs,commentary,bowler,batsman,batsman_runs,batsman_fours,batsman_sixes,batsman_bowls_faced,bowler_bowls_done,bowler_runs_given,bowler_wickets,dismissal,runs_given_bool
"0.1 
2 
Seales to Ishan, 2 runs 
Full and swinging in a touch on middle, Kishan drives but the bat turns in his hands. 
Gets it well past mid-on and gets a couple to get going",0.1,2,2.0,"Seales to Ishan, 2 runs  .Full and swinging in a touch on middle, Kishan drives but the bat turns in his hands.  .Gets it well past mid-on and gets a couple to get going",Seales,Ishan,2.0,0,0,1,1,2.0,0,,1
"0.2 
4 
Seales to Ishan, FOUR runs 
Cracked away! Full and outside off, Kishan nicely leans into it and drives it through 
cover-point. Off the meat",0.2,4,4.0,"Seales to Ishan, FOUR runs  .Cracked away! Full and outside off, Kishan nicely leans into it and drives it through  .cover-point. Off the meat",Seales,Ishan,4.0,1,0,1,1,4.0,0,,1
"0.3 
• 
Seales to Ishan, no run 
Lands it on a length around middle and leg, a hint of sharp movement back in. Kishan 
goes back and gets a thick inside edge onto his front pad 
Ritesh: ""Why did India select Rohit and Kohli for the ODI and T20 series? It would have 
been better to give them a proper rest."" They are not part of the T20I squad",0.3,0,0.0,"Seales to Ishan, no run  .Lands it on a length around middle and leg, a hint of sharp movement back in. Kishan  .goes back and gets a thick inside edge onto his front pad",Seales,Ishan,0.0,0,0,1,1,0.0,0,,0
"0.4 
2 
Seales to Ishan, 2 runs 
Length ball on the pads, Kishan tucks it away through backward square leg. Cariah gets 
around from fine leg, slides, parries it away and saves two",0.4,2,2.0,"Seales to Ishan, 2 runs  .Length ball on the pads, Kishan tucks it away through backward square leg. Cariah gets  .around from fine leg, slides, parries it away and saves two",Seales,Ishan,2.0,0,0,1,1,2.0,0,,1
"0.5 
1 
Seales to Ishan, 1 run 
Full and on the pads, whipped away to long leg 
Priyanka: ""A fan from the Netherlands: I'm happy with a team combination (only feel sad 
for Chahal). Bowling looks more promising after Unadkat inclusion. Batting wise there is 
a depth too. Good to see Samson and Surya in 11 today.""",0.5,1,1.0,"Seales to Ishan, 1 run  .Full and on the pads, whipped away to long leg",Seales,Ishan,1.0,0,0,1,1,1.0,0,,1
"0.6 
• 
Seales to Gill, no run 
Length ball outside off, Gill stays back and pushes it towards cover-point 
end of over 19 runs  
IND: 9/0CRR: 9.00  
Shubman Gill0 (1b) 
Ishan Kishan9 (5b 1x4) 
Jayden Seales 1-0-9-0 
Kyle Mayers will take the new ball from the other end. Around the wicket with two slips",0.6,0,0.0,"Seales to Gill, no run  .Length ball outside off, Gill stays back and pushes it towards cover-point",Seales,Gill,0.0,0,0,1,1,0.0,0,,0
"1.1 
• 
Mayers to Ishan, no run 
Length ball outside off to start, he stands back and defends it towards backward point",1.1,0,0.0,"Mayers to Ishan, no run  .Length ball outside off to start, he stands back and defends it towards backward point",Mayers,Ishan,0.0,0,0,1,1,0.0,0,,0
"1.2 
2 
Mayers to Ishan, 2 runs 
Dropped! Kishan gets an early life with Carty failing to hang on. Length ball well outside 
off, Kishan goes back and cuts it fiercely straight to backward point, who fails to catch 
that",1.2,2,2.0,"Mayers to Ishan, 2 runs  .Dropped! Kishan gets an early life with Carty failing to hang on. Length ball well outside  .off, Kishan goes back and cuts it fiercely straight to backward point, who fails to catch  .that",Mayers,Ishan,2.0,0,0,1,1,2.0,0,,1
"1.3 
• 
Mayers to Ishan, no run 
Fuller around off, he gets half-forward and defends",1.3,0,0.0,"Mayers to Ishan, no run  .Fuller around off, he gets half-forward and defends",Mayers,Ishan,0.0,0,0,1,1,0.0,0,,0
"1.4 
• 
Mayers to Ishan, no run 
Outside off on a length, slapped towards cover",1.4,0,0.0,"Mayers to Ishan, no run  .Outside off on a length, slapped towards cover",Mayers,Ishan,0.0,0,0,1,1,0.0,0,,0
"1.5 
• 
Mayers to Ishan, no run 
Beauty! Bowls it fuller and angles it in around off before shaping it away. Entices a poke 
from Kishan before beating his outside edge",1.5,0,0.0,"Mayers to Ishan, no run  .Beauty! Bowls it fuller and angles it in around off before shaping it away. Entices a poke  .from Kishan before beating his outside edge",Mayers,Ishan,0.0,0,0,1,1,0.0,0,,0
"1.6 
• 
Mayers to Ishan, no run 
Fuller on middle and leg, defended towards mid-on 
end of over 22 runs  
IND: 11/0CRR: 5.50  
Ishan Kishan11 (11b 1x4) 
Shubman Gill0 (1b) 
Kyle Mayers 1-0-2-0 
Jayden Seales 1-0-9-0",1.6,0,0.0,"Mayers to Ishan, no run  .Fuller on middle and leg, defended towards mid-on",Mayers,Ishan,0.0,0,0,1,1,0.0,0,,0
"2.1 
• 
Seales to Gill, no run 
On a length on off and middle, he pushes it towards mid-on",2.1,0,0.0,"Seales to Gill, no run  .On a length on off and middle, he pushes it towards mid-on",Seales,Gill,0.0,0,0,1,1,0.0,0,,0
"2.2 
4 
Seales to Gill, FOUR runs 
Short and angling in on off and middle, Gill stands tall and pulls it through square leg. A 
picture of elegance as he played that. Helped along by Shepherd, who dives and fails to 
prevent the boundary 
Extra cover moves to midwicket. Square leg, midwicket, mid-on in the ring on the on 
side",2.2,4,4.0,"Seales to Gill, FOUR runs  .Short and angling in on off and middle, Gill stands tall and pulls it through square leg. A  .picture of elegance as he played that. Helped along by Shepherd, who dives and fails to  .prevent the boundary  .Extra cover moves to midwicket. Square leg, midwicket, mid-on in the ring on the on  .side",Seales,Gill,4.0,1,0,1,1,4.0,0,,1
"2.3 
• 
Seales to Gill, no run 
Length ball outside off, gets forward and slaps it towards point",2.3,0,0.0,"Seales to Gill, no run  .Length ball outside off, gets forward and slaps it towards point",Seales,Gill,0.0,0,0,1,1,0.0,0,,0
"2.4 
• 
Seales to Gill, no run 
Fuller and angling in on middle and leg, gets his bat in front of his pad and pats it 
towards mid-on 
Shaurya: ""This team has all the players who can play aggressively. Hope They become 
match winners like Kohli and Rohit were in their days. """,2.4,0,0.0,"Seales to Gill, no run  .Fuller and angling in on middle and leg, gets his bat in front of his pad and pats it  .towards mid-on",Seales,Gill,0.0,0,0,1,1,0.0,0,,0
"2.5 
• 
Seales to Gill, no run 
Back of a length outside off, he gets onto his toes and mistimes his punch towards 
cover",2.5,0,0.0,"Seales to Gill, no run  .Back of a length outside off, he gets onto his toes and mistimes his punch towards  .cover",Seales,Gill,0.0,0,0,1,1,0.0,0,,0
"2.6 
• 
Seales to Gill, no run 
Full on off, driven back to mid-on with the angle 
end of over 34 runs  
IND: 15/0CRR: 5.00  
Shubman Gill4 (7b 1x4) 
Ishan Kishan11 (11b 1x4) 
Jayden Seales 2-0-13-0 
Kyle Mayers 1-0-2-0",2.6,0,0.0,"Seales to Gill, no run  .Full on off, driven back to mid-on with the angle",Seales,Gill,0.0,0,0,1,1,0.0,0,,0
"3.1 
2 
Mayers to Ishan, 2 runs 
Full and on the pads, whipped away through square leg for a couple",3.1,2,2.0,"Mayers to Ishan, 2 runs  .Full and on the pads, whipped away through square leg for a couple",Mayers,Ishan,2.0,0,0,1,1,2.0,0,,1
"3.2 
• 
Mayers to Ishan, no run 
On a length around off at 122kph, he goes back and punches it towards the bowler",3.2,0,0.0,"Mayers to Ishan, no run  .On a length around off at 122kph, he goes back and punches it towards the bowler",Mayers,Ishan,0.0,0,0,1,1,0.0,0,,0
"3.3 
• 
Mayers to Ishan, no run 
Half a chance? Fuller on off, Kishan drives it right back uppishly. Lands just short of 
Mayers in his follow-through",3.3,0,0.0,"Mayers to Ishan, no run  .Half a chance? Fuller on off, Kishan drives it right back uppishly. Lands just short of  .Mayers in his follow-through",Mayers,Ishan,0.0,0,0,1,1,0.0,0,,0
"3.4 
• 
Mayers to Ishan, no run 
Goes back and cuts it to backward point",3.4,0,0.0,"Mayers to Ishan, no run  .Goes back and cuts it to backward point",Mayers,Ishan,0.0,0,0,1,1,0.0,0,,0
"3.5 
• 
Mayers to Ishan, no run 
Fuller on off, defended towards cover",3.5,0,0.0,"Mayers to Ishan, no run  .Fuller on off, defended towards cover",Mayers,Ishan,0.0,0,0,1,1,0.0,0,,0
"3.6 
• 
Mayers to Ishan, no run 
Length ball around middle and leg, pushes it back from the crease. Another tidy over 
from Mayers 
end of over 42 runs  
IND: 17/0CRR: 4.25  
Ishan Kishan13 (17b 1x4) 
Shubman Gill4 (7b 1x4) 
Kyle Mayers 2-0-4-0 
Jayden Seales 2-0-13-0",3.6,0,0.0,"Mayers to Ishan, no run  .Length ball around middle and leg, pushes it back from the crease. Another tidy over  .from Mayers",Mayers,Ishan,0.0,0,0,1,1,0.0,0,,0
"4.1 
• 
Seales to Gill, no run 
Length ball around off at 132kph, he lunges and defends it off the front foot",4.1,0,0.0,"Seales to Gill, no run  .Length ball around off at 132kph, he lunges and defends it off the front foot",Seales,Gill,0.0,0,0,1,1,0.0,0,,0
"4.2 
• 
Seales to Gill, no run 
Fuller on middle and leg, whipped away to mid-on",4.2,0,0.0,"Seales to Gill, no run  .Fuller on middle and leg, whipped away to mid-on",Seales,Gill,0.0,0,0,1,1,0.0,0,,0
"4.3 
2 
Seales to Gill, 2 runs 
Full on middle and leg again, this time Gill manages to beat mid-on to his right and gets 
two",4.3,2,2.0,"Seales to Gill, 2 runs  .Full on middle and leg again, this time Gill manages to beat mid-on to his right and gets  .two",Seales,Gill,2.0,0,0,1,1,2.0,0,,1
"4.4 
4 
Seales to Gill, FOUR runs 
My word! Sublime. Graceful. Stands tall and plays the short-arm jab to perfection. Man, 
we had been treated to this all through IPL 2023. Shortish and angling in, he is still as he 
makes contact with the ball to send it racing through midwicket",4.4,4,4.0,"Seales to Gill, FOUR runs  .My word! Sublime. Graceful. Stands tall and plays the short-arm jab to perfection. Man,  .we had been treated to this all through IPL 2023. Shortish and angling in, he is still as he  .makes contact with the ball to send it racing through midwicket",Seales,Gill,4.0,1,0,1,1,4.0,0,,1
"4.5 
• 
Seales to Gill, no run 
Goes back to the length ball and pushes it towards cover",4.5,0,0.0,"Seales to Gill, no run  .Goes back to the length ball and pushes it towards cover",Seales,Gill,0.0,0,0,1,1,0.0,0,,0
"4.6 
4 
Seales to Gill, FOUR runs 
And this is even more better! Gill stands still and punches it between cover and 
backward point even as Seales screams in anguish. Length ball outside off, he elegantly 
pierces the field 
end of over 510 runs  
IND: 27/0CRR: 5.40  
Shubman Gill14 (13b 3x4) 
Ishan Kishan13 (17b 1x4) 
Jayden Seales 3-0-23-0 
Kyle Mayers 2-0-4-0",4.6,4,4.0,"Seales to Gill, FOUR runs  .And this is even more better! Gill stands still and punches it between cover and  .backward point even as Seales screams in anguish. Length ball outside off, he elegantly  .pierces the field",Seales,Gill,4.0,1,0,1,1,4.0,0,,1
"5.1 
• 
Mayers to Ishan, no run 
Outside off on a length, angling in towards off. Kishan pushes at that and gets beaten 
on the outside edge",5.1,0,0.0,"Mayers to Ishan, no run  .Outside off on a length, angling in towards off. Kishan pushes at that and gets beaten  .on the outside edge",Mayers,Ishan,0.0,0,0,1,1,0.0,0,,0
"5.2 
• 
Mayers to Ishan, no run 
Fuller on middle and leg, defends it towards mid-on 
Unimpressed : ""I am unimpressed with the lack of singles. They should not be playing 
more than one dot. That is why the pressure builds and they go for shots. I would want 
Indian openers to take at least 30 singles / doubles in the first 10 overs. That shows 
intent and puts the opposition under pressure and the bowlers then bowl bad hit me 
balls. """,5.2,0,0.0,"Mayers to Ishan, no run  .Fuller on middle and leg, defends it towards mid-on",Mayers,Ishan,0.0,0,0,1,1,0.0,0,,0
"5.3 
4 
Mayers to Ishan, FOUR runs 
Kishan gives Mayers the charge and benefits. Quickly dances down and whacks it 
straight over the umpire's head. That should settle his nerves, if he indeed has any",5.3,4,4.0,"Mayers to Ishan, FOUR runs  .Kishan gives Mayers the charge and benefits. Quickly dances down and whacks it  .straight over the umpire's head. That should settle his nerves, if he indeed has any",Mayers,Ishan,4.0,1,0,1,1,4.0,0,,1
"5.4 
4 
Mayers to Ishan, FOUR runs 
And this time hacks it down the ground. Fuller and outside off, Kishan clears his front 
leg and throws his all at that to get it between the non-striker and the stumps at the 
other end 
Shai Hope comes up to the stumps now. Fine leg comes in, square leg goes out",5.4,4,4.0,"Mayers to Ishan, FOUR runs  .And this time hacks it down the ground. Fuller and outside off, Kishan clears his front  .leg and throws his all at that to get it between the non-striker and the stumps at the  .other end  .Shai Hope comes up to the stumps now. Fine leg comes in, square leg goes out",Mayers,Ishan,4.0,1,0,1,1,4.0,0,,1
"5.5 
1 
Mayers to Ishan, 1 run 
Full on the pads, clipped to deep square leg 
Hope stays up for Gill. Third in the ring, both fielders out deep on the on side",5.5,1,1.0,"Mayers to Ishan, 1 run  .Full on the pads, clipped to deep square leg  .Hope stays up for Gill. Third in the ring, both fielders out deep on the on side",Mayers,Ishan,1.0,0,0,1,1,1.0,0,,1
"5.6 
1lb 
Mayers to Gill, 1 leg bye 
Strays on the pads, he misses the flick and it rolls towards fine leg for a leg-bye 
end of over 610 runs  
IND: 37/0CRR: 6.16  
Shubman Gill14 (14b 3x4) 
Ishan Kishan22 (22b 3x4) 
Kyle Mayers 3-0-13-0 
Jayden Seales 3-0-23-0 
Alzarri Joseph is brought into the attack, replacing Seales",5.6,1lb,1.0,"Mayers to Gill, 1 leg bye  .Strays on the pads, he misses the flick and it rolls towards fine leg for a leg-bye",Mayers,Gill,0.0,0,0,1,1,0.0,0,,0
"6.1 
• 
Alzarri Joseph to Gill, no run 
Full on leg, keeps it out towards midwicket",6.1,0,0.0,"Alzarri Joseph to Gill, no run  .Full on leg, keeps it out towards midwicket",Alzarri Joseph,Gill,0.0,0,0,1,1,0.0,0,,0
"6.2 
• 
Alzarri Joseph to Gill, no run 
Length ball angling in, whipped away towards square leg 
Anjan: ""Guess who lead WI to their last bilateral series win over India? None other than 
the man who lends his name to this stadium! """,6.2,0,0.0,"Alzarri Joseph to Gill, no run  .Length ball angling in, whipped away towards square leg",Alzarri Joseph,Gill,0.0,0,0,1,1,0.0,0,,0
"6.3 
1w 
Alzarri Joseph to Gill, 1 wide 
Sprays this on a length well down leg, he has a swish and misses",6.3,1w,1.0,"Alzarri Joseph to Gill, 1 wide  .Sprays this on a length well down leg, he has a swish and misses",Alzarri Joseph,Gill,0.0,0,0,0,0,1.0,0,,1
"6.3 
1 
Alzarri Joseph to Gill, 1 run 
Length ball on middle and leg, nudges it towards mid-on and hares to the other end",6.3,1,1.0,"Alzarri Joseph to Gill, 1 run  .Length ball on middle and leg, nudges it towards mid-on and hares to the other end",Alzarri Joseph,Gill,1.0,0,0,1,1,1.0,0,,1
"6.4 
• 
Alzarri Joseph to Ishan, no run 
Full and angling away outside off at 143kph, he looks to drive it through off but gets it 
off the inner half towards mid-on",6.4,0,0.0,"Alzarri Joseph to Ishan, no run  .Full and angling away outside off at 143kph, he looks to drive it through off but gets it  .off the inner half towards mid-on",Alzarri Joseph,Ishan,0.0,0,0,1,1,0.0,0,,0
"6.5 
• 
Alzarri Joseph to Ishan, no run 
Length ball angling away, he stands tall and looks to heave it away but the ball passes 
under his blade",6.5,0,0.0,"Alzarri Joseph to Ishan, no run  .Length ball angling away, he stands tall and looks to heave it away but the ball passes  .under his blade",Alzarri Joseph,Ishan,0.0,0,0,1,1,0.0,0,,0
"6.6 
1 
Alzarri Joseph to Ishan, 1 run 
On the pads on a length at 138kph, he works it away to long leg 
end of over 73 runs  
IND: 40/0CRR: 5.71  
Ishan Kishan23 (25b 3x4) 
Shubman Gill15 (17b 3x4) 
Alzarri Joseph 1-0-3-0 
Kyle Mayers 3-0-13-0",6.6,1,1.0,"Alzarri Joseph to Ishan, 1 run  .On the pads on a length at 138kph, he works it away to long leg",Alzarri Joseph,Ishan,1.0,0,0,1,1,1.0,0,,1
"7.1 
4 
Mayers to Ishan, FOUR runs 
Thrashed over midwicket! Shortish and angling in, he hangs back and heaves it over the 
on side 
See all photos 
Third comes in and midwicket goes out",7.1,4,4.0,"Mayers to Ishan, FOUR runs  .Thrashed over midwicket! Shortish and angling in, he hangs back and heaves it over the  .on side  .See all photos  .Third comes in and midwicket goes out",Mayers,Ishan,4.0,1,0,1,1,4.0,0,,1
"7.2 
2 
Mayers to Ishan, 2 runs 
Outside off on a length, slapped through covers for a brace",7.2,2,2.0,"Mayers to Ishan, 2 runs  .Outside off on a length, slapped through covers for a brace",Mayers,Ishan,2.0,0,0,1,1,2.0,0,,1
"7.3 
1 
Mayers to Ishan, 1 run 
Short and angling in from wide of the crease, pulled to deep midwicket",7.3,1,1.0,"Mayers to Ishan, 1 run  .Short and angling in from wide of the crease, pulled to deep midwicket",Mayers,Ishan,1.0,0,0,1,1,1.0,0,,1
"7.4 
• 
Mayers to Gill, no run 
Length ball just outside off, Gill looks to steer it away fine but almost chops it on",7.4,0,0.0,"Mayers to Gill, no run  .Length ball just outside off, Gill looks to steer it away fine but almost chops it on",Mayers,Gill,0.0,0,0,1,1,0.0,0,,0
"7.5 
4 
Mayers to Gill, FOUR runs 
Smartly done. Fullish and outside off, Gill hangs back and opens the face to bisect the 
gap between short third and backward point. Brings up the fifty stand",7.5,4,4.0,"Mayers to Gill, FOUR runs  .Smartly done. Fullish and outside off, Gill hangs back and opens the face to bisect the  .gap between short third and backward point. Brings up the fifty stand",Mayers,Gill,4.0,1,0,1,1,4.0,0,,1
"7.6 
1 
Mayers to Gill, 1 run 
Well-judged run. Punches it past covers towards wide mid-off and sprints with the shot 
end of over 812 runs  
IND: 52/0CRR: 6.50  
Shubman Gill20 (20b 4x4) 
Ishan Kishan30 (28b 4x4) 
Kyle Mayers 4-0-25-0 
Alzarri Joseph 1-0-3-0",7.6,1,1.0,"Mayers to Gill, 1 run  .Well-judged run. Punches it past covers towards wide mid-off and sprints with the shot",Mayers,Gill,1.0,0,0,1,1,1.0,0,,1
"8.1 
4 
Alzarri Joseph to Gill, FOUR runs 
Glorious! Short and angling in on off and middle, Gill stands tall and pulls it over 
midwicket. Another short-arm jab played to perfection 
Mayers run down from slips to have a word with Joseph. And now stands at covers 
Joseph lost his run-up just as he came to the bowling crease and aborts",8.1,4,4.0,"Alzarri Joseph to Gill, FOUR runs  .Glorious! Short and angling in on off and middle, Gill stands tall and pulls it over  .midwicket. Another short-arm jab played to perfection  .Mayers run down from slips to have a word with Joseph. And now stands at covers  .Joseph lost his run-up just as he came to the bowling crease and aborts",Alzarri Joseph,Gill,4.0,1,0,1,1,4.0,0,,1
"8.2 
4 
Alzarri Joseph to Gill, FOUR runs 
Thick edge but Gill gets the desired result. Length ball outside off, he slashes at that but 
gets it through the vacant slip region",8.2,4,4.0,"Alzarri Joseph to Gill, FOUR runs  .Thick edge but Gill gets the desired result. Length ball outside off, he slashes at that but  .gets it through the vacant slip region",Alzarri Joseph,Gill,4.0,1,0,1,1,4.0,0,,1
"8.3 
5w 
Alzarri Joseph to Gill, 5 wide 
Sprays it well down leg, Gill lets it be. Even a full-length dive from Hope, who manages 
to get his fingers to it, fails to prevent four byes",8.3,5w,5.0,"Alzarri Joseph to Gill, 5 wide  .Sprays it well down leg, Gill lets it be. Even a full-length dive from Hope, who manages  .to get his fingers to it, fails to prevent four byes",Alzarri Joseph,Gill,0.0,0,0,0,0,5.0,0,,1
"8.3 
• 
Alzarri Joseph to Gill, no run 
Short and just outside off, plays the short-arm pull to wide mid-on",8.3,0,0.0,"Alzarri Joseph to Gill, no run  .Short and just outside off, plays the short-arm pull to wide mid-on",Alzarri Joseph,Gill,0.0,0,0,1,1,0.0,0,,0
"8.4 
4 
Alzarri Joseph to Gill, FOUR runs 
Finds the gap again. Length ball outside off, Gill gets on his toes and punches it to the 
left of cover-point",8.4,4,4.0,"Alzarri Joseph to Gill, FOUR runs  .Finds the gap again. Length ball outside off, Gill gets on his toes and punches it to the  .left of cover-point",Alzarri Joseph,Gill,4.0,1,0,1,1,4.0,0,,1
"8.5 
• 
Alzarri Joseph to Gill, no run 
Short and around off, pulled to square leg",8.5,0,0.0,"Alzarri Joseph to Gill, no run  .Short and around off, pulled to square leg",Alzarri Joseph,Gill,0.0,0,0,1,1,0.0,0,,0
"8.6 
• 
Alzarri Joseph to Gill, no run 
A huge mix-up but Gill is safe! Pushes it towards mid-off and sets off but Kishan is 
unmoved. Gill then suggests that he was running to the danger end and it was his call. 
No damage done though 
end of over 917 runs  
IND: 69/0CRR: 7.66  
Shubman Gill32 (26b 7x4) 
Ishan Kishan30 (28b 4x4) 
Alzarri Joseph 2-0-20-0 
Kyle Mayers 4-0-25-0 
Spin in the first powerplay. Gudakesh Motie brought on already. One slip in",8.6,0,0.0,"Alzarri Joseph to Gill, no run  .A huge mix-up but Gill is safe! Pushes it towards mid-off and sets off but Kishan is  .unmoved. Gill then suggests that he was running to the danger end and it was his call.  .No damage done though",Alzarri Joseph,Gill,0.0,0,0,1,1,0.0,0,,0
"9.1 
• 
Motie to Ishan, no run 
Flatter and on a length outside off at 88kph, spinning in a touch. He goes back and 
defends",9.1,0,0.0,"Motie to Ishan, no run  .Flatter and on a length outside off at 88kph, spinning in a touch. He goes back and  .defends",Motie,Ishan,0.0,0,0,1,1,0.0,0,,0
"9.2 
• 
Motie to Ishan, no run 
Floated full outside off, drilled to cover 
Both the deep fielders are out on the on side",9.2,0,0.0,"Motie to Ishan, no run  .Floated full outside off, drilled to cover  .Both the deep fielders are out on the on side",Motie,Ishan,0.0,0,0,1,1,0.0,0,,0
"9.3 
1 
Motie to Ishan, 1 run 
Flatter and on middle and leg, worked away through square leg 
Around the wicket with a slip for Gill",9.3,1,1.0,"Motie to Ishan, 1 run  .Flatter and on middle and leg, worked away through square leg  .Around the wicket with a slip for Gill",Motie,Ishan,1.0,0,0,1,1,1.0,0,,1
"9.4 
• 
Motie to Gill, no run 
Fuller on middle, lunges and defends it to the on side",9.4,0,0.0,"Motie to Gill, no run  .Fuller on middle, lunges and defends it to the on side",Motie,Gill,0.0,0,0,1,1,0.0,0,,0
"9.5 
2 
Motie to Gill, 2 runs 
Shortish and outside off, spins away but not much bounce there. Gill goes back, 
crouches and slaps it through covers, where a misfield ensures a couple",9.5,2,2.0,"Motie to Gill, 2 runs  .Shortish and outside off, spins away but not much bounce there. Gill goes back,  .crouches and slaps it through covers, where a misfield ensures a couple",Motie,Gill,2.0,0,0,1,1,2.0,0,,1
"9.6 
1 
Motie to Gill, 1 run 
Fuller on off, eased down to long-on 
First powerplay done, India rocking well. Time for Abhimanyu to step in. What do you 
make of this start, AB? 
end of over 104 runs  
IND: 73/0CRR: 7.30  
Shubman Gill35 (29b 7x4) 
Ishan Kishan31 (31b 4x4) 
Gudakesh Motie 1-0-4-0 
Alzarri Joseph 2-0-20-0 
Thanks Suds. Solid start again, but the question is, can Gill carry on from here to put on 
a big score today?",9.6,1,1.0,"Motie to Gill, 1 run  .Fuller on off, eased down to long-on  .First powerplay done, India rocking well. Time for Abhimanyu to step in. What do you  .make of this start, AB?",Motie,Gill,1.0,0,0,1,1,1.0,0,,1
"10.1 
1 
Alzarri Joseph to Gill, 1 run 
Joseph digs it in short and Gill pulls to deep backward square",10.1,1,1.0,"Alzarri Joseph to Gill, 1 run  .Joseph digs it in short and Gill pulls to deep backward square",Alzarri Joseph,Gill,1.0,0,0,1,1,1.0,0,,1
"10.2 
• 
Alzarri Joseph to Ishan, no run 
On a length on leg, Kishan parries square on the off side",10.2,0,0.0,"Alzarri Joseph to Ishan, no run  .On a length on leg, Kishan parries square on the off side",Alzarri Joseph,Ishan,0.0,0,0,1,1,0.0,0,,0
"10.3 
6 
Alzarri Joseph to Ishan, SIX runs 
Pulled high and handsome over deep square! Joseph bangs it in short and Kishan 
swivels and hammers that away. Seales at backward square on the rope had no chance",10.3,6,6.0,"Alzarri Joseph to Ishan, SIX runs  .Pulled high and handsome over deep square! Joseph bangs it in short and Kishan  .swivels and hammers that away. Seales at backward square on the rope had no chance",Alzarri Joseph,Ishan,6.0,0,1,1,1,6.0,0,,1
"10.4 
4lb 
Alzarri Joseph to Ishan, 4 leg byes 
Trickles down leg off Kishan's hips! Back of length down leg, Kishan went to flick but 
misses. Hope puts in a dive but in vain 
SMS: ""How is the pitch behaving? Something for the spinners like the previous match or 
flat track?"" Definitely been a better pitch to bat on than Bridgetown",10.4,4lb,4.0,"Alzarri Joseph to Ishan, 4 leg byes  .Trickles down leg off Kishan's hips! Back of length down leg, Kishan went to flick but  .misses. Hope puts in a dive but in vain",Alzarri Joseph,Ishan,0.0,0,0,1,1,0.0,0,,0
"10.5 
1 
Alzarri Joseph to Ishan, 1 run 
Tucks this length ball off his hips to deep backward square 
Arif: ""Is it safe to say that Ishan will be definitely in the World cup squad?"" Fairly safe to 
assume that at this point of time. Whether he will figure in the XI or not is another 
question",10.5,1,1.0,"Alzarri Joseph to Ishan, 1 run  .Tucks this length ball off his hips to deep backward square",Alzarri Joseph,Ishan,1.0,0,0,1,1,1.0,0,,1
"10.6 
• 
Alzarri Joseph to Gill, no run 
Bumper outside off, Gill sways out of the way 
end of over 1112 runs  
IND: 85/0CRR: 7.72  
Shubman Gill36 (31b 7x4) 
Ishan Kishan38 (35b 4x4 1x6) 
Alzarri Joseph 3-0-28-0 
Gudakesh Motie 1-0-4-0 
Ashutosh: ""Surprised to see a CRR of nearly 7 to 8 and the first six in the eleventh over.""",10.6,0,0.0,"Alzarri Joseph to Gill, no run  .Bumper outside off, Gill sways out of the way",Alzarri Joseph,Gill,0.0,0,0,1,1,0.0,0,,0
"11.1 
• 
Motie to Ishan, no run 
Defended to midwicket",11.1,0,0.0,"Motie to Ishan, no run  .Defended to midwicket",Motie,Ishan,0.0,0,0,1,1,0.0,0,,0
"11.2 
1 
Motie to Ishan, 1 run 
Dropped short around off, Kishan rocks back and pulls it on the bounce wide of long-on",11.2,1,1.0,"Motie to Ishan, 1 run  .Dropped short around off, Kishan rocks back and pulls it on the bounce wide of long-on",Motie,Ishan,1.0,0,0,1,1,1.0,0,,1
"11.3 
• 
Motie to Gill, no run 
Full around off, Gill defends",11.3,0,0.0,"Motie to Gill, no run  .Full around off, Gill defends",Motie,Gill,0.0,0,0,1,1,0.0,0,,0
"11.4 
• 
Motie to Gill, no run 
Tossed up full on leg, Gill eases it to midwicket",11.4,0,0.0,"Motie to Gill, no run  .Tossed up full on leg, Gill eases it to midwicket",Motie,Gill,0.0,0,0,1,1,0.0,0,,0
"11.5 
1 
Motie to Gill, 1 run 
Full on off, Gill plays it square off the inside half of the bat and they steal a single",11.5,1,1.0,"Motie to Gill, 1 run  .Full on off, Gill plays it square off the inside half of the bat and they steal a single",Motie,Gill,1.0,0,0,1,1,1.0,0,,1
"11.6 
4 
Motie to Ishan, FOUR runs 
In the slot and Kishan slaps this back down the ground. Motie had no chance at 
stopping that and Kishan moves into the forties 
end of over 126 runs  
IND: 91/0CRR: 7.58  
Ishan Kishan43 (38b 5x4 1x6) 
Shubman Gill37 (34b 7x4) 
Gudakesh Motie 2-0-10-0 
Alzarri Joseph 3-0-28-0 
Here's Shepherd",11.6,4,4.0,"Motie to Ishan, FOUR runs  .In the slot and Kishan slaps this back down the ground. Motie had no chance at  .stopping that and Kishan moves into the forties",Motie,Ishan,4.0,1,0,1,1,4.0,0,,1
"12.1 
• 
Shepherd to Gill, no run 
Back of a length and the bounce beats Gill as he looks to cut",12.1,0,0.0,"Shepherd to Gill, no run  .Back of a length and the bounce beats Gill as he looks to cut",Shepherd,Gill,0.0,0,0,1,1,0.0,0,,0
"12.2 
1 
Shepherd to Gill, 1 run 
Length ball around off, Gill punches to mid-on for an easy single",12.2,1,1.0,"Shepherd to Gill, 1 run  .Length ball around off, Gill punches to mid-on for an easy single",Shepherd,Gill,1.0,0,0,1,1,1.0,0,,1
"12.3 
6 
Shepherd to Ishan, SIX runs 
What a shot that! Dug in just back of a length, Kishan shuffles across a little and helps it 
on behind square and it flies 76m",12.3,6,6.0,"Shepherd to Ishan, SIX runs  .What a shot that! Dug in just back of a length, Kishan shuffles across a little and helps it  .on behind square and it flies 76m",Shepherd,Ishan,6.0,0,1,1,1,6.0,0,,1
"12.4 
• 
Shepherd to Ishan, no run 
Full on off, Kishan defends with an open face to point",12.4,0,0.0,"Shepherd to Ishan, no run  .Full on off, Kishan defends with an open face to point",Shepherd,Ishan,0.0,0,0,1,1,0.0,0,,0
"12.5 
• 
Shepherd to Ishan, no run 
Short of good length outside off, Kishan slaps it to cover",12.5,0,0.0,"Shepherd to Ishan, no run  .Short of good length outside off, Kishan slaps it to cover",Shepherd,Ishan,0.0,0,0,1,1,0.0,0,,0
"12.6 
• 
Shepherd to Ishan, no run 
Angled in full on off, Kishan defends 
end of over 137 runs  
IND: 98/0CRR: 7.53  
Ishan Kishan49 (42b 5x4 2x6) 
Shubman Gill38 (36b 7x4) 
Romario Shepherd 1-0-7-0 
Gudakesh Motie 2-0-10-0",12.6,0,0.0,"Shepherd to Ishan, no run  .Angled in full on off, Kishan defends",Shepherd,Ishan,0.0,0,0,1,1,0.0,0,,0
"13.1 
1 
Motie to Gill, 1 run 
Gill eases this full delivery to long-off",13.1,1,1.0,"Motie to Gill, 1 run  .Gill eases this full delivery to long-off",Motie,Gill,1.0,0,0,1,1,1.0,0,,1
"13.2 
1 
Motie to Ishan, 1 run 
Third consecutive fifty in the series for Kishan! Fourth in this tour for him, including the 
one in the second Test. Full on off, whipped down to long-on. 
See all photos",13.2,1,1.0,"Motie to Ishan, 1 run  .Third consecutive fifty in the series for Kishan! Fourth in this tour for him, including the  .one in the second Test. Full on off, whipped down to long-on.  .See all photos",Motie,Ishan,1.0,0,0,1,1,1.0,0,,1
"13.3 
• 
Motie to Gill, no run 
On a length, Gill clips it to midwicket",13.3,0,0.0,"Motie to Gill, no run  .On a length, Gill clips it to midwicket",Motie,Gill,0.0,0,0,1,1,0.0,0,,0
"13.4 
1 
Motie to Gill, 1 run 
Full on middle, he drives it out to long-off for another easy single",13.4,1,1.0,"Motie to Gill, 1 run  .Full on middle, he drives it out to long-off for another easy single",Motie,Gill,1.0,0,0,1,1,1.0,0,,1
"13.5 
• 
Motie to Ishan, no run 
Full outside off, Kishan nudges it to square leg",13.5,0,0.0,"Motie to Ishan, no run  .Full outside off, Kishan nudges it to square leg",Motie,Ishan,0.0,0,0,1,1,0.0,0,,0
"13.6 
1 
Motie to Ishan, 1 run 
ON a length outside off, Kishan rocks back and works this to long-on 
end of over 144 runs  
IND: 102/0CRR: 7.28  
Ishan Kishan51 (45b 5x4 2x6) 
Shubman Gill40 (39b 7x4) 
Gudakesh Motie 3-0-14-0 
Romario Shepherd 1-0-7-0 
Gill and Kishan have bettered their 90-run stand from the last game and got past the 
hundred-run mark today",13.6,1,1.0,"Motie to Ishan, 1 run  .ON a length outside off, Kishan rocks back and works this to long-on",Motie,Ishan,1.0,0,0,1,1,1.0,0,,1
"14.1 
1 
Shepherd to Ishan, 1 run 
Back of a length delivery outside off, Kishan reaches out and slaps it out to the off-side 
sweeper",14.1,1,1.0,"Shepherd to Ishan, 1 run  .Back of a length delivery outside off, Kishan reaches out and slaps it out to the off-side  .sweeper",Shepherd,Ishan,1.0,0,0,1,1,1.0,0,,1
"14.2 
1 
Shepherd to Gill, 1 run 
Length ball on off, Gill drops it towards midwicket for a quick single",14.2,1,1.0,"Shepherd to Gill, 1 run  .Length ball on off, Gill drops it towards midwicket for a quick single",Shepherd,Gill,1.0,0,0,1,1,1.0,0,,1
"14.3 
4 
Shepherd to Ishan, FOUR runs 
Short, wide and this time Kishan reaches out and cuts it past backward point! The 
fielder put in a dive to his left but this was hit hard and fast",14.3,4,4.0,"Shepherd to Ishan, FOUR runs  .Short, wide and this time Kishan reaches out and cuts it past backward point! The  .fielder put in a dive to his left but this was hit hard and fast",Shepherd,Ishan,4.0,1,0,1,1,4.0,0,,1
"14.4 
1 
Shepherd to Ishan, 1 run 
Length ball outside off, Kishan cuts it in front of point this time to the sweeper cover",14.4,1,1.0,"Shepherd to Ishan, 1 run  .Length ball outside off, Kishan cuts it in front of point this time to the sweeper cover",Shepherd,Ishan,1.0,0,0,1,1,1.0,0,,1
"14.5 
1 
Shepherd to Gill, 1 run 
Length ball outside off, Gill crouches and cuts behind point. The fielder in the deep runs 
to his left to stop the boundary",14.5,1,1.0,"Shepherd to Gill, 1 run  .Length ball outside off, Gill crouches and cuts behind point. The fielder in the deep runs  .to his left to stop the boundary",Shepherd,Gill,1.0,0,0,1,1,1.0,0,,1
"14.6 
• 
Shepherd to Ishan, no run 
Length ball outside off, angling in. Kishan misses out this time as he tries to cut again 
end of over 158 runs  
IND: 110/0CRR: 7.33  
Ishan Kishan57 (49b 6x4 2x6) 
Shubman Gill42 (41b 7x4) 
Romario Shepherd 2-0-15-0 
Gudakesh Motie 3-0-14-0",14.6,0,0.0,"Shepherd to Ishan, no run  .Length ball outside off, angling in. Kishan misses out this time as he tries to cut again",Shepherd,Ishan,0.0,0,0,1,1,0.0,0,,0
"15.1 
2 
Motie to Gill, 2 runs 
Shortish outside off, Gill cuts behind point for a brace",15.1,2,2.0,"Motie to Gill, 2 runs  .Shortish outside off, Gill cuts behind point for a brace",Motie,Gill,2.0,0,0,1,1,2.0,0,,1
"15.2 
• 
Motie to Gill, no run 
Tossed up full outside off, Gill defends",15.2,0,0.0,"Motie to Gill, no run  .Tossed up full outside off, Gill defends",Motie,Gill,0.0,0,0,1,1,0.0,0,,0
"15.3 
2 
Motie to Gill, 2 runs 
Full delivery around off, Gill drives to deep cover's right and they pick up the two easily",15.3,2,2.0,"Motie to Gill, 2 runs  .Full delivery around off, Gill drives to deep cover's right and they pick up the two easily",Motie,Gill,2.0,0,0,1,1,2.0,0,,1
"15.4 
1 
Motie to Gill, 1 run 
Eases a drive to long-on for a single",15.4,1,1.0,"Motie to Gill, 1 run  .Eases a drive to long-on for a single",Motie,Gill,1.0,0,0,1,1,1.0,0,,1
"15.5 
• 
Motie to Ishan, no run 
Kishan tries to hit it down the ground again, but Motie stops it this time",15.5,0,0.0,"Motie to Ishan, no run  .Kishan tries to hit it down the ground again, but Motie stops it this time",Motie,Ishan,0.0,0,0,1,1,0.0,0,,0
"15.6 
1 
Motie to Ishan, 1 run 
Length ball turns in and Kishan clips it to mid-on for a quick run 
Time for drinks 
end of over 166 runs  
IND: 116/0CRR: 7.25  
Ishan Kishan58 (51b 6x4 2x6) 
Shubman Gill47 (45b 7x4) 
Gudakesh Motie 4-0-20-0 
Romario Shepherd 2-0-15-0 
Shepherd to continue after the drinks break",15.6,1,1.0,"Motie to Ishan, 1 run  .Length ball turns in and Kishan clips it to mid-on for a quick run  .Time for drinks",Motie,Ishan,1.0,0,0,1,1,1.0,0,,1
"16.1 
4 
Shepherd to Ishan, FOUR runs 
Pulled wide of fine leg and Kishan has four more! This is short and angled into Kishan, 
who swivels and pulls it behind to the fielder's right. He put in a dive but couldn't stop 
this from going past him",16.1,4,4.0,"Shepherd to Ishan, FOUR runs  .Pulled wide of fine leg and Kishan has four more! This is short and angled into Kishan,  .who swivels and pulls it behind to the fielder's right. He put in a dive but couldn't stop  .this from going past him",Shepherd,Ishan,4.0,1,0,1,1,4.0,0,,1
"16.2 
1 
Shepherd to Ishan, 1 run 
On a length outside off, Kishan clips it behind square off the inside half of the bat and 
gets a single",16.2,1,1.0,"Shepherd to Ishan, 1 run  .On a length outside off, Kishan clips it behind square off the inside half of the bat and  .gets a single",Shepherd,Ishan,1.0,0,0,1,1,1.0,0,,1
"16.3 
• 
Shepherd to Gill, no run 
Fullish on a fourth-stump line, Gill chops it out towards point",16.3,0,0.0,"Shepherd to Gill, no run  .Fullish on a fourth-stump line, Gill chops it out towards point",Shepherd,Gill,0.0,0,0,1,1,0.0,0,,0
"16.4 
1 
Shepherd to Gill, 1 run 
Length ball around off, Gill works it down the ground to long-on and jogs along for a 
single",16.4,1,1.0,"Shepherd to Gill, 1 run  .Length ball around off, Gill works it down the ground to long-on and jogs along for a  .single",Shepherd,Gill,1.0,0,0,1,1,1.0,0,,1
"16.5 
• 
Shepherd to Ishan, no run 
Length around off, Kishan parries towards midwicket",16.5,0,0.0,"Shepherd to Ishan, no run  .Length around off, Kishan parries towards midwicket",Shepherd,Ishan,0.0,0,0,1,1,0.0,0,,0
"16.6 
• 
Shepherd to Ishan, no run 
Full around off, Kishan whips it away along the ground but picks out the midwicket 
fielder again 
end of over 176 runs  
IND: 122/0CRR: 7.17  
Ishan Kishan63 (55b 7x4 2x6) 
Shubman Gill48 (47b 7x4) 
Romario Shepherd 3-0-21-0 
Gudakesh Motie 4-0-20-0 
Legspinner Yannic Cariah into the attack on his home ground",16.6,0,0.0,"Shepherd to Ishan, no run  .Full around off, Kishan whips it away along the ground but picks out the midwicket  .fielder again",Shepherd,Ishan,0.0,0,0,1,1,0.0,0,,0
"17.1 
• 
Cariah to Gill, no run 
Tossed up full outside off, Gill pushes defensively to cover",17.1,0,0.0,"Cariah to Gill, no run  .Tossed up full outside off, Gill pushes defensively to cover",Cariah,Gill,0.0,0,0,1,1,0.0,0,,0
"17.2 
• 
Cariah to Gill, no run 
Tossed up full on off, a bit of drift too, driven along the ground to cover again",17.2,0,0.0,"Cariah to Gill, no run  .Tossed up full on off, a bit of drift too, driven along the ground to cover again",Cariah,Gill,0.0,0,0,1,1,0.0,0,,0
"17.3 
• 
Cariah to Gill, no run 
Gill defends this full delivery outside off",17.3,0,0.0,"Cariah to Gill, no run  .Gill defends this full delivery outside off",Cariah,Gill,0.0,0,0,1,1,0.0,0,,0
"17.4 
4 
Cariah to Gill, FOUR runs 
On a length on middle, Gill crouches and pull-sweeps behind square for the boundary 
that brings up his first half-century of this tour! Puts an end to a lean run with this 
See all photos",17.4,4,4.0,"Cariah to Gill, FOUR runs  .On a length on middle, Gill crouches and pull-sweeps behind square for the boundary  .that brings up his first half-century of this tour! Puts an end to a lean run with this  .See all photos",Cariah,Gill,4.0,1,0,1,1,4.0,0,,1
"17.5 
1 
Cariah to Gill, 1 run 
Pushes this full delivery towards cover and takes off for a quick single. A bit of a mix-up 
between the batters but Hetmyer's throw to the keeper was too high and Kishan put the 
dive in at the striker's end",17.5,1,1.0,"Cariah to Gill, 1 run  .Pushes this full delivery towards cover and takes off for a quick single. A bit of a mix-up  .between the batters but Hetmyer's throw to the keeper was too high and Kishan put the  .dive in at the striker's end",Cariah,Gill,1.0,0,0,1,1,1.0,0,,1
"17.6 
1 
Cariah to Ishan, 1 run 
Kishan gives charge to Cariah but doesn't hit this cleanly as he swings this to 
midwicket's left along the ground 
end of over 186 runs  
IND: 128/0CRR: 7.11  
Ishan Kishan64 (56b 7x4 2x6) 
Shubman Gill53 (52b 8x4) 
Yannic Cariah 1-0-6-0 
Romario Shepherd 3-0-21-0",17.6,1,1.0,"Cariah to Ishan, 1 run  .Kishan gives charge to Cariah but doesn't hit this cleanly as he swings this to  .midwicket's left along the ground",Cariah,Ishan,1.0,0,0,1,1,1.0,0,,1
"18.1 
6 
Shepherd to Ishan, SIX runs 
Gloriously pulled with the wind! Shepherd goes short again and Kishan rocks back and 
hits this over square leg and just clears the rope",18.1,6,6.0,"Shepherd to Ishan, SIX runs  .Gloriously pulled with the wind! Shepherd goes short again and Kishan rocks back and  .hits this over square leg and just clears the rope",Shepherd,Ishan,6.0,0,1,1,1,6.0,0,,1
"18.2 
4 
Shepherd to Ishan, FOUR runs 
Edged past the keeper for four! Lucky runs, but he'll take 'em. Full outside off, he goes 
for the expansive drive and gets a thick edge",18.2,4,4.0,"Shepherd to Ishan, FOUR runs  .Edged past the keeper for four! Lucky runs, but he'll take 'em. Full outside off, he goes  .for the expansive drive and gets a thick edge",Shepherd,Ishan,4.0,1,0,1,1,4.0,0,,1
"18.3 
• 
Shepherd to Ishan, no run 
Full outside off again, this time Kishan drives to cover 
Over the wicket now",18.3,0,0.0,"Shepherd to Ishan, no run  .Full outside off again, this time Kishan drives to cover  .Over the wicket now",Shepherd,Ishan,0.0,0,0,1,1,0.0,0,,0
"18.4 
1 
Shepherd to Ishan, 1 run 
On a length and going across him, Kishan opens the face of the blade to run it down to 
deep third",18.4,1,1.0,"Shepherd to Ishan, 1 run  .On a length and going across him, Kishan opens the face of the blade to run it down to  .deep third",Shepherd,Ishan,1.0,0,0,1,1,1.0,0,,1
"18.5 
1 
Shepherd to Gill, 1 run 
Full on off, Gill clips it to deep midwicket",18.5,1,1.0,"Shepherd to Gill, 1 run  .Full on off, Gill clips it to deep midwicket",Shepherd,Gill,1.0,0,0,1,1,1.0,0,,1
"18.6 
1 
Shepherd to Ishan, 1 run 
Length ball on off and going across him, Kishan chops this towards mid-off and takes a 
quick single 
end of over 1913 runs  
IND: 141/0CRR: 7.42  
Ishan Kishan76 (61b 8x4 3x6) 
Shubman Gill54 (53b 8x4) 
Romario Shepherd 4-0-34-0 
Yannic Cariah 1-0-6-0",18.6,1,1.0,"Shepherd to Ishan, 1 run  .Length ball on off and going across him, Kishan chops this towards mid-off and takes a  .quick single",Shepherd,Ishan,1.0,0,0,1,1,1.0,0,,1
"19.1 
1 
Cariah to Ishan, 1 run 
Full on off, Kishan hits this hard down the ground and Cariah gets a hand on it to deflect 
it to long-off",19.1,1,1.0,"Cariah to Ishan, 1 run  .Full on off, Kishan hits this hard down the ground and Cariah gets a hand on it to deflect  .it to long-off",Cariah,Ishan,1.0,0,0,1,1,1.0,0,,1
"19.2 
1 
Cariah to Gill, 1 run 
Tossed up full on leg, Gill turns it to deep midwicket 
Suyog: ""This is already the best ODI opening partnership for India vs WI in WI."" Yup, 
going past Dhawan and Rahane",19.2,1,1.0,"Cariah to Gill, 1 run  .Tossed up full on leg, Gill turns it to deep midwicket",Cariah,Gill,1.0,0,0,1,1,1.0,0,,1
"19.3 
• 
Cariah to Ishan, no run 
Dropped short and he cuts to backward point",19.3,0,0.0,"Cariah to Ishan, no run  .Dropped short and he cuts to backward point",Cariah,Ishan,0.0,0,0,1,1,0.0,0,,0
"19.4 
W 
Cariah to Ishan, OUT 
Comes down the track and gets stumped! This pitched on a length on off and turned in 
sharply, staying under the bat and going past leg-stump. Hope makes no mistake and a 
fantastic knock from Kishan comes to an end. No century for him, but three solid half-
centuries in this three-match series 
Ishan Kishan st †Hope b Cariah 77 (64b 8x4 3x6 85m) SR: 120.31 
See all photos 
Out walks Ruturaj Gaikwad at No. 3",19.4,W,0.0,"Cariah to Ishan, OUT  .Comes down the track and gets stumped! This pitched on a length on off and turned in  .sharply, staying under the bat and going past leg-stump. Hope makes no mistake and a  .fantastic knock from Kishan comes to an end. No century for him, but three solid half- .centuries in this three-match series  .Ishan Kishan st †Hope b Cariah 77 (64b 8x4 3x6 85m) SR: 120.31",Cariah,Ishan,0.0,0,0,1,1,0.0,1,st †Hope b Cariah,0
"19.5 
• 
Cariah to Gaikwad, no run 
Tossed up on a length outside off, Gaikwad opens the face to drive to backward point",19.5,0,0.0,"Cariah to Gaikwad, no run  .Tossed up on a length outside off, Gaikwad opens the face to drive to backward point",Cariah,Gaikwad,0.0,0,0,1,1,0.0,0,,0
"19.6 
1 
Cariah to Gaikwad, 1 run 
Gaikwad nudges this length ball off his pads towards square leg for his first run 
end of over 203 runs • 1 wicket 
IND: 144/1CRR: 7.20  
Ruturaj Gaikwad1 (2b) 
Shubman Gill55 (54b 8x4) 
Yannic Cariah 2-0-9-1 
Romario Shepherd 4-0-34-0 
Jinx: ""My boy suyog carried out his mission successfully, bravo"" 
Joseph back in the attack",19.6,1,1.0,"Cariah to Gaikwad, 1 run  .Gaikwad nudges this length ball off his pads towards square leg for his first run",Cariah,Gaikwad,1.0,0,0,1,1,1.0,0,,1
"20.1 
• 
Alzarri Joseph to Gaikwad, no run 
Very full on off, he jams his bat down and digs it out to mid-off",20.1,0,0.0,"Alzarri Joseph to Gaikwad, no run  .Very full on off, he jams his bat down and digs it out to mid-off",Alzarri Joseph,Gaikwad,0.0,0,0,1,1,0.0,0,,0
"20.2 
• 
Alzarri Joseph to Gaikwad, no run 
Full on off, he works this to short mid-on 
ROY: ""Cariah looks and bowls like Adil Rashid. Am I the first one to observe this!!!"" 
You're right, there are similarities!",20.2,0,0.0,"Alzarri Joseph to Gaikwad, no run  .Full on off, he works this to short mid-on",Alzarri Joseph,Gaikwad,0.0,0,0,1,1,0.0,0,,0
"20.3 
• 
Alzarri Joseph to Gaikwad, no run 
Length ball on off, Gaikwad defends 
Suyog: ""didn't really mean it @Jinx. Though Ruturaj hails from my city in India."" Now 
you're just drawing more suspicion towards yourself!",20.3,0,0.0,"Alzarri Joseph to Gaikwad, no run  .Length ball on off, Gaikwad defends",Alzarri Joseph,Gaikwad,0.0,0,0,1,1,0.0,0,,0
"20.4 
• 
Alzarri Joseph to Gaikwad, no run 
Gaikwad drops this length ball in front but Gill turns down the single",20.4,0,0.0,"Alzarri Joseph to Gaikwad, no run  .Gaikwad drops this length ball in front but Gill turns down the single",Alzarri Joseph,Gaikwad,0.0,0,0,1,1,0.0,0,,0
"20.5 
1 
Alzarri Joseph to Gaikwad, 1 run 
Full on leg, Gaikwad trickles it towards fine leg. Joseph was appealing for lbw, but the 
umpire thinks there was bat on this",20.5,1,1.0,"Alzarri Joseph to Gaikwad, 1 run  .Full on leg, Gaikwad trickles it towards fine leg. Joseph was appealing for lbw, but the  .umpire thinks there was bat on this",Alzarri Joseph,Gaikwad,1.0,0,0,1,1,1.0,0,,1
"20.6 
• 
Alzarri Joseph to Gill, no run 
Back of length outside off, Gill rides the bounce and nudges this towards midwicket 
end of over 211 run  
IND: 145/1CRR: 6.90  
Shubman Gill55 (55b 8x4) 
Ruturaj Gaikwad2 (7b) 
Alzarri Joseph 4-0-29-0 
Yannic Cariah 2-0-9-1",20.6,0,0.0,"Alzarri Joseph to Gill, no run  .Back of length outside off, Gill rides the bounce and nudges this towards midwicket",Alzarri Joseph,Gill,0.0,0,0,1,1,0.0,0,,0
"21.1 
• 
Cariah to Gaikwad, no run 
Oh, beauty! Full on middle and off, drawing Gaikwad forward and it turns past the 
outside edge",21.1,0,0.0,"Cariah to Gaikwad, no run  .Oh, beauty! Full on middle and off, drawing Gaikwad forward and it turns past the  .outside edge",Cariah,Gaikwad,0.0,0,0,1,1,0.0,0,,0
"21.2 
1 
Cariah to Gaikwad, 1 run 
Length ball, spinning away after pitching around middle and off, Gaikwad goes back and 
pushes this do deep point",21.2,1,1.0,"Cariah to Gaikwad, 1 run  .Length ball, spinning away after pitching around middle and off, Gaikwad goes back and  .pushes this do deep point",Cariah,Gaikwad,1.0,0,0,1,1,1.0,0,,1
"21.3 
• 
Cariah to Gill, no run 
Tossed up full on off, Gill gets forward and defends",21.3,0,0.0,"Cariah to Gill, no run  .Tossed up full on off, Gill gets forward and defends",Cariah,Gill,0.0,0,0,1,1,0.0,0,,0
"21.4 
1 
Cariah to Gill, 1 run 
Tossed up full outside off, Gill drives it out to the sweeper cover. Just the single, though",21.4,1,1.0,"Cariah to Gill, 1 run  .Tossed up full outside off, Gill drives it out to the sweeper cover. Just the single, though",Cariah,Gill,1.0,0,0,1,1,1.0,0,,1
"21.5 
1 
Cariah to Gaikwad, 1 run 
Dropped short outside off, Gaikwad cuts behind point to the deep fielder",21.5,1,1.0,"Cariah to Gaikwad, 1 run  .Dropped short outside off, Gaikwad cuts behind point to the deep fielder",Cariah,Gaikwad,1.0,0,0,1,1,1.0,0,,1
"21.6 
1 
Cariah to Gill, 1 run 
Length on off, Gill taps it towards point for a quick run 
end of over 224 runs  
IND: 149/1CRR: 6.77  
Shubman Gill57 (58b 8x4) 
Ruturaj Gaikwad4 (10b) 
Yannic Cariah 3-0-13-1 
Alzarri Joseph 4-0-29-0",21.6,1,1.0,"Cariah to Gill, 1 run  .Length on off, Gill taps it towards point for a quick run",Cariah,Gill,1.0,0,0,1,1,1.0,0,,1
"22.1 
• 
Alzarri Joseph to Gill, no run 
Full on off, Gill defends back to the bowler 
Sash: ""Does cariah bowl the googly?"" Haven't seen a lot of it in this series so far",22.1,0,0.0,"Alzarri Joseph to Gill, no run  .Full on off, Gill defends back to the bowler",Alzarri Joseph,Gill,0.0,0,0,1,1,0.0,0,,0
"22.2 
1 
Alzarri Joseph to Gill, 1 run 
Full and dipping on middle, whipped away to midwicket for a quick single",22.2,1,1.0,"Alzarri Joseph to Gill, 1 run  .Full and dipping on middle, whipped away to midwicket for a quick single",Alzarri Joseph,Gill,1.0,0,0,1,1,1.0,0,,1
"22.3 
• 
Alzarri Joseph to Gaikwad, no run 
Back of good length outside off, Gaikwad moves across and blocks towards mid-on",22.3,0,0.0,"Alzarri Joseph to Gaikwad, no run  .Back of good length outside off, Gaikwad moves across and blocks towards mid-on",Alzarri Joseph,Gaikwad,0.0,0,0,1,1,0.0,0,,0
"22.4 
4 
Alzarri Joseph to Gaikwad, FOUR runs 
Short and pulled behind square for four! Swivels and gets this straight of deep fine, who 
was running hard to his left. Stayed in the air for a while, bounces just a little short of the 
boundary rope",22.4,4,4.0,"Alzarri Joseph to Gaikwad, FOUR runs  .Short and pulled behind square for four! Swivels and gets this straight of deep fine, who  .was running hard to his left. Stayed in the air for a while, bounces just a little short of the  .boundary rope",Alzarri Joseph,Gaikwad,4.0,1,0,1,1,4.0,0,,1
"22.5 
• 
Alzarri Joseph to Gaikwad, no run 
Full on off, Gaikwad defends",22.5,0,0.0,"Alzarri Joseph to Gaikwad, no run  .Full on off, Gaikwad defends",Alzarri Joseph,Gaikwad,0.0,0,0,1,1,0.0,0,,0
"22.6 
W 
Alzarri Joseph to Gaikwad, OUT 
Edged to first slip! Gaikwad sees this pitched up delivery outside off and goes for an 
expansive drive. It's a scrambled seam delivery and moves away after pitching and 
takes the outside edge. Brandon King makes no mistake. West Indies have two in quick 
succession 
Ruturaj Gaikwad c King b Joseph 8 (14b 1x4 0x6 14m) SR: 57.14 
See all photos 
end of over 235 runs • 1 wicket 
IND: 154/2CRR: 6.69  
Shubman Gill58 (60b 8x4) 
Alzarri Joseph 5-0-34-1 
Yannic Cariah 3-0-13-1 
Sanju Samson comes in at two-down. This will be an important knock for him",22.6,W,0.0,"Alzarri Joseph to Gaikwad, OUT  .Edged to first slip! Gaikwad sees this pitched up delivery outside off and goes for an  .expansive drive. It's a scrambled seam delivery and moves away after pitching and  .takes the outside edge. Brandon King makes no mistake. West Indies have two in quick  .succession  .Ruturaj Gaikwad c King b Joseph 8 (14b 1x4 0x6 14m) SR: 57.14",Alzarri Joseph,Gaikwad,0.0,0,0,1,1,0.0,1,c King b Joseph,0
"23.1 
1 
Cariah to Gill, 1 run 
Too full on leg, Gill eases it down to long-on",23.1,1,1.0,"Cariah to Gill, 1 run  .Too full on leg, Gill eases it down to long-on",Cariah,Gill,1.0,0,0,1,1,1.0,0,,1
"23.2 
2 
Cariah to Samson, 2 runs 
Samson on the front foot straight away! Well, metaphorically anyway. Rocks back to his 
back foot to this length ball and pulls it high in the air but it falls short of the rope and 
rolls to deep midwicket's left",23.2,2,2.0,"Cariah to Samson, 2 runs  .Samson on the front foot straight away! Well, metaphorically anyway. Rocks back to his  .back foot to this length ball and pulls it high in the air but it falls short of the rope and  .rolls to deep midwicket's left",Cariah,Samson,2.0,0,0,1,1,2.0,0,,1
"23.3 
6 
Cariah to Samson, SIX runs 
This time, he goes all the way! In the slot on off and turning away but Samson clears his 
front leg and hammers this high over long-on",23.3,6,6.0,"Cariah to Samson, SIX runs  .This time, he goes all the way! In the slot on off and turning away but Samson clears his  .front leg and hammers this high over long-on",Cariah,Samson,6.0,0,1,1,1,6.0,0,,1
"23.4 
1 
Cariah to Samson, 1 run 
Dropped slightly short outside off, Samson cuts behind point for a single",23.4,1,1.0,"Cariah to Samson, 1 run  .Dropped slightly short outside off, Samson cuts behind point for a single",Cariah,Samson,1.0,0,0,1,1,1.0,0,,1
"23.5 
1 
Cariah to Gill, 1 run 
Tossed up full on middle, Gill clips it wide of long-on as he keeps ticking along",23.5,1,1.0,"Cariah to Gill, 1 run  .Tossed up full on middle, Gill clips it wide of long-on as he keeps ticking along",Cariah,Gill,1.0,0,0,1,1,1.0,0,,1
"23.6 
6 
Cariah to Samson, SIX runs 
Samson goes high again and Samson clears the boundary again! Cariah getting him 
out last match has not deterred him from taking on the leggie. Full on off and Samson 
again clears his front leg and hits this straight of long-off, who was positioned slightly 
wide 
end of over 2417 runs  
IND: 171/2CRR: 7.12  
Sanju Samson15 (4b 2x6) 
Shubman Gill60 (62b 8x4) 
Yannic Cariah 4-0-30-1 
Alzarri Joseph 5-0-34-1",23.6,6,6.0,"Cariah to Samson, SIX runs  .Samson goes high again and Samson clears the boundary again! Cariah getting him  .out last match has not deterred him from taking on the leggie. Full on off and Samson  .again clears his front leg and hits this straight of long-off, who was positioned slightly  .wide",Cariah,Samson,6.0,0,1,1,1,6.0,0,,1
"24.1 
• 
Alzarri Joseph to Gill, no run 
Full outside off, Gill moves across and drives to mid-off",24.1,0,0.0,"Alzarri Joseph to Gill, no run  .Full outside off, Gill moves across and drives to mid-off",Alzarri Joseph,Gill,0.0,0,0,1,1,0.0,0,,0
"24.2 
1 
Alzarri Joseph to Gill, 1 run 
Dug in short outside off and it seams in, Gill pulls towards deep midwicket",24.2,1,1.0,"Alzarri Joseph to Gill, 1 run  .Dug in short outside off and it seams in, Gill pulls towards deep midwicket",Alzarri Joseph,Gill,1.0,0,0,1,1,1.0,0,,1
"24.3 
2 
Alzarri Joseph to Samson, 2 runs 
On a length around off, Samson steers this to deep third and hares back for a second 
after Motie feels to pick it up on the first attempt",24.3,2,2.0,"Alzarri Joseph to Samson, 2 runs  .On a length around off, Samson steers this to deep third and hares back for a second  .after Motie feels to pick it up on the first attempt",Alzarri Joseph,Samson,2.0,0,0,1,1,2.0,0,,1
"24.4 
• 
Alzarri Joseph to Samson, no run 
On a length on off, Samson blocks and the ball goes to mid-on",24.4,0,0.0,"Alzarri Joseph to Samson, no run  .On a length on off, Samson blocks and the ball goes to mid-on",Alzarri Joseph,Samson,0.0,0,0,1,1,0.0,0,,0
"24.5 
• 
Alzarri Joseph to Samson, no run 
Samson misses his flick and Joseph goes up in appeal! This was very full and straight 
and West Indies review! Was this going down leg? No bat, Ultraedge confirms. Impact 
in line, but it's umpire's call as it was just clipping according to HawkEye so Samson 
survives",24.5,0,0.0,"Alzarri Joseph to Samson, no run  .Samson misses his flick and Joseph goes up in appeal! This was very full and straight  .and West Indies review! Was this going down leg? No bat, Ultraedge confirms. Impact  .in line, but it's umpire's call as it was just clipping according to HawkEye so Samson  .survives",Alzarri Joseph,Samson,0.0,0,0,1,1,0.0,0,,0
"24.6 
1 
Alzarri Joseph to Samson, 1 run 
Dug in short and Samson stays tall to pull this to deep midwicket 
Here comes Sudarshanan again! 
end of over 254 runs  
IND: 175/2CRR: 7.00  
Sanju Samson18 (8b 2x6) 
Shubman Gill61 (64b 8x4) 
Alzarri Joseph 6-0-38-1 
Yannic Cariah 4-0-30-1 
Motie is back to bowl to Samson, who is in a marauding mood",24.6,1,1.0,"Alzarri Joseph to Samson, 1 run  .Dug in short and Samson stays tall to pull this to deep midwicket  .Here comes Sudarshanan again!",Alzarri Joseph,Samson,1.0,0,0,1,1,1.0,0,,1
"25.1 
1 
Motie to Samson, 1 run 
Shortish in line of the stumps, he goes back and pulls it to deep square leg",25.1,1,1.0,"Motie to Samson, 1 run  .Shortish in line of the stumps, he goes back and pulls it to deep square leg",Motie,Samson,1.0,0,0,1,1,1.0,0,,1
"25.2 
• 
Motie to Gill, no run 
Fuller on off and middle, he gets forward and defends",25.2,0,0.0,"Motie to Gill, no run  .Fuller on off and middle, he gets forward and defends",Motie,Gill,0.0,0,0,1,1,0.0,0,,0
"25.3 
1 
Motie to Gill, 1 run 
Fuller on middle and leg, knocked down to long-on",25.3,1,1.0,"Motie to Gill, 1 run  .Fuller on middle and leg, knocked down to long-on",Motie,Gill,1.0,0,0,1,1,1.0,0,,1
"25.4 
• 
Motie to Samson, no run 
Fuller on leg, defended towards midwicket",25.4,0,0.0,"Motie to Samson, no run  .Fuller on leg, defended towards midwicket",Motie,Samson,0.0,0,0,1,1,0.0,0,,0
"25.5 
• 
Motie to Samson, no run 
Gets across the stumps early but sees the ball full on off, blocks it from the crease with 
a straight bat",25.5,0,0.0,"Motie to Samson, no run  .Gets across the stumps early but sees the ball full on off, blocks it from the crease with  .a straight bat",Motie,Samson,0.0,0,0,1,1,0.0,0,,0
"25.6 
1 
Motie to Samson, 1 run 
Shortish outside off, goes back and slaps it through cover 
end of over 263 runs  
IND: 178/2CRR: 6.84  
Sanju Samson20 (12b 2x6) 
Shubman Gill62 (66b 8x4) 
Gudakesh Motie 5-0-23-0 
Alzarri Joseph 6-0-38-1 
Seales back on",25.6,1,1.0,"Motie to Samson, 1 run  .Shortish outside off, goes back and slaps it through cover",Motie,Samson,1.0,0,0,1,1,1.0,0,,1
"26.1 
6 
Seales to Samson, SIX runs 
Welcomed in some style! Samson is in some sixy mood today. Full ball angling in on the 
pads, he has a solid base and swings through the arc to tonk it well over deep 
midwicket",26.1,6,6.0,"Seales to Samson, SIX runs  .Welcomed in some style! Samson is in some sixy mood today. Full ball angling in on the  .pads, he has a solid base and swings through the arc to tonk it well over deep  .midwicket",Seales,Samson,6.0,0,1,1,1,6.0,0,,1
"26.2 
• 
Seales to Samson, no run 
Length ball around off, he presses half-forward and bunts",26.2,0,0.0,"Seales to Samson, no run  .Length ball around off, he presses half-forward and bunts",Seales,Samson,0.0,0,0,1,1,0.0,0,,0
"26.3 
• 
Seales to Samson, no run 
Length ball around middle, defended back from the crease 
""Hope Sanju can score a small 100 here"" How small, Pranali?",26.3,0,0.0,"Seales to Samson, no run  .Length ball around middle, defended back from the crease",Seales,Samson,0.0,0,0,1,1,0.0,0,,0
"26.4 
• 
Seales to Samson, no run 
Fuller outside off, he gets across and defends it towards cover",26.4,0,0.0,"Seales to Samson, no run  .Fuller outside off, he gets across and defends it towards cover",Seales,Samson,0.0,0,0,1,1,0.0,0,,0
"26.5 
• 
Seales to Samson, no run 
Back of a length outside off, he hangs back and looks to steer but gets beaten",26.5,0,0.0,"Seales to Samson, no run  .Back of a length outside off, he hangs back and looks to steer but gets beaten",Seales,Samson,0.0,0,0,1,1,0.0,0,,0
"26.6 
1 
Seales to Samson, 1 run 
Full and well outside off, he gets across and drives it through cover 
end of over 277 runs  
IND: 185/2CRR: 6.85  
Sanju Samson27 (18b 3x6) 
Shubman Gill62 (66b 8x4) 
Jayden Seales 4-0-30-0 
Gudakesh Motie 5-0-23-0 
Nishant : ""Sanju inspired by Pooran's heroics at the MLC final."" Not a bad knock to get 
inspired by, wasn't it?",26.6,1,1.0,"Seales to Samson, 1 run  .Full and well outside off, he gets across and drives it through cover",Seales,Samson,1.0,0,0,1,1,1.0,0,,1
"27.1 
• 
Motie to Samson, no run 
Flatter and fuller on off, he goes back and defends",27.1,0,0.0,"Motie to Samson, no run  .Flatter and fuller on off, he goes back and defends",Motie,Samson,0.0,0,0,1,1,0.0,0,,0
"27.2 
• 
Motie to Samson, no run 
Flatter on a length on off at 98 kph, he goes back and punches it back",27.2,0,0.0,"Motie to Samson, no run  .Flatter on a length on off at 98 kph, he goes back and punches it back",Motie,Samson,0.0,0,0,1,1,0.0,0,,0
"27.3 
1 
Motie to Samson, 1 run 
Shortish and outside off, he goes back and slaps it through cover",27.3,1,1.0,"Motie to Samson, 1 run  .Shortish and outside off, he goes back and slaps it through cover",Motie,Samson,1.0,0,0,1,1,1.0,0,,1
"27.4 
4 
Motie to Gill, FOUR runs 
Floated full on leg, Gill glances it fine. Seales chases it from short fine leg but ends up 
parrying it to the boundary cushion",27.4,4,4.0,"Motie to Gill, FOUR runs  .Floated full on leg, Gill glances it fine. Seales chases it from short fine leg but ends up  .parrying it to the boundary cushion",Motie,Gill,4.0,1,0,1,1,4.0,0,,1
"27.5 
4 
Motie to Gill, FOUR runs 
Flatter and quicker outside off, Gill goes deep in the crease to use the pace. Steers it 
well past backward point",27.5,4,4.0,"Motie to Gill, FOUR runs  .Flatter and quicker outside off, Gill goes deep in the crease to use the pace. Steers it  .well past backward point",Motie,Gill,4.0,1,0,1,1,4.0,0,,1
"27.6 
1 
Motie to Gill, 1 run 
Fuller on middle and leg, knocked down to long-on 
end of over 2810 runs  
IND: 195/2CRR: 6.96  
Shubman Gill71 (69b 10x4) 
Sanju Samson28 (21b 3x6) 
Gudakesh Motie 6-0-33-0 
Jayden Seales 4-0-30-0 
Aditya: ""When will people stop forgetting how great a middle order batter KL Rahul has 
been for India in ODIs in recent history. His Test and IPL form has clouded the public's 
perception. Made crucial knocks in that Australia series."" No one's probably forgetting 
that, but it is about how match ready he will be when he gets back. Which is why there 
are talks about grooming back-ups etc",27.6,1,1.0,"Motie to Gill, 1 run  .Fuller on middle and leg, knocked down to long-on",Motie,Gill,1.0,0,0,1,1,1.0,0,,1
"28.1 
4 
Seales to Gill, FOUR runs 
Easy to the eye. I am trying not to use the words 'lazy elegance' but oops! Seales bowls 
it on a length well outside off, Gill leans into it and just caresses it through cover",28.1,4,4.0,"Seales to Gill, FOUR runs  .Easy to the eye. I am trying not to use the words 'lazy elegance' but oops! Seales bowls  .it on a length well outside off, Gill leans into it and just caresses it through cover",Seales,Gill,4.0,1,0,1,1,4.0,0,,1
"28.2 
1 
Seales to Gill, 1 run 
Angling in on a length at 131kph, he pats it towards midwicket",28.2,1,1.0,"Seales to Gill, 1 run  .Angling in on a length at 131kph, he pats it towards midwicket",Seales,Gill,1.0,0,0,1,1,1.0,0,,1
"28.3 
• 
Seales to Samson, no run 
Moves across to off stump, gets a length ball outside which he slaps to backward point",28.3,0,0.0,"Seales to Samson, no run  .Moves across to off stump, gets a length ball outside which he slaps to backward point",Seales,Samson,0.0,0,0,1,1,0.0,0,,0
"28.4 
2 
Seales to Samson, 2 runs 
Short and angling in, he pulls but it gets a tad big on him. Manages to pull it away from 
deep square leg running to his right",28.4,2,2.0,"Seales to Samson, 2 runs  .Short and angling in, he pulls but it gets a tad big on him. Manages to pull it away from  .deep square leg running to his right",Seales,Samson,2.0,0,0,1,1,2.0,0,,1
"28.5 
4 
Seales to Samson, FOUR runs 
Thrashed away with disdain to bring up the fifty-run stand. Short and wide outside off, 
Samson does not move across this time. Stands around middle and off and uses the 
width to cut it through backward point",28.5,4,4.0,"Seales to Samson, FOUR runs  .Thrashed away with disdain to bring up the fifty-run stand. Short and wide outside off,  .Samson does not move across this time. Stands around middle and off and uses the  .width to cut it through backward point",Seales,Samson,4.0,1,0,1,1,4.0,0,,1
"28.6 
1 
Seales to Samson, 1 run 
Angled in on a length on middle and leg, tucked away to deep square leg 
end of over 2912 runs  
IND: 207/2CRR: 7.13  
Sanju Samson35 (25b 1x4 3x6) 
Shubman Gill76 (71b 11x4) 
Jayden Seales 5-0-42-0 
Gudakesh Motie 6-0-33-0",28.6,1,1.0,"Seales to Samson, 1 run  .Angled in on a length on middle and leg, tucked away to deep square leg",Seales,Samson,1.0,0,0,1,1,1.0,0,,1
"29.1 
• 
Motie to Samson, no run 
Floated full on middle, pushes it back to the bowler",29.1,0,0.0,"Motie to Samson, no run  .Floated full on middle, pushes it back to the bowler",Motie,Samson,0.0,0,0,1,1,0.0,0,,0
"29.2 
• 
Motie to Samson, no run 
Fired down leg, he misses the sweep. Hope misses but they don't attempt the bye. 
Perhaps brushed Samson's front pad",29.2,0,0.0,"Motie to Samson, no run  .Fired down leg, he misses the sweep. Hope misses but they don't attempt the bye.  .Perhaps brushed Samson's front pad",Motie,Samson,0.0,0,0,1,1,0.0,0,,0
"29.3 
• 
Motie to Samson, no run 
Flatter and quicker outside off, punched to cover",29.3,0,0.0,"Motie to Samson, no run  .Flatter and quicker outside off, punched to cover",Motie,Samson,0.0,0,0,1,1,0.0,0,,0
"29.4 
• 
Motie to Samson, no run 
Fuller outside off, driven to cover",29.4,0,0.0,"Motie to Samson, no run  .Fuller outside off, driven to cover",Motie,Samson,0.0,0,0,1,1,0.0,0,,0
"29.5 
1 
Motie to Samson, 1 run 
Flatter and quicker on middle and off at 93kph, he goes back and tucks it through 
midwicket",29.5,1,1.0,"Motie to Samson, 1 run  .Flatter and quicker on middle and off at 93kph, he goes back and tucks it through  .midwicket",Motie,Samson,1.0,0,0,1,1,1.0,0,,1
"29.6 
• 
Motie to Gill, no run 
Flatter and quicker on a shortish length, catches Gill by surprise as he offers a dead bat 
in defence and offers a wry smile 
end of over 301 run  
IND: 208/2CRR: 6.93  
Shubman Gill76 (72b 11x4) 
Sanju Samson36 (30b 1x4 3x6) 
Gudakesh Motie 7-0-34-0 
Jayden Seales 5-0-42-0 
Chandra: ""Platform all set for SKY'S 20-20 game"" 
Cariah back on. To bowl to Samson, who smacked him for two sixes",29.6,0,0.0,"Motie to Gill, no run  .Flatter and quicker on a shortish length, catches Gill by surprise as he offers a dead bat  .in defence and offers a wry smile",Motie,Gill,0.0,0,0,1,1,0.0,0,,0
"30.1 
• 
Cariah to Samson, no run 
Flatter and on a length on middle, allows it to spin away before wristing it towards 
midwicket",30.1,0,0.0,"Cariah to Samson, no run  .Flatter and on a length on middle, allows it to spin away before wristing it towards  .midwicket",Cariah,Samson,0.0,0,0,1,1,0.0,0,,0
"30.2 
6 
Cariah to Samson, SIX runs 
Another one, that's disappeared! Samson is picking Cariah off his hand. Sees the flight, 
expects it to land in line of leg. Dances down and across to make enough room to hit it 
straight bat for a 94m hit",30.2,6,6.0,"Cariah to Samson, SIX runs  .Another one, that's disappeared! Samson is picking Cariah off his hand. Sees the flight,  .expects it to land in line of leg. Dances down and across to make enough room to hit it  .straight bat for a 94m hit",Cariah,Samson,6.0,0,1,1,1,6.0,0,,1
"30.3 
• 
Cariah to Samson, no run 
Quicker one at 82kph, it is the wrong'un, Samson goes back and chops it down",30.3,0,0.0,"Cariah to Samson, no run  .Quicker one at 82kph, it is the wrong'un, Samson goes back and chops it down",Cariah,Samson,0.0,0,0,1,1,0.0,0,,0
"30.4 
4 
Cariah to Samson, FOUR runs 
Slog-swept for four. Tossed up full on off, Samson gets down to whack it across but 
gets it off the inner half through square leg. It was the googly and Cariah is not 
impressed with the result 
Deep midwicket moves to deep square leg",30.4,4,4.0,"Cariah to Samson, FOUR runs  .Slog-swept for four. Tossed up full on off, Samson gets down to whack it across but  .gets it off the inner half through square leg. It was the googly and Cariah is not  .impressed with the result  .Deep midwicket moves to deep square leg",Cariah,Samson,4.0,1,0,1,1,4.0,0,,1
"30.5 
2 
Cariah to Samson, 2 runs 
Half-tracker on middle, Samson goes back and pulls it. Doesn't get complete hold of it 
and it plugs well before deep midwicket ropes",30.5,2,2.0,"Cariah to Samson, 2 runs  .Half-tracker on middle, Samson goes back and pulls it. Doesn't get complete hold of it  .and it plugs well before deep midwicket ropes",Cariah,Samson,2.0,0,0,1,1,2.0,0,,1
"30.6 
1 
Cariah to Samson, 1 run 
Wrong'un on a length, Samson goes back and glides it through backward point 
SaraT: ""Coming in middle order, I would like to see Samson rotating strike more, yes he 
is hitting boundaries , but has played too many dots "" 
11:52am Drinks. India have continued to attack and Samson has not shied away from 
making his intentions clear from get go. He is on the verge of a fantastic half-century 
while Gill looks set for the long haul 
end of over 3113 runs  
IND: 221/2CRR: 7.12  
Sanju Samson49 (36b 2x4 4x6) 
Shubman Gill76 (72b 11x4) 
Yannic Cariah 5-0-43-1 
Gudakesh Motie 7-0-34-0 
Shepherd back on",30.6,1,1.0,"Cariah to Samson, 1 run  .Wrong'un on a length, Samson goes back and glides it through backward point",Cariah,Samson,1.0,0,0,1,1,1.0,0,,1
"31.1 
• 
Shepherd to Samson, no run 
Full on leg, pushed to midwicket",31.1,0,0.0,"Shepherd to Samson, no run  .Full on leg, pushed to midwicket",Shepherd,Samson,0.0,0,0,1,1,0.0,0,,0
"31.2 
• 
Shepherd to Samson, no run 
Full and outside off, drives it towards cover and wants a run but is sent back. Cover 
dives and stops that",31.2,0,0.0,"Shepherd to Samson, no run  .Full and outside off, drives it towards cover and wants a run but is sent back. Cover  .dives and stops that",Shepherd,Samson,0.0,0,0,1,1,0.0,0,,0
"31.3 
2 
Shepherd to Samson, 2 runs 
Well done by Cariah at deep third. Gets around quickly to his left, dives and saves two. 
But doesn't prevent a third ODI half-century for Samson. He stands back and steers it 
fine",31.3,2,2.0,"Shepherd to Samson, 2 runs  .Well done by Cariah at deep third. Gets around quickly to his left, dives and saves two.  .But doesn't prevent a third ODI half-century for Samson. He stands back and steers it  .fine",Shepherd,Samson,2.0,0,0,1,1,2.0,0,,1
"31.4 
• 
Shepherd to Samson, no run 
Fuller outside off, sliced to backward point",31.4,0,0.0,"Shepherd to Samson, no run  .Fuller outside off, sliced to backward point",Shepherd,Samson,0.0,0,0,1,1,0.0,0,,0
"31.5 
W 
Shepherd to Samson, OUT 
Miscued straight to mid-off! The Samson show in Tarouba ends. Shepherd bowls the 
slower one with a scrambled seam, lands it full and outside off. Samson looks to tonk it 
over mid-off but finds Hetmyer stationed there. He judges it well and catches it over his 
head. A start thrown away but a good knock, given how much pressure he was under 
Sanju Samson c Hetmyer b Shepherd 51 (41b 2x4 4x6 39m) SR: 124.39 
Captain Hardik Pandya is in next",31.5,W,0.0,"Shepherd to Samson, OUT  .Miscued straight to mid-off! The Samson show in Tarouba ends. Shepherd bowls the  .slower one with a scrambled seam, lands it full and outside off. Samson looks to tonk it  .over mid-off but finds Hetmyer stationed there. He judges it well and catches it over his  .head. A start thrown away but a good knock, given how much pressure he was under  .Sanju Samson c Hetmyer b Shepherd 51 (41b 2x4 4x6 39m) SR: 124.39",Shepherd,Samson,0.0,0,0,1,1,0.0,1,c Hetmyer b Shepherd,0
"31.6 
1 
Shepherd to Hardik, 1 run 
Length ball outside off, presses forward to defend it towards cover for a quick run 
end of over 323 runs • 1 wicket 
IND: 224/3CRR: 7.00  
Hardik Pandya1 (1b) 
Shubman Gill76 (72b 11x4) 
Romario Shepherd 5-0-37-1 
Yannic Cariah 5-0-43-1 
Joseph to his Titans captain",31.6,1,1.0,"Shepherd to Hardik, 1 run  .Length ball outside off, presses forward to defend it towards cover for a quick run",Shepherd,Hardik,1.0,0,0,1,1,1.0,0,,1
"32.1 
2 
Alzarri Joseph to Hardik, 2 runs 
Full on leg, driven towards midwicket, where Hetmyer lets it through",32.1,2,2.0,"Alzarri Joseph to Hardik, 2 runs  .Full on leg, driven towards midwicket, where Hetmyer lets it through",Alzarri Joseph,Hardik,2.0,0,0,1,1,2.0,0,,1
"32.2 
• 
Alzarri Joseph to Hardik, no run 
Back of a length outside off, pushed to cover",32.2,0,0.0,"Alzarri Joseph to Hardik, no run  .Back of a length outside off, pushed to cover",Alzarri Joseph,Hardik,0.0,0,0,1,1,0.0,0,,0
"32.3 
• 
Alzarri Joseph to Hardik, no run 
Banged in short in line of the stumps, Hardik sinks down and lets it pass",32.3,0,0.0,"Alzarri Joseph to Hardik, no run  .Banged in short in line of the stumps, Hardik sinks down and lets it pass",Alzarri Joseph,Hardik,0.0,0,0,1,1,0.0,0,,0
"32.4 
• 
Alzarri Joseph to Hardik, no run 
Length ball well outside off, Hardik lunges forward, pokes at it and then hides his bat 
behind his front pad",32.4,0,0.0,"Alzarri Joseph to Hardik, no run  .Length ball well outside off, Hardik lunges forward, pokes at it and then hides his bat  .behind his front pad",Alzarri Joseph,Hardik,0.0,0,0,1,1,0.0,0,,0
"32.5 
1w 
Alzarri Joseph to Hardik, 1 wide 
Banged in short, that is well above his head. He leaves it alone",32.5,1w,1.0,"Alzarri Joseph to Hardik, 1 wide  .Banged in short, that is well above his head. He leaves it alone",Alzarri Joseph,Hardik,0.0,0,0,0,0,1.0,0,,1
"32.5 
• 
Alzarri Joseph to Hardik, no run 
Back of a length just outside off, squares Hardik up to beat him",32.5,0,0.0,"Alzarri Joseph to Hardik, no run  .Back of a length just outside off, squares Hardik up to beat him",Alzarri Joseph,Hardik,0.0,0,0,1,1,0.0,0,,0
"32.6 
4 
Alzarri Joseph to Hardik, FOUR runs 
Drilled down the ground. Full on off, Hardik gets his stride out nicely and drives it 
through the vacant mid-off region. Head down low, high elbow, perfect 
end of over 337 runs  
IND: 231/3CRR: 7.00  
Hardik Pandya7 (7b 1x4) 
Shubman Gill76 (72b 11x4) 
Alzarri Joseph 7-0-45-1 
Romario Shepherd 5-0-37-1 
sandeep: ""Only 5 balls for Gill in last 5 overs.""",32.6,4,4.0,"Alzarri Joseph to Hardik, FOUR runs  .Drilled down the ground. Full on off, Hardik gets his stride out nicely and drives it  .through the vacant mid-off region. Head down low, high elbow, perfect",Alzarri Joseph,Hardik,4.0,1,0,1,1,4.0,0,,1
"33.1 
• 
Shepherd to Gill, no run 
Full and outside off, driven to Hetmyer at wide mid-off",33.1,0,0.0,"Shepherd to Gill, no run  .Full and outside off, driven to Hetmyer at wide mid-off",Shepherd,Gill,0.0,0,0,1,1,0.0,0,,0
"33.2 
1 
Shepherd to Gill, 1 run 
Full on the pads, worked away towards midwicket, where Mayers dives and keeps it to 
one",33.2,1,1.0,"Shepherd to Gill, 1 run  .Full on the pads, worked away towards midwicket, where Mayers dives and keeps it to  .one",Shepherd,Gill,1.0,0,0,1,1,1.0,0,,1
"33.3 
• 
Shepherd to Hardik, no run 
Length ball outside off, defended towards backward point",33.3,0,0.0,"Shepherd to Hardik, no run  .Length ball outside off, defended towards backward point",Shepherd,Hardik,0.0,0,0,1,1,0.0,0,,0
"33.4 
1 
Shepherd to Hardik, 1 run 
Fuller on middle, driven back between the non-striker and the stumps",33.4,1,1.0,"Shepherd to Hardik, 1 run  .Fuller on middle, driven back between the non-striker and the stumps",Shepherd,Hardik,1.0,0,0,1,1,1.0,0,,1
"33.5 
1 
Shepherd to Gill, 1 run 
Slower one, full on off at 112kph, he goes deep and wrists it away to long-on 
Ansar: ""If India wants to give game time to SKY, why Pandya has came out to bat earlier 
than him? "" They are looking at Suryakumar at No. 6",33.5,1,1.0,"Shepherd to Gill, 1 run  .Slower one, full on off at 112kph, he goes deep and wrists it away to long-on",Shepherd,Gill,1.0,0,0,1,1,1.0,0,,1
"33.6 
• 
Shepherd to Hardik, no run 
Length ball outside off, he feels for it but gets beaten 
end of over 343 runs  
IND: 234/3CRR: 6.88  
Hardik Pandya8 (10b 1x4) 
Shubman Gill78 (75b 11x4) 
Romario Shepherd 6-0-40-1 
Alzarri Joseph 7-0-45-1 
Motie back on",33.6,0,0.0,"Shepherd to Hardik, no run  .Length ball outside off, he feels for it but gets beaten",Shepherd,Hardik,0.0,0,0,1,1,0.0,0,,0
"34.1 
• 
Motie to Gill, no run 
Flatter and fuller around off, pats it towards cover-point",34.1,0,0.0,"Motie to Gill, no run  .Flatter and fuller around off, pats it towards cover-point",Motie,Gill,0.0,0,0,1,1,0.0,0,,0
"34.2 
1 
Motie to Gill, 1 run 
Quicker on the pads, nudged towards square leg",34.2,1,1.0,"Motie to Gill, 1 run  .Quicker on the pads, nudged towards square leg",Motie,Gill,1.0,0,0,1,1,1.0,0,,1
"34.3 
• 
Motie to Hardik, no run 
Fuller on leg, he lunges and defends it towards midwicket",34.3,0,0.0,"Motie to Hardik, no run  .Fuller on leg, he lunges and defends it towards midwicket",Motie,Hardik,0.0,0,0,1,1,0.0,0,,0
"34.4 
• 
Motie to Hardik, no run 
Floated fuller on middle, lunges and blocks",34.4,0,0.0,"Motie to Hardik, no run  .Floated fuller on middle, lunges and blocks",Motie,Hardik,0.0,0,0,1,1,0.0,0,,0
"34.5 
• 
Motie to Hardik, no run 
Quicker on off, gets forward and pushes it to cover",34.5,0,0.0,"Motie to Hardik, no run  .Quicker on off, gets forward and pushes it to cover",Motie,Hardik,0.0,0,0,1,1,0.0,0,,0
"34.6 
• 
Motie to Hardik, no run 
Flatter and shorter outside off, spins away. Hardik reaches out but mistimes his slap 
towards cover. Another tidy over by Motie 
end of over 351 run  
IND: 235/3CRR: 6.71  
Hardik Pandya8 (14b 1x4) 
Shubman Gill79 (77b 11x4) 
Gudakesh Motie 8-0-35-0 
Romario Shepherd 6-0-40-1",34.6,0,0.0,"Motie to Hardik, no run  .Flatter and shorter outside off, spins away. Hardik reaches out but mistimes his slap  .towards cover. Another tidy over by Motie",Motie,Hardik,0.0,0,0,1,1,0.0,0,,0
"35.1 
• 
Shepherd to Gill, no run 
Full and outside off, driven to mid-off",35.1,0,0.0,"Shepherd to Gill, no run  .Full and outside off, driven to mid-off",Shepherd,Gill,0.0,0,0,1,1,0.0,0,,0
"35.2 
1 
Shepherd to Gill, 1 run 
Length ball around off, heaved away towards midwicket",35.2,1,1.0,"Shepherd to Gill, 1 run  .Length ball around off, heaved away towards midwicket",Shepherd,Gill,1.0,0,0,1,1,1.0,0,,1
"35.3 
• 
Shepherd to Hardik, no run 
Fuller on off, driven straight to mid-off",35.3,0,0.0,"Shepherd to Hardik, no run  .Fuller on off, driven straight to mid-off",Shepherd,Hardik,0.0,0,0,1,1,0.0,0,,0
"35.4 
1 
Shepherd to Hardik, 1 run 
Slower one on a full length on middle, knocked down to long-on",35.4,1,1.0,"Shepherd to Hardik, 1 run  .Slower one on a full length on middle, knocked down to long-on",Shepherd,Hardik,1.0,0,0,1,1,1.0,0,,1
"35.5 
1 
Shepherd to Gill, 1 run 
Fuller outside off, Gill wrists it to place it between Hardik and the stumps at the other 
end. Hardik falls in a bid to get back to his crease anticipating the bowler to get a foot to 
that",35.5,1,1.0,"Shepherd to Gill, 1 run  .Fuller outside off, Gill wrists it to place it between Hardik and the stumps at the other  .end. Hardik falls in a bid to get back to his crease anticipating the bowler to get a foot to  .that",Shepherd,Gill,1.0,0,0,1,1,1.0,0,,1
"35.6 
• 
Shepherd to Hardik, no run 
Pushed towards backward point 
end of over 363 runs  
IND: 238/3CRR: 6.61  
Hardik Pandya9 (17b 1x4) 
Shubman Gill81 (80b 11x4) 
Romario Shepherd 7-0-43-1 
Gudakesh Motie 8-0-35-0",35.6,0,0.0,"Shepherd to Hardik, no run  .Pushed towards backward point",Shepherd,Hardik,0.0,0,0,1,1,0.0,0,,0
"36.1 
• 
Motie to Gill, no run 
Quicker and fuller on middle and leg, he sweeps it straight to short fine leg",36.1,0,0.0,"Motie to Gill, no run  .Quicker and fuller on middle and leg, he sweeps it straight to short fine leg",Motie,Gill,0.0,0,0,1,1,0.0,0,,0
"36.2 
• 
Motie to Gill, no run 
Fuller on leg, flicked to midwicket",36.2,0,0.0,"Motie to Gill, no run  .Fuller on leg, flicked to midwicket",Motie,Gill,0.0,0,0,1,1,0.0,0,,0
"36.3 
• 
Motie to Gill, no run 
Fuller on off, driven to wide mid-off",36.3,0,0.0,"Motie to Gill, no run  .Fuller on off, driven to wide mid-off",Motie,Gill,0.0,0,0,1,1,0.0,0,,0
"36.4 
• 
Motie to Gill, no run 
Four straight dots, as he gets beaten by the spin on this occasion. Darted in at 93kph on 
a length just outside off, spinning away and bouncing too",36.4,0,0.0,"Motie to Gill, no run  .Four straight dots, as he gets beaten by the spin on this occasion. Darted in at 93kph on  .a length just outside off, spinning away and bouncing too",Motie,Gill,0.0,0,0,1,1,0.0,0,,0
"36.5 
• 
Motie to Gill, no run 
On a length around off, defended back",36.5,0,0.0,"Motie to Gill, no run  .On a length around off, defended back",Motie,Gill,0.0,0,0,1,1,0.0,0,,0
"36.6 
• 
Motie to Gill, no run 
Fuller on off, driven to cover. What a time to bowl a maiden, Motie 
end of over 37Maiden 
IND: 238/3CRR: 6.43  
Shubman Gill81 (86b 11x4) 
Hardik Pandya9 (17b 1x4) 
Gudakesh Motie 9-1-35-0 
Romario Shepherd 7-0-43-1 
Cariah is brought back",36.6,0,0.0,"Motie to Gill, no run  .Fuller on off, driven to cover. What a time to bowl a maiden, Motie",Motie,Gill,0.0,0,0,1,1,0.0,0,,0
"37.1 
1 
Cariah to Hardik, 1 run 
Fuller outside off, he presses forward to push it towards cover-point for a quick one",37.1,1,1.0,"Cariah to Hardik, 1 run  .Fuller outside off, he presses forward to push it towards cover-point for a quick one",Cariah,Hardik,1.0,0,0,1,1,1.0,0,,1
"37.2 
• 
Cariah to Gill, no run 
Flatter and on a length on the pads, clipped to square leg",37.2,0,0.0,"Cariah to Gill, no run  .Flatter and on a length on the pads, clipped to square leg",Cariah,Gill,0.0,0,0,1,1,0.0,0,,0
"37.3 
2 
Cariah to Gill, 2 runs 
Edged but safe! Gill now feels the pressure of dots and tries to do something different. 
Charges down to tonk it up but gets a thick outside edge past slip",37.3,2,2.0,"Cariah to Gill, 2 runs  .Edged but safe! Gill now feels the pressure of dots and tries to do something different.  .Charges down to tonk it up but gets a thick outside edge past slip",Cariah,Gill,2.0,0,0,1,1,2.0,0,,1
"37.4 
1 
Cariah to Gill, 1 run 
Flatter and on a length on off, punched back between Hardik's legs",37.4,1,1.0,"Cariah to Gill, 1 run  .Flatter and on a length on off, punched back between Hardik's legs",Cariah,Gill,1.0,0,0,1,1,1.0,0,,1
"37.5 
• 
Cariah to Hardik, no run 
Flatter and on a length around off at 88kph, deviates ever-so slightly to beat his outside 
edge past the lunge",37.5,0,0.0,"Cariah to Hardik, no run  .Flatter and on a length around off at 88kph, deviates ever-so slightly to beat his outside  .edge past the lunge",Cariah,Hardik,0.0,0,0,1,1,0.0,0,,0
"37.6 
• 
Cariah to Hardik, no run 
Fuller on middle, defended towards cover 
end of over 384 runs  
IND: 242/3CRR: 6.36  
Hardik Pandya10 (20b 1x4) 
Shubman Gill84 (89b 11x4) 
Yannic Cariah 6-0-47-1 
Gudakesh Motie 9-1-35-0",37.6,0,0.0,"Cariah to Hardik, no run  .Fuller on middle, defended towards cover",Cariah,Hardik,0.0,0,0,1,1,0.0,0,,0
"38.1 
1 
Motie to Gill, 1 run 
Fuller on leg, worked away to deep midwicket",38.1,1,1.0,"Motie to Gill, 1 run  .Fuller on leg, worked away to deep midwicket",Motie,Gill,1.0,0,0,1,1,1.0,0,,1
"38.2 
1 
Motie to Hardik, 1 run 
Floated full on middle and leg, drives it past extra cover",38.2,1,1.0,"Motie to Hardik, 1 run  .Floated full on middle and leg, drives it past extra cover",Motie,Hardik,1.0,0,0,1,1,1.0,0,,1
"38.3 
• 
Motie to Gill, no run 
Flatter on a length on off, punched to mid-off",38.3,0,0.0,"Motie to Gill, no run  .Flatter on a length on off, punched to mid-off",Motie,Gill,0.0,0,0,1,1,0.0,0,,0
"38.4 
W 
Motie to Gill, OUT 
Motie strikes! Gill has a stare at the surface before trudging off. The pressure of dot 
balls consumes him eventually. Motie lands it on a length just outside off, it is there to 
be pulled away. Gill goes back but the ball stops a tad. Ends up spooning a catch to 
Cariah at midwicket. A timely strike for West Indies 
Shubman Gill c Cariah b Motie 85 (92b 11x4 0x6 168m) SR: 92.39 
See all photos 
Suryakumar Yadav is in at No. 6 with No. 63 on his back. He had worn Samson's jersey 
in the previous games",38.4,W,0.0,"Motie to Gill, OUT  .Motie strikes! Gill has a stare at the surface before trudging off. The pressure of dot  .balls consumes him eventually. Motie lands it on a length just outside off, it is there to  .be pulled away. Gill goes back but the ball stops a tad. Ends up spooning a catch to  .Cariah at midwicket. A timely strike for West Indies  .Shubman Gill c Cariah b Motie 85 (92b 11x4 0x6 168m) SR: 92.39",Motie,Gill,0.0,0,0,1,1,0.0,1,c Cariah b Motie,0
"38.5 
1 
Motie to Suryakumar, 1 run 
Fuller on middle and leg, pushes it wide of cover",38.5,1,1.0,"Motie to Suryakumar, 1 run  .Fuller on middle and leg, pushes it wide of cover",Motie,Suryakumar,1.0,0,0,1,1,1.0,0,,1
"38.6 
• 
Motie to Hardik, no run 
Fuller on middle, pushed to cover. Motie's done for the day 
end of over 393 runs • 1 wicket 
IND: 245/4CRR: 6.28  
Hardik Pandya11 (22b 1x4) 
Suryakumar Yadav1 (1b) 
Gudakesh Motie 10-1-38-1 
Yannic Cariah 6-0-47-1 
Your choice for a middle-order wicketkeeper-batter for India would be... 
54.7K votes 
Sanju Samson 
Ishan Kishan 
KL Rahul 
Only 11 for 1 in the last five overs... Slip comes in",38.6,0,0.0,"Motie to Hardik, no run  .Fuller on middle, pushed to cover. Motie's done for the day",Motie,Hardik,0.0,0,0,1,1,0.0,0,,0
"39.1 
• 
Cariah to Suryakumar, no run 
Floated full on middle and leg, he lunges and blocks",39.1,0,0.0,"Cariah to Suryakumar, no run  .Floated full on middle and leg, he lunges and blocks",Cariah,Suryakumar,0.0,0,0,1,1,0.0,0,,0
"39.2 
1 
Cariah to Suryakumar, 1 run 
Flatter and shorter on middle, goes back to punch it to long-on",39.2,1,1.0,"Cariah to Suryakumar, 1 run  .Flatter and shorter on middle, goes back to punch it to long-on",Cariah,Suryakumar,1.0,0,0,1,1,1.0,0,,1
"39.3 
• 
Cariah to Hardik, no run 
Flighted full on middle, he lunges and blocks",39.3,0,0.0,"Cariah to Hardik, no run  .Flighted full on middle, he lunges and blocks",Cariah,Hardik,0.0,0,0,1,1,0.0,0,,0
"39.4 
1 
Cariah to Hardik, 1 run 
Fuller on off, driven down to long-off",39.4,1,1.0,"Cariah to Hardik, 1 run  .Fuller on off, driven down to long-off",Cariah,Hardik,1.0,0,0,1,1,1.0,0,,1
"39.5 
• 
Cariah to Suryakumar, no run 
Fuller outside off, driven to cover",39.5,0,0.0,"Cariah to Suryakumar, no run  .Fuller outside off, driven to cover",Cariah,Suryakumar,0.0,0,0,1,1,0.0,0,,0
"39.6 
• 
Cariah to Suryakumar, no run 
Flatter and on a length outside off, he looks to carve it away but misses 
Ten overs to go, time for Abhimanyu to see the innings through. 
end of over 402 runs  
IND: 247/4CRR: 6.17  
Suryakumar Yadav2 (5b) 
Hardik Pandya12 (24b 1x4) 
Yannic Cariah 7-0-49-1 
Gudakesh Motie 10-1-38-1 
Thanks Suds. And here's Jayden Seales back in the attack. He has five overs left",39.6,0,0.0,"Cariah to Suryakumar, no run  .Flatter and on a length outside off, he looks to carve it away but misses  .Ten overs to go, time for Abhimanyu to see the innings through.",Cariah,Suryakumar,0.0,0,0,1,1,0.0,0,,0
"40.1 
1 
Seales to Hardik, 1 run 
Leading edge goes safely through covers. Full on middle and Hardik was looking to 
whip it away leg-side but it flies to the off side to the deep cover fielder",40.1,1,1.0,"Seales to Hardik, 1 run  .Leading edge goes safely through covers. Full on middle and Hardik was looking to  .whip it away leg-side but it flies to the off side to the deep cover fielder",Seales,Hardik,1.0,0,0,1,1,1.0,0,,1
"40.2 
1w 
Seales to Suryakumar, 1 wide 
Full and fired down leg for a wide",40.2,1w,1.0,"Seales to Suryakumar, 1 wide  .Full and fired down leg for a wide",Seales,Suryakumar,0.0,0,0,0,0,1.0,0,,1
"40.2 
• 
Seales to Suryakumar, no run 
Full outside off and angling in, SKY defends",40.2,0,0.0,"Seales to Suryakumar, no run  .Full outside off and angling in, SKY defends",Seales,Suryakumar,0.0,0,0,1,1,0.0,0,,0
"40.3 
1 
Seales to Suryakumar, 1 run 
Full on off, he drops it in front on the off for a single. 250 up for India",40.3,1,1.0,"Seales to Suryakumar, 1 run  .Full on off, he drops it in front on the off for a single. 250 up for India",Seales,Suryakumar,1.0,0,0,1,1,1.0,0,,1
"40.4 
1 
Seales to Hardik, 1 run 
Almost yorker length on middle and leg, Hardik jams his bat down hits it onto his pad 
and it deflects to long-on",40.4,1,1.0,"Seales to Hardik, 1 run  .Almost yorker length on middle and leg, Hardik jams his bat down hits it onto his pad  .and it deflects to long-on",Seales,Hardik,1.0,0,0,1,1,1.0,0,,1
"40.5 
1 
Seales to Suryakumar, 1 run 
Length on off, punched down to long-on",40.5,1,1.0,"Seales to Suryakumar, 1 run  .Length on off, punched down to long-on",Seales,Suryakumar,1.0,0,0,1,1,1.0,0,,1
"40.6 
1w 
Seales to Hardik, 1 wide 
Bouncer on off, he stays low to it. That was too high and the umpire calls for a wide",40.6,1w,1.0,"Seales to Hardik, 1 wide  .Bouncer on off, he stays low to it. That was too high and the umpire calls for a wide",Seales,Hardik,0.0,0,0,0,0,1.0,0,,1
"40.6 
4 
Seales to Hardik, FOUR runs 
Beats deep square leg for a boundary. Dug in short and Hardik pulls in front of square. 
The fielder ran across but couldn't stop it. Important boundary for India, with the runs 
drying out all of a sudden 
end of over 4110 runs  
IND: 257/4CRR: 6.26  
Hardik Pandya18 (27b 2x4) 
Suryakumar Yadav4 (8b) 
Jayden Seales 6-0-52-0 
Yannic Cariah 7-0-49-1 
Farhan: ""This quiet period is going to hurt India. Need to step on the gas before its too 
late!""",40.6,4,4.0,"Seales to Hardik, FOUR runs  .Beats deep square leg for a boundary. Dug in short and Hardik pulls in front of square.  .The fielder ran across but couldn't stop it. Important boundary for India, with the runs  .drying out all of a sudden",Seales,Hardik,4.0,1,0,1,1,4.0,0,,1
"41.1 
• 
Cariah to Suryakumar, no run 
Tossed up full on off, SKY drives to the bowler's left and Cariah doesn't let it go past",41.1,0,0.0,"Cariah to Suryakumar, no run  .Tossed up full on off, SKY drives to the bowler's left and Cariah doesn't let it go past",Cariah,Suryakumar,0.0,0,0,1,1,0.0,0,,0
"41.2 
1 
Cariah to Suryakumar, 1 run 
Quick and full on off, SKY drives to long-off",41.2,1,1.0,"Cariah to Suryakumar, 1 run  .Quick and full on off, SKY drives to long-off",Cariah,Suryakumar,1.0,0,0,1,1,1.0,0,,1
"41.3 
6 
Cariah to Hardik, SIX runs 
Welcome to the party, Hardik Pandya. Cariah lobs it up in the slot and he leans forward 
and slams it straight down the ground. That went 89m!",41.3,6,6.0,"Cariah to Hardik, SIX runs  .Welcome to the party, Hardik Pandya. Cariah lobs it up in the slot and he leans forward  .and slams it straight down the ground. That went 89m!",Cariah,Hardik,6.0,0,1,1,1,6.0,0,,1
"41.4 
1 
Cariah to Hardik, 1 run 
Length ball spinning away after pitching on middle and off, Hardik clips it out to deep 
square",41.4,1,1.0,"Cariah to Hardik, 1 run  .Length ball spinning away after pitching on middle and off, Hardik clips it out to deep  .square",Cariah,Hardik,1.0,0,0,1,1,1.0,0,,1
"41.5 
• 
Cariah to Suryakumar, no run 
Tossed up full on off, SKY drives gently to cover",41.5,0,0.0,"Cariah to Suryakumar, no run  .Tossed up full on off, SKY drives gently to cover",Cariah,Suryakumar,0.0,0,0,1,1,0.0,0,,0
"41.6 
1 
Cariah to Suryakumar, 1 run 
On a length on leg, Suryakumar rocks back and whips it out to deep midwicket 
end of over 429 runs  
IND: 266/4CRR: 6.33  
Suryakumar Yadav6 (12b) 
Hardik Pandya25 (29b 2x4 1x6) 
Yannic Cariah 8-0-58-1 
Jayden Seales 6-0-52-0 
Joseph replaces Seales",41.6,1,1.0,"Cariah to Suryakumar, 1 run  .On a length on leg, Suryakumar rocks back and whips it out to deep midwicket",Cariah,Suryakumar,1.0,0,0,1,1,1.0,0,,1
"42.1 
• 
Alzarri Joseph to Suryakumar, no run 
Full and slow just outside off, he opens the face to steer it to short third",42.1,0,0.0,"Alzarri Joseph to Suryakumar, no run  .Full and slow just outside off, he opens the face to steer it to short third",Alzarri Joseph,Suryakumar,0.0,0,0,1,1,0.0,0,,0
"42.2 
4 
Alzarri Joseph to Suryakumar, FOUR runs 
Joseph falters with a low full toss going down leg. SKY just gets some bat on it to help 
it along down leg and past a diving Shai Hope for his first boundary",42.2,4,4.0,"Alzarri Joseph to Suryakumar, FOUR runs  .Joseph falters with a low full toss going down leg. SKY just gets some bat on it to help  .it along down leg and past a diving Shai Hope for his first boundary",Alzarri Joseph,Suryakumar,4.0,1,0,1,1,4.0,0,,1
"42.3 
1 
Alzarri Joseph to Suryakumar, 1 run 
Full and straight and Suryakumar whips it away through midwicket",42.3,1,1.0,"Alzarri Joseph to Suryakumar, 1 run  .Full and straight and Suryakumar whips it away through midwicket",Alzarri Joseph,Suryakumar,1.0,0,0,1,1,1.0,0,,1
"42.4 
1 
Alzarri Joseph to Hardik, 1 run 
Quick and full on off, Hardik defends and the ball rolls to Hope's right behind the wicket 
and the two batters steal a quick run",42.4,1,1.0,"Alzarri Joseph to Hardik, 1 run  .Quick and full on off, Hardik defends and the ball rolls to Hope's right behind the wicket  .and the two batters steal a quick run",Alzarri Joseph,Hardik,1.0,0,0,1,1,1.0,0,,1
"42.5 
2 
Alzarri Joseph to Suryakumar, 2 runs 
Length ball sits up outside off and SKY clips it out to long-on to pick up a brace",42.5,2,2.0,"Alzarri Joseph to Suryakumar, 2 runs  .Length ball sits up outside off and SKY clips it out to long-on to pick up a brace",Alzarri Joseph,Suryakumar,2.0,0,0,1,1,2.0,0,,1
"42.6 
6 
Alzarri Joseph to Suryakumar, SIX runs 
That's gone high and clears deep fine leg running to his right! It's a full toss flying down 
leg again and SKY moves across to play that pick-up pull he is so good at. Doesn't quite 
get it right and the ball flies up high into the sky but he got enough on that to beat 
Cariah. Joseph doesn't look happy 
end of over 4314 runs  
IND: 280/4CRR: 6.51  
Suryakumar Yadav19 (17b 1x4 1x6) 
Hardik Pandya26 (30b 2x4 1x6) 
Alzarri Joseph 8-0-59-1 
Yannic Cariah 8-0-58-1 
Shepherd replaces Cariah",42.6,6,6.0,"Alzarri Joseph to Suryakumar, SIX runs  .That's gone high and clears deep fine leg running to his right! It's a full toss flying down  .leg again and SKY moves across to play that pick-up pull he is so good at. Doesn't quite  .get it right and the ball flies up high into the sky but he got enough on that to beat  .Cariah. Joseph doesn't look happy",Alzarri Joseph,Suryakumar,6.0,0,1,1,1,6.0,0,,1
"43.1 
• 
Shepherd to Hardik, no run 
Slower length ball outside off, he steers it to backward point",43.1,0,0.0,"Shepherd to Hardik, no run  .Slower length ball outside off, he steers it to backward point",Shepherd,Hardik,0.0,0,0,1,1,0.0,0,,0
"43.2 
1 
Shepherd to Hardik, 1 run 
Very full and swinging into off, he drives to extra cover and an overthrow at the non-
striker's end allows the batters to take a single",43.2,1,1.0,"Shepherd to Hardik, 1 run  .Very full and swinging into off, he drives to extra cover and an overthrow at the non- .striker's end allows the batters to take a single",Shepherd,Hardik,1.0,0,0,1,1,1.0,0,,1
"43.3 
• 
Shepherd to Suryakumar, no run 
Length ball jagging away from outside off, SKY reaches out and cuts but it goes to short 
third",43.3,0,0.0,"Shepherd to Suryakumar, no run  .Length ball jagging away from outside off, SKY reaches out and cuts but it goes to short  .third",Shepherd,Suryakumar,0.0,0,0,1,1,0.0,0,,0
"43.4 
1 
Shepherd to Suryakumar, 1 run 
Yorker outside off with pace off, SKY digs it out to the vacant point region for a single",43.4,1,1.0,"Shepherd to Suryakumar, 1 run  .Yorker outside off with pace off, SKY digs it out to the vacant point region for a single",Shepherd,Suryakumar,1.0,0,0,1,1,1.0,0,,1
"43.5 
1 
Shepherd to Hardik, 1 run 
Back of length delivery sits up nicely for Hardik, and he slaps it hard but can't place it 
past the cover fielder",43.5,1,1.0,"Shepherd to Hardik, 1 run  .Back of length delivery sits up nicely for Hardik, and he slaps it hard but can't place it  .past the cover fielder",Shepherd,Hardik,1.0,0,0,1,1,1.0,0,,1
"43.6 
4 
Shepherd to Suryakumar, FOUR runs 
Full toss and SKY isn't missing out! This was low outside off and he drives inside out 
over cover and in the gap for four more. He has faced three full tosses and got 
boundaries from all three 
end of over 447 runs  
IND: 287/4CRR: 6.52  
Suryakumar Yadav24 (20b 2x4 1x6) 
Hardik Pandya28 (33b 2x4 1x6) 
Romario Shepherd 8-0-50-1 
Alzarri Joseph 8-0-59-1 
Hardik and SKY have accelerated nicely in the last four overs and 300 looks very much 
on the card now. How much can they finish with here?",43.6,4,4.0,"Shepherd to Suryakumar, FOUR runs  .Full toss and SKY isn't missing out! This was low outside off and he drives inside out  .over cover and in the gap for four more. He has faced three full tosses and got  .boundaries from all three",Shepherd,Suryakumar,4.0,1,0,1,1,4.0,0,,1
"44.1 
1w 
Alzarri Joseph to Hardik, 1 wide 
Banged in short and goes down leg as Hardik misses his pull. Hope goes up in appeal 
but the umpire isn't interested",44.1,1w,1.0,"Alzarri Joseph to Hardik, 1 wide  .Banged in short and goes down leg as Hardik misses his pull. Hope goes up in appeal  .but the umpire isn't interested",Alzarri Joseph,Hardik,0.0,0,0,0,0,1.0,0,,1
"44.1 
1w 
Alzarri Joseph to Hardik, 1 wide 
Banged in short outside off and that's too high for a bouncer. Umpire calls wide again",44.1,1w,1.0,"Alzarri Joseph to Hardik, 1 wide  .Banged in short outside off and that's too high for a bouncer. Umpire calls wide again",Alzarri Joseph,Hardik,0.0,0,0,0,0,1.0,0,,1
"44.1 
1 
Alzarri Joseph to Hardik, 1 run 
Full on leg, Hardik gets some bat on it and trickles it down to deep fine leg 
Deep third comes in. Sweeper cover in place",44.1,1,1.0,"Alzarri Joseph to Hardik, 1 run  .Full on leg, Hardik gets some bat on it and trickles it down to deep fine leg  .Deep third comes in. Sweeper cover in place",Alzarri Joseph,Hardik,1.0,0,0,1,1,1.0,0,,1
"44.2 
• 
Alzarri Joseph to Suryakumar, no run 
Length ball around off, SKY moves across to try and play that pick-up shot he favours 
but misses as it seams in and hits him on his left thigh",44.2,0,0.0,"Alzarri Joseph to Suryakumar, no run  .Length ball around off, SKY moves across to try and play that pick-up shot he favours  .but misses as it seams in and hits him on his left thigh",Alzarri Joseph,Suryakumar,0.0,0,0,1,1,0.0,0,,0
"44.3 
• 
Alzarri Joseph to Suryakumar, no run 
Yorker on off, he digs it out to backward point",44.3,0,0.0,"Alzarri Joseph to Suryakumar, no run  .Yorker on off, he digs it out to backward point",Alzarri Joseph,Suryakumar,0.0,0,0,1,1,0.0,0,,0
"44.4 
1 
Alzarri Joseph to Suryakumar, 1 run 
Full on off, pace off, and Suryakumar clips it out to deep midwicket",44.4,1,1.0,"Alzarri Joseph to Suryakumar, 1 run  .Full on off, pace off, and Suryakumar clips it out to deep midwicket",Alzarri Joseph,Suryakumar,1.0,0,0,1,1,1.0,0,,1
"44.5 
4 
Alzarri Joseph to Hardik, FOUR runs 
Deftly played! It's ful outside off and Hardik drives it square of the cover fielder and 
that's raced away to the boundary",44.5,4,4.0,"Alzarri Joseph to Hardik, FOUR runs  .Deftly played! It's ful outside off and Hardik drives it square of the cover fielder and  .that's raced away to the boundary",Alzarri Joseph,Hardik,4.0,1,0,1,1,4.0,0,,1
"44.6 
• 
Alzarri Joseph to Hardik, no run 
Back of length ball stays low as Hardik pulls and misses. Lets out a cry in anguish even 
before the ball reaches Shai Hope 
end of over 458 runs  
IND: 295/4CRR: 6.55  
Hardik Pandya33 (36b 3x4 1x6) 
Suryakumar Yadav25 (23b 2x4 1x6) 
Alzarri Joseph 9-0-67-1 
Romario Shepherd 8-0-50-1 
Seales back in place of Shepherd",44.6,0,0.0,"Alzarri Joseph to Hardik, no run  .Back of length ball stays low as Hardik pulls and misses. Lets out a cry in anguish even  .before the ball reaches Shai Hope",Alzarri Joseph,Hardik,0.0,0,0,1,1,0.0,0,,0
"45.1 
• 
Seales to Suryakumar, no run 
Angles in a full delivery outside off from wide of the crease and it swings away slightly 
as SKY looks to drive inside out",45.1,0,0.0,"Seales to Suryakumar, no run  .Angles in a full delivery outside off from wide of the crease and it swings away slightly  .as SKY looks to drive inside out",Seales,Suryakumar,0.0,0,0,1,1,0.0,0,,0
"45.2 
1w 
Seales to Suryakumar, 1 wide 
Fired down leg and it's another wide 
""What is the highest score on this pitch?"" This is the first men's ODI being played at this 
ground, Sulu",45.2,1w,1.0,"Seales to Suryakumar, 1 wide  .Fired down leg and it's another wide",Seales,Suryakumar,0.0,0,0,0,0,1.0,0,,1
"45.2 
1 
Seales to Suryakumar, 1 run 
Back of length slower ball outside off, he cuts to backward point for a quick single",45.2,1,1.0,"Seales to Suryakumar, 1 run  .Back of length slower ball outside off, he cuts to backward point for a quick single",Seales,Suryakumar,1.0,0,0,1,1,1.0,0,,1
"45.3 
• 
Seales to Hardik, no run 
Full on off, Hardik defends",45.3,0,0.0,"Seales to Hardik, no run  .Full on off, Hardik defends",Seales,Hardik,0.0,0,0,1,1,0.0,0,,0
"45.4 
1 
Seales to Hardik, 1 run 
Short on off and Hardik pulls in front to deep midwicket",45.4,1,1.0,"Seales to Hardik, 1 run  .Short on off and Hardik pulls in front to deep midwicket",Seales,Hardik,1.0,0,0,1,1,1.0,0,,1
"45.5 
6 
Seales to Suryakumar, SIX runs 
And there it is! Some of that SKY innovation! Low full toss outside off, he gets low and 
carves it behind point into the ad boards",45.5,6,6.0,"Seales to Suryakumar, SIX runs  .And there it is! Some of that SKY innovation! Low full toss outside off, he gets low and  .carves it behind point into the ad boards",Seales,Suryakumar,6.0,0,1,1,1,6.0,0,,1
"45.6 
1 
Seales to Suryakumar, 1 run 
Full on off and he drives it hard wide of mid-off but Hetmyer does really well to cut that 
out. Three runs saved there 
end of over 4610 runs  
IND: 305/4CRR: 6.63  
Suryakumar Yadav33 (27b 2x4 2x6) 
Hardik Pandya34 (38b 3x4 1x6) 
Jayden Seales 7-0-62-0 
Alzarri Joseph 9-0-67-1 
Runs in and pulls out half way. He will reload",45.6,1,1.0,"Seales to Suryakumar, 1 run  .Full on off and he drives it hard wide of mid-off but Hetmyer does really well to cut that  .out. Three runs saved there",Seales,Suryakumar,1.0,0,0,1,1,1.0,0,,1
"46.1 
1 
Shepherd to Suryakumar, 1 run 
Back of length outside off, SKY drills this out to deep point",46.1,1,1.0,"Shepherd to Suryakumar, 1 run  .Back of length outside off, SKY drills this out to deep point",Shepherd,Suryakumar,1.0,0,0,1,1,1.0,0,,1
"46.2 
1 
Shepherd to Hardik, 1 run 
Bangs it in short on off with pace off, Hardik goes for a tennis forearm pull but it only 
carries till midwicket and drops dead",46.2,1,1.0,"Shepherd to Hardik, 1 run  .Bangs it in short on off with pace off, Hardik goes for a tennis forearm pull but it only  .carries till midwicket and drops dead",Shepherd,Hardik,1.0,0,0,1,1,1.0,0,,1
"46.3 
1 
Shepherd to Suryakumar, 1 run 
Short and wide, he cuts this behind point to the fielder in the deep 
Shepherd seems to have hurt his left leg here, which caused him to pull out of the first 
delivery of this over. Hardik uses the opportunity to get a change in bats.",46.3,1,1.0,"Shepherd to Suryakumar, 1 run  .Short and wide, he cuts this behind point to the fielder in the deep  .Shepherd seems to have hurt his left leg here, which caused him to pull out of the first  .delivery of this over. Hardik uses the opportunity to get a change in bats.",Shepherd,Suryakumar,1.0,0,0,1,1,1.0,0,,1
"46.4 
1 
Shepherd to Hardik, 1 run 
Goes for the wide yorker, doesn't quite get it as full as he'd like and Hardik drills it out to 
long-off",46.4,1,1.0,"Shepherd to Hardik, 1 run  .Goes for the wide yorker, doesn't quite get it as full as he'd like and Hardik drills it out to  .long-off",Shepherd,Hardik,1.0,0,0,1,1,1.0,0,,1
"46.5 
W 
Shepherd to Suryakumar, OUT 
What a catch at backward point! SKY goes to play that drive over point but it's a slower 
delivery and that takes a thick outside edge. Cariah has to move to his left and he puts 
in a dive to gobble that up. SKY was just starting to look dangerous 
Suryakumar Yadav c Cariah b Shepherd 35 (30b 2x4 2x6 43m) SR: 116.66 
Jadeja is the new batter for India",46.5,W,0.0,"Shepherd to Suryakumar, OUT  .What a catch at backward point! SKY goes to play that drive over point but it's a slower  .delivery and that takes a thick outside edge. Cariah has to move to his left and he puts  .in a dive to gobble that up. SKY was just starting to look dangerous  .Suryakumar Yadav c Cariah b Shepherd 35 (30b 2x4 2x6 43m) SR: 116.66",Shepherd,Suryakumar,0.0,0,0,1,1,0.0,1,c Cariah b Shepherd,0
"46.6 
1 
Shepherd to Jadeja, 1 run 
Slower ball again, angling in from outside off, Jadeja nudges it in front of square to get 
off the mark 
end of over 475 runs • 1 wicket 
IND: 310/5CRR: 6.59  
Ravindra Jadeja1 (1b) 
Hardik Pandya36 (40b 3x4 1x6) 
Romario Shepherd 9-0-55-2 
Jayden Seales 7-0-62-0 
Jadeja pulls out at the very last moment as Seales runs in to bowl. A security official 
was moving across the sightscreen",46.6,1,1.0,"Shepherd to Jadeja, 1 run  .Slower ball again, angling in from outside off, Jadeja nudges it in front of square to get  .off the mark",Shepherd,Jadeja,1.0,0,0,1,1,1.0,0,,1
"47.1 
2 
Seales to Jadeja, 2 runs 
Full on of and going across him, Jadeja drives it square on the off side and beats 
backward point",47.1,2,2.0,"Seales to Jadeja, 2 runs  .Full on of and going across him, Jadeja drives it square on the off side and beats  .backward point",Seales,Jadeja,2.0,0,0,1,1,2.0,0,,1
"47.2 
1 
Seales to Jadeja, 1 run 
Full outside off, Jadeja eases a drive to long-off",47.2,1,1.0,"Seales to Jadeja, 1 run  .Full outside off, Jadeja eases a drive to long-off",Seales,Jadeja,1.0,0,0,1,1,1.0,0,,1
"47.3 
6 
Seales to Hardik, SIX runs 
Whaaack! Slot ball sits up nicely and Hardik stands and delivers. Drives this high and 
hard down the ground",47.3,6,6.0,"Seales to Hardik, SIX runs  .Whaaack! Slot ball sits up nicely and Hardik stands and delivers. Drives this high and  .hard down the ground",Seales,Hardik,6.0,0,1,1,1,6.0,0,,1
"47.4 
1 
Seales to Hardik, 1 run 
Hardik cuts this length ball in front of point",47.4,1,1.0,"Seales to Hardik, 1 run  .Hardik cuts this length ball in front of point",Seales,Hardik,1.0,0,0,1,1,1.0,0,,1
"47.5 
2 
Seales to Jadeja, 2 runs 
Short ball going across him, Jadeja pulls it onto the ground through midwicket and they 
sprint for two",47.5,2,2.0,"Seales to Jadeja, 2 runs  .Short ball going across him, Jadeja pulls it onto the ground through midwicket and they  .sprint for two",Seales,Jadeja,2.0,0,0,1,1,2.0,0,,1
"47.6 
1 
Seales to Jadeja, 1 run 
Length ball on leg, Jadeja moves leg-side and punches a drive to long-off 
end of over 4813 runs  
IND: 323/5CRR: 6.72  
Ravindra Jadeja7 (5b) 
Hardik Pandya43 (42b 3x4 2x6) 
Jayden Seales 8-0-75-0 
Romario Shepherd 9-0-55-2 
Two overs to go. India will be targeting 350. Who will bowl these for West Indies? Motie 
the only one to bowl out. 
It will be Joseph for his last",47.6,1,1.0,"Seales to Jadeja, 1 run  .Length ball on leg, Jadeja moves leg-side and punches a drive to long-off",Seales,Jadeja,1.0,0,0,1,1,1.0,0,,1
"48.1 
1 
Alzarri Joseph to Jadeja, 1 run 
Full on middle, Jadeja squeezes it to point for a single",48.1,1,1.0,"Alzarri Joseph to Jadeja, 1 run  .Full on middle, Jadeja squeezes it to point for a single",Alzarri Joseph,Jadeja,1.0,0,0,1,1,1.0,0,,1
"48.2 
6 
Alzarri Joseph to Hardik, SIX runs 
Fantastic from Hardik. It's a length ball angled across him and he just flicks it off his 
hips, using the pace to get it over the rope behind square leg",48.2,6,6.0,"Alzarri Joseph to Hardik, SIX runs  .Fantastic from Hardik. It's a length ball angled across him and he just flicks it off his  .hips, using the pace to get it over the rope behind square leg",Alzarri Joseph,Hardik,6.0,0,1,1,1,6.0,0,,1
"48.3 
• 
Alzarri Joseph to Hardik, no run 
Good comeback from Joseph as he bowls a yorker outside off. Hardik can't get his bat 
down in time to jam it out",48.3,0,0.0,"Alzarri Joseph to Hardik, no run  .Good comeback from Joseph as he bowls a yorker outside off. Hardik can't get his bat  .down in time to jam it out",Alzarri Joseph,Hardik,0.0,0,0,1,1,0.0,0,,0
"48.4 
2 
Alzarri Joseph to Hardik, 2 runs 
Length bal just outside off, Hardik slaps it down the ground and they run two. Hardik 
brings up a fine half-century, off 45 deliveries.",48.4,2,2.0,"Alzarri Joseph to Hardik, 2 runs  .Length bal just outside off, Hardik slaps it down the ground and they run two. Hardik  .brings up a fine half-century, off 45 deliveries.",Alzarri Joseph,Hardik,2.0,0,0,1,1,2.0,0,,1
"48.5 
1 
Alzarri Joseph to Hardik, 1 run 
Very full on fourth-stmp and Hardik digs it out to long-on 
Pranali : ""Has the wicket slowed down in the last 15 overs or wickets slowed the run 
rate down?"" A bit of both. The older ball has been harder to hit.",48.5,1,1.0,"Alzarri Joseph to Hardik, 1 run  .Very full on fourth-stmp and Hardik digs it out to long-on",Alzarri Joseph,Hardik,1.0,0,0,1,1,1.0,0,,1
"48.6 
• 
Alzarri Joseph to Jadeja, no run 
Jadeja looks to whip away this length ball down leg, but misses and is hit high on the 
hips 
end of over 4910 runs  
IND: 333/5CRR: 6.79  
Ravindra Jadeja8 (7b) 
Hardik Pandya52 (46b 3x4 3x6) 
Alzarri Joseph 10-0-77-1 
Jayden Seales 8-0-75-0 
Romario Shepherd will bowl the final over. Can India reach 350? They are 17 away",48.6,0,0.0,"Alzarri Joseph to Jadeja, no run  .Jadeja looks to whip away this length ball down leg, but misses and is hit high on the  .hips",Alzarri Joseph,Jadeja,0.0,0,0,1,1,0.0,0,,0
"49.1 
6 
Shepherd to Hardik, SIX runs 
Full outside off and Hardik just stands and swings it iver cover. Gets the elevation and 
distance he needed as it clears the ad boards 
See all photos",49.1,6,6.0,"Shepherd to Hardik, SIX runs  .Full outside off and Hardik just stands and swings it iver cover. Gets the elevation and  .distance he needed as it clears the ad boards  .See all photos",Shepherd,Hardik,6.0,0,1,1,1,6.0,0,,1
"49.2 
• 
Shepherd to Hardik, no run 
Length ball, pace off, Hardik tries to pull it away but misses",49.2,0,0.0,"Shepherd to Hardik, no run  .Length ball, pace off, Hardik tries to pull it away but misses",Shepherd,Hardik,0.0,0,0,1,1,0.0,0,,0
"49.3 
4 
Shepherd to Hardik, FOUR runs 
Swatted away between long-on and deep midwicket. Short ball sits up nicely and Hardik 
flat-bats this into the gap. One bounce and four",49.3,4,4.0,"Shepherd to Hardik, FOUR runs  .Swatted away between long-on and deep midwicket. Short ball sits up nicely and Hardik  .flat-bats this into the gap. One bounce and four",Shepherd,Hardik,4.0,1,0,1,1,4.0,0,,1
"49.4 
6 
Shepherd to Hardik, SIX runs 
Hardik is turning it on! Slower ball outside off and Hardik hits a 91-metre six down the 
ground. Into the fifth row of seats! 
India's highest ODI total against West Indies in West Indies and their second-highest in 
the West Indies, informs our resident stat-man Sampath.",49.4,6,6.0,"Shepherd to Hardik, SIX runs  .Hardik is turning it on! Slower ball outside off and Hardik hits a 91-metre six down the  .ground. Into the fifth row of seats!  .India's highest ODI total against West Indies in West Indies and their second-highest in  .the West Indies, informs our resident stat-man Sampath.",Shepherd,Hardik,6.0,0,1,1,1,6.0,0,,1
"49.5 
• 
Shepherd to Hardik, no run 
Nails the wide yorker. Good comeback from Shepherd",49.5,0,0.0,"Shepherd to Hardik, no run  .Nails the wide yorker. Good comeback from Shepherd",Shepherd,Hardik,0.0,0,0,1,1,0.0,0,,0
"49.6 
2 
Shepherd to Hardik, 2 runs 
Full on off and he hits it down the ground. Seales runs across but has he stopped that? 
He kept it out but the ball was rolling back. Does he keeps his balance as he falls over to 
dig it out again? Looks like he has done really well to keep this from going for four, but 
the batters took two, meaning India have crossed 350! 
Here's what Sanju Samson had to say: ""I think it feels really great to spend some time in 
the middle and score some runs and contribute for the country. It was deliberate. I had 
plans differently for different bowlers. I wanted to use my feet and dominate the lengths 
of the bowlers. [On playing different positions] Being an Indian cricketer is a challenging 
thing. I have been around for 8-9 years and played a lot of domestic cricket and for 
India. So it gives you an understanding of playing in different positions. You need to 
prepare yourself accordingly. Kensington Oval was a bit damp and this one looks a bit 
dry and when the ball was new it was coming on nicely but when the ball got old, it was 
holding on a little so it was tough against spinners. Not easy to get the score so credit 
goes to the middle order batters for hanging on and getting the score we did. With 350, 
we should be confident."" 
1.30pm After two games on a difficult track in Bridgetown, India batters have enjoyed 
the good conditions here and posted a huge total of 351. Rapid fifties from Kishan and 
Samson ensured they were always going at a good run rate, while Gill played anchor. A 
few wickets in the middle forced a slowdown, but Hardik's 52-ball 70 ensured India 
finished strong. 
Is Indian table tennis poised for glory at the Asian Games once more? Here's how 
Ultimate Table Tennis can serve the sport's needs in India, with an eye on the future. 
1.35pm So, we should have a thrilling chase on our hands. India's spinners will likely 
play a big role in deciding how it turns out, given what Samson said about the pitch. Join 
Sudarshanan in 20 minutes or so to find out how it goes! 
end of over 5018 runs  
IND: 351/5CRR: 7.02  
Hardik Pandya70 (52b 4x4 5x6) 
Ravindra Jadeja8 (7b) 
Romario Shepherd 10-0-73-2 
Alzarri Joseph 10-0-77-1 
Sponsored Headlines 
 
County DIV2 2025, DER vs KEN 28th Match Match Report, May 23 - 26, 2025 - Kent fold 
on fourth morning as Derbyshire maintain top-two formDiscover 
 
IPL 2025, GT vs CSK 67th Match Match Report, May 25, 2025 - Brevis, Mhatre, Urvil help 
CSK sign off gloomy season on bright noteDiscover 
 
Shasta Pools & Spas |  
Sponsored by TaboolaSponsored by Taboola 
Get Quote 
Price Out Your New Pool [It's FREE]Read MoreSkip 
 
Fantasy Cheatsheet - MI vs PBKS 69th Match 2025 - Cricket Insights | 
ESPNcricinfo.comDiscover 
 
IPL 2025 - Virat Kohli just outside top five on Orange Cap table after 25-ball 43 in RCB vs 
SRH | ESPNcricinfoDiscover 
Sponsored  
Siemens Energy Powers AI Data Center ExpansionInnovative solutions to meet growing 
energy demandsSiemens Energy |  
SponsoredSponsored 
Read More 
Undo 
Reliable Energy Solutions for AI Data CentersDiscover how Siemens Energy supports 
the future of AI growthSiemens Energy |  
SponsoredSponsored 
Learn More 
Undo 
 
Business sneakers CEOs Actually Swear ByShoes Much More Comfortable Than 
Traditional Dress Shoes. Italian Leather and Running Shoe Technology Providing First 
Class Comfort All Day Long.Wolf & Shepherd |  
SponsoredSponsored 
Shop Now 
Undo 
 
Your Best Life Starts TodayBoost energy, mood, and lean muscle with our powerful TRT 
Gel. Feel the difference, track your progress, and maximize your results with ease. 
Prescription products require an online consultation with a doctor. Results may 
vary.Maximus |  
SponsoredSponsored 
Learn More 
Undo 
 
Amazon Is Losing Money as Arizona Shoppers Are Canceling Prime for This Clever 
HackThis simple trick can save tons of money on Amazon, but most Prime members 
are ignoring it.Online Shopping Tools |  
SponsoredSponsored 
Undo 
 
How to Firm-Up Cheeks & Saggy Necklines (Surprisingly Easy)The #1 sign of aging 
often ignored? The neckline and cheeks. See how women are changing it and feeling 
beautiful again.Today's Beauty Tips |  
SponsoredSponsored 
Learn More 
Undo 
 
Seniors Can Now Fly Business Class For the Price Of EconomyAmericans, you'll want to 
check this out ASAPInsider | Travel Deals |  
SponsoredSponsored 
Undo 
 
See The Value Of Anyone's' Home By Searching Address (Take a Look)Home Value 
Lookup |  
SponsoredSponsored 
Undo 
 
The Business Sneaker Loved by CEOs and NFL StarsPremium full-grain leather and 
marathon running shoe technology providing first class comfort all day long. Loved and 
worn by NFL athletes and coaches. Shoes much more comfortable than traditional 
dress shoes.Wolf & Shepherd |  
SponsoredSponsored 
Shop Now 
Undo 
 
Cinnamon: The Greatest Enemy of Blood SugarMagazine Glyco |  
SponsoredSponsored 
Learn More 
Undo 
 
Invest at $2.80/Share While You CanThe Chance to Make the Most of a $1.3T 
Opportunity Ends Soon. Learn How to Take Advantage Here.Pacaso |  
SponsoredSponsored 
Learn More 
Undo 
 
Doctor Sued for Leaking the Egg Ritual That Causes Rapid Weight Losstolifetv25.com |  
SponsoredSponsored 
Undo 
Unmute 
Language 
English 
Match Coverage 
All Match News 
 
Evolving Shardul Thakur not seeking limelight in search 
of 'impactful' performances 
Having featured in every ODI series barring one over the past year, allrounder says ""it's a 
sign of confidence the team has in me"" 
 
 
 
Kishan holds the aces for World Cup spot, but Samson 
could still be in the running 
Kishan has made a compelling case with three straight ODI fifties, but Samson could 
get another go in the Asia Cup if Rahul isn't fit 
 
 
 
Dominant India flex batting muscle to seal series  
Gill, Kishan, Samson and Hardik scored fifties to set up a tall chase, before the bowlers 
cleaned up West Indies for 151 
 
 
 
Spotlight on Tarouba as India face confident West Indies 
in series decider 
There is the World Cup looming for the visitors, while the hosts will be aiming for their 
first ODI series win against India since 2006 
 
 
 
Instant answers to T20 questions 
What is the lowest team total in the IPL? 
Which batter has hit the most sixes in an innings in the IPL? 
Which team has scored the most runs in death overs in an IPL match? 
Ask a question 
Videos 
All Match Videos 
 
 
3:46 
Unperturbed Shardul Thakur not yet thinking about World 
Cup spot 
 
 
 
1:26 
Were India right in resting Rohit and Kohli? 
 
 
 
0:38 
Jaffer: With some more speed, Mukesh will become more 
dangerous 
 
West Indies Innings 
Player Name 
R 
B 
BA King 
caught 
0 
5 
Player Name 
R 
B 
KR 
Mayers 
bowled 
4 
10 
A 
Athanaze bowled 
32 
50 
SD Hope caught 
5 
9 
KU Carty caught 
6 
12 
SO 
Hetmyer caught 
4 
6 
R 
Shepherd caught 
8 
8 
Y Cariah lbw 
19 
33 
AS 
Joseph 
caught 
26 
39 
G Motie 
not out 
39 
34 
JNT 
Seales 
bowled 
1 
9 
Extras 
(lb 1, nb 2, w 4) 
Total 
151(10 wkts;",49.6,2,2.0,"Shepherd to Hardik, 2 runs  .Full on off and he hits it down the ground. Seales runs across but has he stopped that?  .He kept it out but the ball was rolling back. Does he keeps his balance as he falls over to  .dig it out again? Looks like he has done really well to keep this from going for four, but  .the batters took two, meaning India have crossed 350!",Shepherd,Hardik,2.0,0,0,1,1,2.0,0,,1
