raw_data,overs,runs,team_runs,commentary,bowler,batsman,batsman_runs,batsman_fours,batsman_sixes,batsman_bowls_faced,bowler_bowls_done,bowler_runs_given,bowler_wickets,dismissal,runs_given_bool
"0.1 
• 
Dutt to Bairstow, no run 
full length, tight line on off stump, a calm exploratory nudge back to the bowler",0.1,0,0.0,"Dutt to Bairstow, no run  .full length, tight line on off stump, a calm exploratory nudge back to the bowler",Dutt,Bairstow,0.0,0,0,1,1,0.0,0,,0
"0.2 
• 
Dutt to Bairstow, no run 
turns and bounces a touch, Bairstow is back on his stumps, clipping to the leg side 
There's a slip in place",0.2,0,0.0,"Dutt to Bairstow, no run  .turns and bounces a touch, Bairstow is back on his stumps, clipping to the leg side  .There's a slip in place",Dutt,Bairstow,0.0,0,0,1,1,0.0,0,,0
"0.3 
• 
Dutt to Bairstow, no run 
tight line once more, fired through outside off, pushed off the back foot to cover",0.3,0,0.0,"Dutt to Bairstow, no run  .tight line once more, fired through outside off, pushed off the back foot to cover",Dutt,Bairstow,0.0,0,0,1,1,0.0,0,,0
"0.4 
4 
Dutt to Bairstow, FOUR runs 
hard sweep! Bairstow kneels with intent, down the line of off stump, and rolls his wrists 
with the turn to thump it hard behind square",0.4,4,4.0,"Dutt to Bairstow, FOUR runs  .hard sweep! Bairstow kneels with intent, down the line of off stump, and rolls his wrists  .with the turn to thump it hard behind square",Dutt,Bairstow,4.0,1,0,1,1,4.0,0,,1
"0.5 
2 
Dutt to Bairstow, 2 runs 
rocks back this time, forced down through deep point but without timing, as two fielders 
give chase",0.5,2,2.0,"Dutt to Bairstow, 2 runs  .rocks back this time, forced down through deep point but without timing, as two fielders  .give chase",Dutt,Bairstow,2.0,0,0,1,1,2.0,0,,1
"0.6 
• 
Dutt to Bairstow, no run 
tossed up, turning back into the stumps, met on the back foot with a clip to the on-side 
Sonny: ""This has a bit of a feel of Last Chance Saloon for Bairstow in this format. He's 
been an incredible player in ODI for years, but the returns have diminished without the 
regular play time. But, YJB does best when his back is against the wall"" Feels like a last 
chance for most of this team, to be honest! How quickly things change... 
end of over 16 runs  
ENG: 6/0CRR: 6.00  
Jonny Bairstow6 (6b 1x4) 
Dawid Malan0 (0b) 
Aryan Dutt 1-0-6-0 
Logan van Beek to share the powerplay honours",0.6,0,0.0,"Dutt to Bairstow, no run  .tossed up, turning back into the stumps, met on the back foot with a clip to the on-side",Dutt,Bairstow,0.0,0,0,1,1,0.0,0,,0
"1.1 
• 
van Beek to Malan, no run 
stunning yorker! Wobbling all the way down into the blockhole, swinging in, and Malan 
has to stab down so late, as the ball hops down into the crease and over his stumpo!",1.1,0,0.0,"van Beek to Malan, no run  .stunning yorker! Wobbling all the way down into the blockhole, swinging in, and Malan  .has to stab down so late, as the ball hops down into the crease and over his stumpo!",van Beek,Malan,0.0,0,0,1,1,0.0,0,,0
"1.2 
4 
van Beek to Malan, FOUR runs 
goes ahead, comes out as a shin-high full-toss, plinked behind square off the pads. 
Whoops",1.2,4,4.0,"van Beek to Malan, FOUR runs  .goes ahead, comes out as a shin-high full-toss, plinked behind square off the pads.  .Whoops",van Beek,Malan,4.0,1,0,1,1,4.0,0,,1
"1.3 
4 
van Beek to Malan, FOUR runs 
over-pitched without being the blockhole ball, Malan glides into a straight drive, pumped 
through long-off. Beautiful weight transfer",1.3,4,4.0,"van Beek to Malan, FOUR runs  .over-pitched without being the blockhole ball, Malan glides into a straight drive, pumped  .through long-off. Beautiful weight transfer",van Beek,Malan,4.0,1,0,1,1,4.0,0,,1
"1.4 
4 
van Beek to Malan, FOUR runs 
three in three! Pushed across the left-hander, but Malan's balance at the crease is his 
strength, leans out to meet it and drills it out through the covers",1.4,4,4.0,"van Beek to Malan, FOUR runs  .three in three! Pushed across the left-hander, but Malan's balance at the crease is his  .strength, leans out to meet it and drills it out through the covers",van Beek,Malan,4.0,1,0,1,1,4.0,0,,1
"1.5 
• 
van Beek to Malan, no run 
better line and length outside off, blocked with the angle",1.5,0,0.0,"van Beek to Malan, no run  .better line and length outside off, blocked with the angle",van Beek,Malan,0.0,0,0,1,1,0.0,0,,0
"1.6 
1w 
van Beek to Malan, 1 wide 
slides past the legs as a tricky over gets longer still",1.6,1w,1.0,"van Beek to Malan, 1 wide  .slides past the legs as a tricky over gets longer still",van Beek,Malan,0.0,0,0,0,0,1.0,0,,1
"1.6 
1w 
van Beek to Malan, 1 wide 
fizzed past the pads, through to the keeper",1.6,1w,1.0,"van Beek to Malan, 1 wide  .fizzed past the pads, through to the keeper",van Beek,Malan,0.0,0,0,0,0,1.0,0,,1
"1.6 
• 
van Beek to Malan, no run 
glides into another drive, timed with purpose but straight at short cover this time 
Mark: ""There is a bit of the old knee-jerk ""sack 'em all"" reaction to this campaign. Sides 
evolve. You don't improve anything by panicking and changing everything because good 
players don't usually become bad players overnight unless something is seriously 
wrong in the system."" There is... but there is also something wrong with the system, 
given that England barely play the format again for 12 months, and could yet miss out 
on the Champions Trophy. Which rather means that the evolution will have to happen 
without many of these great players, as time doesn't stand still. 
end of over 214 runs  
ENG: 20/0CRR: 10.00  
Dawid Malan12 (6b 3x4) 
Jonny Bairstow6 (6b 1x4) 
Logan van Beek 1-0-14-0 
Aryan Dutt 1-0-6-0",1.6,0,0.0,"van Beek to Malan, no run  .glides into another drive, timed with purpose but straight at short cover this time",van Beek,Malan,0.0,0,0,1,1,0.0,0,,0
"2.1 
• 
Dutt to Bairstow, no run 
rocks back on the cut, straight at point",2.1,0,0.0,"Dutt to Bairstow, no run  .rocks back on the cut, straight at point",Dutt,Bairstow,0.0,0,0,1,1,0.0,0,,0
"2.2 
1 
Dutt to Bairstow, 1 run 
dragged down a touch, Bairstow climbs into a long-levered pull to midwicket",2.2,1,1.0,"Dutt to Bairstow, 1 run  .dragged down a touch, Bairstow climbs into a long-levered pull to midwicket",Dutt,Bairstow,1.0,0,0,1,1,1.0,0,,1
"2.3 
4 
Dutt to Malan, FOUR runs 
width, crunched! Anchored on the back foot, climbing into a belting drive through the 
covers",2.3,4,4.0,"Dutt to Malan, FOUR runs  .width, crunched! Anchored on the back foot, climbing into a belting drive through the  .covers",Dutt,Malan,4.0,1,0,1,1,4.0,0,,1
"2.4 
4 
Dutt to Malan, FOUR runs 
four more, but streakier! Rocks back on the cut, too wide from Dutt, but leaps off a top-
edge, skewed past gully",2.4,4,4.0,"Dutt to Malan, FOUR runs  .four more, but streakier! Rocks back on the cut, too wide from Dutt, but leaps off a top- .edge, skewed past gully",Dutt,Malan,4.0,1,0,1,1,4.0,0,,1
"2.5 
• 
Dutt to Malan, no run 
too much width again but Malan's crunching cut flies straight at point this time 
 
Jonny Bairstow vs offspin in ODIs 
RUNS 
334 
OUTS 
5 
4s/6s 
29/8 
SR 
97.94 
AVE 
83.50",2.5,0,0.0,"Dutt to Malan, no run  .too much width again but Malan's crunching cut flies straight at point this time  .  .Jonny Bairstow vs offspin in ODIs  .RUNS  .334  .OUTS  .5  .4s/6s  .29/8  .SR  .97.94  .AVE  .83.50",Dutt,Malan,0.0,0,0,1,1,0.0,0,,0
"2.6 
• 
Dutt to Malan, no run 
head over the ball, and blocked back down the pitch 
Attiya: ""cant Eng survive for CT with just this win? necesasry to win against PAK?"" If 
Bangladesh, Sri Lanka (and Netherlands) win their last games, England will need to win 
both 
end of over 39 runs  
ENG: 29/0CRR: 9.66  
Dawid Malan20 (10b 5x4) 
Jonny Bairstow7 (8b 1x4) 
Aryan Dutt 2-0-15-0 
Logan van Beek 1-0-14-0",2.6,0,0.0,"Dutt to Malan, no run  .head over the ball, and blocked back down the pitch",Dutt,Malan,0.0,0,0,1,1,0.0,0,,0
"3.1 
• 
van Beek to Bairstow, no run 
very full length, swinging away, thumped hard but straight to cover",3.1,0,0.0,"van Beek to Bairstow, no run  .very full length, swinging away, thumped hard but straight to cover",van Beek,Bairstow,0.0,0,0,1,1,0.0,0,,0
"3.2 
1 
van Beek to Bairstow, 1 run 
stepping onto the front foot, clubbed to mid-off, and they jog the single for the misfield",3.2,1,1.0,"van Beek to Bairstow, 1 run  .stepping onto the front foot, clubbed to mid-off, and they jog the single for the misfield",van Beek,Bairstow,1.0,0,0,1,1,1.0,0,,1
"3.3 
• 
van Beek to Malan, no run 
tight line, bit of wobble back in at the off stump, pushed initially across the left-hander, 
solid block back down the pitch",3.3,0,0.0,"van Beek to Malan, no run  .tight line, bit of wobble back in at the off stump, pushed initially across the left-hander,  .solid block back down the pitch",van Beek,Malan,0.0,0,0,1,1,0.0,0,,0
"3.4 
4 
van Beek to Malan, FOUR runs 
full length and drilled hard down the ground, swinging back into the bat as Malan trusts 
his timing to nail the stroke though long-off",3.4,4,4.0,"van Beek to Malan, FOUR runs  .full length and drilled hard down the ground, swinging back into the bat as Malan trusts  .his timing to nail the stroke though long-off",van Beek,Malan,4.0,1,0,1,1,4.0,0,,1
"3.5 
1 
van Beek to Malan, 1 run 
dug in, and hoisted up and over the leg side",3.5,1,1.0,"van Beek to Malan, 1 run  .dug in, and hoisted up and over the leg side",van Beek,Malan,1.0,0,0,1,1,1.0,0,,1
"3.6 
4 
van Beek to Bairstow, FOUR runs 
too full, angled in at the toes, flicked in front of square for England's eighth boundary of 
a lively morning 
end of over 410 runs  
ENG: 39/0CRR: 9.75  
Jonny Bairstow12 (11b 2x4) 
Dawid Malan25 (13b 6x4) 
Logan van Beek 2-0-24-0 
Aryan Dutt 2-0-15-0",3.6,4,4.0,"van Beek to Bairstow, FOUR runs  .too full, angled in at the toes, flicked in front of square for England's eighth boundary of  .a lively morning",van Beek,Bairstow,4.0,1,0,1,1,4.0,0,,1
"4.1 
1 
Dutt to Malan, 1 run 
pressed off the front foot into the off side",4.1,1,1.0,"Dutt to Malan, 1 run  .pressed off the front foot into the off side",Dutt,Malan,1.0,0,0,1,1,1.0,0,,1
"4.2 
1 
Dutt to Bairstow, 1 run 
back on the stumps, flicking with the turn to backward square",4.2,1,1.0,"Dutt to Bairstow, 1 run  .back on the stumps, flicking with the turn to backward square",Dutt,Bairstow,1.0,0,0,1,1,1.0,0,,1
"4.3 
• 
Dutt to Malan, no run 
round the wicket, dipping on off stump, compact drive back down the pitch",4.3,0,0.0,"Dutt to Malan, no run  .round the wicket, dipping on off stump, compact drive back down the pitch",Dutt,Malan,0.0,0,0,1,1,0.0,0,,0
"4.4 
• 
Dutt to Malan, no run 
good flight, dipping as Malan leans onto the front foot, for a calm push to cover",4.4,0,0.0,"Dutt to Malan, no run  .good flight, dipping as Malan leans onto the front foot, for a calm push to cover",Dutt,Malan,0.0,0,0,1,1,0.0,0,,0
"4.5 
1 
Dutt to Malan, 1 run 
up on the toes, back of a length, punched at short cover who can't gather cleanly",4.5,1,1.0,"Dutt to Malan, 1 run  .up on the toes, back of a length, punched at short cover who can't gather cleanly",Dutt,Malan,1.0,0,0,1,1,1.0,0,,1
"4.6 
• 
Dutt to Bairstow, no run 
flicked off the pads to the on-side 
Stephen: ""Don't worry, Netherlands. Once England have completed their rapid 45-0, you'll 
still be able to take all ten wickets for 97."" Harsh, but fair 
end of over 53 runs  
ENG: 42/0CRR: 8.40  
Jonny Bairstow13 (13b 2x4) 
Dawid Malan27 (17b 6x4) 
Aryan Dutt 3-0-18-0 
Logan van Beek 2-0-24-0",4.6,0,0.0,"Dutt to Bairstow, no run  .flicked off the pads to the on-side",Dutt,Bairstow,0.0,0,0,1,1,0.0,0,,0
"5.1 
1 
van Beek to Malan, 1 run 
full and inswinging, but into the pads, clipped to backward square for the single",5.1,1,1.0,"van Beek to Malan, 1 run  .full and inswinging, but into the pads, clipped to backward square for the single",van Beek,Malan,1.0,0,0,1,1,1.0,0,,1
"5.2 
1 
van Beek to Bairstow, 1 run 
dug out on the full length, down to deep third",5.2,1,1.0,"van Beek to Bairstow, 1 run  .dug out on the full length, down to deep third",van Beek,Bairstow,1.0,0,0,1,1,1.0,0,,1
"5.3 
1 
van Beek to Malan, 1 run 
shaping in at the top of off stump, good sharp delivery, inside-edged to backward 
square 
Afeef: ""I want to say ""500 loading"" keeping in mind England's 498 against the same 
opponents last year... But given the form of this England side, I'll have to settle for ""300 
loading"" which will be just the 2nd time they score 300 in this World Cup.""",5.3,1,1.0,"van Beek to Malan, 1 run  .shaping in at the top of off stump, good sharp delivery, inside-edged to backward  .square",van Beek,Malan,1.0,0,0,1,1,1.0,0,,1
"5.4 
• 
van Beek to Bairstow, no run 
up on the toes, timed into the covers with an open face 
Perko: ""England could cause an upset here."" Steady on! Early days...",5.4,0,0.0,"van Beek to Bairstow, no run  .up on the toes, timed into the covers with an open face",van Beek,Bairstow,0.0,0,0,1,1,0.0,0,,0
"5.5 
1 
van Beek to Bairstow, 1 run 
back of a length, hitting the pitch on the angle into the pads, nudged to midwicket. A 
touch of indecision in the running but safe enough",5.5,1,1.0,"van Beek to Bairstow, 1 run  .back of a length, hitting the pitch on the angle into the pads, nudged to midwicket. A  .touch of indecision in the running but safe enough",van Beek,Bairstow,1.0,0,0,1,1,1.0,0,,1
"5.6 
1 
van Beek to Malan, 1 run 
open-faced drive on the full length, squeezed down to deep third for the fifth single of 
the over 
end of over 65 runs  
ENG: 47/0CRR: 7.83  
Dawid Malan30 (20b 6x4) 
Jonny Bairstow15 (16b 2x4) 
Logan van Beek 3-0-29-0 
Aryan Dutt 3-0-18-0 
 
ENG vs NED 
MATCHES 
W 
W 
W 
W 
W",5.6,1,1.0,"van Beek to Malan, 1 run  .open-faced drive on the full length, squeezed down to deep third for the fifth single of  .the over",van Beek,Malan,1.0,0,0,1,1,1.0,0,,1
"6.1 
• 
Dutt to Malan, no run 
patted off the front foot into the covers",6.1,0,0.0,"Dutt to Malan, no run  .patted off the front foot into the covers",Dutt,Malan,0.0,0,0,1,1,0.0,0,,0
"6.2 
• 
Dutt to Malan, no run 
head over the ball, and inside-edged back down the pitch",6.2,0,0.0,"Dutt to Malan, no run  .head over the ball, and inside-edged back down the pitch",Dutt,Malan,0.0,0,0,1,1,0.0,0,,0
"6.3 
• 
Dutt to Malan, no run 
open face on the back foot, punched hard to short cover",6.3,0,0.0,"Dutt to Malan, no run  .open face on the back foot, punched hard to short cover",Dutt,Malan,0.0,0,0,1,1,0.0,0,,0
"6.4 
• 
Dutt to Malan, no run 
stepping out to meet the ball from round the wicket, driven with an open face once more 
to point",6.4,0,0.0,"Dutt to Malan, no run  .stepping out to meet the ball from round the wicket, driven with an open face once more  .to point",Dutt,Malan,0.0,0,0,1,1,0.0,0,,0
"6.5 
1 
Dutt to Malan, 1 run 
straightens on a middle-and-leg line, tapped to mid-on for the single",6.5,1,1.0,"Dutt to Malan, 1 run  .straightens on a middle-and-leg line, tapped to mid-on for the single",Dutt,Malan,1.0,0,0,1,1,1.0,0,,1
"6.6 
W 
Dutt to Bairstow, OUT 
hoisted straight up in the air! Oh Jonny, he's given it away! Flops onto the back foot, 
unleashes a half-formed paddle-sweep from an upright position - not unlike Maxwell's 
cramp-induced flogging last night - but the execution is way off, Dutt finds some 
overspin and extra bounce, and short backward square swallows the lobbed offering! 
Jonny Bairstow c van Meekeren b Dutt 15 (17b 2x4 0x6 29m) SR: 88.23 
See all photos 
end of over 71 run • 1 wicket 
ENG: 48/1CRR: 6.85  
Dawid Malan31 (25b 6x4) 
Aryan Dutt 4-0-19-1 
Logan van Beek 3-0-29-0",6.6,W,0.0,"Dutt to Bairstow, OUT  .hoisted straight up in the air! Oh Jonny, he's given it away! Flops onto the back foot,  .unleashes a half-formed paddle-sweep from an upright position - not unlike Maxwell's  .cramp-induced flogging last night - but the execution is way off, Dutt finds some  .overspin and extra bounce, and short backward square swallows the lobbed offering!  .Jonny Bairstow c van Meekeren b Dutt 15 (17b 2x4 0x6 29m) SR: 88.23",Dutt,Bairstow,0.0,0,0,1,1,0.0,1,c van Meekeren b Dutt,0
"7.1 
2 
van Beek to Malan, 2 runs 
hint of swing, back into Malan's pads, up comes the fifty with a clip to midwicket",7.1,2,2.0,"van Beek to Malan, 2 runs  .hint of swing, back into Malan's pads, up comes the fifty with a clip to midwicket",van Beek,Malan,2.0,0,0,1,1,2.0,0,,1
"7.2 
4 
van Beek to Malan, FOUR runs 
back of a length, too much width, Malan unleashes a fierce pull through wide long-on! 
He's in a mood today",7.2,4,4.0,"van Beek to Malan, FOUR runs  .back of a length, too much width, Malan unleashes a fierce pull through wide long-on!  .He's in a mood today",van Beek,Malan,4.0,1,0,1,1,4.0,0,,1
"7.3 
1w 
van Beek to Malan, 1 wide 
pushed across the left-hander, a harsh wide I thought, looked close enough to the batter 
as it went by",7.3,1w,1.0,"van Beek to Malan, 1 wide  .pushed across the left-hander, a harsh wide I thought, looked close enough to the batter  .as it went by",van Beek,Malan,0.0,0,0,0,0,1.0,0,,1
"7.3 
4 
van Beek to Malan, FOUR runs 
tighter line, but not tight enough! Malan leaps onto the front foot, opening the face on 
impact, and laced through point's grasp for his eighth boundary",7.3,4,4.0,"van Beek to Malan, FOUR runs  .tighter line, but not tight enough! Malan leaps onto the front foot, opening the face on  .impact, and laced through point's grasp for his eighth boundary",van Beek,Malan,4.0,1,0,1,1,4.0,0,,1
"7.4 
• 
van Beek to Malan, no run 
clobbered! But straight at short cover. That was a lacerating stroke, kneeling on impact 
for extra leverage through the drive",7.4,0,0.0,"van Beek to Malan, no run  .clobbered! But straight at short cover. That was a lacerating stroke, kneeling on impact  .for extra leverage through the drive",van Beek,Malan,0.0,0,0,1,1,0.0,0,,0
"7.5 
4 
van Beek to Malan, FOUR runs 
another drive, half-stopped at cover but there's so much power behind the stroke! Malan 
has got van Beek serving him the perfect length for that shot, like a well-appointed 
bowling machine",7.5,4,4.0,"van Beek to Malan, FOUR runs  .another drive, half-stopped at cover but there's so much power behind the stroke! Malan  .has got van Beek serving him the perfect length for that shot, like a well-appointed  .bowling machine",van Beek,Malan,4.0,1,0,1,1,4.0,0,,1
"7.6 
• 
van Beek to Malan, no run 
slightly back of a length this time, and Malan dots up to complete a costly over 
Danish: ""This is not going to be like that 498 ODI..there was very little riding on that. 
Netherlands know full well what's at stake here. They'll be fired up at the thought of 
playing the 'mini World Cup' in two years time. If anything I expect them to go down 
fighting today."" 
end of over 815 runs  
ENG: 63/1CRR: 7.87  
Dawid Malan45 (31b 9x4) 
Joe Root0 (0b) 
Logan van Beek 4-0-44-0 
Aryan Dutt 4-0-19-1 
Right, Root in the powerplay. This could be interesting",7.6,0,0.0,"van Beek to Malan, no run  .slightly back of a length this time, and Malan dots up to complete a costly over",van Beek,Malan,0.0,0,0,1,1,0.0,0,,0
"8.1 
1 
Dutt to Root, 1 run 
on the back foot, turning into the pads, clipped to square leg for a first-ball single",8.1,1,1.0,"Dutt to Root, 1 run  .on the back foot, turning into the pads, clipped to square leg for a first-ball single",Dutt,Root,1.0,0,0,1,1,1.0,0,,1
"8.2 
• 
Dutt to Malan, no run 
patted into the off side, on the front foot 
The floodlights just kicking in, Roller says it's pretty dark out there at the moment",8.2,0,0.0,"Dutt to Malan, no run  .patted into the off side, on the front foot  .The floodlights just kicking in, Roller says it's pretty dark out there at the moment",Dutt,Malan,0.0,0,0,1,1,0.0,0,,0
"8.3 
4 
Dutt to Malan, FOUR runs 
short and wide, you can't feed Malan there. Cracked hard out through point 
Already, this England's highest PP score of the World Cup, passing the 67 for 4 v South 
Africa",8.3,4,4.0,"Dutt to Malan, FOUR runs  .short and wide, you can't feed Malan there. Cracked hard out through point  .Already, this England's highest PP score of the World Cup, passing the 67 for 4 v South  .Africa",Dutt,Malan,4.0,1,0,1,1,4.0,0,,1
"8.4 
• 
Dutt to Malan, no run 
attempted cut, can't make contact outside off as Edwards fumbles",8.4,0,0.0,"Dutt to Malan, no run  .attempted cut, can't make contact outside off as Edwards fumbles",Dutt,Malan,0.0,0,0,1,1,0.0,0,,0
"8.5 
• 
Dutt to Malan, no run 
head over the ball, better line on middle and off, blocked on the front foot",8.5,0,0.0,"Dutt to Malan, no run  .head over the ball, better line on middle and off, blocked on the front foot",Dutt,Malan,0.0,0,0,1,1,0.0,0,,0
"8.6 
1 
Dutt to Malan, 1 run 
back of a length, whipped to midwicket for Malan's fifty. He alone has found form in this 
tournament among England's batters 
See all photos 
end of over 96 runs  
ENG: 69/1CRR: 7.66  
Dawid Malan50 (36b 10x4) 
Joe Root1 (1b) 
Aryan Dutt 5-0-25-1 
Logan van Beek 4-0-44-0 
van Meekeren enters the attack as the first change of the day",8.6,1,1.0,"Dutt to Malan, 1 run  .back of a length, whipped to midwicket for Malan's fifty. He alone has found form in this  .tournament among England's batters  .See all photos",Dutt,Malan,1.0,0,0,1,1,1.0,0,,1
"9.1 
1 
van Meekeren to Malan, 1 run 
leg-sided, Malan lines up a launch off the good length, but scuffs it into his pads",9.1,1,1.0,"van Meekeren to Malan, 1 run  .leg-sided, Malan lines up a launch off the good length, but scuffs it into his pads",van Meekeren,Malan,1.0,0,0,1,1,1.0,0,,1
"9.2 
• 
van Meekeren to Root, no run 
outside off, curling away at a good pace, through to the keeper",9.2,0,0.0,"van Meekeren to Root, no run  .outside off, curling away at a good pace, through to the keeper",van Meekeren,Root,0.0,0,0,1,1,0.0,0,,0
"9.3 
• 
van Meekeren to Root, no run 
extra nip from a good length and Root is startled as he wears it on the gloves 
Manik: ""Malan alone? What about Brook? He should not have been omitted."" True, but 
he's not been picked enough for it to count as form!",9.3,0,0.0,"van Meekeren to Root, no run  .extra nip from a good length and Root is startled as he wears it on the gloves",van Meekeren,Root,0.0,0,0,1,1,0.0,0,,0
"9.4 
• 
van Meekeren to Root, no run 
full length, met with a full face, eased through the line to mid-on",9.4,0,0.0,"van Meekeren to Root, no run  .full length, met with a full face, eased through the line to mid-on",van Meekeren,Root,0.0,0,0,1,1,0.0,0,,0
"9.5 
• 
van Meekeren to Root, no run 
on the front foot, head over the ball, pushed to cover 
Phani: ""Why is there a Champions trophy still? We already have the T20 World Cup."" I 
think the ICC are keen to have some real estate in the global calendar, given all the T20 
leagues springing up 
 
ENG in Powerplay overs (in World Cup 2023) 
INNS 
8 
WKTS 
16 
RR 
5.47 
AVE 
27.37",9.5,0,0.0,"van Meekeren to Root, no run  .on the front foot, head over the ball, pushed to cover",van Meekeren,Root,0.0,0,0,1,1,0.0,0,,0
"9.6 
• 
van Meekeren to Root, no run 
on the back foot, hits the splice hard as Root hops back and across to defend 
A much better powerplay for England. They are batting at 7 an over, which is 
considerably quicker than most of their specialist batters in this tournament. And, Root 
has made it out of the powerplay too! We expect great things now... 
end of over 101 run  
ENG: 70/1CRR: 7.00  
Joe Root1 (6b) 
Dawid Malan51 (37b 10x4) 
Paul van Meekeren 1-0-1-0 
Aryan Dutt 5-0-25-1",9.6,0,0.0,"van Meekeren to Root, no run  .on the back foot, hits the splice hard as Root hops back and across to defend  .A much better powerplay for England. They are batting at 7 an over, which is  .considerably quicker than most of their specialist batters in this tournament. And, Root  .has made it out of the powerplay too! We expect great things now...",van Meekeren,Root,0.0,0,0,1,1,0.0,0,,0
"10.1 
• 
de Leede to Malan, no run 
leaning onto the front foot, eased into the covers",10.1,0,0.0,"de Leede to Malan, no run  .leaning onto the front foot, eased into the covers",de Leede,Malan,0.0,0,0,1,1,0.0,0,,0
"10.2 
1 
de Leede to Malan, 1 run 
back of a length, Malan hops onto his tip-toes and plays it down to short third, with an 
open face",10.2,1,1.0,"de Leede to Malan, 1 run  .back of a length, Malan hops onto his tip-toes and plays it down to short third, with an  .open face",de Leede,Malan,1.0,0,0,1,1,1.0,0,,1
"10.3 
1 
de Leede to Root, 1 run 
full length, wide line, Root drives elegantly but deep cover limits the damage 
Abhijeet : ""One good thing about all the inconsequential matches with respect to the 
current WC qualifications for the knock outs. With the Champions Trophy qualifications 
dangling as a carrot, all the remaing matches are going to be high on intensity and 
competiveness. """,10.3,1,1.0,"de Leede to Root, 1 run  .full length, wide line, Root drives elegantly but deep cover limits the damage",de Leede,Root,1.0,0,0,1,1,1.0,0,,1
"10.4 
• 
de Leede to Malan, no run 
full length, driven hard and thumps de Leede's boot in his followthrough",10.4,0,0.0,"de Leede to Malan, no run  .full length, driven hard and thumps de Leede's boot in his followthrough",de Leede,Malan,0.0,0,0,1,1,0.0,0,,0
"10.5 
• 
de Leede to Malan, no run 
back of a length, nudged to the on-side",10.5,0,0.0,"de Leede to Malan, no run  .back of a length, nudged to the on-side",de Leede,Malan,0.0,0,0,1,1,0.0,0,,0
"10.6 
1 
de Leede to Malan, 1 run 
on the front foot, pushes the single into the covers 
Dan: ""Controversial opinion but I think England missing out on the Champions Trophy 
would be a blessing in disguise. Would allow them much needed breathing space in 
their already congested calendar, particularly given how much Test cricket they also 
play. "" Unfortunately, they would almost certainly fill the void with a Test tour, of the 
West Indies most probably! 
end of over 113 runs  
ENG: 73/1CRR: 6.63  
Dawid Malan53 (42b 10x4) 
Joe Root2 (7b) 
Bas de Leede 1-0-3-0 
Paul van Meekeren 1-0-1-0",10.6,1,1.0,"de Leede to Malan, 1 run  .on the front foot, pushes the single into the covers",de Leede,Malan,1.0,0,0,1,1,1.0,0,,1
"11.1 
2 
van Meekeren to Malan, 2 runs 
on the pads, flicked in the air but in front of the sweeper, who tracks round to gather at 
deep midwicket",11.1,2,2.0,"van Meekeren to Malan, 2 runs  .on the pads, flicked in the air but in front of the sweeper, who tracks round to gather at  .deep midwicket",van Meekeren,Malan,2.0,0,0,1,1,2.0,0,,1
"11.2 
1 
van Meekeren to Malan, 1 run 
on the legs, flicked off the pads to backward square",11.2,1,1.0,"van Meekeren to Malan, 1 run  .on the legs, flicked off the pads to backward square",van Meekeren,Malan,1.0,0,0,1,1,1.0,0,,1
"11.3 
• 
van Meekeren to Root, no run 
onto the front foot, and belted at short cover. Good timing but straight at the man",11.3,0,0.0,"van Meekeren to Root, no run  .onto the front foot, and belted at short cover. Good timing but straight at the man",van Meekeren,Root,0.0,0,0,1,1,0.0,0,,0
"11.4 
• 
van Meekeren to Root, no run 
onto the front foot, angled bat out to point 
Shifu: ""The fun fact is that no one seemed informed about the qualifications for the CT 
until Shakib mentioned them in a press conference before a match."" No-one had 
mentioned the Timed Out law either til he brought it up. Busy tournament for the old 
rogue!",11.4,0,0.0,"van Meekeren to Root, no run  .onto the front foot, angled bat out to point",van Meekeren,Root,0.0,0,0,1,1,0.0,0,,0
"11.5 
1 
van Meekeren to Root, 1 run 
on the legs, nurdled to midwicket for the single",11.5,1,1.0,"van Meekeren to Root, 1 run  .on the legs, nurdled to midwicket for the single",van Meekeren,Root,1.0,0,0,1,1,1.0,0,,1
"11.6 
1 
van Meekeren to Malan, 1 run 
short, Malan swings into a measured pull, rolling the wrists for a single to backward 
square 
end of over 125 runs  
ENG: 78/1CRR: 6.50  
Dawid Malan57 (45b 10x4) 
Joe Root3 (10b) 
Paul van Meekeren 2-0-6-0 
Bas de Leede 1-0-3-0 
De Leede to continue",11.6,1,1.0,"van Meekeren to Malan, 1 run  .short, Malan swings into a measured pull, rolling the wrists for a single to backward  .square",van Meekeren,Malan,1.0,0,0,1,1,1.0,0,,1
"12.1 
• 
de Leede to Malan, no run 
very full, met with a firm push through the line to mid-on",12.1,0,0.0,"de Leede to Malan, no run  .very full, met with a firm push through the line to mid-on",de Leede,Malan,0.0,0,0,1,1,0.0,0,,0
"12.2 
1 
de Leede to Malan, 1 run 
opens the face, angled bat on the back foot, and tapped to backward point",12.2,1,1.0,"de Leede to Malan, 1 run  .opens the face, angled bat on the back foot, and tapped to backward point",de Leede,Malan,1.0,0,0,1,1,1.0,0,,1
"12.3 
2 
de Leede to Root, 2 runs 
scuffed past point! Root's streaky tournament continues! De Leede saw him advancing, 
dragged his length back, and almost induced the wicket, a leading edge flying out of the 
reach of the flying fielder",12.3,2,2.0,"de Leede to Root, 2 runs  .scuffed past point! Root's streaky tournament continues! De Leede saw him advancing,  .dragged his length back, and almost induced the wicket, a leading edge flying out of the  .reach of the flying fielder",de Leede,Root,2.0,0,0,1,1,2.0,0,,1
"12.4 
• 
de Leede to Root, no run",12.4,0,0.0,"de Leede to Root, no run",de Leede,Root,0.0,0,0,1,1,0.0,0,,0
"12.5 
• 
de Leede to Root, no run 
anchored in the crease this time, clipped with the swing to the on-side",12.5,0,0.0,"de Leede to Root, no run  .anchored in the crease this time, clipped with the swing to the on-side",de Leede,Root,0.0,0,0,1,1,0.0,0,,0
"12.6 
1 
de Leede to Root, 1 run 
width, back of a length, under-edged cut out to point as Root rushes his stroke a touch 
end of over 134 runs  
ENG: 82/1CRR: 6.30  
Joe Root6 (14b) 
Dawid Malan58 (47b 10x4) 
Bas de Leede 2-0-7-0 
Paul van Meekeren 2-0-6-0",12.6,1,1.0,"de Leede to Root, 1 run  .width, back of a length, under-edged cut out to point as Root rushes his stroke a touch",de Leede,Root,1.0,0,0,1,1,1.0,0,,1
"13.1 
1w 
van Meekeren to Root, 1 wide 
short, Root bails out of his pull as the umpire gives his arms a stretch",13.1,1w,1.0,"van Meekeren to Root, 1 wide  .short, Root bails out of his pull as the umpire gives his arms a stretch",van Meekeren,Root,0.0,0,0,0,0,1.0,0,,1
"13.1 
4 
van Meekeren to Root, FOUR runs 
Root scoops! Out comes the funk from England's becalmed No.3. Faces the batter with 
legs akimbo, dips his head and lifts the ball over the keeper's head",13.1,4,4.0,"van Meekeren to Root, FOUR runs  .Root scoops! Out comes the funk from England's becalmed No.3. Faces the batter with  .legs akimbo, dips his head and lifts the ball over the keeper's head",van Meekeren,Root,4.0,1,0,1,1,4.0,0,,1
"13.2 
1 
van Meekeren to Root, 1 run 
hops across to off, flicked to the leg side",13.2,1,1.0,"van Meekeren to Root, 1 run  .hops across to off, flicked to the leg side",van Meekeren,Root,1.0,0,0,1,1,1.0,0,,1
"13.3 
1 
van Meekeren to Malan, 1 run 
on the legs, eased to square leg with a clip off the pads",13.3,1,1.0,"van Meekeren to Malan, 1 run  .on the legs, eased to square leg with a clip off the pads",van Meekeren,Malan,1.0,0,0,1,1,1.0,0,,1
"13.4 
2 
van Meekeren to Root, 2 runs 
very full, sweet timing off the toes out through midwicket, allowing the ball to come to 
him and it takes an excellent full-length dive from O'Dowd to cut off the boundary 
 
Dawid Malan vs NED in ODIs 
INNS 
4 
RUNS 
220 
SR 
105.26 
AVE 
110.00",13.4,2,2.0,"van Meekeren to Root, 2 runs  .very full, sweet timing off the toes out through midwicket, allowing the ball to come to  .him and it takes an excellent full-length dive from O'Dowd to cut off the boundary  .  .Dawid Malan vs NED in ODIs  .INNS  .4  .RUNS  .220  .SR  .105.26  .AVE  .110.00",van Meekeren,Root,2.0,0,0,1,1,2.0,0,,1
"13.5 
1 
van Meekeren to Root, 1 run 
opens the face on the back foot, and eased to backward point",13.5,1,1.0,"van Meekeren to Root, 1 run  .opens the face on the back foot, and eased to backward point",van Meekeren,Root,1.0,0,0,1,1,1.0,0,,1
"13.6 
• 
van Meekeren to Malan, no run 
firmly into line on the back foot and defended 
end of over 1410 runs  
ENG: 92/1CRR: 6.57  
Dawid Malan59 (49b 10x4) 
Joe Root14 (18b 1x4) 
Paul van Meekeren 3-0-16-0 
Bas de Leede 2-0-7-0 
Time for some spin, here's Roelof",13.6,0,0.0,"van Meekeren to Malan, no run  .firmly into line on the back foot and defended",van Meekeren,Malan,0.0,0,0,1,1,0.0,0,,0
"14.1 
1 
van der Merwe to Root, 1 run 
round the wicket, tight line on the off stump, pressed out to point",14.1,1,1.0,"van der Merwe to Root, 1 run  .round the wicket, tight line on the off stump, pressed out to point",van der Merwe,Root,1.0,0,0,1,1,1.0,0,,1
"14.2 
1 
van der Merwe to Malan, 1 run 
tossed up, dipping on the pads, tapped to midwicket",14.2,1,1.0,"van der Merwe to Malan, 1 run  .tossed up, dipping on the pads, tapped to midwicket",van der Merwe,Malan,1.0,0,0,1,1,1.0,0,,1
"14.3 
1 
van der Merwe to Root, 1 run 
outside off, chopped hard to deep point as Root climbs through the width",14.3,1,1.0,"van der Merwe to Root, 1 run  .outside off, chopped hard to deep point as Root climbs through the width",van der Merwe,Root,1.0,0,0,1,1,1.0,0,,1
"14.4 
• 
van der Merwe to Malan, no run 
closes the face on the leg-stump line, gathered at square leg",14.4,0,0.0,"van der Merwe to Malan, no run  .closes the face on the leg-stump line, gathered at square leg",van der Merwe,Malan,0.0,0,0,1,1,0.0,0,,0
"14.5 
1 
van der Merwe to Malan, 1 run 
good length from Roelof, turning into the pads, nurdled to the leg side",14.5,1,1.0,"van der Merwe to Malan, 1 run  .good length from Roelof, turning into the pads, nurdled to the leg side",van der Merwe,Malan,1.0,0,0,1,1,1.0,0,,1
"14.6 
• 
van der Merwe to Root, no run 
head over the ball, whipped to the on-side, a solid start to van der Merwe's spell 
Amit: ""David Melon is playing well. England should score 350 today."" David Melon! 
That's a new pronunciation 
end of over 154 runs  
ENG: 96/1CRR: 6.40  
Joe Root16 (21b 1x4) 
Dawid Malan61 (52b 10x4) 
Roelof van der Merwe 1-0-4-0 
Paul van Meekeren 3-0-16-0",14.6,0,0.0,"van der Merwe to Root, no run  .head over the ball, whipped to the on-side, a solid start to van der Merwe's spell",van der Merwe,Root,0.0,0,0,1,1,0.0,0,,0
"15.1 
1 
Ackermann to Malan, 1 run 
round the wicket, leaning forward and pushed to cover",15.1,1,1.0,"Ackermann to Malan, 1 run  .round the wicket, leaning forward and pushed to cover",Ackermann,Malan,1.0,0,0,1,1,1.0,0,,1
"15.2 
• 
Ackermann to Root, no run 
reverses the hands but can't beat point with the reverse sweep",15.2,0,0.0,"Ackermann to Root, no run  .reverses the hands but can't beat point with the reverse sweep",Ackermann,Root,0.0,0,0,1,1,0.0,0,,0
"15.3 
1 
Ackermann to Root, 1 run 
on the toes, clipped to the on-side",15.3,1,1.0,"Ackermann to Root, 1 run  .on the toes, clipped to the on-side",Ackermann,Root,1.0,0,0,1,1,1.0,0,,1
"15.4 
1 
Ackermann to Malan, 1 run 
guided off the back foot to deep cover",15.4,1,1.0,"Ackermann to Malan, 1 run  .guided off the back foot to deep cover",Ackermann,Malan,1.0,0,0,1,1,1.0,0,,1
"15.5 
1 
Ackermann to Root, 1 run 
back of a length, punched off the back foot to deep cover, and up comes the 100... 
better tempo from England today",15.5,1,1.0,"Ackermann to Root, 1 run  .back of a length, punched off the back foot to deep cover, and up comes the 100...  .better tempo from England today",Ackermann,Root,1.0,0,0,1,1,1.0,0,,1
"15.6 
1 
Ackermann to Malan, 1 run 
eased along the carpet to deep cover, another single to the cause 
end of over 165 runs  
ENG: 101/1CRR: 6.31  
Dawid Malan64 (55b 10x4) 
Joe Root18 (24b 1x4) 
Colin Ackermann 1-0-5-0 
Roelof van der Merwe 1-0-4-0",15.6,1,1.0,"Ackermann to Malan, 1 run  .eased along the carpet to deep cover, another single to the cause",Ackermann,Malan,1.0,0,0,1,1,1.0,0,,1
"16.1 
6 
van der Merwe to Malan, SIX runs 
down on one knee, and launched high over square leg! He's seeing it like... well, a 
watermelon now... up and away!",16.1,6,6.0,"van der Merwe to Malan, SIX runs  .down on one knee, and launched high over square leg! He's seeing it like... well, a  .watermelon now... up and away!",van der Merwe,Malan,6.0,0,1,1,1,6.0,0,,1
"16.2 
1 
van der Merwe to Malan, 1 run 
on the pads, worked with the spin to square leg",16.2,1,1.0,"van der Merwe to Malan, 1 run  .on the pads, worked with the spin to square leg",van der Merwe,Malan,1.0,0,0,1,1,1.0,0,,1
"16.3 
1 
van der Merwe to Root, 1 run 
back of a length, chopped hard to deep cover",16.3,1,1.0,"van der Merwe to Root, 1 run  .back of a length, chopped hard to deep cover",van der Merwe,Root,1.0,0,0,1,1,1.0,0,,1
"16.4 
1 
van der Merwe to Malan, 1 run 
leg-sided, tapped into the gap at midwicket for another single",16.4,1,1.0,"van der Merwe to Malan, 1 run  .leg-sided, tapped into the gap at midwicket for another single",van der Merwe,Malan,1.0,0,0,1,1,1.0,0,,1
"16.5 
1 
van der Merwe to Root, 1 run 
head over the ball, flicked to the leg side for another single. Ten off the over so far, with 
no great alarms",16.5,1,1.0,"van der Merwe to Root, 1 run  .head over the ball, flicked to the leg side for another single. Ten off the over so far, with  .no great alarms",van der Merwe,Root,1.0,0,0,1,1,1.0,0,,1
"16.6 
• 
van der Merwe to Malan, no run 
better line and length to finish, stabbed back to the bowler. It's time for drinks 
Here's Ekanth for all your fruit-salady needs 
end of over 1710 runs  
ENG: 111/1CRR: 6.52  
Dawid Malan72 (59b 10x4 1x6) 
Joe Root20 (26b 1x4) 
Roelof van der Merwe 2-0-14-0 
Colin Ackermann 1-0-5-0 
Thanks, Miller. As Ali puts it, ""David Melon is seeing it like a watermelon,"" Can drinks 
change that? Ackermann to Root for now 
 
ENG in middle overs (in World Cup 2023) 
INNS 
8 
WKTS 
39 
RR 
5.60 
AVE 
26.92",16.6,0,0.0,"van der Merwe to Malan, no run  .better line and length to finish, stabbed back to the bowler. It's time for drinks  .Here's Ekanth for all your fruit-salady needs",van der Merwe,Malan,0.0,0,0,1,1,0.0,0,,0
"17.1 
1 
Ackermann to Root, 1 run 
Full on fourth, worked to long-on. 91ks",17.1,1,1.0,"Ackermann to Root, 1 run  .Full on fourth, worked to long-on. 91ks",Ackermann,Root,1.0,0,0,1,1,1.0,0,,1
"17.2 
1 
Ackermann to Malan, 1 run 
Length at the stumps from around the wicket, patted to the right of cover point 
Over the wicket for the rhb, which is the pattern",17.2,1,1.0,"Ackermann to Malan, 1 run  .Length at the stumps from around the wicket, patted to the right of cover point  .Over the wicket for the rhb, which is the pattern",Ackermann,Malan,1.0,0,0,1,1,1.0,0,,1
"17.3 
1 
Ackermann to Root, 1 run 
Goes back and clips it off a length to square leg",17.3,1,1.0,"Ackermann to Root, 1 run  .Goes back and clips it off a length to square leg",Ackermann,Root,1.0,0,0,1,1,1.0,0,,1
"17.4 
1 
Ackermann to Malan, 1 run 
Punched to long-off. Loopy ball on a length just outside off, a bit of spongy bounce off 
the pitch",17.4,1,1.0,"Ackermann to Malan, 1 run  .Punched to long-off. Loopy ball on a length just outside off, a bit of spongy bounce off  .the pitch",Ackermann,Malan,1.0,0,0,1,1,1.0,0,,1
"17.5 
1 
Ackermann to Root, 1 run 
Tad short, spins in to middle. Root backs away and square drives to deep point",17.5,1,1.0,"Ackermann to Root, 1 run  .Tad short, spins in to middle. Root backs away and square drives to deep point",Ackermann,Root,1.0,0,0,1,1,1.0,0,,1
"17.6 
1 
Ackermann to Malan, 1 run 
Full on middle and off, stays leg side and drives to long-off. 
Naveed: ""Where was THIS England all through the World Cup?"" 
end of over 186 runs  
ENG: 117/1CRR: 6.50  
Dawid Malan75 (62b 10x4 1x6) 
Joe Root23 (29b 1x4) 
Colin Ackermann 2-0-11-0 
Roelof van der Merwe 2-0-14-0 
Roelof from around",17.6,1,1.0,"Ackermann to Malan, 1 run  .Full on middle and off, stays leg side and drives to long-off.",Ackermann,Malan,1.0,0,0,1,1,1.0,0,,1
"18.1 
• 
van der Merwe to Malan, no run 
Fullish ball angles away to fourth, worked to the bowler",18.1,0,0.0,"van der Merwe to Malan, no run  .Fullish ball angles away to fourth, worked to the bowler",van der Merwe,Malan,0.0,0,0,1,1,0.0,0,,0
"18.2 
6 
van der Merwe to Malan, SIX runs 
Dances down and mows it over midwicket despite not getting to the pitch. Length ball 
at the stumps, Malan launched it with the closed bat face, the lack of pace and spin 
helped him. 79-metre hit.",18.2,6,6.0,"van der Merwe to Malan, SIX runs  .Dances down and mows it over midwicket despite not getting to the pitch. Length ball  .at the stumps, Malan launched it with the closed bat face, the lack of pace and spin  .helped him. 79-metre hit.",van der Merwe,Malan,6.0,0,1,1,1,6.0,0,,1
"18.3 
• 
van der Merwe to Malan, no run 
Fullish ball on the pads, helped to short fine leg",18.3,0,0.0,"van der Merwe to Malan, no run  .Fullish ball on the pads, helped to short fine leg",van der Merwe,Malan,0.0,0,0,1,1,0.0,0,,0
"18.4 
1 
van der Merwe to Malan, 1 run 
Short of length on middle, length to deep-forward square",18.4,1,1.0,"van der Merwe to Malan, 1 run  .Short of length on middle, length to deep-forward square",van der Merwe,Malan,1.0,0,0,1,1,1.0,0,,1
"18.5 
• 
van der Merwe to Root, no run 
Full on fifth, pushed to cover",18.5,0,0.0,"van der Merwe to Root, no run  .Full on fifth, pushed to cover",van der Merwe,Root,0.0,0,0,1,1,0.0,0,,0
"18.6 
1 
van der Merwe to Root, 1 run 
Length on the pads, goes back and nurdles it to backward square leg. 81ks 
Jiten Surtani: ""Weird thoughts of the day. 4 teams with blue jersey - 1 comfortable (Ind), 
one fighting (Afg) and remaining out (Eng and SL). 3 teams with green jersey - 1 
comfortable (SA), one fighting (Pak) and remaining out (Ban). 3 teams with other color 
jersey - 1 comfortable (Aus), 1 fighting (NZ) and remaining out (Ned)."" 
end of over 198 runs  
ENG: 125/1CRR: 6.57  
Joe Root24 (31b 1x4) 
Dawid Malan82 (66b 10x4 2x6) 
Roelof van der Merwe 3-0-22-0 
Colin Ackermann 2-0-11-0",18.6,1,1.0,"van der Merwe to Root, 1 run  .Length on the pads, goes back and nurdles it to backward square leg. 81ks",van der Merwe,Root,1.0,0,0,1,1,1.0,0,,1
"19.1 
2 
Dutt to Root, 2 runs 
Wide and full, reaches out and slaps it wide of cover. Stopped by the sweeper in the 
deep.",19.1,2,2.0,"Dutt to Root, 2 runs  .Wide and full, reaches out and slaps it wide of cover. Stopped by the sweeper in the  .deep.",Dutt,Root,2.0,0,0,1,1,2.0,0,,1
"19.2 
1 
Dutt to Root, 1 run 
Length on fifth, goes back and works it to long-on",19.2,1,1.0,"Dutt to Root, 1 run  .Length on fifth, goes back and works it to long-on",Dutt,Root,1.0,0,0,1,1,1.0,0,,1
"19.3 
1 
Dutt to Malan, 1 run 
Full on leg from around the wicket, pushed to long-on. 88ks 
Back over the wicket for the rhb",19.3,1,1.0,"Dutt to Malan, 1 run  .Full on leg from around the wicket, pushed to long-on. 88ks  .Back over the wicket for the rhb",Dutt,Malan,1.0,0,0,1,1,1.0,0,,1
"19.4 
1 
Dutt to Root, 1 run 
Length on fifth, another back-foot punch from inside the crease to long-on 
YA: ""@Ekanth: So what point is Jiten trying to make?"" Guess that his imagination's going 
for a ride.",19.4,1,1.0,"Dutt to Root, 1 run  .Length on fifth, another back-foot punch from inside the crease to long-on",Dutt,Root,1.0,0,0,1,1,1.0,0,,1
"19.5 
1w 
Dutt to Malan, 1 wide 
Down leg, beats the flick. Malan manages to hold his balance and stay rooted inside the 
crease. Was a 96kph dart on a length.",19.5,1w,1.0,"Dutt to Malan, 1 wide  .Down leg, beats the flick. Malan manages to hold his balance and stay rooted inside the  .crease. Was a 96kph dart on a length.",Dutt,Malan,0.0,0,0,0,0,1.0,0,,1
"19.5 
• 
Dutt to Malan, no run 
Length on fourth, pushed off the back foot to cover",19.5,0,0.0,"Dutt to Malan, no run  .Length on fourth, pushed off the back foot to cover",Dutt,Malan,0.0,0,0,1,1,0.0,0,,0
"19.6 
1 
Dutt to Malan, 1 run 
A bit fuller on leg, punched past the diving bowler. 
Rishi: ""If Eng wins today, 1 team will be at 16, 2 teams at 12, 3 teams at 8 and 4 teams 
at 4. What sequence!"" 
end of over 207 runs  
ENG: 132/1CRR: 6.60  
Dawid Malan84 (69b 10x4 2x6) 
Joe Root28 (34b 1x4) 
Aryan Dutt 6-0-32-1 
Roelof van der Merwe 3-0-22-0 
Van Beek returns. Over the wicket",19.6,1,1.0,"Dutt to Malan, 1 run  .A bit fuller on leg, punched past the diving bowler.",Dutt,Malan,1.0,0,0,1,1,1.0,0,,1
"20.1 
1 
van Beek to Malan, 1 run 
Fullish ball on off, pushed to the left of catching cover for a quick single 
 
ENG last 5 ODIs 
MATCHES 
L 
L 
L 
L 
L",20.1,1,1.0,"van Beek to Malan, 1 run  .Fullish ball on off, pushed to the left of catching cover for a quick single  .  .ENG last 5 ODIs  .MATCHES  .L  .L  .L  .L  .L",van Beek,Malan,1.0,0,0,1,1,1.0,0,,1
"20.2 
W 
van Beek to Root, OUT 
Root's average on the reverse scoop takes a hit as do his stumps, van Beek nutmegs 
him off a back of a length and the stumps fly. Root telegraphed the shot, stood laterally 
with feet relatively wide apart and tried to go over third. Ball didn't bounce as much as 
he expected. Root tried to jam his feet together but it was too late, the ball flicked the 
inside of his thigh pad and scooted through. 
Joe Root b van Beek 28 (35b 1x4 0x6 53m) SR: 80 
See all photos",20.2,W,0.0,"van Beek to Root, OUT  .Root's average on the reverse scoop takes a hit as do his stumps, van Beek nutmegs  .him off a back of a length and the stumps fly. Root telegraphed the shot, stood laterally  .with feet relatively wide apart and tried to go over third. Ball didn't bounce as much as  .he expected. Root tried to jam his feet together but it was too late, the ball flicked the  .inside of his thigh pad and scooted through.  .Joe Root b van Beek 28 (35b 1x4 0x6 53m) SR: 80",van Beek,Root,0.0,0,0,1,1,0.0,1,b van Beek,0
"20.3 
• 
van Beek to Stokes, no run 
Full at the stumps, blocked in front",20.3,0,0.0,"van Beek to Stokes, no run  .Full at the stumps, blocked in front",van Beek,Stokes,0.0,0,0,1,1,0.0,0,,0
"20.4 
• 
van Beek to Stokes, no run 
Fullish ball on fifth, pushed to cover.",20.4,0,0.0,"van Beek to Stokes, no run  .Fullish ball on fifth, pushed to cover.",van Beek,Stokes,0.0,0,0,1,1,0.0,0,,0
"20.5 
1 
van Beek to Stokes, 1 run 
Shortish ball is pulled behind square",20.5,1,1.0,"van Beek to Stokes, 1 run  .Shortish ball is pulled behind square",van Beek,Stokes,1.0,0,0,1,1,1.0,0,,1
"20.6 
1 
van Beek to Malan, 1 run 
Dipping low full toss. Just outside off, Malan didn't read it right away but managed to 
push it to deep cover 
John W: ""I was about to comment that Root is much better playing orthodox rotating 
strike than premeditating flashy shots, then he goes and proves my point."" 
end of over 213 runs • 1 wicket 
ENG: 135/2CRR: 6.42  
Dawid Malan86 (71b 10x4 2x6) 
Ben Stokes1 (3b) 
Logan van Beek 5-0-47-1 
Aryan Dutt 6-0-32-1 
Around",20.6,1,1.0,"van Beek to Malan, 1 run  .Dipping low full toss. Just outside off, Malan didn't read it right away but managed to  .push it to deep cover",van Beek,Malan,1.0,0,0,1,1,1.0,0,,1
"21.1 
• 
Dutt to Malan, no run 
Fullish ball at the stumps, thick inside edge off the full-faced push takes it to forward 
square leg",21.1,0,0.0,"Dutt to Malan, no run  .Fullish ball at the stumps, thick inside edge off the full-faced push takes it to forward  .square leg",Dutt,Malan,0.0,0,0,1,1,0.0,0,,0
"21.2 
1 
Dutt to Malan, 1 run 
Full on off, pushed to long-on",21.2,1,1.0,"Dutt to Malan, 1 run  .Full on off, pushed to long-on",Dutt,Malan,1.0,0,0,1,1,1.0,0,,1
"21.3 
2 
Dutt to Stokes, 2 runs 
Length on the pads, clipped to deep-backward square's left",21.3,2,2.0,"Dutt to Stokes, 2 runs  .Length on the pads, clipped to deep-backward square's left",Dutt,Stokes,2.0,0,0,1,1,2.0,0,,1
"21.4 
• 
Dutt to Stokes, no run 
Full on middle and off, blocked to the bowler",21.4,0,0.0,"Dutt to Stokes, no run  .Full on middle and off, blocked to the bowler",Dutt,Stokes,0.0,0,0,1,1,0.0,0,,0
"21.5 
1 
Dutt to Stokes, 1 run 
Length on off, Stokes slides his front foot leg side to make room and punch it to long-on",21.5,1,1.0,"Dutt to Stokes, 1 run  .Length on off, Stokes slides his front foot leg side to make room and punch it to long-on",Dutt,Stokes,1.0,0,0,1,1,1.0,0,,1
"21.6 
W 
Dutt to Malan, OUT 
Run-out appeal, sent upstairs. Length at the stumps, Malan pushed it a few metres to 
the right of van Beek at cover point and took off. Stokes, who was mostly unmoved, 
sent him back but after Malan was a third of the way down. He charged back and put in 
the dive but his bat was on the crease as Edwards whipped the bails off. Great throw 
from van Beek too. Low to the left of Edwards, who squatted low and swooshed his 
hands in one motion. No ton for Malan. 
Dawid Malan run out (†Edwards/van Beek) 87 (74b 10x4 2x6 92m) SR: 117.56 
See all photos 
NJ: ""Don't say it.....don't say it....here comes the collapse...."" 
end of over 224 runs • 1 wicket 
ENG: 139/3CRR: 6.31  
Ben Stokes4 (6b) 
Aryan Dutt 7-0-36-1 
Logan van Beek 5-0-47-1",21.6,W,0.0,"Dutt to Malan, OUT  .Run-out appeal, sent upstairs. Length at the stumps, Malan pushed it a few metres to  .the right of van Beek at cover point and took off. Stokes, who was mostly unmoved,  .sent him back but after Malan was a third of the way down. He charged back and put in  .the dive but his bat was on the crease as Edwards whipped the bails off. Great throw  .from van Beek too. Low to the left of Edwards, who squatted low and swooshed his  .hands in one motion. No ton for Malan.  .Dawid Malan run out (†Edwards/van Beek) 87 (74b 10x4 2x6 92m) SR: 117.56",Dutt,Malan,0.0,0,0,1,1,0.0,0,run out (†Edwards/van Beek),0
"22.1 
• 
van Beek to Stokes, no run 
Defends this one in front",22.1,0,0.0,"van Beek to Stokes, no run  .Defends this one in front",van Beek,Stokes,0.0,0,0,1,1,0.0,0,,0
"22.2 
• 
van Beek to Stokes, no run 
Length on fourth, guided to backward point",22.2,0,0.0,"van Beek to Stokes, no run  .Length on fourth, guided to backward point",van Beek,Stokes,0.0,0,0,1,1,0.0,0,,0
"22.3 
1 
van Beek to Stokes, 1 run 
Shortish ball on top of off, guided to the right of short third",22.3,1,1.0,"van Beek to Stokes, 1 run  .Shortish ball on top of off, guided to the right of short third",van Beek,Stokes,1.0,0,0,1,1,1.0,0,,1
"22.4 
• 
van Beek to Brook, no run 
Shortish ball at the body, 130ks, blocked off the back foot to cover 
AwaliCamel: ""Really hope this team doesn't pass their self-destruct button on to the 
Test side!""",22.4,0,0.0,"van Beek to Brook, no run  .Shortish ball at the body, 130ks, blocked off the back foot to cover",van Beek,Brook,0.0,0,0,1,1,0.0,0,,0
"22.5 
• 
van Beek to Brook, no run 
Back of length on fourth, worked to midwicket",22.5,0,0.0,"van Beek to Brook, no run  .Back of length on fourth, worked to midwicket",van Beek,Brook,0.0,0,0,1,1,0.0,0,,0
"22.6 
1 
van Beek to Brook, 1 run 
A bit of confusion in running cos Engelbrecht dove to the right at point and half-stopped 
it but Brook has enough time to make it despite starting slow. Was a back of lengther 
outside off that was patted off the back foot 
end of over 232 runs  
ENG: 141/3CRR: 6.13  
Harry Brook1 (3b) 
Ben Stokes5 (9b) 
Logan van Beek 6-0-49-1 
Aryan Dutt 7-0-36-1 
Van Meekeren returns",22.6,1,1.0,"van Beek to Brook, 1 run  .A bit of confusion in running cos Engelbrecht dove to the right at point and half-stopped  .it but Brook has enough time to make it despite starting slow. Was a back of lengther  .outside off that was patted off the back foot",van Beek,Brook,1.0,0,0,1,1,1.0,0,,1
"23.1 
• 
van Meekeren to Brook, no run 
Pitched up at the stumps, pushed to the bowler",23.1,0,0.0,"van Meekeren to Brook, no run  .Pitched up at the stumps, pushed to the bowler",van Meekeren,Brook,0.0,0,0,1,1,0.0,0,,0
"23.2 
• 
van Meekeren to Brook, no run 
Full on the pads, worked to the leg side 
Anand: ""Meloncholy for David!""",23.2,0,0.0,"van Meekeren to Brook, no run  .Full on the pads, worked to the leg side",van Meekeren,Brook,0.0,0,0,1,1,0.0,0,,0
"23.3 
4 
van Meekeren to Brook, FOUR runs 
Through the line, down the ground. four. Half-volley on fourth stump, more of an off-
drive, bat face closed a bit and it raced to the right of the stumps at the non-striker's 
end.",23.3,4,4.0,"van Meekeren to Brook, FOUR runs  .Through the line, down the ground. four. Half-volley on fourth stump, more of an off- .drive, bat face closed a bit and it raced to the right of the stumps at the non-striker's  .end.",van Meekeren,Brook,4.0,1,0,1,1,4.0,0,,1
"23.4 
4 
van Meekeren to Brook, FOUR runs 
Creamed wide of sweeper cover. Cross-seam length ball around seventh stump, Brook 
reached out with his hands and had a free-flowing follow through",23.4,4,4.0,"van Meekeren to Brook, FOUR runs  .Creamed wide of sweeper cover. Cross-seam length ball around seventh stump, Brook  .reached out with his hands and had a free-flowing follow through",van Meekeren,Brook,4.0,1,0,1,1,4.0,0,,1
"23.5 
• 
van Meekeren to Brook, no run 
Length around fourth, blocked to cover",23.5,0,0.0,"van Meekeren to Brook, no run  .Length around fourth, blocked to cover",van Meekeren,Brook,0.0,0,0,1,1,0.0,0,,0
"23.6 
• 
van Meekeren to Brook, no run 
Fullish ball on fourth, 137ks, blocked to cover 
end of over 248 runs  
ENG: 149/3CRR: 6.20  
Harry Brook9 (9b 2x4) 
Ben Stokes5 (9b) 
Paul van Meekeren 4-0-24-0 
Logan van Beek 6-0-49-1",23.6,0,0.0,"van Meekeren to Brook, no run  .Fullish ball on fourth, 137ks, blocked to cover",van Meekeren,Brook,0.0,0,0,1,1,0.0,0,,0
"24.1 
4 
de Leede to Stokes, FOUR runs 
Another glorious straight drive, this time it's Stokes with an extended punhc. It's on a 
fullish length, not far from a good length but close to the stumps. Stokes was happy to 
reach out and trust the bounce and lack of movement that the pitch is offering.",24.1,4,4.0,"de Leede to Stokes, FOUR runs  .Another glorious straight drive, this time it's Stokes with an extended punhc. It's on a  .fullish length, not far from a good length but close to the stumps. Stokes was happy to  .reach out and trust the bounce and lack of movement that the pitch is offering.",de Leede,Stokes,4.0,1,0,1,1,4.0,0,,1
"24.2 
1 
de Leede to Stokes, 1 run 
Back of length at the pads, worked to midwicket",24.2,1,1.0,"de Leede to Stokes, 1 run  .Back of length at the pads, worked to midwicket",de Leede,Stokes,1.0,0,0,1,1,1.0,0,,1
"24.3 
• 
de Leede to Brook, no run 
Yorker at the stumps. Scrambled seam, lands just a few inches in front of the crease, 
Brook went square-on and jammed it with a straight bat",24.3,0,0.0,"de Leede to Brook, no run  .Yorker at the stumps. Scrambled seam, lands just a few inches in front of the crease,  .Brook went square-on and jammed it with a straight bat",de Leede,Brook,0.0,0,0,1,1,0.0,0,,0
"24.4 
• 
de Leede to Brook, no run 
Works it off a length to the leg side",24.4,0,0.0,"de Leede to Brook, no run  .Works it off a length to the leg side",de Leede,Brook,0.0,0,0,1,1,0.0,0,,0
"24.5 
1 
de Leede to Brook, 1 run 
Length at the stumps, blocked to straight mid-on",24.5,1,1.0,"de Leede to Brook, 1 run  .Length at the stumps, blocked to straight mid-on",de Leede,Brook,1.0,0,0,1,1,1.0,0,,1
"24.6 
• 
de Leede to Stokes, no run 
Length on leg, Stokes checks the wristy flick but right after playing it. Wasn't a powerful 
shot, so it didn't fly near the midwicket fielder before landing 
end of over 256 runs  
ENG: 155/3CRR: 6.20  
Ben Stokes10 (12b 1x4) 
Harry Brook10 (12b 2x4) 
Bas de Leede 3-0-13-0 
Paul van Meekeren 4-0-24-0",24.6,0,0.0,"de Leede to Stokes, no run  .Length on leg, Stokes checks the wristy flick but right after playing it. Wasn't a powerful  .shot, so it didn't fly near the midwicket fielder before landing",de Leede,Stokes,0.0,0,0,1,1,0.0,0,,0
"25.1 
1 
van Meekeren to Brook, 1 run 
Length on fifth, pushed to deep point",25.1,1,1.0,"van Meekeren to Brook, 1 run  .Length on fifth, pushed to deep point",van Meekeren,Brook,1.0,0,0,1,1,1.0,0,,1
"25.2 
• 
van Meekeren to Stokes, no run 
Full on fifth, thrashed right into the pitch. Ball fizzles to cover",25.2,0,0.0,"van Meekeren to Stokes, no run  .Full on fifth, thrashed right into the pitch. Ball fizzles to cover",van Meekeren,Stokes,0.0,0,0,1,1,0.0,0,,0
"25.3 
4 
van Meekeren to Stokes, FOUR runs 
Punched through extra. Great gap-threading from Stokes, it was on a three-quarter 
length just outside off, Stokes stood tall, the lunge was late and the bat came down at 
the right time.",25.3,4,4.0,"van Meekeren to Stokes, FOUR runs  .Punched through extra. Great gap-threading from Stokes, it was on a three-quarter  .length just outside off, Stokes stood tall, the lunge was late and the bat came down at  .the right time.",van Meekeren,Stokes,4.0,1,0,1,1,4.0,0,,1
"25.4 
2 
van Meekeren to Stokes, 2 runs 
Pulls the cross-seamer off a length through midwicket, fielder runs swiftly to the right 
and dives. Manages to parry it off his palms to save two. Ackermann it was",25.4,2,2.0,"van Meekeren to Stokes, 2 runs  .Pulls the cross-seamer off a length through midwicket, fielder runs swiftly to the right  .and dives. Manages to parry it off his palms to save two. Ackermann it was",van Meekeren,Stokes,2.0,0,0,1,1,2.0,0,,1
"25.5 
1 
van Meekeren to Stokes, 1 run 
Length around off, blocked to point with the outer-half of the straight-ish bat",25.5,1,1.0,"van Meekeren to Stokes, 1 run  .Length around off, blocked to point with the outer-half of the straight-ish bat",van Meekeren,Stokes,1.0,0,0,1,1,1.0,0,,1
"25.6 
• 
van Meekeren to Brook, no run 
Slow on a length, fifth stump, worked to midwicket, who's in at a catching position. So, 
no single 
end of over 268 runs  
ENG: 163/3CRR: 6.26  
Harry Brook11 (14b 2x4) 
Ben Stokes17 (16b 2x4) 
Paul van Meekeren 5-0-32-0 
Bas de Leede 3-0-13-0 
Around the wicket",25.6,0,0.0,"van Meekeren to Brook, no run  .Slow on a length, fifth stump, worked to midwicket, who's in at a catching position. So,  .no single",van Meekeren,Brook,0.0,0,0,1,1,0.0,0,,0
"26.1 
• 
de Leede to Stokes, no run 
Yorker at the stumps, jams a defensive push to mid-off",26.1,0,0.0,"de Leede to Stokes, no run  .Yorker at the stumps, jams a defensive push to mid-off",de Leede,Stokes,0.0,0,0,1,1,0.0,0,,0
"26.2 
• 
de Leede to Stokes, no run 
De Leede aiming for the crease, Stokes is proactive, takes a step down to meet it at a 
low full toss. 133ks. Worked to midwicket",26.2,0,0.0,"de Leede to Stokes, no run  .De Leede aiming for the crease, Stokes is proactive, takes a step down to meet it at a  .low full toss. 133ks. Worked to midwicket",de Leede,Stokes,0.0,0,0,1,1,0.0,0,,0
"26.3 
1 
de Leede to Stokes, 1 run 
Length on fifth, Stokes gets the bat low to tap it into the grass behind. Short third runs 
to the right to cut it off",26.3,1,1.0,"de Leede to Stokes, 1 run  .Length on fifth, Stokes gets the bat low to tap it into the grass behind. Short third runs  .to the right to cut it off",de Leede,Stokes,1.0,0,0,1,1,1.0,0,,1
"26.4 
• 
de Leede to Brook, no run 
Length on fifth, driven to cover 
Rhys: ""All of that unnecessary drama around Brook not getting picked hasn't helped at 
all. He should've been a regular starter at 3 instead of Root who should never have been 
in the squad to begin with. """,26.4,0,0.0,"de Leede to Brook, no run  .Length on fifth, driven to cover",de Leede,Brook,0.0,0,0,1,1,0.0,0,,0
"26.5 
W 
de Leede to Brook, OUT 
Splices a pull, Ackermann runs in from deep square leg and settles under... and takes 
it. Dug deep into the pitch by de Leede, it was on the fifth-stump line and Brook tried to 
whack it across. Went hard, got it off the upper-half of the bat, bottom hand came off 
right after impact as well. Netherlands have taken 3 for 31 to peg England right back. 
Harry Brook c Ackermann b de Leede 11 (16b 2x4 0x6 19m) SR: 68.75 
See all photos 
 
Harry Brook in World Cup 2023 
INNS 
5 
RUNS 
139 
SR 
104.51 
AVE 
27.80 
HS 
66",26.5,W,0.0,"de Leede to Brook, OUT  .Splices a pull, Ackermann runs in from deep square leg and settles under... and takes  .it. Dug deep into the pitch by de Leede, it was on the fifth-stump line and Brook tried to  .whack it across. Went hard, got it off the upper-half of the bat, bottom hand came off  .right after impact as well. Netherlands have taken 3 for 31 to peg England right back.  .Harry Brook c Ackermann b de Leede 11 (16b 2x4 0x6 19m) SR: 68.75",de Leede,Brook,0.0,0,0,1,1,0.0,1,c Ackermann b de Leede,0
"26.6 
• 
de Leede to Buttler, no run 
A bit reachy but Buttler pushes the wide full-ish ball safely to cover 
David : ""Point well made, Rhys. Thanks for that. "" At least ten of these are in 
Sammo: ""@Rhys. I agree about Root, but would have been tempted to rest Brook as 
well, given the year he has had. Salt should have played, Hain as well."" 
end of over 271 run • 1 wicket 
ENG: 164/4CRR: 6.07  
Jos Buttler0 (1b) 
Ben Stokes18 (19b 2x4) 
Bas de Leede 4-0-14-1 
Paul van Meekeren 5-0-32-0",26.6,0,0.0,"de Leede to Buttler, no run  .A bit reachy but Buttler pushes the wide full-ish ball safely to cover",de Leede,Buttler,0.0,0,0,1,1,0.0,0,,0
"27.1 
1 
Ackermann to Stokes, 1 run 
Full on the legs, flicked to long-on",27.1,1,1.0,"Ackermann to Stokes, 1 run  .Full on the legs, flicked to long-on",Ackermann,Stokes,1.0,0,0,1,1,1.0,0,,1
"27.2 
• 
Ackermann to Buttler, no run 
Length on off, goes back and punches it to towards mid-on. Ackermann runs and dives 
to keep Buttler on strike",27.2,0,0.0,"Ackermann to Buttler, no run  .Length on off, goes back and punches it to towards mid-on. Ackermann runs and dives  .to keep Buttler on strike",Ackermann,Buttler,0.0,0,0,1,1,0.0,0,,0
"27.3 
• 
Ackermann to Buttler, no run 
Darted on a fullish length, 97ks at the stumps, worked to midwicket",27.3,0,0.0,"Ackermann to Buttler, no run  .Darted on a fullish length, 97ks at the stumps, worked to midwicket",Ackermann,Buttler,0.0,0,0,1,1,0.0,0,,0
"27.4 
• 
Ackermann to Buttler, no run 
Keeps the line tight. Fullish on fourth stump, punched to the bowler",27.4,0,0.0,"Ackermann to Buttler, no run  .Keeps the line tight. Fullish on fourth stump, punched to the bowler",Ackermann,Buttler,0.0,0,0,1,1,0.0,0,,0
"27.5 
2 
Ackermann to Buttler, 2 runs 
A bit of room allows Buttler to get off the mark. On a length at sixth, crunched through 
cover, sweeper cuts it off to the right",27.5,2,2.0,"Ackermann to Buttler, 2 runs  .A bit of room allows Buttler to get off the mark. On a length at sixth, crunched through  .cover, sweeper cuts it off to the right",Ackermann,Buttler,2.0,0,0,1,1,2.0,0,,1
"27.6 
• 
Ackermann to Buttler, no run 
Length on the pads, clipped to midwicket 
vishal: """"A lot of pressure on Butler today..."""" 
end of over 283 runs  
ENG: 167/4CRR: 5.96  
Jos Buttler2 (6b) 
Ben Stokes19 (20b 2x4) 
Colin Ackermann 3-0-14-0 
Bas de Leede 4-0-14-1 
Around",27.6,0,0.0,"Ackermann to Buttler, no run  .Length on the pads, clipped to midwicket",Ackermann,Buttler,0.0,0,0,1,1,0.0,0,,0
"28.1 
1 
de Leede to Stokes, 1 run 
Fullish ball angling into the stumps, Stokes tries to push it straight. Inside edge takes it 
to deep square leg",28.1,1,1.0,"de Leede to Stokes, 1 run  .Fullish ball angling into the stumps, Stokes tries to push it straight. Inside edge takes it  .to deep square leg",de Leede,Stokes,1.0,0,0,1,1,1.0,0,,1
"28.2 
1 
de Leede to Buttler, 1 run 
Flashy cut is edged in the air... goes to deep third on the bounce. Shortish ball at fifth, 
Buttler went hard but didn't have a lot of room. Lucky to not have fully crunched it",28.2,1,1.0,"de Leede to Buttler, 1 run  .Flashy cut is edged in the air... goes to deep third on the bounce. Shortish ball at fifth,  .Buttler went hard but didn't have a lot of room. Lucky to not have fully crunched it",de Leede,Buttler,1.0,0,0,1,1,1.0,0,,1
"28.3 
• 
de Leede to Stokes, no run 
Fullish on fifth, driven to cover",28.3,0,0.0,"de Leede to Stokes, no run  .Fullish on fifth, driven to cover",de Leede,Stokes,0.0,0,0,1,1,0.0,0,,0
"28.4 
• 
de Leede to Stokes, no run 
Another punch down the ground, not as well timed as the previous ones, hits the non-
striker's stumps. De Leede reached out with his left leg and tried to flick it off the boot 
onto the stumps but his heel got stuck.",28.4,0,0.0,"de Leede to Stokes, no run  .Another punch down the ground, not as well timed as the previous ones, hits the non- .striker's stumps. De Leede reached out with his left leg and tried to flick it off the boot  .onto the stumps but his heel got stuck.",de Leede,Stokes,0.0,0,0,1,1,0.0,0,,0
"28.5 
4 
de Leede to Stokes, FOUR runs 
Helped behind square. It's at the waist and Stokes swivels as he keeps the pull along 
the ground.",28.5,4,4.0,"de Leede to Stokes, FOUR runs  .Helped behind square. It's at the waist and Stokes swivels as he keeps the pull along  .the ground.",de Leede,Stokes,4.0,1,0,1,1,4.0,0,,1
"28.6 
1 
de Leede to Stokes, 1 run 
Length on the pads, uses the angle to glance it to deep fine leg 
end of over 297 runs  
ENG: 174/4CRR: 6.00  
Ben Stokes25 (25b 3x4) 
Jos Buttler3 (7b) 
Bas de Leede 5-0-21-1 
Colin Ackermann 3-0-14-0 
Around",28.6,1,1.0,"de Leede to Stokes, 1 run  .Length on the pads, uses the angle to glance it to deep fine leg",de Leede,Stokes,1.0,0,0,1,1,1.0,0,,1
"29.1 
• 
Ackermann to Stokes, no run 
Full at the stumps, Test block to the bowler",29.1,0,0.0,"Ackermann to Stokes, no run  .Full at the stumps, Test block to the bowler",Ackermann,Stokes,0.0,0,0,1,1,0.0,0,,0
"29.2 
1 
Ackermann to Stokes, 1 run 
Full on the pads, glanced to short fine leg",29.2,1,1.0,"Ackermann to Stokes, 1 run  .Full on the pads, glanced to short fine leg",Ackermann,Stokes,1.0,0,0,1,1,1.0,0,,1
"29.3 
1 
Ackermann to Buttler, 1 run 
Fullish ball on off, turned in and was worked to long-on",29.3,1,1.0,"Ackermann to Buttler, 1 run  .Fullish ball on off, turned in and was worked to long-on",Ackermann,Buttler,1.0,0,0,1,1,1.0,0,,1
"29.4 
1 
Ackermann to Stokes, 1 run 
Length ball is punched to long-on 
Shaheer: ""Ridiculous comments! Root has averaged around 50 for about a whole 
decade in ODIs. There's no way he wasn't going to make the squad.""",29.4,1,1.0,"Ackermann to Stokes, 1 run  .Length ball is punched to long-on",Ackermann,Stokes,1.0,0,0,1,1,1.0,0,,1
"29.5 
• 
Ackermann to Buttler, no run 
Overpitched on the pads, worked to midwicket",29.5,0,0.0,"Ackermann to Buttler, no run  .Overpitched on the pads, worked to midwicket",Ackermann,Buttler,0.0,0,0,1,1,0.0,0,,0
"29.6 
1 
Ackermann to Buttler, 1 run 
Length on fourth, 92ks, goes back and flicks to long-on 
Harsh: ""leave Root and Brooke aside, England's main problem is opening and if they had 
Roy in the squad he could have replaced Bairstow who looks out of form."" 
end of over 304 runs  
ENG: 178/4CRR: 5.93  
Jos Buttler5 (10b) 
Ben Stokes27 (28b 3x4) 
Colin Ackermann 4-0-18-0 
Bas de Leede 5-0-21-1",29.6,1,1.0,"Ackermann to Buttler, 1 run  .Length on fourth, 92ks, goes back and flicks to long-on",Ackermann,Buttler,1.0,0,0,1,1,1.0,0,,1
"30.1 
W 
van Meekeren to Buttler, OUT 
Buttler's horror tournament continues, tries to launch it off a length but ends up toeing 
it to mid-off. It was on off stump, 133ks, and he tried to power it through, bat turned 
outwards in his hand and he loses power. Van Meekeran backtracks a step or two and 
takes it above his shoulders. Buttler's first attempt to break through is his last for the 
day. 
Jos Buttler c Nidamanuru b van Meekeren 5 (11b 0x4 0x6 12m) SR: 45.45 
See all photos",30.1,W,0.0,"van Meekeren to Buttler, OUT  .Buttler's horror tournament continues, tries to launch it off a length but ends up toeing  .it to mid-off. It was on off stump, 133ks, and he tried to power it through, bat turned  .outwards in his hand and he loses power. Van Meekeran backtracks a step or two and  .takes it above his shoulders. Buttler's first attempt to break through is his last for the  .day.  .Jos Buttler c Nidamanuru b van Meekeren 5 (11b 0x4 0x6 12m) SR: 45.45",van Meekeren,Buttler,0.0,0,0,1,1,0.0,1,c Nidamanuru b van Meekeren,0
"30.2 
• 
van Meekeren to Moeen Ali, no run 
Back of length over off, tapped with the fully open bat face to short third 
 
Jos Buttler in World Cup 2023 
INNS 
8 
RUNS 
111 
SR 
89.51 
AVE 
13.87 
HS 
43",30.2,0,0.0,"van Meekeren to Moeen Ali, no run  .Back of length over off, tapped with the fully open bat face to short third  .  .Jos Buttler in World Cup 2023  .INNS  .8  .RUNS  .111  .SR  .89.51  .AVE  .13.87  .HS  .43",van Meekeren,Moeen Ali,0.0,0,0,1,1,0.0,0,,0
"30.3 
• 
van Meekeren to Moeen Ali, no run 
Length over off, punched off the back foot to cover",30.3,0,0.0,"van Meekeren to Moeen Ali, no run  .Length over off, punched off the back foot to cover",van Meekeren,Moeen Ali,0.0,0,0,1,1,0.0,0,,0
"30.4 
1 
van Meekeren to Moeen Ali, 1 run 
Wide on a fullish length, steered to deep-forward point",30.4,1,1.0,"van Meekeren to Moeen Ali, 1 run  .Wide on a fullish length, steered to deep-forward point",van Meekeren,Moeen Ali,1.0,0,0,1,1,1.0,0,,1
"30.5 
• 
van Meekeren to Stokes, no run 
Length on off, blocked from the crease to cover. 133ks",30.5,0,0.0,"van Meekeren to Stokes, no run  .Length on off, blocked from the crease to cover. 133ks",van Meekeren,Stokes,0.0,0,0,1,1,0.0,0,,0
"30.6 
1 
van Meekeren to Stokes, 1 run 
Bumper over fourth, pulled off the middle to deep-forward square 
His average is the lowest for any batter to have batted at least 15 times in the top seven 
in India. 
Jos Buttler in ODIs in India - 15 innings, 194 runs, 12.93 average, 0 fifties. 
end of over 312 runs • 1 wicket 
ENG: 180/5CRR: 5.80  
Ben Stokes28 (30b 3x4) 
Moeen Ali1 (3b) 
Paul van Meekeren 6-0-34-1 
Colin Ackermann 4-0-18-0",30.6,1,1.0,"van Meekeren to Stokes, 1 run  .Bumper over fourth, pulled off the middle to deep-forward square  .His average is the lowest for any batter to have batted at least 15 times in the top seven  .in India.  .Jos Buttler in ODIs in India - 15 innings, 194 runs, 12.93 average, 0 fifties.",van Meekeren,Stokes,1.0,0,0,1,1,1.0,0,,1
"31.1 
• 
Ackermann to Stokes, no run 
Full around fourth, pushed to cover",31.1,0,0.0,"Ackermann to Stokes, no run  .Full around fourth, pushed to cover",Ackermann,Stokes,0.0,0,0,1,1,0.0,0,,0
"31.2 
1 
Ackermann to Stokes, 1 run 
Shortish ball on leg, goes back and punches to long-on",31.2,1,1.0,"Ackermann to Stokes, 1 run  .Shortish ball on leg, goes back and punches to long-on",Ackermann,Stokes,1.0,0,0,1,1,1.0,0,,1
"31.3 
• 
Ackermann to Moeen Ali, no run 
A bit of hesitation but they decide against the run early. Full around off, pushed 
defensively to cover point. Both batters hurriedly took a few steps before retracting",31.3,0,0.0,"Ackermann to Moeen Ali, no run  .A bit of hesitation but they decide against the run early. Full around off, pushed  .defensively to cover point. Both batters hurriedly took a few steps before retracting",Ackermann,Moeen Ali,0.0,0,0,1,1,0.0,0,,0
"31.4 
• 
Ackermann to Moeen Ali, no run 
Full around off, blocked to cover 
Alphonso Bonso: ""Predicted score is showing 306, England would bite both your hands 
off, your feet and your torso if offered that score now.""",31.4,0,0.0,"Ackermann to Moeen Ali, no run  .Full around off, blocked to cover",Ackermann,Moeen Ali,0.0,0,0,1,1,0.0,0,,0
"31.5 
1 
Ackermann to Moeen Ali, 1 run 
Length on middle, clipped to long-on",31.5,1,1.0,"Ackermann to Moeen Ali, 1 run  .Length on middle, clipped to long-on",Ackermann,Moeen Ali,1.0,0,0,1,1,1.0,0,,1
"31.6 
1 
Ackermann to Stokes, 1 run 
Dragged down but Ackermann gets away with it. Ackermann smiles and has a jovial 
word with Stokes at the non-striker's end. It was on the pads, Stokes swivelled and 
muscled it along the ground. Just got it straight to deep square leg 
end of over 323 runs  
ENG: 183/5CRR: 5.71  
Ben Stokes30 (33b 3x4) 
Moeen Ali2 (6b) 
Colin Ackermann 5-0-21-0 
Paul van Meekeren 6-0-34-1",31.6,1,1.0,"Ackermann to Stokes, 1 run  .Dragged down but Ackermann gets away with it. Ackermann smiles and has a jovial  .word with Stokes at the non-striker's end. It was on the pads, Stokes swivelled and  .muscled it along the ground. Just got it straight to deep square leg",Ackermann,Stokes,1.0,0,0,1,1,1.0,0,,1
"32.1 
1w 
van Meekeren to Stokes, 1 wide 
Bouncer seams in but after landing just outside leg. Goes right up and too far down leg 
to entice Stokes into a pull. Ducks to let it pass",32.1,1w,1.0,"van Meekeren to Stokes, 1 wide  .Bouncer seams in but after landing just outside leg. Goes right up and too far down leg  .to entice Stokes into a pull. Ducks to let it pass",van Meekeren,Stokes,0.0,0,0,0,0,1.0,0,,1
"32.1 
1 
van Meekeren to Stokes, 1 run 
Deep fine leg saves three. Runs to the left, has a tumble and keeps the ball in play. Ball 
was around a length, angling in at the body, was tucked off the back foot.",32.1,1,1.0,"van Meekeren to Stokes, 1 run  .Deep fine leg saves three. Runs to the left, has a tumble and keeps the ball in play. Ball  .was around a length, angling in at the body, was tucked off the back foot.",van Meekeren,Stokes,1.0,0,0,1,1,1.0,0,,1
"32.2 
• 
van Meekeren to Moeen Ali, no run 
Length around fourth, blocked to cover 
Afeef: ""That stat about Buttler is quite surprising given how well he bats in the IPL which 
played on these very grounds.""",32.2,0,0.0,"van Meekeren to Moeen Ali, no run  .Length around fourth, blocked to cover",van Meekeren,Moeen Ali,0.0,0,0,1,1,0.0,0,,0
"32.3 
• 
van Meekeren to Moeen Ali, no run 
Length on middle and off, defended off the back foot towards midwicket",32.3,0,0.0,"van Meekeren to Moeen Ali, no run  .Length on middle and off, defended off the back foot towards midwicket",van Meekeren,Moeen Ali,0.0,0,0,1,1,0.0,0,,0
"32.4 
1 
van Meekeren to Moeen Ali, 1 run 
Bumper on fourth, Moeen swivels and pulls it into the ground. Goes to deep square leg 
Stephen: ""That would imply, Alphonso, that all the England players are zombies. 
Actually, that sounds about right for this World Cup.""",32.4,1,1.0,"van Meekeren to Moeen Ali, 1 run  .Bumper on fourth, Moeen swivels and pulls it into the ground. Goes to deep square leg",van Meekeren,Moeen Ali,1.0,0,0,1,1,1.0,0,,1
"32.5 
• 
van Meekeren to Stokes, no run 
Fullish ball from around the wicket at middle, blocked to mid-on's right",32.5,0,0.0,"van Meekeren to Stokes, no run  .Fullish ball from around the wicket at middle, blocked to mid-on's right",van Meekeren,Stokes,0.0,0,0,1,1,0.0,0,,0
"32.6 
• 
van Meekeren to Stokes, no run 
Very full on middle, worked to mid-on 
Drinks, time for Miller to hop back in. Just a reminder, England were 111 for 1 in 17 
overs at the last drinks break. 
end of over 333 runs  
ENG: 186/5CRR: 5.63  
Ben Stokes31 (36b 3x4) 
Moeen Ali3 (9b) 
Paul van Meekeren 7-0-37-1 
Colin Ackermann 5-0-21-0 
Hello there... it's happening again, isn't it? My God, it's happening again... assume foetal 
position and start rocking...",32.6,0,0.0,"van Meekeren to Stokes, no run  .Very full on middle, worked to mid-on  .Drinks, time for Miller to hop back in. Just a reminder, England were 111 for 1 in 17  .overs at the last drinks break.",van Meekeren,Stokes,0.0,0,0,1,1,0.0,0,,0
"33.1 
• 
Ackermann to Moeen Ali, no run 
head over the ball, and pressed back down the line",33.1,0,0.0,"Ackermann to Moeen Ali, no run  .head over the ball, and pressed back down the line",Ackermann,Moeen Ali,0.0,0,0,1,1,0.0,0,,0
"33.2 
1 
Ackermann to Moeen Ali, 1 run 
round the wicket, leans forward for a flick to mid-on, across the line",33.2,1,1.0,"Ackermann to Moeen Ali, 1 run  .round the wicket, leans forward for a flick to mid-on, across the line",Ackermann,Moeen Ali,1.0,0,0,1,1,1.0,0,,1
"33.3 
• 
Ackermann to Stokes, no run 
straightens a touch from round the wicket, pressed with a full face back down the 
wicket",33.3,0,0.0,"Ackermann to Stokes, no run  .straightens a touch from round the wicket, pressed with a full face back down the  .wicket",Ackermann,Stokes,0.0,0,0,1,1,0.0,0,,0
"33.4 
• 
Ackermann to Stokes, no run 
firm on the front foot, pushed back to the bowler",33.4,0,0.0,"Ackermann to Stokes, no run  .firm on the front foot, pushed back to the bowler",Ackermann,Stokes,0.0,0,0,1,1,0.0,0,,0
"33.5 
1 
Ackermann to Stokes, 1 run 
compact on a drive to mid-on, but Ackermann will be more than happy with this tempo",33.5,1,1.0,"Ackermann to Stokes, 1 run  .compact on a drive to mid-on, but Ackermann will be more than happy with this tempo",Ackermann,Stokes,1.0,0,0,1,1,1.0,0,,1
"33.6 
• 
Ackermann to Moeen Ali, no run 
crunched into the covers, straight at the close fielder. Two runs off the over. England are 
becalmed 
Aminur: ""I've been in the foetal position from the start of the match. Its pretty 
comfortable."" How lovely. We might join you 
end of over 342 runs  
ENG: 188/5CRR: 5.52  
Moeen Ali4 (12b) 
Ben Stokes32 (39b 3x4) 
Colin Ackermann 6-0-23-0 
Paul van Meekeren 7-0-37-1",33.6,0,0.0,"Ackermann to Moeen Ali, no run  .crunched into the covers, straight at the close fielder. Two runs off the over. England are  .becalmed",Ackermann,Moeen Ali,0.0,0,0,1,1,0.0,0,,0
"34.1 
• 
de Leede to Stokes, no run 
clipped hard through the full length, but a good pounce at mid-on cuts off the single",34.1,0,0.0,"de Leede to Stokes, no run  .clipped hard through the full length, but a good pounce at mid-on cuts off the single",de Leede,Stokes,0.0,0,0,1,1,0.0,0,,0
"34.2 
2 
de Leede to Stokes, 2 runs 
Stokes has a hack, but can't clear the ropes... panned up and over midwicket, O'Dowd 
rushes round and pats the bouncing ball back into play to cut off the boundary",34.2,2,2.0,"de Leede to Stokes, 2 runs  .Stokes has a hack, but can't clear the ropes... panned up and over midwicket, O'Dowd  .rushes round and pats the bouncing ball back into play to cut off the boundary",de Leede,Stokes,2.0,0,0,1,1,2.0,0,,1
"34.3 
• 
de Leede to Stokes, no run 
pops from a good length, stabbed down into the pitch",34.3,0,0.0,"de Leede to Stokes, no run  .pops from a good length, stabbed down into the pitch",de Leede,Stokes,0.0,0,0,1,1,0.0,0,,0
"34.4 
1 
de Leede to Stokes, 1 run 
back of a length, on the pads, nudged square for another single",34.4,1,1.0,"de Leede to Stokes, 1 run  .back of a length, on the pads, nudged square for another single",de Leede,Stokes,1.0,0,0,1,1,1.0,0,,1
"34.5 
• 
de Leede to Moeen Ali, no run 
round the wicket, angled into the pads, worked to midwicket 
Stefan: ""You pose a wonderful quantum cricket question, Miller: Does the mere act of 
believing a collapse/upset will happen influence the collapse/upset itself? "" I completely 
believe it. Cricket is played 90% in the mind",34.5,0,0.0,"de Leede to Moeen Ali, no run  .round the wicket, angled into the pads, worked to midwicket",de Leede,Moeen Ali,0.0,0,0,1,1,0.0,0,,0
"34.6 
• 
de Leede to Moeen Ali, no run 
short, Moeen swings across his pull but under-edged out to midwicket. Another over of 
England stuck in neutral. This is so unlike the England of old, it's just bewildering to 
behold 
end of over 353 runs  
ENG: 191/5CRR: 5.45  
Moeen Ali4 (14b) 
Ben Stokes35 (43b 3x4) 
Bas de Leede 6-0-24-1 
Colin Ackermann 6-0-23-0 
Back comes Dutt",34.6,0,0.0,"de Leede to Moeen Ali, no run  .short, Moeen swings across his pull but under-edged out to midwicket. Another over of  .England stuck in neutral. This is so unlike the England of old, it's just bewildering to  .behold",de Leede,Moeen Ali,0.0,0,0,1,1,0.0,0,,0
"35.1 
1 
Dutt to Stokes, 1 run 
full length, clipped to the on-side, another single to mid-on",35.1,1,1.0,"Dutt to Stokes, 1 run  .full length, clipped to the on-side, another single to mid-on",Dutt,Stokes,1.0,0,0,1,1,1.0,0,,1
"35.2 
W 
Dutt to Moeen Ali, OUT 
so limp from Moeen! Looped up from round the wicket, he leans into a lofted drive, gets 
neither power nor placement through the stroke. A powder-puff launch, floats to long-off 
as if on a parachute, which is much as this innings now is. 
Moeen Ali c de Leede b Dutt 4 (15b 0x4 0x6 20m) SR: 26.66 
See all photos 
Woakes arrives, not entirely promptly it has to be said... I think there's some joking 
about Timed Outs going on out there 
 
Moeen Ali vs offspin in ODIs 
RUNS 
427 
OUTS 
17 
4s/6s 
28/20 
SR 
103.38 
AVE 
26.68",35.2,W,0.0,"Dutt to Moeen Ali, OUT  .so limp from Moeen! Looped up from round the wicket, he leans into a lofted drive, gets  .neither power nor placement through the stroke. A powder-puff launch, floats to long-off  .as if on a parachute, which is much as this innings now is.  .Moeen Ali c de Leede b Dutt 4 (15b 0x4 0x6 20m) SR: 26.66",Dutt,Moeen Ali,0.0,0,0,1,1,0.0,1,c de Leede b Dutt,0
"35.3 
• 
Dutt to Woakes, no run 
tossed up from over the wicket, angled bat into the off side",35.3,0,0.0,"Dutt to Woakes, no run  .tossed up from over the wicket, angled bat into the off side",Dutt,Woakes,0.0,0,0,1,1,0.0,0,,0
"35.4 
1 
Dutt to Woakes, 1 run 
off the mark with a jab out to point",35.4,1,1.0,"Dutt to Woakes, 1 run  .off the mark with a jab out to point",Dutt,Woakes,1.0,0,0,1,1,1.0,0,,1
"35.5 
• 
Dutt to Stokes, no run 
round the wicket, on the back foot, pressed to mid-on",35.5,0,0.0,"Dutt to Stokes, no run  .round the wicket, on the back foot, pressed to mid-on",Dutt,Stokes,0.0,0,0,1,1,0.0,0,,0
"35.6 
1 
Dutt to Stokes, 1 run 
turning into the pads, worked off the toes to mid-on 
Srinivasan: ""The problem with England this WC is they try to manufacture shot instead 
of playing normal cricket"" 
end of over 363 runs • 1 wicket 
ENG: 194/6CRR: 5.38  
Ben Stokes37 (46b 3x4) 
Chris Woakes1 (2b) 
Aryan Dutt 8-0-39-2 
Bas de Leede 6-0-24-1",35.6,1,1.0,"Dutt to Stokes, 1 run  .turning into the pads, worked off the toes to mid-on",Dutt,Stokes,1.0,0,0,1,1,1.0,0,,1
"36.1 
2 
de Leede to Stokes, 2 runs 
full length, into the pads, tucked square for two more. Riches!",36.1,2,2.0,"de Leede to Stokes, 2 runs  .full length, into the pads, tucked square for two more. Riches!",de Leede,Stokes,2.0,0,0,1,1,2.0,0,,1
"36.2 
1 
de Leede to Stokes, 1 run 
full face of the bat, pushed hard to long-on for another single",36.2,1,1.0,"de Leede to Stokes, 1 run  .full face of the bat, pushed hard to long-on for another single",de Leede,Stokes,1.0,0,0,1,1,1.0,0,,1
"36.3 
• 
de Leede to Woakes, no run 
on the back foot, good lifter from back of a length, jabbed to the on-side 
Glen c : ""I've gone from watching Glenn Maxwell produce the most amazing inning 
probably ever in ODI, to this, limp effort, they look as scared as kittens """,36.3,0,0.0,"de Leede to Woakes, no run  .on the back foot, good lifter from back of a length, jabbed to the on-side",de Leede,Woakes,0.0,0,0,1,1,0.0,0,,0
"36.4 
2 
de Leede to Woakes, 2 runs 
short again, Woakes ducks into a measured pull, van Meekeren tumbles inside the rope 
to intercept",36.4,2,2.0,"de Leede to Woakes, 2 runs  .short again, Woakes ducks into a measured pull, van Meekeren tumbles inside the rope  .to intercept",de Leede,Woakes,2.0,0,0,1,1,2.0,0,,1
"36.5 
1 
de Leede to Woakes, 1 run 
picks off another single out to deep cover. The 200 is up, which is something 
After Glenn Maxwell's hobbling heroics yesterday, we look at nine athletes who put their 
body through hell to get the all-important win, including a World Cup final three-wicket 
haul on a broken ankle.",36.5,1,1.0,"de Leede to Woakes, 1 run  .picks off another single out to deep cover. The 200 is up, which is something  .After Glenn Maxwell's hobbling heroics yesterday, we look at nine athletes who put their  .body through hell to get the all-important win, including a World Cup final three-wicket  .haul on a broken ankle.",de Leede,Woakes,1.0,0,0,1,1,1.0,0,,1
"36.6 
• 
de Leede to Stokes, no run 
rolls the fingers on a fuller length, Stokes jabs down into the off side 
Raja Arshid: ""Think Stokes is all set to play Maxwell role today and help to set a decent 
280 odd target."" 280, with 13 overs remaining. This is not the England of old! 
end of over 376 runs  
ENG: 200/6CRR: 5.40  
Ben Stokes40 (49b 3x4) 
Chris Woakes4 (5b) 
Bas de Leede 7-0-30-1 
Aryan Dutt 8-0-39-2",36.6,0,0.0,"de Leede to Stokes, no run  .rolls the fingers on a fuller length, Stokes jabs down into the off side",de Leede,Stokes,0.0,0,0,1,1,0.0,0,,0
"37.1 
• 
Dutt to Woakes, no run 
on the back foot, solid in defence",37.1,0,0.0,"Dutt to Woakes, no run  .on the back foot, solid in defence",Dutt,Woakes,0.0,0,0,1,1,0.0,0,,0
"37.2 
1 
Dutt to Woakes, 1 run 
onto the front foot, flicked for the single to long-on. It's just like watching the 2015 
World Cup right now",37.2,1,1.0,"Dutt to Woakes, 1 run  .onto the front foot, flicked for the single to long-on. It's just like watching the 2015  .World Cup right now",Dutt,Woakes,1.0,0,0,1,1,1.0,0,,1
"37.3 
1 
Dutt to Stokes, 1 run 
full face, solid jab, another single to long-on 
Amber: ""There seems to be an air of finality with the English ODI team, almost as if they 
are about to retire the format and the players can't wait for it to be over. Like a party 
stretched too long.""",37.3,1,1.0,"Dutt to Stokes, 1 run  .full face, solid jab, another single to long-on",Dutt,Stokes,1.0,0,0,1,1,1.0,0,,1
"37.4 
2 
Dutt to Woakes, 2 runs 
outside off, opens the face, glided down to deep third",37.4,2,2.0,"Dutt to Woakes, 2 runs  .outside off, opens the face, glided down to deep third",Dutt,Woakes,2.0,0,0,1,1,2.0,0,,1
"37.5 
• 
Dutt to Woakes, no run 
head over the ball, solid block on the front foot 
Sonal : ""Agree or Disagree, Bangladesh beating Afghanistan was only major Upset of 
this worldcup "" England beat Bangladesh too ... that looks surprising in hindsight!",37.5,0,0.0,"Dutt to Woakes, no run  .head over the ball, solid block on the front foot",Dutt,Woakes,0.0,0,0,1,1,0.0,0,,0
"37.6 
• 
Dutt to Woakes, no run 
right back on the stumps, defended outside off with a resolute blade. Which is all very 
well, but ... seriously...! Another four runs off the over, and this innings is going nowhere 
Fiaz Laghari: ""@Miller, there's a notorious law called Murphy's Law which goes like: 
Anything that can go wrong will go wrong. So yes, a mere act of believing the collapse 
will actually lead to a collapse, although this law seems to be holding true almost every 
time when it comes to England's batting. "" I swear by it! 
end of over 384 runs  
ENG: 204/6CRR: 5.36  
Chris Woakes7 (10b) 
Ben Stokes41 (50b 3x4) 
Aryan Dutt 9-0-43-2 
Bas de Leede 7-0-30-1",37.6,0,0.0,"Dutt to Woakes, no run  .right back on the stumps, defended outside off with a resolute blade. Which is all very  .well, but ... seriously...! Another four runs off the over, and this innings is going nowhere",Dutt,Woakes,0.0,0,0,1,1,0.0,0,,0
"38.1 
• 
van Beek to Stokes, no run 
opens the face, flicked to backward point",38.1,0,0.0,"van Beek to Stokes, no run  .opens the face, flicked to backward point",van Beek,Stokes,0.0,0,0,1,1,0.0,0,,0
"38.2 
1 
van Beek to Stokes, 1 run 
dropped at fine leg! Dutt sprawls as Stokes walks across to off to access backward 
square with a powerful pick-up. He does well to save the boundary, to be fair, that was 
hard and low, and a potential finger-breaker",38.2,1,1.0,"van Beek to Stokes, 1 run  .dropped at fine leg! Dutt sprawls as Stokes walks across to off to access backward  .square with a powerful pick-up. He does well to save the boundary, to be fair, that was  .hard and low, and a potential finger-breaker",van Beek,Stokes,1.0,0,0,1,1,1.0,0,,1
"38.3 
• 
van Beek to Woakes, no run",38.3,0,0.0,"van Beek to Woakes, no run",van Beek,Woakes,0.0,0,0,1,1,0.0,0,,0
"38.4 
• 
van Beek to Woakes, no run 
up on the toes, pushed into the off side",38.4,0,0.0,"van Beek to Woakes, no run  .up on the toes, pushed into the off side",van Beek,Woakes,0.0,0,0,1,1,0.0,0,,0
"38.5 
2 
van Beek to Woakes, 2 runs 
driven down the ground, a roll of the fingers from van Beek to take off the pace. Good 
relay fielding saves the boundary",38.5,2,2.0,"van Beek to Woakes, 2 runs  .driven down the ground, a roll of the fingers from van Beek to take off the pace. Good  .relay fielding saves the boundary",van Beek,Woakes,2.0,0,0,1,1,2.0,0,,1
"38.6 
• 
van Beek to Woakes, no run 
pushed into the off side, right behind the ball, but just three off the over, despite some 
signs of intent 
end of over 393 runs  
ENG: 207/6CRR: 5.30  
Chris Woakes9 (14b) 
Ben Stokes42 (52b 3x4) 
Logan van Beek 7-0-52-1 
Aryan Dutt 9-0-43-2 
Ackermann replaces Dutt, who does have one more over to come, misread his figures",38.6,0,0.0,"van Beek to Woakes, no run  .pushed into the off side, right behind the ball, but just three off the over, despite some  .signs of intent",van Beek,Woakes,0.0,0,0,1,1,0.0,0,,0
"39.1 
1 
Ackermann to Stokes, 1 run 
on the legs, worked to the on-side",39.1,1,1.0,"Ackermann to Stokes, 1 run  .on the legs, worked to the on-side",Ackermann,Stokes,1.0,0,0,1,1,1.0,0,,1
"39.2 
4 
Ackermann to Woakes, FOUR runs 
rocks back for a spank through wide long-off, a better stroke from Woakes, opening the 
face on impact to access the covers",39.2,4,4.0,"Ackermann to Woakes, FOUR runs  .rocks back for a spank through wide long-off, a better stroke from Woakes, opening the  .face on impact to access the covers",Ackermann,Woakes,4.0,1,0,1,1,4.0,0,,1
"39.3 
1 
Ackermann to Woakes, 1 run 
on the toes, whipped to square leg 
Ben: ""10 overs since a boundary. 34 runs in that time. Dismal.""",39.3,1,1.0,"Ackermann to Woakes, 1 run  .on the toes, whipped to square leg",Ackermann,Woakes,1.0,0,0,1,1,1.0,0,,1
"39.4 
1 
Ackermann to Stokes, 1 run 
back and across, an arrow-straight push from Stokes, so focussed on middling his 
stroke as long-on gathers",39.4,1,1.0,"Ackermann to Stokes, 1 run  .back and across, an arrow-straight push from Stokes, so focussed on middling his  .stroke as long-on gathers",Ackermann,Stokes,1.0,0,0,1,1,1.0,0,,1
"39.5 
• 
Ackermann to Woakes, no run 
clubbed into the covers, can't beat the field",39.5,0,0.0,"Ackermann to Woakes, no run  .clubbed into the covers, can't beat the field",Ackermann,Woakes,0.0,0,0,1,1,0.0,0,,0
"39.6 
1 
Ackermann to Woakes, 1 run 
tight line, hint of turn back into the stumps, eased to long-on. An eight-run over is a 
minor step-up in tempo 
The final powerplay. An extra fielder can go back. But right now, England don't look 
deeply focused on boundaries 
end of over 408 runs  
ENG: 215/6CRR: 5.37  
Chris Woakes15 (18b 1x4) 
Ben Stokes44 (54b 3x4) 
Colin Ackermann 7-0-31-0 
Logan van Beek 7-0-52-1 
 
ENG in death overs (in World Cup 2023) 
INNS 
4 
WKTS 
13 
RR 
6.69 
AVE 
14.76",39.6,1,1.0,"Ackermann to Woakes, 1 run  .tight line, hint of turn back into the stumps, eased to long-on. An eight-run over is a  .minor step-up in tempo  .The final powerplay. An extra fielder can go back. But right now, England don't look  .deeply focused on boundaries",Ackermann,Woakes,1.0,0,0,1,1,1.0,0,,1
"40.1 
1 
van Beek to Woakes, 1 run 
back of a length, tight line, opens the face for a glide to deep third",40.1,1,1.0,"van Beek to Woakes, 1 run  .back of a length, tight line, opens the face for a glide to deep third",van Beek,Woakes,1.0,0,0,1,1,1.0,0,,1
"40.2 
• 
van Beek to Stokes, no run 
tucked up on the back foot, and Stokes wears that below the belt! Oof... an inside-edge 
right into the box. Count them, don't rub them",40.2,0,0.0,"van Beek to Stokes, no run  .tucked up on the back foot, and Stokes wears that below the belt! Oof... an inside-edge  .right into the box. Count them, don't rub them",van Beek,Stokes,0.0,0,0,1,1,0.0,0,,0
"40.3 
1 
van Beek to Stokes, 1 run 
up on the toes, blocked into the off side, a touch tentative on the back foot, as well he 
might be",40.3,1,1.0,"van Beek to Stokes, 1 run  .up on the toes, blocked into the off side, a touch tentative on the back foot, as well he  .might be",van Beek,Stokes,1.0,0,0,1,1,1.0,0,,1
"40.4 
4 
van Beek to Woakes, FOUR runs 
lovely strike, over-pitched with an angled delivery into the stumps, pinged with perfect 
geometry through long-off, using his angles like a snooker cue (and he's good at 
snooker too...)",40.4,4,4.0,"van Beek to Woakes, FOUR runs  .lovely strike, over-pitched with an angled delivery into the stumps, pinged with perfect  .geometry through long-off, using his angles like a snooker cue (and he's good at  .snooker too...)",van Beek,Woakes,4.0,1,0,1,1,4.0,0,,1
"40.5 
• 
van Beek to Woakes, no run 
full length, blocked into the off side",40.5,0,0.0,"van Beek to Woakes, no run  .full length, blocked into the off side",van Beek,Woakes,0.0,0,0,1,1,0.0,0,,0
"40.6 
4 
van Beek to Woakes, FOUR runs 
slower ball, but misdirected. Shaping into the pads, and tickled behind square. He's had 
a leaky day today, and it's giving England a bit of a leg-up 
Michael: ""I'd say Netherlands beating South Africa was a bit unexpected "" Yes... sensible 
answers need not apply! 
end of over 4110 runs  
ENG: 225/6CRR: 5.48  
Chris Woakes24 (22b 3x4) 
Ben Stokes45 (56b 3x4) 
Logan van Beek 8-0-62-1 
Colin Ackermann 7-0-31-0 
van Meekeren returns",40.6,4,4.0,"van Beek to Woakes, FOUR runs  .slower ball, but misdirected. Shaping into the pads, and tickled behind square. He's had  .a leaky day today, and it's giving England a bit of a leg-up",van Beek,Woakes,4.0,1,0,1,1,4.0,0,,1
"41.1 
1 
van Meekeren to Stokes, 1 run 
full length on the toes, flicked behind square",41.1,1,1.0,"van Meekeren to Stokes, 1 run  .full length on the toes, flicked behind square",van Meekeren,Stokes,1.0,0,0,1,1,1.0,0,,1
"41.2 
• 
van Meekeren to Woakes, no run 
flashed into the covers, can't beat the field",41.2,0,0.0,"van Meekeren to Woakes, no run  .flashed into the covers, can't beat the field",van Meekeren,Woakes,0.0,0,0,1,1,0.0,0,,0
"41.3 
• 
van Meekeren to Woakes, no run 
tight line, back of a length, keeps a touch low as Woakes hops into line to defend off 
stump",41.3,0,0.0,"van Meekeren to Woakes, no run  .tight line, back of a length, keeps a touch low as Woakes hops into line to defend off  .stump",van Meekeren,Woakes,0.0,0,0,1,1,0.0,0,,0
"41.4 
• 
van Meekeren to Woakes, no run 
whipped off the toes, full length worked out to midwicket",41.4,0,0.0,"van Meekeren to Woakes, no run  .whipped off the toes, full length worked out to midwicket",van Meekeren,Woakes,0.0,0,0,1,1,0.0,0,,0
"41.5 
2 
van Meekeren to Woakes, 2 runs 
width outside off, guided with an open face down to deep third",41.5,2,2.0,"van Meekeren to Woakes, 2 runs  .width outside off, guided with an open face down to deep third",van Meekeren,Woakes,2.0,0,0,1,1,2.0,0,,1
"41.6 
1 
van Meekeren to Woakes, 1 run 
back of a length, good variation from van Meekeren, hitting the pitch and drawing a 
scuffed pull from Woakes. Just another single, and England's hopes of getting a wriggle 
on are pegged back again 
Tim: ""I don't think England are doing so bad. 10 overs to go one set batsman and their 
batting line up quite deep. Think 300 possible."" It's true... it could be a score on the 
board. But we've seen this show before... 
end of over 424 runs  
ENG: 229/6CRR: 5.45  
Chris Woakes27 (27b 3x4) 
Ben Stokes46 (57b 3x4) 
Paul van Meekeren 8-0-41-1 
Logan van Beek 8-0-62-1",41.6,1,1.0,"van Meekeren to Woakes, 1 run  .back of a length, good variation from van Meekeren, hitting the pitch and drawing a  .scuffed pull from Woakes. Just another single, and England's hopes of getting a wriggle  .on are pegged back again",van Meekeren,Woakes,1.0,0,0,1,1,1.0,0,,1
"42.1 
• 
de Leede to Woakes, no run 
wafty on the front foot! Beaten by a good line and length outside off, excellent seam 
position eluding a hard-handed drive",42.1,0,0.0,"de Leede to Woakes, no run  .wafty on the front foot! Beaten by a good line and length outside off, excellent seam  .position eluding a hard-handed drive",de Leede,Woakes,0.0,0,0,1,1,0.0,0,,0
"42.2 
1 
de Leede to Woakes, 1 run 
attacking the stumps on the full length, flicked to mid-on ... another single",42.2,1,1.0,"de Leede to Woakes, 1 run  .attacking the stumps on the full length, flicked to mid-on ... another single",de Leede,Woakes,1.0,0,0,1,1,1.0,0,,1
"42.3 
6 
de Leede to Stokes, SIX runs 
full length, panned over midwicket! Stokes marches through to his fifty with a properly 
authoritative thump, hard and flat through the line and into the stands",42.3,6,6.0,"de Leede to Stokes, SIX runs  .full length, panned over midwicket! Stokes marches through to his fifty with a properly  .authoritative thump, hard and flat through the line and into the stands",de Leede,Stokes,6.0,0,1,1,1,6.0,0,,1
"42.4 
1 
de Leede to Stokes, 1 run 
full length, into the pads, tapped for the single to the on-side",42.4,1,1.0,"de Leede to Stokes, 1 run  .full length, into the pads, tapped for the single to the on-side",de Leede,Stokes,1.0,0,0,1,1,1.0,0,,1
"42.5 
1 
de Leede to Woakes, 1 run 
tight line once more, full length shaping in at off stump, clipped to mid-on for the single",42.5,1,1.0,"de Leede to Woakes, 1 run  .tight line once more, full length shaping in at off stump, clipped to mid-on for the single",de Leede,Woakes,1.0,0,0,1,1,1.0,0,,1
"42.6 
1 
de Leede to Stokes, 1 run 
up on the toes, nudged to the leg-side. Ten off the over is an improvement from 
England's point of view 
James: ""As impressive as the Netherlands have been, batting isn't their strength. Their 
highest score this tournament has been 262, and England are going to make more than 
that."" Runs on the board count for plenty in this tournament, it is true. Afghanistan 
should have won yesterday with 291 
end of over 4310 runs  
ENG: 239/6CRR: 5.55  
Ben Stokes54 (60b 3x4 1x6) 
Chris Woakes29 (30b 3x4) 
Bas de Leede 8-0-40-1 
Paul van Meekeren 8-0-41-1",42.6,1,1.0,"de Leede to Stokes, 1 run  .up on the toes, nudged to the leg-side. Ten off the over is an improvement from  .England's point of view",de Leede,Stokes,1.0,0,0,1,1,1.0,0,,1
"43.1 
2 
van Meekeren to Stokes, 2 runs 
slower ball, tapped off the pads with the perfect lack of pace to make it back for two 
more",43.1,2,2.0,"van Meekeren to Stokes, 2 runs  .slower ball, tapped off the pads with the perfect lack of pace to make it back for two  .more",van Meekeren,Stokes,2.0,0,0,1,1,2.0,0,,1
"43.2 
1 
van Meekeren to Stokes, 1 run 
swings through a lusty pull, on the back foot, slightly cramped and can't make it back for 
the second as wide long-on rushes in 
A V Koshy: ""Ah! The charge of the English brigade. Possibly the desperate race to 300 
has finally begun.""",43.2,1,1.0,"van Meekeren to Stokes, 1 run  .swings through a lusty pull, on the back foot, slightly cramped and can't make it back for  .the second as wide long-on rushes in",van Meekeren,Stokes,1.0,0,0,1,1,1.0,0,,1
"43.3 
• 
van Meekeren to Woakes, no run 
yorker. Superbly bowled. All Woakes can do is dig it out and protect his off stump",43.3,0,0.0,"van Meekeren to Woakes, no run  .yorker. Superbly bowled. All Woakes can do is dig it out and protect his off stump",van Meekeren,Woakes,0.0,0,0,1,1,0.0,0,,0
"43.4 
1 
van Meekeren to Woakes, 1 run 
on the back foot, whipped to square leg with a measured single",43.4,1,1.0,"van Meekeren to Woakes, 1 run  .on the back foot, whipped to square leg with a measured single",van Meekeren,Woakes,1.0,0,0,1,1,1.0,0,,1
"43.5 
1w 
van Meekeren to Stokes, 1 wide 
short, limbos inside the line, a harsh wide... very harsh 
 
ENG vs NED 
MATCHES 
W 
W 
W 
W 
W",43.5,1w,1.0,"van Meekeren to Stokes, 1 wide  .short, limbos inside the line, a harsh wide... very harsh  .  .ENG vs NED  .MATCHES  .W  .W  .W  .W  .W",van Meekeren,Stokes,0.0,0,0,0,0,1.0,0,,1
"43.5 
1 
van Meekeren to Stokes, 1 run 
full toss, tight to the pads so Stokes can do little more than keep it down - final ball of 
World Cup final-style - for a tap to long-on",43.5,1,1.0,"van Meekeren to Stokes, 1 run  .full toss, tight to the pads so Stokes can do little more than keep it down - final ball of  .World Cup final-style - for a tap to long-on",van Meekeren,Stokes,1.0,0,0,1,1,1.0,0,,1
"43.6 
1 
van Meekeren to Woakes, 1 run 
short ball outside off, Woakes under-edges his cut and Edwards pounces well to his 
right, that could have rushed away to the rope. He ruins the effect with a loose shy that 
gives away an over-throw 
end of over 447 runs  
ENG: 246/6CRR: 5.59  
Chris Woakes31 (33b 3x4) 
Ben Stokes58 (63b 3x4 1x6) 
Paul van Meekeren 9-0-48-1 
Bas de Leede 8-0-40-1 
Dutt to bowl his last",43.6,1,1.0,"van Meekeren to Woakes, 1 run  .short ball outside off, Woakes under-edges his cut and Edwards pounces well to his  .right, that could have rushed away to the rope. He ruins the effect with a loose shy that  .gives away an over-throw",van Meekeren,Woakes,1.0,0,0,1,1,1.0,0,,1
"44.1 
1 
Dutt to Woakes, 1 run 
round the wicket, pushed across the right-hander, punched to long-off for the single 
This could be the match-up Stokes was waiting for...",44.1,1,1.0,"Dutt to Woakes, 1 run  .round the wicket, pushed across the right-hander, punched to long-off for the single  .This could be the match-up Stokes was waiting for...",Dutt,Woakes,1.0,0,0,1,1,1.0,0,,1
"44.2 
4 
Dutt to Stokes, FOUR runs 
round the wicket, rocks back and slams a cut past cover! Beats the in- and out-fielders 
for a precious boundary. Pressure on...",44.2,4,4.0,"Dutt to Stokes, FOUR runs  .round the wicket, rocks back and slams a cut past cover! Beats the in- and out-fielders  .for a precious boundary. Pressure on...",Dutt,Stokes,4.0,1,0,1,1,4.0,0,,1
"44.3 
6 
Dutt to Stokes, SIX runs 
dragged down, and hoisted over deep midwicket! Doesn't get a perfect piece of it, but 
more than enough to clear the longer boundary",44.3,6,6.0,"Dutt to Stokes, SIX runs  .dragged down, and hoisted over deep midwicket! Doesn't get a perfect piece of it, but  .more than enough to clear the longer boundary",Dutt,Stokes,6.0,0,1,1,1,6.0,0,,1
"44.4 
• 
Dutt to Stokes, no run 
another hard cut, off the back foot, but straight at the fielder this time",44.4,0,0.0,"Dutt to Stokes, no run  .another hard cut, off the back foot, but straight at the fielder this time",Dutt,Stokes,0.0,0,0,1,1,0.0,0,,0
"44.5 
• 
Dutt to Stokes, no run 
reverse-sweep, Stokes gets in a tangle and collapses! Thumps the knee-roll, not out is 
the verdict, but Netherlands will review! Potentially struck outside the line, but it looked 
mighty close... the DRS is taking an age to load... ""lots of grumblings"" on UltraEdge but 
doesn't look like any bat involved... but the third umpire reckons there's enough doubt, 
and perhaps more likely, glove. On we go",44.5,0,0.0,"Dutt to Stokes, no run  .reverse-sweep, Stokes gets in a tangle and collapses! Thumps the knee-roll, not out is  .the verdict, but Netherlands will review! Potentially struck outside the line, but it looked",Dutt,Stokes,0.0,0,0,1,1,0.0,0,,0
"44.6 
7nb 
Dutt to Stokes, (no ball) SIX runs 
urgh, a full-toss, hoisted over backward square! Dutt's getting taken to the cleaners 
now, it's above waist-height, and suddenly real pressure on...",44.6,7nb,7.0,"Dutt to Stokes, (no ball) SIX runs  .urgh, a full-toss, hoisted over backward square! Dutt's getting taken to the cleaners  .now, it's above waist-height, and suddenly real pressure on...",Dutt,Stokes,6.0,0,0,1,0,7.0,0,,1
"44.6 
6 
Dutt to Stokes, SIX runs 
free hit... Stokes steps into the length and blazes another six over long-on! Unleashed 
with impunity, as if it was the Stokes of old... and maybe, right now, it is... 
end of over 4524 runs  
ENG: 270/6CRR: 6.00  
Ben Stokes80 (69b 4x4 4x6) 
Chris Woakes32 (34b 3x4) 
Aryan Dutt 10-0-67-2 
Paul van Meekeren 9-0-48-1",44.6,6,6.0,"Dutt to Stokes, SIX runs  .free hit... Stokes steps into the length and blazes another six over long-on! Unleashed  .with impunity, as if it was the Stokes of old... and maybe, right now, it is...",Dutt,Stokes,6.0,0,1,1,1,6.0,0,,1
"45.1 
1w 
van Beek to Woakes, 1 wide 
width, swinging away, Woakes climbs into a drive but can't connect",45.1,1w,1.0,"van Beek to Woakes, 1 wide  .width, swinging away, Woakes climbs into a drive but can't connect",van Beek,Woakes,0.0,0,0,0,0,1.0,0,,1
"45.1 
1w 
van Beek to Woakes, 1 wide 
the umpires are being pretty brutal on the wides today. Short again, outside off, but 
given on height as Woakes opts out of a stroke",45.1,1w,1.0,"van Beek to Woakes, 1 wide  .the umpires are being pretty brutal on the wides today. Short again, outside off, but  .given on height as Woakes opts out of a stroke",van Beek,Woakes,0.0,0,0,0,0,1.0,0,,1
"45.1 
1 
van Beek to Woakes, 1 run 
wide line again, full length, slashed out to deep point",45.1,1,1.0,"van Beek to Woakes, 1 run  .wide line again, full length, slashed out to deep point",van Beek,Woakes,1.0,0,0,1,1,1.0,0,,1
"45.2 
1 
van Beek to Stokes, 1 run 
full length, pushed across Stokes' bows, he climbs through his stroke and drags another 
single to long-on",45.2,1,1.0,"van Beek to Stokes, 1 run  .full length, pushed across Stokes' bows, he climbs through his stroke and drags another  .single to long-on",van Beek,Stokes,1.0,0,0,1,1,1.0,0,,1
"45.3 
5w 
van Beek to Woakes, 5 wide 
full length, leg-sided! Edwards can't intercept and the Netherlands are losing their grip 
here",45.3,5w,5.0,"van Beek to Woakes, 5 wide  .full length, leg-sided! Edwards can't intercept and the Netherlands are losing their grip  .here",van Beek,Woakes,0.0,0,0,0,0,5.0,0,,1
"45.3 
• 
van Beek to Woakes, no run 
full once more, swinging away outside off, scuffed into the covers",45.3,0,0.0,"van Beek to Woakes, no run  .full once more, swinging away outside off, scuffed into the covers",van Beek,Woakes,0.0,0,0,1,1,0.0,0,,0
"45.4 
2 
van Beek to Woakes, 2 runs 
back of a length, shaping away, another hard thump at the top of the bounce from 
Woakes, swept up at deep point 
Naveen: ""100 wides for Netherlands in the tournament"" Huge if true",45.4,2,2.0,"van Beek to Woakes, 2 runs  .back of a length, shaping away, another hard thump at the top of the bounce from  .Woakes, swept up at deep point",van Beek,Woakes,2.0,0,0,1,1,2.0,0,,1
"45.5 
1w 
van Beek to Woakes, 1 wide 
short again, another wide called as this over extends towards ten balls",45.5,1w,1.0,"van Beek to Woakes, 1 wide  .short again, another wide called as this over extends towards ten balls",van Beek,Woakes,0.0,0,0,0,0,1.0,0,,1
"45.5 
1 
van Beek to Woakes, 1 run 
slower ball, outside off again, Woakes connects firmly for another single to wide long-
off",45.5,1,1.0,"van Beek to Woakes, 1 run  .slower ball, outside off again, Woakes connects firmly for another single to wide long- .off",van Beek,Woakes,1.0,0,0,1,1,1.0,0,,1
"45.6 
1 
van Beek to Stokes, 1 run 
cracked into the covers. van Beek gets out of his over, but it's been an expensive day for 
him 
Dublin Joe: ""There was a visible gap between Stokes bat, gloves and the ball. Shocking 
umpiring decision. Wrecked Netherlands chances. "" It might have been outside off on 
impact too... there was doubt everywhere, and not out on field too 
end of over 4614 runs  
ENG: 284/6CRR: 6.17  
Ben Stokes82 (71b 4x4 4x6) 
Chris Woakes36 (38b 3x4) 
Logan van Beek 9-0-76-1 
Aryan Dutt 10-0-67-2 
de Leede is back, with two overs left to bowl",45.6,1,1.0,"van Beek to Stokes, 1 run  .cracked into the covers. van Beek gets out of his over, but it's been an expensive day for  .him",van Beek,Stokes,1.0,0,0,1,1,1.0,0,,1
"46.1 
2 
de Leede to Stokes, 2 runs 
flogged off the full length, down to long-on, a golf-swing through the line, excellently 
palmed back into play at full stretch, Netherlands have been eager in the field",46.1,2,2.0,"de Leede to Stokes, 2 runs  .flogged off the full length, down to long-on, a golf-swing through the line, excellently  .palmed back into play at full stretch, Netherlands have been eager in the field",de Leede,Stokes,2.0,0,0,1,1,2.0,0,,1
"46.2 
• 
de Leede to Stokes, no run 
slower ball, into the pitch, Stokes doesn't pick it at all as the ball loops through to the 
keeper",46.2,0,0.0,"de Leede to Stokes, no run  .slower ball, into the pitch, Stokes doesn't pick it at all as the ball loops through to the  .keeper",de Leede,Stokes,0.0,0,0,1,1,0.0,0,,0
"46.3 
6 
de Leede to Stokes, SIX runs 
Stokes mashes another six down the ground! Looked initially as though he'd skied it, 
out of the full length, but in fact it was just massive! High, hard, long, huge!",46.3,6,6.0,"de Leede to Stokes, SIX runs  .Stokes mashes another six down the ground! Looked initially as though he'd skied it,  .out of the full length, but in fact it was just massive! High, hard, long, huge!",de Leede,Stokes,6.0,0,1,1,1,6.0,0,,1
"46.4 
4 
de Leede to Stokes, FOUR runs 
bottom hand rampages through the full length! De Leede takes the pace off, but Stokes 
is seeing it like a planet. In his arc again, and dispatched!",46.4,4,4.0,"de Leede to Stokes, FOUR runs  .bottom hand rampages through the full length! De Leede takes the pace off, but Stokes  .is seeing it like a planet. In his arc again, and dispatched!",de Leede,Stokes,4.0,1,0,1,1,4.0,0,,1
"46.5 
1 
de Leede to Stokes, 1 run 
slow bouncer, Stokes gets on top of his pull to the leg side",46.5,1,1.0,"de Leede to Stokes, 1 run  .slow bouncer, Stokes gets on top of his pull to the leg side",de Leede,Stokes,1.0,0,0,1,1,1.0,0,,1
"46.6 
4 
de Leede to Woakes, FOUR runs 
Woakes joins the party! Short, and into the body, he sees the line early, retreats to leg 
with an open face and lifts it through the gap at deep third 
Andy C: ""That's a record 7th wicket partnership for Eng at World Cups (passing 
Taylor/Woakes 92 v Aus Melbourne Feb 2015) "" 
This has been a magnificent recovery, to give credit where it is due. 55 runs from three 
overs 
end of over 4717 runs  
ENG: 301/6CRR: 6.40  
Chris Woakes40 (39b 4x4) 
Ben Stokes95 (76b 5x4 5x6) 
Bas de Leede 9-0-57-1 
Logan van Beek 9-0-76-1",46.6,4,4.0,"de Leede to Woakes, FOUR runs  .Woakes joins the party! Short, and into the body, he sees the line early, retreats to leg  .with an open face and lifts it through the gap at deep third",de Leede,Woakes,4.0,1,0,1,1,4.0,0,,1
"47.1 
1 
van Meekeren to Stokes, 1 run 
flashed into the covers, good fielding to intercept and get Stokes off strike 
As Matt Roller notes, this is now Stokes' highest score at a World Cup",47.1,1,1.0,"van Meekeren to Stokes, 1 run  .flashed into the covers, good fielding to intercept and get Stokes off strike  .As Matt Roller notes, this is now Stokes' highest score at a World Cup",van Meekeren,Stokes,1.0,0,0,1,1,1.0,0,,1
"47.2 
1w 
van Meekeren to Woakes, 1 wide 
urgh, way down the leg side. But Edwards does well to intercept with a dive",47.2,1w,1.0,"van Meekeren to Woakes, 1 wide  .urgh, way down the leg side. But Edwards does well to intercept with a dive",van Meekeren,Woakes,0.0,0,0,0,0,1.0,0,,1
"47.2 
• 
van Meekeren to Woakes, no run 
short, sharp, whistles past an attempted pull",47.2,0,0.0,"van Meekeren to Woakes, no run  .short, sharp, whistles past an attempted pull",van Meekeren,Woakes,0.0,0,0,1,1,0.0,0,,0
"47.3 
• 
van Meekeren to Woakes, no run 
pace off, outside off, another hoisted pull from Woakes, as he makes no contact across 
the line 
Jawahar: ""I am glad to see finally England players found form. They are a great team 
and it is difficult to see them last in the list.""",47.3,0,0.0,"van Meekeren to Woakes, no run  .pace off, outside off, another hoisted pull from Woakes, as he makes no contact across  .the line",van Meekeren,Woakes,0.0,0,0,1,1,0.0,0,,0
"47.4 
1 
van Meekeren to Woakes, 1 run 
low full toss, outside off, biffed to deep point for the single 
Abhijeet: ""Moral of the England WC story-They need 7 warm up games! """,47.4,1,1.0,"van Meekeren to Woakes, 1 run  .low full toss, outside off, biffed to deep point for the single",van Meekeren,Woakes,1.0,0,0,1,1,1.0,0,,1
"47.5 
1w 
van Meekeren to Stokes, 1 wide 
down the leg side, Stokes can't catch up with it, but he'll get the ball again 
Anthony: ""Who needs the top order. Just 1 heavy bat and another guy who can hang 
around seems to be fine the last 2 days""",47.5,1w,1.0,"van Meekeren to Stokes, 1 wide  .down the leg side, Stokes can't catch up with it, but he'll get the ball again",van Meekeren,Stokes,0.0,0,0,0,0,1.0,0,,1
"47.5 
4 
van Meekeren to Stokes, FOUR runs 
reverse sweep for the hundred! Very full length, plinked off the pads, very fine through 
deep third... no massive celebration but a huge performance for his team nonetheless 
See all photos",47.5,4,4.0,"van Meekeren to Stokes, FOUR runs  .reverse sweep for the hundred! Very full length, plinked off the pads, very fine through  .deep third... no massive celebration but a huge performance for his team nonetheless  .See all photos",van Meekeren,Stokes,4.0,1,0,1,1,4.0,0,,1
"47.6 
1 
van Meekeren to Stokes, 1 run 
round the wicket, opens the face on the back foot, nudged to deep third to keep the 
strike 
end of over 489 runs  
ENG: 310/6CRR: 6.45  
Ben Stokes101 (79b 6x4 5x6) 
Chris Woakes41 (42b 4x4) 
Paul van Meekeren 10-0-57-1 
Bas de Leede 9-0-57-1",47.6,1,1.0,"van Meekeren to Stokes, 1 run  .round the wicket, opens the face on the back foot, nudged to deep third to keep the  .strike",van Meekeren,Stokes,1.0,0,0,1,1,1.0,0,,1
"48.1 
1 
de Leede to Stokes, 1 run 
short, Stokes swings lustily, targetting the short leg-side boundary, but pace off 
prevents him lining it up properly",48.1,1,1.0,"de Leede to Stokes, 1 run  .short, Stokes swings lustily, targetting the short leg-side boundary, but pace off  .prevents him lining it up properly",de Leede,Stokes,1.0,0,0,1,1,1.0,0,,1
"48.2 
6 
de Leede to Woakes, SIX runs 
hoisted high over deep midwicket! That's the longer boundary, but Woakes clears it 
with ease, a step into the full length and blazed high and mighty",48.2,6,6.0,"de Leede to Woakes, SIX runs  .hoisted high over deep midwicket! That's the longer boundary, but Woakes clears it  .with ease, a step into the full length and blazed high and mighty",de Leede,Woakes,6.0,0,1,1,1,6.0,0,,1
"48.3 
4 
de Leede to Woakes, FOUR runs 
short again, Woakes lobs it up and over short third with an open face... it trickles away 
to the rope to complete a 43-ball fifty. Excellent supporting role",48.3,4,4.0,"de Leede to Woakes, FOUR runs  .short again, Woakes lobs it up and over short third with an open face... it trickles away  .to the rope to complete a 43-ball fifty. Excellent supporting role",de Leede,Woakes,4.0,1,0,1,1,4.0,0,,1
"48.4 
W 
de Leede to Woakes, OUT 
huge wipe through the full length, a thin nick as Woakes loses his shape on the 
aggressive mow. Edwards snaffles the edge to end a fine innings and a crucial stand 
Chris Woakes c †Edwards b de Leede 51 (45b 5x4 1x6 66m) SR: 113.33 
England's third-highest stand for the seventh wicket in ODIs... decent",48.4,W,0.0,"de Leede to Woakes, OUT  .huge wipe through the full length, a thin nick as Woakes loses his shape on the  .aggressive mow. Edwards snaffles the edge to end a fine innings and a crucial stand  .Chris Woakes c †Edwards b de Leede 51 (45b 5x4 1x6 66m) SR: 113.33",de Leede,Woakes,0.0,0,0,1,1,0.0,1,c †Edwards b de Leede,0
"48.5 
6 
de Leede to Willey, SIX runs 
short, monstered over backward square! Willey rocks inside the line, and nails his 
launch over the shoulder. Where has this version of England been hiding all tournament!",48.5,6,6.0,"de Leede to Willey, SIX runs  .short, monstered over backward square! Willey rocks inside the line, and nails his  .launch over the shoulder. Where has this version of England been hiding all tournament!",de Leede,Willey,6.0,0,1,1,1,6.0,0,,1
"48.6 
W 
de Leede to Willey, OUT 
full length, belted straight at long-on! It was a shot to nothing, with Stokes on strike for 
the final over - much like Archer in the World Cup final... and similarly it doesn't come 
off. A comfortable chest-high take inside the rope. Six and out! 
David Willey c Engelbrecht b de Leede 6 (2b 0x4 1x6 1m) SR: 300 
end of over 4917 runs • 2 wickets 
ENG: 327/8CRR: 6.67  
Ben Stokes102 (80b 6x4 5x6) 
Bas de Leede 10-0-74-3 
Paul van Meekeren 10-0-57-1",48.6,W,0.0,"de Leede to Willey, OUT  .full length, belted straight at long-on! It was a shot to nothing, with Stokes on strike for  .the final over - much like Archer in the World Cup final... and similarly it doesn't come  .off. A comfortable chest-high take inside the rope. Six and out!  .David Willey c Engelbrecht b de Leede 6 (2b 0x4 1x6 1m) SR: 300",de Leede,Willey,0.0,0,0,1,1,0.0,1,c Engelbrecht b de Leede,0
"49.1 
1w 
van Beek to Stokes, 1 wide 
misses his mark with the wide yorker. Reload",49.1,1w,1.0,"van Beek to Stokes, 1 wide  .misses his mark with the wide yorker. Reload",van Beek,Stokes,0.0,0,0,0,0,1.0,0,,1
"49.1 
• 
van Beek to Stokes, no run 
Hits his length this time, Stokes turns down the single 
""The wheels have fallen off for the Dutch. Last seen rolling down the expressway to 
Mumbai,"" says Matt Roller. And they've been slow with their overs, so five men in for the 
final over",49.1,0,0.0,"van Beek to Stokes, no run  .Hits his length this time, Stokes turns down the single",van Beek,Stokes,0.0,0,0,1,1,0.0,0,,0
"49.2 
6 
van Beek to Stokes, SIX runs 
full toss, and bashed fiercely into the stands! Deep in his crease, accessing the width 
outside off, high over long-on",49.2,6,6.0,"van Beek to Stokes, SIX runs  .full toss, and bashed fiercely into the stands! Deep in his crease, accessing the width  .outside off, high over long-on",van Beek,Stokes,6.0,0,1,1,1,6.0,0,,1
"49.3 
• 
van Beek to Stokes, no run 
short, pace off, well directed. Stokes wanted the wide but not this time",49.3,0,0.0,"van Beek to Stokes, no run  .short, pace off, well directed. Stokes wanted the wide but not this time",van Beek,Stokes,0.0,0,0,1,1,0.0,0,,0
"49.4 
W 
van Beek to Stokes, OUT 
smashed to long-off! Stokes swings hard once more, but can't connect cleanly through 
the slower ball. One hand comes off the bat, as the ball skews off a closed face, high to 
Engelbrecht, inside the rope. A mighty innings comes to an end 
Ben Stokes c Engelbrecht b van Beek 108 (84b 6x4 6x6 136m) SR: 128.57",49.4,W,0.0,"van Beek to Stokes, OUT  .smashed to long-off! Stokes swings hard once more, but can't connect cleanly through  .the slower ball. One hand comes off the bat, as the ball skews off a closed face, high to  .Engelbrecht, inside the rope. A mighty innings comes to an end  .Ben Stokes c Engelbrecht b van Beek 108 (84b 6x4 6x6 136m) SR: 128.57",van Beek,Stokes,0.0,0,0,1,1,0.0,1,c Engelbrecht b van Beek,0
"49.5 
1 
van Beek to Rashid, 1 run 
slower ball, outside off, toe-ended slap down the ground to long-off",49.5,1,1.0,"van Beek to Rashid, 1 run  .slower ball, outside off, toe-ended slap down the ground to long-off",van Beek,Rashid,1.0,0,0,1,1,1.0,0,,1
"49.6 
1w 
van Beek to Atkinson, 1 wide 
way outside off, reload",49.6,1w,1.0,"van Beek to Atkinson, 1 wide  .way outside off, reload",van Beek,Atkinson,0.0,0,0,0,0,1.0,0,,1
"49.6 
1w 
van Beek to Atkinson, 1 wide 
and again! Another wide... this has been an inglorious end to a spirited bowling display 
 
Logan van Beek in death overs (in ODIs) 
BALLS 
279 
WKTS 
13 
4s/6s 
28/17 
ECON 
8.62 
AVE 
30.84",49.6,1w,1.0,"van Beek to Atkinson, 1 wide  .and again! Another wide... this has been an inglorious end to a spirited bowling display  .  .Logan van Beek in death overs (in ODIs)  .BALLS  .279  .WKTS  .13  .4s/6s  .28/17  .ECON  .8.62  .AVE  .30.84",van Beek,Atkinson,0.0,0,0,0,0,1.0,0,,1
"49.6 
2 
van Beek to Atkinson, 2 runs 
wide line once more, toe-ended to long-on again, they rush back for the second, but 
Atkinson can't beat the shy to the keeper's end ... or can he? Yep, just home! Good 
scampering 
Malan: ""We always try to take the aggressive option, I got a few nice half-volleys early 
on... after that start we were looking for a big score, but Netherlands restricted us well 
until Stokes and Woakes... Personally I was like 'oh no, not again' but luckily Stokesy got 
us to a score we are happy with. Soaked up the pressure when it was needed. And 
transferred it when needed. Hope it's enough runs, it's going to have to be... "" 
5.51pm Well, England have arrived at this World Cup... seven matches and some 35 
overs too late. Dawid Malan set the innings up with a superb half-century, but his run-
out, coupled with a timid set of dismissals, derailed the innings until Ben Stokes came 
to the party alongside Chris Woakes. 
end of over 5012 runs • 1 wicket 
ENG: 339/9CRR: 6.78  
Gus Atkinson2 (1b) 
Adil Rashid1 (1b) 
Logan van Beek 10-0-88-2 
Bas de Leede 10-0-74-3 
Sponsored Headlines 
 
UAE vs Ban T20I series - Five reasons Bangladesh couldn't pass the UAE test | 
ESPNcricinfoDiscover 
 
IPL 2025 - Mitchell Marsh jumps to fourth spot on Orange Cap table after maiden IPL 
hundred | ESPNcricinfoDiscover 
 
Wolf & Shepherd |  
Sponsored by TaboolaSponsored by Taboola 
Shop Now 
The Business Sneaker Loved by CEOs and NFL StarsRead MoreSkip 
 
Sri Lanka news - Angelo Mathews to retire from Test cricket | ESPNcricinfoDiscover 
 
IPL 2025 - Aakash Chopra and Sanjay Bangar on CSK's transition, and MS Dhoni and 
Ravindra Jadeja's futures | ESPNcricinfoDiscover 
 
Your Best Life Starts TodayBoost energy, mood, and lean muscle with our powerful TRT 
Gel. Feel the difference, track your progress, and maximize your results with ease. 
Prescription products require an online consultation with a doctor. Results may 
vary.Maximus |  
SponsoredSponsored 
Learn More 
Undo 
 
5 Strategies to Potentially Reduce RMD Taxes After Age 73These 5 strategies can 
potentially reduce RMD taxes after age 73.SmartAsset |  
SponsoredSponsored 
Learn More 
Undo 
 
Shoe CEO Drops Business Sneakers Taking The NFL By Storm Finally, A Comfortable 
Shoe Thats Fit For The Office. With Comfort, Luxury, & Versatility Engineered Into Every 
Step, Wolf & Shepherd Shoes Are Specifically Designed For Those Who Want To Lead 
The Pack.Wolf & Shepherd |  
SponsoredSponsored 
Shop Now 
Undo 
 
Amazon Is Losing Money as Arizona Shoppers Are Canceling Prime for This Clever 
HackThis simple trick can save tons of money on Amazon, but most Prime members 
are ignoring it.Online Shopping Tools |  
SponsoredSponsored 
Undo 
 
Ask a Pro: ""How Long Does $1.5M Last in Retirement?""Get a Complimentary Intro Call 
With a Wealth AdvisorSmartAsset |  
SponsoredSponsored 
Click Here 
Undo 
 
MD: Building Muscle After 60 Comes Down To This 1 ThingApex Labs |  
SponsoredSponsored 
Undo 
 
Invest at $2.80/Share While You CanThe Chance to Make the Most of a $1.3T 
Opportunity Ends Soon. Learn How to Take Advantage Here.Pacaso |  
SponsoredSponsored 
Learn More 
Undo 
 
Cinnamon: The Greatest Enemy of Blood SugarMagazine Glyco |  
SponsoredSponsored 
Learn More 
Undo 
 
War is not over, enemy has not been defeatedThere is no long term “peace” agreement 
with either Hezbollah or Hamas until all hostages are returnedIFCJ | The Fellowship |  
SponsoredSponsored 
Donate Now 
Undo 
Sponsored  
 
U.S. Cardiologist Warns Aging Seniors About Blueberries For BreakfastHeart doctor 
urges aging seniors to be carefulGundry MD |  
SponsoredSponsored 
Learn More 
Undo 
 
MIT Scientists Identify the Leading Cause of Senior FatigueA hidden MIT discovery is 
redefining what’s possible after 70. Meet the seniors who refuse to slow down, thanks 
to this simple revelation.AdvancedBionutritionals |  
SponsoredSponsored 
Read More 
Undo 
 
Seniors Born 1941-1979 Receive 55 Benefits This Month if They AskRidiculous benefits 
seniors are entitled to in 2025, but often forget to claim.WalletJump |  
SponsoredSponsored 
Learn More 
Undo 
Language 
English 
Win Probability 
ENG 100% 
ENGNED 
100%50%100%ENG InningsNED Innings 
Over 38 • NED 179/10 
Paul van Meekeren st †Buttler b Ali 4 (3b 1x4 0x6 3m) SR: 133.33 
W 
England won by 160 runs 
Powered by Smart Stats 
Match Coverage 
All Match News 
 
Netherlands eye upset over India to keep Champions 
Trophy hopes alive 
""Funnier things have happened"" - Teja Nidamanuru optimistic after defeat to England 
sends the Netherlands bottom  
 
 
 
Buttler wants to lead England in the tour of Caribbean 
England captain ""very frustrated"" with his own form after averaging 13.87 at World Cup 
 
 
 
After 29 days of doom and gloom, England taste sweet 
victory 
""We're not playing for what we wanted to be playing for, but a really vital match for us in 
the grand scheme of things,"" the captain Jos Buttler said 
 
 
 
Stokes special keeps England's Champions Trophy hopes 
alive 
He combined with Chris Woakes in an England-record stand to rescue his team from 
192 for 6 to 339 for 9 
 
 
 
Live report - England vs Netherlands, Pune 
Bottom two in race for Champions Trophy. Catch all the action, news, views, stats and 
updates on ESPNcricinfo's live blog 
 
 
 
Instant answers to T20 questions 
What is the lowest team total in the IPL? 
Which batter has hit the most sixes in an innings in the IPL? 
Which team has scored the most runs in death overs in an IPL match? 
Ask a question 
Videos 
All Match Videos 
 
 
2:24 
Nidamanuru: 'We haven't put together an ideal game yet' 
 
Netherlands Innings 
Player Name 
R 
B 
W Barresi 
run out 
37 62 
MP O'Dowd caught 
5 
11 
CN 
Ackermann caught 
0 
2 
SA 
Engelbrecht caught 
33 49 
SA Edwards caught 
38 42 
BFW de 
Leede 
bowled 
10 12 
AT 
Nidamanuru not out 
41 34 
LV van Beek caught 
2 
2 
RE van der 
Merwe 
caught 
0 
4 
A Dutt 
bowled 
1 
3 
PA van 
Meekeren 
stumped 
4 
3 
Extras 
(lb 4, w 4) 
Total 
179(10 wkts;",49.6,2,2.0,"van Beek to Atkinson, 2 runs  .wide line once more, toe-ended to long-on again, they rush back for the second, but  .Atkinson can't beat the shy to the keeper's end ... or can he? Yep, just home! Good  .scampering",van Beek,Atkinson,2.0,0,0,1,1,2.0,0,,1
