raw_data,overs,runs,team_runs,commentary,bowler,batsman,batsman_runs,batsman_fours,batsman_sixes,batsman_bowls_faced,bowler_bowls_done,bowler_runs_given,bowler_wickets,dismissal,runs_given_bool
"0.1 
1 
Rankin to Eric, 1 run 
lands on a good length outside off, guided down to third man for a single",0.1,1,1.0,"Rankin to Eric, 1 run  .lands on a good length outside off, guided down to third man for a single",Rankin,Eric,1.0,0,0,1,1,1.0,0,,1
"0.2 
2 
Rankin to Barresi, 2 runs 
dropped, should have been taken, short of a good length, pushes at it from the crease, 
flew off the outside edge and second slip, Kevin O'Brien's standing there, should have 
clasped it, timed his jump well but couldn't hold on, immediately apologises to the 
bowler. 
Barresi was struck by the return throw there, on the head. He's got some attention from 
the physio. It's all done now. O'Brien's apology was to the batsman.",0.2,2,2.0,"Rankin to Barresi, 2 runs  .dropped, should have been taken, short of a good length, pushes at it from the crease,  .flew off the outside edge and second slip, Kevin O'Brien's standing there, should have  .clasped it, timed his jump well but couldn't hold on, immediately apologises to the  .bowler.  .Barresi was struck by the return throw there, on the head. He's got some attention from  .the physio. It's all done now. O'Brien's apology was to the batsman.",Rankin,Barresi,2.0,0,0,1,1,2.0,0,,1
"0.3 
• 
Rankin to Barresi, no run 
Barresi's taking some hits, short on middle, nips back in and catches him on the rib",0.3,0,0.0,"Rankin to Barresi, no run  .Barresi's taking some hits, short on middle, nips back in and catches him on the rib",Rankin,Barresi,0.0,0,0,1,1,0.0,0,,0
"0.4 
4lb 
Rankin to Barresi, 4 leg byes 
straying on the pads, short of a good length, poor line and it deflects off the thighs as he 
tries to glance it down and rolls down the fine-leg boundary",0.4,4lb,4.0,"Rankin to Barresi, 4 leg byes  .straying on the pads, short of a good length, poor line and it deflects off the thighs as he  .tries to glance it down and rolls down the fine-leg boundary",Rankin,Barresi,0.0,0,0,1,1,0.0,0,,0
"0.5 
• 
Rankin to Barresi, no run 
slightly short on the off, gets forward and taps it into the off side off the back foot",0.5,0,0.0,"Rankin to Barresi, no run  .slightly short on the off, gets forward and taps it into the off side off the back foot",Rankin,Barresi,0.0,0,0,1,1,0.0,0,,0
"0.6 
• 
Rankin to Barresi, no run 
appeal for a catch, short of a good length on the off, gets on the back foot and defends 
inside the line to that one, there was a sound as it went past the bat towards the keeper, 
big appeal from the Irish but the umpire declares it Not Out. 
end of over 17 runs  
NED: 7/0CRR: 7.00  
Wesley Barresi2 (5b) 
Eric Szwarczynski1 (1b) 
Boyd Rankin 1-0-3-0 
Johnston to bowl now",0.6,0,0.0,"Rankin to Barresi, no run  .appeal for a catch, short of a good length on the off, gets on the back foot and defends  .inside the line to that one, there was a sound as it went past the bat towards the keeper,  .big appeal from the Irish but the umpire declares it Not Out.",Rankin,Barresi,0.0,0,0,1,1,0.0,0,,0
"1.1 
• 
Johnston to Eric, no run 
goodish length on the off, pushes it off the front foot towards cover",1.1,0,0.0,"Johnston to Eric, no run  .goodish length on the off, pushes it off the front foot towards cover",Johnston,Eric,0.0,0,0,1,1,0.0,0,,0
"1.2 
• 
Johnston to Eric, no run 
fullish on the off, gets forward to the pitch and drives it firmly towards mid-off",1.2,0,0.0,"Johnston to Eric, no run  .fullish on the off, gets forward to the pitch and drives it firmly towards mid-off",Johnston,Eric,0.0,0,0,1,1,0.0,0,,0
"1.3 
W 
Johnston to Eric, OUT 
gone, big nick, bowls from slightly wide of the crease, angles it in, lands full outside off 
and Eric tries to drive it through the line, there might have been a bit of movement away 
from the bat, gets an edge and Niall O'Brien makes no mistake 
Eric Szwarczynski c †O'Brien b Johnston 1 (4b 0x4 0x6 8m) SR: 25 
Barresi's walking off the field now. Was it the hit on the ribs, was it the blow to the back 
of the head? We don't know yet. Well he's off. Lets hope he recovers and gets to bat 
again. Ryan ten Doeschate walks in. Tom Cooper's facing",1.3,W,0.0,"Johnston to Eric, OUT  .gone, big nick, bowls from slightly wide of the crease, angles it in, lands full outside off  .and Eric tries to drive it through the line, there might have been a bit of movement away  .from the bat, gets an edge and Niall O'Brien makes no mistake  .Eric Szwarczynski c †O'Brien b Johnston 1 (4b 0x4 0x6 8m) SR: 25",Johnston,Eric,0.0,0,0,1,1,0.0,1,c †O'Brien b Johnston,0
"1.4 
• 
Johnston to Cooper, no run 
good length outside off, holds its line, leaves it alone",1.4,0,0.0,"Johnston to Cooper, no run  .good length outside off, holds its line, leaves it alone",Johnston,Cooper,0.0,0,0,1,1,0.0,0,,0
"1.5 
1 
Johnston to Cooper, 1 run 
lands around a good length outside off, pushes it on the up wide of mid-off for a single",1.5,1,1.0,"Johnston to Cooper, 1 run  .lands around a good length outside off, pushes it on the up wide of mid-off for a single",Johnston,Cooper,1.0,0,0,1,1,1.0,0,,1
"1.6 
• 
Johnston to Ryan ten Doeschate, no run 
bat hitting the pad there, good length and moved away, that was a beauty, drew him 
forward and prompted him fish for it, just went past the outside edge 
end of over 21 run • 1 wicket 
NED: 8/1CRR: 4.00  
Ryan ten Doeschate0 (1b) 
Tom Cooper1 (2b) 
Trent Johnston 1-0-1-1 
Boyd Rankin 1-0-3-0",1.6,0,0.0,"Johnston to Ryan ten Doeschate, no run  .bat hitting the pad there, good length and moved away, that was a beauty, drew him  .forward and prompted him fish for it, just went past the outside edge",Johnston,Ryan ten Doeschate,0.0,0,0,1,1,0.0,0,,0
"2.1 
• 
Rankin to Cooper, no run 
short of a good length outside off, holds its line, leaves it be",2.1,0,0.0,"Rankin to Cooper, no run  .short of a good length outside off, holds its line, leaves it be",Rankin,Cooper,0.0,0,0,1,1,0.0,0,,0
"2.2 
4 
Rankin to Cooper, FOUR runs 
nicely played, too straight from Rankin, gets forward and flicks it away past midwicket 
for a well-timed boundary",2.2,4,4.0,"Rankin to Cooper, FOUR runs  .nicely played, too straight from Rankin, gets forward and flicks it away past midwicket  .for a well-timed boundary",Rankin,Cooper,4.0,1,0,1,1,4.0,0,,1
"2.3 
W 
Rankin to Cooper, OUT 
Netherlands in early trouble here, short of a good length and it's there to cut but Cooper 
fails to keep it down, strikes it straight into the hands of point, easy catch, Ireland are in 
control 
Tom Cooper c Porterfield b Rankin 5 (5b 1x4 0x6 7m) SR: 100",2.3,W,0.0,"Rankin to Cooper, OUT  .Netherlands in early trouble here, short of a good length and it's there to cut but Cooper  .fails to keep it down, strikes it straight into the hands of point, easy catch, Ireland are in  .control  .Tom Cooper c Porterfield b Rankin 5 (5b 1x4 0x6 7m) SR: 100",Rankin,Cooper,0.0,0,0,1,1,0.0,1,c Porterfield b Rankin,0
"2.4 
1 
Rankin to Kervezee, 1 run 
just a touch too straight, tucked to midwicket",2.4,1,1.0,"Rankin to Kervezee, 1 run  .just a touch too straight, tucked to midwicket",Rankin,Kervezee,1.0,0,0,1,1,1.0,0,,1
"2.5 
• 
Rankin to Ryan ten Doeschate, no run 
again Rankin targets the pads, ten Doeschate clips firmly to square leg but Wilson dives 
to his right to cut the ball off",2.5,0,0.0,"Rankin to Ryan ten Doeschate, no run  .again Rankin targets the pads, ten Doeschate clips firmly to square leg but Wilson dives  .to his right to cut the ball off",Rankin,Ryan ten Doeschate,0.0,0,0,1,1,0.0,0,,0
"2.6 
1 
Rankin to Ryan ten Doeschate, 1 run 
a rising delivery leaps uncomfortably up into Tendo's ribs, the hand comes off the bat as 
he drops the ball to leg and they set off for a quick single 
end of over 36 runs • 1 wicket 
NED: 14/2CRR: 4.66  
Ryan ten Doeschate1 (3b) 
Alexei Kervezee1 (1b) 
Boyd Rankin 2-0-9-1 
Trent Johnston 1-0-1-1",2.6,1,1.0,"Rankin to Ryan ten Doeschate, 1 run  .a rising delivery leaps uncomfortably up into Tendo's ribs, the hand comes off the bat as  .he drops the ball to leg and they set off for a quick single",Rankin,Ryan ten Doeschate,1.0,0,0,1,1,1.0,0,,1
"3.1 
• 
Johnston to Ryan ten Doeschate, no run 
hitting the pitch and seaming away off a good length, but wide enough to be easily left 
alone",3.1,0,0.0,"Johnston to Ryan ten Doeschate, no run  .hitting the pitch and seaming away off a good length, but wide enough to be easily left  .alone",Johnston,Ryan ten Doeschate,0.0,0,0,1,1,0.0,0,,0
"3.2 
• 
Johnston to Ryan ten Doeschate, no run 
past the edge! Johnston went slightly fuller and drew ten Doeschate into a drive, again 
there was definite movement away from the bat",3.2,0,0.0,"Johnston to Ryan ten Doeschate, no run  .past the edge! Johnston went slightly fuller and drew ten Doeschate into a drive, again  .there was definite movement away from the bat",Johnston,Ryan ten Doeschate,0.0,0,0,1,1,0.0,0,,0
"3.3 
• 
Johnston to Ryan ten Doeschate, no run 
Johnston is testing ten Doeschate's patience outside off here, this time the batsman 
leaves",3.3,0,0.0,"Johnston to Ryan ten Doeschate, no run  .Johnston is testing ten Doeschate's patience outside off here, this time the batsman  .leaves",Johnston,Ryan ten Doeschate,0.0,0,0,1,1,0.0,0,,0
"3.4 
• 
Johnston to Ryan ten Doeschate, no run 
great line from Johnston here! He's just plugging away and letting the pitch to the rest, 
again he's past the edge but ten Doeschate whips the bat inside the line at the same 
time, so arguably another leave",3.4,0,0.0,"Johnston to Ryan ten Doeschate, no run  .great line from Johnston here! He's just plugging away and letting the pitch to the rest,  .again he's past the edge but ten Doeschate whips the bat inside the line at the same  .time, so arguably another leave",Johnston,Ryan ten Doeschate,0.0,0,0,1,1,0.0,0,,0
"3.5 
• 
Johnston to Ryan ten Doeschate, no run 
much straighter, landing on middle and it's defended back down the track",3.5,0,0.0,"Johnston to Ryan ten Doeschate, no run  .much straighter, landing on middle and it's defended back down the track",Johnston,Ryan ten Doeschate,0.0,0,0,1,1,0.0,0,,0
"3.6 
• 
Johnston to Ryan ten Doeschate, no run 
ten Doeschate comes forward in watchful defence with bat and pad right together, 
pushing another probing delivery into the covers 
end of over 4Maiden 
NED: 14/2CRR: 3.50  
Ryan ten Doeschate1 (9b) 
Alexei Kervezee1 (1b) 
Trent Johnston 2-1-1-1 
Boyd Rankin 2-0-9-1",3.6,0,0.0,"Johnston to Ryan ten Doeschate, no run  .ten Doeschate comes forward in watchful defence with bat and pad right together,  .pushing another probing delivery into the covers",Johnston,Ryan ten Doeschate,0.0,0,0,1,1,0.0,0,,0
"4.1 
• 
Rankin to Kervezee, no run 
bouncer! There's plenty of life in the wicket, and this one bursts over the batsman's head 
... actually probably bounced a bit too much, he was easily under it",4.1,0,0.0,"Rankin to Kervezee, no run  .bouncer! There's plenty of life in the wicket, and this one bursts over the batsman's head  .... actually probably bounced a bit too much, he was easily under it",Rankin,Kervezee,0.0,0,0,1,1,0.0,0,,0
"4.2 
1 
Rankin to Kervezee, 1 run 
full on off stump, Kervezee taps just to the left of mid-off and finds enough of the gap 
for them to sneak a single as the fielder runs round",4.2,1,1.0,"Rankin to Kervezee, 1 run  .full on off stump, Kervezee taps just to the left of mid-off and finds enough of the gap  .for them to sneak a single as the fielder runs round",Rankin,Kervezee,1.0,0,0,1,1,1.0,0,,1
"4.3 
1 
Rankin to Ryan ten Doeschate, 1 run 
short and rising, not the bouncer but up into the armpit and pulled down to fine leg",4.3,1,1.0,"Rankin to Ryan ten Doeschate, 1 run  .short and rising, not the bouncer but up into the armpit and pulled down to fine leg",Rankin,Ryan ten Doeschate,1.0,0,0,1,1,1.0,0,,1
"4.4 
• 
Rankin to Kervezee, no run 
beaten outside off, it was the extra bounce that did it",4.4,0,0.0,"Rankin to Kervezee, no run  .beaten outside off, it was the extra bounce that did it",Rankin,Kervezee,0.0,0,0,1,1,0.0,0,,0
"4.5 
4 
Rankin to Kervezee, FOUR runs 
same shot, forcing off the back foot, but this time he take the bounce into account, 
deliberately lifting the ball over gully and beating third man too",4.5,4,4.0,"Rankin to Kervezee, FOUR runs  .same shot, forcing off the back foot, but this time he take the bounce into account,  .deliberately lifting the ball over gully and beating third man too",Rankin,Kervezee,4.0,1,0,1,1,4.0,0,,1
"4.6 
• 
Rankin to Kervezee, no run 
cracked very hard down the ground this time, the ball being much fuller, but Rankin 
sticks his right boot out to stop the shot 
end of over 56 runs  
NED: 20/2CRR: 4.00  
Alexei Kervezee6 (6b 1x4) 
Ryan ten Doeschate2 (10b) 
Boyd Rankin 3-0-15-1 
Trent Johnston 2-1-1-1",4.6,0,0.0,"Rankin to Kervezee, no run  .cracked very hard down the ground this time, the ball being much fuller, but Rankin  .sticks his right boot out to stop the shot",Rankin,Kervezee,0.0,0,0,1,1,0.0,0,,0
"5.1 
• 
Johnston to Ryan ten Doeschate, no run 
Johnston continues to send them down on off, ten Doeschate patiently leaves alone",5.1,0,0.0,"Johnston to Ryan ten Doeschate, no run  .Johnston continues to send them down on off, ten Doeschate patiently leaves alone",Johnston,Ryan ten Doeschate,0.0,0,0,1,1,0.0,0,,0
"5.2 
4 
Johnston to Ryan ten Doeschate, FOUR runs 
lifted to wide midwicket! Johnston aimed at middle and off and ten Doeschate walked 
across his stumps, getting inside the line and flicking with plenty of bottom hand to find 
the boundary",5.2,4,4.0,"Johnston to Ryan ten Doeschate, FOUR runs  .lifted to wide midwicket! Johnston aimed at middle and off and ten Doeschate walked  .across his stumps, getting inside the line and flicking with plenty of bottom hand to find  .the boundary",Johnston,Ryan ten Doeschate,4.0,1,0,1,1,4.0,0,,1
"5.3 
• 
Johnston to Ryan ten Doeschate, no run 
Johnston re-adjusts his line, ten Doeschate taps down to gully",5.3,0,0.0,"Johnston to Ryan ten Doeschate, no run  .Johnston re-adjusts his line, ten Doeschate taps down to gully",Johnston,Ryan ten Doeschate,0.0,0,0,1,1,0.0,0,,0
"5.4 
• 
Johnston to Ryan ten Doeschate, no run 
again ten Doeschate walks across to off, trying to upset the bowler's line, but Johnston 
follows him and the shot is stopped at cover point",5.4,0,0.0,"Johnston to Ryan ten Doeschate, no run  .again ten Doeschate walks across to off, trying to upset the bowler's line, but Johnston  .follows him and the shot is stopped at cover point",Johnston,Ryan ten Doeschate,0.0,0,0,1,1,0.0,0,,0
"5.5 
4 
Johnston to Ryan ten Doeschate, FOUR runs 
too full, ten Doeschate steps forward and drives hard into the ground, the ball bounces 
up and over a diving cover fielder",5.5,4,4.0,"Johnston to Ryan ten Doeschate, FOUR runs  .too full, ten Doeschate steps forward and drives hard into the ground, the ball bounces  .up and over a diving cover fielder",Johnston,Ryan ten Doeschate,4.0,1,0,1,1,4.0,0,,1
"5.6 
1 
Johnston to Ryan ten Doeschate, 1 run 
aggressive batting! ten Doeschate walks across to off and tries to muscle a length 
delivery through the leg side ... not much timing in the shot, however, so just the one 
end of over 69 runs  
NED: 29/2CRR: 4.83  
Ryan ten Doeschate11 (16b 2x4) 
Alexei Kervezee6 (6b 1x4) 
Trent Johnston 3-1-10-1 
Boyd Rankin 3-0-15-1 
Smudgeon: ""My desire to support the underdog is making this very difficult to 
watch...who is the more minnowy one here? My heart says Netherlands, but I want to 
see Ireland succeed too...aye aye aye!""",5.6,1,1.0,"Johnston to Ryan ten Doeschate, 1 run  .aggressive batting! ten Doeschate walks across to off and tries to muscle a length  .delivery through the leg side ... not much timing in the shot, however, so just the one",Johnston,Ryan ten Doeschate,1.0,0,0,1,1,1.0,0,,1
"6.1 
1 
Rankin to Ryan ten Doeschate, 1 run 
good-looking cut pings out of the middle, but third man is wide and sprints round to cut 
it off",6.1,1,1.0,"Rankin to Ryan ten Doeschate, 1 run  .good-looking cut pings out of the middle, but third man is wide and sprints round to cut  .it off",Rankin,Ryan ten Doeschate,1.0,0,0,1,1,1.0,0,,1
"6.2 
• 
Rankin to Kervezee, no run 
Rankin tries the surprise yorker, but Kervezee jams the bat down in time",6.2,0,0.0,"Rankin to Kervezee, no run  .Rankin tries the surprise yorker, but Kervezee jams the bat down in time",Rankin,Kervezee,0.0,0,0,1,1,0.0,0,,0
"6.3 
1 
Rankin to Kervezee, 1 run 
whipped off the pad, great fielding from Wilson saves the runs, diving across at 
midwicket",6.3,1,1.0,"Rankin to Kervezee, 1 run  .whipped off the pad, great fielding from Wilson saves the runs, diving across at  .midwicket",Rankin,Kervezee,1.0,0,0,1,1,1.0,0,,1
"6.4 
4 
Rankin to Ryan ten Doeschate, FOUR runs 
that is dismissive! Full and wide - a long, floaty half-volley and it's thrashed away with a 
square drive",6.4,4,4.0,"Rankin to Ryan ten Doeschate, FOUR runs  .that is dismissive! Full and wide - a long, floaty half-volley and it's thrashed away with a  .square drive",Rankin,Ryan ten Doeschate,4.0,1,0,1,1,4.0,0,,1
"6.5 
• 
Rankin to Ryan ten Doeschate, no run 
very full again, dug out to mid-off 
Sidarth: ""Perfect day to get my comments published, printscreen them and impress girls 
with it."" You know girls who'd be impressed by that??",6.5,0,0.0,"Rankin to Ryan ten Doeschate, no run  .very full again, dug out to mid-off",Rankin,Ryan ten Doeschate,0.0,0,0,1,1,0.0,0,,0
"6.6 
1w 
Rankin to Ryan ten Doeschate, 1 wide 
Rankin's been a bit erratic with his lines today, and this one is sprayed well down the leg 
side",6.6,1w,1.0,"Rankin to Ryan ten Doeschate, 1 wide  .Rankin's been a bit erratic with his lines today, and this one is sprayed well down the leg  .side",Rankin,Ryan ten Doeschate,0.0,0,0,0,0,1.0,0,,1
"6.6 
• 
Rankin to Ryan ten Doeschate, no run 
landing on middle and heading towards leg, ten Doeschate clips but finds a fielder in the 
way of the shot 
end of over 77 runs  
NED: 36/2CRR: 5.14  
Ryan ten Doeschate16 (20b 3x4) 
Alexei Kervezee7 (8b 1x4) 
Boyd Rankin 4-0-22-1 
Trent Johnston 3-1-10-1 
Pawas: ""Ryan Ten is playing so aggressive because may be he feels that if he goes slow 
this time too he will be stranded again.. like the last game.""",6.6,0,0.0,"Rankin to Ryan ten Doeschate, no run  .landing on middle and heading towards leg, ten Doeschate clips but finds a fielder in the  .way of the shot",Rankin,Ryan ten Doeschate,0.0,0,0,1,1,0.0,0,,0
"7.1 
4 
Johnston to Kervezee, FOUR runs 
four runs, but that is streaky batting! Kervezee is turned inside-out by the away 
movement, he was looking to flick to leg but the ball takes a thick edge and loops down 
to third man 
Two slips in place",7.1,4,4.0,"Johnston to Kervezee, FOUR runs  .four runs, but that is streaky batting! Kervezee is turned inside-out by the away  .movement, he was looking to flick to leg but the ball takes a thick edge and loops down  .to third man  .Two slips in place",Johnston,Kervezee,4.0,1,0,1,1,4.0,0,,1
"7.2 
• 
Johnston to Kervezee, no run 
he's less expansive in the shot this time, stepping forward to defend cautiously to leg 
Bang_La: ""LOL @Smudgeon, take a coin and toss. But boy, both are good!""",7.2,0,0.0,"Johnston to Kervezee, no run  .he's less expansive in the shot this time, stepping forward to defend cautiously to leg",Johnston,Kervezee,0.0,0,0,1,1,0.0,0,,0
"7.3 
• 
Johnston to Kervezee, no run 
classic line and length stuff from Johnston, Kervezee defends",7.3,0,0.0,"Johnston to Kervezee, no run  .classic line and length stuff from Johnston, Kervezee defends",Johnston,Kervezee,0.0,0,0,1,1,0.0,0,,0
"7.4 
• 
Johnston to Kervezee, no run 
fuller, this time the ball wobbles a touch in the air as Kervezee leans into a drive, a thick 
inside edge ricochets into the pad",7.4,0,0.0,"Johnston to Kervezee, no run  .fuller, this time the ball wobbles a touch in the air as Kervezee leans into a drive, a thick  .inside edge ricochets into the pad",Johnston,Kervezee,0.0,0,0,1,1,0.0,0,,0
"7.5 
• 
Johnston to Kervezee, no run 
again Johnston attacks the stumps, straighter this time and Kervezee drives to mid-on 
tv: ""I'm a girl and let me just say after unsuccessfully trying to get my comments on, I 
think I'd be suitably impressed with Siddharth even if its only a Netherlands vs Ireland 
game!"" Well there you go.",7.5,0,0.0,"Johnston to Kervezee, no run  .again Johnston attacks the stumps, straighter this time and Kervezee drives to mid-on",Johnston,Kervezee,0.0,0,0,1,1,0.0,0,,0
"7.6 
• 
Johnston to Kervezee, no run 
driven on the other side of the wicket this time, but straight to mid-off 
end of over 84 runs  
NED: 40/2CRR: 5.00  
Alexei Kervezee11 (14b 2x4) 
Ryan ten Doeschate16 (20b 3x4) 
Trent Johnston 4-1-14-1 
Boyd Rankin 4-0-22-1 
Latest news on Barresi, who suffered that blow to the head, is that he's been pulled off 
to undergo observation. And, having seen footage of him looking quite dazed in the 
team changing room, it's probably a good idea!",7.6,0,0.0,"Johnston to Kervezee, no run  .driven on the other side of the wicket this time, but straight to mid-off",Johnston,Kervezee,0.0,0,0,1,1,0.0,0,,0
"8.1 
• 
Mooney to Ryan ten Doeschate, no run 
fielding! The ball was rocketing to the point boundary ... until the fielder there went 
airborne to cut it off. Superb fielding covers for some slightly shoddy bowling, that was 
short and wide",8.1,0,0.0,"Mooney to Ryan ten Doeschate, no run  .fielding! The ball was rocketing to the point boundary ... until the fielder there went  .airborne to cut it off. Superb fielding covers for some slightly shoddy bowling, that was  .short and wide",Mooney,Ryan ten Doeschate,0.0,0,0,1,1,0.0,0,,0
"8.2 
• 
Mooney to Ryan ten Doeschate, no run 
straighter, defended back down the wicket",8.2,0,0.0,"Mooney to Ryan ten Doeschate, no run  .straighter, defended back down the wicket",Mooney,Ryan ten Doeschate,0.0,0,0,1,1,0.0,0,,0
"8.3 
4 
Mooney to Ryan ten Doeschate, FOUR runs 
punched through cover, that's such a difficult shot to play, off the back foot. Not only 
did he hit it, and hit it well, he also placed it perfectly to thread the gap between mid-off 
and cover",8.3,4,4.0,"Mooney to Ryan ten Doeschate, FOUR runs  .punched through cover, that's such a difficult shot to play, off the back foot. Not only  .did he hit it, and hit it well, he also placed it perfectly to thread the gap between mid-off  .and cover",Mooney,Ryan ten Doeschate,4.0,1,0,1,1,4.0,0,,1
"8.4 
4 
Mooney to Ryan ten Doeschate, FOUR runs 
another boundary, he angles down to third man and beats both the slip fielder and a 
diving fielder on the ropes",8.4,4,4.0,"Mooney to Ryan ten Doeschate, FOUR runs  .another boundary, he angles down to third man and beats both the slip fielder and a  .diving fielder on the ropes",Mooney,Ryan ten Doeschate,4.0,1,0,1,1,4.0,0,,1
"8.5 
• 
Mooney to Ryan ten Doeschate, no run 
a much better ball, Mooney has been a touch short but he pitches up and the result is 
defence from the batsman",8.5,0,0.0,"Mooney to Ryan ten Doeschate, no run  .a much better ball, Mooney has been a touch short but he pitches up and the result is  .defence from the batsman",Mooney,Ryan ten Doeschate,0.0,0,0,1,1,0.0,0,,0
"8.6 
• 
Mooney to Ryan ten Doeschate, no run 
good ball to finish what hadn't been the greatest over, ten Doeschate defends to cover 
end of over 98 runs  
NED: 48/2CRR: 5.33  
Ryan ten Doeschate24 (26b 5x4) 
Alexei Kervezee11 (14b 2x4) 
John Mooney 1-0-8-0 
Trent Johnston 4-1-14-1 
Bang_La: ""Sidarth scores! Thank Liam! :)""",8.6,0,0.0,"Mooney to Ryan ten Doeschate, no run  .good ball to finish what hadn't been the greatest over, ten Doeschate defends to cover",Mooney,Ryan ten Doeschate,0.0,0,0,1,1,0.0,0,,0
"9.1 
1 
Johnston to Kervezee, 1 run 
good-looking drive to a half-volley, but he can't quite beat the field ... so just the one",9.1,1,1.0,"Johnston to Kervezee, 1 run  .good-looking drive to a half-volley, but he can't quite beat the field ... so just the one",Johnston,Kervezee,1.0,0,0,1,1,1.0,0,,1
"9.2 
• 
Johnston to Ryan ten Doeschate, no run 
a touch of seam movement in to the batsman, who defends with bat and pad right 
together. Half an appeal, but that was bat first",9.2,0,0.0,"Johnston to Ryan ten Doeschate, no run  .a touch of seam movement in to the batsman, who defends with bat and pad right  .together. Half an appeal, but that was bat first",Johnston,Ryan ten Doeschate,0.0,0,0,1,1,0.0,0,,0
"9.3 
4 
Johnston to Ryan ten Doeschate, FOUR runs 
Ryan's on fire! Too full from Johnston and very wide too, the batsman leans into a 
cracking square drive, slicing it past a leaping point fielder. He hit that really hard",9.3,4,4.0,"Johnston to Ryan ten Doeschate, FOUR runs  .Ryan's on fire! Too full from Johnston and very wide too, the batsman leans into a  .cracking square drive, slicing it past a leaping point fielder. He hit that really hard",Johnston,Ryan ten Doeschate,4.0,1,0,1,1,4.0,0,,1
"9.4 
• 
Johnston to Ryan ten Doeschate, no run 
good batting, this wasn't there to be hit, nibbling away outside off and ten Doeschate 
leaves alone",9.4,0,0.0,"Johnston to Ryan ten Doeschate, no run  .good batting, this wasn't there to be hit, nibbling away outside off and ten Doeschate  .leaves alone",Johnston,Ryan ten Doeschate,0.0,0,0,1,1,0.0,0,,0
"9.5 
• 
Johnston to Ryan ten Doeschate, no run 
another good ball, and patient stuff from ten Doeschate who leaves once again",9.5,0,0.0,"Johnston to Ryan ten Doeschate, no run  .another good ball, and patient stuff from ten Doeschate who leaves once again",Johnston,Ryan ten Doeschate,0.0,0,0,1,1,0.0,0,,0
"9.6 
• 
Johnston to Ryan ten Doeschate, no run 
well, he's tried to whip the bat inside the line so he can call this one a 'leave' but ten 
Doeschate was beaten by the away movement before he had moved his bat. This is an 
enthralling battle, ten Doeschate v Ireland 
end of over 105 runs  
NED: 53/2CRR: 5.30  
Ryan ten Doeschate28 (31b 6x4) 
Alexei Kervezee12 (15b 2x4) 
Trent Johnston 5-1-19-1 
John Mooney 1-0-8-0 
S. Potnis: ""I second Sidharth. I have managed to impress a girl or two with my 
comments published on cricinfo. Makes you look like a star. I used to be known as 
Shreyas Potnis, the Cricinfo Comment Dude!"" Y'all need to get out more ...",9.6,0,0.0,"Johnston to Ryan ten Doeschate, no run  .well, he's tried to whip the bat inside the line so he can call this one a 'leave' but ten  .Doeschate was beaten by the away movement before he had moved his bat. This is an  .enthralling battle, ten Doeschate v Ireland",Johnston,Ryan ten Doeschate,0.0,0,0,1,1,0.0,0,,0
"10.1 
W 
Mooney to Kervezee, OUT 
Kervezee gives it away! This really was such a soft dismissal, back-of-a-length on off 
stump and he just popped it straight into short extra cover's hands. He's better than 
that, Kervezee, and will be bitterly disappointed. Certainly not the greatest way to sign 
off at the World Cup, and Netherlands lose another 
Alexei Kervezee c O'Brien b Mooney 12 (16b 2x4 0x6 34m) SR: 75 
Good news, Barresi's back! He's obviously recovered from that blow to the head, and 
will need to set up about helping in his team's recovery now",10.1,W,0.0,"Mooney to Kervezee, OUT  .Kervezee gives it away! This really was such a soft dismissal, back-of-a-length on off  .stump and he just popped it straight into short extra cover's hands. He's better than  .that, Kervezee, and will be bitterly disappointed. Certainly not the greatest way to sign  .off at the World Cup, and Netherlands lose another  .Alexei Kervezee c O'Brien b Mooney 12 (16b 2x4 0x6 34m) SR: 75",Mooney,Kervezee,0.0,0,0,1,1,0.0,1,c O'Brien b Mooney,0
"10.2 
• 
Mooney to Barresi, no run 
beaten outside off! Great ball, Mooney came much wider on the crease and then moved 
the ball sharply away from the bat. He had to play at it",10.2,0,0.0,"Mooney to Barresi, no run  .beaten outside off! Great ball, Mooney came much wider on the crease and then moved  .the ball sharply away from the bat. He had to play at it",Mooney,Barresi,0.0,0,0,1,1,0.0,0,,0
"10.3 
• 
Mooney to Barresi, no run 
beaten again, this time it's the bounce! Much shorter on off stump, Barresi cuts but is 
easily beaten on the top edge",10.3,0,0.0,"Mooney to Barresi, no run  .beaten again, this time it's the bounce! Much shorter on off stump, Barresi cuts but is  .easily beaten on the top edge",Mooney,Barresi,0.0,0,0,1,1,0.0,0,,0
"10.4 
• 
Mooney to Barresi, no run 
fuller on off stump, defended into the covers",10.4,0,0.0,"Mooney to Barresi, no run  .fuller on off stump, defended into the covers",Mooney,Barresi,0.0,0,0,1,1,0.0,0,,0
"10.5 
• 
Mooney to Barresi, no run 
more defence from Barresi, he's easing his way back in",10.5,0,0.0,"Mooney to Barresi, no run  .more defence from Barresi, he's easing his way back in",Mooney,Barresi,0.0,0,0,1,1,0.0,0,,0
"10.6 
1 
Mooney to Barresi, 1 run 
just short of a good length, he stands tall and chops down behind gully 
end of over 111 run • 1 wicket 
NED: 54/3CRR: 4.90  
Wesley Barresi3 (10b) 
Ryan ten Doeschate28 (31b 6x4) 
John Mooney 2-0-9-1 
Trent Johnston 5-1-19-1 
Sukhjinder Singh: ""Barresi looks like a twin of Adam Sandler.""",10.6,1,1.0,"Mooney to Barresi, 1 run  .just short of a good length, he stands tall and chops down behind gully",Mooney,Barresi,1.0,0,0,1,1,1.0,0,,1
"11.1 
2 
Rankin to Barresi, 2 runs 
tucked off the hip down and behind square on the leg side. Awkward bounce to deal 
with from Rankin, I'd certainly not enjoy facing him",11.1,2,2.0,"Rankin to Barresi, 2 runs  .tucked off the hip down and behind square on the leg side. Awkward bounce to deal  .with from Rankin, I'd certainly not enjoy facing him",Rankin,Barresi,2.0,0,0,1,1,2.0,0,,1
"11.2 
1w 
Rankin to Barresi, 1 wide 
speared down the leg side, Barresi sets himself for the glance but it's too far away and 
called wide",11.2,1w,1.0,"Rankin to Barresi, 1 wide  .speared down the leg side, Barresi sets himself for the glance but it's too far away and  .called wide",Rankin,Barresi,0.0,0,0,0,0,1.0,0,,1
"11.2 
• 
Rankin to Barresi, no run 
fuller, Barresi drives and the ball comes off a thick inside edge, rolling to mid-on",11.2,0,0.0,"Rankin to Barresi, no run  .fuller, Barresi drives and the ball comes off a thick inside edge, rolling to mid-on",Rankin,Barresi,0.0,0,0,1,1,0.0,0,,0
"11.3 
• 
Rankin to Barresi, no run 
great length outside off, Barresi can't come forward to it and just taps to gully",11.3,0,0.0,"Rankin to Barresi, no run  .great length outside off, Barresi can't come forward to it and just taps to gully",Rankin,Barresi,0.0,0,0,1,1,0.0,0,,0
"11.4 
6 
Rankin to Barresi, SIX runs 
the riposte! Was it the blow to the head or does he usually bat like this? A Happy 
Gilmour-style heave, and the ball rockets over square leg!",11.4,6,6.0,"Rankin to Barresi, SIX runs  .the riposte! Was it the blow to the head or does he usually bat like this? A Happy  .Gilmour-style heave, and the ball rockets over square leg!",Rankin,Barresi,6.0,0,1,1,1,6.0,0,,1
"11.5 
• 
Rankin to Barresi, no run 
Rankin goes wider of off, Barresi steps across and leaves well alone",11.5,0,0.0,"Rankin to Barresi, no run  .Rankin goes wider of off, Barresi steps across and leaves well alone",Rankin,Barresi,0.0,0,0,1,1,0.0,0,,0
"11.6 
2 
Rankin to Barresi, 2 runs 
just a touch too straight, whipped firmly out through square leg but there's a fielder in 
the deep who charges round to cut it off 
end of over 1211 runs  
NED: 65/3CRR: 5.41  
Wesley Barresi13 (16b 1x6) 
Ryan ten Doeschate28 (31b 6x4) 
Boyd Rankin 5-0-33-1 
John Mooney 2-0-9-1 
Kandarp: ""I don't know whether I have impressed any girl or not but I surely managed to 
enhance my reputation of hardcore cricket follower among my friends when my 
comments were published in a Ranji match on cricinfo.""",11.6,2,2.0,"Rankin to Barresi, 2 runs  .just a touch too straight, whipped firmly out through square leg but there's a fielder in  .the deep who charges round to cut it off",Rankin,Barresi,2.0,0,0,1,1,2.0,0,,1
"12.1 
• 
Mooney to Ryan ten Doeschate, no run 
full on off stump, dug out towards mid-off. Mooney looks so much better when he 
pitches it up, too often he bowls way too short and simply doesn't have the pace for it",12.1,0,0.0,"Mooney to Ryan ten Doeschate, no run  .full on off stump, dug out towards mid-off. Mooney looks so much better when he  .pitches it up, too often he bowls way too short and simply doesn't have the pace for it",Mooney,Ryan ten Doeschate,0.0,0,0,1,1,0.0,0,,0
"12.2 
• 
Mooney to Ryan ten Doeschate, no run 
there we go, a touch short outside off and ten Doeschate launces into a cut ... 
fortunately for Ireland a fielder gets himself in the way 
O'Brien up to the stumps now",12.2,0,0.0,"Mooney to Ryan ten Doeschate, no run  .there we go, a touch short outside off and ten Doeschate launces into a cut ...  .fortunately for Ireland a fielder gets himself in the way  .O'Brien up to the stumps now",Mooney,Ryan ten Doeschate,0.0,0,0,1,1,0.0,0,,0
"12.3 
1 
Mooney to Ryan ten Doeschate, 1 run 
dropped down between midwicket and mid-on, there's time for a quick single 
sami: ""my girl friend showed my cricinfo comment to all her friends :-) hope they were 
impressed :P""",12.3,1,1.0,"Mooney to Ryan ten Doeschate, 1 run  .dropped down between midwicket and mid-on, there's time for a quick single",Mooney,Ryan ten Doeschate,1.0,0,0,1,1,1.0,0,,1
"12.4 
• 
Mooney to Barresi, no run 
Mooney was very excited for a moment there, but cut his appeal for lbw short when he 
noticed the massive inside edge",12.4,0,0.0,"Mooney to Barresi, no run  .Mooney was very excited for a moment there, but cut his appeal for lbw short when he  .noticed the massive inside edge",Mooney,Barresi,0.0,0,0,1,1,0.0,0,,0
"12.5 
4 
Mooney to Barresi, FOUR runs 
a golf-swing from Barresi, but the ball goes in the opposite direction to that intended! He 
was aiming over wide long on, but a thick edge took the ball down to third man",12.5,4,4.0,"Mooney to Barresi, FOUR runs  .a golf-swing from Barresi, but the ball goes in the opposite direction to that intended! He  .was aiming over wide long on, but a thick edge took the ball down to third man",Mooney,Barresi,4.0,1,0,1,1,4.0,0,,1
"12.6 
1 
Mooney to Barresi, 1 run 
full, driven out to the cover sweeper 
Hari: ""So here my girl says she will take me for a coffee if my comments get published.. 
so will you cricinfo?. please."" Have one on us, Hari. 
end of over 136 runs  
NED: 71/3CRR: 5.46  
Wesley Barresi18 (19b 1x4 1x6) 
Ryan ten Doeschate29 (34b 6x4) 
John Mooney 3-0-15-1 
Boyd Rankin 5-0-33-1 
A huge moment, no matter who the opposition. Here's George Dockrell, who some have 
called the most exciting young spinner in the world",12.6,1,1.0,"Mooney to Barresi, 1 run  .full, driven out to the cover sweeper",Mooney,Barresi,1.0,0,0,1,1,1.0,0,,1
"13.1 
• 
Dockrell to Barresi, no run 
good start, full and straight and defended",13.1,0,0.0,"Dockrell to Barresi, no run  .good start, full and straight and defended",Dockrell,Barresi,0.0,0,0,1,1,0.0,0,,0
"13.2 
• 
Dockrell to Barresi, no run 
driven hard to mid-on, Barresi's looking to be positive",13.2,0,0.0,"Dockrell to Barresi, no run  .driven hard to mid-on, Barresi's looking to be positive",Dockrell,Barresi,0.0,0,0,1,1,0.0,0,,0
"13.3 
• 
Dockrell to Barresi, no run 
almost! Flighted up bravely by Dockrell, the ball drifted in through the air and took a 
thick inside edge into the pad ... hands on head for the bowler",13.3,0,0.0,"Dockrell to Barresi, no run  .almost! Flighted up bravely by Dockrell, the ball drifted in through the air and took a  .thick inside edge into the pad ... hands on head for the bowler",Dockrell,Barresi,0.0,0,0,1,1,0.0,0,,0
"13.4 
4 
Dockrell to Barresi, FOUR runs 
up and over mid-off! He was always going to have a go with the field up. Strong shot",13.4,4,4.0,"Dockrell to Barresi, FOUR runs  .up and over mid-off! He was always going to have a go with the field up. Strong shot",Dockrell,Barresi,4.0,1,0,1,1,4.0,0,,1
"13.5 
• 
Dockrell to Barresi, no run 
tossed up again, defence this time",13.5,0,0.0,"Dockrell to Barresi, no run  .tossed up again, defence this time",Dockrell,Barresi,0.0,0,0,1,1,0.0,0,,0
"13.6 
1 
Dockrell to Barresi, 1 run 
again he gives the bowler the charge, but Dockrell spots him coming and drags the 
length down ... Barrsi doesn't get to the pitch but lays bat on ball to pick up one to cover 
end of over 145 runs  
NED: 76/3CRR: 5.42  
Wesley Barresi23 (25b 2x4 1x6) 
Ryan ten Doeschate29 (34b 6x4) 
George Dockrell 1-0-5-0 
John Mooney 3-0-15-1",13.6,1,1.0,"Dockrell to Barresi, 1 run  .again he gives the bowler the charge, but Dockrell spots him coming and drags the  .length down ... Barrsi doesn't get to the pitch but lays bat on ball to pick up one to cover",Dockrell,Barresi,1.0,0,0,1,1,1.0,0,,1
"14.1 
• 
Mooney to Barresi, no run 
full on off stump, tapped back to the bowler who palms it away to leg",14.1,0,0.0,"Mooney to Barresi, no run  .full on off stump, tapped back to the bowler who palms it away to leg",Mooney,Barresi,0.0,0,0,1,1,0.0,0,,0
"14.2 
4 
Mooney to Barresi, FOUR runs 
too short, Barresi is onto the pull in a flash. Played off the front foot, he had the look of 
AB de Villiers when he played the stroke",14.2,4,4.0,"Mooney to Barresi, FOUR runs  .too short, Barresi is onto the pull in a flash. Played off the front foot, he had the look of  .AB de Villiers when he played the stroke",Mooney,Barresi,4.0,1,0,1,1,4.0,0,,1
"14.3 
• 
Mooney to Barresi, no run 
flashed square on the up, point dives across to cut it off 
Smudgeon: ""I've made up my mind - I've got a Dutch mate who isn't interested in cricket, 
so he's going to support them on both our behalf, and I'm going to stick with Ireland 
because my dad has red hair. Problem solved.""",14.3,0,0.0,"Mooney to Barresi, no run  .flashed square on the up, point dives across to cut it off",Mooney,Barresi,0.0,0,0,1,1,0.0,0,,0
"14.4 
1 
Mooney to Barresi, 1 run 
angled off the outer edge down to third man",14.4,1,1.0,"Mooney to Barresi, 1 run  .angled off the outer edge down to third man",Mooney,Barresi,1.0,0,0,1,1,1.0,0,,1
"14.5 
1 
Mooney to Ryan ten Doeschate, 1 run 
full on off stump and angling in ... a hopeful appeal from Mooney as ball hits pad then 
bat, but he was outside the line",14.5,1,1.0,"Mooney to Ryan ten Doeschate, 1 run  .full on off stump and angling in ... a hopeful appeal from Mooney as ball hits pad then  .bat, but he was outside the line",Mooney,Ryan ten Doeschate,1.0,0,0,1,1,1.0,0,,1
"14.6 
• 
Mooney to Barresi, no run 
Mooney goes wide of the crease, sending the ball in towards middle and off on the 
angle ... but it's solidly defended 
Jez: ""Gutted, this is the only game NOT being shown on TV in NZ."" A travesty, to be sure. 
Yuvaraj: ""Just returned from St. Patrick's day celebrations at Toronto... Irish drinks are 
good and cool like Irish players... They are always enjoying themselves.. Nice to see...."" 
That's the end of the Bowling Powerplay, and also drinks 
end of over 156 runs  
NED: 82/3CRR: 5.46  
Wesley Barresi28 (30b 3x4 1x6) 
Ryan ten Doeschate30 (35b 6x4) 
John Mooney 4-0-21-1 
George Dockrell 1-0-5-0",14.6,0,0.0,"Mooney to Barresi, no run  .Mooney goes wide of the crease, sending the ball in towards middle and off on the  .angle ... but it's solidly defended",Mooney,Barresi,0.0,0,0,1,1,0.0,0,,0
"15.1 
• 
Dockrell to Ryan ten Doeschate, no run 
big appeal from Dockrell! That was hit on the pad but probably not straightening enough",15.1,0,0.0,"Dockrell to Ryan ten Doeschate, no run  .big appeal from Dockrell! That was hit on the pad but probably not straightening enough",Dockrell,Ryan ten Doeschate,0.0,0,0,1,1,0.0,0,,0
"15.2 
• 
Dockrell to Ryan ten Doeschate, no run 
the bowler gives it some air again, ten Doeschate defends down the track",15.2,0,0.0,"Dockrell to Ryan ten Doeschate, no run  .the bowler gives it some air again, ten Doeschate defends down the track",Dockrell,Ryan ten Doeschate,0.0,0,0,1,1,0.0,0,,0
"15.3 
1 
Dockrell to Ryan ten Doeschate, 1 run 
tossed up on the toes, flicked to short fine leg",15.3,1,1.0,"Dockrell to Ryan ten Doeschate, 1 run  .tossed up on the toes, flicked to short fine leg",Dockrell,Ryan ten Doeschate,1.0,0,0,1,1,1.0,0,,1
"15.4 
• 
Dockrell to Barresi, no run 
this is great stuff from Dockrell, real classical spin bowling with plenty of flight and 
guile. Barresi bends into a slog sweep, lays nothing on it",15.4,0,0.0,"Dockrell to Barresi, no run  .this is great stuff from Dockrell, real classical spin bowling with plenty of flight and  .guile. Barresi bends into a slog sweep, lays nothing on it",Dockrell,Barresi,0.0,0,0,1,1,0.0,0,,0
"15.5 
• 
Dockrell to Barresi, no run 
full, cracked very hard back at the bowler, along the ground",15.5,0,0.0,"Dockrell to Barresi, no run  .full, cracked very hard back at the bowler, along the ground",Dockrell,Barresi,0.0,0,0,1,1,0.0,0,,0
"15.6 
1 
Dockrell to Barresi, 1 run 
Barresi shuffles down and nudges the ball behind square on the leg side for another 
single 
end of over 162 runs  
NED: 84/3CRR: 5.25  
Wesley Barresi29 (33b 3x4 1x6) 
Ryan ten Doeschate31 (38b 6x4) 
George Dockrell 2-0-7-0 
John Mooney 4-0-21-1 
Haley: ""I'm also having support problems. Ryan is a Port Elizabeth born guy and i am a 
P.E born gal. He is the only reason i am sitting at my computer on this rainy P.E 
morning. But Ireland really deserve to bow out this tornement on a winning high! What a 
well disiplined team! So Ryan or Ireland? Maybe both?""",15.6,1,1.0,"Dockrell to Barresi, 1 run  .Barresi shuffles down and nudges the ball behind square on the leg side for another  .single",Dockrell,Barresi,1.0,0,0,1,1,1.0,0,,1
"16.1 
• 
Stirling to Barresi, no run 
swept hard, but straight to short fine",16.1,0,0.0,"Stirling to Barresi, no run  .swept hard, but straight to short fine",Stirling,Barresi,0.0,0,0,1,1,0.0,0,,0
"16.2 
1 
Stirling to Barresi, 1 run 
tapped down to long-on off the back foot 
Stirling's done a great job of supporting Dockrell so far in this tournament, he's certainly 
more than just a part-time spinner",16.2,1,1.0,"Stirling to Barresi, 1 run  .tapped down to long-on off the back foot  .Stirling's done a great job of supporting Dockrell so far in this tournament, he's certainly  .more than just a part-time spinner",Stirling,Barresi,1.0,0,0,1,1,1.0,0,,1
"16.3 
• 
Stirling to Ryan ten Doeschate, no run 
tapped down to gully",16.3,0,0.0,"Stirling to Ryan ten Doeschate, no run  .tapped down to gully",Stirling,Ryan ten Doeschate,0.0,0,0,1,1,0.0,0,,0
"16.4 
1 
Stirling to Ryan ten Doeschate, 1 run 
nudged into the leg side",16.4,1,1.0,"Stirling to Ryan ten Doeschate, 1 run  .nudged into the leg side",Stirling,Ryan ten Doeschate,1.0,0,0,1,1,1.0,0,,1
"16.5 
• 
Stirling to Barresi, no run 
defended back to the bowler",16.5,0,0.0,"Stirling to Barresi, no run  .defended back to the bowler",Stirling,Barresi,0.0,0,0,1,1,0.0,0,,0
"16.6 
1 
Stirling to Barresi, 1 run 
dropped down behind square, very close in but the placement is there for a quick single 
Phew, he also motors through his overs in no time! My fingers can barely keep up 
end of over 173 runs  
NED: 87/3CRR: 5.11  
Wesley Barresi31 (37b 3x4 1x6) 
Ryan ten Doeschate32 (40b 6x4) 
Paul Stirling 1-0-3-0 
George Dockrell 2-0-7-0",16.6,1,1.0,"Stirling to Barresi, 1 run  .dropped down behind square, very close in but the placement is there for a quick single  .Phew, he also motors through his overs in no time! My fingers can barely keep up",Stirling,Barresi,1.0,0,0,1,1,1.0,0,,1
"17.1 
• 
Dockrell to Barresi, no run 
ooh, that could so easily have snuck through! Off the inside half of the bat and into the 
leg side",17.1,0,0.0,"Dockrell to Barresi, no run  .ooh, that could so easily have snuck through! Off the inside half of the bat and into the  .leg side",Dockrell,Barresi,0.0,0,0,1,1,0.0,0,,0
"17.2 
1 
Dockrell to Barresi, 1 run 
down the track, this time he beats the straight midwicket for one",17.2,1,1.0,"Dockrell to Barresi, 1 run  .down the track, this time he beats the straight midwicket for one",Dockrell,Barresi,1.0,0,0,1,1,1.0,0,,1
"17.3 
1 
Dockrell to Ryan ten Doeschate, 1 run 
punched hard down the ground, and straight too ... just the one though",17.3,1,1.0,"Dockrell to Ryan ten Doeschate, 1 run  .punched hard down the ground, and straight too ... just the one though",Dockrell,Ryan ten Doeschate,1.0,0,0,1,1,1.0,0,,1
"17.4 
4 
Dockrell to Barresi, FOUR runs 
swept with tremendous power out to deep midwicket! The ball was looped up again, 
and this time he middled the shot. There were men at long on and deep square ... and 
now they're plugging the gap at midwicket too",17.4,4,4.0,"Dockrell to Barresi, FOUR runs  .swept with tremendous power out to deep midwicket! The ball was looped up again,  .and this time he middled the shot. There were men at long on and deep square ... and  .now they're plugging the gap at midwicket too",Dockrell,Barresi,4.0,1,0,1,1,4.0,0,,1
"17.5 
• 
Dockrell to Barresi, no run",17.5,0,0.0,"Dockrell to Barresi, no run",Dockrell,Barresi,0.0,0,0,1,1,0.0,0,,0
"17.6 
• 
Dockrell to Barresi, no run 
end of over 186 runs  
NED: 93/3CRR: 5.16  
Wesley Barresi36 (42b 4x4 1x6) 
Ryan ten Doeschate33 (41b 6x4) 
George Dockrell 3-0-13-0 
Paul Stirling 1-0-3-0",17.6,0,0.0,"Dockrell to Barresi, no run",Dockrell,Barresi,0.0,0,0,1,1,0.0,0,,0
"18.1 
1 
Stirling to Ryan ten Doeschate, 1 run",18.1,1,1.0,"Stirling to Ryan ten Doeschate, 1 run",Stirling,Ryan ten Doeschate,1.0,0,0,1,1,1.0,0,,1
"18.2 
6 
Stirling to Barresi, SIX runs 
pitched up, in the slot outside off, fetched it and slog-swept it meatily over deep 
midwicket for a six, cleared the ropes comfortably",18.2,6,6.0,"Stirling to Barresi, SIX runs  .pitched up, in the slot outside off, fetched it and slog-swept it meatily over deep  .midwicket for a six, cleared the ropes comfortably",Stirling,Barresi,6.0,0,1,1,1,6.0,0,,1
"18.3 
• 
Stirling to Barresi, no run 
went straight on, short of a good length outside off, he played for the turn, inside the 
line, but it beat him",18.3,0,0.0,"Stirling to Barresi, no run  .went straight on, short of a good length outside off, he played for the turn, inside the  .line, but it beat him",Stirling,Barresi,0.0,0,0,1,1,0.0,0,,0
"18.4 
1 
Stirling to Barresi, 1 run 
short outside off, makes room and cuts it through point into the deep for a single",18.4,1,1.0,"Stirling to Barresi, 1 run  .short outside off, makes room and cuts it through point into the deep for a single",Stirling,Barresi,1.0,0,0,1,1,1.0,0,,1
"18.5 
1 
Stirling to Ryan ten Doeschate, 1 run 
good length outside off, drops it in front of cover, steals a quick single",18.5,1,1.0,"Stirling to Ryan ten Doeschate, 1 run  .good length outside off, drops it in front of cover, steals a quick single",Stirling,Ryan ten Doeschate,1.0,0,0,1,1,1.0,0,,1
"18.6 
• 
Stirling to Barresi, no run 
closes the face on that and turns it into the leg side 
end of over 199 runs  
NED: 102/3CRR: 5.36  
Wesley Barresi43 (46b 4x4 2x6) 
Ryan ten Doeschate35 (43b 6x4) 
Paul Stirling 2-0-12-0 
George Dockrell 3-0-13-0 
Thanks Liam, Netherlands have recovered well after those two early wickets",18.6,0,0.0,"Stirling to Barresi, no run  .closes the face on that and turns it into the leg side",Stirling,Barresi,0.0,0,0,1,1,0.0,0,,0
"19.1 
1 
Dockrell to Ryan ten Doeschate, 1 run 
tickled into the leg side for a single to raise the 50 stand",19.1,1,1.0,"Dockrell to Ryan ten Doeschate, 1 run  .tickled into the leg side for a single to raise the 50 stand",Dockrell,Ryan ten Doeschate,1.0,0,0,1,1,1.0,0,,1
"19.2 
1 
Dockrell to Barresi, 1 run 
worked away behind square off the front foot",19.2,1,1.0,"Dockrell to Barresi, 1 run  .worked away behind square off the front foot",Dockrell,Barresi,1.0,0,0,1,1,1.0,0,,1
"19.3 
• 
Dockrell to Ryan ten Doeschate, no run 
charged out of the crease, Dockrell saq him coming and held back his length, defended 
into the off side",19.3,0,0.0,"Dockrell to Ryan ten Doeschate, no run  .charged out of the crease, Dockrell saq him coming and held back his length, defended  .into the off side",Dockrell,Ryan ten Doeschate,0.0,0,0,1,1,0.0,0,,0
"19.4 
• 
Dockrell to Ryan ten Doeschate, no run 
pushed back towards the bowler, Dockrell dives to his right, he's in some pain now 
Has he dislocated his shoulder? Dived full length to his right to stop the single. He's in 
plenty of pain. The physio's out there attending to him. Dockrell's walking off, the 
physio's holding his shoulder as he's making his way out. Unlikely we'll see him bowl 
again today, but he's impressed in this World Cup. Disappointing way to sign off, but lets 
just hope he recovers quickly. He is one of Ireland's key players. 
Alex Cusack will complete the over",19.4,0,0.0,"Dockrell to Ryan ten Doeschate, no run  .pushed back towards the bowler, Dockrell dives to his right, he's in some pain now  .Has he dislocated his shoulder? Dived full length to his right to stop the single. He's in  .plenty of pain. The physio's out there attending to him. Dockrell's walking off, the  .physio's holding his shoulder as he's making his way out. Unlikely we'll see him bowl  .again today, but he's impressed in this World Cup. Disappointing way to sign off, but lets  .just hope he recovers quickly. He is one of Ireland's key players.  .Alex Cusack will complete the over",Dockrell,Ryan ten Doeschate,0.0,0,0,1,1,0.0,0,,0
"19.5 
• 
Cusack to Ryan ten Doeschate, no run 
short of a length outside off, tries to cut, gets some good bounce as it nips in, misses",19.5,0,0.0,"Cusack to Ryan ten Doeschate, no run  .short of a length outside off, tries to cut, gets some good bounce as it nips in, misses",Cusack,Ryan ten Doeschate,0.0,0,0,1,1,0.0,0,,0
"19.6 
1 
Cusack to Ryan ten Doeschate, 1 run 
short and wide, goes for the cut again, plenty of width but it's fielded brilliantly at point 
as the fielder hurls himself to his right and keeps them down to a single 
end of over 203 runs  
NED: 105/3CRR: 5.25  
Ryan ten Doeschate37 (48b 6x4) 
Wesley Barresi44 (47b 4x4 2x6) 
Alex Cusack",19.6,1,1.0,"Cusack to Ryan ten Doeschate, 1 run  .short and wide, goes for the cut again, plenty of width but it's fielded brilliantly at point  .as the fielder hurls himself to his right and keeps them down to a single",Cusack,Ryan ten Doeschate,1.0,0,0,1,1,1.0,0,,1
"20.1 
• 
Mooney to Ryan ten Doeschate, no run 
back of a length on the off, gets on the back foot and drops it in front of the bowler",20.1,0,0.0,"Mooney to Ryan ten Doeschate, no run  .back of a length on the off, gets on the back foot and drops it in front of the bowler",Mooney,Ryan ten Doeschate,0.0,0,0,1,1,0.0,0,,0
"20.2 
• 
Mooney to Ryan ten Doeschate, no run 
shortish outside off, gets back and knocks it down in front of point",20.2,0,0.0,"Mooney to Ryan ten Doeschate, no run  .shortish outside off, gets back and knocks it down in front of point",Mooney,Ryan ten Doeschate,0.0,0,0,1,1,0.0,0,,0
"20.3 
• 
Mooney to Ryan ten Doeschate, no run 
bowled on a good length on the off, pushed back to the bowler",20.3,0,0.0,"Mooney to Ryan ten Doeschate, no run  .bowled on a good length on the off, pushed back to the bowler",Mooney,Ryan ten Doeschate,0.0,0,0,1,1,0.0,0,,0
"20.4 
4 
Mooney to Ryan ten Doeschate, FOUR runs 
pitched up outside off, in the driving zone, drives at it hard, gets a thick outside edge to 
the boundary",20.4,4,4.0,"Mooney to Ryan ten Doeschate, FOUR runs  .pitched up outside off, in the driving zone, drives at it hard, gets a thick outside edge to  .the boundary",Mooney,Ryan ten Doeschate,4.0,1,0,1,1,4.0,0,,1
"20.5 
• 
Mooney to Ryan ten Doeschate, no run 
good length on middle, pushed back firmly to the bowler",20.5,0,0.0,"Mooney to Ryan ten Doeschate, no run  .good length on middle, pushed back firmly to the bowler",Mooney,Ryan ten Doeschate,0.0,0,0,1,1,0.0,0,,0
"20.6 
1 
Mooney to Ryan ten Doeschate, 1 run 
slightly short outside off, nips back in, gets behind it and drops it into the off side 
end of over 215 runs  
NED: 110/3CRR: 5.23  
Ryan ten Doeschate42 (54b 7x4) 
Wesley Barresi44 (47b 4x4 2x6) 
John Mooney 5-0-26-1 
Alex Cusack",20.6,1,1.0,"Mooney to Ryan ten Doeschate, 1 run  .slightly short outside off, nips back in, gets behind it and drops it into the off side",Mooney,Ryan ten Doeschate,1.0,0,0,1,1,1.0,0,,1
"21.1 
2 
Stirling to Ryan ten Doeschate, 2 runs 
they've ran well between the wickets, drops it in front of point, played gently and there is 
enough time to come back for the second",21.1,2,2.0,"Stirling to Ryan ten Doeschate, 2 runs  .they've ran well between the wickets, drops it in front of point, played gently and there is  .enough time to come back for the second",Stirling,Ryan ten Doeschate,2.0,0,0,1,1,2.0,0,,1
"21.2 
• 
Stirling to Ryan ten Doeschate, no run 
much closer to the off stump, guides it down towards short third man",21.2,0,0.0,"Stirling to Ryan ten Doeschate, no run  .much closer to the off stump, guides it down towards short third man",Stirling,Ryan ten Doeschate,0.0,0,0,1,1,0.0,0,,0
"21.3 
1 
Stirling to Ryan ten Doeschate, 1 run 
gets on the back foot and works it down towards midwicket",21.3,1,1.0,"Stirling to Ryan ten Doeschate, 1 run  .gets on the back foot and works it down towards midwicket",Stirling,Ryan ten Doeschate,1.0,0,0,1,1,1.0,0,,1
"21.4 
• 
Stirling to Barresi, no run 
whips it off the back foot to short fine leg",21.4,0,0.0,"Stirling to Barresi, no run  .whips it off the back foot to short fine leg",Stirling,Barresi,0.0,0,0,1,1,0.0,0,,0
"21.5 
W 
Stirling to Barresi, OUT 
Review: Appeal for lbw, it's bowled on a good length, he walks across to turn it square, 
turns in, he misses, and is caught in front. Doctrove's the umpire, he raises his finger 
immediately. Barresi wants a review, but he's gonna have to go. That was out. Landed in 
line, struck him in line and was hitting middle and off. 
Wesley Barresi lbw b Stirling 44 (49b 4x4 2x6 61m) SR: 89.79 
The end of a solid innings, looked good for more but Netherlands will have to rebuild 
again now",21.5,W,0.0,"Stirling to Barresi, OUT  .Review: Appeal for lbw, it's bowled on a good length, he walks across to turn it square,  .turns in, he misses, and is caught in front. Doctrove's the umpire, he raises his finger  .immediately. Barresi wants a review, but he's gonna have to go. That was out. Landed in  .line, struck him in line and was hitting middle and off.  .Wesley Barresi lbw b Stirling 44 (49b 4x4 2x6 61m) SR: 89.79",Stirling,Barresi,0.0,0,0,1,1,0.0,1,lbw b Stirling,0
"21.6 
1b 
Stirling to Borren, 1 bye 
fires it full outside off, tries to dig it out behind point, evades slip as it jumps off the 
pitch and they snatch a bye 
end of over 224 runs • 1 wicket 
NED: 114/4CRR: 5.18  
Peter Borren0 (1b) 
Ryan ten Doeschate45 (57b 7x4) 
Paul Stirling 3-0-15-1 
John Mooney 5-0-26-1",21.6,1b,1.0,"Stirling to Borren, 1 bye  .fires it full outside off, tries to dig it out behind point, evades slip as it jumps off the  .pitch and they snatch a bye",Stirling,Borren,0.0,0,0,1,1,0.0,0,,1
"22.1 
• 
Mooney to Borren, no run 
short of a good length outside off, withdraws after initially thinking of playing at it",22.1,0,0.0,"Mooney to Borren, no run  .short of a good length outside off, withdraws after initially thinking of playing at it",Mooney,Borren,0.0,0,0,1,1,0.0,0,,0
"22.2 
1 
Mooney to Borren, 1 run 
back of a length, guides it behind point for a single",22.2,1,1.0,"Mooney to Borren, 1 run  .back of a length, guides it behind point for a single",Mooney,Borren,1.0,0,0,1,1,1.0,0,,1
"22.3 
2 
Mooney to Ryan ten Doeschate, 2 runs 
nicely done, just closes his face there and plays it gently past the vacant square leg 
area, senses a chance to come back for the second and does so easily in the end",22.3,2,2.0,"Mooney to Ryan ten Doeschate, 2 runs  .nicely done, just closes his face there and plays it gently past the vacant square leg  .area, senses a chance to come back for the second and does so easily in the end",Mooney,Ryan ten Doeschate,2.0,0,0,1,1,2.0,0,,1
"22.4 
1lb 
Mooney to Ryan ten Doeschate, 1 leg bye 
turned away behind square for a single",22.4,1lb,1.0,"Mooney to Ryan ten Doeschate, 1 leg bye  .turned away behind square for a single",Mooney,Ryan ten Doeschate,0.0,0,0,1,1,0.0,0,,0
"22.5 
• 
Mooney to Borren, no run",22.5,0,0.0,"Mooney to Borren, no run",Mooney,Borren,0.0,0,0,1,1,0.0,0,,0
"22.6 
1 
Mooney to Borren, 1 run 
slightly short outside off, guided down towards third man for an easy single 
end of over 235 runs  
NED: 119/4CRR: 5.17  
Peter Borren2 (5b) 
Ryan ten Doeschate47 (59b 7x4) 
John Mooney 6-0-30-1 
Paul Stirling 3-0-15-1",22.6,1,1.0,"Mooney to Borren, 1 run  .slightly short outside off, guided down towards third man for an easy single",Mooney,Borren,1.0,0,0,1,1,1.0,0,,1
"23.1 
1 
Stirling to Borren, 1 run 
angled in, worked away through the leg side for a single",23.1,1,1.0,"Stirling to Borren, 1 run  .angled in, worked away through the leg side for a single",Stirling,Borren,1.0,0,0,1,1,1.0,0,,1
"23.2 
• 
Stirling to Ryan ten Doeschate, no run 
lands on a good length, defended cautiously towards cover",23.2,0,0.0,"Stirling to Ryan ten Doeschate, no run  .lands on a good length, defended cautiously towards cover",Stirling,Ryan ten Doeschate,0.0,0,0,1,1,0.0,0,,0
"23.3 
• 
Stirling to Ryan ten Doeschate, no run 
gets forward, bends low and drops it into the leg side",23.3,0,0.0,"Stirling to Ryan ten Doeschate, no run  .gets forward, bends low and drops it into the leg side",Stirling,Ryan ten Doeschate,0.0,0,0,1,1,0.0,0,,0
"23.4 
• 
Stirling to Ryan ten Doeschate, no run 
stepped out of the crease, came down the track to turn it into the leg side, Stirling held 
back the length",23.4,0,0.0,"Stirling to Ryan ten Doeschate, no run  .stepped out of the crease, came down the track to turn it into the leg side, Stirling held  .back the length",Stirling,Ryan ten Doeschate,0.0,0,0,1,1,0.0,0,,0
"23.5 
1 
Stirling to Ryan ten Doeschate, 1 run 
shortish outside off, rocks back and punches it towards extra cover for a single",23.5,1,1.0,"Stirling to Ryan ten Doeschate, 1 run  .shortish outside off, rocks back and punches it towards extra cover for a single",Stirling,Ryan ten Doeschate,1.0,0,0,1,1,1.0,0,,1
"23.6 
• 
Stirling to Borren, no run 
flighted on the off, rocks forward and drops it into the leg side 
end of over 242 runs  
NED: 121/4CRR: 5.04  
Peter Borren3 (7b) 
Ryan ten Doeschate48 (63b 7x4) 
Paul Stirling 4-0-17-1 
John Mooney 6-0-30-1 
Bails have been changed. The old ones kept getting blown off by the strong breeze",23.6,0,0.0,"Stirling to Borren, no run  .flighted on the off, rocks forward and drops it into the leg side",Stirling,Borren,0.0,0,0,1,1,0.0,0,,0
"24.1 
1 
Rankin to Ryan ten Doeschate, 1 run 
short and wide, cut away off the back foot to deep point for a single",24.1,1,1.0,"Rankin to Ryan ten Doeschate, 1 run  .short and wide, cut away off the back foot to deep point for a single",Rankin,Ryan ten Doeschate,1.0,0,0,1,1,1.0,0,,1
"24.2 
4 
Rankin to Borren, FOUR runs 
poor line, Rankin fires that on leg stump and Borren has no trouble flicking it over 
square leg, there's a yawning gap there and he finds it",24.2,4,4.0,"Rankin to Borren, FOUR runs  .poor line, Rankin fires that on leg stump and Borren has no trouble flicking it over  .square leg, there's a yawning gap there and he finds it",Rankin,Borren,4.0,1,0,1,1,4.0,0,,1
"24.3 
4 
Rankin to Borren, FOUR runs 
a touch fortunate this time, pitched up outside off and he pokes at it, gets a thick 
outside edge that evades first slip comfortably, streaky but it works",24.3,4,4.0,"Rankin to Borren, FOUR runs  .a touch fortunate this time, pitched up outside off and he pokes at it, gets a thick  .outside edge that evades first slip comfortably, streaky but it works",Rankin,Borren,4.0,1,0,1,1,4.0,0,,1
"24.4 
1w 
Rankin to Borren, 1 wide 
follows that up with a wide down the leg side, a bouncer but a misdirected one",24.4,1w,1.0,"Rankin to Borren, 1 wide  .follows that up with a wide down the leg side, a bouncer but a misdirected one",Rankin,Borren,0.0,0,0,0,0,1.0,0,,1
"24.4 
4 
Rankin to Borren, FOUR runs 
Rankin's bleeding runs this over, short, an attempted bouncer, short and wide and 
Borren upper-cuts it over the slips to the third-man boundary",24.4,4,4.0,"Rankin to Borren, FOUR runs  .Rankin's bleeding runs this over, short, an attempted bouncer, short and wide and  .Borren upper-cuts it over the slips to the third-man boundary",Rankin,Borren,4.0,1,0,1,1,4.0,0,,1
"24.5 
• 
Rankin to Borren, no run 
tries to be a little cheeky again, but it doesn't rise up as much as the earlier one, beats 
the outside edge",24.5,0,0.0,"Rankin to Borren, no run  .tries to be a little cheeky again, but it doesn't rise up as much as the earlier one, beats  .the outside edge",Rankin,Borren,0.0,0,0,1,1,0.0,0,,0
"24.6 
1 
Rankin to Borren, 1 run 
another edge, down to third man for a single, played away from his body there and it 
appeared to nip back in but it lands safely 
end of over 2515 runs  
NED: 136/4CRR: 5.44  
Peter Borren16 (12b 3x4) 
Ryan ten Doeschate49 (64b 7x4) 
Boyd Rankin 6-0-48-1 
Paul Stirling 4-0-17-1",24.6,1,1.0,"Rankin to Borren, 1 run  .another edge, down to third man for a single, played away from his body there and it  .appeared to nip back in but it lands safely",Rankin,Borren,1.0,0,0,1,1,1.0,0,,1
"25.1 
2 
Stirling to Borren, 2 runs 
slightly short, Borren's playing a good hand here, makes room and guides it behind point 
for a couple more",25.1,2,2.0,"Stirling to Borren, 2 runs  .slightly short, Borren's playing a good hand here, makes room and guides it behind point  .for a couple more",Stirling,Borren,2.0,0,0,1,1,2.0,0,,1
"25.2 
4 
Stirling to Borren, FOUR runs 
deliberately done, wider than the previous one, there';s no slip, waited for it to turn and 
late-cut it to the third-man boundary, a very innovative innings thus far",25.2,4,4.0,"Stirling to Borren, FOUR runs  .deliberately done, wider than the previous one, there';s no slip, waited for it to turn and  .late-cut it to the third-man boundary, a very innovative innings thus far",Stirling,Borren,4.0,1,0,1,1,4.0,0,,1
"25.3 
• 
Stirling to Borren, no run 
fullish, pushed into the leg side off the front foot",25.3,0,0.0,"Stirling to Borren, no run  .fullish, pushed into the leg side off the front foot",Stirling,Borren,0.0,0,0,1,1,0.0,0,,0
"25.4 
• 
Stirling to Borren, no run 
fullish on the off, meets it with a solid defence",25.4,0,0.0,"Stirling to Borren, no run  .fullish on the off, meets it with a solid defence",Stirling,Borren,0.0,0,0,1,1,0.0,0,,0
"25.5 
• 
Stirling to Borren, no run 
turning in from a good length, steps forward and defends it back to the bowler",25.5,0,0.0,"Stirling to Borren, no run  .turning in from a good length, steps forward and defends it back to the bowler",Stirling,Borren,0.0,0,0,1,1,0.0,0,,0
"25.6 
• 
Stirling to Borren, no run 
quicker through the air, slightly short outside off, tries to repeat what he tried earlier in 
the over, misses and the keeper fumbles 
end of over 266 runs  
NED: 142/4CRR: 5.46  
Peter Borren22 (18b 4x4) 
Ryan ten Doeschate49 (64b 7x4) 
Paul Stirling 5-0-23-1 
Boyd Rankin 6-0-48-1",25.6,0,0.0,"Stirling to Borren, no run  .quicker through the air, slightly short outside off, tries to repeat what he tried earlier in  .the over, misses and the keeper fumbles",Stirling,Borren,0.0,0,0,1,1,0.0,0,,0
"26.1 
1 
K O'Brien to Ryan ten Doeschate, 1 run 
ten Doeschate shines again, short of a good length, runs it down to third man to raise 
another fifty, living up to his repuation yet again",26.1,1,1.0,"K O'Brien to Ryan ten Doeschate, 1 run  .ten Doeschate shines again, short of a good length, runs it down to third man to raise  .another fifty, living up to his repuation yet again",K O'Brien,Ryan ten Doeschate,1.0,0,0,1,1,1.0,0,,1
"26.2 
• 
K O'Brien to Borren, no run 
back of a length outside off, surprises him with the bounce there, leaves it be",26.2,0,0.0,"K O'Brien to Borren, no run  .back of a length outside off, surprises him with the bounce there, leaves it be",K O'Brien,Borren,0.0,0,0,1,1,0.0,0,,0
"26.3 
1 
K O'Brien to Borren, 1 run 
banged in short on middle, pulled away to deep midwicket for a single",26.3,1,1.0,"K O'Brien to Borren, 1 run  .banged in short on middle, pulled away to deep midwicket for a single",K O'Brien,Borren,1.0,0,0,1,1,1.0,0,,1
"26.4 
• 
K O'Brien to Ryan ten Doeschate, no run 
slower one bowled on the off, cuts back in, defended back to the bowler",26.4,0,0.0,"K O'Brien to Ryan ten Doeschate, no run  .slower one bowled on the off, cuts back in, defended back to the bowler",K O'Brien,Ryan ten Doeschate,0.0,0,0,1,1,0.0,0,,0
"26.5 
1 
K O'Brien to Ryan ten Doeschate, 1 run 
pitched up on middle, driven down towards long-on for a single",26.5,1,1.0,"K O'Brien to Ryan ten Doeschate, 1 run  .pitched up on middle, driven down towards long-on for a single",K O'Brien,Ryan ten Doeschate,1.0,0,0,1,1,1.0,0,,1
"26.6 
1 
K O'Brien to Borren, 1 run 
Borren's turn to rotate the strike, works it wide of mid-on to make it to the other end 
end of over 274 runs  
NED: 146/4CRR: 5.40  
Peter Borren24 (21b 4x4) 
Ryan ten Doeschate51 (67b 7x4) 
Kevin O'Brien 1-0-4-0 
Paul Stirling 5-0-23-1",26.6,1,1.0,"K O'Brien to Borren, 1 run  .Borren's turn to rotate the strike, works it wide of mid-on to make it to the other end",K O'Brien,Borren,1.0,0,0,1,1,1.0,0,,1
"27.1 
1 
Stirling to Borren, 1 run 
slightly short on middle, gets on the back foot and tickles it through square for a single",27.1,1,1.0,"Stirling to Borren, 1 run  .slightly short on middle, gets on the back foot and tickles it through square for a single",Stirling,Borren,1.0,0,0,1,1,1.0,0,,1
"27.2 
• 
Stirling to Ryan ten Doeschate, no run 
flighted on the off, gets to the pitch and turns it to midwicket",27.2,0,0.0,"Stirling to Ryan ten Doeschate, no run  .flighted on the off, gets to the pitch and turns it to midwicket",Stirling,Ryan ten Doeschate,0.0,0,0,1,1,0.0,0,,0
"27.3 
1 
Stirling to Ryan ten Doeschate, 1 run 
turns it past short midwicket for a single",27.3,1,1.0,"Stirling to Ryan ten Doeschate, 1 run  .turns it past short midwicket for a single",Stirling,Ryan ten Doeschate,1.0,0,0,1,1,1.0,0,,1
"27.4 
• 
Stirling to Borren, no run 
played back to the bowler",27.4,0,0.0,"Stirling to Borren, no run  .played back to the bowler",Stirling,Borren,0.0,0,0,1,1,0.0,0,,0
"27.5 
• 
Stirling to Borren, no run 
opens the face of the bat and runs it to short third man",27.5,0,0.0,"Stirling to Borren, no run  .opens the face of the bat and runs it to short third man",Stirling,Borren,0.0,0,0,1,1,0.0,0,,0
"27.6 
• 
Stirling to Borren, no run 
hit thigh on the thigh pad and the ball rolls away harmlessly 
end of over 282 runs  
NED: 148/4CRR: 5.28  
Peter Borren25 (25b 4x4) 
Ryan ten Doeschate52 (69b 7x4) 
Paul Stirling 6-0-25-1 
Kevin O'Brien 1-0-4-0",27.6,0,0.0,"Stirling to Borren, no run  .hit thigh on the thigh pad and the ball rolls away harmlessly",Stirling,Borren,0.0,0,0,1,1,0.0,0,,0
"28.1 
4 
K O'Brien to Ryan ten Doeschate, FOUR runs 
poor fielding, that's straying on the pads and he's smacked it through midwicket for a 
boundary",28.1,4,4.0,"K O'Brien to Ryan ten Doeschate, FOUR runs  .poor fielding, that's straying on the pads and he's smacked it through midwicket for a  .boundary",K O'Brien,Ryan ten Doeschate,4.0,1,0,1,1,4.0,0,,1
"28.2 
1 
K O'Brien to Ryan ten Doeschate, 1 run 
tickled past midwicket for one more",28.2,1,1.0,"K O'Brien to Ryan ten Doeschate, 1 run  .tickled past midwicket for one more",K O'Brien,Ryan ten Doeschate,1.0,0,0,1,1,1.0,0,,1
"28.3 
1 
K O'Brien to Borren, 1 run",28.3,1,1.0,"K O'Brien to Borren, 1 run",K O'Brien,Borren,1.0,0,0,1,1,1.0,0,,1
"28.4 
• 
K O'Brien to Ryan ten Doeschate, no run 
played in the direction of short midwicket",28.4,0,0.0,"K O'Brien to Ryan ten Doeschate, no run  .played in the direction of short midwicket",K O'Brien,Ryan ten Doeschate,0.0,0,0,1,1,0.0,0,,0
"28.5 
1 
K O'Brien to Ryan ten Doeschate, 1 run 
cracked towards long-off for a single",28.5,1,1.0,"K O'Brien to Ryan ten Doeschate, 1 run  .cracked towards long-off for a single",K O'Brien,Ryan ten Doeschate,1.0,0,0,1,1,1.0,0,,1
"28.6 
2 
K O'Brien to Borren, 2 runs 
well done, just ndged into the leg side, deep square leg is a little deep and they run back 
for the second 
end of over 299 runs  
NED: 157/4CRR: 5.41  
Peter Borren28 (27b 4x4) 
Ryan ten Doeschate58 (73b 8x4) 
Kevin O'Brien 2-0-13-0 
Paul Stirling 6-0-25-1",28.6,2,2.0,"K O'Brien to Borren, 2 runs  .well done, just ndged into the leg side, deep square leg is a little deep and they run back  .for the second",K O'Brien,Borren,2.0,0,0,1,1,2.0,0,,1
"29.1 
1 
Stirling to Ryan ten Doeschate, 1 run 
tapped towards point for a single",29.1,1,1.0,"Stirling to Ryan ten Doeschate, 1 run  .tapped towards point for a single",Stirling,Ryan ten Doeschate,1.0,0,0,1,1,1.0,0,,1
"29.2 
1 
Stirling to Borren, 1 run 
turned away towards square leg",29.2,1,1.0,"Stirling to Borren, 1 run  .turned away towards square leg",Stirling,Borren,1.0,0,0,1,1,1.0,0,,1
"29.3 
1 
Stirling to Ryan ten Doeschate, 1 run 
crunched down towards long-off",29.3,1,1.0,"Stirling to Ryan ten Doeschate, 1 run  .crunched down towards long-off",Stirling,Ryan ten Doeschate,1.0,0,0,1,1,1.0,0,,1
"29.4 
1 
Stirling to Borren, 1 run 
worked away in the direction of square leg",29.4,1,1.0,"Stirling to Borren, 1 run  .worked away in the direction of square leg",Stirling,Borren,1.0,0,0,1,1,1.0,0,,1
"29.5 
1 
Stirling to Ryan ten Doeschate, 1 run 
dropped in front of square l,eg",29.5,1,1.0,"Stirling to Ryan ten Doeschate, 1 run  .dropped in front of square l,eg",Stirling,Ryan ten Doeschate,1.0,0,0,1,1,1.0,0,,1
"29.6 
• 
Stirling to Borren, no run 
struck hard towards cover but fails to beat the in-field 
end of over 305 runs  
NED: 162/4CRR: 5.40  
Peter Borren30 (30b 4x4) 
Ryan ten Doeschate61 (76b 8x4) 
Paul Stirling 7-0-30-1 
Kevin O'Brien 2-0-13-0",29.6,0,0.0,"Stirling to Borren, no run  .struck hard towards cover but fails to beat the in-field",Stirling,Borren,0.0,0,0,1,1,0.0,0,,0
"30.1 
• 
K O'Brien to Ryan ten Doeschate, no run 
cuts back in from outside off, dropped towards point, no run there",30.1,0,0.0,"K O'Brien to Ryan ten Doeschate, no run  .cuts back in from outside off, dropped towards point, no run there",K O'Brien,Ryan ten Doeschate,0.0,0,0,1,1,0.0,0,,0
"30.2 
1 
K O'Brien to Ryan ten Doeschate, 1 run 
, was a toughie, nipped back in, caught him on the glove as he was surprised by the 
bounce, landed just in front of the keeper or appeared to, Niall O'Brien ran forward to 
clasp it but couldnt get there",30.2,1,1.0,"K O'Brien to Ryan ten Doeschate, 1 run  ., was a toughie, nipped back in, caught him on the glove as he was surprised by the  .bounce, landed just in front of the keeper or appeared to, Niall O'Brien ran forward to  .clasp it but couldnt get there",K O'Brien,Ryan ten Doeschate,1.0,0,0,1,1,1.0,0,,1
"30.3 
• 
K O'Brien to Borren, no run 
played away into the off side",30.3,0,0.0,"K O'Brien to Borren, no run  .played away into the off side",K O'Brien,Borren,0.0,0,0,1,1,0.0,0,,0
"30.4 
1 
K O'Brien to Borren, 1 run 
waits for it to get to him and runs it down to third man for one more",30.4,1,1.0,"K O'Brien to Borren, 1 run  .waits for it to get to him and runs it down to third man for one more",K O'Brien,Borren,1.0,0,0,1,1,1.0,0,,1
"30.5 
• 
K O'Brien to Ryan ten Doeschate, no run 
in the driving zone and he goes at it hard but can't connect, it moved away off the pitch 
and beat the outside edge",30.5,0,0.0,"K O'Brien to Ryan ten Doeschate, no run  .in the driving zone and he goes at it hard but can't connect, it moved away off the pitch  .and beat the outside edge",K O'Brien,Ryan ten Doeschate,0.0,0,0,1,1,0.0,0,,0
"30.6 
1lb 
K O'Brien to Ryan ten Doeschate, 1 leg bye 
brushes the pads and he squeezes a single towards square leg 
end of over 313 runs  
NED: 165/4CRR: 5.32  
Ryan ten Doeschate62 (80b 8x4) 
Peter Borren31 (32b 4x4) 
Kevin O'Brien 3-0-15-0 
Paul Stirling 7-0-30-1",30.6,1lb,1.0,"K O'Brien to Ryan ten Doeschate, 1 leg bye  .brushes the pads and he squeezes a single towards square leg",K O'Brien,Ryan ten Doeschate,0.0,0,0,1,1,0.0,0,,0
"31.1 
1 
Stirling to Ryan ten Doeschate, 1 run",31.1,1,1.0,"Stirling to Ryan ten Doeschate, 1 run",Stirling,Ryan ten Doeschate,1.0,0,0,1,1,1.0,0,,1
"31.2 
1 
Stirling to Borren, 1 run",31.2,1,1.0,"Stirling to Borren, 1 run",Stirling,Borren,1.0,0,0,1,1,1.0,0,,1
"31.3 
1 
Stirling to Ryan ten Doeschate, 1 run 
drilled wide of long-off, was a full toss and he creamed it but there was fielder in the 
deep, just the single",31.3,1,1.0,"Stirling to Ryan ten Doeschate, 1 run  .drilled wide of long-off, was a full toss and he creamed it but there was fielder in the  .deep, just the single",Stirling,Ryan ten Doeschate,1.0,0,0,1,1,1.0,0,,1
"31.4 
• 
Stirling to Borren, no run 
gets forward and dabs it into the leg side",31.4,0,0.0,"Stirling to Borren, no run  .gets forward and dabs it into the leg side",Stirling,Borren,0.0,0,0,1,1,0.0,0,,0
"31.5 
1 
Stirling to Borren, 1 run 
comes down the track and drives it to long-on",31.5,1,1.0,"Stirling to Borren, 1 run  .comes down the track and drives it to long-on",Stirling,Borren,1.0,0,0,1,1,1.0,0,,1
"31.6 
4 
Stirling to Ryan ten Doeschate, FOUR runs 
pitched up on middle, he senses a chance, midwicket is up and he struck it hard and 
over that fielder to beat wide long-on to the ropes 
Match State: Drinks 
An excellent stand, this. They've run well between wickets, have picked the boundaries 
without too much difficulty. Borren has promoted himself up the order here and has 
played an enterprising knock thus far. Has been streaky on occasion but has been 
cheeky too, nudging it around, opening the face cleverly and rotating the strike. 
end of over 328 runs  
NED: 173/4CRR: 5.40  
Ryan ten Doeschate68 (83b 9x4) 
Peter Borren33 (35b 4x4) 
Paul Stirling 8-0-38-1 
Kevin O'Brien 3-0-15-0 
Johnston's back into the attack",31.6,4,4.0,"Stirling to Ryan ten Doeschate, FOUR runs  .pitched up on middle, he senses a chance, midwicket is up and he struck it hard and  .over that fielder to beat wide long-on to the ropes  .Match State: Drinks  .An excellent stand, this. They've run well between wickets, have picked the boundaries  .without too much difficulty. Borren has promoted himself up the order here and has  .played an enterprising knock thus far. Has been streaky on occasion but has been  .cheeky too, nudging it around, opening the face cleverly and rotating the strike.",Stirling,Ryan ten Doeschate,4.0,1,0,1,1,4.0,0,,1
"32.1 
2 
Johnston to Borren, 2 runs 
flicked uppishly but wide of midwicket, on middle, lands on a length, nicely done in the 
end, well wide of the fielder",32.1,2,2.0,"Johnston to Borren, 2 runs  .flicked uppishly but wide of midwicket, on middle, lands on a length, nicely done in the  .end, well wide of the fielder",Johnston,Borren,2.0,0,0,1,1,2.0,0,,1
"32.2 
1 
Johnston to Borren, 1 run 
angling in towards middle, gets across and turns it square into the leg side",32.2,1,1.0,"Johnston to Borren, 1 run  .angling in towards middle, gets across and turns it square into the leg side",Johnston,Borren,1.0,0,0,1,1,1.0,0,,1
"32.3 
1 
Johnston to Ryan ten Doeschate, 1 run 
goodish length on the off, gets across and drops it with soft hands into the leg side for a 
quick single",32.3,1,1.0,"Johnston to Ryan ten Doeschate, 1 run  .goodish length on the off, gets across and drops it with soft hands into the leg side for a  .quick single",Johnston,Ryan ten Doeschate,1.0,0,0,1,1,1.0,0,,1
"32.4 
• 
Johnston to Borren, no run 
fullish on the off, meets it solidly with a front-foot defence",32.4,0,0.0,"Johnston to Borren, no run  .fullish on the off, meets it solidly with a front-foot defence",Johnston,Borren,0.0,0,0,1,1,0.0,0,,0
"32.5 
1 
Johnston to Borren, 1 run 
angled in on middle, drove it past midwicket, thought about coming back for the second 
as there was a slight fumble in the deep but he recovered quickly to hurl it back in time",32.5,1,1.0,"Johnston to Borren, 1 run  .angled in on middle, drove it past midwicket, thought about coming back for the second  .as there was a slight fumble in the deep but he recovered quickly to hurl it back in time",Johnston,Borren,1.0,0,0,1,1,1.0,0,,1
"32.6 
• 
Johnston to Ryan ten Doeschate, no run 
tight line on the off stump, defended solidly into the off side 
end of over 335 runs  
NED: 178/4CRR: 5.39  
Ryan ten Doeschate69 (85b 9x4) 
Peter Borren37 (39b 4x4) 
Trent Johnston 6-1-24-1 
Paul Stirling 8-0-38-1",32.6,0,0.0,"Johnston to Ryan ten Doeschate, no run  .tight line on the off stump, defended solidly into the off side",Johnston,Ryan ten Doeschate,0.0,0,0,1,1,0.0,0,,0
"33.1 
1 
Cusack to Borren, 1 run 
slower one dropped short outside off, slapped towards deep cover for a single",33.1,1,1.0,"Cusack to Borren, 1 run  .slower one dropped short outside off, slapped towards deep cover for a single",Cusack,Borren,1.0,0,0,1,1,1.0,0,,1
"33.2 
1 
Cusack to Ryan ten Doeschate, 1 run 
bowled it short outside off, punched towards deep cover for one more, nicely timed",33.2,1,1.0,"Cusack to Ryan ten Doeschate, 1 run  .bowled it short outside off, punched towards deep cover for one more, nicely timed",Cusack,Ryan ten Doeschate,1.0,0,0,1,1,1.0,0,,1
"33.3 
• 
Cusack to Borren, no run 
the slower legcutter from the back of the hand, fished for it but missed as it kept low 
and rolled away",33.3,0,0.0,"Cusack to Borren, no run  .the slower legcutter from the back of the hand, fished for it but missed as it kept low  .and rolled away",Cusack,Borren,0.0,0,0,1,1,0.0,0,,0
"33.4 
1 
Cusack to Borren, 1 run 
quick single, knocked it down in front of midwicket into the leg side, rushed for a single 
and made it comfortably in the end, Porterfield flicked an underarm throw at the striker's 
end but he made it easily",33.4,1,1.0,"Cusack to Borren, 1 run  .quick single, knocked it down in front of midwicket into the leg side, rushed for a single  .and made it comfortably in the end, Porterfield flicked an underarm throw at the striker's  .end but he made it easily",Cusack,Borren,1.0,0,0,1,1,1.0,0,,1
"33.5 
1 
Cusack to Ryan ten Doeschate, 1 run 
again, drops it into the off side and steals a quick one",33.5,1,1.0,"Cusack to Ryan ten Doeschate, 1 run  .again, drops it into the off side and steals a quick one",Cusack,Ryan ten Doeschate,1.0,0,0,1,1,1.0,0,,1
"33.6 
• 
Cusack to Borren, no run 
another legcutter from the back of the hand, full outside off, steered towards point 
end of over 344 runs  
NED: 182/4CRR: 5.35  
Peter Borren39 (43b 4x4) 
Ryan ten Doeschate71 (87b 9x4) 
Alex Cusack",33.6,0,0.0,"Cusack to Borren, no run  .another legcutter from the back of the hand, full outside off, steered towards point",Cusack,Borren,0.0,0,0,1,1,0.0,0,,0
"34.1 
• 
Johnston to Ryan ten Doeschate, no run 
you know it's a new one if it moves that way, lovely deviation off the pitch away from the 
batsman, he leaves it alone",34.1,0,0.0,"Johnston to Ryan ten Doeschate, no run  .you know it's a new one if it moves that way, lovely deviation off the pitch away from the  .batsman, he leaves it alone",Johnston,Ryan ten Doeschate,0.0,0,0,1,1,0.0,0,,0
"34.2 
1 
Johnston to Ryan ten Doeschate, 1 run 
meaty delivery on middle and leg, clipped off the pads towards deep square leg for a 
single",34.2,1,1.0,"Johnston to Ryan ten Doeschate, 1 run  .meaty delivery on middle and leg, clipped off the pads towards deep square leg for a  .single",Johnston,Ryan ten Doeschate,1.0,0,0,1,1,1.0,0,,1
"34.3 
• 
Johnston to Borren, no run 
short of a good length outside off, fishes for it, getting some good bounce is Johnston, 
beats the outside edge as he chases it",34.3,0,0.0,"Johnston to Borren, no run  .short of a good length outside off, fishes for it, getting some good bounce is Johnston,  .beats the outside edge as he chases it",Johnston,Borren,0.0,0,0,1,1,0.0,0,,0
"34.4 
• 
Johnston to Borren, no run 
and again, Borren is tempted to poke at it, in the channel outside off, beaten once more 
ten Doeschate walks down the pitch and has a word with his captain",34.4,0,0.0,"Johnston to Borren, no run  .and again, Borren is tempted to poke at it, in the channel outside off, beaten once more  .ten Doeschate walks down the pitch and has a word with his captain",Johnston,Borren,0.0,0,0,1,1,0.0,0,,0
"34.5 
1lb 
Johnston to Borren, 1 leg bye 
on middle and leg, struck on the thighs as he tries to work it away, lobs up in the 
direction of square leg, picks a single",34.5,1lb,1.0,"Johnston to Borren, 1 leg bye  .on middle and leg, struck on the thighs as he tries to work it away, lobs up in the  .direction of square leg, picks a single",Johnston,Borren,0.0,0,0,1,1,0.0,0,,0
"34.6 
3 
Johnston to Ryan ten Doeschate, 3 runs 
sweeting timing by ten Doeschate, came off the meat, was pitched full outside off, he 
stretches forward and just caresses it through extra cover, Andrew White slides to his 
and hauls it back in with his legs, good stop in the end 
end of over 355 runs  
NED: 187/4CRR: 5.34  
Ryan ten Doeschate75 (90b 9x4) 
Peter Borren39 (46b 4x4) 
Trent Johnston 7-1-28-1 
Alex Cusack",34.6,3,3.0,"Johnston to Ryan ten Doeschate, 3 runs  .sweeting timing by ten Doeschate, came off the meat, was pitched full outside off, he  .stretches forward and just caresses it through extra cover, Andrew White slides to his  .and hauls it back in with his legs, good stop in the end",Johnston,Ryan ten Doeschate,3.0,0,0,1,1,3.0,0,,1
"35.1 
• 
Cusack to Ryan ten Doeschate, no run 
slower one bowled short outside off, cracked straight to point",35.1,0,0.0,"Cusack to Ryan ten Doeschate, no run  .slower one bowled short outside off, cracked straight to point",Cusack,Ryan ten Doeschate,0.0,0,0,1,1,0.0,0,,0
"35.2 
2 
Cusack to Ryan ten Doeschate, 2 runs 
a pretty quick outfield this, angled it on middle flicked uppishly through square leg for a 
couple more",35.2,2,2.0,"Cusack to Ryan ten Doeschate, 2 runs  .a pretty quick outfield this, angled it on middle flicked uppishly through square leg for a  .couple more",Cusack,Ryan ten Doeschate,2.0,0,0,1,1,2.0,0,,1
"35.3 
1 
Cusack to Ryan ten Doeschate, 1 run 
crunched into the off side towards deep cover for one more",35.3,1,1.0,"Cusack to Ryan ten Doeschate, 1 run  .crunched into the off side towards deep cover for one more",Cusack,Ryan ten Doeschate,1.0,0,0,1,1,1.0,0,,1
"35.4 
2 
Cusack to Borren, 2 runs 
slower one and he was not particularly in control of that one, landed on a length and 
Borren chased it, slicing it over point, Johnston at third man is a little fine and he has to 
run a fair distance to his right to drag it back in, dives and keeps them to two, good 
commitment in the deep",35.4,2,2.0,"Cusack to Borren, 2 runs  .slower one and he was not particularly in control of that one, landed on a length and  .Borren chased it, slicing it over point, Johnston at third man is a little fine and he has to  .run a fair distance to his right to drag it back in, dives and keeps them to two, good  .commitment in the deep",Cusack,Borren,2.0,0,0,1,1,2.0,0,,1
"35.5 
4 
Cusack to Borren, FOUR runs 
mid-off is up and that's a length ball that's begging to be dispatched, full and he smacks 
that over the in-field for a boundary",35.5,4,4.0,"Cusack to Borren, FOUR runs  .mid-off is up and that's a length ball that's begging to be dispatched, full and he smacks  .that over the in-field for a boundary",Cusack,Borren,4.0,1,0,1,1,4.0,0,,1
"35.6 
1 
Cusack to Borren, 1 run 
worked away into the leg side for one more to keep strike 
end of over 3610 runs  
NED: 197/4CRR: 5.47  
Peter Borren46 (49b 5x4) 
Ryan ten Doeschate78 (93b 9x4) 
Alex Cusack",35.6,1,1.0,"Cusack to Borren, 1 run  .worked away into the leg side for one more to keep strike",Cusack,Borren,1.0,0,0,1,1,1.0,0,,1
"36.1 
1lb 
Rankin to Borren, 1 leg bye 
gets it to come back in a bit, struck on the ribs as he tries to force it into the leg side, 
they steal a leg bye as it rolls in the direction of point",36.1,1lb,1.0,"Rankin to Borren, 1 leg bye  .gets it to come back in a bit, struck on the ribs as he tries to force it into the leg side,  .they steal a leg bye as it rolls in the direction of point",Rankin,Borren,0.0,0,0,1,1,0.0,0,,0
"36.2 
1nb 
Rankin to Ryan ten Doeschate, (no ball) 
bowls a beauty to squeeze that through the batsman, but he's overstepped there and it's 
a freehit, nipped back in to square him up",36.2,1nb,1.0,"Rankin to Ryan ten Doeschate, (no ball)  .bowls a beauty to squeeze that through the batsman, but he's overstepped there and it's  .a freehit, nipped back in to square him up",Rankin,Ryan ten Doeschate,0.0,0,0,1,0,1.0,0,,1
"36.2 
1 
Rankin to Ryan ten Doeschate, 1 run 
banged in short and ten Doeschate miscues an attempted pull, gets a top edge and it 
lands safely but not much damage done, just the single",36.2,1,1.0,"Rankin to Ryan ten Doeschate, 1 run  .banged in short and ten Doeschate miscues an attempted pull, gets a top edge and it  .lands safely but not much damage done, just the single",Rankin,Ryan ten Doeschate,1.0,0,0,1,1,1.0,0,,1
"36.3 
• 
Rankin to Borren, no run 
banged in short, a bouncer, seemed a touch too high on first sight but it was a good ball, 
Borren ducked in time to evade it",36.3,0,0.0,"Rankin to Borren, no run  .banged in short, a bouncer, seemed a touch too high on first sight but it was a good ball,  .Borren ducked in time to evade it",Rankin,Borren,0.0,0,0,1,1,0.0,0,,0
"36.4 
• 
Rankin to Borren, no run 
short outside off, shaped himself up to play the cut but it bounced more than he 
expected, missed the outside edge",36.4,0,0.0,"Rankin to Borren, no run  .short outside off, shaped himself up to play the cut but it bounced more than he  .expected, missed the outside edge",Rankin,Borren,0.0,0,0,1,1,0.0,0,,0
"36.5 
• 
Rankin to Borren, no run 
getting some good bounce is Rankin, short of a good length and Borren tries to repeat 
the cut, can't connect once again",36.5,0,0.0,"Rankin to Borren, no run  .getting some good bounce is Rankin, short of a good length and Borren tries to repeat  .the cut, can't connect once again",Rankin,Borren,0.0,0,0,1,1,0.0,0,,0
"36.6 
• 
Rankin to Borren, no run 
banged in short again, evades it well this time as it nips back in, not quite a bouncer but 
a good, testing delivery nevertheless 
end of over 373 runs  
NED: 200/4CRR: 5.40  
Peter Borren46 (54b 5x4) 
Ryan ten Doeschate79 (95b 9x4) 
Boyd Rankin 7-0-50-1 
Alex Cusack",36.6,0,0.0,"Rankin to Borren, no run  .banged in short again, evades it well this time as it nips back in, not quite a bouncer but  .a good, testing delivery nevertheless",Rankin,Borren,0.0,0,0,1,1,0.0,0,,0
"37.1 
1 
K O'Brien to Ryan ten Doeschate, 1 run 
shortish outside off, pushed towards cover off the back foot",37.1,1,1.0,"K O'Brien to Ryan ten Doeschate, 1 run  .shortish outside off, pushed towards cover off the back foot",K O'Brien,Ryan ten Doeschate,1.0,0,0,1,1,1.0,0,,1
"37.2 
1 
K O'Brien to Borren, 1 run 
on middle and leg, turns it away through square leg for a single",37.2,1,1.0,"K O'Brien to Borren, 1 run  .on middle and leg, turns it away through square leg for a single",K O'Brien,Borren,1.0,0,0,1,1,1.0,0,,1
"37.3 
4 
K O'Brien to Ryan ten Doeschate, FOUR runs 
four, fine leg is up, drifting on the pads, juicy delivery and ten Doeschate helps himself 
to some easy runs there, glances it elegantly wide of short fine for four more",37.3,4,4.0,"K O'Brien to Ryan ten Doeschate, FOUR runs  .four, fine leg is up, drifting on the pads, juicy delivery and ten Doeschate helps himself  .to some easy runs there, glances it elegantly wide of short fine for four more",K O'Brien,Ryan ten Doeschate,4.0,1,0,1,1,4.0,0,,1
"37.4 
4 
K O'Brien to Ryan ten Doeschate, FOUR runs 
finds the gap again, erred in length is O'Brien, it';s too short this time and he's given him 
some width as well, slashed hard and past point to the ropes once again",37.4,4,4.0,"K O'Brien to Ryan ten Doeschate, FOUR runs  .finds the gap again, erred in length is O'Brien, it';s too short this time and he's given him  .some width as well, slashed hard and past point to the ropes once again",K O'Brien,Ryan ten Doeschate,4.0,1,0,1,1,4.0,0,,1
"37.5 
1 
K O'Brien to Ryan ten Doeschate, 1 run 
pushed gently past extra cover for a single",37.5,1,1.0,"K O'Brien to Ryan ten Doeschate, 1 run  .pushed gently past extra cover for a single",K O'Brien,Ryan ten Doeschate,1.0,0,0,1,1,1.0,0,,1
"37.6 
4 
K O'Brien to Borren, FOUR runs 
an expensive return for Mr O'Brien, short and wide, was the slower one this time, Borren 
waited for it and slapped it hard over extra cover, brings his half-century in style does 
the captain 
This stand is now worth 102. They came together when Netherlands were ina slightly 
precarious situation at 113 for 4, but they've been extremely fluent. The scoring rate has 
picked up consistently and boundaries have been easy to find 
end of over 3815 runs  
NED: 215/4CRR: 5.65  
Peter Borren51 (56b 6x4) 
Ryan ten Doeschate89 (99b 11x4) 
Kevin O'Brien 4-0-30-0 
Boyd Rankin 7-0-50-1",37.6,4,4.0,"K O'Brien to Borren, FOUR runs  .an expensive return for Mr O'Brien, short and wide, was the slower one this time, Borren  .waited for it and slapped it hard over extra cover, brings his half-century in style does  .the captain  .This stand is now worth 102. They came together when Netherlands were ina slightly  .precarious situation at 113 for 4, but they've been extremely fluent. The scoring rate has  .picked up consistently and boundaries have been easy to find",K O'Brien,Borren,4.0,1,0,1,1,4.0,0,,1
"38.1 
• 
Rankin to Ryan ten Doeschate, no run",38.1,0,0.0,"Rankin to Ryan ten Doeschate, no run",Rankin,Ryan ten Doeschate,0.0,0,0,1,1,0.0,0,,0
"38.2 
4 
Rankin to Ryan ten Doeschate, FOUR runs 
Rankin erris in length this time, short outside off and ten Doeschate finds the point 
boundary again, short and he chops it down past the square fielder to beat third man to 
the ropes",38.2,4,4.0,"Rankin to Ryan ten Doeschate, FOUR runs  .Rankin erris in length this time, short outside off and ten Doeschate finds the point  .boundary again, short and he chops it down past the square fielder to beat third man to  .the ropes",Rankin,Ryan ten Doeschate,4.0,1,0,1,1,4.0,0,,1
"38.3 
1 
Rankin to Ryan ten Doeschate, 1 run 
pushed away into the leg side for a single",38.3,1,1.0,"Rankin to Ryan ten Doeschate, 1 run  .pushed away into the leg side for a single",Rankin,Ryan ten Doeschate,1.0,0,0,1,1,1.0,0,,1
"38.4 
1 
Rankin to Borren, 1 run 
full and wide this time, steered down towards third man for a single",38.4,1,1.0,"Rankin to Borren, 1 run  .full and wide this time, steered down towards third man for a single",Rankin,Borren,1.0,0,0,1,1,1.0,0,,1
"38.5 
4 
Rankin to Ryan ten Doeschate, FOUR runs 
ten Doeschate is in top form, Ireland aren't learning from their mistake here, we've seen 
three such shots to the fence now in less than two overs, short and wide again, he 
stands tall and cracks it through point for four more",38.5,4,4.0,"Rankin to Ryan ten Doeschate, FOUR runs  .ten Doeschate is in top form, Ireland aren't learning from their mistake here, we've seen  .three such shots to the fence now in less than two overs, short and wide again, he  .stands tall and cracks it through point for four more",Rankin,Ryan ten Doeschate,4.0,1,0,1,1,4.0,0,,1
"38.6 
2 
Rankin to Ryan ten Doeschate, 2 runs 
A century for ten Doeschate, his second this tournament and he'll hope this proves a 
match-winning one, tried to close the face on that one, got a bit of a leading edge but 
safe and past point for a couple to bring up the landmark 
A superbly-paced innings that has laid the foundation for a really challenging score now. 
Liam, on the bulletin, sends me this: ""Netherlands have only beaten Ireland once before 
in ODI's, in a WCL Division One game in Nairobi way back in 2007. Ten Doeschate failed 
in that game, but a young lad called Eoin Morgan scored 94 to get Ireland close. "" 
end of over 3912 runs  
NED: 227/4CRR: 5.82  
Ryan ten Doeschate100 (104b 13x4) 
Peter Borren52 (57b 6x4) 
Boyd Rankin 8-0-62-1 
Kevin O'Brien 4-0-30-0 
Spin time now, Stirling's on",38.6,2,2.0,"Rankin to Ryan ten Doeschate, 2 runs  .A century for ten Doeschate, his second this tournament and he'll hope this proves a  .match-winning one, tried to close the face on that one, got a bit of a leading edge but  .safe and past point for a couple to bring up the landmark  .A superbly-paced innings that has laid the foundation for a really challenging score now.",Rankin,Ryan ten Doeschate,2.0,0,0,1,1,2.0,0,,1
"39.1 
1 
Stirling to Borren, 1 run 
a single down to long-off",39.1,1,1.0,"Stirling to Borren, 1 run  .a single down to long-off",Stirling,Borren,1.0,0,0,1,1,1.0,0,,1
"39.2 
• 
Stirling to Ryan ten Doeschate, no run 
gets forward and drops it into the leg side",39.2,0,0.0,"Stirling to Ryan ten Doeschate, no run  .gets forward and drops it into the leg side",Stirling,Ryan ten Doeschate,0.0,0,0,1,1,0.0,0,,0
"39.3 
• 
Stirling to Ryan ten Doeschate, no run 
reaches forward and closes the face on that one",39.3,0,0.0,"Stirling to Ryan ten Doeschate, no run  .reaches forward and closes the face on that one",Stirling,Ryan ten Doeschate,0.0,0,0,1,1,0.0,0,,0
"39.4 
6 
Stirling to Ryan ten Doeschate, SIX runs 
after two dots he goes airborne, looping in towards middle, takes a couple of steps 
forward and lofts it clean and neat into the stands behind deep midwicket",39.4,6,6.0,"Stirling to Ryan ten Doeschate, SIX runs  .after two dots he goes airborne, looping in towards middle, takes a couple of steps  .forward and lofts it clean and neat into the stands behind deep midwicket",Stirling,Ryan ten Doeschate,6.0,0,1,1,1,6.0,0,,1
"39.5 
W 
Stirling to Ryan ten Doeschate, OUT 
Stirling bowled it flat this time, ten Doeschate had made his mind up, came down the 
track and tried to clear long-off but it was mistimed, the ball was quicker and he couldn't 
quite connect well, found a perfectly placed long-off, Mooney taking a simple catch 
Ryan ten Doeschate c Mooney b Stirling 106 (108b 13x4 1x6 166m) SR: 98.14 
ten Doeschate has done his job. He helped build the innings after two early blows and 
the injury to Barresi, and it's up to the rest to surge in these death overs. They have the 
batting Powerplay left, and Borren too. 
Burrman's now in",39.5,W,0.0,"Stirling to Ryan ten Doeschate, OUT  .Stirling bowled it flat this time, ten Doeschate had made his mind up, came down the  .track and tried to clear long-off but it was mistimed, the ball was quicker and he couldn't  .quite connect well, found a perfectly placed long-off, Mooney taking a simple catch  .Ryan ten Doeschate c Mooney b Stirling 106 (108b 13x4 1x6 166m) SR: 98.14",Stirling,Ryan ten Doeschate,0.0,0,0,1,1,0.0,1,c Mooney b Stirling,0
"39.6 
1 
Stirling to Borren, 1 run 
short of a good length, eased past extra cover for a single to keep strike 
end of over 408 runs • 1 wicket 
NED: 235/5CRR: 5.87  
Peter Borren54 (59b 6x4) 
Atse Buurman0 (0b) 
Paul Stirling 9-0-46-2 
Boyd Rankin 8-0-62-1 
Mooney comes on 
Srinath: ""Tendo's justified his reputation as an excellent batsman with this fluent ton.. 
No wonder, he's the best batsman among the Associate countries in this WC.. Way to 
Go, Tendo !""",39.6,1,1.0,"Stirling to Borren, 1 run  .short of a good length, eased past extra cover for a single to keep strike",Stirling,Borren,1.0,0,0,1,1,1.0,0,,1
"40.1 
• 
Mooney to Borren, no run 
full outside off, tries to blaze it through the covers there but can't connect",40.1,0,0.0,"Mooney to Borren, no run  .full outside off, tries to blaze it through the covers there but can't connect",Mooney,Borren,0.0,0,0,1,1,0.0,0,,0
"40.2 
• 
Mooney to Borren, no run 
short outside off, dabs it towards point, no single on offer",40.2,0,0.0,"Mooney to Borren, no run  .short outside off, dabs it towards point, no single on offer",Mooney,Borren,0.0,0,0,1,1,0.0,0,,0
"40.3 
1 
Mooney to Borren, 1 run 
slower one bowled short on the off, knocked down wide of cover for a single",40.3,1,1.0,"Mooney to Borren, 1 run  .slower one bowled short on the off, knocked down wide of cover for a single",Mooney,Borren,1.0,0,0,1,1,1.0,0,,1
"40.4 
• 
Mooney to Buurman, no run 
banged it short on the off, Buurman gets behind it nicely and plays it to cover",40.4,0,0.0,"Mooney to Buurman, no run  .banged it short on the off, Buurman gets behind it nicely and plays it to cover",Mooney,Buurman,0.0,0,0,1,1,0.0,0,,0
"40.5 
• 
Mooney to Buurman, no run 
beaten, short of a good length and angles in, he plays inside the line to that one as he 
tries to open the face, misses",40.5,0,0.0,"Mooney to Buurman, no run  .beaten, short of a good length and angles in, he plays inside the line to that one as he  .tries to open the face, misses",Mooney,Buurman,0.0,0,0,1,1,0.0,0,,0
"40.6 
1 
Mooney to Buurman, 1 run 
comes back in sharply, was the offcutter, gets on the back foot and jabs it past 
midwicket for a single 
end of over 412 runs  
NED: 237/5CRR: 5.78  
Atse Buurman1 (3b) 
Peter Borren55 (62b 6x4) 
John Mooney 7-0-32-1 
Paul Stirling 9-0-46-2",40.6,1,1.0,"Mooney to Buurman, 1 run  .comes back in sharply, was the offcutter, gets on the back foot and jabs it past  .midwicket for a single",Mooney,Buurman,1.0,0,0,1,1,1.0,0,,1
"41.1 
• 
Stirling to Buurman, no run 
beaten, doesn;t turn in as much as he expects, tries to run it down, misses",41.1,0,0.0,"Stirling to Buurman, no run  .beaten, doesn;t turn in as much as he expects, tries to run it down, misses",Stirling,Buurman,0.0,0,0,1,1,0.0,0,,0
"41.2 
1 
Stirling to Buurman, 1 run 
bowled flat and quick outside off, cracked uppishly wide of the outstretched arms of 
extra cover for a single",41.2,1,1.0,"Stirling to Buurman, 1 run  .bowled flat and quick outside off, cracked uppishly wide of the outstretched arms of  .extra cover for a single",Stirling,Buurman,1.0,0,0,1,1,1.0,0,,1
"41.3 
• 
Stirling to Borren, no run 
shortish outside off, waits for it to turn in, guides it to short third man",41.3,0,0.0,"Stirling to Borren, no run  .shortish outside off, waits for it to turn in, guides it to short third man",Stirling,Borren,0.0,0,0,1,1,0.0,0,,0
"41.4 
4 
Stirling to Borren, FOUR runs 
finds the gap with ease, short, waited for it to turn in again and cut it hard through point, 
there's a massive gap between deep cover and deep point",41.4,4,4.0,"Stirling to Borren, FOUR runs  .finds the gap with ease, short, waited for it to turn in again and cut it hard through point,  .there's a massive gap between deep cover and deep point",Stirling,Borren,4.0,1,0,1,1,4.0,0,,1
"41.5 
• 
Stirling to Borren, no run 
gets front and across and pushes it to midwicket",41.5,0,0.0,"Stirling to Borren, no run  .gets front and across and pushes it to midwicket",Stirling,Borren,0.0,0,0,1,1,0.0,0,,0
"41.6 
• 
Stirling to Borren, no run 
slightly short outside off, cut down to short third man, no single this time 
end of over 425 runs  
NED: 242/5CRR: 5.76  
Peter Borren59 (66b 7x4) 
Atse Buurman2 (5b) 
Paul Stirling 10-0-51-2 
John Mooney 7-0-32-1 
Tim: ""These two teams haven't looked too out of their depth in this world cup. On the 
contrary Ireland have looked very competitive. Even Canada and Kenya have had their 
moments. What a pity we didn't get to see Afghanistan who are developing a reputation 
as being the strongest associate nation and would have been right at home in these 
conditions.""",41.6,0,0.0,"Stirling to Borren, no run  .slightly short outside off, cut down to short third man, no single this time",Stirling,Borren,0.0,0,0,1,1,0.0,0,,0
"42.1 
• 
Mooney to Buurman, no run 
comes down the track and has a wild swing, short of a good length but he failed to 
connect, looked unlikely to connect, was more out of desperation than anything",42.1,0,0.0,"Mooney to Buurman, no run  .comes down the track and has a wild swing, short of a good length but he failed to  .connect, looked unlikely to connect, was more out of desperation than anything",Mooney,Buurman,0.0,0,0,1,1,0.0,0,,0
"42.2 
4 
Mooney to Buurman, FOUR runs 
edged and four, streaky, short of a good length, pushes at it off the back foot with a 
slightly open face, there's no slip and it flies off the edge to the third-man boundary",42.2,4,4.0,"Mooney to Buurman, FOUR runs  .edged and four, streaky, short of a good length, pushes at it off the back foot with a  .slightly open face, there's no slip and it flies off the edge to the third-man boundary",Mooney,Buurman,4.0,1,0,1,1,4.0,0,,1
"42.3 
2 
Mooney to Buurman, 2 runs 
lands safely, short of a good length and he goes for a mighty pull, it ends up being a 
miscue, lands wide of Kevin O'Brien running to his left at deep square leg, covered good 
ground but not quickly enough, he's not the quickest runner out there",42.3,2,2.0,"Mooney to Buurman, 2 runs  .lands safely, short of a good length and he goes for a mighty pull, it ends up being a  .miscue, lands wide of Kevin O'Brien running to his left at deep square leg, covered good  .ground but not quickly enough, he's not the quickest runner out there",Mooney,Buurman,2.0,0,0,1,1,2.0,0,,1
"42.4 
• 
Mooney to Buurman, no run 
short on the off and he backs out of that one",42.4,0,0.0,"Mooney to Buurman, no run  .short on the off and he backs out of that one",Mooney,Buurman,0.0,0,0,1,1,0.0,0,,0
"42.5 
• 
Mooney to Buurman, no run 
shortish, coming back in, tries to open the face there but is beaten",42.5,0,0.0,"Mooney to Buurman, no run  .shortish, coming back in, tries to open the face there but is beaten",Mooney,Buurman,0.0,0,0,1,1,0.0,0,,0
"42.6 
4 
Mooney to Buurman, FOUR runs 
he's been fortunate and continues to be, short and Buurman charges down the track to 
slash that over point, flies off the outside edge to the third-man boundary, Mooney's 
unlucky, maybe he'll bloig about it for us some day 
end of over 4310 runs  
NED: 252/5CRR: 5.86  
Atse Buurman12 (11b 2x4) 
Peter Borren59 (66b 7x4) 
John Mooney 8-0-42-1 
Paul Stirling 10-0-51-2 
Netherlands have taken the batting Powerplay now. Johnston runs in",42.6,4,4.0,"Mooney to Buurman, FOUR runs  .he's been fortunate and continues to be, short and Buurman charges down the track to  .slash that over point, flies off the outside edge to the third-man boundary, Mooney's  .unlucky, maybe he'll bloig about it for us some day",Mooney,Buurman,4.0,1,0,1,1,4.0,0,,1
"43.1 
2 
Johnston to Borren, 2 runs 
a couple wide of long-on, fullish, gets forward and chips it betweeb long-on and deep 
midwicket",43.1,2,2.0,"Johnston to Borren, 2 runs  .a couple wide of long-on, fullish, gets forward and chips it betweeb long-on and deep  .midwicket",Johnston,Borren,2.0,0,0,1,1,2.0,0,,1
"43.2 
• 
Johnston to Borren, no run 
big appeal for lbw, but they belatedly refer it when the umpire turns it down, the 
offcutter and he swung at it across the line, struck on the pads but it seemed as if he 
was struck outside the line, the replays confirm that. It's an on-field call. Doctrove got it 
right",43.2,0,0.0,"Johnston to Borren, no run  .big appeal for lbw, but they belatedly refer it when the umpire turns it down, the  .offcutter and he swung at it across the line, struck on the pads but it seemed as if he  .was struck outside the line, the replays confirm that. It's an on-field call. Doctrove got it  .right",Johnston,Borren,0.0,0,0,1,1,0.0,0,,0
"43.3 
• 
Johnston to Borren, no run 
comes down the track and converts it into a low full toss, driven straight to extra cover",43.3,0,0.0,"Johnston to Borren, no run  .comes down the track and converts it into a low full toss, driven straight to extra cover",Johnston,Borren,0.0,0,0,1,1,0.0,0,,0
"43.4 
4 
Johnston to Borren, FOUR runs 
slower one and it's a safe shot in the end even though he didn't connect well, pitched up 
and he cleared the mid-off fielder, not the best of timing but had enough legs to take it 
to the ropes",43.4,4,4.0,"Johnston to Borren, FOUR runs  .slower one and it's a safe shot in the end even though he didn't connect well, pitched up  .and he cleared the mid-off fielder, not the best of timing but had enough legs to take it  .to the ropes",Johnston,Borren,4.0,1,0,1,1,4.0,0,,1
"43.5 
1 
Johnston to Borren, 1 run 
comfortable single to the extra-cover fielder who's at the edge of the circle",43.5,1,1.0,"Johnston to Borren, 1 run  .comfortable single to the extra-cover fielder who's at the edge of the circle",Johnston,Borren,1.0,0,0,1,1,1.0,0,,1
"43.6 
• 
Johnston to Buurman, no run 
slower one bowled full on the off, pushed towards extra cover 
end of over 447 runs  
NED: 259/5CRR: 5.88  
Atse Buurman12 (12b 2x4) 
Peter Borren66 (71b 8x4) 
Trent Johnston 8-1-35-1 
John Mooney 8-0-42-1",43.6,0,0.0,"Johnston to Buurman, no run  .slower one bowled full on the off, pushed towards extra cover",Johnston,Buurman,0.0,0,0,1,1,0.0,0,,0
"44.1 
4 
Mooney to Borren, FOUR runs 
Mooney's bad luck continues and he can only smile, short, Borren tries to cream that 
through point, gets a thick outside edge to the third-man boundary",44.1,4,4.0,"Mooney to Borren, FOUR runs  .Mooney's bad luck continues and he can only smile, short, Borren tries to cream that  .through point, gets a thick outside edge to the third-man boundary",Mooney,Borren,4.0,1,0,1,1,4.0,0,,1
"44.2 
• 
Mooney to Borren, no run 
bowled from wide of the crease, attempts a similar shot does the Netherlands captain, 
misses",44.2,0,0.0,"Mooney to Borren, no run  .bowled from wide of the crease, attempts a similar shot does the Netherlands captain,  .misses",Mooney,Borren,0.0,0,0,1,1,0.0,0,,0
"44.3 
1 
Mooney to Borren, 1 run 
slower ball dropped short outside off, bunts it past extra cover for a single",44.3,1,1.0,"Mooney to Borren, 1 run  .slower ball dropped short outside off, bunts it past extra cover for a single",Mooney,Borren,1.0,0,0,1,1,1.0,0,,1
"44.4 
2 
Mooney to Buurman, 2 runs 
slower one bowled short on the off, dragged uppishly over midwicket for a couple in the 
deep",44.4,2,2.0,"Mooney to Buurman, 2 runs  .slower one bowled short on the off, dragged uppishly over midwicket for a couple in the  .deep",Mooney,Buurman,2.0,0,0,1,1,2.0,0,,1
"44.5 
• 
Mooney to Buurman, no run 
full outside off, makes room and digs it out to extra cover",44.5,0,0.0,"Mooney to Buurman, no run  .full outside off, makes room and digs it out to extra cover",Mooney,Buurman,0.0,0,0,1,1,0.0,0,,0
"44.6 
4 
Mooney to Buurman, FOUR runs 
he knows the field well, took the risk, was short of a good length, moved away and 
chipped it over mid-off, didn't look very attractive but it's deliberate and highly effective 
end of over 4511 runs  
NED: 270/5CRR: 6.00  
Atse Buurman18 (15b 3x4) 
Peter Borren71 (74b 9x4) 
John Mooney 9-0-53-1 
Trent Johnston 8-1-35-1",44.6,4,4.0,"Mooney to Buurman, FOUR runs  .he knows the field well, took the risk, was short of a good length, moved away and  .chipped it over mid-off, didn't look very attractive but it's deliberate and highly effective",Mooney,Buurman,4.0,1,0,1,1,4.0,0,,1
"45.1 
4 
Johnston to Borren, FOUR runs 
lovely flick, Johnston bowled it full on the off and hewalked across to whip it through 
square leg for four more",45.1,4,4.0,"Johnston to Borren, FOUR runs  .lovely flick, Johnston bowled it full on the off and hewalked across to whip it through  .square leg for four more",Johnston,Borren,4.0,1,0,1,1,4.0,0,,1
"45.2 
2 
Johnston to Borren, 2 runs 
he's eyed that gap, slower one outside off, he moves across and sweeps it past square 
leg for a couple more in the deep",45.2,2,2.0,"Johnston to Borren, 2 runs  .he's eyed that gap, slower one outside off, he moves across and sweeps it past square  .leg for a couple more in the deep",Johnston,Borren,2.0,0,0,1,1,2.0,0,,1
"45.3 
1 
Johnston to Borren, 1 run 
the offcutter bowled short outside off, chopped behind point for a single",45.3,1,1.0,"Johnston to Borren, 1 run  .the offcutter bowled short outside off, chopped behind point for a single",Johnston,Borren,1.0,0,0,1,1,1.0,0,,1
"45.4 
4 
Johnston to Buurman, FOUR runs 
no stopping that, pitched on a length, Buurman dances down the track and absolutely 
murders that between mid-off and extra cover 
Keeper's standing up",45.4,4,4.0,"Johnston to Buurman, FOUR runs  .no stopping that, pitched on a length, Buurman dances down the track and absolutely  .murders that between mid-off and extra cover  .Keeper's standing up",Johnston,Buurman,4.0,1,0,1,1,4.0,0,,1
"45.5 
• 
Johnston to Buurman, no run 
on the pads and he misses out, tries to flick it fine but doesn;t connect",45.5,0,0.0,"Johnston to Buurman, no run  .on the pads and he misses out, tries to flick it fine but doesn;t connect",Johnston,Buurman,0.0,0,0,1,1,0.0,0,,0
"45.6 
• 
Johnston to Buurman, no run 
slower one, didn't pick it, had a wild swing, missed, Nial O'Brien collected and took off 
the bails but Buurman was still in. The batsman appeared to slip and O'Brien took off 
the stumps but Buurman held his balance 
end of over 4611 runs  
NED: 281/5CRR: 6.10  
Atse Buurman22 (18b 4x4) 
Peter Borren78 (77b 10x4) 
Trent Johnston 9-1-46-1 
John Mooney 9-0-53-1 
Mooney to continue",45.6,0,0.0,"Johnston to Buurman, no run  .slower one, didn't pick it, had a wild swing, missed, Nial O'Brien collected and took off  .the bails but Buurman was still in. The batsman appeared to slip and O'Brien took off  .the stumps but Buurman held his balance",Johnston,Buurman,0.0,0,0,1,1,0.0,0,,0
"46.1 
2 
Mooney to Borren, 2 runs 
excellent fielding by Gary Wilson at deep midwicket, Borren picked it up beautifully but 
Wilson dived to his right and returned an accurate throw, they'd taken a couple in the 
meantime",46.1,2,2.0,"Mooney to Borren, 2 runs  .excellent fielding by Gary Wilson at deep midwicket, Borren picked it up beautifully but  .Wilson dived to his right and returned an accurate throw, they'd taken a couple in the  .meantime",Mooney,Borren,2.0,0,0,1,1,2.0,0,,1
"46.2 
• 
Mooney to Borren, no run 
he picked the slower one there but didn't connect as he tried to dispatch it over mid-off",46.2,0,0.0,"Mooney to Borren, no run  .he picked the slower one there but didn't connect as he tried to dispatch it over mid-off",Mooney,Borren,0.0,0,0,1,1,0.0,0,,0
"46.3 
2 
Mooney to Borren, 2 runs 
tries to clear mid-off and does so, just about, length ball, doesn't evade mid-off by much 
but it's still a couple more for the Dutch, raises the 50-stand",46.3,2,2.0,"Mooney to Borren, 2 runs  .tries to clear mid-off and does so, just about, length ball, doesn't evade mid-off by much  .but it's still a couple more for the Dutch, raises the 50-stand",Mooney,Borren,2.0,0,0,1,1,2.0,0,,1
"46.4 
2 
Mooney to Borren, 2 runs 
tried the scoop but it took the bottom of the end and went over midwicket, fetched it 
from outside off, two more",46.4,2,2.0,"Mooney to Borren, 2 runs  .tried the scoop but it took the bottom of the end and went over midwicket, fetched it  .from outside off, two more",Mooney,Borren,2.0,0,0,1,1,2.0,0,,1
"46.5 
W 
Mooney to Borren, OUT 
slower one and Borren has to go, just drove at it gently, was looking to clear extra cover 
but didn't have the power behind it, found Porterfield at the edge of the circle at extra 
cover 
Peter Borren c Porterfield b Mooney 84 (82b 10x4 0x6 108m) SR: 102.43 
The end of a lovely knock, he injuected some urgency in the Dutch innings and ensured 
they didn't get bogged down after the loss of the fourth wicket. Bukhari comes in now, 
he can hit it",46.5,W,0.0,"Mooney to Borren, OUT  .slower one and Borren has to go, just drove at it gently, was looking to clear extra cover  .but didn't have the power behind it, found Porterfield at the edge of the circle at extra  .cover  .Peter Borren c Porterfield b Mooney 84 (82b 10x4 0x6 108m) SR: 102.43",Mooney,Borren,0.0,0,0,1,1,0.0,1,c Porterfield b Mooney,0
"46.6 
• 
Mooney to Bukhari, no run 
short of a good lengh on middle, played back to the bowler 
end of over 476 runs • 1 wicket 
NED: 287/6CRR: 6.10  
Mudassar Bukhari0 (1b) 
Atse Buurman22 (18b 4x4) 
John Mooney 10-0-59-2 
Trent Johnston 9-1-46-1 
The keeper's standing up",46.6,0,0.0,"Mooney to Bukhari, no run  .short of a good lengh on middle, played back to the bowler",Mooney,Bukhari,0.0,0,0,1,1,0.0,0,,0
"47.1 
1 
Johnston to Buurman, 1 run 
pitched up on middle, swipes it wide of midwicket for a single",47.1,1,1.0,"Johnston to Buurman, 1 run  .pitched up on middle, swipes it wide of midwicket for a single",Johnston,Buurman,1.0,0,0,1,1,1.0,0,,1
"47.2 
1 
Johnston to Bukhari, 1 run 
full toss on middle, swung away to deep square leg for a single 
He pulled up after dropping the ball during his run-up",47.2,1,1.0,"Johnston to Bukhari, 1 run  .full toss on middle, swung away to deep square leg for a single  .He pulled up after dropping the ball during his run-up",Johnston,Bukhari,1.0,0,0,1,1,1.0,0,,1
"47.3 
• 
Johnston to Buurman, no run 
short on middle, Bukhari moved across to pull it square, was struck on the thighs",47.3,0,0.0,"Johnston to Buurman, no run  .short on middle, Bukhari moved across to pull it square, was struck on the thighs",Johnston,Buurman,0.0,0,0,1,1,0.0,0,,0
"47.4 
1 
Johnston to Buurman, 1 run 
aiming at the blockhole outside off, dug out wide of extra cover for a single",47.4,1,1.0,"Johnston to Buurman, 1 run  .aiming at the blockhole outside off, dug out wide of extra cover for a single",Johnston,Buurman,1.0,0,0,1,1,1.0,0,,1
"47.5 
1 
Johnston to Bukhari, 1 run 
slower ball dropped short on the off, mistimes the pull to long-on for a single",47.5,1,1.0,"Johnston to Bukhari, 1 run  .slower ball dropped short on the off, mistimes the pull to long-on for a single",Johnston,Bukhari,1.0,0,0,1,1,1.0,0,,1
"47.6 
• 
Johnston to Buurman, no run 
full toss on middle, comes down the track and smacks it back to the bowler, will feel he 
missed out there 
The end of the Powerplay, Johnston did an excellent job in that last over 
end of over 484 runs  
NED: 291/6CRR: 6.06  
Atse Buurman24 (22b 4x4) 
Mudassar Bukhari2 (3b) 
Trent Johnston 10-1-50-1 
John Mooney 10-0-59-2 
Rankin gears up",47.6,0,0.0,"Johnston to Buurman, no run  .full toss on middle, comes down the track and smacks it back to the bowler, will feel he  .missed out there  .The end of the Powerplay, Johnston did an excellent job in that last over",Johnston,Buurman,0.0,0,0,1,1,0.0,0,,0
"48.1 
6 
Rankin to Bukhari, SIX runs 
landed full on middle, Bukhari was rooted to the crease there but all he needed to clear 
the ropes was a chip, timed it beautifully to clear deep midwicket",48.1,6,6.0,"Rankin to Bukhari, SIX runs  .landed full on middle, Bukhari was rooted to the crease there but all he needed to clear  .the ropes was a chip, timed it beautifully to clear deep midwicket",Rankin,Bukhari,6.0,0,1,1,1,6.0,0,,1
"48.2 
1 
Rankin to Bukhari, 1 run 
mistimes a pull this time, short on middle, went for it, aiming at deep square leg, got it 
high on the bat but was fortunate as it landed safely, just a single",48.2,1,1.0,"Rankin to Bukhari, 1 run  .mistimes a pull this time, short on middle, went for it, aiming at deep square leg, got it  .high on the bat but was fortunate as it landed safely, just a single",Rankin,Bukhari,1.0,0,0,1,1,1.0,0,,1
"48.3 
1nb 
Rankin to Buurman, (no ball) 
misses a full toss, fired it on middle, made room to crack it through cover, missed a 
straight one and it crashed into middle and off. But wait.. The umpire wanted to double-
check if that was a no-ball and replays confirmed it was. Rankin's overstepped. 
Buurman still survives, and what's more he has a freehit",48.3,1nb,1.0,"Rankin to Buurman, (no ball)  .misses a full toss, fired it on middle, made room to crack it through cover, missed a  .straight one and it crashed into middle and off. But wait.. The umpire wanted to double- .check if that was a no-ball and replays confirmed it was. Rankin's overstepped.  .Buurman still survives, and what's more he has a freehit",Rankin,Buurman,0.0,0,0,1,0,1.0,0,,1
"48.3 
1nb 
Rankin to Buurman, (no ball) 
another no-ball from Rankin, full outside leg stump and Buurman swings and misses. 
This was a close call as his foot was just on the line, 300 up 
freehit stays",48.3,1nb,1.0,"Rankin to Buurman, (no ball)  .another no-ball from Rankin, full outside leg stump and Buurman swings and misses.  .This was a close call as his foot was just on the line, 300 up  .freehit stays",Rankin,Buurman,0.0,0,0,1,0,1.0,0,,1
"48.3 
• 
Rankin to Buurman, no run 
no damage done, swings and misses for the third consecutive time does Buurman, full 
on middle and middle stump is out of the ground, but it was a freehit",48.3,0,0.0,"Rankin to Buurman, no run  .no damage done, swings and misses for the third consecutive time does Buurman, full  .on middle and middle stump is out of the ground, but it was a freehit",Rankin,Buurman,0.0,0,0,1,1,0.0,0,,0
"48.4 
1 
Rankin to Buurman, 1 run 
drilled off the front foot towards extra cover at the edge of the circle for just a single",48.4,1,1.0,"Rankin to Buurman, 1 run  .drilled off the front foot towards extra cover at the edge of the circle for just a single",Rankin,Buurman,1.0,0,0,1,1,1.0,0,,1
"48.5 
1 
Rankin to Bukhari, 1 run 
short of a good length on middle, swivels and pulls it towards deep square leg for one 
more",48.5,1,1.0,"Rankin to Bukhari, 1 run  .short of a good length on middle, swivels and pulls it towards deep square leg for one  .more",Rankin,Bukhari,1.0,0,0,1,1,1.0,0,,1
"48.6 
1 
Rankin to Buurman, 1 run 
almost gets it in the blockhole, digs it out into the off side for a single 
end of over 4912 runs  
NED: 303/6CRR: 6.18  
Atse Buurman26 (27b 4x4) 
Mudassar Bukhari10 (6b 1x6) 
Boyd Rankin 9-0-74-1 
Trent Johnston 10-1-50-1 
O'Brien to bowl the last over",48.6,1,1.0,"Rankin to Buurman, 1 run  .almost gets it in the blockhole, digs it out into the off side for a single",Rankin,Buurman,1.0,0,0,1,1,1.0,0,,1
"49.1 
• 
K O'Brien to Buurman, no run 
a short one first up, sways away from it, a dot ball",49.1,0,0.0,"K O'Brien to Buurman, no run  .a short one first up, sways away from it, a dot ball",K O'Brien,Buurman,0.0,0,0,1,1,0.0,0,,0
"49.2 
• 
K O'Brien to Buurman, no run 
another short one, Buurman gives himself some roon and tries to swing him over 
midwicket, misses",49.2,0,0.0,"K O'Brien to Buurman, no run  .another short one, Buurman gives himself some roon and tries to swing him over  .midwicket, misses",K O'Brien,Buurman,0.0,0,0,1,1,0.0,0,,0
"49.3 
• 
K O'Brien to Buurman, no run 
one for the over, a slower one banged in short and Buurban sways away from it again, 
three dots in a row and this is the last over of the innings",49.3,0,0.0,"K O'Brien to Buurman, no run  .one for the over, a slower one banged in short and Buurban sways away from it again,  .three dots in a row and this is the last over of the innings",K O'Brien,Buurman,0.0,0,0,1,1,0.0,0,,0
"49.4 
1w 
K O'Brien to Buurman, 1 wide 
short of a good length outside off, called a wide, reaches for it but wisely withdraws at 
the end to get the extra ball",49.4,1w,1.0,"K O'Brien to Buurman, 1 wide  .short of a good length outside off, called a wide, reaches for it but wisely withdraws at  .the end to get the extra ball",K O'Brien,Buurman,0.0,0,0,0,0,1.0,0,,1
"49.4 
1W 
K O'Brien to Buurman, 1 wide, OUT 
another wide, too wide, called one, Buuman wants to steal a bye, Niall O'Brien collects, 
and opts to run down towards the stumps and take them out instead of flicking a throw, 
the ploy works and Buurman, who was sent back by Bukhari, was caught short. He has 
to walk back 
Atse Buurman run out (†NJ O'Brien) 26 (30b 4x4 0x6 49m) SR: 86.66 
Seelaar comes in",49.4,1W,1.0,"K O'Brien to Buurman, 1 wide, OUT  .another wide, too wide, called one, Buuman wants to steal a bye, Niall O'Brien collects,  .and opts to run down towards the stumps and take them out instead of flicking a throw,  .the ploy works and Buurman, who was sent back by Bukhari, was caught short. He has  .to walk back  .Atse Buurman run out (†NJ O'Brien) 26 (30b 4x4 0x6 49m) SR: 86.66",K O'Brien,Buurman,0.0,0,0,1,1,0.0,0,run out (†NJ O'Brien),1
"49.5 
W 
K O'Brien to Bukhari, OUT 
three run-outs, a team-hatrick, short ball outside off, slapped to mid-off, Joyce fields 
and returns a throw to O'Brien who takes off the bails, Bukhari had called for a single but 
was sent back, another one goes 
Adeel Raja run out (Joyce/KJ O'Brien) 0 (0b 0x4 0x6 1m) SR: 0",49.5,W,0.0,"K O'Brien to Bukhari, OUT  .three run-outs, a team-hatrick, short ball outside off, slapped to mid-off, Joyce fields  .and returns a throw to O'Brien who takes off the bails, Bukhari had called for a single but  .was sent back, another one goes  .Adeel Raja run out (Joyce/KJ O'Brien) 0 (0b 0x4 0x6 1m) SR: 0",K O'Brien,Bukhari,0.0,0,0,1,1,0.0,0,run out (Joyce/KJ O'Brien),0
"49.6 
1W 
K O'Brien to Bukhari, 1 run, OUT 
four in four, swung away towards deep midwicket, attempts an impossible second run, 
it's an accurate throw to the keeper who takes off the bails to beat Bukhari's dive 
Mudassar Bukhari run out (Mooney/†NJ O'Brien) 11 (8b 0x4 1x6 22m) SR: 137.5 
Madhu sends us this in the meantime: ""The record for most run outs in an innings is five 
in the World Cup final in 1975 and in the 1996 World Cup game between India and 
Australia. In the latter game, four wickets fell on the score of 258 in the final over."" 
What a mess, but this is still a competitive total. The last five wickets fell for 19, the last 
four for one run. But despite the madness in the last over, Netherlands have set up a 
close game here. Ireland will back themselves to chase this, but ten Doeschate and 
Peter Borren have given their a fighting chance. Both were involved in a century stand, 
ten Doeschate got a ton himself, and Borren infused the innings with some urgency. It 
was an exciting stand thanks to some excellent running, something the batsmen who 
followed clearly failed to live up to, and an exhibition of power as well as innovation 
from the pair. Abhishek Purohit will take you through what promises to be an exciting 
chase. Remember, Ireland have won the last five encounters between these two teams. 
Netherlands, clearly, have scores to settle. Join us in a bit. 
end of over 503 runs • 4 wickets 
NED: 306/10CRR: 6.12  
Bernard Loots0 (0b) 
Kevin O'Brien 5-0-33-0 
Boyd Rankin 9-0-74-1 
Sponsored Headlines 
 
Behind Jon Lewis sacking as England Women head coach | ESPNcricinfoDiscover 
 
IPL 2025 Stats - All the records that can be broken | ESPNcricinfoDiscover 
 
Online Shopping Tools| 
Sponsored by TaboolaSponsored by Taboola 
Amazon's Worst Nightmare: Thousands Canceling Prime for This Clever HackRead 
MoreSkip 
 
Abid Ali, former India Test bowler and a fielder ahead of his time, dies aged 83 | 
ESPNcricinfoDiscover 
 
ipl 2025 - कोलकाता में बािरश का अनुमान क् या anrich nortje कर पाएंगे वापसी? | 
ESPNcricinfoDiscover 
Watch this Video to Learn More 
READ MORE 
Ad 
|  
Sponsored  
 
Flight Attendant Reveals How To Fly Business Class For The Price of 
EconomyAmericans, you'll want to check this out ASAPOnline Shopping Tools| 
SponsoredSponsored 
Undo 
 
Experience Spring in Oregon with Waterfalls and WildflowersSpring trails, rushing rivers, 
and blooming valleys—see it all with a guide.Travel Oregon| 
SponsoredSponsored 
Undo 
 
4 Tips for Improved CFOs& Finance Leaders ReportingWith Datarails reporting is made 
easy, so you can easily deliver insights to the Board.Datarails| 
SponsoredSponsored 
Read Now 
Undo 
 
7 Wealth Tips Once Your Portfolio Reaches $1MHow do retirees with $1 million 
portfolios take steps to preserve their wealth in retirement? Download The Seven 
Secrets of High Net Worth Investors to find out now.Fisher Investments| 
SponsoredSponsored 
Learn More 
Undo 
 
Look For Any High School Yearbook, It's FreeClassmates.com| 
SponsoredSponsored 
Undo 
 
Follow an Oregon Food TrailFrom just-picked berries to fresh-off-the-boat seafood, 
Oregon’s Food Trails connect you to the farms, markets and restaurants serving the 
best of the season.Travel Oregon| 
SponsoredSponsored 
Undo 
 
7 Ways to Retire Comfortably With $1MHow long will your portfolio last in retirement? 
For those with a $1 million portfolio, get this guide to learn more.Fisher Investments| 
SponsoredSponsored 
Learn More 
Undo 
 
Top 10 Blood Pressure Monitors of 2024 Tested by DocReviewsWe tested the most 
popular blood pressure monitors of 2024. Read on to discover the most accurate 
devices and make an informed decision before your purchase.DocReviews| 
SponsoredSponsored 
Learn More 
Undo 
 
Tempe: Say Bye To Your High Power Bills If You Live In These Zip CodesIf you pay more 
than $99/month for power and own a home, you better read this.Energy Bill Cruncher| 
SponsoredSponsored 
Learn More 
Undo 
Sponsored  
Sponsored  
Sponsored  
Sponsored  
Sponsored  
Sponsored  
Sponsored  
Sponsored  
Sponsored  
Sponsored  
Sponsored  
 
Top 10 Blood Pressure Monitors of 2024 Reviewed by DoctorsWe tested the most 
popular blood pressure monitors of 2024. Read on to discover the most accurate 
devices and make an informed decision before your purchase.DocReviews| 
SponsoredSponsored 
Learn More 
Undo 
 
Remodeling Star: Cheapest Way To Get A Walk In Shower In ArizonaHomeowners can 
save thousands on a 1-day bathroom remodel using this one tip.Smart Lifestyle Trends| 
SponsoredSponsored 
Learn More 
Undo 
 
Need Roof Repairs? Use Angi to Get a Quick Estimate!Curious about home project costs 
near you? Check out Angi for the real numbers.Angi| 
SponsoredSponsored 
Get Quote 
Undo 
 
 
 
Unmute 
 
 
Unmute 
Replay Video
Replay Video
Learn More
Learn More
Replay Video
Replay Video
 
 
Unmute 
 
 
Unmute 
 
 
Unmute 
 
 
Unmute 
Replay Video
Replay Video
Replay Video
Replay Video
Replay Video
Replay Video
Replay Video
Replay Video
 
 
Unmute 
 
 
Unmute 
 
 
Unmute 
 
 
Unmute 
Replay Video
Replay Video
Replay Video
Replay Video
Replay Video
Replay Video
Replay Video
Replay Video
 
 
Unmute 
Match Coverage 
All Match News 
 
Porterfield proud of Ireland's show 
William Porterfield reflected proudly on Ireland's World Cup campaign after they 
complete their stay in the tournament with a six-wicket victory against Netherlands 
 
 
 
Dockrell suffers shoulder injury 
George Dockrell, Ireland's 18-year-old left-arm spinner, has dislocated his shoulder 
during the World Cup match against Netherlands at Eden Gardens on Friday 
Replay Video
Replay Video
 
 
 
Stirling ton sets up six-wicket win 
Two sparkling centuries lit up Eden Gardens, Ryan ten Doeschate propping Netherlands 
up with his second ton of the tournament and Paul Stirling launching Ireland's pursuit of 
306 with a 72-ball 101 in a six-wicket win 
 
 
 
Ireland ready for the big guys - Simmons 
Ireland ought to play more often against the bigger teams because they've won their 
respect given how they've performed in this World Cup, coach Phil Simmons has said 
 
 
 
Associates play for pride before exit 
ESPNcricinfo previews the Group B contest between Ireland and Netherlands in Kolkata 
 
 
 
Instant answers to T20 questions 
What is the highest total chased in men's T20 World Cups? 
Most sixes in an innings by a batter in men's T20 World Cups? 
Who has taken the most Powerplay wickets in men's T20 World Cups? 
Ask a question 
Videos 
All Match Videos 
 
3:44 
Peter Borren: We were poor in the field 
 
 
3:56 
Porterfield proud of the team 
 
 
5:14 
Sri Lanka looking strong all-round 
 
Ireland Innings 
Player Name 
R 
B 
WTS 
Porterfield caught 
68 
93 
PR Stirling caught 
101 
72 
EC Joyce caught 
28 
33 
NJ O'Brien not out 
57 
58 
GC Wilson caught 
27 
21 
KJ O'Brien not out 
15 
9 
Extras 
(lb 10, w 1) 
Total 
307(4 wkts;",49.6,1W,1.0,"K O'Brien to Bukhari, 1 run, OUT  .four in four, swung away towards deep midwicket, attempts an impossible second run,  .it's an accurate throw to the keeper who takes off the bails to beat Bukhari's dive  .Mudassar Bukhari run out (Mooney/†NJ O'Brien) 11 (8b 0x4 1x6 22m) SR: 137.5",K O'Brien,Bukhari,0.0,0,0,1,1,0.0,0,run out (Mooney/†NJ O'Brien),1
