raw_data,overs,runs,team_runs,commentary,bowler,batsman,batsman_runs,batsman_fours,batsman_sixes,batsman_bowls_faced,bowler_bowls_done,bowler_runs_given,bowler_wickets,dismissal,runs_given_bool
"0.1 
• 
Mustafizur to Ambris, no run 
length, wobbles across him, and he leaves, with two slips waiting for him behind the 
wicket",0.1,0,0.0,"Mustafizur to Ambris, no run  .length, wobbles across him, and he leaves, with two slips waiting for him behind the  .wicket",Mustafizur,Ambris,0.0,0,0,1,1,0.0,0,,0
"0.2 
• 
Mustafizur to Ambris, no run 
a bit of shape back in from around off, and he whips it away towards square leg",0.2,0,0.0,"Mustafizur to Ambris, no run  .a bit of shape back in from around off, and he whips it away towards square leg",Mustafizur,Ambris,0.0,0,0,1,1,0.0,0,,0
"0.3 
1 
Mustafizur to Ambris, 1 run 
length ball, and he skews an intended drive through mid-off, ends up getting it closer to 
mid-on. Goes slowly, and they can switch over for a quick single",0.3,1,1.0,"Mustafizur to Ambris, 1 run  .length ball, and he skews an intended drive through mid-off, ends up getting it closer to  .mid-on. Goes slowly, and they can switch over for a quick single",Mustafizur,Ambris,1.0,0,0,1,1,1.0,0,,1
"0.4 
• 
Mustafizur to Ottley, no run 
length, a bit of swing away from the left-handed Ottley, and goes through quite low to 
Rahim",0.4,0,0.0,"Mustafizur to Ottley, no run  .length, a bit of swing away from the left-handed Ottley, and goes through quite low to  .Rahim",Mustafizur,Ottley,0.0,0,0,1,1,0.0,0,,0
"0.5 
• 
Mustafizur to Ottley, no run 
swings away from outside off, and he leaves",0.5,0,0.0,"Mustafizur to Ottley, no run  .swings away from outside off, and he leaves",Mustafizur,Ottley,0.0,0,0,1,1,0.0,0,,0
"0.6 
• 
Mustafizur to Ottley, no run 
fuller, straighter, and he gets behind the line to defend towards mid-off. That will make 
him feel a lot better. First ball that has met the middle of his bat 
end of over 11 run  
WI: 1/0CRR: 1.00  
Kjorn Ottley0 (3b) 
Sunil Ambris1 (3b) 
Mustafizur Rahman 1-0-1-0 
Rubel shares the new ball",0.6,0,0.0,"Mustafizur to Ottley, no run  .fuller, straighter, and he gets behind the line to defend towards mid-off. That will make  .him feel a lot better. First ball that has met the middle of his bat",Mustafizur,Ottley,0.0,0,0,1,1,0.0,0,,0
"1.1 
4 
Rubel to Ambris, FOUR runs 
short of a length, and on the pads, allows Ambris to hang back and whip this away 
through the deep square leg region",1.1,4,4.0,"Rubel to Ambris, FOUR runs  .short of a length, and on the pads, allows Ambris to hang back and whip this away  .through the deep square leg region",Rubel,Ambris,4.0,1,0,1,1,4.0,0,,1
"1.2 
• 
Rubel to Ambris, no run 
length, zips away from outside off, and beats the outside edge as Ambris lets his bat 
hang away from his body",1.2,0,0.0,"Rubel to Ambris, no run  .length, zips away from outside off, and beats the outside edge as Ambris lets his bat  .hang away from his body",Rubel,Ambris,0.0,0,0,1,1,0.0,0,,0
"1.3 
• 
Rubel to Ambris, no run 
length, seams away after pitching around leg and middle, and beats th outside edge 
again, as Ambris is squared up. There was a little puff of dust where it pitched too!",1.3,0,0.0,"Rubel to Ambris, no run  .length, seams away after pitching around leg and middle, and beats th outside edge  .again, as Ambris is squared up. There was a little puff of dust where it pitched too!",Rubel,Ambris,0.0,0,0,1,1,0.0,0,,0
"1.4 
• 
Rubel to Ambris, no run 
length, swings away from outside off, and he leaves",1.4,0,0.0,"Rubel to Ambris, no run  .length, swings away from outside off, and he leaves",Rubel,Ambris,0.0,0,0,1,1,0.0,0,,0
"1.5 
• 
Rubel to Ambris, no run 
length, punches this towards point",1.5,0,0.0,"Rubel to Ambris, no run  .length, punches this towards point",Rubel,Ambris,0.0,0,0,1,1,0.0,0,,0
"1.6 
• 
Rubel to Ambris, no run 
defended to cover 
end of over 24 runs  
WI: 5/0CRR: 2.50  
Sunil Ambris5 (9b 1x4) 
Kjorn Ottley0 (3b) 
Rubel Hossain 1-0-4-0 
Mustafizur Rahman 1-0-1-0",1.6,0,0.0,"Rubel to Ambris, no run  .defended to cover",Rubel,Ambris,0.0,0,0,1,1,0.0,0,,0
"2.1 
• 
Mustafizur to Ottley, no run 
length, swings away from outside off, and he leaves",2.1,0,0.0,"Mustafizur to Ottley, no run  .length, swings away from outside off, and he leaves",Mustafizur,Ottley,0.0,0,0,1,1,0.0,0,,0
"2.2 
• 
Mustafizur to Ottley, no run 
length, defended towards cover-point",2.2,0,0.0,"Mustafizur to Ottley, no run  .length, defended towards cover-point",Mustafizur,Ottley,0.0,0,0,1,1,0.0,0,,0
"2.3 
• 
Mustafizur to Ottley, no run 
length, swings away, and he takes a good forward stride before leaving",2.3,0,0.0,"Mustafizur to Ottley, no run  .length, swings away, and he takes a good forward stride before leaving",Mustafizur,Ottley,0.0,0,0,1,1,0.0,0,,0
"2.4 
• 
Mustafizur to Ottley, no run 
good ball! Starts closer to off stump, and forces Ottley to have a little push at this. 
Swing away, and past the outside edge again. Some excitement behind the stumps, but 
they know this has eluded bat comfortably",2.4,0,0.0,"Mustafizur to Ottley, no run  .good ball! Starts closer to off stump, and forces Ottley to have a little push at this.  .Swing away, and past the outside edge again. Some excitement behind the stumps, but  .they know this has eluded bat comfortably",Mustafizur,Ottley,0.0,0,0,1,1,0.0,0,,0
"2.5 
• 
Mustafizur to Ottley, no run 
fuller, defended towards point again 
Maaz: ""Dont know if you are aware of this but the app is going very slow."" ---- Yes, we 
apologize for some delay. All because of the early confusion about the toss. It should 
be fine now, I hope?",2.5,0,0.0,"Mustafizur to Ottley, no run  .fuller, defended towards point again",Mustafizur,Ottley,0.0,0,0,1,1,0.0,0,,0
"2.6 
• 
Mustafizur to Ottley, no run 
length, nibbles away from a good length, and goes past the outside edge yet again 
Trial by fire for Ottley on debut. Up against one of the better new ball bowlers in ODI 
cricket, in conditions where batting hasn't been very easy thus far 
end of over 3Maiden 
WI: 5/0CRR: 1.66  
Kjorn Ottley0 (9b) 
Sunil Ambris5 (9b 1x4) 
Mustafizur Rahman 2-1-1-0 
Rubel Hossain 1-0-4-0 
Just one slip, a little wide of conventional first slip now",2.6,0,0.0,"Mustafizur to Ottley, no run  .length, nibbles away from a good length, and goes past the outside edge yet again  .Trial by fire for Ottley on debut. Up against one of the better new ball bowlers in ODI  .cricket, in conditions where batting hasn't been very easy thus far",Mustafizur,Ottley,0.0,0,0,1,1,0.0,0,,0
"3.1 
1 
Rubel to Ambris, 1 run 
fuller length, driven back firmly, and back on to the stumps at the non-striker's end. 
Deflects on the on side, and they can pick up a quick single 
Alim: ""Playing both Soumya Sarkar and Najmul Hossain Shanto doesn't looks good. 
Specially Soumya losing his potentiality as an opening batsman. Better to include Afif 
Hossain in this spinning condition and he has faster scoring capacity in the late order.""",3.1,1,1.0,"Rubel to Ambris, 1 run  .fuller length, driven back firmly, and back on to the stumps at the non-striker's end.  .Deflects on the on side, and they can pick up a quick single",Rubel,Ambris,1.0,0,0,1,1,1.0,0,,1
"3.2 
• 
Rubel to Ottley, no run 
length, whips this away towards the short mid-wicket region",3.2,0,0.0,"Rubel to Ottley, no run  .length, whips this away towards the short mid-wicket region",Rubel,Ottley,0.0,0,0,1,1,0.0,0,,0
"3.3 
• 
Rubel to Ottley, no run 
length, width on offer, and he slaps this hard, but cannot beat wide cover",3.3,0,0.0,"Rubel to Ottley, no run  .length, width on offer, and he slaps this hard, but cannot beat wide cover",Rubel,Ottley,0.0,0,0,1,1,0.0,0,,0
"3.4 
4 
Rubel to Ottley, FOUR runs 
a bit airy, but through backward point for four! Rubel won't be too displeased, as he went 
wide with the line to entice the kind of slash taht Ottley plays. He does enough to get it 
past point, and brings up his first ODI runs",3.4,4,4.0,"Rubel to Ottley, FOUR runs  .a bit airy, but through backward point for four! Rubel won't be too displeased, as he went  .wide with the line to entice the kind of slash taht Ottley plays. He does enough to get it  .past point, and brings up his first ODI runs",Rubel,Ottley,4.0,1,0,1,1,4.0,0,,1
"3.5 
• 
Rubel to Ottley, no run 
length, flicked towards short mid-wicket",3.5,0,0.0,"Rubel to Ottley, no run  .length, flicked towards short mid-wicket",Rubel,Ottley,0.0,0,0,1,1,0.0,0,,0
"3.6 
• 
Rubel to Ottley, no run 
length, swings back in after pitching around middle. Probably going down leg, which is 
why Bangladesh appeal initially, but then neither bowler nor captain seems to eager to 
review 
Mossy: ""Ottley is in an interesting position. He's here playing for WI, and soon after he'll 
head back to join the Trinidad squad for the Super50 Cup. Looking at the T"" --- Superb 
opportunity, though. With their squad here, there's no pressure of expectations. He can 
go out and play as naturally as he has done all these years in domestic cricket 
end of over 45 runs  
WI: 10/0CRR: 2.50  
Kjorn Ottley4 (14b 1x4) 
Sunil Ambris6 (10b 1x4) 
Rubel Hossain 2-0-9-0 
Mustafizur Rahman 2-1-1-0",3.6,0,0.0,"Rubel to Ottley, no run  .length, swings back in after pitching around middle. Probably going down leg, which is  .why Bangladesh appeal initially, but then neither bowler nor captain seems to eager to  .review",Rubel,Ottley,0.0,0,0,1,1,0.0,0,,0
"4.1 
• 
Mustafizur to Ambris, no run 
length, line around off, and he defends with a forward press",4.1,0,0.0,"Mustafizur to Ambris, no run  .length, line around off, and he defends with a forward press",Mustafizur,Ambris,0.0,0,0,1,1,0.0,0,,0
"4.2 
• 
Mustafizur to Ambris, no run 
back of a length, and he goes back to punch this, but cannot get it wide of mid-off",4.2,0,0.0,"Mustafizur to Ambris, no run  .back of a length, and he goes back to punch this, but cannot get it wide of mid-off",Mustafizur,Ambris,0.0,0,0,1,1,0.0,0,,0
"4.3 
• 
Mustafizur to Ambris, no run 
full, wide of off, and he has a drive at it, but cannot get it beyond mid-off 
The last ball of the previous over also took a faint inside edge off Ottley's bat",4.3,0,0.0,"Mustafizur to Ambris, no run  .full, wide of off, and he has a drive at it, but cannot get it beyond mid-off  .The last ball of the previous over also took a faint inside edge off Ottley's bat",Mustafizur,Ambris,0.0,0,0,1,1,0.0,0,,0
"4.4 
• 
Mustafizur to Ambris, no run 
cutter, goes across Ambris as he shapes to defend",4.4,0,0.0,"Mustafizur to Ambris, no run  .cutter, goes across Ambris as he shapes to defend",Mustafizur,Ambris,0.0,0,0,1,1,0.0,0,,0
"4.5 
W 
Mustafizur to Ambris, OUT 
sharp catch at gully! Mustafizur squares Ambris up again with a ball slanting across 
him, and it flies off the upper part of the bat. It pops up, but Mehidy Hasan has to dive 
forward to take it, and he does. Early breakthrough, and how often do we see The Fizz 
do that for his team! 
Sunil Ambris c Mehidy Hasan Miraz b Mustafizur Rahman 6 (15b 1x4 0x6 20m) SR: 40 
Abhijato: ""Talking of the Cricinfo app, it's had a few glitches since its latest reboot, but 
otherwise it's a much better interface which combines accessibility with the aesthetics 
... well done to the app dev. team!"" --- Imam has similar sentiments, and I guess his 
comment may have gone unpublished, but not unnoticed this time",4.5,W,0.0,"Mustafizur to Ambris, OUT  .sharp catch at gully! Mustafizur squares Ambris up again with a ball slanting across  .him, and it flies off the upper part of the bat. It pops up, but Mehidy Hasan has to dive  .forward to take it, and he does. Early breakthrough, and how often do we see The Fizz  .do that for his team!  .Sunil Ambris c Mehidy Hasan Miraz b Mustafizur Rahman 6 (15b 1x4 0x6 20m) SR: 40",Mustafizur,Ambris,0.0,0,0,1,1,0.0,1,c Mehidy Hasan Miraz b Mustafizur Rahman,0
"4.6 
• 
Mustafizur to Da Silva, no run 
length, pokes at it and plays it to point 
Successive maidens from Mustafizur Rahman, with the wicket added in for good effect 
end of over 5Wicket maiden 
WI: 10/1CRR: 2.00  
Joshua Da Silva0 (1b) 
Kjorn Ottley4 (14b 1x4) 
Mustafizur Rahman 3-2-1-1 
Rubel Hossain 2-0-9-0",4.6,0,0.0,"Mustafizur to Da Silva, no run  .length, pokes at it and plays it to point  .Successive maidens from Mustafizur Rahman, with the wicket added in for good effect",Mustafizur,Da Silva,0.0,0,0,1,1,0.0,0,,0
"5.1 
• 
Rubel to Ottley, no run 
fuller length, and driven to mid-off",5.1,0,0.0,"Rubel to Ottley, no run  .fuller length, and driven to mid-off",Rubel,Ottley,0.0,0,0,1,1,0.0,0,,0
"5.2 
• 
Rubel to Ottley, no run 
length, driven hard, but to wide cover 
Tamim: ""Shakib was brilliant at number 3 at world cup, mushi having 6 hundred at 
number 4 and is our best number 4 batsman. I don't know why Domingo prefer Shanto 
at number 3. I agree that shanto is our future prospect but right now number 3 position 
is not ideal for him as we have big gun"" --- Skip, that isn't you, is it?",5.2,0,0.0,"Rubel to Ottley, no run  .length, driven hard, but to wide cover",Rubel,Ottley,0.0,0,0,1,1,0.0,0,,0
"5.3 
• 
Rubel to Ottley, no run 
driven to wide cover yet again",5.3,0,0.0,"Rubel to Ottley, no run  .driven to wide cover yet again",Rubel,Ottley,0.0,0,0,1,1,0.0,0,,0
"5.4 
• 
Rubel to Ottley, no run 
a bit shorter in length, and slants across him. He looks to slash this away, but cannot 
make contact",5.4,0,0.0,"Rubel to Ottley, no run  .a bit shorter in length, and slants across him. He looks to slash this away, but cannot  .make contact",Rubel,Ottley,0.0,0,0,1,1,0.0,0,,0
"5.5 
• 
Rubel to Ottley, no run 
back of a length, a bit of lift, and forces Ottley to defend up on his toes 
Clinton : ""Ottley doesn't have a first class hundred at age 31 making debut for west 
indies just shows how desperate west indies cricket is at this moment """,5.5,0,0.0,"Rubel to Ottley, no run  .back of a length, a bit of lift, and forces Ottley to defend up on his toes",Rubel,Ottley,0.0,0,0,1,1,0.0,0,,0
"5.6 
1 
Rubel to Ottley, 1 run 
fuller, defends with a forward press. Gets a quick call from his partner, and they run 
through for one before md-off can swoop in and pick up 
end of over 61 run  
WI: 11/1CRR: 1.83  
Kjorn Ottley5 (20b 1x4) 
Joshua Da Silva0 (1b) 
Rubel Hossain 3-0-10-0 
Mustafizur Rahman 3-2-1-1",5.6,1,1.0,"Rubel to Ottley, 1 run  .fuller, defends with a forward press. Gets a quick call from his partner, and they run  .through for one before md-off can swoop in and pick up",Rubel,Ottley,1.0,0,0,1,1,1.0,0,,1
"6.1 
1 
Mustafizur to Ottley, 1 run 
length, straighter into him, and he shapes to flick. Runs off the inner part of the bat 
towards fine leg. Ran the risk of playing around his front pad there",6.1,1,1.0,"Mustafizur to Ottley, 1 run  .length, straighter into him, and he shapes to flick. Runs off the inner part of the bat  .towards fine leg. Ran the risk of playing around his front pad there",Mustafizur,Ottley,1.0,0,0,1,1,1.0,0,,1
"6.2 
• 
Mustafizur to Da Silva, no run 
length, around off, and he defends this after getting behind the line",6.2,0,0.0,"Mustafizur to Da Silva, no run  .length, around off, and he defends this after getting behind the line",Mustafizur,Da Silva,0.0,0,0,1,1,0.0,0,,0
"6.3 
• 
Mustafizur to Da Silva, no run 
length, angles across him, and he defends towards cover",6.3,0,0.0,"Mustafizur to Da Silva, no run  .length, angles across him, and he defends towards cover",Mustafizur,Da Silva,0.0,0,0,1,1,0.0,0,,0
"6.4 
• 
Mustafizur to Da Silva, no run 
length, close to off stump, and he defends with bat close to body",6.4,0,0.0,"Mustafizur to Da Silva, no run  .length, close to off stump, and he defends with bat close to body",Mustafizur,Da Silva,0.0,0,0,1,1,0.0,0,,0
"6.5 
• 
Mustafizur to Da Silva, no run 
length, along the leg and middle line, and he defends this towards square leg",6.5,0,0.0,"Mustafizur to Da Silva, no run  .length, along the leg and middle line, and he defends this towards square leg",Mustafizur,Da Silva,0.0,0,0,1,1,0.0,0,,0
"6.6 
• 
Mustafizur to Da Silva, no run 
slower ball, angles across him, and he defends with a little forward press 
Just one from another economical Mustafizur Rahman over 
Lolit: ""Is the umpire sohail Gazi the same guy who was hit for six in the first ball of test 
by Gayle?"" ---- That would have been Sohag Gazi, the off-spinner. No relation 
end of over 71 run  
WI: 12/1CRR: 1.71  
Joshua Da Silva0 (6b) 
Kjorn Ottley6 (21b 1x4) 
Mustafizur Rahman 4-2-2-1 
Rubel Hossain 3-0-10-0",6.6,0,0.0,"Mustafizur to Da Silva, no run  .slower ball, angles across him, and he defends with a little forward press  .Just one from another economical Mustafizur Rahman over",Mustafizur,Da Silva,0.0,0,0,1,1,0.0,0,,0
"7.1 
1 
Rubel to Ottley, 1 run 
back of a length, and he flicks this towards square leg",7.1,1,1.0,"Rubel to Ottley, 1 run  .back of a length, and he flicks this towards square leg",Rubel,Ottley,1.0,0,0,1,1,1.0,0,,1
"7.2 
• 
Rubel to Da Silva, no run 
short of a length, swinging away, and da Silva is caught up in two minds about whether 
to cut it or leave. Ends up doing half of both, and luckily doesn't get anywhere near the 
ball",7.2,0,0.0,"Rubel to Da Silva, no run  .short of a length, swinging away, and da Silva is caught up in two minds about whether  .to cut it or leave. Ends up doing half of both, and luckily doesn't get anywhere near the  .ball",Rubel,Da Silva,0.0,0,0,1,1,0.0,0,,0
"7.3 
1 
Rubel to Da Silva, 1 run 
back of a length, driven through the point region. Gets it fine, and third man is quite 
square anyway",7.3,1,1.0,"Rubel to Da Silva, 1 run  .back of a length, driven through the point region. Gets it fine, and third man is quite  .square anyway",Rubel,Da Silva,1.0,0,0,1,1,1.0,0,,1
"7.4 
• 
Rubel to Ottley, no run 
length, driven handsomely again, but cannot pierce the area between cover and wide 
cover",7.4,0,0.0,"Rubel to Ottley, no run  .length, driven handsomely again, but cannot pierce the area between cover and wide  .cover",Rubel,Ottley,0.0,0,0,1,1,0.0,0,,0
"7.5 
1 
Rubel to Ottley, 1 run 
closer to him, and he can work this off his pads towards mid-wicket. Easy single before 
wide mid-on can field this",7.5,1,1.0,"Rubel to Ottley, 1 run  .closer to him, and he can work this off his pads towards mid-wicket. Easy single before  .wide mid-on can field this",Rubel,Ottley,1.0,0,0,1,1,1.0,0,,1
"7.6 
• 
Rubel to Da Silva, no run 
short, and he looks to pull, but cannot get it past short mid-wicket 
end of over 83 runs  
WI: 15/1CRR: 1.87  
Joshua Da Silva1 (9b) 
Kjorn Ottley8 (24b 1x4) 
Rubel Hossain 4-0-13-0 
Mustafizur Rahman 4-2-2-1 
Here comes Hasan Mahmud. Had 3 for 28 on debut a couple of days ago. Starts with a 
second slip and a gully",7.6,0,0.0,"Rubel to Da Silva, no run  .short, and he looks to pull, but cannot get it past short mid-wicket",Rubel,Da Silva,0.0,0,0,1,1,0.0,0,,0
"8.1 
• 
Hasan Mahmud to Ottley, no run 
length, slapped towards cover, but finds the fielder again",8.1,0,0.0,"Hasan Mahmud to Ottley, no run  .length, slapped towards cover, but finds the fielder again",Hasan Mahmud,Ottley,0.0,0,0,1,1,0.0,0,,0
"8.2 
4 
Hasan Mahmud to Ottley, FOUR runs 
length, and this time he has placed it to the left of cover. Just waited a tad on this, and 
was able to get the gap, even if it meant the ball went a bit in the air 
Goes around the wicket",8.2,4,4.0,"Hasan Mahmud to Ottley, FOUR runs  .length, and this time he has placed it to the left of cover. Just waited a tad on this, and  .was able to get the gap, even if it meant the ball went a bit in the air  .Goes around the wicket",Hasan Mahmud,Ottley,4.0,1,0,1,1,4.0,0,,1
"8.3 
1 
Hasan Mahmud to Ottley, 1 run 
straightens into him from a length, and he defends towards mid-on, and picks up a 
quick single",8.3,1,1.0,"Hasan Mahmud to Ottley, 1 run  .straightens into him from a length, and he defends towards mid-on, and picks up a  .quick single",Hasan Mahmud,Ottley,1.0,0,0,1,1,1.0,0,,1
"8.4 
• 
Hasan Mahmud to Da Silva, no run 
length, goes back in from a length, and beats the inside edge. Rahim collects and 
immediately goes up in appeal, but they do not choose to review. Definitely did move in 
sharply off the seam. May have brushed his thigh pad",8.4,0,0.0,"Hasan Mahmud to Da Silva, no run  .length, goes back in from a length, and beats the inside edge. Rahim collects and  .immediately goes up in appeal, but they do not choose to review. Definitely did move in  .sharply off the seam. May have brushed his thigh pad",Hasan Mahmud,Da Silva,0.0,0,0,1,1,0.0,0,,0
"8.5 
• 
Hasan Mahmud to Da Silva, no run 
length, and he looks to play across the line to one slanting in. Appeal for leg before, but 
would have been going down leg",8.5,0,0.0,"Hasan Mahmud to Da Silva, no run  .length, and he looks to play across the line to one slanting in. Appeal for leg before, but  .would have been going down leg",Hasan Mahmud,Da Silva,0.0,0,0,1,1,0.0,0,,0
"8.6 
• 
Hasan Mahmud to Da Silva, no run 
length, moves away off the seam, and dies on its way through to Rahim. Da Silva cannot 
connect with an intended drive 
end of over 95 runs  
WI: 20/1CRR: 2.22  
Joshua Da Silva1 (12b) 
Kjorn Ottley13 (27b 2x4) 
Hasan Mahmud 1-0-5-0 
Rubel Hossain 4-0-13-0 
Here's Mehidy, with a slip",8.6,0,0.0,"Hasan Mahmud to Da Silva, no run  .length, moves away off the seam, and dies on its way through to Rahim. Da Silva cannot  .connect with an intended drive",Hasan Mahmud,Da Silva,0.0,0,0,1,1,0.0,0,,0
"9.1 
• 
Mehidy Hasan Miraz to Ottley, no run 
around off and middle, and he presses forward to defend. Pops up off the face of the 
bat, but lands close to him",9.1,0,0.0,"Mehidy Hasan Miraz to Ottley, no run  .around off and middle, and he presses forward to defend. Pops up off the face of the  .bat, but lands close to him",Mehidy Hasan Miraz,Ottley,0.0,0,0,1,1,0.0,0,,0
"9.2 
• 
Mehidy Hasan Miraz to Ottley, no run 
defends with a forward press",9.2,0,0.0,"Mehidy Hasan Miraz to Ottley, no run  .defends with a forward press",Mehidy Hasan Miraz,Ottley,0.0,0,0,1,1,0.0,0,,0
"9.3 
1 
Mehidy Hasan Miraz to Ottley, 1 run 
lofts one through the in field on the off side, but there's a man at extra cover for that 
Ullah: ""Sohag Gazi. Only player to score a ton and take a hat-trick in a Test"" ---- Yes, I was 
part of the broadcast commentary for that game, with Athar, Shamim, Danny Morrison 
and Ranjit Fernando",9.3,1,1.0,"Mehidy Hasan Miraz to Ottley, 1 run  .lofts one through the in field on the off side, but there's a man at extra cover for that",Mehidy Hasan Miraz,Ottley,1.0,0,0,1,1,1.0,0,,1
"9.4 
• 
Mehidy Hasan Miraz to Da Silva, no run 
length, around off, and holds its line, and beats the outside edge as da Silva stretches to 
defend 
Fahad: ""What will be the competitive score in this condition? @deba"" --- 250-ish",9.4,0,0.0,"Mehidy Hasan Miraz to Da Silva, no run  .length, around off, and holds its line, and beats the outside edge as da Silva stretches to  .defend",Mehidy Hasan Miraz,Da Silva,0.0,0,0,1,1,0.0,0,,0
"9.5 
1 
Mehidy Hasan Miraz to Da Silva, 1 run 
worked towards square leg",9.5,1,1.0,"Mehidy Hasan Miraz to Da Silva, 1 run  .worked towards square leg",Mehidy Hasan Miraz,Da Silva,1.0,0,0,1,1,1.0,0,,1
"9.6 
• 
Mehidy Hasan Miraz to Ottley, no run 
defends with a forward press 
Over to Hemant Brar now 
end of over 102 runs  
WI: 22/1CRR: 2.20  
Kjorn Ottley14 (31b 2x4) 
Joshua Da Silva2 (14b) 
Mehidy Hasan Miraz 1-0-2-0 
Hasan Mahmud 1-0-5-0",9.6,0,0.0,"Mehidy Hasan Miraz to Ottley, no run  .defends with a forward press  .Over to Hemant Brar now",Mehidy Hasan Miraz,Ottley,0.0,0,0,1,1,0.0,0,,0
"10.1 
1 
Hasan Mahmud to Da Silva, 1 run 
length ball outside, pushes at it, a thick outside edge goes between slip and gully",10.1,1,1.0,"Hasan Mahmud to Da Silva, 1 run  .length ball outside, pushes at it, a thick outside edge goes between slip and gully",Hasan Mahmud,Da Silva,1.0,0,0,1,1,1.0,0,,1
"10.2 
1lb 
Hasan Mahmud to Ottley, 1 leg bye 
length ball angling on the pads, goes for the flick but misses. Gets a leg-bye to square 
leg",10.2,1lb,1.0,"Hasan Mahmud to Ottley, 1 leg bye  .length ball angling on the pads, goes for the flick but misses. Gets a leg-bye to square  .leg",Hasan Mahmud,Ottley,0.0,0,0,1,1,0.0,0,,0
"10.3 
1 
Hasan Mahmud to Da Silva, 1 run 
length ball angling in, flicked away for a single",10.3,1,1.0,"Hasan Mahmud to Da Silva, 1 run  .length ball angling in, flicked away for a single",Hasan Mahmud,Da Silva,1.0,0,0,1,1,1.0,0,,1
"10.4 
• 
Hasan Mahmud to Ottley, no run 
length ball around the wicket, looks to force it through covers but ends up chopping it 
into the ground",10.4,0,0.0,"Hasan Mahmud to Ottley, no run  .length ball around the wicket, looks to force it through covers but ends up chopping it  .into the ground",Hasan Mahmud,Ottley,0.0,0,0,1,1,0.0,0,,0
"10.5 
• 
Hasan Mahmud to Ottley, no run 
beats the bat as it straightens after angling in, Ottley was pushing at it",10.5,0,0.0,"Hasan Mahmud to Ottley, no run  .beats the bat as it straightens after angling in, Ottley was pushing at it",Hasan Mahmud,Ottley,0.0,0,0,1,1,0.0,0,,0
"10.6 
6 
Hasan Mahmud to Ottley, SIX runs 
a touch shorter and a tad straighter and Ottley has smashed it over midwicket, pulled 
away for six 
Dishari : ""Ahh Sohag Gazi, an all-round prospect faded away too soon."" 
end of over 119 runs  
WI: 31/1CRR: 2.81  
Kjorn Ottley20 (35b 2x4 1x6) 
Joshua Da Silva4 (16b) 
Hasan Mahmud 2-0-13-0 
Mehidy Hasan Miraz 1-0-2-0",10.6,6,6.0,"Hasan Mahmud to Ottley, SIX runs  .a touch shorter and a tad straighter and Ottley has smashed it over midwicket, pulled  .away for six",Hasan Mahmud,Ottley,6.0,0,1,1,1,6.0,0,,1
"11.1 
• 
Mehidy Hasan Miraz to Da Silva, no run 
tossed up around off, comes forward and drives it towards short midwicket",11.1,0,0.0,"Mehidy Hasan Miraz to Da Silva, no run  .tossed up around off, comes forward and drives it towards short midwicket",Mehidy Hasan Miraz,Da Silva,0.0,0,0,1,1,0.0,0,,0
"11.2 
• 
Mehidy Hasan Miraz to Da Silva, no run 
fuller on the stumps, pushed towards short midwicket once again",11.2,0,0.0,"Mehidy Hasan Miraz to Da Silva, no run  .fuller on the stumps, pushed towards short midwicket once again",Mehidy Hasan Miraz,Da Silva,0.0,0,0,1,1,0.0,0,,0
"11.3 
1 
Mehidy Hasan Miraz to Da Silva, 1 run 
fuller around off, drives it towards long-on for a walking single 
DeKizer: ""some good shots by ottley but as usual with wi batsmen, he needs to rotate 
the strike more.""",11.3,1,1.0,"Mehidy Hasan Miraz to Da Silva, 1 run  .fuller around off, drives it towards long-on for a walking single",Mehidy Hasan Miraz,Da Silva,1.0,0,0,1,1,1.0,0,,1
"11.4 
• 
Mehidy Hasan Miraz to Ottley, no run 
length ball around off, pushes it towards covers from the front foot",11.4,0,0.0,"Mehidy Hasan Miraz to Ottley, no run  .length ball around off, pushes it towards covers from the front foot",Mehidy Hasan Miraz,Ottley,0.0,0,0,1,1,0.0,0,,0
"11.5 
• 
Mehidy Hasan Miraz to Ottley, no run 
comes in with the arm from around the wicket to hit the inner half as the batsman looks 
to push forward",11.5,0,0.0,"Mehidy Hasan Miraz to Ottley, no run  .comes in with the arm from around the wicket to hit the inner half as the batsman looks  .to push forward",Mehidy Hasan Miraz,Ottley,0.0,0,0,1,1,0.0,0,,0
"11.6 
1 
Mehidy Hasan Miraz to Ottley, 1 run 
tossed up around off, comes forward and defends it on the off side 
end of over 122 runs  
WI: 33/1CRR: 2.75  
Kjorn Ottley21 (38b 2x4 1x6) 
Joshua Da Silva5 (19b) 
Mehidy Hasan Miraz 2-0-4-0 
Hasan Mahmud 2-0-13-0",11.6,1,1.0,"Mehidy Hasan Miraz to Ottley, 1 run  .tossed up around off, comes forward and defends it on the off side",Mehidy Hasan Miraz,Ottley,1.0,0,0,1,1,1.0,0,,1
"12.1 
2 
Hasan Mahmud to Ottley, 2 runs 
short outside off and Ottley once again goes for the pull but ends up top-edging it 
towards midwicket. Tamim running in from mid-on puts in the dive but can only get his 
fingertips to it",12.1,2,2.0,"Hasan Mahmud to Ottley, 2 runs  .short outside off and Ottley once again goes for the pull but ends up top-edging it  .towards midwicket. Tamim running in from mid-on puts in the dive but can only get his  .fingertips to it",Hasan Mahmud,Ottley,2.0,0,0,1,1,2.0,0,,1
"12.2 
• 
Hasan Mahmud to Ottley, no run 
fuller ball outside off, goes for a big drive, looking to hit it smash but misses",12.2,0,0.0,"Hasan Mahmud to Ottley, no run  .fuller ball outside off, goes for a big drive, looking to hit it smash but misses",Hasan Mahmud,Ottley,0.0,0,0,1,1,0.0,0,,0
"12.3 
• 
Hasan Mahmud to Ottley, no run 
beaten again as he looks to drive this length ball on the up",12.3,0,0.0,"Hasan Mahmud to Ottley, no run  .beaten again as he looks to drive this length ball on the up",Hasan Mahmud,Ottley,0.0,0,0,1,1,0.0,0,,0
"12.4 
• 
Hasan Mahmud to Ottley, no run 
a touch fuller this time, defended on the front foot",12.4,0,0.0,"Hasan Mahmud to Ottley, no run  .a touch fuller this time, defended on the front foot",Hasan Mahmud,Ottley,0.0,0,0,1,1,0.0,0,,0
"12.5 
1 
Hasan Mahmud to Ottley, 1 run 
short of length at the stumps, goes for the pulls but mistimes it towards backward 
square leg",12.5,1,1.0,"Hasan Mahmud to Ottley, 1 run  .short of length at the stumps, goes for the pulls but mistimes it towards backward  .square leg",Hasan Mahmud,Ottley,1.0,0,0,1,1,1.0,0,,1
"12.6 
• 
Hasan Mahmud to Da Silva, no run 
length ball outside off, comes forward moving towards the off side and looks to work it 
on the leg side. Gets an inside edge on to the thigh 
end of over 133 runs  
WI: 36/1CRR: 2.76  
Joshua Da Silva5 (20b) 
Kjorn Ottley24 (43b 2x4 1x6) 
Hasan Mahmud 3-0-16-0 
Mehidy Hasan Miraz 2-0-4-0 
Sadman Hasan: ""Isn't it mandated to have at least one elite panel umpire present on-
field in an ODI? Or, is it waived for Covid circumstances?"" -- The latter",12.6,0,0.0,"Hasan Mahmud to Da Silva, no run  .length ball outside off, comes forward moving towards the off side and looks to work it  .on the leg side. Gets an inside edge on to the thigh",Hasan Mahmud,Da Silva,0.0,0,0,1,1,0.0,0,,0
"13.1 
W 
Mehidy Hasan Miraz to Ottley, OUT 
length ball outside off, and Ottley hits hit hard but straight to Tamim at extra cover. He 
was perhaps looking to go over the fielder but didn't get the elevation 
Kjorn Ottley c Tamim Iqbal b Mehidy Hasan Miraz 24 (44b 2x4 1x6 54m) SR: 54.54 
Andre McCarthy the new batsman",13.1,W,0.0,"Mehidy Hasan Miraz to Ottley, OUT  .length ball outside off, and Ottley hits hit hard but straight to Tamim at extra cover. He  .was perhaps looking to go over the fielder but didn't get the elevation  .Kjorn Ottley c Tamim Iqbal b Mehidy Hasan Miraz 24 (44b 2x4 1x6 54m) SR: 54.54",Mehidy Hasan Miraz,Ottley,0.0,0,0,1,1,0.0,1,c Tamim Iqbal b Mehidy Hasan Miraz,0
"13.2 
1 
Mehidy Hasan Miraz to McCarthy, 1 run 
flighted outside off, comes forward and drives it towards long-on",13.2,1,1.0,"Mehidy Hasan Miraz to McCarthy, 1 run  .flighted outside off, comes forward and drives it towards long-on",Mehidy Hasan Miraz,McCarthy,1.0,0,0,1,1,1.0,0,,1
"13.3 
• 
Mehidy Hasan Miraz to Da Silva, no run 
fuller around off, pushed back from the front foot",13.3,0,0.0,"Mehidy Hasan Miraz to Da Silva, no run  .fuller around off, pushed back from the front foot",Mehidy Hasan Miraz,Da Silva,0.0,0,0,1,1,0.0,0,,0
"13.4 
W 
Mehidy Hasan Miraz to Da Silva, OUT 
bowled 'im. Was a length ball, tossed up in the air. Da Silva came forward to defend, 
expecting it turn into him but the ball went straight after pitching, beat the outside edge 
and hit the off stump 
Joshua Da Silva b Mehidy Hasan Miraz 5 (22b 0x4 0x6 37m) SR: 22.72 
Captain Jason Mohammed now",13.4,W,0.0,"Mehidy Hasan Miraz to Da Silva, OUT  .bowled 'im. Was a length ball, tossed up in the air. Da Silva came forward to defend,  .expecting it turn into him but the ball went straight after pitching, beat the outside edge  .and hit the off stump  .Joshua Da Silva b Mehidy Hasan Miraz 5 (22b 0x4 0x6 37m) SR: 22.72",Mehidy Hasan Miraz,Da Silva,0.0,0,0,1,1,0.0,1,b Mehidy Hasan Miraz,0
"13.5 
• 
Mehidy Hasan Miraz to Mohammed, no run 
fuller around off, turns it towards backward square leg",13.5,0,0.0,"Mehidy Hasan Miraz to Mohammed, no run  .fuller around off, turns it towards backward square leg",Mehidy Hasan Miraz,Mohammed,0.0,0,0,1,1,0.0,0,,0
"13.6 
• 
Mehidy Hasan Miraz to Mohammed, no run 
tossed up around off, defended on the front foot 
Abhijato: ""This series is more like a Bangladesh v Windies A match-up :/"" 
end of over 141 run • 2 wickets 
WI: 37/3CRR: 2.64  
Jason Mohammed0 (2b) 
Andre McCarthy1 (1b) 
Mehidy Hasan Miraz 3-0-5-2 
Hasan Mahmud 3-0-16-0 
Shakib now",13.6,0,0.0,"Mehidy Hasan Miraz to Mohammed, no run  .tossed up around off, defended on the front foot",Mehidy Hasan Miraz,Mohammed,0.0,0,0,1,1,0.0,0,,0
"14.1 
2 
Shakib to McCarthy, 2 runs 
fuller on the stumps, comes forward and nudges it towards midwicket",14.1,2,2.0,"Shakib to McCarthy, 2 runs  .fuller on the stumps, comes forward and nudges it towards midwicket",Shakib,McCarthy,2.0,0,0,1,1,2.0,0,,1
"14.2 
• 
Shakib to McCarthy, no run 
length ball around off, punches it back towards the bowler",14.2,0,0.0,"Shakib to McCarthy, no run  .length ball around off, punches it back towards the bowler",Shakib,McCarthy,0.0,0,0,1,1,0.0,0,,0
"14.3 
• 
Shakib to McCarthy, no run 
length ball on the stumps, looks to whip it towards square leg, misses and gets hit on 
the body",14.3,0,0.0,"Shakib to McCarthy, no run  .length ball on the stumps, looks to whip it towards square leg, misses and gets hit on  .the body",Shakib,McCarthy,0.0,0,0,1,1,0.0,0,,0
"14.4 
• 
Shakib to McCarthy, no run 
fuller around off, pushes it down the wicket",14.4,0,0.0,"Shakib to McCarthy, no run  .fuller around off, pushes it down the wicket",Shakib,McCarthy,0.0,0,0,1,1,0.0,0,,0
"14.5 
• 
Shakib to McCarthy, no run 
fuller around off, lunges forward and blocks",14.5,0,0.0,"Shakib to McCarthy, no run  .fuller around off, lunges forward and blocks",Shakib,McCarthy,0.0,0,0,1,1,0.0,0,,0
"14.6 
W 
Shakib to McCarthy, OUT 
McCarthy departs as well. Shakib tossed it up around off, McCarthy thought he had a 
chance to put it away and went for the slog sweep only to miss it completely, the ball 
kept going on with the arm to hit the middle stump 
Andre McCarthy b Shakib Al Hasan 3 (7b 0x4 0x6 9m) SR: 42.85 
Time for drinks 
end of over 152 runs • 1 wicket 
WI: 39/4CRR: 2.60  
Jason Mohammed0 (2b) 
Shakib Al Hasan 1-0-2-1 
Mehidy Hasan Miraz 3-0-5-2",14.6,W,0.0,"Shakib to McCarthy, OUT  .McCarthy departs as well. Shakib tossed it up around off, McCarthy thought he had a  .chance to put it away and went for the slog sweep only to miss it completely, the ball  .kept going on with the arm to hit the middle stump  .Andre McCarthy b Shakib Al Hasan 3 (7b 0x4 0x6 9m) SR: 42.85",Shakib,McCarthy,0.0,0,0,1,1,0.0,1,b Shakib Al Hasan,0
"15.1 
1 
Mehidy Hasan Miraz to Mohammed, 1 run 
fuller around off, comes forward and drives it towards long-on, gets off the mark 
Kyle Mayers is the new batsman. A slip and short leg. Mehidy goes around the wicket",15.1,1,1.0,"Mehidy Hasan Miraz to Mohammed, 1 run  .fuller around off, comes forward and drives it towards long-on, gets off the mark  .Kyle Mayers is the new batsman. A slip and short leg. Mehidy goes around the wicket",Mehidy Hasan Miraz,Mohammed,1.0,0,0,1,1,1.0,0,,1
"15.2 
• 
Mehidy Hasan Miraz to Mayers, no run 
length ball around off, works it towards midwicket",15.2,0,0.0,"Mehidy Hasan Miraz to Mayers, no run  .length ball around off, works it towards midwicket",Mehidy Hasan Miraz,Mayers,0.0,0,0,1,1,0.0,0,,0
"15.3 
• 
Mehidy Hasan Miraz to Mayers, no run 
length again, pushed from the back foot",15.3,0,0.0,"Mehidy Hasan Miraz to Mayers, no run  .length again, pushed from the back foot",Mehidy Hasan Miraz,Mayers,0.0,0,0,1,1,0.0,0,,0
"15.4 
• 
Mehidy Hasan Miraz to Mayers, no run 
length outside off, punches it towards covers",15.4,0,0.0,"Mehidy Hasan Miraz to Mayers, no run  .length outside off, punches it towards covers",Mehidy Hasan Miraz,Mayers,0.0,0,0,1,1,0.0,0,,0
"15.5 
• 
Mehidy Hasan Miraz to Mayers, no run 
length ball, stops at the wicket. Mayers delays his response and defends",15.5,0,0.0,"Mehidy Hasan Miraz to Mayers, no run  .length ball, stops at the wicket. Mayers delays his response and defends",Mehidy Hasan Miraz,Mayers,0.0,0,0,1,1,0.0,0,,0
"15.6 
• 
Mehidy Hasan Miraz to Mayers, no run 
a touch quicker, defended on the front foot 
end of over 161 run  
WI: 40/4CRR: 2.50  
Kyle Mayers0 (5b) 
Jason Mohammed1 (3b) 
Mehidy Hasan Miraz 4-0-6-2 
Shakib Al Hasan 1-0-2-1 
A slip and short leg",15.6,0,0.0,"Mehidy Hasan Miraz to Mayers, no run  .a touch quicker, defended on the front foot",Mehidy Hasan Miraz,Mayers,0.0,0,0,1,1,0.0,0,,0
"16.1 
• 
Shakib to Mohammed, no run 
length ball around off, looks to defend, gets an inside edge on to the pads",16.1,0,0.0,"Shakib to Mohammed, no run  .length ball around off, looks to defend, gets an inside edge on to the pads",Shakib,Mohammed,0.0,0,0,1,1,0.0,0,,0
"16.2 
1 
Shakib to Mohammed, 1 run 
flighted outside off, flat-bats it towards long-off 
Over the wicket",16.2,1,1.0,"Shakib to Mohammed, 1 run  .flighted outside off, flat-bats it towards long-off  .Over the wicket",Shakib,Mohammed,1.0,0,0,1,1,1.0,0,,1
"16.3 
• 
Shakib to Mayers, no run 
fuller around off, comes forward and pushes it towards midwicket",16.3,0,0.0,"Shakib to Mayers, no run  .fuller around off, comes forward and pushes it towards midwicket",Shakib,Mayers,0.0,0,0,1,1,0.0,0,,0
"16.4 
• 
Shakib to Mayers, no run 
Shakib shortens his length this time, defended from the back foot",16.4,0,0.0,"Shakib to Mayers, no run  .Shakib shortens his length this time, defended from the back foot",Shakib,Mayers,0.0,0,0,1,1,0.0,0,,0
"16.5 
• 
Shakib to Mayers, no run 
fuller on the stumps, nudges it towards short midwicket",16.5,0,0.0,"Shakib to Mayers, no run  .fuller on the stumps, nudges it towards short midwicket",Shakib,Mayers,0.0,0,0,1,1,0.0,0,,0
"16.6 
• 
Shakib to Mayers, no run 
fuller on the pads, flicked towards the left of short midwicket this time 
Sumant: ""Even for a West Indies A team, I expected some fight, especially with captain 
Jason's pre-series comments. But this is absolutely disappointing. These matches are 
freebies for Bangladesh."" 
end of over 171 run  
WI: 41/4CRR: 2.41  
Kyle Mayers0 (9b) 
Jason Mohammed2 (5b) 
Shakib Al Hasan 2-0-3-1 
Mehidy Hasan Miraz 4-0-6-2",16.6,0,0.0,"Shakib to Mayers, no run  .fuller on the pads, flicked towards the left of short midwicket this time",Shakib,Mayers,0.0,0,0,1,1,0.0,0,,0
"17.1 
• 
Mehidy Hasan Miraz to Mohammed, no run 
length ball outside off, lunges forward and blocks as it spin back a bit",17.1,0,0.0,"Mehidy Hasan Miraz to Mohammed, no run  .length ball outside off, lunges forward and blocks as it spin back a bit",Mehidy Hasan Miraz,Mohammed,0.0,0,0,1,1,0.0,0,,0
"17.2 
• 
Mehidy Hasan Miraz to Mohammed, no run 
length ball around off, goes deep and blocks with a straight bat",17.2,0,0.0,"Mehidy Hasan Miraz to Mohammed, no run  .length ball around off, goes deep and blocks with a straight bat",Mehidy Hasan Miraz,Mohammed,0.0,0,0,1,1,0.0,0,,0
"17.3 
• 
Mehidy Hasan Miraz to Mohammed, no run 
slower, on a length outside off, a big stride forward and blocked",17.3,0,0.0,"Mehidy Hasan Miraz to Mohammed, no run  .slower, on a length outside off, a big stride forward and blocked",Mehidy Hasan Miraz,Mohammed,0.0,0,0,1,1,0.0,0,,0
"17.4 
W 
Mehidy Hasan Miraz to Mohammed, OUT 
a bit of hesitation and Mayers has been run out. He is not even waiting for the third 
umpire's decision. It was a fuller delivery around off, Jason nudged it in front of square 
leg, took a couple of steps, looked at his partner who couldn't say no to his captain. 
Najmul's throw was just over the stumps and Mushfiqur whipped off the balls in a jify. 
Even a dive couldn't save him 
Kyle Mayers run out (Najmul Hossain Shanto/†Mushfiqur Rahim) 0 (9b 0x4 0x6 9m) 
SR: 0 
Bonner",17.4,W,0.0,"Mehidy Hasan Miraz to Mohammed, OUT  .a bit of hesitation and Mayers has been run out. He is not even waiting for the third  .umpire's decision. It was a fuller delivery around off, Jason nudged it in front of square  .leg, took a couple of steps, looked at his partner who couldn't say no to his captain.  .Najmul's throw was just over the stumps and Mushfiqur whipped off the balls in a jify.  .Even a dive couldn't save him  .Kyle Mayers run out (Najmul Hossain Shanto/†Mushfiqur Rahim) 0 (9b 0x4 0x6 9m)  .SR: 0  .Bonner",Mehidy Hasan Miraz,Mohammed,0.0,0,0,1,1,0.0,0,run out (Najmul Hossain Shanto/†Mushfiqur Rahim),0
"17.5 
1 
Mehidy Hasan Miraz to Bonner, 1 run 
length ball on the pads, worked towards midwicket",17.5,1,1.0,"Mehidy Hasan Miraz to Bonner, 1 run  .length ball on the pads, worked towards midwicket",Mehidy Hasan Miraz,Bonner,1.0,0,0,1,1,1.0,0,,1
"17.6 
• 
Mehidy Hasan Miraz to Mohammed, no run 
fuller, looks to defend but misses and it hits the pads 
end of over 181 run • 1 wicket 
WI: 42/5CRR: 2.33  
Jason Mohammed2 (10b) 
Nkrumah Bonner1 (1b) 
Mehidy Hasan Miraz 5-0-7-2 
Shakib Al Hasan 2-0-3-1",17.6,0,0.0,"Mehidy Hasan Miraz to Mohammed, no run  .fuller, looks to defend but misses and it hits the pads",Mehidy Hasan Miraz,Mohammed,0.0,0,0,1,1,0.0,0,,0
"18.1 
• 
Shakib to Bonner, no run 
tossed up around off, defended on the front foot",18.1,0,0.0,"Shakib to Bonner, no run  .tossed up around off, defended on the front foot",Shakib,Bonner,0.0,0,0,1,1,0.0,0,,0
"18.2 
• 
Shakib to Bonner, no run 
finds the fielder as he looks to hit it through cover",18.2,0,0.0,"Shakib to Bonner, no run  .finds the fielder as he looks to hit it through cover",Shakib,Bonner,0.0,0,0,1,1,0.0,0,,0
"18.3 
• 
Shakib to Bonner, no run 
fuller, driven firmly but straight to extra cover this time",18.3,0,0.0,"Shakib to Bonner, no run  .fuller, driven firmly but straight to extra cover this time",Shakib,Bonner,0.0,0,0,1,1,0.0,0,,0
"18.4 
2 
Shakib to Bonner, 2 runs 
length outside off, punched square of the wicket for a couple",18.4,2,2.0,"Shakib to Bonner, 2 runs  .length outside off, punched square of the wicket for a couple",Shakib,Bonner,2.0,0,0,1,1,2.0,0,,1
"18.5 
• 
Shakib to Bonner, no run 
lunges forward and drives it towards cover",18.5,0,0.0,"Shakib to Bonner, no run  .lunges forward and drives it towards cover",Shakib,Bonner,0.0,0,0,1,1,0.0,0,,0
"18.6 
1 
Shakib to Bonner, 1 run 
a forward stride to drive it towards long-off 
end of over 193 runs  
WI: 45/5CRR: 2.36  
Nkrumah Bonner4 (7b) 
Jason Mohammed2 (10b) 
Shakib Al Hasan 3-0-6-1 
Mehidy Hasan Miraz 5-0-7-2",18.6,1,1.0,"Shakib to Bonner, 1 run  .a forward stride to drive it towards long-off",Shakib,Bonner,1.0,0,0,1,1,1.0,0,,1
"19.1 
• 
Mehidy Hasan Miraz to Bonner, no run 
fuller on the stumps, pushes it back towards the bowler",19.1,0,0.0,"Mehidy Hasan Miraz to Bonner, no run  .fuller on the stumps, pushes it back towards the bowler",Mehidy Hasan Miraz,Bonner,0.0,0,0,1,1,0.0,0,,0
"19.2 
• 
Mehidy Hasan Miraz to Bonner, no run 
fuller around off once again, punches it back",19.2,0,0.0,"Mehidy Hasan Miraz to Bonner, no run  .fuller around off once again, punches it back",Mehidy Hasan Miraz,Bonner,0.0,0,0,1,1,0.0,0,,0
"19.3 
3 
Mehidy Hasan Miraz to Bonner, 3 runs 
length ball, slower in the air but the line isn't right. Bonner helps it towards fine leg for 
three",19.3,3,3.0,"Mehidy Hasan Miraz to Bonner, 3 runs  .length ball, slower in the air but the line isn't right. Bonner helps it towards fine leg for  .three",Mehidy Hasan Miraz,Bonner,3.0,0,0,1,1,3.0,0,,1
"19.4 
• 
Mehidy Hasan Miraz to Mohammed, no run 
length ball spinning on to the pads to beat the bat, was going down though",19.4,0,0.0,"Mehidy Hasan Miraz to Mohammed, no run  .length ball spinning on to the pads to beat the bat, was going down though",Mehidy Hasan Miraz,Mohammed,0.0,0,0,1,1,0.0,0,,0
"19.5 
• 
Mehidy Hasan Miraz to Mohammed, no run 
fuller around off, Jason was stuck at back foot and got beaten on the defence as it spun 
back sharply. A confident appeal for lbw but denied. Bangladesh want to review this. 
The only thing that can Jason here is if the impact is outside off. No inside edge but as 
expected the impact is well outside off and Bangladesh lose a review",19.5,0,0.0,"Mehidy Hasan Miraz to Mohammed, no run  .fuller around off, Jason was stuck at back foot and got beaten on the defence as it spun  .back sharply. A confident appeal for lbw but denied. Bangladesh want to review this.  .The only thing that can Jason here is if the impact is outside off. No inside edge but as  .expected the impact is well outside off and Bangladesh lose a review",Mehidy Hasan Miraz,Mohammed,0.0,0,0,1,1,0.0,0,,0
"19.6 
1 
Mehidy Hasan Miraz to Mohammed, 1 run 
fuller on the stumps, Jason comes forward and drives it towards long-on 
end of over 204 runs  
WI: 49/5CRR: 2.45  
Jason Mohammed3 (13b) 
Nkrumah Bonner7 (10b) 
Mehidy Hasan Miraz 6-0-11-2 
Shakib Al Hasan 3-0-6-1",19.6,1,1.0,"Mehidy Hasan Miraz to Mohammed, 1 run  .fuller on the stumps, Jason comes forward and drives it towards long-on",Mehidy Hasan Miraz,Mohammed,1.0,0,0,1,1,1.0,0,,1
"20.1 
• 
Shakib to Mohammed, no run 
tossed up around off, comes forward and blocks",20.1,0,0.0,"Shakib to Mohammed, no run  .tossed up around off, comes forward and blocks",Shakib,Mohammed,0.0,0,0,1,1,0.0,0,,0
"20.2 
1 
Shakib to Mohammed, 1 run 
fuller, just outside off, sweeps it towards backward square leg. Fifty comes up for West 
Indies",20.2,1,1.0,"Shakib to Mohammed, 1 run  .fuller, just outside off, sweeps it towards backward square leg. Fifty comes up for West  .Indies",Shakib,Mohammed,1.0,0,0,1,1,1.0,0,,1
"20.3 
• 
Shakib to Bonner, no run 
tossed up outside off, some turn as well, drives it towards cover",20.3,0,0.0,"Shakib to Bonner, no run  .tossed up outside off, some turn as well, drives it towards cover",Shakib,Bonner,0.0,0,0,1,1,0.0,0,,0
"20.4 
1 
Shakib to Bonner, 1 run 
length ball at the stumps, goes back and punches it towards sweeper cover",20.4,1,1.0,"Shakib to Bonner, 1 run  .length ball at the stumps, goes back and punches it towards sweeper cover",Shakib,Bonner,1.0,0,0,1,1,1.0,0,,1
"20.5 
1 
Shakib to Mohammed, 1 run 
short of length outside off, goes back and cuts it towards deep cover",20.5,1,1.0,"Shakib to Mohammed, 1 run  .short of length outside off, goes back and cuts it towards deep cover",Shakib,Mohammed,1.0,0,0,1,1,1.0,0,,1
"20.6 
1 
Shakib to Bonner, 1 run 
length ball at the stumps, goes deep and turns it towards square leg 
end of over 214 runs  
WI: 53/5CRR: 2.52  
Nkrumah Bonner9 (13b) 
Jason Mohammed5 (16b) 
Shakib Al Hasan 4-0-10-1 
Mehidy Hasan Miraz 6-0-11-2",20.6,1,1.0,"Shakib to Bonner, 1 run  .length ball at the stumps, goes deep and turns it towards square leg",Shakib,Bonner,1.0,0,0,1,1,1.0,0,,1
"21.1 
• 
Mehidy Hasan Miraz to Bonner, no run 
tossed up outside off, uses his feet and drives it towards cover",21.1,0,0.0,"Mehidy Hasan Miraz to Bonner, no run  .tossed up outside off, uses his feet and drives it towards cover",Mehidy Hasan Miraz,Bonner,0.0,0,0,1,1,0.0,0,,0
"21.2 
2 
Mehidy Hasan Miraz to Bonner, 2 runs 
length ball outside off, goes back and punches it behind point",21.2,2,2.0,"Mehidy Hasan Miraz to Bonner, 2 runs  .length ball outside off, goes back and punches it behind point",Mehidy Hasan Miraz,Bonner,2.0,0,0,1,1,2.0,0,,1
"21.3 
1 
Mehidy Hasan Miraz to Bonner, 1 run 
length ball at the stumps, flicked towards midwicket 
Zahid: ""Maybe it's bit too early to assume. I think this series is unfair for both countries. 
They should have postponed the series until some of the WI regular players could play."" 
--- I don't think Bangladesh would mind those World Cup Super League points",21.3,1,1.0,"Mehidy Hasan Miraz to Bonner, 1 run  .length ball at the stumps, flicked towards midwicket",Mehidy Hasan Miraz,Bonner,1.0,0,0,1,1,1.0,0,,1
"21.4 
• 
Mehidy Hasan Miraz to Mohammed, no run 
tossed up on the stumps, defended",21.4,0,0.0,"Mehidy Hasan Miraz to Mohammed, no run  .tossed up on the stumps, defended",Mehidy Hasan Miraz,Mohammed,0.0,0,0,1,1,0.0,0,,0
"21.5 
• 
Mehidy Hasan Miraz to Mohammed, no run 
flighted outside off, goes for the big drive without being to the pitch of the ball. Was in 
the air for a while on its way to mid-off",21.5,0,0.0,"Mehidy Hasan Miraz to Mohammed, no run  .flighted outside off, goes for the big drive without being to the pitch of the ball. Was in  .the air for a while on its way to mid-off",Mehidy Hasan Miraz,Mohammed,0.0,0,0,1,1,0.0,0,,0
"21.6 
• 
Mehidy Hasan Miraz to Mohammed, no run 
fuller around off, defended from the front foot 
Varahan: ""@Sumant, it's not Bangladesh fault if these are freebies and WI seniors chose 
not to come. They can only play the team that's in front of them."" 
end of over 223 runs  
WI: 56/5CRR: 2.54  
Jason Mohammed5 (19b) 
Nkrumah Bonner12 (16b) 
Mehidy Hasan Miraz 7-0-14-2 
Shakib Al Hasan 4-0-10-1 
Hasan Mahmud is back. One slip",21.6,0,0.0,"Mehidy Hasan Miraz to Mohammed, no run  .fuller around off, defended from the front foot",Mehidy Hasan Miraz,Mohammed,0.0,0,0,1,1,0.0,0,,0
"22.1 
1 
Hasan Mahmud to Bonner, 1 run 
length ball at the stumps, tucked away towards midwicket",22.1,1,1.0,"Hasan Mahmud to Bonner, 1 run  .length ball at the stumps, tucked away towards midwicket",Hasan Mahmud,Bonner,1.0,0,0,1,1,1.0,0,,1
"22.2 
2 
Hasan Mahmud to Mohammed, 2 runs 
length outside off, goes for the cut and gets a couple of runs to deep point. The 
sweeper cover stops it just inside",22.2,2,2.0,"Hasan Mahmud to Mohammed, 2 runs  .length outside off, goes for the cut and gets a couple of runs to deep point. The  .sweeper cover stops it just inside",Hasan Mahmud,Mohammed,2.0,0,0,1,1,2.0,0,,1
"22.3 
1w 
Hasan Mahmud to Mohammed, 1 wide 
straying down the leg side this time",22.3,1w,1.0,"Hasan Mahmud to Mohammed, 1 wide  .straying down the leg side this time",Hasan Mahmud,Mohammed,0.0,0,0,0,0,1.0,0,,1
"22.3 
2 
Hasan Mahmud to Mohammed, 2 runs 
length ball outside off, steered to the right of deep point for another couple",22.3,2,2.0,"Hasan Mahmud to Mohammed, 2 runs  .length ball outside off, steered to the right of deep point for another couple",Hasan Mahmud,Mohammed,2.0,0,0,1,1,2.0,0,,1
"22.4 
1 
Hasan Mahmud to Mohammed, 1 run 
length ball on the stumps, uses his wrists to work it towards deep square leg",22.4,1,1.0,"Hasan Mahmud to Mohammed, 1 run  .length ball on the stumps, uses his wrists to work it towards deep square leg",Hasan Mahmud,Mohammed,1.0,0,0,1,1,1.0,0,,1
"22.5 
• 
Hasan Mahmud to Bonner, no run 
length ball angling in towards the batsman, looks to drop and run but a good call by the 
non-striker to say no",22.5,0,0.0,"Hasan Mahmud to Bonner, no run  .length ball angling in towards the batsman, looks to drop and run but a good call by the  .non-striker to say no",Hasan Mahmud,Bonner,0.0,0,0,1,1,0.0,0,,0
"22.6 
1 
Hasan Mahmud to Bonner, 1 run 
length ball around off, tapped towards midwicket for one more 
end of over 238 runs  
WI: 64/5CRR: 2.78  
Nkrumah Bonner14 (19b) 
Jason Mohammed10 (22b) 
Hasan Mahmud 4-0-24-0 
Mehidy Hasan Miraz 7-0-14-2",22.6,1,1.0,"Hasan Mahmud to Bonner, 1 run  .length ball around off, tapped towards midwicket for one more",Hasan Mahmud,Bonner,1.0,0,0,1,1,1.0,0,,1
"23.1 
1 
Shakib to Bonner, 1 run 
fuller around off, driven inside out towards sweeper cover",23.1,1,1.0,"Shakib to Bonner, 1 run  .fuller around off, driven inside out towards sweeper cover",Shakib,Bonner,1.0,0,0,1,1,1.0,0,,1
"23.2 
• 
Shakib to Mohammed, no run 
fuller around off, pushed back from the front foot",23.2,0,0.0,"Shakib to Mohammed, no run  .fuller around off, pushed back from the front foot",Shakib,Mohammed,0.0,0,0,1,1,0.0,0,,0
"23.3 
1 
Shakib to Mohammed, 1 run 
length ball outside off, stays back and steers it towards backward point who makes a 
diving stop but cannot prevent the single",23.3,1,1.0,"Shakib to Mohammed, 1 run  .length ball outside off, stays back and steers it towards backward point who makes a  .diving stop but cannot prevent the single",Shakib,Mohammed,1.0,0,0,1,1,1.0,0,,1
"23.4 
1 
Shakib to Bonner, 1 run 
too full at the stumps this time, digs it out towards long-on",23.4,1,1.0,"Shakib to Bonner, 1 run  .too full at the stumps this time, digs it out towards long-on",Shakib,Bonner,1.0,0,0,1,1,1.0,0,,1
"23.5 
• 
Shakib to Mohammed, no run 
length ball on the pads, flicks it towards short fine leg",23.5,0,0.0,"Shakib to Mohammed, no run  .length ball on the pads, flicks it towards short fine leg",Shakib,Mohammed,0.0,0,0,1,1,0.0,0,,0
"23.6 
W 
Shakib to Mohammed, OUT 
arm ball from Shakib. Pitching on a length around off and coming in to beat the bat as 
Jason was looking to defend. Gets beaten on the inside edge. An appeal for lbw and 
given. Jason wants to review it after a bit of contemplation. Replays show there was no 
inside edge and it would have gone on to hit the top of middle 
Jason Mohammed lbw b Shakib Al Hasan 11 (26b 0x4 0x6 42m) SR:",23.6,W,0.0,"Shakib to Mohammed, OUT  .arm ball from Shakib. Pitching on a length around off and coming in to beat the bat as  .Jason was looking to defend. Gets beaten on the inside edge. An appeal for lbw and  .given. Jason wants to review it after a bit of contemplation. Replays show there was no  .inside edge and it would have gone on to hit the top of middle  .Jason Mohammed lbw b Shakib Al Hasan 11 (26b 0x4 0x6 42m) SR:",Shakib,Mohammed,0.0,0,0,1,1,0.0,1,lbw b Shakib Al Hasan,0
"24.1 
4 
Hasan Mahmud to Bonner, FOUR runs 
short of length outside off, cuts it hard, finds the gap between cover and point and the 
sweeper had no chance to stop it",24.1,4,4.0,"Hasan Mahmud to Bonner, FOUR runs  .short of length outside off, cuts it hard, finds the gap between cover and point and the  .sweeper had no chance to stop it",Hasan Mahmud,Bonner,4.0,1,0,1,1,4.0,0,,1
"24.2 
• 
Hasan Mahmud to Bonner, no run 
length ball at the stumps, defended from the front foot",24.2,0,0.0,"Hasan Mahmud to Bonner, no run  .length ball at the stumps, defended from the front foot",Hasan Mahmud,Bonner,0.0,0,0,1,1,0.0,0,,0
"24.3 
• 
Hasan Mahmud to Bonner, no run 
length ball at the stumps, defended from the back foot 
Mossy: ""Just a stat on Jason Mohammed: His career average in List A cricket has 
consistently been 40-45 since around 2010. He has one of the best List A averages of 
current WI players. It's amazing that a decade later he still can't cement a place in the 
ODI team.""",24.3,0,0.0,"Hasan Mahmud to Bonner, no run  .length ball at the stumps, defended from the back foot",Hasan Mahmud,Bonner,0.0,0,0,1,1,0.0,0,,0
"24.4 
W 
Hasan Mahmud to Bonner, OUT 
chopped on. A length ball outside off, Bonner looks to cut it again but gets the bottom 
edge and clatters into the stumps. He is disappointed as West Indies lose their seventh 
wicket 
Nkrumah Bonner b Hasan Mahmud 20 (25b 1x4 0x6 29m) SR: 80 
Debayan is back for another stint 
Thanks Hemant. Unenviable task ahead of the lower order here",24.4,W,0.0,"Hasan Mahmud to Bonner, OUT  .chopped on. A length ball outside off, Bonner looks to cut it again but gets the bottom  .edge and clatters into the stumps. He is disappointed as West Indies lose their seventh  .wicket  .Nkrumah Bonner b Hasan Mahmud 20 (25b 1x4 0x6 29m) SR: 80",Hasan Mahmud,Bonner,0.0,0,0,1,1,0.0,1,b Hasan Mahmud,0
"24.5 
1w 
Hasan Mahmud to Reifer, 1 wide 
length, starts from outside off, and moves further away, called a wide 
Comes around the wicket now",24.5,1w,1.0,"Hasan Mahmud to Reifer, 1 wide  .length, starts from outside off, and moves further away, called a wide  .Comes around the wicket now",Hasan Mahmud,Reifer,0.0,0,0,0,0,1.0,0,,1
"24.5 
• 
Hasan Mahmud to Reifer, no run 
fuller, defended with a little forward press",24.5,0,0.0,"Hasan Mahmud to Reifer, no run  .fuller, defended with a little forward press",Hasan Mahmud,Reifer,0.0,0,0,1,1,0.0,0,,0
"24.6 
• 
Hasan Mahmud to Reifer, no run 
length, around off, and forces him to get behind the line and defend. Just a bit of seam 
movement as it straightens, but he does well to cover it 
end of over 255 runs • 1 wicket 
WI: 72/7CRR: 2.88  
Raymon Reifer0 (2b) 
Rovman Powell0 (0b) 
Hasan Mahmud 5-0-29-1 
Shakib Al Hasan 5-0-13-2 
Shakib to continue",24.6,0,0.0,"Hasan Mahmud to Reifer, no run  .length, around off, and forces him to get behind the line and defend. Just a bit of seam  .movement as it straightens, but he does well to cover it",Hasan Mahmud,Reifer,0.0,0,0,1,1,0.0,0,,0
"25.1 
• 
Shakib to Powell, no run 
fuller, straighter, and driven back to the bowler 
Anubhab Mukherj: ""So the warm-ups turned out to be pretty one-sided. When does the 
ODI series start?""",25.1,0,0.0,"Shakib to Powell, no run  .fuller, straighter, and driven back to the bowler",Shakib,Powell,0.0,0,0,1,1,0.0,0,,0
"25.2 
1 
Shakib to Powell, 1 run 
tossed up around off, driven to cover",25.2,1,1.0,"Shakib to Powell, 1 run  .tossed up around off, driven to cover",Shakib,Powell,1.0,0,0,1,1,1.0,0,,1
"25.3 
• 
Shakib to Reifer, no run 
length, stretches forward to defend",25.3,0,0.0,"Shakib to Reifer, no run  .length, stretches forward to defend",Shakib,Reifer,0.0,0,0,1,1,0.0,0,,0
"25.4 
• 
Shakib to Reifer, no run 
fired through a bit quicker, and beats him with an intended drive",25.4,0,0.0,"Shakib to Reifer, no run  .fired through a bit quicker, and beats him with an intended drive",Shakib,Reifer,0.0,0,0,1,1,0.0,0,,0
"25.5 
• 
Shakib to Reifer, no run 
stretches forward to block one around off",25.5,0,0.0,"Shakib to Reifer, no run  .stretches forward to block one around off",Shakib,Reifer,0.0,0,0,1,1,0.0,0,,0
"25.6 
• 
Shakib to Reifer, no run 
works it off his pads, but cannot beat square leg 
Ranveer Pandit: ""Does Shakib need only 5 more wickets to become Bangladesh's 
highest wicket-taker in ODI'S??"" --- Silver lining for West Indies, he can't do it today 
end of over 261 run  
WI: 73/7CRR: 2.80  
Raymon Reifer0 (6b) 
Rovman Powell1 (2b) 
Shakib Al Hasan 6-0-14-2 
Hasan Mahmud 5-0-29-1",25.6,0,0.0,"Shakib to Reifer, no run  .works it off his pads, but cannot beat square leg",Shakib,Reifer,0.0,0,0,1,1,0.0,0,,0
"26.1 
• 
Hasan Mahmud to Powell, no run 
length, played towards gully with an open face of the bat 
Samin Rahman: ""I was just staying awake (1:19am here) for some scintillating and 
ruthless Bangladeshi batting. Guess I'll just go to sleep""",26.1,0,0.0,"Hasan Mahmud to Powell, no run  .length, played towards gully with an open face of the bat",Hasan Mahmud,Powell,0.0,0,0,1,1,0.0,0,,0
"26.2 
• 
Hasan Mahmud to Powell, no run 
length, gets behind the line to defend with a dead bat",26.2,0,0.0,"Hasan Mahmud to Powell, no run  .length, gets behind the line to defend with a dead bat",Hasan Mahmud,Powell,0.0,0,0,1,1,0.0,0,,0
"26.3 
4 
Hasan Mahmud to Powell, FOUR runs 
length, angles into him, and he plays this through the midwicket region. Good balance, 
as he transferred his weight moving forward. Superb placement",26.3,4,4.0,"Hasan Mahmud to Powell, FOUR runs  .length, angles into him, and he plays this through the midwicket region. Good balance,  .as he transferred his weight moving forward. Superb placement",Hasan Mahmud,Powell,4.0,1,0,1,1,4.0,0,,1
"26.4 
• 
Hasan Mahmud to Powell, no run 
back of a length, and defended to point 
Imam: ""I think we all can be a little generous to WI players. It is not particularly easy for 
debutants to play in these foreign conditions, especially when there is barely any 
protection in the form of senior players. "" --- Completely agree. To further compound 
their problems, the Bangaldesh seamers have also bowled really well. Led superbly by 
Mustafizur, and we are seeing a potential future star in Hasan Mahmud",26.4,0,0.0,"Hasan Mahmud to Powell, no run  .back of a length, and defended to point",Hasan Mahmud,Powell,0.0,0,0,1,1,0.0,0,,0
"26.5 
1 
Hasan Mahmud to Powell, 1 run 
back of a length, outside off, and steered to third man",26.5,1,1.0,"Hasan Mahmud to Powell, 1 run  .back of a length, outside off, and steered to third man",Hasan Mahmud,Powell,1.0,0,0,1,1,1.0,0,,1
"26.6 
1w 
Hasan Mahmud to Reifer, 1 wide 
fuller, and it strays down leg as he looks to whip it away",26.6,1w,1.0,"Hasan Mahmud to Reifer, 1 wide  .fuller, and it strays down leg as he looks to whip it away",Hasan Mahmud,Reifer,0.0,0,0,0,0,1.0,0,,1
"26.6 
• 
Hasan Mahmud to Reifer, no run 
short, and he hops to defend this one, dropping it dead by his feet 
end of over 276 runs  
WI: 79/7CRR: 2.92  
Raymon Reifer0 (7b) 
Rovman Powell6 (7b 1x4) 
Hasan Mahmud 6-0-35-1 
Shakib Al Hasan 6-0-14-2 
Here's an interesting statistical milestone Bangladesh can set for themselves. They can 
become the second team after Australia to have dismissed West Indies for two sub-100 
totals in this format",26.6,0,0.0,"Hasan Mahmud to Reifer, no run  .short, and he hops to defend this one, dropping it dead by his feet",Hasan Mahmud,Reifer,0.0,0,0,1,1,0.0,0,,0
"27.1 
• 
Shakib to Powell, no run 
driven to cover with the spin",27.1,0,0.0,"Shakib to Powell, no run  .driven to cover with the spin",Shakib,Powell,0.0,0,0,1,1,0.0,0,,0
"27.2 
1 
Shakib to Powell, 1 run 
eased to long-on",27.2,1,1.0,"Shakib to Powell, 1 run  .eased to long-on",Shakib,Powell,1.0,0,0,1,1,1.0,0,,1
"27.3 
1 
Shakib to Reifer, 1 run 
drives this wide of mid-off, and they can pick up a quick single",27.3,1,1.0,"Shakib to Reifer, 1 run  .drives this wide of mid-off, and they can pick up a quick single",Shakib,Reifer,1.0,0,0,1,1,1.0,0,,1
"27.4 
1 
Shakib to Powell, 1 run 
driven down the ground to long-on",27.4,1,1.0,"Shakib to Powell, 1 run  .driven down the ground to long-on",Shakib,Powell,1.0,0,0,1,1,1.0,0,,1
"27.5 
• 
Shakib to Reifer, no run 
worked off his legs towards square leg",27.5,0,0.0,"Shakib to Reifer, no run  .worked off his legs towards square leg",Shakib,Reifer,0.0,0,0,1,1,0.0,0,,0
"27.6 
• 
Shakib to Reifer, no run 
length, goes back to defend 
Aryann: ""Future star? He's going at 6 per over against THIS West Indian team."" --- Varun 
says something similar. I don't think one should look at numbers alone. It's more about 
the basic technique and the streetsmartness shown. I give him ticks on those counts 
end of over 283 runs  
WI: 82/7CRR: 2.92  
Raymon Reifer1 (10b) 
Rovman Powell8 (10b 1x4) 
Shakib Al Hasan 7-0-17-2 
Hasan Mahmud 6-0-35-1 
Mossy: ""The real batting is still to come. Joseph made 86 against NZ recently, and the 
number 11 has a FC century."" 
Rubel returns",27.6,0,0.0,"Shakib to Reifer, no run  .length, goes back to defend",Shakib,Reifer,0.0,0,0,1,1,0.0,0,,0
"28.1 
4 
Rubel to Powell, FOUR runs 
short of a length, and he rocks back and slaps this through the mid-wicket region",28.1,4,4.0,"Rubel to Powell, FOUR runs  .short of a length, and he rocks back and slaps this through the mid-wicket region",Rubel,Powell,4.0,1,0,1,1,4.0,0,,1
"28.2 
• 
Rubel to Powell, no run 
fuller, and he defends with a forward press towards mid-wicket",28.2,0,0.0,"Rubel to Powell, no run  .fuller, and he defends with a forward press towards mid-wicket",Rubel,Powell,0.0,0,0,1,1,0.0,0,,0
"28.3 
• 
Rubel to Powell, no run 
raps him on the pads with a delivery seaming in from middle. Probably going down leg, 
but did beat him for pace as he looked to flick this",28.3,0,0.0,"Rubel to Powell, no run  .raps him on the pads with a delivery seaming in from middle. Probably going down leg,  .but did beat him for pace as he looked to flick this",Rubel,Powell,0.0,0,0,1,1,0.0,0,,0
"28.4 
• 
Rubel to Powell, no run 
short, but he doesn't get a hold of an intended jab through mid-wicket. Easy bit of 
fielding at short mid-wicket",28.4,0,0.0,"Rubel to Powell, no run  .short, but he doesn't get a hold of an intended jab through mid-wicket. Easy bit of  .fielding at short mid-wicket",Rubel,Powell,0.0,0,0,1,1,0.0,0,,0
"28.5 
• 
Rubel to Powell, no run 
back of a length, around off, and he defends this with a dead bat. Drops on the off side",28.5,0,0.0,"Rubel to Powell, no run  .back of a length, around off, and he defends this with a dead bat. Drops on the off side",Rubel,Powell,0.0,0,0,1,1,0.0,0,,0
"28.6 
• 
Rubel to Powell, no run 
length, a bit of late in swing, but he comes forward to defend this close to his body 
end of over 294 runs  
WI: 86/7CRR: 2.96  
Rovman Powell12 (16b 2x4) 
Raymon Reifer1 (10b) 
Rubel Hossain 5-0-17-0 
Shakib Al Hasan 7-0-17-2 
Mehidy returns",28.6,0,0.0,"Rubel to Powell, no run  .length, a bit of late in swing, but he comes forward to defend this close to his body",Rubel,Powell,0.0,0,0,1,1,0.0,0,,0
"29.1 
1 
Mehidy Hasan Miraz to Reifer, 1 run 
goes back and drives this to long-on",29.1,1,1.0,"Mehidy Hasan Miraz to Reifer, 1 run  .goes back and drives this to long-on",Mehidy Hasan Miraz,Reifer,1.0,0,0,1,1,1.0,0,,1
"29.2 
• 
Mehidy Hasan Miraz to Powell, no run 
length, around off, and he presses forward to defend",29.2,0,0.0,"Mehidy Hasan Miraz to Powell, no run  .length, around off, and he presses forward to defend",Mehidy Hasan Miraz,Powell,0.0,0,0,1,1,0.0,0,,0
"29.3 
1 
Mehidy Hasan Miraz to Powell, 1 run 
length, around off, and he presses forward to defend. Off the inner edge as it spins a bit 
extra, and runs off towards short fine leg. There's enough time to take a single, though",29.3,1,1.0,"Mehidy Hasan Miraz to Powell, 1 run  .length, around off, and he presses forward to defend. Off the inner edge as it spins a bit  .extra, and runs off towards short fine leg. There's enough time to take a single, though",Mehidy Hasan Miraz,Powell,1.0,0,0,1,1,1.0,0,,1
"29.4 
W 
Mehidy Hasan Miraz to Reifer, OUT 
this has straightened after pitching around middle and leg. Seems to have struck him in 
line. Will they review this? It's not been given, but Bangladesh have reviewed. Teasing 
line, just pitching and straightening. Has it spun enough to hit the stumps in the 
projection though? Reifer was stretching to defend, and just played outside the line of 
the ball. All down to the tracker now...and it's three reds there! 
Raymon Reifer lbw b Mehidy Hasan Miraz 2 (12b 0x4 0x6 21m) SR: 16.66 
Meanwhile, here's a little input from Isam: ""Regardless of the quality of West Indies' 
batting, the accuracy shown by Mustafizur Rahman and Rubel Hossain is a remarkable 
improvement. It is a good advertisement for a sudden surge in pace bowling across 
Bangladesh cricket, that their two top pace bowlers are doing exactly what all of them 
have started since this October. They have shown much improved fitness, and each one 
of them, starting from Mustafiz, Rubel and Taskin, to even newcomers like Hasan 
Mahmud and Shorfiul Islam, have showed progress in their skillset. A large majority of 
pace bowlers were among the top ten wicket-takers in both recent domestic 
tournaments, and it is now hoped that the momentum is carried into the international 
stage.""",29.4,W,0.0,"Mehidy Hasan Miraz to Reifer, OUT  .this has straightened after pitching around middle and leg. Seems to have struck him in  .line. Will they review this? It's not been given, but Bangladesh have reviewed. Teasing  .line, just pitching and straightening. Has it spun enough to hit the stumps in the  .projection though? Reifer was stretching to defend, and just played outside the line of  .the ball. All down to the tracker now...and it's three reds there!  .Raymon Reifer lbw b Mehidy Hasan Miraz 2 (12b 0x4 0x6 21m) SR: 16.66",Mehidy Hasan Miraz,Reifer,0.0,0,0,1,1,0.0,1,lbw b Mehidy Hasan Miraz,0
"29.5 
• 
Mehidy Hasan Miraz to Alzarri Joseph, no run 
tossed up, teasing Joseph, the new man, who presses forward to defend",29.5,0,0.0,"Mehidy Hasan Miraz to Alzarri Joseph, no run  .tossed up, teasing Joseph, the new man, who presses forward to defend",Mehidy Hasan Miraz,Alzarri Joseph,0.0,0,0,1,1,0.0,0,,0
"29.6 
• 
Mehidy Hasan Miraz to Alzarri Joseph, no run 
length, around off, and this time he goes deep inside the crease to defend 
So a sub-100 total is still on track. It's a surreal situation for someone like me, who grew 
up in the late 80s looking at West Indies as an almost insurmountable obstacle across 
formats! 
end of over 302 runs • 1 wicket 
WI: 88/8CRR: 2.93  
Alzarri Joseph0 (2b) 
Rovman Powell13 (18b 2x4) 
Mehidy Hasan Miraz 8-0-16-3 
Rubel Hossain 5-0-17-0",29.6,0,0.0,"Mehidy Hasan Miraz to Alzarri Joseph, no run  .length, around off, and this time he goes deep inside the crease to defend  .So a sub-100 total is still on track. It's a surreal situation for someone like me, who grew  .up in the late 80s looking at West Indies as an almost insurmountable obstacle across  .formats!",Mehidy Hasan Miraz,Alzarri Joseph,0.0,0,0,1,1,0.0,0,,0
"30.1 
• 
Rubel to Powell, no run 
length, around off, and he looks to steer this towards third man. Off the inner edge, and 
drops on the ground, before Rahim can collect to his right",30.1,0,0.0,"Rubel to Powell, no run  .length, around off, and he looks to steer this towards third man. Off the inner edge, and  .drops on the ground, before Rahim can collect to his right",Rubel,Powell,0.0,0,0,1,1,0.0,0,,0
"30.2 
1 
Rubel to Powell, 1 run 
wide outside off, and this time he nails that little steer to third man",30.2,1,1.0,"Rubel to Powell, 1 run  .wide outside off, and this time he nails that little steer to third man",Rubel,Powell,1.0,0,0,1,1,1.0,0,,1
"30.3 
• 
Rubel to Alzarri Joseph, no run 
back of a length, defended comfortably with a little hop as it seams into him",30.3,0,0.0,"Rubel to Alzarri Joseph, no run  .back of a length, defended comfortably with a little hop as it seams into him",Rubel,Alzarri Joseph,0.0,0,0,1,1,0.0,0,,0
"30.4 
1 
Rubel to Alzarri Joseph, 1 run 
short in length, and he plays it towards cover-point and gets off the mark",30.4,1,1.0,"Rubel to Alzarri Joseph, 1 run  .short in length, and he plays it towards cover-point and gets off the mark",Rubel,Alzarri Joseph,1.0,0,0,1,1,1.0,0,,1
"30.5 
1 
Rubel to Powell, 1 run 
length, around off, and he taps it ahead of point and takes a quick single 
Subrata: ""Next time BD needs to bat first, no matter whoever is winning the toss. Need 
to see some cracking boundaries as well."" --- Thing is, I don't think this pitch has played 
as well as Mirpur typically does. That said, Chattogram could have a different set of 
conditions altogether",30.5,1,1.0,"Rubel to Powell, 1 run  .length, around off, and he taps it ahead of point and takes a quick single",Rubel,Powell,1.0,0,0,1,1,1.0,0,,1
"30.6 
• 
Rubel to Alzarri Joseph, no run 
goes back and punches one to point 
end of over 313 runs  
WI: 91/8CRR: 2.93  
Alzarri Joseph1 (5b) 
Rovman Powell15 (21b 2x4) 
Rubel Hossain 6-0-20-0 
Mehidy Hasan Miraz 8-0-16-3",30.6,0,0.0,"Rubel to Alzarri Joseph, no run  .goes back and punches one to point",Rubel,Alzarri Joseph,0.0,0,0,1,1,0.0,0,,0
"31.1 
• 
Mehidy Hasan Miraz to Powell, no run 
length, around off, and he presses forward to defend",31.1,0,0.0,"Mehidy Hasan Miraz to Powell, no run  .length, around off, and he presses forward to defend",Mehidy Hasan Miraz,Powell,0.0,0,0,1,1,0.0,0,,0
"31.2 
• 
Mehidy Hasan Miraz to Powell, no run 
length, and he presses forward again to block 
How long will Powell be able to keep his patience going?",31.2,0,0.0,"Mehidy Hasan Miraz to Powell, no run  .length, and he presses forward again to block  .How long will Powell be able to keep his patience going?",Mehidy Hasan Miraz,Powell,0.0,0,0,1,1,0.0,0,,0
"31.3 
6 
Mehidy Hasan Miraz to Powell, SIX runs 
we have our answer. Just a couple of steps down the wicket, and then goes big straight 
back over the bowler's head. Same line and length, and that allows Powell to pre-empt 
the stroke",31.3,6,6.0,"Mehidy Hasan Miraz to Powell, SIX runs  .we have our answer. Just a couple of steps down the wicket, and then goes big straight  .back over the bowler's head. Same line and length, and that allows Powell to pre-empt  .the stroke",Mehidy Hasan Miraz,Powell,6.0,0,1,1,1,6.0,0,,1
"31.4 
• 
Mehidy Hasan Miraz to Powell, no run 
goes back to a flatter ball, flicked to short mid-wicket",31.4,0,0.0,"Mehidy Hasan Miraz to Powell, no run  .goes back to a flatter ball, flicked to short mid-wicket",Mehidy Hasan Miraz,Powell,0.0,0,0,1,1,0.0,0,,0
"31.5 
• 
Mehidy Hasan Miraz to Powell, no run 
presses forward to defend one around off 
Mashur: ""Where almost all teams are playing now, I wonder what the seniors of WI 
made them think that they can afford such luxury to not play this series which would be 
counted for World Cup qualification? Don't they care about World Cup or what?""",31.5,0,0.0,"Mehidy Hasan Miraz to Powell, no run  .presses forward to defend one around off",Mehidy Hasan Miraz,Powell,0.0,0,0,1,1,0.0,0,,0
"31.6 
1 
Mehidy Hasan Miraz to Powell, 1 run 
drives one that's around off, wide of cover-point, for an easy single 
end of over 327 runs  
WI: 98/8CRR: 3.06  
Rovman Powell22 (27b 2x4 1x6) 
Alzarri Joseph1 (5b) 
Mehidy Hasan Miraz 9-0-23-3 
Rubel Hossain 6-0-20-0 
Shakib",31.6,1,1.0,"Mehidy Hasan Miraz to Powell, 1 run  .drives one that's around off, wide of cover-point, for an easy single",Mehidy Hasan Miraz,Powell,1.0,0,0,1,1,1.0,0,,1
"32.1 
1 
Shakib to Powell, 1 run 
length, and he goes back to drive this wide of point 
Mohan: ""Hope tail enders show how to bat in this pitch. Just bat overs, bat time. Target 
150.""",32.1,1,1.0,"Shakib to Powell, 1 run  .length, and he goes back to drive this wide of point",Shakib,Powell,1.0,0,0,1,1,1.0,0,,1
"32.2 
4 
Shakib to Alzarri Joseph, FOUR runs 
Alzarri Joseph tonks this one over mid-on. There's nobody at long-on, and he can use 
his reach to get to the pitch of it, and go against the turn. Not off the middle, but good 
enough 
That also brings up the 100 for West Indies",32.2,4,4.0,"Shakib to Alzarri Joseph, FOUR runs  .Alzarri Joseph tonks this one over mid-on. There's nobody at long-on, and he can use  .his reach to get to the pitch of it, and go against the turn. Not off the middle, but good  .enough  .That also brings up the 100 for West Indies",Shakib,Alzarri Joseph,4.0,1,0,1,1,4.0,0,,1
"32.3 
1 
Shakib to Alzarri Joseph, 1 run 
pushed through covers towards teh sweeper",32.3,1,1.0,"Shakib to Alzarri Joseph, 1 run  .pushed through covers towards teh sweeper",Shakib,Alzarri Joseph,1.0,0,0,1,1,1.0,0,,1
"32.4 
• 
Shakib to Powell, no run 
sharp turn, from just around middle and off, and Powell does well to adjust his wrists 
late and defend",32.4,0,0.0,"Shakib to Powell, no run  .sharp turn, from just around middle and off, and Powell does well to adjust his wrists  .late and defend",Shakib,Powell,0.0,0,0,1,1,0.0,0,,0
"32.5 
1 
Shakib to Powell, 1 run 
driven against the spin, towards long-on",32.5,1,1.0,"Shakib to Powell, 1 run  .driven against the spin, towards long-on",Shakib,Powell,1.0,0,0,1,1,1.0,0,,1
"32.6 
• 
Shakib to Alzarri Joseph, no run 
defended towards short mid-wicket 
end of over 337 runs  
WI: 105/8CRR: 3.18  
Alzarri Joseph6 (8b 1x4) 
Rovman Powell24 (30b 2x4 1x6) 
Shakib Al Hasan 8-0-24-2 
Mehidy Hasan Miraz 9-0-23-3 
mitrashankar bi: ""Is the West indies team on stirke? What sort of a line up is this? Or is it 
that the bangla attack have suddenly become the most potent in the world? What's the 
meaning of such a series? Reduces the importance of the already diminishing ODI 
format! P.S: What does it take to get your comments published on cricinfo?"" --- So many 
questions, such little time... 
Tamim turns to Mustafizur again",32.6,0,0.0,"Shakib to Alzarri Joseph, no run  .defended towards short mid-wicket",Shakib,Alzarri Joseph,0.0,0,0,1,1,0.0,0,,0
"33.1 
• 
Mustafizur to Powell, no run 
starts with a fuller ball, cutter around leg, and strikes him on the pad as he shapes to 
defend. Appeal for leg before, but would have pitched outside leg",33.1,0,0.0,"Mustafizur to Powell, no run  .starts with a fuller ball, cutter around leg, and strikes him on the pad as he shapes to  .defend. Appeal for leg before, but would have pitched outside leg",Mustafizur,Powell,0.0,0,0,1,1,0.0,0,,0
"33.2 
• 
Mustafizur to Powell, no run 
slow cutter, angles across him, and beats the outside edge again. Bounces on its way 
through to Rahim 
The bowler sports a cheeky grin 
Now has a short gully catching for those cutters",33.2,0,0.0,"Mustafizur to Powell, no run  .slow cutter, angles across him, and beats the outside edge again. Bounces on its way  .through to Rahim  .The bowler sports a cheeky grin  .Now has a short gully catching for those cutters",Mustafizur,Powell,0.0,0,0,1,1,0.0,0,,0
"33.3 
• 
Mustafizur to Powell, no run 
length, angles across him, probably rolling his fingers across the seam. Powell defends 
with a forward press",33.3,0,0.0,"Mustafizur to Powell, no run  .length, angles across him, probably rolling his fingers across the seam. Powell defends  .with a forward press",Mustafizur,Powell,0.0,0,0,1,1,0.0,0,,0
"33.4 
• 
Mustafizur to Powell, no run 
length, around leg and middle, and he defends 
Abhijato: ""Imagine if these two somehow drag the score to a respectable one, and the 
Windies bowlers realise this pitch has something to offer their skills ..."" --- In cricket, as 
in life, never say never",33.4,0,0.0,"Mustafizur to Powell, no run  .length, around leg and middle, and he defends",Mustafizur,Powell,0.0,0,0,1,1,0.0,0,,0
"33.5 
1 
Mustafizur to Powell, 1 run 
fuller, slower, and he reads this well. Presses forward to tap this towards point, and 
Joseph responds to his call for a quick single",33.5,1,1.0,"Mustafizur to Powell, 1 run  .fuller, slower, and he reads this well. Presses forward to tap this towards point, and  .Joseph responds to his call for a quick single",Mustafizur,Powell,1.0,0,0,1,1,1.0,0,,1
"33.6 
• 
Mustafizur to Alzarri Joseph, no run 
back of a length, angles across him, and he hangs back to defend 
Time for a drink for the players 
Dheeraj : ""It's ironic that in July, WI was praised for sending a team to england mid covid 
and now they are being criticised for sending a second string squad."" ---- I think any 
team that goes anywhere to play during or since March 2020 deserves praise. 
Irrespective of the perceived strength or depth 
""@Mitrashankar - The Windies team's first-choice players have opted out of this tour 
over fears of COVID and bio-bubble fatigue. This series hasn't been competitive enough 
but then you can't fault either team for trying their best. And finally, get on Cricinfo by 
answering other people's doubts!"" ---- Abhijato is as effective with his words, as the 
Bangladesh spinners have been with the ball today 
end of over 341 run  
WI: 106/8CRR: 3.11  
Alzarri Joseph6 (9b 1x4) 
Rovman Powell25 (35b 2x4 1x6) 
Mustafizur Rahman 5-2-3-1 
Shakib Al Hasan 8-0-24-2",33.6,0,0.0,"Mustafizur to Alzarri Joseph, no run  .back of a length, angles across him, and he hangs back to defend  .Time for a drink for the players",Mustafizur,Alzarri Joseph,0.0,0,0,1,1,0.0,0,,0
"34.1 
• 
Shakib to Powell, no run 
length, and he defends with a forward press to one pitching around off",34.1,0,0.0,"Shakib to Powell, no run  .length, and he defends with a forward press to one pitching around off",Shakib,Powell,0.0,0,0,1,1,0.0,0,,0
"34.2 
• 
Shakib to Powell, no run 
holds this one back a touch, and gets it to turn across from outside off, beating the 
outside edge, as Powell looks to defend",34.2,0,0.0,"Shakib to Powell, no run  .holds this one back a touch, and gets it to turn across from outside off, beating the  .outside edge, as Powell looks to defend",Shakib,Powell,0.0,0,0,1,1,0.0,0,,0
"34.3 
• 
Shakib to Powell, no run 
defended back down the wicket",34.3,0,0.0,"Shakib to Powell, no run  .defended back down the wicket",Shakib,Powell,0.0,0,0,1,1,0.0,0,,0
"34.4 
1 
Shakib to Powell, 1 run 
slow, flighted delivery close to the batsman, who goes back and drives to long-on",34.4,1,1.0,"Shakib to Powell, 1 run  .slow, flighted delivery close to the batsman, who goes back and drives to long-on",Shakib,Powell,1.0,0,0,1,1,1.0,0,,1
"34.5 
4 
Shakib to Alzarri Joseph, FOUR runs 
down the wicket, and uses his reach to get one thrown wider by Shakib in response. 
Across the line, but good enough to clear mid-on",34.5,4,4.0,"Shakib to Alzarri Joseph, FOUR runs  .down the wicket, and uses his reach to get one thrown wider by Shakib in response.  .Across the line, but good enough to clear mid-on",Shakib,Alzarri Joseph,4.0,1,0,1,1,4.0,0,,1
"34.6 
• 
Shakib to Alzarri Joseph, no run 
flatter, quicker, around off, and he covers the line to defend 
end of over 355 runs  
WI: 111/8CRR: 3.17  
Alzarri Joseph10 (11b 2x4) 
Rovman Powell26 (39b 2x4 1x6) 
Shakib Al Hasan 9-0-29-2 
Mustafizur Rahman 5-2-3-1",34.6,0,0.0,"Shakib to Alzarri Joseph, no run  .flatter, quicker, around off, and he covers the line to defend",Shakib,Alzarri Joseph,0.0,0,0,1,1,0.0,0,,0
"35.1 
• 
Mustafizur to Powell, no run 
length, angles across him with a change of pace, and he lets it go past his blade",35.1,0,0.0,"Mustafizur to Powell, no run  .length, angles across him with a change of pace, and he lets it go past his blade",Mustafizur,Powell,0.0,0,0,1,1,0.0,0,,0
"35.2 
1 
Mustafizur to Powell, 1 run 
length, around off and middle, and he is able to work this off the back foot towards long-
on 
Jahid Masud: ""Calm down, people! Bangladesh lost 4 wickets chasing 125 in 1st ODI. If 
WI can put up 170 on the board I see a fight here. You never know.""",35.2,1,1.0,"Mustafizur to Powell, 1 run  .length, around off and middle, and he is able to work this off the back foot towards long- .on",Mustafizur,Powell,1.0,0,0,1,1,1.0,0,,1
"35.3 
1 
Mustafizur to Alzarri Joseph, 1 run 
slower ball, around leg and middle, and he eases this towards mid-on, and picks up a 
quick single 
Subrata: ""Technically, this is the longest innings so far in this series. One positive thing 
from the WI side.""",35.3,1,1.0,"Mustafizur to Alzarri Joseph, 1 run  .slower ball, around leg and middle, and he eases this towards mid-on, and picks up a  .quick single",Mustafizur,Alzarri Joseph,1.0,0,0,1,1,1.0,0,,1
"35.4 
1 
Mustafizur to Powell, 1 run 
works a slower ball off his hips towards square leg",35.4,1,1.0,"Mustafizur to Powell, 1 run  .works a slower ball off his hips towards square leg",Mustafizur,Powell,1.0,0,0,1,1,1.0,0,,1
"35.5 
4 
Mustafizur to Alzarri Joseph, FOUR runs 
fuller, driven handsomely through the cover region. Keeps deep point interested, but 
eventually the ball wins 
The best partnership of this innings. There were two worth 26 before this!",35.5,4,4.0,"Mustafizur to Alzarri Joseph, FOUR runs  .fuller, driven handsomely through the cover region. Keeps deep point interested, but  .eventually the ball wins  .The best partnership of this innings. There were two worth 26 before this!",Mustafizur,Alzarri Joseph,4.0,1,0,1,1,4.0,0,,1
"35.6 
1 
Mustafizur to Alzarri Joseph, 1 run 
fuller, squirted to deep point with an open face of the bat 
Tasmeem: ""I think the pitch has played way better than the first ODI. The sun is out, so it 
will play even better as the day progresses. It's a lot more about the skills of the 
batsmen than demons in the pitch."" --- That day had its own challenges. Much will 
depend on how the West Indies bowlers go on this surface. But they definitely need 
something on the board to fight with 
end of over 368 runs  
WI: 119/8CRR: 3.30  
Alzarri Joseph16 (14b 3x4) 
Rovman Powell28 (42b 2x4 1x6) 
Mustafizur Rahman 6-2-11-1 
Shakib Al Hasan 9-0-29-2",35.6,1,1.0,"Mustafizur to Alzarri Joseph, 1 run  .fuller, squirted to deep point with an open face of the bat",Mustafizur,Alzarri Joseph,1.0,0,0,1,1,1.0,0,,1
"36.1 
• 
Shakib to Alzarri Joseph, no run 
length, stretches forward to drive it back to the bowler",36.1,0,0.0,"Shakib to Alzarri Joseph, no run  .length, stretches forward to drive it back to the bowler",Shakib,Alzarri Joseph,0.0,0,0,1,1,0.0,0,,0
"36.2 
• 
Shakib to Alzarri Joseph, no run 
length, goes back to defend this",36.2,0,0.0,"Shakib to Alzarri Joseph, no run  .length, goes back to defend this",Shakib,Alzarri Joseph,0.0,0,0,1,1,0.0,0,,0
"36.3 
• 
Shakib to Alzarri Joseph, no run 
length, and he goes back to punch this to cover",36.3,0,0.0,"Shakib to Alzarri Joseph, no run  .length, and he goes back to punch this to cover",Shakib,Alzarri Joseph,0.0,0,0,1,1,0.0,0,,0
"36.4 
1 
Shakib to Alzarri Joseph, 1 run 
tossed up, outside off, and he glides this through the cover-point region",36.4,1,1.0,"Shakib to Alzarri Joseph, 1 run  .tossed up, outside off, and he glides this through the cover-point region",Shakib,Alzarri Joseph,1.0,0,0,1,1,1.0,0,,1
"36.5 
• 
Shakib to Powell, no run 
wide of the crease, angles back into Powell, who plays it to short mid-wicket with the 
angle, off the back foot",36.5,0,0.0,"Shakib to Powell, no run  .wide of the crease, angles back into Powell, who plays it to short mid-wicket with the  .angle, off the back foot",Shakib,Powell,0.0,0,0,1,1,0.0,0,,0
"36.6 
• 
Shakib to Powell, no run 
defended to cover 
end of over 371 run  
WI: 120/8CRR: 3.24  
Rovman Powell28 (44b 2x4 1x6) 
Alzarri Joseph17 (18b 3x4) 
Shakib Al Hasan 10-0-30-2 
Mustafizur Rahman 6-2-11-1",36.6,0,0.0,"Shakib to Powell, no run  .defended to cover",Shakib,Powell,0.0,0,0,1,1,0.0,0,,0
"37.1 
• 
Mustafizur to Alzarri Joseph, no run 
cutter, and takes the edge as Joseph stretches to defend. Just short of the short gully!",37.1,0,0.0,"Mustafizur to Alzarri Joseph, no run  .cutter, and takes the edge as Joseph stretches to defend. Just short of the short gully!",Mustafizur,Alzarri Joseph,0.0,0,0,1,1,0.0,0,,0
"37.2 
• 
Mustafizur to Alzarri Joseph, no run 
length, seam-up, angles across him, and beats a tentative poke forward from the 
batsman",37.2,0,0.0,"Mustafizur to Alzarri Joseph, no run  .length, seam-up, angles across him, and beats a tentative poke forward from the  .batsman",Mustafizur,Alzarri Joseph,0.0,0,0,1,1,0.0,0,,0
"37.3 
W 
Mustafizur to Alzarri Joseph, OUT 
gobbled up at short gully! Just a touch shorter, and he ended up playing it with the 
angle across him to the man stationed there. Liton Das has caught well all series, and 
he was never going to miss out on this, taken low, but at a comfortable height, in front 
of him 
Alzarri Joseph c Litton Das b Mustafizur Rahman 17 (21b 3x4 0x6 30m) SR: 80.95 
PGhosh: ""I think Mustafiz has been brought very late. When it was six-seven wickets 
down, you should've been gone for your stock bowler the tail starts to loosen the arm. 
WI clearly scored 30 more runs. Thankfully the run is still getable. But anything above 
150 would've been a booster for WI. "" 
This time there's a third slip in place for Akeal Hosein, the left-hander",37.3,W,0.0,"Mustafizur to Alzarri Joseph, OUT  .gobbled up at short gully! Just a touch shorter, and he ended up playing it with the  .angle across him to the man stationed there. Liton Das has caught well all series, and  .he was never going to miss out on this, taken low, but at a comfortable height, in front  .of him  .Alzarri Joseph c Litton Das b Mustafizur Rahman 17 (21b 3x4 0x6 30m) SR: 80.95",Mustafizur,Alzarri Joseph,0.0,0,0,1,1,0.0,1,c Litton Das b Mustafizur Rahman,0
"37.4 
• 
Mustafizur to Hosein, no run 
fullish, around off, and he defends with a good forward stride",37.4,0,0.0,"Mustafizur to Hosein, no run  .fullish, around off, and he defends with a good forward stride",Mustafizur,Hosein,0.0,0,0,1,1,0.0,0,,0
"37.5 
• 
Mustafizur to Hosein, no run 
slower, outside off, and he defends off the back foot after covering the line",37.5,0,0.0,"Mustafizur to Hosein, no run  .slower, outside off, and he defends off the back foot after covering the line",Mustafizur,Hosein,0.0,0,0,1,1,0.0,0,,0
"37.6 
• 
Mustafizur to Hosein, no run 
length, around off, nipping back in off the seam, and he drives to covers 
Hosein appears to have a good organized technique. Judging by how good the no.11 
looks purely to the eye, it is staggering how West Indies have batted across these 
matches 
end of over 38Wicket maiden 
WI: 120/9CRR: 3.15  
Akeal Hosein0 (3b) 
Rovman Powell28 (44b 2x4 1x6) 
Mustafizur Rahman 7-3-11-2 
Shakib Al Hasan 10-0-30-2 
Afrain: ""122 all out again. Anyone?"" 
Mahmud comes in at the other end",37.6,0,0.0,"Mustafizur to Hosein, no run  .length, around off, nipping back in off the seam, and he drives to covers  .Hosein appears to have a good organized technique. Judging by how good the no.11  .looks purely to the eye, it is staggering how West Indies have batted across these  .matches",Mustafizur,Hosein,0.0,0,0,1,1,0.0,0,,0
"38.1 
• 
Hasan Mahmud to Powell, no run 
length, around off, and defended back towards the bowler",38.1,0,0.0,"Hasan Mahmud to Powell, no run  .length, around off, and defended back towards the bowler",Hasan Mahmud,Powell,0.0,0,0,1,1,0.0,0,,0
"38.2 
1 
Hasan Mahmud to Powell, 1 run 
slower ball, possibly a leg-cutter, but starts outside off, and he can steer it to third man 
Around the wicket, with a wide slip in place",38.2,1,1.0,"Hasan Mahmud to Powell, 1 run  .slower ball, possibly a leg-cutter, but starts outside off, and he can steer it to third man  .Around the wicket, with a wide slip in place",Hasan Mahmud,Powell,1.0,0,0,1,1,1.0,0,,1
"38.3 
• 
Hasan Mahmud to Hosein, no run 
length, around off, and he gets behind the line to defend",38.3,0,0.0,"Hasan Mahmud to Hosein, no run  .length, around off, and he gets behind the line to defend",Hasan Mahmud,Hosein,0.0,0,0,1,1,0.0,0,,0
"38.4 
1 
Hasan Mahmud to Hosein, 1 run 
length, defended towards mid-wicket, and they set off immediately for a single 
Mohammed shamsu: ""@Afrain - 141""",38.4,1,1.0,"Hasan Mahmud to Hosein, 1 run  .length, defended towards mid-wicket, and they set off immediately for a single",Hasan Mahmud,Hosein,1.0,0,0,1,1,1.0,0,,1
"38.5 
1 
Hasan Mahmud to Powell, 1 run 
slower ball, and he works this away towards deep mid-wicket 
With that, they do go past the score from the first ODI on Wednesday",38.5,1,1.0,"Hasan Mahmud to Powell, 1 run  .slower ball, and he works this away towards deep mid-wicket  .With that, they do go past the score from the first ODI on Wednesday",Hasan Mahmud,Powell,1.0,0,0,1,1,1.0,0,,1
"38.6 
• 
Hasan Mahmud to Hosein, no run 
oh, a good ball! Fullish length, and angles in from a touch wide of the crease, before 
straightening. Hosein thinks he has the line covered, but sees the ball fizz past his 
outside edge 
Ryan S: ""If we're taking guesses, I'll chime in for 131."" 
end of over 393 runs  
WI: 123/9CRR: 3.15  
Akeal Hosein1 (6b) 
Rovman Powell30 (47b 2x4 1x6) 
Hasan Mahmud 7-0-38-1 
Mustafizur Rahman 7-3-11-2",38.6,0,0.0,"Hasan Mahmud to Hosein, no run  .oh, a good ball! Fullish length, and angles in from a touch wide of the crease, before  .straightening. Hosein thinks he has the line covered, but sees the ball fizz past his  .outside edge",Hasan Mahmud,Hosein,0.0,0,0,1,1,0.0,0,,0
"39.1 
• 
Mustafizur to Powell, no run 
length ball, angles across Powell, who leaves",39.1,0,0.0,"Mustafizur to Powell, no run  .length ball, angles across Powell, who leaves",Mustafizur,Powell,0.0,0,0,1,1,0.0,0,,0
"39.2 
• 
Mustafizur to Powell, no run 
opens up his stance and looks to go inside out, but misses! Cutter again from 
Mustafizur, who makes it start from around leg and middle, and then turns substantially 
across him",39.2,0,0.0,"Mustafizur to Powell, no run  .opens up his stance and looks to go inside out, but misses! Cutter again from  .Mustafizur, who makes it start from around leg and middle, and then turns substantially  .across him",Mustafizur,Powell,0.0,0,0,1,1,0.0,0,,0
"39.3 
1nb 
Mustafizur to Powell, (no ball) 
cutter, and passes awfully close to the bat, as Powell looks to defend with a tentative 
forward push. Good line, and the length also disallows Powell from making his mind up. 
He did overstep, though!",39.3,1nb,1.0,"Mustafizur to Powell, (no ball)  .cutter, and passes awfully close to the bat, as Powell looks to defend with a tentative  .forward push. Good line, and the length also disallows Powell from making his mind up.  .He did overstep, though!",Mustafizur,Powell,0.0,0,0,1,0,1.0,0,,1
"39.3 
1nb 
Mustafizur to Powell, (no ball) 
wayward from Mustafizur! Powell steps across his stumps to take advantage of the 
free hit. Rahman follows him, but ends up bowling a full toss above waist height",39.3,1nb,1.0,"Mustafizur to Powell, (no ball)  .wayward from Mustafizur! Powell steps across his stumps to take advantage of the  .free hit. Rahman follows him, but ends up bowling a full toss above waist height",Mustafizur,Powell,0.0,0,0,1,0,1.0,0,,1
"39.3 
2 
Mustafizur to Powell, 2 runs 
another shuffle, and he flicks this high in the air on the on side. Lands short of deep 
square leg",39.3,2,2.0,"Mustafizur to Powell, 2 runs  .another shuffle, and he flicks this high in the air on the on side. Lands short of deep  .square leg",Mustafizur,Powell,2.0,0,0,1,1,2.0,0,,1
"39.4 
• 
Mustafizur to Powell, no run 
length, angles across him, and he leaves 
Round the wicket now",39.4,0,0.0,"Mustafizur to Powell, no run  .length, angles across him, and he leaves  .Round the wicket now",Mustafizur,Powell,0.0,0,0,1,1,0.0,0,,0
"39.5 
• 
Mustafizur to Powell, no run 
pitches and straightens from off and middle. Defended back towards the bowler",39.5,0,0.0,"Mustafizur to Powell, no run  .pitches and straightens from off and middle. Defended back towards the bowler",Mustafizur,Powell,0.0,0,0,1,1,0.0,0,,0
"39.6 
• 
Mustafizur to Powell, no run 
end of over 404 runs  
WI: 127/9CRR: 3.17  
Rovman Powell32 (55b 2x4 1x6) 
Akeal Hosein1 (6b) 
Mustafizur Rahman 8-3-15-2 
Hasan Mahmud 7-0-38-1 
Mashur: ""Player of the series prediction: Shakib Al Hasan!"" 
Pritham : ""201/9 with Powell scoring an unbeaten 80*"" 
We seem to have had a five-ball over",39.6,0,0.0,"Mustafizur to Powell, no run",Mustafizur,Powell,0.0,0,0,1,1,0.0,0,,0
"40.1 
• 
Hasan Mahmud to Hosein, no run 
beats him with one angling away from just outside off",40.1,0,0.0,"Hasan Mahmud to Hosein, no run  .beats him with one angling away from just outside off",Hasan Mahmud,Hosein,0.0,0,0,1,1,0.0,0,,0
"40.2 
• 
Hasan Mahmud to Hosein, no run 
down the wicket, trying to slog through the off side, but misses out",40.2,0,0.0,"Hasan Mahmud to Hosein, no run  .down the wicket, trying to slog through the off side, but misses out",Hasan Mahmud,Hosein,0.0,0,0,1,1,0.0,0,,0
"40.3 
• 
Hasan Mahmud to Hosein, no run 
fuller, straighter, and he almost falls over in blocking this",40.3,0,0.0,"Hasan Mahmud to Hosein, no run  .fuller, straighter, and he almost falls over in blocking this",Hasan Mahmud,Hosein,0.0,0,0,1,1,0.0,0,,0
"40.4 
1w 
Hasan Mahmud to Hosein, 1 wide 
back of a length, good pace, but down the leg side",40.4,1w,1.0,"Hasan Mahmud to Hosein, 1 wide  .back of a length, good pace, but down the leg side",Hasan Mahmud,Hosein,0.0,0,0,0,0,1.0,0,,1
"40.4 
1 
Hasan Mahmud to Hosein, 1 run 
fullish length, and played away towards sweeper cover",40.4,1,1.0,"Hasan Mahmud to Hosein, 1 run  .fullish length, and played away towards sweeper cover",Hasan Mahmud,Hosein,1.0,0,0,1,1,1.0,0,,1
"40.5 
1 
Hasan Mahmud to Powell, 1 run 
short of a length, and he looks to go for the pull. Mishit completely, but it allows them to 
scamper a single before short mid-wicket can get to the ball",40.5,1,1.0,"Hasan Mahmud to Powell, 1 run  .short of a length, and he looks to go for the pull. Mishit completely, but it allows them to  .scamper a single before short mid-wicket can get to the ball",Hasan Mahmud,Powell,1.0,0,0,1,1,1.0,0,,1
"40.6 
2 
Hasan Mahmud to Hosein, 2 runs 
fuller, outside off, and he goes over the infield on the off. There's a sweeper cover who 
will move across to his left to stop this 
Tawhid Rehan : ""R Powell Reminds me the former R (Ricardo) Powell of West Indies "" 
end of over 415 runs  
WI: 132/9CRR: 3.21  
Akeal Hosein4 (11b) 
Rovman Powell33 (56b 2x4 1x6) 
Hasan Mahmud 8-0-43-1 
Mustafizur Rahman 8-3-15-2",40.6,2,2.0,"Hasan Mahmud to Hosein, 2 runs  .fuller, outside off, and he goes over the infield on the off. There's a sweeper cover who  .will move across to his left to stop this",Hasan Mahmud,Hosein,2.0,0,0,1,1,2.0,0,,1
"41.1 
• 
Rubel to Powell, no run 
back of a length, around middle, and he backs away, looking to run it down towards 
third man. Off the outside edge, along the ground, and Rahim does well to stop it low to 
his right",41.1,0,0.0,"Rubel to Powell, no run  .back of a length, around middle, and he backs away, looking to run it down towards  .third man. Off the outside edge, along the ground, and Rahim does well to stop it low to  .his right",Rubel,Powell,0.0,0,0,1,1,0.0,0,,0
"41.2 
• 
Rubel to Powell, no run 
good ball, just around off, nipping in off the seam. Powell wants to play this towards 
square leg, but fails to make contact 
Would be better advised to offer more of the bat",41.2,0,0.0,"Rubel to Powell, no run  .good ball, just around off, nipping in off the seam. Powell wants to play this towards  .square leg, but fails to make contact  .Would be better advised to offer more of the bat",Rubel,Powell,0.0,0,0,1,1,0.0,0,,0
"41.3 
2 
Rubel to Powell, 2 runs 
length, and he does well this time to drive down the ground. Long-on has some distance 
to cover to his left to field, and they scamper through for the second",41.3,2,2.0,"Rubel to Powell, 2 runs  .length, and he does well this time to drive down the ground. Long-on has some distance  .to cover to his left to field, and they scamper through for the second",Rubel,Powell,2.0,0,0,1,1,2.0,0,,1
"41.4 
1 
Rubel to Powell, 1 run 
short, and he plays this towards long-on. Rubel himself goes chasing after and keeps 
them down to one 
Saadman Islam K: ""I would play shoriful next game! "" --- It's highly probable",41.4,1,1.0,"Rubel to Powell, 1 run  .short, and he plays this towards long-on. Rubel himself goes chasing after and keeps  .them down to one",Rubel,Powell,1.0,0,0,1,1,1.0,0,,1
"41.5 
• 
Rubel to Hosein, no run 
length, and he gets behind the line to defend towards short mid-wicket",41.5,0,0.0,"Rubel to Hosein, no run  .length, and he gets behind the line to defend towards short mid-wicket",Rubel,Hosein,0.0,0,0,1,1,0.0,0,,0
"41.6 
• 
Rubel to Hosein, no run 
a loud grunt, but a slower ball around off from Rubel. Akeal Hosein is awake to the 
trickery, and gets nicely behind the line of it to defend 
Mehidy has one over to go, but for the moment, it's Mahmud 
end of over 423 runs  
WI: 135/9CRR: 3.21  
Akeal Hosein4 (13b) 
Rovman Powell36 (60b 2x4 1x6) 
Rubel Hossain 7-0-23-0 
Hasan Mahmud 8-0-43-1",41.6,0,0.0,"Rubel to Hosein, no run  .a loud grunt, but a slower ball around off from Rubel. Akeal Hosein is awake to the  .trickery, and gets nicely behind the line of it to defend  .Mehidy has one over to go, but for the moment, it's Mahmud",Rubel,Hosein,0.0,0,0,1,1,0.0,0,,0
"42.1 
1 
Hasan Mahmud to Powell, 1 run 
short, and pulled towards deep mid-wicket. Again the ball stops a touch on the surface",42.1,1,1.0,"Hasan Mahmud to Powell, 1 run  .short, and pulled towards deep mid-wicket. Again the ball stops a touch on the surface",Hasan Mahmud,Powell,1.0,0,0,1,1,1.0,0,,1
"42.2 
1 
Hasan Mahmud to Hosein, 1 run 
fuller, around off, and he drives this handsomely square of the wicket, towards deep 
point",42.2,1,1.0,"Hasan Mahmud to Hosein, 1 run  .fuller, around off, and he drives this handsomely square of the wicket, towards deep  .point",Hasan Mahmud,Hosein,1.0,0,0,1,1,1.0,0,,1
"42.3 
2 
Hasan Mahmud to Powell, 2 runs 
slower ball, and he drives this to the right of long-on. They want two right off the bat, 
and make it quite easily as well",42.3,2,2.0,"Hasan Mahmud to Powell, 2 runs  .slower ball, and he drives this to the right of long-on. They want two right off the bat,  .and make it quite easily as well",Hasan Mahmud,Powell,2.0,0,0,1,1,2.0,0,,1
"42.4 
1 
Hasan Mahmud to Powell, 1 run 
full toss, hit hard towards long-on 
Jawad : ""A fifty from Shanto is all I want, need him to start performing before New 
Zealand series.""",42.4,1,1.0,"Hasan Mahmud to Powell, 1 run  .full toss, hit hard towards long-on",Hasan Mahmud,Powell,1.0,0,0,1,1,1.0,0,,1
"42.5 
2 
Hasan Mahmud to Hosein, 2 runs 
short, around his hips, and he can work this towards deep mid-wicket. They again put 
pressure on the outfielder, who runs in from deep square leg, and scamper through for 
two",42.5,2,2.0,"Hasan Mahmud to Hosein, 2 runs  .short, around his hips, and he can work this towards deep mid-wicket. They again put  .pressure on the outfielder, who runs in from deep square leg, and scamper through for  .two",Hasan Mahmud,Hosein,2.0,0,0,1,1,2.0,0,,1
"42.6 
4 
Hasan Mahmud to Hosein, FOUR runs 
slower, fuller, and he looks to drive. Off the outside edge, but has run away to beat third 
man. Useful runs these for West Indies! 
John : ""Would be great for Akeal to slot into a Jack Leach type of role to let Rovman 
Stokes on the other end take charge."" 
end of over 4311 runs  
WI: 146/9CRR: 3.39  
Akeal Hosein11 (16b 1x4) 
Rovman Powell40 (63b 2x4 1x6) 
Hasan Mahmud 9-0-54-1 
Rubel Hossain 7-0-23-0 
Powell has dispensed with his helmet, and that's because Mehidy will bowl out now",42.6,4,4.0,"Hasan Mahmud to Hosein, FOUR runs  .slower, fuller, and he looks to drive. Off the outside edge, but has run away to beat third  .man. Useful runs these for West Indies!",Hasan Mahmud,Hosein,4.0,1,0,1,1,4.0,0,,1
"43.1 
• 
Mehidy Hasan Miraz to Powell, no run 
skips down the wicket, and defends as Mehidy fires this wide of off",43.1,0,0.0,"Mehidy Hasan Miraz to Powell, no run  .skips down the wicket, and defends as Mehidy fires this wide of off",Mehidy Hasan Miraz,Powell,0.0,0,0,1,1,0.0,0,,0
"43.2 
1 
Mehidy Hasan Miraz to Powell, 1 run 
indicates that he wants to advance, but then works it with the turn towards deep mid-
wicket. Wants two, but has to settle for one as Akeal turns him down",43.2,1,1.0,"Mehidy Hasan Miraz to Powell, 1 run  .indicates that he wants to advance, but then works it with the turn towards deep mid- .wicket. Wants two, but has to settle for one as Akeal turns him down",Mehidy Hasan Miraz,Powell,1.0,0,0,1,1,1.0,0,,1
"43.3 
1 
Mehidy Hasan Miraz to Hosein, 1 run 
Hosein backs away, and then comfortably drives a length ball through covers towards 
wide long-off",43.3,1,1.0,"Mehidy Hasan Miraz to Hosein, 1 run  .Hosein backs away, and then comfortably drives a length ball through covers towards  .wide long-off",Mehidy Hasan Miraz,Hosein,1.0,0,0,1,1,1.0,0,,1
"43.4 
W 
Mehidy Hasan Miraz to Powell, OUT 
down the wicket, and he misses out. Rahim does the rest! Rovman Powell has looked to 
be positive right through this over, but Mehidy has read his intentions quite well each 
time. Drags the length back just a touch, and also gets it to go straight with the arm. 
Powell has a wild swipe, and then winds up in almost hand-shaking distance with the 
bowler. Rahim has the easiest of stumpings to make 
Rovman Powell st †Mushfiqur Rahim b Mehidy Hasan Miraz 41 (66b 2x4 1x6 90m) SR: 
62.12 
2.44 pm Bangladesh have bowled out an opponent for under 150 in successive ODIs for 
the first time, and their bowlers have delivered yet again 
Mehidy speaks to the broadcasters: "" I am really happy, because I wasn't happy with the 
areas I bowled in the first match. I spoke to senior players like Shakib and got some 
inputs from our spin bowling coach as well. I saw [Rovman] coming, and the 
wicketkeeeper, captain and Shakib bhai also told me that he was going to look to come 
forward. The idea was not to concede a six."" 
Best ODI figures for Mehidy, and another masterclass in control and guile from both 
Mustafizur and Shakib. Hasan Mahmud bowled much better than his figures suggest, 
and Rubel Hossain is always good with his accuracy. We'll be back soon for what 
should be an interesting chase if West Indies can strike some early blows. See you 
soon. 
Sponsored Headlines 
 
PCB slashes player match fees by 75% for National T20 Cup | ESPNcricinfoDiscover 
 
Virat Kohli bats for families' presence on India's tours | ESPNcricinfoDiscover 
 
Online Shopping Tools| 
Sponsored by TaboolaSponsored by Taboola 
Amazon Is Losing Money as Arizona Shoppers Are Canceling Prime for This Clever 
HackRead MoreSkip 
 
IPL 2025 - Shreyas Iyer wants to 'mark' himself at No. 3 in IPL 2025 | 
ESPNcricinfoDiscover 
 
IPL 2025 - RCB hunt for IPL glory continues with Rajat Patidar as captain and Virat Kohli 
as the talisman | ESPNcricinfoDiscover 
 
Flight Attendant Reveals How To Fly Business Class For The Price of 
EconomyAmericans, you'll want to check this out ASAPOnline Shopping Tools| 
SponsoredSponsored 
Undo 
 
Gena Norris: Chuck Made A Discovery That Saved My LifeRoundhouse Provisions| 
SponsoredSponsored 
Undo 
 
Unbeatable Prices on TemuStep in 2025 a whole new way.TEMU| 
SponsoredSponsored 
Shop Now 
Undo 
 
Finally Hear Clearly Again – This Spray Has Taken the Internet by Storm!ENT 
Specialists: The Best Way to Naturally Improve Hearing AbilityHear Clearly Again| 
SponsoredSponsored 
Learn More 
Undo 
 
The Weight Loss Industry Hates This Simple Patch… But It Works!Apply this once a day 
and let science do the rest! This breakthrough GLP-1 patch helps reduce cravings and 
supports effortless weight loss—no strict diets, no intense workouts. See why 
thousands are making the switch!Kind Patches| 
SponsoredSponsored 
Shop Now 
Undo 
 
Arizona: Say Goodbye To High Car Insurance Rates If You Live In These Zip CodesEnter 
Your Zip Code To Find Auto Insurance Savings.The Budget Calculator| 
SponsoredSponsored 
Learn More 
Undo 
 
The Silent Threat to Sugar Levels You Need to KnowHealth News| 
SponsoredSponsored 
Learn More 
Undo 
 
TV Star Fired for Leaking Secret to Slim DownCelebrity Trainer Exposes A Turmeric 
Gummy: Try This At HomeHealth & Lifestyle| 
SponsoredSponsored 
Learn More 
Undo 
 
Why Women 50+ Love This Mascara [It's Like a Magic]Eyelash Transformation for 
Women Over 50Prime Prometics| 
SponsoredSponsored 
Shop Now 
Undo 
 
3 Ways Japanese Use Turmeric to Drop WeightGood Health News| 
SponsoredSponsored 
Undo 
 
Your 2025 Horoscope Is So Detailed You'll Get Goosebumps!My Astrology| 
SponsoredSponsored 
Undo 
 
Sore Knees After 60 Comes Down To 1 Thing (Stop Doing This)Joints ache? Avoid this 
""healthy"" habit and watch what happens...Arthrozene| 
SponsoredSponsored 
Learn More 
Undo 
Match Coverage 
All Match News 
 
Stop-gap West Indies highlight pandemic dilemma 
More teams will be faced with first-choice players pulling out, and it could result in 
further lopsided contests 
 
 
 
Mehidy Hasan and Tamim Iqbal move Bangladesh into 2-
0 lead 
The offspinner took four wickets as West Indies were bundled out for 148 
 
 
 
Alzarri Joseph: West Indies 'have to play harder, dig 
deeper' 
Fast bowler realises that both he and his team needs to take more responsibility with 
the bat 
 
 
 
Bangladesh remain favourites against inexperienced 
West Indies 
Phil Simmons and Jason Mohammed will hope for promise to turn into fight in the 
second ODI 
 
 
 
Instant answers to T20 questions 
What is the highest total chased in men's T20 World Cups? 
Most sixes in an innings by a batter in men's T20 World Cups? 
Who has taken the most Powerplay wickets in men's T20 World Cups? 
Ask a question 
Bangladesh Innings 
Player Name 
R 
B 
Litton Das lbw 
22 24 
Tamim 
Iqbal 
caught 
50 76 
Najmul 
Hossain 
Shanto 
caught 
17 26 
Shakib Al 
Hasan 
not out 
43 50 
Mushfiqur 
Rahim 
not out 
9 
25 
Extras 
(nb 1, w 7) 
Total 
149(3 wkts;",43.4,W,0.0,"Mehidy Hasan Miraz to Powell, OUT  .down the wicket, and he misses out. Rahim does the rest! Rovman Powell has looked to  .be positive right through this over, but Mehidy has read his intentions quite well each  .time. Drags the length back just a touch, and also gets it to go straight with the arm.  .Powell has a wild swipe, and then winds up in almost hand-shaking distance with the  .bowler. Rahim has the easiest of stumpings to make  .Rovman Powell st †Mushfiqur Rahim b Mehidy Hasan Miraz 41 (66b 2x4 1x6 90m) SR:",Mehidy Hasan Miraz,Powell,0.0,0,0,1,1,0.0,1,st †Mushfiqur Rahim b Mehidy Hasan Miraz,0
