raw_data,overs,runs,team_runs,commentary,bowler,batsman,batsman_runs,batsman_fours,batsman_sixes,batsman_bowls_faced,bowler_bowls_done,bowler_runs_given,bowler_wickets,dismissal,runs_given_bool
"0.1 
• 
Chatara to Bhurtel, no run 
Back of a length, angled in and straightening down the line outside off, sliced away to 
cover-point, bit of swing in the air 
See all photos",0.1,0,0.0,"Chatara to Bhurtel, no run  .Back of a length, angled in and straightening down the line outside off, sliced away to  .cover-point, bit of swing in the air  .See all photos",Chatara,Bhurtel,0.0,0,0,1,1,0.0,0,,0
"0.2 
• 
Chatara to Bhurtel, no run 
Fuller length, clipped away to the leg side",0.2,0,0.0,"Chatara to Bhurtel, no run  .Fuller length, clipped away to the leg side",Chatara,Bhurtel,0.0,0,0,1,1,0.0,0,,0
"0.3 
• 
Chatara to Bhurtel, no run 
On a length around the line off, he leans forward and blocks it resiliently, a circumspect 
start",0.3,0,0.0,"Chatara to Bhurtel, no run  .On a length around the line off, he leans forward and blocks it resiliently, a circumspect  .start",Chatara,Bhurtel,0.0,0,0,1,1,0.0,0,,0
"0.4 
• 
Chatara to Bhurtel, no run 
Flails at the thin air, dropped short and angled across off, he throws his hands at it and 
can't lay bat on it",0.4,0,0.0,"Chatara to Bhurtel, no run  .Flails at the thin air, dropped short and angled across off, he throws his hands at it and  .can't lay bat on it",Chatara,Bhurtel,0.0,0,0,1,1,0.0,0,,0
"0.5 
• 
Chatara to Bhurtel, no run 
Good length in the channel with a hint of wobble outside off, he lunges forward and 
blocks it",0.5,0,0.0,"Chatara to Bhurtel, no run  .Good length in the channel with a hint of wobble outside off, he lunges forward and  .blocks it",Chatara,Bhurtel,0.0,0,0,1,1,0.0,0,,0
"0.6 
• 
Chatara to Bhurtel, no run 
Super start from Chatara! On a fuller length and zinging away outside off, he moves 
forward and tentatively dinks it away to the off side 
end of over 1Maiden 
NEP: 0/0CRR: 0.00  
Kushal Bhurtel0 (6b) 
Aasif Sheikh0 (0b) 
Tendai Chatara 1-1-0-0",0.6,0,0.0,"Chatara to Bhurtel, no run  .Super start from Chatara! On a fuller length and zinging away outside off, he moves  .forward and tentatively dinks it away to the off side",Chatara,Bhurtel,0.0,0,0,1,1,0.0,0,,0
"1.1 
• 
Ngarava to Aasif Sheikh, no run 
Back of a length, plugging away in the corridor, just trying to feel for it and then quickly 
removes his bat away from the line",1.1,0,0.0,"Ngarava to Aasif Sheikh, no run  .Back of a length, plugging away in the corridor, just trying to feel for it and then quickly  .removes his bat away from the line",Ngarava,Aasif Sheikh,0.0,0,0,1,1,0.0,0,,0
"1.2 
• 
Ngarava to Aasif Sheikh, no run 
Short of a length, jags back from middle and leg, aborts his lbw appeal as the ball 
caroms over to square leg",1.2,0,0.0,"Ngarava to Aasif Sheikh, no run  .Short of a length, jags back from middle and leg, aborts his lbw appeal as the ball  .caroms over to square leg",Ngarava,Aasif Sheikh,0.0,0,0,1,1,0.0,0,,0
"1.3 
• 
Ngarava to Aasif Sheikh, no run 
Drags his length back, skiddy, can't connect properly as the ball dies down to the leg 
side, still not off the mark",1.3,0,0.0,"Ngarava to Aasif Sheikh, no run  .Drags his length back, skiddy, can't connect properly as the ball dies down to the leg  .side, still not off the mark",Ngarava,Aasif Sheikh,0.0,0,0,1,1,0.0,0,,0
"1.4 
• 
Ngarava to Aasif Sheikh, no run 
Slightly shorter and wicket-to-wicket stuff, defends it right under his eyes and Ngarava 
cuts it off in his follow through",1.4,0,0.0,"Ngarava to Aasif Sheikh, no run  .Slightly shorter and wicket-to-wicket stuff, defends it right under his eyes and Ngarava  .cuts it off in his follow through",Ngarava,Aasif Sheikh,0.0,0,0,1,1,0.0,0,,0
"1.5 
• 
Ngarava to Aasif Sheikh, no run 
Drops it slightly shorter and angled into middle and leg, fended to the leg side, square 
leg hunts it down",1.5,0,0.0,"Ngarava to Aasif Sheikh, no run  .Drops it slightly shorter and angled into middle and leg, fended to the leg side, square  .leg hunts it down",Ngarava,Aasif Sheikh,0.0,0,0,1,1,0.0,0,,0
"1.6 
• 
Ngarava to Aasif Sheikh, no run 
Shortens his length, the seam movement taking it away from the bat, an unconvincing 
flash through the off side but cannot connect 
end of over 2Maiden 
NEP: 0/0CRR: 0.00  
Aasif Sheikh0 (6b) 
Kushal Bhurtel0 (6b) 
Richard Ngarava 1-1-0-0 
Tendai Chatara 1-1-0-0",1.6,0,0.0,"Ngarava to Aasif Sheikh, no run  .Shortens his length, the seam movement taking it away from the bat, an unconvincing  .flash through the off side but cannot connect",Ngarava,Aasif Sheikh,0.0,0,0,1,1,0.0,0,,0
"2.1 
• 
Chatara to Bhurtel, no run 
Short of a length, slanting across off, swing and miss",2.1,0,0.0,"Chatara to Bhurtel, no run  .Short of a length, slanting across off, swing and miss",Chatara,Bhurtel,0.0,0,0,1,1,0.0,0,,0
"2.2 
1 
Chatara to Bhurtel, 1 run 
A touch short and lots of width on offer, nicely steered down past point for a run",2.2,1,1.0,"Chatara to Bhurtel, 1 run  .A touch short and lots of width on offer, nicely steered down past point for a run",Chatara,Bhurtel,1.0,0,0,1,1,1.0,0,,1
"2.3 
4 
Chatara to Aasif Sheikh, FOUR runs 
Easy pickings! Length ball on the pads, whipped away with disdain past square leg in 
the ring, great timing and placement",2.3,4,4.0,"Chatara to Aasif Sheikh, FOUR runs  .Easy pickings! Length ball on the pads, whipped away with disdain past square leg in  .the ring, great timing and placement",Chatara,Aasif Sheikh,4.0,1,0,1,1,4.0,0,,1
"2.4 
1w 
Chatara to Aasif Sheikh, 1 wide 
Dishes out a wide, just inches outside the tramline outside off, he went for the thwack 
through the off side but the ball kept swirling away from his reach",2.4,1w,1.0,"Chatara to Aasif Sheikh, 1 wide  .Dishes out a wide, just inches outside the tramline outside off, he went for the thwack  .through the off side but the ball kept swirling away from his reach",Chatara,Aasif Sheikh,0.0,0,0,0,0,1.0,0,,1
"2.4 
• 
Chatara to Aasif Sheikh, no run 
Fuller length, a little wide of off stump, firmly scuffs a drive back to the bowler",2.4,0,0.0,"Chatara to Aasif Sheikh, no run  .Fuller length, a little wide of off stump, firmly scuffs a drive back to the bowler",Chatara,Aasif Sheikh,0.0,0,0,1,1,0.0,0,,0
"2.5 
1 
Chatara to Aasif Sheikh, 1 run 
Good length, fifth stump line, gets down low to it, drops his hands and plays it with soft 
hands and goes past the second slip",2.5,1,1.0,"Chatara to Aasif Sheikh, 1 run  .Good length, fifth stump line, gets down low to it, drops his hands and plays it with soft  .hands and goes past the second slip",Chatara,Aasif Sheikh,1.0,0,0,1,1,1.0,0,,1
"2.6 
• 
Chatara to Bhurtel, no run 
Length ball on a nagging off stump line, leans out and pats it to short cover 
end of over 37 runs  
NEP: 7/0CRR: 2.33  
Kushal Bhurtel1 (9b) 
Aasif Sheikh5 (9b 1x4) 
Tendai Chatara 2-1-7-0 
Richard Ngarava 1-1-0-0",2.6,0,0.0,"Chatara to Bhurtel, no run  .Length ball on a nagging off stump line, leans out and pats it to short cover",Chatara,Bhurtel,0.0,0,0,1,1,0.0,0,,0
"3.1 
1w 
Ngarava to Aasif Sheikh, 1 wide 
Short and sprays it outside leg stump, will have to reload this delivery",3.1,1w,1.0,"Ngarava to Aasif Sheikh, 1 wide  .Short and sprays it outside leg stump, will have to reload this delivery",Ngarava,Aasif Sheikh,0.0,0,0,0,0,1.0,0,,1
"3.1 
1 
Ngarava to Aasif Sheikh, 1 run 
Spears it on a fuller length around the pads, nudged away into the vacant spaces at 
midwicket and scurries through a run",3.1,1,1.0,"Ngarava to Aasif Sheikh, 1 run  .Spears it on a fuller length around the pads, nudged away into the vacant spaces at  .midwicket and scurries through a run",Ngarava,Aasif Sheikh,1.0,0,0,1,1,1.0,0,,1
"3.2 
• 
Ngarava to Bhurtel, no run 
On a length outside off, takes a few steps out of the crease to create his own length, 
gets beaten on the inside edge",3.2,0,0.0,"Ngarava to Bhurtel, no run  .On a length outside off, takes a few steps out of the crease to create his own length,  .gets beaten on the inside edge",Ngarava,Bhurtel,0.0,0,0,1,1,0.0,0,,0
"3.3 
• 
Ngarava to Bhurtel, no run 
Short of a length, that's a lovely line, a hint of wobble outside off, play and a miss",3.3,0,0.0,"Ngarava to Bhurtel, no run  .Short of a length, that's a lovely line, a hint of wobble outside off, play and a miss",Ngarava,Bhurtel,0.0,0,0,1,1,0.0,0,,0
"3.4 
• 
Ngarava to Bhurtel, no run 
Raza drops a tough chance at first slip, shorter rising delivery in the corridor, he goes for 
the upper-cut and gets a thick edge.",3.4,0,0.0,"Ngarava to Bhurtel, no run  .Raza drops a tough chance at first slip, shorter rising delivery in the corridor, he goes for  .the upper-cut and gets a thick edge.",Ngarava,Bhurtel,0.0,0,0,1,1,0.0,0,,0
"3.5 
1 
Ngarava to Bhurtel, 1 run 
Shorter length, outside off, whisked away past backward point for a run",3.5,1,1.0,"Ngarava to Bhurtel, 1 run  .Shorter length, outside off, whisked away past backward point for a run",Ngarava,Bhurtel,1.0,0,0,1,1,1.0,0,,1
"3.6 
• 
Ngarava to Aasif Sheikh, no run 
Fuller length, tight off stump line, prodded away to extra cover region 
end of over 43 runs  
NEP: 10/0CRR: 2.50  
Aasif Sheikh6 (11b 1x4) 
Kushal Bhurtel2 (13b) 
Richard Ngarava 2-1-3-0 
Tendai Chatara 2-1-7-0",3.6,0,0.0,"Ngarava to Aasif Sheikh, no run  .Fuller length, tight off stump line, prodded away to extra cover region",Ngarava,Aasif Sheikh,0.0,0,0,1,1,0.0,0,,0
"4.1 
• 
Chatara to Bhurtel, no run 
Length ball, angled into middle and leg, belts it down the ground to mid-on but didn't get 
the middle of the bat",4.1,0,0.0,"Chatara to Bhurtel, no run  .Length ball, angled into middle and leg, belts it down the ground to mid-on but didn't get  .the middle of the bat",Chatara,Bhurtel,0.0,0,0,1,1,0.0,0,,0
"4.2 
• 
Chatara to Bhurtel, no run 
Hurls down a bouncer, the ball skimming at head height",4.2,0,0.0,"Chatara to Bhurtel, no run  .Hurls down a bouncer, the ball skimming at head height",Chatara,Bhurtel,0.0,0,0,1,1,0.0,0,,0
"4.3 
• 
Chatara to Bhurtel, no run 
Dug in short around the line off, goes for the cut and misses",4.3,0,0.0,"Chatara to Bhurtel, no run  .Dug in short around the line off, goes for the cut and misses",Chatara,Bhurtel,0.0,0,0,1,1,0.0,0,,0
"4.4 
4 
Chatara to Bhurtel, FOUR runs 
Clobbered! Uses brute force in his wrists and swats this length delivery on the pads past 
square leg for a blistering boundary. It's a quick outfield and there is not cutting that off",4.4,4,4.0,"Chatara to Bhurtel, FOUR runs  .Clobbered! Uses brute force in his wrists and swats this length delivery on the pads past  .square leg for a blistering boundary. It's a quick outfield and there is not cutting that off",Chatara,Bhurtel,4.0,1,0,1,1,4.0,0,,1
"4.5 
• 
Chatara to Bhurtel, no run 
Darts in a bumper on a tight off stump line, he sways away from the line of the ball and 
leaves it alone for the keeper to collect",4.5,0,0.0,"Chatara to Bhurtel, no run  .Darts in a bumper on a tight off stump line, he sways away from the line of the ball and  .leaves it alone for the keeper to collect",Chatara,Bhurtel,0.0,0,0,1,1,0.0,0,,0
"4.6 
4 
Chatara to Bhurtel, FOUR runs 
Slashed away past cover for a smoking boundary, pounces on the width and earns a 
boundary 
end of over 58 runs  
NEP: 18/0CRR: 3.60  
Kushal Bhurtel10 (19b 2x4) 
Aasif Sheikh6 (11b 1x4) 
Tendai Chatara 3-1-15-0 
Richard Ngarava 2-1-3-0",4.6,4,4.0,"Chatara to Bhurtel, FOUR runs  .Slashed away past cover for a smoking boundary, pounces on the width and earns a  .boundary",Chatara,Bhurtel,4.0,1,0,1,1,4.0,0,,1
"5.1 
1 
Ngarava to Aasif Sheikh, 1 run 
Tugged away to square leg for a run",5.1,1,1.0,"Ngarava to Aasif Sheikh, 1 run  .Tugged away to square leg for a run",Ngarava,Aasif Sheikh,1.0,0,0,1,1,1.0,0,,1
"5.2 
4 
Ngarava to Bhurtel, FOUR runs 
Poise and class personified! Slightly fuller and offers a little bit of room, nicely carved 
away into the covers and the ball skittles away to the rope. Frame this shot!",5.2,4,4.0,"Ngarava to Bhurtel, FOUR runs  .Poise and class personified! Slightly fuller and offers a little bit of room, nicely carved  .away into the covers and the ball skittles away to the rope. Frame this shot!",Ngarava,Bhurtel,4.0,1,0,1,1,4.0,0,,1
"5.3 
• 
Ngarava to Bhurtel, no run 
Short of a length, probing line outside off, beaten on the outside edge",5.3,0,0.0,"Ngarava to Bhurtel, no run  .Short of a length, probing line outside off, beaten on the outside edge",Ngarava,Bhurtel,0.0,0,0,1,1,0.0,0,,0
"5.4 
• 
Ngarava to Bhurtel, no run 
Good length, zinging in back at Bhurtel, thumps the pads and rolls over to square leg",5.4,0,0.0,"Ngarava to Bhurtel, no run  .Good length, zinging in back at Bhurtel, thumps the pads and rolls over to square leg",Ngarava,Bhurtel,0.0,0,0,1,1,0.0,0,,0
"5.5 
1 
Ngarava to Bhurtel, 1 run 
Banged in short on middle stump line, he swivels and goes for the pull shot looking a bit 
ungainly, ball got big on him and hit him high on the blade, lands a few meters short of 
square leg in the ring",5.5,1,1.0,"Ngarava to Bhurtel, 1 run  .Banged in short on middle stump line, he swivels and goes for the pull shot looking a bit  .ungainly, ball got big on him and hit him high on the blade, lands a few meters short of  .square leg in the ring",Ngarava,Bhurtel,1.0,0,0,1,1,1.0,0,,1
"5.6 
1 
Ngarava to Aasif Sheikh, 1 run 
Fraction short on middle and leg, clipped away using his fluid wrists and scampers 
through a run 
end of over 67 runs  
NEP: 25/0CRR: 4.16  
Aasif Sheikh8 (13b 1x4) 
Kushal Bhurtel15 (23b 3x4) 
Richard Ngarava 3-1-10-0 
Tendai Chatara 3-1-15-0 
ShahSafeer: ""I don't know who but a team is destined to make way for Zimbabwe for 
one of final two spots. I remember how closely fought their campaign was in 2019! "" 
Sandesh Pokhare: ""Expecting a competitive game, for this Nepal should aim for batting 
all 50 overs."" 
Agni devkota: ""Similar situation as nepal vs oman in Acc premier cup. Nepal were at 0 at 
3 overs and score 310 at the end. I am smelling 300 today as well"" 
prashant dahal: ""wow, this is surreali have been following espncricinfo for a decade, 
never have seen the live coverage of my home country nepal, our cricket is really gaining 
popuralism , irrespective of the result, we want our players to play a competitive cricket""",5.6,1,1.0,"Ngarava to Aasif Sheikh, 1 run  .Fraction short on middle and leg, clipped away using his fluid wrists and scampers  .through a run",Ngarava,Aasif Sheikh,1.0,0,0,1,1,1.0,0,,1
"6.1 
• 
Chatara to Aasif Sheikh, no run 
Searching for the blockhole, lands it on sixth stump line outside off and takes the pace 
off, defended to cover-point",6.1,0,0.0,"Chatara to Aasif Sheikh, no run  .Searching for the blockhole, lands it on sixth stump line outside off and takes the pace  .off, defended to cover-point",Chatara,Aasif Sheikh,0.0,0,0,1,1,0.0,0,,0
"6.2 
1w 
Chatara to Aasif Sheikh, 1 wide 
He was shaping for a full-blooded slash through backward point but the ball kept curling 
away outside off, wide called",6.2,1w,1.0,"Chatara to Aasif Sheikh, 1 wide  .He was shaping for a full-blooded slash through backward point but the ball kept curling  .away outside off, wide called",Chatara,Aasif Sheikh,0.0,0,0,0,0,1.0,0,,1
"6.2 
• 
Chatara to Aasif Sheikh, no run 
Brilliant change of pace, a touch short and nibbling away in the corridor, play and a miss",6.2,0,0.0,"Chatara to Aasif Sheikh, no run  .Brilliant change of pace, a touch short and nibbling away in the corridor, play and a miss",Chatara,Aasif Sheikh,0.0,0,0,1,1,0.0,0,,0
"6.3 
1 
Chatara to Aasif Sheikh, 1 run 
Good length, slanting away outside off, gets beaten again",6.3,1,1.0,"Chatara to Aasif Sheikh, 1 run  .Good length, slanting away outside off, gets beaten again",Chatara,Aasif Sheikh,1.0,0,0,1,1,1.0,0,,1
"6.4 
4 
Chatara to Bhurtel, FOUR runs 
Sumptuous! Saunters to the pitch of the ball and hammers past midwicket for a 
boundary",6.4,4,4.0,"Chatara to Bhurtel, FOUR runs  .Sumptuous! Saunters to the pitch of the ball and hammers past midwicket for a  .boundary",Chatara,Bhurtel,4.0,1,0,1,1,4.0,0,,1
"6.5 
• 
Chatara to Bhurtel, no run 
Dragged a little short and sliding down middle and leg, tucked away into the leg side and 
was keen on taking a run but rightly decided against it in the end, could have been a 
dicey call",6.5,0,0.0,"Chatara to Bhurtel, no run  .Dragged a little short and sliding down middle and leg, tucked away into the leg side and  .was keen on taking a run but rightly decided against it in the end, could have been a  .dicey call",Chatara,Bhurtel,0.0,0,0,1,1,0.0,0,,0
"6.6 
• 
Chatara to Bhurtel, no run 
Effort delivery, bends his back and gets the ball to rise steeply off the deck, well-
watched and lets it go get stuck in the keeper's mitts 
end of over 76 runs  
NEP: 31/0CRR: 4.42  
Kushal Bhurtel19 (26b 4x4) 
Aasif Sheikh9 (16b 1x4) 
Tendai Chatara 4-1-21-0 
Richard Ngarava 3-1-10-0",6.6,0,0.0,"Chatara to Bhurtel, no run  .Effort delivery, bends his back and gets the ball to rise steeply off the deck, well- .watched and lets it go get stuck in the keeper's mitts",Chatara,Bhurtel,0.0,0,0,1,1,0.0,0,,0
"7.1 
1 
Muzarabani to Aasif Sheikh, 1 run 
Short, spongy bounce and drifting down leg, he helps it on its way to deep fine leg and 
dashes across to the other end. Both batters have stared to cut loose now",7.1,1,1.0,"Muzarabani to Aasif Sheikh, 1 run  .Short, spongy bounce and drifting down leg, he helps it on its way to deep fine leg and  .dashes across to the other end. Both batters have stared to cut loose now",Muzarabani,Aasif Sheikh,1.0,0,0,1,1,1.0,0,,1
"7.2 
• 
Muzarabani to Bhurtel, no run 
Short of a length, whizzing away outside off, punched away to cover",7.2,0,0.0,"Muzarabani to Bhurtel, no run  .Short of a length, whizzing away outside off, punched away to cover",Muzarabani,Bhurtel,0.0,0,0,1,1,0.0,0,,0
"7.3 
• 
Muzarabani to Bhurtel, no run 
Shortens his length, angled in and straightening down the line middle, shoves it back to 
the bowler 
Moloy: ""Nice to see Nepal getting of to a decent start with the bat. How's the pitch 
playing? Good for batting?"" Offering decent bounce and seam movement 
Kaushal Pandit: ""What a start for Nepal!! This is just the right approach for Nepalese 
batsmen. Too defensive and they might put pressure for the lower order batsman!! """,7.3,0,0.0,"Muzarabani to Bhurtel, no run  .Shortens his length, angled in and straightening down the line middle, shoves it back to  .the bowler",Muzarabani,Bhurtel,0.0,0,0,1,1,0.0,0,,0
"7.4 
• 
Muzarabani to Bhurtel, no run 
Squealing for an lbw, they all appeal in unison but the umpire is unmoved. Good length, 
nips back and raps his pads but looks like its going down the leg side",7.4,0,0.0,"Muzarabani to Bhurtel, no run  .Squealing for an lbw, they all appeal in unison but the umpire is unmoved. Good length,  .nips back and raps his pads but looks like its going down the leg side",Muzarabani,Bhurtel,0.0,0,0,1,1,0.0,0,,0
"7.5 
4 
Muzarabani to Bhurtel, FOUR runs 
Everything so right about that stroke! A touch fuller on the pads, nonchalantly takes a 
few steps out of his crease and plays a gorgeous lofted boundary past square",7.5,4,4.0,"Muzarabani to Bhurtel, FOUR runs  .Everything so right about that stroke! A touch fuller on the pads, nonchalantly takes a  .few steps out of his crease and plays a gorgeous lofted boundary past square",Muzarabani,Bhurtel,4.0,1,0,1,1,4.0,0,,1
"7.6 
• 
Muzarabani to Bhurtel, no run 
Slightly shorter and on a testing line outside off, defended back to the bowler with a 
straight bat 
end of over 85 runs  
NEP: 36/0CRR: 4.50  
Kushal Bhurtel23 (31b 5x4) 
Aasif Sheikh10 (17b 1x4) 
Blessing Muzarabani 1-0-5-0 
Tendai Chatara 4-1-21-0",7.6,0,0.0,"Muzarabani to Bhurtel, no run  .Slightly shorter and on a testing line outside off, defended back to the bowler with a  .straight bat",Muzarabani,Bhurtel,0.0,0,0,1,1,0.0,0,,0
"8.1 
• 
Ngarava to Aasif Sheikh, no run 
Short of a length, gets some purchase off the deck, he is pegged back in his crease, 
hops and flapped to the leg side",8.1,0,0.0,"Ngarava to Aasif Sheikh, no run  .Short of a length, gets some purchase off the deck, he is pegged back in his crease,  .hops and flapped to the leg side",Ngarava,Aasif Sheikh,0.0,0,0,1,1,0.0,0,,0
"8.2 
1 
Ngarava to Aasif Sheikh, 1 run 
Fraction short and angling across off, stays back in his crease and expertly nurdles it 
down to deep third man",8.2,1,1.0,"Ngarava to Aasif Sheikh, 1 run  .Fraction short and angling across off, stays back in his crease and expertly nurdles it  .down to deep third man",Ngarava,Aasif Sheikh,1.0,0,0,1,1,1.0,0,,1
"8.3 
• 
Ngarava to Bhurtel, no run 
Length ball, jags back from middle, swipes it through the line back to Ngarava",8.3,0,0.0,"Ngarava to Bhurtel, no run  .Length ball, jags back from middle, swipes it through the line back to Ngarava",Ngarava,Bhurtel,0.0,0,0,1,1,0.0,0,,0
"8.4 
4 
Ngarava to Bhurtel, FOUR runs 
Butchered! Flexes his muscles and wallops this short delivery on the leg side past the 
leaping square leg fielder for a boundary. Excellent timing but the key here is waiting for 
the ball till the last second so he can place it into the gap",8.4,4,4.0,"Ngarava to Bhurtel, FOUR runs  .Butchered! Flexes his muscles and wallops this short delivery on the leg side past the  .leaping square leg fielder for a boundary. Excellent timing but the key here is waiting for  .the ball till the last second so he can place it into the gap",Ngarava,Bhurtel,4.0,1,0,1,1,4.0,0,,1
"8.5 
• 
Ngarava to Bhurtel, no run 
That's a good riposte! Hurls down a bouncer around the line off, he goes for the pull 
looking a bit ungainly",8.5,0,0.0,"Ngarava to Bhurtel, no run  .That's a good riposte! Hurls down a bouncer around the line off, he goes for the pull  .looking a bit ungainly",Ngarava,Bhurtel,0.0,0,0,1,1,0.0,0,,0
"8.6 
1 
Ngarava to Bhurtel, 1 run 
Short and wide, slapped off the backfoot to deep third man for a run 
end of over 96 runs  
NEP: 42/0CRR: 4.66  
Kushal Bhurtel28 (35b 6x4) 
Aasif Sheikh11 (19b 1x4) 
Richard Ngarava 4-1-16-0 
Blessing Muzarabani 1-0-5-0",8.6,1,1.0,"Ngarava to Bhurtel, 1 run  .Short and wide, slapped off the backfoot to deep third man for a run",Ngarava,Bhurtel,1.0,0,0,1,1,1.0,0,,1
"9.1 
1 
Muzarabani to Bhurtel, 1 run 
Goes full and aims at the stumps, squirted away to short cover, hustles and bustles for 
a run, full-length dive at the non-striker's end, shy at the stumps, could have been very 
close had that clattered onto the stumps",9.1,1,1.0,"Muzarabani to Bhurtel, 1 run  .Goes full and aims at the stumps, squirted away to short cover, hustles and bustles for  .a run, full-length dive at the non-striker's end, shy at the stumps, could have been very  .close had that clattered onto the stumps",Muzarabani,Bhurtel,1.0,0,0,1,1,1.0,0,,1
"9.2 
• 
Muzarabani to Aasif Sheikh, no run 
Length ball on middle and leg, tucked away off the backfoot into the leg side",9.2,0,0.0,"Muzarabani to Aasif Sheikh, no run  .Length ball on middle and leg, tucked away off the backfoot into the leg side",Muzarabani,Aasif Sheikh,0.0,0,0,1,1,0.0,0,,0
"9.3 
• 
Muzarabani to Aasif Sheikh, no run 
Good length, attacking off stump line, leans forward and punched into the covers",9.3,0,0.0,"Muzarabani to Aasif Sheikh, no run  .Good length, attacking off stump line, leans forward and punched into the covers",Muzarabani,Aasif Sheikh,0.0,0,0,1,1,0.0,0,,0
"9.4 
2 
Muzarabani to Aasif Sheikh, 2 runs 
Banged in short outside off, goes back and hooks, didn't connect properly and the ball 
lands into the empty spaces around deep midwicket",9.4,2,2.0,"Muzarabani to Aasif Sheikh, 2 runs  .Banged in short outside off, goes back and hooks, didn't connect properly and the ball  .lands into the empty spaces around deep midwicket",Muzarabani,Aasif Sheikh,2.0,0,0,1,1,2.0,0,,1
"9.5 
• 
Muzarabani to Aasif Sheikh, no run 
Fraction shorter, wicket-to-wicket stuff, gets right behind the line of the ball and clips it 
to the leg side",9.5,0,0.0,"Muzarabani to Aasif Sheikh, no run  .Fraction shorter, wicket-to-wicket stuff, gets right behind the line of the ball and clips it  .to the leg side",Muzarabani,Aasif Sheikh,0.0,0,0,1,1,0.0,0,,0
"9.6 
• 
Muzarabani to Aasif Sheikh, no run 
On a length, angled into middle and leg, stays firmly rooted in his crease and nudges it 
away to square leg's left 
Danyal will take you through the next 10 overs 
end of over 103 runs  
NEP: 45/0CRR: 4.50  
Aasif Sheikh13 (24b 1x4) 
Kushal Bhurtel29 (36b 6x4) 
Blessing Muzarabani 2-0-8-0 
Richard Ngarava 4-1-16-0 
Cheers Rvel. Ngarava to continue",9.6,0,0.0,"Muzarabani to Aasif Sheikh, no run  .On a length, angled into middle and leg, stays firmly rooted in his crease and nudges it  .away to square leg's left  .Danyal will take you through the next 10 overs",Muzarabani,Aasif Sheikh,0.0,0,0,1,1,0.0,0,,0
"10.1 
• 
Ngarava to Bhurtel, no run 
Lands on length, going across the batter, who shoulders arms",10.1,0,0.0,"Ngarava to Bhurtel, no run  .Lands on length, going across the batter, who shoulders arms",Ngarava,Bhurtel,0.0,0,0,1,1,0.0,0,,0
"10.2 
• 
Ngarava to Bhurtel, no run 
closer to the stumps this time, but he's comfortable letting this one go, too",10.2,0,0.0,"Ngarava to Bhurtel, no run  .closer to the stumps this time, but he's comfortable letting this one go, too",Ngarava,Bhurtel,0.0,0,0,1,1,0.0,0,,0
"10.3 
• 
Ngarava to Bhurtel, no run 
defended into the offside",10.3,0,0.0,"Ngarava to Bhurtel, no run  .defended into the offside",Ngarava,Bhurtel,0.0,0,0,1,1,0.0,0,,0
"10.4 
• 
Ngarava to Bhurtel, no run 
another prod into the offside from Bhurtel",10.4,0,0.0,"Ngarava to Bhurtel, no run  .another prod into the offside from Bhurtel",Ngarava,Bhurtel,0.0,0,0,1,1,0.0,0,,0
"10.5 
3 
Ngarava to Bhurtel, 3 runs 
stepped across the line and clipped it into the onside, giving Evans a long chase. 
Manages to cut it off just before it reaches the boundary, and Nepal run three",10.5,3,3.0,"Ngarava to Bhurtel, 3 runs  .stepped across the line and clipped it into the onside, giving Evans a long chase.  .Manages to cut it off just before it reaches the boundary, and Nepal run three",Ngarava,Bhurtel,3.0,0,0,1,1,3.0,0,,1
"10.6 
• 
Ngarava to Aasif Sheikh, no run 
driven back to Ngarava - a misfield tempted the pair into a run initially, but they decide 
against it 
end of over 113 runs  
NEP: 48/0CRR: 4.36  
Aasif Sheikh13 (25b 1x4) 
Kushal Bhurtel32 (41b 6x4) 
Richard Ngarava 5-1-19-0 
Blessing Muzarabani 2-0-8-0",10.6,0,0.0,"Ngarava to Aasif Sheikh, no run  .driven back to Ngarava - a misfield tempted the pair into a run initially, but they decide  .against it",Ngarava,Aasif Sheikh,0.0,0,0,1,1,0.0,0,,0
"11.1 
1 
Muzarabani to Bhurtel, 1 run 
opens the face and runs it down to third man",11.1,1,1.0,"Muzarabani to Bhurtel, 1 run  .opens the face and runs it down to third man",Muzarabani,Bhurtel,1.0,0,0,1,1,1.0,0,,1
"11.2 
• 
Muzarabani to Aasif Sheikh, no run 
hard length once more, and Aasif blocks",11.2,0,0.0,"Muzarabani to Aasif Sheikh, no run  .hard length once more, and Aasif blocks",Muzarabani,Aasif Sheikh,0.0,0,0,1,1,0.0,0,,0
"11.3 
• 
Muzarabani to Aasif Sheikh, no run 
elegantly timed drive but it's straight to cover point. Nice little string of dot balls 
Zimbabwe's bowlers are building",11.3,0,0.0,"Muzarabani to Aasif Sheikh, no run  .elegantly timed drive but it's straight to cover point. Nice little string of dot balls  .Zimbabwe's bowlers are building",Muzarabani,Aasif Sheikh,0.0,0,0,1,1,0.0,0,,0
"11.4 
• 
Muzarabani to Aasif Sheikh, no run 
slightly back of a length this time, punched straight to a fielder in the covers again",11.4,0,0.0,"Muzarabani to Aasif Sheikh, no run  .slightly back of a length this time, punched straight to a fielder in the covers again",Muzarabani,Aasif Sheikh,0.0,0,0,1,1,0.0,0,,0
"11.5 
1 
Muzarabani to Aasif Sheikh, 1 run 
picked up smartly over the onside, clipped to fine leg for a single that brings up the 50-
partnership between these two",11.5,1,1.0,"Muzarabani to Aasif Sheikh, 1 run  .picked up smartly over the onside, clipped to fine leg for a single that brings up the 50- .partnership between these two",Muzarabani,Aasif Sheikh,1.0,0,0,1,1,1.0,0,,1
"11.6 
• 
Muzarabani to Bhurtel, no run 
lovely ball to finish the over, maintaining it's fourth stump line. Bhurtel hangs his bat out 
and it nearly takes the outside edge 
end of over 122 runs  
NEP: 50/0CRR: 4.16  
Kushal Bhurtel33 (43b 6x4) 
Aasif Sheikh14 (29b 1x4) 
Blessing Muzarabani 3-0-10-0 
Richard Ngarava 5-1-19-0 
We've got spin now - Wellington Masakada to bowl",11.6,0,0.0,"Muzarabani to Bhurtel, no run  .lovely ball to finish the over, maintaining it's fourth stump line. Bhurtel hangs his bat out  .and it nearly takes the outside edge",Muzarabani,Bhurtel,0.0,0,0,1,1,0.0,0,,0
"12.1 
1 
Masakadza to Aasif Sheikh, 1 run 
extremely smart running, a little poke into the offside and they scurry through for one. 
Bhurtel needed to put in a dive, but he gets there fairly comfortably in the end",12.1,1,1.0,"Masakadza to Aasif Sheikh, 1 run  .extremely smart running, a little poke into the offside and they scurry through for one.  .Bhurtel needed to put in a dive, but he gets there fairly comfortably in the end",Masakadza,Aasif Sheikh,1.0,0,0,1,1,1.0,0,,1
"12.2 
• 
Masakadza to Bhurtel, no run",12.2,0,0.0,"Masakadza to Bhurtel, no run",Masakadza,Bhurtel,0.0,0,0,1,1,0.0,0,,0
"12.3 
• 
Masakadza to Bhurtel, no run 
magnificent fielding from Raza at backward point. It was slashed away at pace but 
Raza dives to his left and saves what would have been a certain four",12.3,0,0.0,"Masakadza to Bhurtel, no run  .magnificent fielding from Raza at backward point. It was slashed away at pace but  .Raza dives to his left and saves what would have been a certain four",Masakadza,Bhurtel,0.0,0,0,1,1,0.0,0,,0
"12.4 
• 
Masakadza to Bhurtel, no run 
clipped into the onside",12.4,0,0.0,"Masakadza to Bhurtel, no run  .clipped into the onside",Masakadza,Bhurtel,0.0,0,0,1,1,0.0,0,,0
"12.5 
• 
Masakadza to Bhurtel, no run",12.5,0,0.0,"Masakadza to Bhurtel, no run",Masakadza,Bhurtel,0.0,0,0,1,1,0.0,0,,0
"12.6 
1 
Masakadza to Bhurtel, 1 run 
eased down the ground for a single. 2 runs off the first Masakadza over 
end of over 132 runs  
NEP: 52/0CRR: 4.00  
Kushal Bhurtel34 (48b 6x4) 
Aasif Sheikh15 (30b 1x4) 
Wellington Masakadza 1-0-2-0 
Blessing Muzarabani 3-0-10-0 
Mahtab Mikrani: ""Excellent start by Nepal. Wow, my excitement getting higher. Go 
Nepal.""",12.6,1,1.0,"Masakadza to Bhurtel, 1 run  .eased down the ground for a single. 2 runs off the first Masakadza over",Masakadza,Bhurtel,1.0,0,0,1,1,1.0,0,,1
"13.1 
4 
Muzarabani to Bhurtel, FOUR runs 
beautiful timing and placement. It's a length ball, Bhurtel waits for it and cut it right 
underneath his eyeline. It finds the gap in the point region and absolutely speeds away 
for four",13.1,4,4.0,"Muzarabani to Bhurtel, FOUR runs  .beautiful timing and placement. It's a length ball, Bhurtel waits for it and cut it right  .underneath his eyeline. It finds the gap in the point region and absolutely speeds away  .for four",Muzarabani,Bhurtel,4.0,1,0,1,1,4.0,0,,1
"13.2 
• 
Muzarabani to Bhurtel, no run 
good comeback, it seams away and whooshes past the outsude edge",13.2,0,0.0,"Muzarabani to Bhurtel, no run  .good comeback, it seams away and whooshes past the outsude edge",Muzarabani,Bhurtel,0.0,0,0,1,1,0.0,0,,0
"13.3 
1 
Muzarabani to Bhurtel, 1 run 
tucked into the onside as the pair exchange ends",13.3,1,1.0,"Muzarabani to Bhurtel, 1 run  .tucked into the onside as the pair exchange ends",Muzarabani,Bhurtel,1.0,0,0,1,1,1.0,0,,1
"13.4 
• 
Muzarabani to Aasif Sheikh, no run 
a direct hit from WIlliams would have seen Aasif run out by a mile. Magnificent diving 
stop at short midwicket. Aasif was a quarter of the way down the pitch with no 
recourse, but Williams needed to hit the stumps",13.4,0,0.0,"Muzarabani to Aasif Sheikh, no run  .a direct hit from WIlliams would have seen Aasif run out by a mile. Magnificent diving  .stop at short midwicket. Aasif was a quarter of the way down the pitch with no  .recourse, but Williams needed to hit the stumps",Muzarabani,Aasif Sheikh,0.0,0,0,1,1,0.0,0,,0
"13.5 
• 
Muzarabani to Aasif Sheikh, no run 
bouncer that Aasif opts to get underneath",13.5,0,0.0,"Muzarabani to Aasif Sheikh, no run  .bouncer that Aasif opts to get underneath",Muzarabani,Aasif Sheikh,0.0,0,0,1,1,0.0,0,,0
"13.6 
• 
Muzarabani to Aasif Sheikh, no run 
hits the inner half of the bat. Strong comeback from Muzarabani after the first ball 
end of over 145 runs  
NEP: 57/0CRR: 4.07  
Aasif Sheikh15 (33b 1x4) 
Kushal Bhurtel39 (51b 7x4) 
Blessing Muzarabani 4-0-15-0 
Wellington Masakadza 1-0-2-0 
D Paudel: ""Nepali openers are following the phrase 'slow and steady wins the race'.. go 
Nepal go""",13.6,0,0.0,"Muzarabani to Aasif Sheikh, no run  .hits the inner half of the bat. Strong comeback from Muzarabani after the first ball",Muzarabani,Aasif Sheikh,0.0,0,0,1,1,0.0,0,,0
"14.1 
• 
Masakadza to Bhurtel, no run 
played back to the bowler",14.1,0,0.0,"Masakadza to Bhurtel, no run  .played back to the bowler",Masakadza,Bhurtel,0.0,0,0,1,1,0.0,0,,0
"14.2 
1 
Masakadza to Bhurtel, 1 run 
eased towards long-off",14.2,1,1.0,"Masakadza to Bhurtel, 1 run  .eased towards long-off",Masakadza,Bhurtel,1.0,0,0,1,1,1.0,0,,1
"14.3 
1 
Masakadza to Aasif Sheikh, 1 run 
Aasif leans on it and works it down the ground to rotate the strike",14.3,1,1.0,"Masakadza to Aasif Sheikh, 1 run  .Aasif leans on it and works it down the ground to rotate the strike",Masakadza,Aasif Sheikh,1.0,0,0,1,1,1.0,0,,1
"14.4 
• 
Masakadza to Bhurtel, no run 
defended towards midwicket",14.4,0,0.0,"Masakadza to Bhurtel, no run  .defended towards midwicket",Masakadza,Bhurtel,0.0,0,0,1,1,0.0,0,,0
"14.5 
1 
Masakadza to Bhurtel, 1 run 
punched towards sweeper cover",14.5,1,1.0,"Masakadza to Bhurtel, 1 run  .punched towards sweeper cover",Masakadza,Bhurtel,1.0,0,0,1,1,1.0,0,,1
"14.6 
1 
Masakadza to Aasif Sheikh, 1 run 
worked through the offside for another single. Strike rotation was better this over as 
Masakadza isn't allowed to rush through his six balls 
end of over 154 runs  
NEP: 61/0CRR: 4.06  
Aasif Sheikh17 (35b 1x4) 
Kushal Bhurtel41 (55b 7x4) 
Wellington Masakadza 2-0-6-0 
Blessing Muzarabani 4-0-15-0",14.6,1,1.0,"Masakadza to Aasif Sheikh, 1 run  .worked through the offside for another single. Strike rotation was better this over as  .Masakadza isn't allowed to rush through his six balls",Masakadza,Aasif Sheikh,1.0,0,0,1,1,1.0,0,,1
"15.1 
4 
Muzarabani to Aasif Sheikh, FOUR runs 
slapped through the offside. Didn't quite get on top of it or middle it, but times it well 
enough to find the gao through the covers. The outfield does the rest and Aasif picks up 
another four",15.1,4,4.0,"Muzarabani to Aasif Sheikh, FOUR runs  .slapped through the offside. Didn't quite get on top of it or middle it, but times it well  .enough to find the gao through the covers. The outfield does the rest and Aasif picks up  .another four",Muzarabani,Aasif Sheikh,4.0,1,0,1,1,4.0,0,,1
"15.2 
1 
Muzarabani to Aasif Sheikh, 1 run 
nudged towards mid-on for another single",15.2,1,1.0,"Muzarabani to Aasif Sheikh, 1 run  .nudged towards mid-on for another single",Muzarabani,Aasif Sheikh,1.0,0,0,1,1,1.0,0,,1
"15.3 
• 
Muzarabani to Bhurtel, no run 
driven straight to mid-off",15.3,0,0.0,"Muzarabani to Bhurtel, no run  .driven straight to mid-off",Muzarabani,Bhurtel,0.0,0,0,1,1,0.0,0,,0
"15.4 
1 
Muzarabani to Bhurtel, 1 run 
turns it round the corner for another single 
sunil thapa: ""Lets go Nepal, Lets who the world we are coming for cricket. """,15.4,1,1.0,"Muzarabani to Bhurtel, 1 run  .turns it round the corner for another single",Muzarabani,Bhurtel,1.0,0,0,1,1,1.0,0,,1
"15.5 
• 
Muzarabani to Aasif Sheikh, no run 
back of a length, angling into the batter. He defends it into the offside",15.5,0,0.0,"Muzarabani to Aasif Sheikh, no run  .back of a length, angling into the batter. He defends it into the offside",Muzarabani,Aasif Sheikh,0.0,0,0,1,1,0.0,0,,0
"15.6 
1lb 
Muzarabani to Aasif Sheikh, 1 leg bye 
rapped on the pads, prompting a muffled appeal from Zimbabwe. The umpire is 
unmoved and Nepal sneak a legbye. Looked like height was likely the issue there 
end of over 167 runs  
NEP: 68/0CRR: 4.25  
Aasif Sheikh22 (39b 2x4) 
Kushal Bhurtel42 (57b 7x4) 
Blessing Muzarabani 5-0-21-0 
Wellington Masakadza 2-0-6-0 
prashant dahal: ""the nepalese are batting really well here but the strike rotation is very 
poor, need to convert those dot balls into singles """,15.6,1lb,1.0,"Muzarabani to Aasif Sheikh, 1 leg bye  .rapped on the pads, prompting a muffled appeal from Zimbabwe. The umpire is  .unmoved and Nepal sneak a legbye. Looked like height was likely the issue there",Muzarabani,Aasif Sheikh,0.0,0,0,1,1,0.0,0,,0
"16.1 
• 
Masakadza to Aasif Sheikh, no run 
plants the front foot and defends",16.1,0,0.0,"Masakadza to Aasif Sheikh, no run  .plants the front foot and defends",Masakadza,Aasif Sheikh,0.0,0,0,1,1,0.0,0,,0
"16.2 
• 
Masakadza to Aasif Sheikh, no run 
driven to mid-off, where some sharp fielding prevents the single",16.2,0,0.0,"Masakadza to Aasif Sheikh, no run  .driven to mid-off, where some sharp fielding prevents the single",Masakadza,Aasif Sheikh,0.0,0,0,1,1,0.0,0,,0
"16.3 
• 
Masakadza to Aasif Sheikh, no run 
defended once more",16.3,0,0.0,"Masakadza to Aasif Sheikh, no run  .defended once more",Masakadza,Aasif Sheikh,0.0,0,0,1,1,0.0,0,,0
"16.4 
1 
Masakadza to Aasif Sheikh, 1 run 
cut away to deep cover-point for the first run of the over",16.4,1,1.0,"Masakadza to Aasif Sheikh, 1 run  .cut away to deep cover-point for the first run of the over",Masakadza,Aasif Sheikh,1.0,0,0,1,1,1.0,0,,1
"16.5 
4 
Masakadza to Bhurtel, FOUR runs 
heaved it towards cow corner, and though it's not out of the middle, the slog sweep is in 
the gap. Gets enough purchase on it to clear the infield and beat the long-on fielder",16.5,4,4.0,"Masakadza to Bhurtel, FOUR runs  .heaved it towards cow corner, and though it's not out of the middle, the slog sweep is in  .the gap. Gets enough purchase on it to clear the infield and beat the long-on fielder",Masakadza,Bhurtel,4.0,1,0,1,1,4.0,0,,1
"16.6 
• 
Masakadza to Bhurtel, no run 
defended, but Nepal still get five off that over 
end of over 175 runs  
NEP: 73/0CRR: 4.29  
Kushal Bhurtel46 (59b 8x4) 
Aasif Sheikh23 (43b 2x4) 
Wellington Masakadza 3-0-11-0 
Blessing Muzarabani 5-0-21-0",16.6,0,0.0,"Masakadza to Bhurtel, no run  .defended, but Nepal still get five off that over",Masakadza,Bhurtel,0.0,0,0,1,1,0.0,0,,0
"17.1 
1 
Williams to Aasif Sheikh, 1 run 
driven back down the ground",17.1,1,1.0,"Williams to Aasif Sheikh, 1 run  .driven back down the ground",Williams,Aasif Sheikh,1.0,0,0,1,1,1.0,0,,1
"17.2 
1 
Williams to Bhurtel, 1 run 
gets a top edge as he tried to play against the turn. Flew up into the offside, but lands in 
a gap",17.2,1,1.0,"Williams to Bhurtel, 1 run  .gets a top edge as he tried to play against the turn. Flew up into the offside, but lands in  .a gap",Williams,Bhurtel,1.0,0,0,1,1,1.0,0,,1
"17.3 
• 
Williams to Aasif Sheikh, no run 
defended",17.3,0,0.0,"Williams to Aasif Sheikh, no run  .defended",Williams,Aasif Sheikh,0.0,0,0,1,1,0.0,0,,0
"17.4 
• 
Williams to Aasif Sheikh, no run 
defended once more",17.4,0,0.0,"Williams to Aasif Sheikh, no run  .defended once more",Williams,Aasif Sheikh,0.0,0,0,1,1,0.0,0,,0
"17.5 
• 
Williams to Aasif Sheikh, no run 
blocked once more",17.5,0,0.0,"Williams to Aasif Sheikh, no run  .blocked once more",Williams,Aasif Sheikh,0.0,0,0,1,1,0.0,0,,0
"17.6 
1 
Williams to Aasif Sheikh, 1 run 
nurdled into the onside to keep the strike, and after that fantastic start for Nepal, the 
drinks come on 
end of over 183 runs  
NEP: 76/0CRR: 4.22  
Aasif Sheikh25 (48b 2x4) 
Kushal Bhurtel47 (60b 8x4) 
Sean Williams 1-0-3-0 
Wellington Masakadza 3-0-11-0",17.6,1,1.0,"Williams to Aasif Sheikh, 1 run  .nurdled into the onside to keep the strike, and after that fantastic start for Nepal, the  .drinks come on",Williams,Aasif Sheikh,1.0,0,0,1,1,1.0,0,,1
"18.1 
• 
Masakadza to Aasif Sheikh, no run 
driven back to Masakadza",18.1,0,0.0,"Masakadza to Aasif Sheikh, no run  .driven back to Masakadza",Masakadza,Aasif Sheikh,0.0,0,0,1,1,0.0,0,,0
"18.2 
1 
Masakadza to Aasif Sheikh, 1 run 
eased to long-off as Aasif ambles down the other end",18.2,1,1.0,"Masakadza to Aasif Sheikh, 1 run  .eased to long-off as Aasif ambles down the other end",Masakadza,Aasif Sheikh,1.0,0,0,1,1,1.0,0,,1
"18.3 
1 
Masakadza to Bhurtel, 1 run 
prodded back down the ground",18.3,1,1.0,"Masakadza to Bhurtel, 1 run  .prodded back down the ground",Masakadza,Bhurtel,1.0,0,0,1,1,1.0,0,,1
"18.4 
• 
Masakadza to Aasif Sheikh, no run 
tried to sweep and missed, catching him in the chest area. It was only the bounce of the 
ball that prevented a huge lbw appeal",18.4,0,0.0,"Masakadza to Aasif Sheikh, no run  .tried to sweep and missed, catching him in the chest area. It was only the bounce of the  .ball that prevented a huge lbw appeal",Masakadza,Aasif Sheikh,0.0,0,0,1,1,0.0,0,,0
"18.5 
• 
Masakadza to Aasif Sheikh, no run",18.5,0,0.0,"Masakadza to Aasif Sheikh, no run",Masakadza,Aasif Sheikh,0.0,0,0,1,1,0.0,0,,0
"18.6 
1 
Masakadza to Aasif Sheikh, 1 run 
whipped towards long-on to keep the strike, but Masakadza has sneaked in another 
tight over here 
end of over 193 runs  
NEP: 79/0CRR: 4.15  
Aasif Sheikh27 (53b 2x4) 
Kushal Bhurtel48 (61b 8x4) 
Wellington Masakadza 4-0-14-0 
Sean Williams 1-0-3-0",18.6,1,1.0,"Masakadza to Aasif Sheikh, 1 run  .whipped towards long-on to keep the strike, but Masakadza has sneaked in another  .tight over here",Masakadza,Aasif Sheikh,1.0,0,0,1,1,1.0,0,,1
"19.1 
1 
Williams to Aasif Sheikh, 1 run 
driven down the ground for a single",19.1,1,1.0,"Williams to Aasif Sheikh, 1 run  .driven down the ground for a single",Williams,Aasif Sheikh,1.0,0,0,1,1,1.0,0,,1
"19.2 
1w 
Williams to Bhurtel, 1 wide 
drags this one down legside and the umpire calls it wide",19.2,1w,1.0,"Williams to Bhurtel, 1 wide  .drags this one down legside and the umpire calls it wide",Williams,Bhurtel,0.0,0,0,0,0,1.0,0,,1
"19.2 
1 
Williams to Bhurtel, 1 run 
prodded into the offside for a single",19.2,1,1.0,"Williams to Bhurtel, 1 run  .prodded into the offside for a single",Williams,Bhurtel,1.0,0,0,1,1,1.0,0,,1
"19.3 
• 
Williams to Aasif Sheikh, no run 
low full toss, clipped back to Williams",19.3,0,0.0,"Williams to Aasif Sheikh, no run  .low full toss, clipped back to Williams",Williams,Aasif Sheikh,0.0,0,0,1,1,0.0,0,,0
"19.4 
• 
Williams to Aasif Sheikh, no run 
pushed into the offside",19.4,0,0.0,"Williams to Aasif Sheikh, no run  .pushed into the offside",Williams,Aasif Sheikh,0.0,0,0,1,1,0.0,0,,0
"19.5 
1 
Williams to Aasif Sheikh, 1 run 
flatter and quicker from Williams, at 94 kph. Deft little slap down the ground for a single",19.5,1,1.0,"Williams to Aasif Sheikh, 1 run  .flatter and quicker from Williams, at 94 kph. Deft little slap down the ground for a single",Williams,Aasif Sheikh,1.0,0,0,1,1,1.0,0,,1
"19.6 
1 
Williams to Bhurtel, 1 run 
eased to long-on as Bhurtel brings up his half-century. Really clinicial knock, that, and 
to tell you all about it, Rvel jumps back in 
See all photos 
end of over 205 runs  
NEP: 84/0CRR: 4.20  
Kushal Bhurtel50 (63b 8x4) 
Aasif Sheikh29 (57b 2x4) 
Sean Williams 2-0-8-0 
Wellington Masakadza 4-0-14-0",19.6,1,1.0,"Williams to Bhurtel, 1 run  .eased to long-on as Bhurtel brings up his half-century. Really clinicial knock, that, and  .to tell you all about it, Rvel jumps back in  .See all photos",Williams,Bhurtel,1.0,0,0,1,1,1.0,0,,1
"20.1 
1 
Raza to Bhurtel, 1 run 
Tossed up, turning in from outside off, clipped away wristily to the leg side for r a run",20.1,1,1.0,"Raza to Bhurtel, 1 run  .Tossed up, turning in from outside off, clipped away wristily to the leg side for r a run",Raza,Bhurtel,1.0,0,0,1,1,1.0,0,,1
"20.2 
• 
Raza to Aasif Sheikh, no run 
Lobbed up on a length outside off, punched off the backfoot to short cover",20.2,0,0.0,"Raza to Aasif Sheikh, no run  .Lobbed up on a length outside off, punched off the backfoot to short cover",Raza,Aasif Sheikh,0.0,0,0,1,1,0.0,0,,0
"20.3 
1 
Raza to Aasif Sheikh, 1 run 
Flighted delivery on a length, drifting down middle leg, slinks back and tucks it away off 
the pads to square leg for a run",20.3,1,1.0,"Raza to Aasif Sheikh, 1 run  .Flighted delivery on a length, drifting down middle leg, slinks back and tucks it away off  .the pads to square leg for a run",Raza,Aasif Sheikh,1.0,0,0,1,1,1.0,0,,1
"20.4 
• 
Raza to Bhurtel, no run 
Attempts a cut but fails to connect, pitched a little short and spun away sharply just 
outside off, squared him",20.4,0,0.0,"Raza to Bhurtel, no run  .Attempts a cut but fails to connect, pitched a little short and spun away sharply just  .outside off, squared him",Raza,Bhurtel,0.0,0,0,1,1,0.0,0,,0
"20.5 
• 
Raza to Bhurtel, no run 
Stays rooted deep in his crease and defends off the backfoot",20.5,0,0.0,"Raza to Bhurtel, no run  .Stays rooted deep in his crease and defends off the backfoot",Raza,Bhurtel,0.0,0,0,1,1,0.0,0,,0
"20.6 
• 
Raza to Bhurtel, no run 
Excellent over from Raza, only two conceded. Tossed up on a length and it veers back 
from outside off, he lunges back and defends it 
end of over 212 runs  
NEP: 86/0CRR: 4.09  
Kushal Bhurtel51 (67b 8x4) 
Aasif Sheikh30 (59b 2x4) 
Sikandar Raza 1-0-2-0 
Sean Williams 2-0-8-0",20.6,0,0.0,"Raza to Bhurtel, no run  .Excellent over from Raza, only two conceded. Tossed up on a length and it veers back  .from outside off, he lunges back and defends it",Raza,Bhurtel,0.0,0,0,1,1,0.0,0,,0
"21.1 
1 
Williams to Aasif Sheikh, 1 run 
Tries to go over the midwicket, cannot get underneath it, flicked away to midwicket",21.1,1,1.0,"Williams to Aasif Sheikh, 1 run  .Tries to go over the midwicket, cannot get underneath it, flicked away to midwicket",Williams,Aasif Sheikh,1.0,0,0,1,1,1.0,0,,1
"21.2 
6 
Williams to Bhurtel, SIX runs 
Slog swept into oblivion! That's a proper wallop, gets down low to it and biffs it over 
midwicket for a maximum",21.2,6,6.0,"Williams to Bhurtel, SIX runs  .Slog swept into oblivion! That's a proper wallop, gets down low to it and biffs it over  .midwicket for a maximum",Williams,Bhurtel,6.0,0,1,1,1,6.0,0,,1
"21.3 
1 
Williams to Bhurtel, 1 run 
Presses it down to long-off and ambles across to the other end",21.3,1,1.0,"Williams to Bhurtel, 1 run  .Presses it down to long-off and ambles across to the other end",Williams,Bhurtel,1.0,0,0,1,1,1.0,0,,1
"21.4 
2lb 
Williams to Aasif Sheikh, 2 leg byes 
Sprays it down the leg side, brushes the pads and flutters behind square on the leg side, 
deep fine gathers the ball",21.4,2lb,2.0,"Williams to Aasif Sheikh, 2 leg byes  .Sprays it down the leg side, brushes the pads and flutters behind square on the leg side,  .deep fine gathers the ball",Williams,Aasif Sheikh,0.0,0,0,1,1,0.0,0,,0
"21.5 
• 
Williams to Aasif Sheikh, no run 
Nudges the ball down the ground, mid-on charges in and hunts it down quickly to 
prevent any thoughts of a single",21.5,0,0.0,"Williams to Aasif Sheikh, no run  .Nudges the ball down the ground, mid-on charges in and hunts it down quickly to  .prevent any thoughts of a single",Williams,Aasif Sheikh,0.0,0,0,1,1,0.0,0,,0
"21.6 
• 
Williams to Aasif Sheikh, no run 
Tossed up on a fuller length, not allowing much room to free arms, scuffs a drive back 
to the bowler 
end of over 2210 runs  
NEP: 96/0CRR: 4.36  
Aasif Sheikh31 (63b 2x4) 
Kushal Bhurtel58 (69b 8x4 1x6) 
Sean Williams 3-0-16-0 
Sikandar Raza 1-0-2-0",21.6,0,0.0,"Williams to Aasif Sheikh, no run  .Tossed up on a fuller length, not allowing much room to free arms, scuffs a drive back  .to the bowler",Williams,Aasif Sheikh,0.0,0,0,1,1,0.0,0,,0
"22.1 
1 
Raza to Bhurtel, 1 run 
Manoeuvres the ball off the backfoot into the empty spaces at midwicket for a run",22.1,1,1.0,"Raza to Bhurtel, 1 run  .Manoeuvres the ball off the backfoot into the empty spaces at midwicket for a run",Raza,Bhurtel,1.0,0,0,1,1,1.0,0,,1
"22.2 
1 
Raza to Aasif Sheikh, 1 run 
Goes back and deflects it to the leg side",22.2,1,1.0,"Raza to Aasif Sheikh, 1 run  .Goes back and deflects it to the leg side",Raza,Aasif Sheikh,1.0,0,0,1,1,1.0,0,,1
"22.3 
1 
Raza to Bhurtel, 1 run 
Jumps back, dinks it away to square leg and tears across to the other end",22.3,1,1.0,"Raza to Bhurtel, 1 run  .Jumps back, dinks it away to square leg and tears across to the other end",Raza,Bhurtel,1.0,0,0,1,1,1.0,0,,1
"22.4 
• 
Raza to Aasif Sheikh, no run 
Lobbed up on a length outside off, hacked away to short third",22.4,0,0.0,"Raza to Aasif Sheikh, no run  .Lobbed up on a length outside off, hacked away to short third",Raza,Aasif Sheikh,0.0,0,0,1,1,0.0,0,,0
"22.5 
1 
Raza to Aasif Sheikh, 1 run 
Flighted delivery on middle stump, leans back and works it off his pads to short 
midwicket region",22.5,1,1.0,"Raza to Aasif Sheikh, 1 run  .Flighted delivery on middle stump, leans back and works it off his pads to short  .midwicket region",Raza,Aasif Sheikh,1.0,0,0,1,1,1.0,0,,1
"22.6 
4 
Raza to Bhurtel, FOUR runs 
Overpitched delivery and rapped through cover for a magnificent boundary! Just erred in 
his length wee bit and he pounces on it in a jiffy, all along the carpet. Nonchalant stuff 
end of over 238 runs  
NEP: 104/0CRR: 4.52  
Kushal Bhurtel64 (72b 9x4 1x6) 
Aasif Sheikh33 (66b 2x4) 
Sikandar Raza 2-0-10-0 
Sean Williams 3-0-16-0",22.6,4,4.0,"Raza to Bhurtel, FOUR runs  .Overpitched delivery and rapped through cover for a magnificent boundary! Just erred in  .his length wee bit and he pounces on it in a jiffy, all along the carpet. Nonchalant stuff",Raza,Bhurtel,4.0,1,0,1,1,4.0,0,,1
"23.1 
• 
Williams to Aasif Sheikh, no run 
Flicked away to the leg side, protection in the ring",23.1,0,0.0,"Williams to Aasif Sheikh, no run  .Flicked away to the leg side, protection in the ring",Williams,Aasif Sheikh,0.0,0,0,1,1,0.0,0,,0
"23.2 
4 
Williams to Aasif Sheikh, FOUR runs 
Brings the broom out and nails the swept to perfection, rolls his wrists and tugs it away 
past backward square for a scintillating boundary",23.2,4,4.0,"Williams to Aasif Sheikh, FOUR runs  .Brings the broom out and nails the swept to perfection, rolls his wrists and tugs it away  .past backward square for a scintillating boundary",Williams,Aasif Sheikh,4.0,1,0,1,1,4.0,0,,1
"23.3 
1 
Williams to Aasif Sheikh, 1 run 
Gently caresses down to long off for a run",23.3,1,1.0,"Williams to Aasif Sheikh, 1 run  .Gently caresses down to long off for a run",Williams,Aasif Sheikh,1.0,0,0,1,1,1.0,0,,1
"23.4 
1 
Williams to Bhurtel, 1 run 
Prods it down to long-on and gallops across to the other end",23.4,1,1.0,"Williams to Bhurtel, 1 run  .Prods it down to long-on and gallops across to the other end",Williams,Bhurtel,1.0,0,0,1,1,1.0,0,,1
"23.5 
• 
Williams to Aasif Sheikh, no run 
Nice loop, lands it on a fuller length, turning in from outside off, slices this away to short 
cover",23.5,0,0.0,"Williams to Aasif Sheikh, no run  .Nice loop, lands it on a fuller length, turning in from outside off, slices this away to short  .cover",Williams,Aasif Sheikh,0.0,0,0,1,1,0.0,0,,0
"23.6 
1 
Williams to Aasif Sheikh, 1 run 
Tossed up, right up to the toes, guides it away behind square on the leg side for a run 
and keeps motoring along 
end of over 247 runs  
NEP: 111/0CRR: 4.62  
Aasif Sheikh39 (71b 3x4) 
Kushal Bhurtel65 (73b 9x4 1x6) 
Sean Williams 4-0-23-0 
Sikandar Raza 2-0-10-0",23.6,1,1.0,"Williams to Aasif Sheikh, 1 run  .Tossed up, right up to the toes, guides it away behind square on the leg side for a run  .and keeps motoring along",Williams,Aasif Sheikh,1.0,0,0,1,1,1.0,0,,1
"24.1 
1 
Raza to Aasif Sheikh, 1 run 
Tossed up, fuller and outside off, squeezed out to extra cover for a run",24.1,1,1.0,"Raza to Aasif Sheikh, 1 run  .Tossed up, fuller and outside off, squeezed out to extra cover for a run",Raza,Aasif Sheikh,1.0,0,0,1,1,1.0,0,,1
"24.2 
1 
Raza to Bhurtel, 1 run 
Tossed up, veering in towards middle and leg, swivels and punches it away to backward 
square for a run",24.2,1,1.0,"Raza to Bhurtel, 1 run  .Tossed up, veering in towards middle and leg, swivels and punches it away to backward  .square for a run",Raza,Bhurtel,1.0,0,0,1,1,1.0,0,,1
"24.3 
• 
Raza to Aasif Sheikh, no run 
Goes back and nudges it away to short midwicket",24.3,0,0.0,"Raza to Aasif Sheikh, no run  .Goes back and nudges it away to short midwicket",Raza,Aasif Sheikh,0.0,0,0,1,1,0.0,0,,0
"24.4 
• 
Raza to Aasif Sheikh, no run 
Almost a carbon copy of the previous delivery, stays deep in his crease and pings an on-
drive",24.4,0,0.0,"Raza to Aasif Sheikh, no run  .Almost a carbon copy of the previous delivery, stays deep in his crease and pings an on- .drive",Raza,Aasif Sheikh,0.0,0,0,1,1,0.0,0,,0
"24.5 
1 
Raza to Aasif Sheikh, 1 run 
Lobbed up on a length, sliding down middle and leg, slinks back and chips it aerially to 
deep backward square for a run",24.5,1,1.0,"Raza to Aasif Sheikh, 1 run  .Lobbed up on a length, sliding down middle and leg, slinks back and chips it aerially to  .deep backward square for a run",Raza,Aasif Sheikh,1.0,0,0,1,1,1.0,0,,1
"24.6 
• 
Raza to Bhurtel, no run 
Zips it in quicker on a fuller length, turns in from outside off, gets a bit stuck on the 
crease and ends up smothering the spin as short leg quickly intercepts the ball on one 
bounce 
end of over 253 runs  
NEP: 114/0CRR: 4.56  
Kushal Bhurtel66 (75b 9x4 1x6) 
Aasif Sheikh41 (75b 3x4) 
Sikandar Raza 3-0-13-0 
Sean Williams 4-0-23-0 
Mahtab Mikrani: ""Wow!!! Unexpected 100 runs opening stand. Super excited for Nepal's 
big total. Insha Allah, Nepal will win today."" 
white coal: ""Reading the commentary here. it seems MR BHURTEL is striking the ball 
very well. Mr Aasif now should rotate the strike, else the pressure might be on Bhurtel. """,24.6,0,0.0,"Raza to Bhurtel, no run  .Zips it in quicker on a fuller length, turns in from outside off, gets a bit stuck on the  .crease and ends up smothering the spin as short leg quickly intercepts the ball on one  .bounce",Raza,Bhurtel,0.0,0,0,1,1,0.0,0,,0
"25.1 
• 
Chatara to Aasif Sheikh, no run 
Back of a length, off-cutter that jags back viciously, thumps on the pads and the lbw 
shout is denied, height could be an issue and it looked as if it was going over the leg 
stump",25.1,0,0.0,"Chatara to Aasif Sheikh, no run  .Back of a length, off-cutter that jags back viciously, thumps on the pads and the lbw  .shout is denied, height could be an issue and it looked as if it was going over the leg  .stump",Chatara,Aasif Sheikh,0.0,0,0,1,1,0.0,0,,0
"25.2 
• 
Chatara to Aasif Sheikh, no run 
A touch short and nibbling outside off, checked drive to cover-point",25.2,0,0.0,"Chatara to Aasif Sheikh, no run  .A touch short and nibbling outside off, checked drive to cover-point",Chatara,Aasif Sheikh,0.0,0,0,1,1,0.0,0,,0
"25.3 
1 
Chatara to Aasif Sheikh, 1 run 
Stays back, gets on top of the bounce and runs it down to deep backward point for a run",25.3,1,1.0,"Chatara to Aasif Sheikh, 1 run  .Stays back, gets on top of the bounce and runs it down to deep backward point for a run",Chatara,Aasif Sheikh,1.0,0,0,1,1,1.0,0,,1
"25.4 
• 
Chatara to Bhurtel, no run 
Tennis ball bouncer wide of off, he tries to play and upper-cut but cannot lay bat on it. 
Change of pace has worked well on this track for the bowlers",25.4,0,0.0,"Chatara to Bhurtel, no run  .Tennis ball bouncer wide of off, he tries to play and upper-cut but cannot lay bat on it.  .Change of pace has worked well on this track for the bowlers",Chatara,Bhurtel,0.0,0,0,1,1,0.0,0,,0
"25.5 
4 
Chatara to Bhurtel, FOUR runs 
Larrups it over mid-on for a glorious boundary! Holds the pose for the cameraman, 
totally in control while executing this shot, clean striking!",25.5,4,4.0,"Chatara to Bhurtel, FOUR runs  .Larrups it over mid-on for a glorious boundary! Holds the pose for the cameraman,  .totally in control while executing this shot, clean striking!",Chatara,Bhurtel,4.0,1,0,1,1,4.0,0,,1
"25.6 
6 
Chatara to Bhurtel, SIX runs 
Finishes the over with a maximum! Goes back and tugs it over backward square, goes 
all the way 
end of over 2611 runs  
NEP: 125/0CRR: 4.80  
Kushal Bhurtel76 (78b 10x4 2x6) 
Aasif Sheikh42 (78b 3x4) 
Tendai Chatara 5-1-32-0 
Sikandar Raza 3-0-13-0",25.6,6,6.0,"Chatara to Bhurtel, SIX runs  .Finishes the over with a maximum! Goes back and tugs it over backward square, goes  .all the way",Chatara,Bhurtel,6.0,0,1,1,1,6.0,0,,1
"26.1 
• 
Raza to Aasif Sheikh, no run 
Props forward to defend it back to the bowler",26.1,0,0.0,"Raza to Aasif Sheikh, no run  .Props forward to defend it back to the bowler",Raza,Aasif Sheikh,0.0,0,0,1,1,0.0,0,,0
"26.2 
1 
Raza to Aasif Sheikh, 1 run 
Fuller length, angled into middle and leg, swiped down the ground, evades Raza",26.2,1,1.0,"Raza to Aasif Sheikh, 1 run  .Fuller length, angled into middle and leg, swiped down the ground, evades Raza",Raza,Aasif Sheikh,1.0,0,0,1,1,1.0,0,,1
"26.3 
4 
Raza to Bhurtel, FOUR runs 
Up and over point for a boundary! Runs and coming thick and fast now, Bhurtel has 
decided to press on the accelerator",26.3,4,4.0,"Raza to Bhurtel, FOUR runs  .Up and over point for a boundary! Runs and coming thick and fast now, Bhurtel has  .decided to press on the accelerator",Raza,Bhurtel,4.0,1,0,1,1,4.0,0,,1
"26.4 
4 
Raza to Bhurtel, FOUR runs 
Cracked through the covers! Overpitched delivery and width on offer and he doesn't 
need any second invitation, powerfully slashed and it disappears into the fence",26.4,4,4.0,"Raza to Bhurtel, FOUR runs  .Cracked through the covers! Overpitched delivery and width on offer and he doesn't  .need any second invitation, powerfully slashed and it disappears into the fence",Raza,Bhurtel,4.0,1,0,1,1,4.0,0,,1
"26.5 
2 
Raza to Bhurtel, 2 runs 
Has he got enough? Miscues a skier, Chatara was backtracking at deep extra cover 
region, covered a lot of ground but couldn't cling on, bursts out of his fingers, tough 
chance",26.5,2,2.0,"Raza to Bhurtel, 2 runs  .Has he got enough? Miscues a skier, Chatara was backtracking at deep extra cover  .region, covered a lot of ground but couldn't cling on, bursts out of his fingers, tough  .chance",Raza,Bhurtel,2.0,0,0,1,1,2.0,0,,1
"26.6 
1 
Raza to Bhurtel, 1 run 
Stays back and stabs it out to cover, he will keep the strike. Good over for Nepal 
end of over 2712 runs  
NEP: 137/0CRR: 5.07  
Kushal Bhurtel87 (82b 12x4 2x6) 
Aasif Sheikh43 (80b 3x4) 
Sikandar Raza 4-0-25-0 
Tendai Chatara 5-1-32-0",26.6,1,1.0,"Raza to Bhurtel, 1 run  .Stays back and stabs it out to cover, he will keep the strike. Good over for Nepal",Raza,Bhurtel,1.0,0,0,1,1,1.0,0,,1
"27.1 
• 
Chatara to Bhurtel, no run 
Short of a length, zinging it back at the batter who gets behind the line and plays it soft 
hands to the leg side",27.1,0,0.0,"Chatara to Bhurtel, no run  .Short of a length, zinging it back at the batter who gets behind the line and plays it soft  .hands to the leg side",Chatara,Bhurtel,0.0,0,0,1,1,0.0,0,,0
"27.2 
4 
Chatara to Bhurtel, FOUR runs 
Leans back and times it sweetly to the boundary, just a deft touch and it goes scuttering 
away to the fine leg boundary, shuffles across and scoops it to perfection. Zimbabwe 
under pressure!",27.2,4,4.0,"Chatara to Bhurtel, FOUR runs  .Leans back and times it sweetly to the boundary, just a deft touch and it goes scuttering  .away to the fine leg boundary, shuffles across and scoops it to perfection. Zimbabwe  .under pressure!",Chatara,Bhurtel,4.0,1,0,1,1,4.0,0,,1
"27.3 
1 
Chatara to Bhurtel, 1 run 
Punches it wide of cover for a run and ticking the scoreboard nicely",27.3,1,1.0,"Chatara to Bhurtel, 1 run  .Punches it wide of cover for a run and ticking the scoreboard nicely",Chatara,Bhurtel,1.0,0,0,1,1,1.0,0,,1
"27.4 
4 
Chatara to Aasif Sheikh, FOUR runs 
Another meaty blow! Short, wide and puts it away effortlessly past point for a 
thunderous boundary",27.4,4,4.0,"Chatara to Aasif Sheikh, FOUR runs  .Another meaty blow! Short, wide and puts it away effortlessly past point for a  .thunderous boundary",Chatara,Aasif Sheikh,4.0,1,0,1,1,4.0,0,,1
"27.5 
4 
Chatara to Aasif Sheikh, FOUR runs 
Goes full and offers a freebie on the pads, he firmly pumps it away past backward 
square and hits another boundary to bring up a sublime half-century! What an innings it 
has been!",27.5,4,4.0,"Chatara to Aasif Sheikh, FOUR runs  .Goes full and offers a freebie on the pads, he firmly pumps it away past backward  .square and hits another boundary to bring up a sublime half-century! What an innings it  .has been!",Chatara,Aasif Sheikh,4.0,1,0,1,1,4.0,0,,1
"27.6 
4 
Chatara to Aasif Sheikh, FOUR runs 
Slightly shorter on middle and leg, no real pace to ruffle him, leaning his weight into the 
impact, and there is no cutting that off, smites it past backward square for the third 
boundary in a row 
end of over 2817 runs  
NEP: 154/0CRR: 5.50  
Aasif Sheikh55 (83b 6x4) 
Kushal Bhurtel92 (85b 13x4 2x6) 
Tendai Chatara 6-1-49-0 
Sikandar Raza 4-0-25-0",27.6,4,4.0,"Chatara to Aasif Sheikh, FOUR runs  .Slightly shorter on middle and leg, no real pace to ruffle him, leaning his weight into the  .impact, and there is no cutting that off, smites it past backward square for the third  .boundary in a row",Chatara,Aasif Sheikh,4.0,1,0,1,1,4.0,0,,1
"28.1 
1 
Madhevere to Bhurtel, 1 run 
Tossed up on a length, drifting towards middle and leg, leans back and shanks it into 
the empty spaces at midwicket",28.1,1,1.0,"Madhevere to Bhurtel, 1 run  .Tossed up on a length, drifting towards middle and leg, leans back and shanks it into  .the empty spaces at midwicket",Madhevere,Bhurtel,1.0,0,0,1,1,1.0,0,,1
"28.2 
• 
Madhevere to Aasif Sheikh, no run 
Shoves it back to the bowler",28.2,0,0.0,"Madhevere to Aasif Sheikh, no run  .Shoves it back to the bowler",Madhevere,Aasif Sheikh,0.0,0,0,1,1,0.0,0,,0
"28.3 
• 
Madhevere to Aasif Sheikh, no run 
Flighted delivery on a length, spins back sharply and he works it off his pads to silly mid-
on region",28.3,0,0.0,"Madhevere to Aasif Sheikh, no run  .Flighted delivery on a length, spins back sharply and he works it off his pads to silly mid- .on region",Madhevere,Aasif Sheikh,0.0,0,0,1,1,0.0,0,,0
"28.4 
• 
Madhevere to Aasif Sheikh, no run 
Hacked away off the backfoot past point for a run",28.4,0,0.0,"Madhevere to Aasif Sheikh, no run  .Hacked away off the backfoot past point for a run",Madhevere,Aasif Sheikh,0.0,0,0,1,1,0.0,0,,0
"28.5 
1 
Madhevere to Aasif Sheikh, 1 run 
Turns it away around the corner for a run",28.5,1,1.0,"Madhevere to Aasif Sheikh, 1 run  .Turns it away around the corner for a run",Madhevere,Aasif Sheikh,1.0,0,0,1,1,1.0,0,,1
"28.6 
• 
Madhevere to Bhurtel, no run 
Brilliant start from Madhevere, zips it in quicker on a fuller length just outside off, he 
taps it down to cover point 
end of over 292 runs  
NEP: 156/0CRR: 5.37  
Kushal Bhurtel93 (87b 13x4 2x6) 
Aasif Sheikh56 (87b 6x4) 
Wessly Madhevere 1-0-2-0 
Tendai Chatara 6-1-49-0",28.6,0,0.0,"Madhevere to Bhurtel, no run  .Brilliant start from Madhevere, zips it in quicker on a fuller length just outside off, he  .taps it down to cover point",Madhevere,Bhurtel,0.0,0,0,1,1,0.0,0,,0
"29.1 
1 
Masakadza to Aasif Sheikh, 1 run 
Round the wicket, gives it a lot of air, he shimmies down and forces it away into the 
empty spaces at cow corner, good use of the feet",29.1,1,1.0,"Masakadza to Aasif Sheikh, 1 run  .Round the wicket, gives it a lot of air, he shimmies down and forces it away into the  .empty spaces at cow corner, good use of the feet",Masakadza,Aasif Sheikh,1.0,0,0,1,1,1.0,0,,1
"29.2 
1 
Masakadza to Bhurtel, 1 run 
On a length with a hint of spin from middle and off, jabs it away off the backfoot to 
midwicket",29.2,1,1.0,"Masakadza to Bhurtel, 1 run  .On a length with a hint of spin from middle and off, jabs it away off the backfoot to  .midwicket",Masakadza,Bhurtel,1.0,0,0,1,1,1.0,0,,1
"29.3 
1 
Masakadza to Aasif Sheikh, 1 run 
Floats it up on a slightly shorter length, little bit of spin and took all the pace off the ball, 
he crouches and mistimes it down to square leg's left",29.3,1,1.0,"Masakadza to Aasif Sheikh, 1 run  .Floats it up on a slightly shorter length, little bit of spin and took all the pace off the ball,  .he crouches and mistimes it down to square leg's left",Masakadza,Aasif Sheikh,1.0,0,0,1,1,1.0,0,,1
"29.4 
1 
Masakadza to Bhurtel, 1 run 
Shorter on middle, he stands tall and mows it downtown, long-on runs across to stop 
the ball",29.4,1,1.0,"Masakadza to Bhurtel, 1 run  .Shorter on middle, he stands tall and mows it downtown, long-on runs across to stop  .the ball",Masakadza,Bhurtel,1.0,0,0,1,1,1.0,0,,1
"29.5 
• 
Masakadza to Aasif Sheikh, no run 
Pats it back to the bowler",29.5,0,0.0,"Masakadza to Aasif Sheikh, no run  .Pats it back to the bowler",Masakadza,Aasif Sheikh,0.0,0,0,1,1,0.0,0,,0
"29.6 
4 
Masakadza to Aasif Sheikh, FOUR runs 
Strongarms a pull shot through square leg! The crack off the bat! Picked early and 
panned to the rope 
end of over 308 runs  
NEP: 164/0CRR: 5.46  
Aasif Sheikh62 (91b 7x4) 
Kushal Bhurtel95 (89b 13x4 2x6) 
Wellington Masakadza 5-0-22-0 
Wessly Madhevere 1-0-2-0",29.6,4,4.0,"Masakadza to Aasif Sheikh, FOUR runs  .Strongarms a pull shot through square leg! The crack off the bat! Picked early and  .panned to the rope",Masakadza,Aasif Sheikh,4.0,1,0,1,1,4.0,0,,1
"30.1 
1 
Madhevere to Bhurtel, 1 run 
eased down to long-on",30.1,1,1.0,"Madhevere to Bhurtel, 1 run  .eased down to long-on",Madhevere,Bhurtel,1.0,0,0,1,1,1.0,0,,1
"30.2 
1 
Madhevere to Aasif Sheikh, 1 run 
driven towards long-off",30.2,1,1.0,"Madhevere to Aasif Sheikh, 1 run  .driven towards long-off",Madhevere,Aasif Sheikh,1.0,0,0,1,1,1.0,0,,1
"30.3 
• 
Madhevere to Bhurtel, no run 
gets an outside edge and it trickles to short third. Sends his partner back",30.3,0,0.0,"Madhevere to Bhurtel, no run  .gets an outside edge and it trickles to short third. Sends his partner back",Madhevere,Bhurtel,0.0,0,0,1,1,0.0,0,,0
"30.4 
1 
Madhevere to Bhurtel, 1 run 
nucged into the onside and they scamper a quick single",30.4,1,1.0,"Madhevere to Bhurtel, 1 run  .nucged into the onside and they scamper a quick single",Madhevere,Bhurtel,1.0,0,0,1,1,1.0,0,,1
"30.5 
• 
Madhevere to Aasif Sheikh, no run 
eased towards short midwicket",30.5,0,0.0,"Madhevere to Aasif Sheikh, no run  .eased towards short midwicket",Madhevere,Aasif Sheikh,0.0,0,0,1,1,0.0,0,,0
"30.6 
• 
Madhevere to Aasif Sheikh, no run 
stepped away to try and make some room but Madhevere follows him. It's slashed 
towards point, but the field in the covers is watertight 
end of over 313 runs  
NEP: 167/0CRR: 5.38  
Aasif Sheikh63 (94b 7x4) 
Kushal Bhurtel97 (92b 13x4 2x6) 
Wessly Madhevere 2-0-5-0 
Wellington Masakadza 5-0-22-0",30.6,0,0.0,"Madhevere to Aasif Sheikh, no run  .stepped away to try and make some room but Madhevere follows him. It's slashed  .towards point, but the field in the covers is watertight",Madhevere,Aasif Sheikh,0.0,0,0,1,1,0.0,0,,0
"31.1 
1 
Masakadza to Bhurtel, 1 run 
skids this through a little quicker, at 92kph. Turned around the corner for a single",31.1,1,1.0,"Masakadza to Bhurtel, 1 run  .skids this through a little quicker, at 92kph. Turned around the corner for a single",Masakadza,Bhurtel,1.0,0,0,1,1,1.0,0,,1
"31.2 
1 
Masakadza to Aasif Sheikh, 1 run 
swept towards fine leg 
suman khadka: ""Are they playing cricket!!!! Next level for team Nepal""",31.2,1,1.0,"Masakadza to Aasif Sheikh, 1 run  .swept towards fine leg",Masakadza,Aasif Sheikh,1.0,0,0,1,1,1.0,0,,1
"31.3 
1 
Masakadza to Bhurtel, 1 run 
driven down the ground to allow Bhurtel to move to 99",31.3,1,1.0,"Masakadza to Bhurtel, 1 run  .driven down the ground to allow Bhurtel to move to 99",Masakadza,Bhurtel,1.0,0,0,1,1,1.0,0,,1
"31.4 
1 
Masakadza to Aasif Sheikh, 1 run 
swept away for one. Bhurtel one away",31.4,1,1.0,"Masakadza to Aasif Sheikh, 1 run  .swept away for one. Bhurtel one away",Masakadza,Aasif Sheikh,1.0,0,0,1,1,1.0,0,,1
"31.5 
W 
Masakadza to Bhurtel, OUT 
he's gone! Bhurtel has been yorked for 99! Agony writ large on the Nepali's face, and a 
nation grieves with him! Williams comes up to pat him on the shoulder for a 
phenomenal, joyful innings, but an innings that ends one short of the most magnificent 
100 
Kushal Bhurtel b Masakadza 99 (95b 13x4 2x6) SR: 104.21 
See all photos 
The changing room stands to applaud him as he walks back, and there are plenty of 
pats on the back. But consolation eludes him, and will probably continue to for a long 
time",31.5,W,0.0,"Masakadza to Bhurtel, OUT  .he's gone! Bhurtel has been yorked for 99! Agony writ large on the Nepali's face, and a  .nation grieves with him! Williams comes up to pat him on the shoulder for a  .phenomenal, joyful innings, but an innings that ends one short of the most magnificent  .100  .Kushal Bhurtel b Masakadza 99 (95b 13x4 2x6) SR: 104.21",Masakadza,Bhurtel,0.0,0,0,1,1,0.0,1,b Masakadza,0
"31.6 
• 
Masakadza to Kushal Malla, no run 
blocked to end the over, the first successful one for Zimbabwe in what feels like a long 
time 
end of over 324 runs • 1 wicket 
NEP: 171/1CRR: 5.34  
Kushal Malla0 (1b) 
Aasif Sheikh65 (96b 7x4) 
Wellington Masakadza 6-0-26-1 
Wessly Madhevere 2-0-5-0",31.6,0,0.0,"Masakadza to Kushal Malla, no run  .blocked to end the over, the first successful one for Zimbabwe in what feels like a long  .time",Masakadza,Kushal Malla,0.0,0,0,1,1,0.0,0,,0
"32.1 
• 
Madhevere to Aasif Sheikh, no run 
backfoot punch towards the offside",32.1,0,0.0,"Madhevere to Aasif Sheikh, no run  .backfoot punch towards the offside",Madhevere,Aasif Sheikh,0.0,0,0,1,1,0.0,0,,0
"32.2 
1 
Madhevere to Aasif Sheikh, 1 run 
worked down the ground",32.2,1,1.0,"Madhevere to Aasif Sheikh, 1 run  .worked down the ground",Madhevere,Aasif Sheikh,1.0,0,0,1,1,1.0,0,,1
"32.3 
• 
Madhevere to Kushal Malla, no run 
defended back to the bowler",32.3,0,0.0,"Madhevere to Kushal Malla, no run  .defended back to the bowler",Madhevere,Kushal Malla,0.0,0,0,1,1,0.0,0,,0
"32.4 
• 
Madhevere to Kushal Malla, no run",32.4,0,0.0,"Madhevere to Kushal Malla, no run",Madhevere,Kushal Malla,0.0,0,0,1,1,0.0,0,,0
"32.5 
1 
Madhevere to Kushal Malla, 1 run 
oh dear what on earth has happened there? It looked like it was going straight down 
Chatara's throat, and he was well-positioned to catch it. But at the last moment, he 
appeared to lose it in the sun, and turned his face away and ducked for cover. The ball 
bounced right where his hands would have been if he hadn't turned away. He then picks 
it up and throws it back sheepishly. How extraordinary",32.5,1,1.0,"Madhevere to Kushal Malla, 1 run  .oh dear what on earth has happened there? It looked like it was going straight down  .Chatara's throat, and he was well-positioned to catch it. But at the last moment, he  .appeared to lose it in the sun, and turned his face away and ducked for cover. The ball  .bounced right where his hands would have been if he hadn't turned away. He then picks  .it up and throws it back sheepishly. How extraordinary",Madhevere,Kushal Malla,1.0,0,0,1,1,1.0,0,,1
"32.6 
• 
Madhevere to Aasif Sheikh, no run 
driven back to Madhevere 
end of over 332 runs  
NEP: 173/1CRR: 5.24  
Aasif Sheikh66 (99b 7x4) 
Kushal Malla1 (4b) 
Wessly Madhevere 3-0-7-0 
Wellington Masakadza 6-0-26-1",32.6,0,0.0,"Madhevere to Aasif Sheikh, no run  .driven back to Madhevere",Madhevere,Aasif Sheikh,0.0,0,0,1,1,0.0,0,,0
"33.1 
• 
Masakadza to Kushal Malla, no run",33.1,0,0.0,"Masakadza to Kushal Malla, no run",Masakadza,Kushal Malla,0.0,0,0,1,1,0.0,0,,0
"33.2 
• 
Masakadza to Kushal Malla, no run 
defended once more 
Sashi: ""@Rasool. ""Bhurtel one away."" You jinxed him, didn't ya!"" You might very well 
think that, I couldn't possibly comment",33.2,0,0.0,"Masakadza to Kushal Malla, no run  .defended once more",Masakadza,Kushal Malla,0.0,0,0,1,1,0.0,0,,0
"33.3 
• 
Masakadza to Kushal Malla, no run 
clipped towards midwicket",33.3,0,0.0,"Masakadza to Kushal Malla, no run  .clipped towards midwicket",Masakadza,Kushal Malla,0.0,0,0,1,1,0.0,0,,0
"33.4 
1 
Masakadza to Kushal Malla, 1 run 
short-arm jab towards midwicket for a single 
Toqeer advocate: ""Poor Bhurtel! Nervous 90s deserve some respect and great 
nerves.Anyway a great innings full of confident shots comes to an end.well played boy""",33.4,1,1.0,"Masakadza to Kushal Malla, 1 run  .short-arm jab towards midwicket for a single",Masakadza,Kushal Malla,1.0,0,0,1,1,1.0,0,,1
"33.5 
W 
Masakadza to Aasif Sheikh, OUT 
straight up in the air, and Burl takes a comfortable catch. Aasif falls, Harare erupts and 
Nepal wobble!. A lazy swipe across the line as Aasif tries to keep the momentum going 
for Nepal, but instead, plays a shot that sends him back to the pavilion. Zimbabwe 
hitting back in these last few overs, with two new batters at the crease 
Aasif Sheikh c Burl b Masakadza 66 (100b 7x4 0x6) SR: 66",33.5,W,0.0,"Masakadza to Aasif Sheikh, OUT  .straight up in the air, and Burl takes a comfortable catch. Aasif falls, Harare erupts and  .Nepal wobble!. A lazy swipe across the line as Aasif tries to keep the momentum going  .for Nepal, but instead, plays a shot that sends him back to the pavilion. Zimbabwe  .hitting back in these last few overs, with two new batters at the crease  .Aasif Sheikh c Burl b Masakadza 66 (100b 7x4 0x6) SR: 66",Masakadza,Aasif Sheikh,0.0,0,0,1,1,0.0,1,c Burl b Masakadza,0
"33.6 
• 
Masakadza to Paudel, no run 
defends off the front foot 
end of over 341 run • 1 wicket 
NEP: 174/2CRR: 5.11  
Rohit Paudel0 (1b) 
Kushal Malla2 (8b) 
Wellington Masakadza 7-0-27-2 
Wessly Madhevere 3-0-7-0 
Surath: ""My previous comment on Zimbabwean needing one wicket to open the 
floodgates didn't get published but that's exactly what's happening here!""",33.6,0,0.0,"Masakadza to Paudel, no run  .defends off the front foot",Masakadza,Paudel,0.0,0,0,1,1,0.0,0,,0
"34.1 
• 
Madhevere to Kushal Malla, no run 
blocked off the back foot",34.1,0,0.0,"Madhevere to Kushal Malla, no run  .blocked off the back foot",Madhevere,Kushal Malla,0.0,0,0,1,1,0.0,0,,0
"34.2 
• 
Madhevere to Kushal Malla, no run 
skids this through flat, as he has been doing for the most part, really. No run again",34.2,0,0.0,"Madhevere to Kushal Malla, no run  .skids this through flat, as he has been doing for the most part, really. No run again",Madhevere,Kushal Malla,0.0,0,0,1,1,0.0,0,,0
"34.3 
4 
Madhevere to Kushal Malla, FOUR runs 
heaves at this one and picks up a boundary! It wasn't pretty, but the swipe across the 
line is middled well enough for it to go through a vacant cow corner for four",34.3,4,4.0,"Madhevere to Kushal Malla, FOUR runs  .heaves at this one and picks up a boundary! It wasn't pretty, but the swipe across the  .line is middled well enough for it to go through a vacant cow corner for four",Madhevere,Kushal Malla,4.0,1,0,1,1,4.0,0,,1
"34.4 
• 
Madhevere to Kushal Malla, no run 
prod back down the ground, and the little rocket that is Madhevere prevents the single",34.4,0,0.0,"Madhevere to Kushal Malla, no run  .prod back down the ground, and the little rocket that is Madhevere prevents the single",Madhevere,Kushal Malla,0.0,0,0,1,1,0.0,0,,0
"34.5 
6 
Madhevere to Kushal Malla, SIX runs 
prevent that! That one is right in the slot for the leftie, and it's beautifully struck through 
the line, and smashed over long-on for a huge six. Not sure flighting the ball up is the 
way to go here 
A replacement box of balls has come out",34.5,6,6.0,"Madhevere to Kushal Malla, SIX runs  .prevent that! That one is right in the slot for the leftie, and it's beautifully struck through  .the line, and smashed over long-on for a huge six. Not sure flighting the ball up is the  .way to go here  .A replacement box of balls has come out",Madhevere,Kushal Malla,6.0,0,1,1,1,6.0,0,,1
"34.6 
• 
Madhevere to Kushal Malla, no run 
defended back to the bowler 
end of over 3510 runs  
NEP: 184/2CRR: 5.25  
Kushal Malla12 (14b 1x4 1x6) 
Rohit Paudel0 (1b) 
Wessly Madhevere 4-0-17-0 
Wellington Masakadza 7-0-27-2",34.6,0,0.0,"Madhevere to Kushal Malla, no run  .defended back to the bowler",Madhevere,Kushal Malla,0.0,0,0,1,1,0.0,0,,0
"35.1 
1 
Masakadza to Paudel, 1 run 
opens the face and runs it down to short third",35.1,1,1.0,"Masakadza to Paudel, 1 run  .opens the face and runs it down to short third",Masakadza,Paudel,1.0,0,0,1,1,1.0,0,,1
"35.2 
• 
Masakadza to Kushal Malla, no run 
nudged towards short fine, who's on his toes and prevents the run",35.2,0,0.0,"Masakadza to Kushal Malla, no run  .nudged towards short fine, who's on his toes and prevents the run",Masakadza,Kushal Malla,0.0,0,0,1,1,0.0,0,,0
"35.3 
1w 
Masakadza to Kushal Malla, 1 wide 
drags this down leg",35.3,1w,1.0,"Masakadza to Kushal Malla, 1 wide  .drags this down leg",Masakadza,Kushal Malla,0.0,0,0,0,0,1.0,0,,1
"35.3 
• 
Masakadza to Kushal Malla, no run 
pushed onto the back foot, and he defends",35.3,0,0.0,"Masakadza to Kushal Malla, no run  .pushed onto the back foot, and he defends",Masakadza,Kushal Malla,0.0,0,0,1,1,0.0,0,,0
"35.4 
• 
Masakadza to Kushal Malla, no run 
he's keeping it away from the batter's arc. Dropping this balls just a touch short",35.4,0,0.0,"Masakadza to Kushal Malla, no run  .he's keeping it away from the batter's arc. Dropping this balls just a touch short",Masakadza,Kushal Malla,0.0,0,0,1,1,0.0,0,,0
"35.5 
1 
Masakadza to Kushal Malla, 1 run 
worked to long-on for one",35.5,1,1.0,"Masakadza to Kushal Malla, 1 run  .worked to long-on for one",Masakadza,Kushal Malla,1.0,0,0,1,1,1.0,0,,1
"35.6 
• 
Masakadza to Paudel, no run 
comes around the wicket to Paudel, and he defends 
end of over 363 runs  
NEP: 187/2CRR: 5.19  
Rohit Paudel1 (3b) 
Kushal Malla13 (18b 1x4 1x6) 
Wellington Masakadza 8-0-30-2 
Wessly Madhevere 4-0-17-0",35.6,0,0.0,"Masakadza to Paudel, no run  .comes around the wicket to Paudel, and he defends",Masakadza,Paudel,0.0,0,0,1,1,0.0,0,,0
"36.1 
• 
Muzarabani to Kushal Malla, no run 
comes around the wicket, and lands it well outside off stump. Batter lets it go",36.1,0,0.0,"Muzarabani to Kushal Malla, no run  .comes around the wicket, and lands it well outside off stump. Batter lets it go",Muzarabani,Kushal Malla,0.0,0,0,1,1,0.0,0,,0
"36.2 
• 
Muzarabani to Kushal Malla, no run 
crisp little drive back to the bowler, who collects smartly 
Samraat : ""Let's not get Panic boys. Nepal bat deep. The openers did their job. Now up 
to middle and lower order to score next 100-120 runs.""",36.2,0,0.0,"Muzarabani to Kushal Malla, no run  .crisp little drive back to the bowler, who collects smartly",Muzarabani,Kushal Malla,0.0,0,0,1,1,0.0,0,,0
"36.3 
1 
Muzarabani to Kushal Malla, 1 run 
slapped through the onside for a single",36.3,1,1.0,"Muzarabani to Kushal Malla, 1 run  .slapped through the onside for a single",Muzarabani,Kushal Malla,1.0,0,0,1,1,1.0,0,,1
"36.4 
• 
Muzarabani to Paudel, no run 
bangs it in slightly short, pushing Paudel onto the back foot to defend",36.4,0,0.0,"Muzarabani to Paudel, no run  .bangs it in slightly short, pushing Paudel onto the back foot to defend",Muzarabani,Paudel,0.0,0,0,1,1,0.0,0,,0
"36.5 
• 
Muzarabani to Paudel, no run 
squared the batter up, who blocks the length ball again",36.5,0,0.0,"Muzarabani to Paudel, no run  .squared the batter up, who blocks the length ball again",Muzarabani,Paudel,0.0,0,0,1,1,0.0,0,,0
"36.6 
1 
Muzarabani to Paudel, 1 run 
punched towards the sweeper cover fielder, and the first return over from Muzarabani 
concedes just two 
end of over 372 runs  
NEP: 189/2CRR: 5.10  
Rohit Paudel2 (6b) 
Kushal Malla14 (21b 1x4 1x6) 
Blessing Muzarabani 6-0-23-0 
Wellington Masakadza 8-0-30-2",36.6,1,1.0,"Muzarabani to Paudel, 1 run  .punched towards the sweeper cover fielder, and the first return over from Muzarabani  .concedes just two",Muzarabani,Paudel,1.0,0,0,1,1,1.0,0,,1
"37.1 
• 
Masakadza to Paudel, no run 
comes around the wicket again, and Paudel defends",37.1,0,0.0,"Masakadza to Paudel, no run  .comes around the wicket again, and Paudel defends",Masakadza,Paudel,0.0,0,0,1,1,0.0,0,,0
"37.2 
• 
Masakadza to Paudel, no run 
gives it a bit more air now, but Paudel isn't tempted into a big hit",37.2,0,0.0,"Masakadza to Paudel, no run  .gives it a bit more air now, but Paudel isn't tempted into a big hit",Masakadza,Paudel,0.0,0,0,1,1,0.0,0,,0
"37.3 
• 
Masakadza to Paudel, no run 
worked towards midwicket",37.3,0,0.0,"Masakadza to Paudel, no run  .worked towards midwicket",Masakadza,Paudel,0.0,0,0,1,1,0.0,0,,0
"37.4 
1 
Masakadza to Paudel, 1 run 
neat little pick-up over cover, but Gumbie is alert and it's only a single",37.4,1,1.0,"Masakadza to Paudel, 1 run  .neat little pick-up over cover, but Gumbie is alert and it's only a single",Masakadza,Paudel,1.0,0,0,1,1,1.0,0,,1
"37.5 
1 
Masakadza to Kushal Malla, 1 run 
tickled away past short fine leg for another single",37.5,1,1.0,"Masakadza to Kushal Malla, 1 run  .tickled away past short fine leg for another single",Masakadza,Kushal Malla,1.0,0,0,1,1,1.0,0,,1
"37.6 
4 
Masakadza to Paudel, FOUR runs 
beautifully worked. Uses the pace of the bowler to caress it past the keeper, and the 
outfield does all the work for him, leaving the man at 45 no chance to chase it down as 
it scurries towards the boundary 
end of over 386 runs  
NEP: 195/2CRR: 5.13  
Rohit Paudel7 (11b 1x4) 
Kushal Malla15 (22b 1x4 1x6) 
Wellington Masakadza 9-0-36-2 
Blessing Muzarabani 6-0-23-0 
Sijan: ""Please get this comment published. Just after many years, when I refresh this 
historic journey of Nepali cricket here, I would want to see my name in the commentry 
as well. Good day.""",37.6,4,4.0,"Masakadza to Paudel, FOUR runs  .beautifully worked. Uses the pace of the bowler to caress it past the keeper, and the  .outfield does all the work for him, leaving the man at 45 no chance to chase it down as  .it scurries towards the boundary",Masakadza,Paudel,4.0,1,0,1,1,4.0,0,,1
"38.1 
1 
Muzarabani to Kushal Malla, 1 run 
slashed over the covers without any timing or conviction. It's not got enough on it to 
carry to Madhevere in the deep who was closing in at speed",38.1,1,1.0,"Muzarabani to Kushal Malla, 1 run  .slashed over the covers without any timing or conviction. It's not got enough on it to  .carry to Madhevere in the deep who was closing in at speed",Muzarabani,Kushal Malla,1.0,0,0,1,1,1.0,0,,1
"38.2 
4 
Muzarabani to Paudel, FOUR runs 
that's atrocious fielding. It was carved towards deep third, who should have cut it off 
comfortably. Puts it an awkward dive, it bounces off his knee and trickles away to the 
boundary",38.2,4,4.0,"Muzarabani to Paudel, FOUR runs  .that's atrocious fielding. It was carved towards deep third, who should have cut it off  .comfortably. Puts it an awkward dive, it bounces off his knee and trickles away to the  .boundary",Muzarabani,Paudel,4.0,1,0,1,1,4.0,0,,1
"38.3 
• 
Muzarabani to Paudel, no run 
defended down the ground",38.3,0,0.0,"Muzarabani to Paudel, no run  .defended down the ground",Muzarabani,Paudel,0.0,0,0,1,1,0.0,0,,0
"38.4 
1 
Muzarabani to Paudel, 1 run 
goes full this time, and it's nudged towards mid-on allowing the pair to scramble 
through. They make it comfortably despite a direct hit",38.4,1,1.0,"Muzarabani to Paudel, 1 run  .goes full this time, and it's nudged towards mid-on allowing the pair to scramble  .through. They make it comfortably despite a direct hit",Muzarabani,Paudel,1.0,0,0,1,1,1.0,0,,1
"38.5 
4 
Muzarabani to Kushal Malla, FOUR runs 
this was back of a length, but Kushal lay in wait for it. Picked up over midwicket and 
dispatched with aplomb",38.5,4,4.0,"Muzarabani to Kushal Malla, FOUR runs  .this was back of a length, but Kushal lay in wait for it. Picked up over midwicket and  .dispatched with aplomb",Muzarabani,Kushal Malla,4.0,1,0,1,1,4.0,0,,1
"38.6 
• 
Muzarabani to Kushal Malla, no run 
defended into the offside 
end of over 3910 runs  
NEP: 205/2CRR: 5.25  
Kushal Malla20 (25b 2x4 1x6) 
Rohit Paudel12 (14b 2x4) 
Blessing Muzarabani 7-0-33-0 
Wellington Masakadza 9-0-36-2",38.6,0,0.0,"Muzarabani to Kushal Malla, no run  .defended into the offside",Muzarabani,Kushal Malla,0.0,0,0,1,1,0.0,0,,0
"39.1 
• 
Masakadza to Paudel, no run 
plays it back down the ground to the bowler",39.1,0,0.0,"Masakadza to Paudel, no run  .plays it back down the ground to the bowler",Masakadza,Paudel,0.0,0,0,1,1,0.0,0,,0
"39.2 
• 
Masakadza to Paudel, no run 
tucked towards midwicket",39.2,0,0.0,"Masakadza to Paudel, no run  .tucked towards midwicket",Masakadza,Paudel,0.0,0,0,1,1,0.0,0,,0
"39.3 
• 
Masakadza to Paudel, no run 
had a real heave-ho at that, but missed out completely. The extra bounce means it 
carried over the stumps",39.3,0,0.0,"Masakadza to Paudel, no run  .had a real heave-ho at that, but missed out completely. The extra bounce means it  .carried over the stumps",Masakadza,Paudel,0.0,0,0,1,1,0.0,0,,0
"39.4 
1 
Masakadza to Paudel, 1 run 
nudged towards midwicket for a single",39.4,1,1.0,"Masakadza to Paudel, 1 run  .nudged towards midwicket for a single",Masakadza,Paudel,1.0,0,0,1,1,1.0,0,,1
"39.5 
1 
Masakadza to Kushal Malla, 1 run 
eased towards long-off and the pair exchange ends",39.5,1,1.0,"Masakadza to Kushal Malla, 1 run  .eased towards long-off and the pair exchange ends",Masakadza,Kushal Malla,1.0,0,0,1,1,1.0,0,,1
"39.6 
4 
Masakadza to Paudel, FOUR runs 
picked up for four over deep midwicket to sign off my ten-over stint, and bring Rvel back 
in to take you through 
end of over 406 runs  
NEP: 211/2CRR: 5.27  
Rohit Paudel17 (19b 3x4) 
Kushal Malla21 (26b 2x4 1x6) 
Wellington Masakadza 10-0-42-2 
Blessing Muzarabani 7-0-33-0",39.6,4,4.0,"Masakadza to Paudel, FOUR runs  .picked up for four over deep midwicket to sign off my ten-over stint, and bring Rvel back  .in to take you through",Masakadza,Paudel,4.0,1,0,1,1,4.0,0,,1
"40.1 
1 
Raza to Kushal Malla, 1 run 
Tossed up from round the wicket on a length and it turns back from outside off, simply 
presses forward and flicks it away using his fluid wrists for a quick single",40.1,1,1.0,"Raza to Kushal Malla, 1 run  .Tossed up from round the wicket on a length and it turns back from outside off, simply  .presses forward and flicks it away using his fluid wrists for a quick single",Raza,Kushal Malla,1.0,0,0,1,1,1.0,0,,1
"40.2 
1 
Raza to Paudel, 1 run 
Dropped short on middle and off, rocks back and slugs it away to square leg, it was in 
the air but landed safely",40.2,1,1.0,"Raza to Paudel, 1 run  .Dropped short on middle and off, rocks back and slugs it away to square leg, it was in  .the air but landed safely",Raza,Paudel,1.0,0,0,1,1,1.0,0,,1
"40.3 
1 
Raza to Kushal Malla, 1 run 
Lobbed up on a shorter length, didn't come nicely onto the bat, he jumps back and lofts 
it over midwicket, falls a few meters short of the man in the deep, he insouciantly walks 
through a run",40.3,1,1.0,"Raza to Kushal Malla, 1 run  .Lobbed up on a shorter length, didn't come nicely onto the bat, he jumps back and lofts  .it over midwicket, falls a few meters short of the man in the deep, he insouciantly walks  .through a run",Raza,Kushal Malla,1.0,0,0,1,1,1.0,0,,1
"40.4 
• 
Raza to Paudel, no run 
Arches out and prods it down to cover",40.4,0,0.0,"Raza to Paudel, no run  .Arches out and prods it down to cover",Raza,Paudel,0.0,0,0,1,1,0.0,0,,0
"40.5 
1 
Raza to Paudel, 1 run 
Lobbed up, tight middle stump line, slinks back and gently dinks it to short midwicket 
and sets off for a quick single",40.5,1,1.0,"Raza to Paudel, 1 run  .Lobbed up, tight middle stump line, slinks back and gently dinks it to short midwicket  .and sets off for a quick single",Raza,Paudel,1.0,0,0,1,1,1.0,0,,1
"40.6 
1 
Raza to Kushal Malla, 1 run 
Zips it in quicker and hurries him into the pull shot, he couldn't get the meaty part of the 
bat as the ball rolls over to mid-on 
What do you think will be a good score to set on this pitch? 
end of over 415 runs  
NEP: 216/2CRR: 5.26  
Kushal Malla24 (29b 2x4 1x6) 
Rohit Paudel19 (22b 3x4) 
Sikandar Raza 5-0-30-0 
Wellington Masakadza 10-0-42-2 
Kalpit K: ""Come on Nepal, In this life we want our country to represent at World Cup."" 
Kushal Paudel: ""I, Kushal Paudel is present at the crease and I am loving it. Please do 
publish it before any one of them gets out. 
Mahesh Yadav: ""Cricket is a game of fine margins, and today, luck was not on Bhurtel's 
side. But let's not dwell on the near-miss, but instead, let's celebrate the extraordinary 
innings that was.""",40.6,1,1.0,"Raza to Kushal Malla, 1 run  .Zips it in quicker and hurries him into the pull shot, he couldn't get the meaty part of the  .bat as the ball rolls over to mid-on  .What do you think will be a good score to set on this pitch?",Raza,Kushal Malla,1.0,0,0,1,1,1.0,0,,1
"41.1 
1 
Ngarava to Kushal Malla, 1 run 
Back of a length at an innocuous pace on the pads, whipped away to square leg",41.1,1,1.0,"Ngarava to Kushal Malla, 1 run  .Back of a length at an innocuous pace on the pads, whipped away to square leg",Ngarava,Kushal Malla,1.0,0,0,1,1,1.0,0,,1
"41.2 
1 
Ngarava to Paudel, 1 run 
Round the wicket, probing on a sixth stump line around a shorter length, held up in the 
surface a wee bit, stays back and chops it away on top of the bounce to sweeper cover",41.2,1,1.0,"Ngarava to Paudel, 1 run  .Round the wicket, probing on a sixth stump line around a shorter length, held up in the  .surface a wee bit, stays back and chops it away on top of the bounce to sweeper cover",Ngarava,Paudel,1.0,0,0,1,1,1.0,0,,1
"41.3 
2 
Ngarava to Kushal Malla, 2 runs 
Over the wicket, slams it on a shorter length, he plays a compact extension pull short off 
the backfoot all along the floor to deep midwicket",41.3,2,2.0,"Ngarava to Kushal Malla, 2 runs  .Over the wicket, slams it on a shorter length, he plays a compact extension pull short off  .the backfoot all along the floor to deep midwicket",Ngarava,Kushal Malla,2.0,0,0,1,1,2.0,0,,1
"41.4 
2lb 
Ngarava to Kushal Malla, 2 leg byes 
Arrows it in from over the wicket, errs in his line, ball thumps on the pads and evades 
the diving keeper rolling over to fine of deep fine leg",41.4,2lb,2.0,"Ngarava to Kushal Malla, 2 leg byes  .Arrows it in from over the wicket, errs in his line, ball thumps on the pads and evades  .the diving keeper rolling over to fine of deep fine leg",Ngarava,Kushal Malla,0.0,0,0,1,1,0.0,0,,0
"41.5 
4 
Ngarava to Paudel, FOUR runs 
Inside edge and it trickles away to the boundary, could have chopped on. Fortuitous but 
they all count",41.5,4,4.0,"Ngarava to Paudel, FOUR runs  .Inside edge and it trickles away to the boundary, could have chopped on. Fortuitous but  .they all count",Ngarava,Paudel,4.0,1,0,1,1,4.0,0,,1
"41.6 
• 
Ngarava to Paudel, no run 
Dug in short and it's plugging away in the channel, he lost his shape while trying to belt 
that over square leg, nowhere near the pitch of the ball 
end of over 4216 runs  
NEP: 232/2CRR: 5.52  
Rohit Paudel24 (25b 4x4) 
Kushal Malla28 (33b 2x4 1x6) 
Richard Ngarava 6-1-28-0 
Sikandar Raza 5-0-30-0",41.6,0,0.0,"Ngarava to Paudel, no run  .Dug in short and it's plugging away in the channel, he lost his shape while trying to belt  .that over square leg, nowhere near the pitch of the ball",Ngarava,Paudel,0.0,0,0,1,1,0.0,0,,0
"42.1 
1 
Raza to Kushal Malla, 1 run 
Round the wicket, drags it shorter outside off, it was in his arc to swing it down the 
ground but just couldn't get the requisite power behind the shot, long-on pings a sharp 
throw at the non-striker's end, hits the stump but the batter made his ground",42.1,1,1.0,"Raza to Kushal Malla, 1 run  .Round the wicket, drags it shorter outside off, it was in his arc to swing it down the  .ground but just couldn't get the requisite power behind the shot, long-on pings a sharp  .throw at the non-striker's end, hits the stump but the batter made his ground",Raza,Kushal Malla,1.0,0,0,1,1,1.0,0,,1
"42.2 
2 
Raza to Paudel, 2 runs 
Runs it down past leaping short third for a run",42.2,2,2.0,"Raza to Paudel, 2 runs  .Runs it down past leaping short third for a run",Raza,Paudel,2.0,0,0,1,1,2.0,0,,1
"42.3 
4 
Raza to Paudel, FOUR runs 
Lobbed up from over the wicket and hoicked out of sight. Pounds it over Raza's head for 
a four, minimal feet movement and was absolutely leathered out of the middle",42.3,4,4.0,"Raza to Paudel, FOUR runs  .Lobbed up from over the wicket and hoicked out of sight. Pounds it over Raza's head for  .a four, minimal feet movement and was absolutely leathered out of the middle",Raza,Paudel,4.0,1,0,1,1,4.0,0,,1
"42.4 
1 
Raza to Paudel, 1 run 
Makes room to thwack a cut and pinches a run",42.4,1,1.0,"Raza to Paudel, 1 run  .Makes room to thwack a cut and pinches a run",Raza,Paudel,1.0,0,0,1,1,1.0,0,,1
"42.5 
• 
Raza to Kushal Malla, no run 
Round the wicket, very slow through the air, he was a bit too early into the late cut and 
only connects with fresh air",42.5,0,0.0,"Raza to Kushal Malla, no run  .Round the wicket, very slow through the air, he was a bit too early into the late cut and  .only connects with fresh air",Raza,Kushal Malla,0.0,0,0,1,1,0.0,0,,0
"42.6 
6 
Raza to Kushal Malla, SIX runs 
Raza coughs up six on the last delivery, tossed up, little bit of spin outside off, he 
connects it sweetly, using the long handle and depositing it over deep midwicket for a 
six. No violence, pure timing and treat to watch 
end of over 4314 runs  
NEP: 246/2CRR: 5.72  
Kushal Malla35 (36b 2x4 2x6) 
Rohit Paudel31 (28b 5x4) 
Sikandar Raza 6-0-44-0 
Richard Ngarava 6-1-28-0",42.6,6,6.0,"Raza to Kushal Malla, SIX runs  .Raza coughs up six on the last delivery, tossed up, little bit of spin outside off, he  .connects it sweetly, using the long handle and depositing it over deep midwicket for a  .six. No violence, pure timing and treat to watch",Raza,Kushal Malla,6.0,0,1,1,1,6.0,0,,1
"43.1 
W 
Ngarava to Paudel, OUT 
Edged and taken! That's a scorching delivery banged into the pitch and it lifted insanely 
off the deck swirling away in the channel, he went for the hook looking a bit ungainly, 
edge fountained straight up and fell into the keeper's mitts. That was some serious 
pace and he was hurried into playing the hook shot. A timely scalp for Zimbabwe 
Rohit Paudel c †Madande b Ngarava 31 (29b 5x4 0x6) SR: 106.89",43.1,W,0.0,"Ngarava to Paudel, OUT  .Edged and taken! That's a scorching delivery banged into the pitch and it lifted insanely  .off the deck swirling away in the channel, he went for the hook looking a bit ungainly,  .edge fountained straight up and fell into the keeper's mitts. That was some serious  .pace and he was hurried into playing the hook shot. A timely scalp for Zimbabwe  .Rohit Paudel c †Madande b Ngarava 31 (29b 5x4 0x6) SR: 106.89",Ngarava,Paudel,0.0,0,0,1,1,0.0,1,c †Madande b Ngarava,0
"43.2 
1 
Ngarava to Aarif Sheikh, 1 run 
Rams the yorker just outside off, digs it down to mid-off and sprints for a run, rockets a 
throw at non-striker and smashes the stumps but he made his ground",43.2,1,1.0,"Ngarava to Aarif Sheikh, 1 run  .Rams the yorker just outside off, digs it down to mid-off and sprints for a run, rockets a  .throw at non-striker and smashes the stumps but he made his ground",Ngarava,Aarif Sheikh,1.0,0,0,1,1,1.0,0,,1
"43.3 
• 
Ngarava to Kushal Malla, no run 
Flat-bats it down to mid-on fielder who swoops to his right and hunts it down quickly",43.3,0,0.0,"Ngarava to Kushal Malla, no run  .Flat-bats it down to mid-on fielder who swoops to his right and hunts it down quickly",Ngarava,Kushal Malla,0.0,0,0,1,1,0.0,0,,0
"43.4 
• 
Ngarava to Kushal Malla, no run 
Slow ball rising delivery, he gets hoodwinked by the slowness of the delivery, early into 
the pull shot and could have easily dragged it back onto the stumps, survives",43.4,0,0.0,"Ngarava to Kushal Malla, no run  .Slow ball rising delivery, he gets hoodwinked by the slowness of the delivery, early into  .the pull shot and could have easily dragged it back onto the stumps, survives",Ngarava,Kushal Malla,0.0,0,0,1,1,0.0,0,,0
"43.5 
• 
Ngarava to Kushal Malla, no run 
Magnificent delivery, mixing it up nicely and creating an element of doubt in the batter's 
mind. Darts in a bumper on middle stump line and it got big on him, swing and a miss",43.5,0,0.0,"Ngarava to Kushal Malla, no run  .Magnificent delivery, mixing it up nicely and creating an element of doubt in the batter's  .mind. Darts in a bumper on middle stump line and it got big on him, swing and a miss",Ngarava,Kushal Malla,0.0,0,0,1,1,0.0,0,,0
"43.6 
1w 
Ngarava to Kushal Malla, 1 wide 
Goes off the radar, lands it outside leg stump while trying to aim for the in-dipping 
yorker, good plan but the execution wasn't quite spot-on",43.6,1w,1.0,"Ngarava to Kushal Malla, 1 wide  .Goes off the radar, lands it outside leg stump while trying to aim for the in-dipping  .yorker, good plan but the execution wasn't quite spot-on",Ngarava,Kushal Malla,0.0,0,0,0,0,1.0,0,,1
"43.6 
• 
Ngarava to Kushal Malla, no run 
Top-drawer stuff from Malla! Short of a length, angled into middle and leg, it held up in 
the surface and he gets stuck on the backfoot, ends up fending it to the leg side. It's a 
precious dot as Zimbabwe try to pull things back in their favor and prevent Nepal from 
teeing off 
end of over 442 runs • 1 wicket 
NEP: 248/3CRR: 5.63  
Kushal Malla35 (40b 2x4 2x6) 
Aarif Sheikh1 (1b) 
Richard Ngarava 7-1-30-1 
Sikandar Raza 6-0-44-0 
Binod: ""I have been cooking lunch since two hours now but i am not able to concentrate 
on my cooking as my mind and soul is busy scrolling ball by ball commentary. Proud 
moment for Nepal Indeed."" 
Savin Adhikari: ""Its really a great feeling to watch my country fighting superbly against 
the stronger opponent Zimbabwe ! Cricket is growing strongly here in Nepal !! Come on 
Nepal !! 
Caradhras: ""We don't have really fast bowlers. Otherwise, I've always believed our 
bowlers are really really good, good enough to compete with the second-tier full 
members, if only our batting would catch up. Our batting finally is getting good (we used 
to regularly bundle up for 150-ish and had to rely on our bowling to give next level 
performance to win). Dare I now hope then? Could it be? "" 
Yash: ""With the way Nepal is smashing Raza, a highly standard spin bowler, I wonder 
what is it going to be when Nepali spinners bowl. Sandeep has a decent exposure. 
Others are yet to have a significant bowling exposure.""",43.6,0,0.0,"Ngarava to Kushal Malla, no run  .Top-drawer stuff from Malla! Short of a length, angled into middle and leg, it held up in  .the surface and he gets stuck on the backfoot, ends up fending it to the leg side. It's a  .precious dot as Zimbabwe try to pull things back in their favor and prevent Nepal from  .teeing off",Ngarava,Kushal Malla,0.0,0,0,1,1,0.0,0,,0
"44.1 
1 
Chatara to Aarif Sheikh, 1 run 
leans away from the back of a length ball angled into off stump and chops it on top of 
the bounce to the third man",44.1,1,1.0,"Chatara to Aarif Sheikh, 1 run  .leans away from the back of a length ball angled into off stump and chops it on top of  .the bounce to the third man",Chatara,Aarif Sheikh,1.0,0,0,1,1,1.0,0,,1
"44.2 
6 
Chatara to Kushal Malla, SIX runs 
Lands it on a good length, pace off the ball and it's absolutely leathered! That went 
miles up in the air and cleared long-on with ease, ending up in the top-tier much to the 
delight of Nepal fans. That's some elite striking! Super stuff!",44.2,6,6.0,"Chatara to Kushal Malla, SIX runs  .Lands it on a good length, pace off the ball and it's absolutely leathered! That went  .miles up in the air and cleared long-on with ease, ending up in the top-tier much to the  .delight of Nepal fans. That's some elite striking! Super stuff!",Chatara,Kushal Malla,6.0,0,1,1,1,6.0,0,,1
"44.3 
W 
Chatara to Kushal Malla, OUT 
Dishes out a full toss wide of off, a harmless delivery but he ends up spooning it straight 
to short extra cover where Ervine gobbles it up gleefully, got the toe-end of the bat. A 
useful and brisk 41 run knock that has given impetus to Nepal's innings 
Kushal Malla c Ervine b Chatara 41 (42b 2x4 3x6) SR: 97.61",44.3,W,0.0,"Chatara to Kushal Malla, OUT  .Dishes out a full toss wide of off, a harmless delivery but he ends up spooning it straight  .to short extra cover where Ervine gobbles it up gleefully, got the toe-end of the bat. A  .useful and brisk 41 run knock that has given impetus to Nepal's innings  .Kushal Malla c Ervine b Chatara 41 (42b 2x4 3x6) SR: 97.61",Chatara,Kushal Malla,0.0,0,0,1,1,0.0,1,c Ervine b Chatara,0
"44.4 
1 
Chatara to Gulsan Jha, 1 run 
Back of a length, rising steeply off the track at awkward chest height, he jumps off the 
backfoot and plays towards vacant short leg region and opens his account",44.4,1,1.0,"Chatara to Gulsan Jha, 1 run  .Back of a length, rising steeply off the track at awkward chest height, he jumps off the  .backfoot and plays towards vacant short leg region and opens his account",Chatara,Gulsan Jha,1.0,0,0,1,1,1.0,0,,1
"44.5 
1 
Chatara to Aarif Sheikh, 1 run 
Fraction short and wide, glides it down wide third man",44.5,1,1.0,"Chatara to Aarif Sheikh, 1 run  .Fraction short and wide, glides it down wide third man",Chatara,Aarif Sheikh,1.0,0,0,1,1,1.0,0,,1
"44.6 
1 
Chatara to Gulsan Jha, 1 run 
A touch short and curling away outside off, swung hard but didn't get all of it, backing 
away and trying to slug it over backward point, but didn't get the desired result 
end of over 4510 runs • 1 wicket 
NEP: 258/4CRR: 5.73  
Gulsan Jha2 (2b) 
Aarif Sheikh3 (3b) 
Tendai Chatara 7-1-59-1 
Richard Ngarava 7-1-30-1 
Suman Adhikari : ""I am teaching at school and it's 3:40 pm here in Nepal. MY mind and 
soul is at harare right now, rhinos are hunting there, be careful home team zimbabwe"" 
Anupam : ""Hey! ESPN provide me a giggle. My eyes are aching since I can't remove 
because of scrolling. Will you publish it? I desperately wish so.""",44.6,1,1.0,"Chatara to Gulsan Jha, 1 run  .A touch short and curling away outside off, swung hard but didn't get all of it, backing  .away and trying to slug it over backward point, but didn't get the desired result",Chatara,Gulsan Jha,1.0,0,0,1,1,1.0,0,,1
"45.1 
1 
Muzarabani to Gulsan Jha, 1 run 
Hits the hard length and it's floating outside off, makes room to clobber it through the 
off side, hits him high on the blade and flutters down into the covers",45.1,1,1.0,"Muzarabani to Gulsan Jha, 1 run  .Hits the hard length and it's floating outside off, makes room to clobber it through the  .off side, hits him high on the blade and flutters down into the covers",Muzarabani,Gulsan Jha,1.0,0,0,1,1,1.0,0,,1
"45.2 
2 
Muzarabani to Aarif Sheikh, 2 runs 
Slower delivery on a length, jags back into middle and leg, tried to whack it out of the 
park, but didn't get all of it, lands in the peninsula between midwicket and cow corner, 
fielders converging in the deep",45.2,2,2.0,"Muzarabani to Aarif Sheikh, 2 runs  .Slower delivery on a length, jags back into middle and leg, tried to whack it out of the  .park, but didn't get all of it, lands in the peninsula between midwicket and cow corner,  .fielders converging in the deep",Muzarabani,Aarif Sheikh,2.0,0,0,1,1,2.0,0,,1
"45.3 
1 
Muzarabani to Aarif Sheikh, 1 run 
Again pace off the ball doing the tricks, lands it on a slightly shorter length wide of off, 
he stays back and indecisively whisk it down to backward point, steals a run",45.3,1,1.0,"Muzarabani to Aarif Sheikh, 1 run  .Again pace off the ball doing the tricks, lands it on a slightly shorter length wide of off,  .he stays back and indecisively whisk it down to backward point, steals a run",Muzarabani,Aarif Sheikh,1.0,0,0,1,1,1.0,0,,1
"45.4 
1w 
Muzarabani to Gulsan Jha, 1 wide 
Strays in his line, dropped short and lands it outside leg stump, he wanted to pull it fine 
but it was out of his reach, wide signaled",45.4,1w,1.0,"Muzarabani to Gulsan Jha, 1 wide  .Strays in his line, dropped short and lands it outside leg stump, he wanted to pull it fine  .but it was out of his reach, wide signaled",Muzarabani,Gulsan Jha,0.0,0,0,0,0,1.0,0,,1
"45.4 
2 
Muzarabani to Gulsan Jha, 2 runs 
In the blockhole on middle stump, squeezed out to square leg and the fielder is quite 
deep so they scamper back for a brace, pick up a couple",45.4,2,2.0,"Muzarabani to Gulsan Jha, 2 runs  .In the blockhole on middle stump, squeezed out to square leg and the fielder is quite  .deep so they scamper back for a brace, pick up a couple",Muzarabani,Gulsan Jha,2.0,0,0,1,1,2.0,0,,1
"45.5 
1 
Muzarabani to Gulsan Jha, 1 run 
Rams the yorker on middle, he digs it out back to the bowler's left and is haring for a run",45.5,1,1.0,"Muzarabani to Gulsan Jha, 1 run  .Rams the yorker on middle, he digs it out back to the bowler's left and is haring for a run",Muzarabani,Gulsan Jha,1.0,0,0,1,1,1.0,0,,1
"45.6 
1 
Muzarabani to Aarif Sheikh, 1 run 
Goes full again, not quite in the blockhole, drifting towards leg stump, he lunges forward 
and shanks it away to square leg 
end of over 469 runs  
NEP: 267/4CRR: 5.80  
Aarif Sheikh7 (6b) 
Gulsan Jha6 (5b) 
Blessing Muzarabani 8-0-42-0 
Tendai Chatara 7-1-59-1 
P.Kharel: ""Hopefully my sleepless night at Georgia USA will end with a Nepal win today"" 
Kiran: ""I'm in a restaurant right now here in Chitwan. Here they've switched to this match 
on TV and everybody have their eyes locked at it. Huge roars with every Nepal boundary. 
Amazing scenes."" Stonking atmosphere!",45.6,1,1.0,"Muzarabani to Aarif Sheikh, 1 run  .Goes full again, not quite in the blockhole, drifting towards leg stump, he lunges forward  .and shanks it away to square leg",Muzarabani,Aarif Sheikh,1.0,0,0,1,1,1.0,0,,1
"46.1 
1 
Ngarava to Aarif Sheikh, 1 run 
Slow ball yorker angled across off, squirted out to deep backward point",46.1,1,1.0,"Ngarava to Aarif Sheikh, 1 run  .Slow ball yorker angled across off, squirted out to deep backward point",Ngarava,Aarif Sheikh,1.0,0,0,1,1,1.0,0,,1
"46.2 
1lb 
Ngarava to Gulsan Jha, 1 leg bye 
Big shout for an lbw, the umpire doesn't raise the dreaded finger, it looked liked sliding 
down leg, pitched on middle. He was trying to go for the big heave over midwicket, 
beaten by the cunning change of pace",46.2,1lb,1.0,"Ngarava to Gulsan Jha, 1 leg bye  .Big shout for an lbw, the umpire doesn't raise the dreaded finger, it looked liked sliding  .down leg, pitched on middle. He was trying to go for the big heave over midwicket,  .beaten by the cunning change of pace",Ngarava,Gulsan Jha,0.0,0,0,1,1,0.0,0,,0
"46.3 
• 
Ngarava to Aarif Sheikh, no run 
Shorter delivery zoomed in and went through quickly, he made room to play an upper-
cut, got himself into an ugly tangle and cannot connect. Brilliant delivery, not much you 
can do about it",46.3,0,0.0,"Ngarava to Aarif Sheikh, no run  .Shorter delivery zoomed in and went through quickly, he made room to play an upper- .cut, got himself into an ugly tangle and cannot connect. Brilliant delivery, not much you  .can do about it",Ngarava,Aarif Sheikh,0.0,0,0,1,1,0.0,0,,0
"46.4 
• 
Ngarava to Aarif Sheikh, no run 
Length ball, slanting away across off, pace off the ball, batter loses his shape while 
trying to clonk that past backward point, misses",46.4,0,0.0,"Ngarava to Aarif Sheikh, no run  .Length ball, slanting away across off, pace off the ball, batter loses his shape while  .trying to clonk that past backward point, misses",Ngarava,Aarif Sheikh,0.0,0,0,1,1,0.0,0,,0
"46.5 
2 
Ngarava to Aarif Sheikh, 2 runs 
This time he connects, length ball on leg stump, he wanders to the off side, gets down 
low to it and paddles it away but the gun fielder, Chatara I reckon, hunts it down quickly",46.5,2,2.0,"Ngarava to Aarif Sheikh, 2 runs  .This time he connects, length ball on leg stump, he wanders to the off side, gets down  .low to it and paddles it away but the gun fielder, Chatara I reckon, hunts it down quickly",Ngarava,Aarif Sheikh,2.0,0,0,1,1,2.0,0,,1
"46.6 
W 
Ngarava to Aarif Sheikh, OUT 
Another one bites the dust! Ngarava has the last laugh but wait, umpires are checking if 
the height of the delivery is alright. It was a high full-toss. There is no problem with the 
foot, well behind the line, batter was out of his crease and the on-field umpires signals 
out as Aarif starts to take the long walk back into the pavilion, his ebullience lasted 11 
deliveries. Simple catch at mid-off for Ryan Burl 
Aarif Sheikh c Burl b Ngarava 10 (11b 0x4 0x6) SR: 90.9 
end of over 474 runs • 1 wicket 
NEP: 271/5CRR: 5.76  
Gulsan Jha6 (6b) 
Richard Ngarava 8-1-33-2 
Blessing Muzarabani 8-0-42-0",46.6,W,0.0,"Ngarava to Aarif Sheikh, OUT  .Another one bites the dust! Ngarava has the last laugh but wait, umpires are checking if  .the height of the delivery is alright. It was a high full-toss. There is no problem with the  .foot, well behind the line, batter was out of his crease and the on-field umpires signals  .out as Aarif starts to take the long walk back into the pavilion, his ebullience lasted 11  .deliveries. Simple catch at mid-off for Ryan Burl  .Aarif Sheikh c Burl b Ngarava 10 (11b 0x4 0x6) SR: 90.9",Ngarava,Aarif Sheikh,0.0,0,0,1,1,0.0,1,c Burl b Ngarava,0
"47.1 
1 
Muzarabani to Gulsan Jha, 1 run 
Thick outside edge but fielder at short third makes a brilliant diving stop to prevent a 
certain boundary",47.1,1,1.0,"Muzarabani to Gulsan Jha, 1 run  .Thick outside edge but fielder at short third makes a brilliant diving stop to prevent a  .certain boundary",Muzarabani,Gulsan Jha,1.0,0,0,1,1,1.0,0,,1
"47.2 
1 
Muzarabani to Airee, 1 run 
Spears it on a fuller length, angled into off stump, slashes at it, not timed well, mid-off 
cuts it off",47.2,1,1.0,"Muzarabani to Airee, 1 run  .Spears it on a fuller length, angled into off stump, slashes at it, not timed well, mid-off  .cuts it off",Muzarabani,Airee,1.0,0,0,1,1,1.0,0,,1
"47.3 
2lb 
Muzarabani to Gulsan Jha, 2 leg byes 
Loses the sight of the ball, fuller length, a little bit of seam movement off the deck, was 
trying to muscle it over square leg, ricochets off the pads to cover",47.3,2lb,2.0,"Muzarabani to Gulsan Jha, 2 leg byes  .Loses the sight of the ball, fuller length, a little bit of seam movement off the deck, was  .trying to muscle it over square leg, ricochets off the pads to cover",Muzarabani,Gulsan Jha,0.0,0,0,1,1,0.0,0,,0
"47.4 
• 
Muzarabani to Gulsan Jha, no run 
Threw the kitchen sink at it but can only connect with fresh air, went down on one knee 
on this slower back of a length delivery across off",47.4,0,0.0,"Muzarabani to Gulsan Jha, no run  .Threw the kitchen sink at it but can only connect with fresh air, went down on one knee  .on this slower back of a length delivery across off",Muzarabani,Gulsan Jha,0.0,0,0,1,1,0.0,0,,0
"47.5 
2 
Muzarabani to Gulsan Jha, 2 runs 
Shortens his length, no pace to work with, goes for the pull but once again no timing on 
this shot and it lands short of midwicket",47.5,2,2.0,"Muzarabani to Gulsan Jha, 2 runs  .Shortens his length, no pace to work with, goes for the pull but once again no timing on  .this shot and it lands short of midwicket",Muzarabani,Gulsan Jha,2.0,0,0,1,1,2.0,0,,1
"47.6 
• 
Muzarabani to Gulsan Jha, no run 
Strangled down the leg side, I think I heard a sound. Short of a length, angled in and 
straightening down the line leg, goes for the hook but it flummoxed by the slowness of 
the delivery, just kissed the pads on its way to the keeper 
end of over 486 runs  
NEP: 277/5CRR: 5.77  
Gulsan Jha9 (11b) 
Dipendra Singh Airee1 (1b) 
Blessing Muzarabani 9-0-46-0 
Richard Ngarava 8-1-33-2",47.6,0,0.0,"Muzarabani to Gulsan Jha, no run  .Strangled down the leg side, I think I heard a sound. Short of a length, angled in and  .straightening down the line leg, goes for the hook but it flummoxed by the slowness of  .the delivery, just kissed the pads on its way to the keeper",Muzarabani,Gulsan Jha,0.0,0,0,1,1,0.0,0,,0
"48.1 
2nb 
Ngarava to Airee, (no ball) 1 run 
Oh, what just happened there? Just slipped out of his hands, very high and the umpire 
signals no ball. He was trying for a slow ball yorker perhaps but it went horribly wrong, 
Free hit to follow",48.1,2nb,2.0,"Ngarava to Airee, (no ball) 1 run  .Oh, what just happened there? Just slipped out of his hands, very high and the umpire  .signals no ball. He was trying for a slow ball yorker perhaps but it went horribly wrong,  .Free hit to follow",Ngarava,Airee,1.0,0,0,1,0,2.0,0,,1
"48.1 
4 
Ngarava to Gulsan Jha, FOUR runs 
Drills it downtown! Attempted yorker ends up a juicy low full toss, he accepts the gift 
gladly and gives it the brutal treatment, no chance for mid-on to stop that rocket",48.1,4,4.0,"Ngarava to Gulsan Jha, FOUR runs  .Drills it downtown! Attempted yorker ends up a juicy low full toss, he accepts the gift  .gladly and gives it the brutal treatment, no chance for mid-on to stop that rocket",Ngarava,Gulsan Jha,4.0,1,0,1,1,4.0,0,,1
"48.2 
W 
Ngarava to Gulsan Jha, OUT 
What a comeback, that's a tremendous riposte from Ngarava, you just can't keep him 
out of action, livewire in the field and delivering the goods with the ball at death. Slams 
it on a shorter length, ball rising steeply as he goes for the pull but finds the fielder 
stationed perfectly for this false shot at deep midwicket, Williams charges in from deep 
and hangs onto it brilliantly. Wickets are tumbling 
Gulsan Jha c Williams b Ngarava 13 (13b 1x4 0x6) SR: 100",48.2,W,0.0,"Ngarava to Gulsan Jha, OUT  .What a comeback, that's a tremendous riposte from Ngarava, you just can't keep him  .out of action, livewire in the field and delivering the goods with the ball at death. Slams  .it on a shorter length, ball rising steeply as he goes for the pull but finds the fielder  .stationed perfectly for this false shot at deep midwicket, Williams charges in from deep  .and hangs onto it brilliantly. Wickets are tumbling  .Gulsan Jha c Williams b Ngarava 13 (13b 1x4 0x6) SR: 100",Ngarava,Gulsan Jha,0.0,0,0,1,1,0.0,1,c Williams b Ngarava,0
"48.3 
W 
Ngarava to Sharki, OUT 
Wickets continue to tumble for Nepal as they try to get to 300! Sharki succumbs to 
short-pitch stuff and lobs it in the air, regulation catch for the keeper and Ngarava is on 
a hat-trick! 
Bhim Sharki c †Madande b Ngarava 0 (1b 0x4 0x6) SR: 0",48.3,W,0.0,"Ngarava to Sharki, OUT  .Wickets continue to tumble for Nepal as they try to get to 300! Sharki succumbs to  .short-pitch stuff and lobs it in the air, regulation catch for the keeper and Ngarava is on  .a hat-trick!  .Bhim Sharki c †Madande b Ngarava 0 (1b 0x4 0x6) SR: 0",Ngarava,Sharki,0.0,0,0,1,1,0.0,1,c †Madande b Ngarava,0
"48.4 
1 
Ngarava to Karan KC, 1 run 
Backs away on this length delivery on leg stump and mousses it into the covers",48.4,1,1.0,"Ngarava to Karan KC, 1 run  .Backs away on this length delivery on leg stump and mousses it into the covers",Ngarava,Karan KC,1.0,0,0,1,1,1.0,0,,1
"48.5 
2 
Ngarava to Airee, 2 runs 
Spears in a slow yorker on fifth stump line, throws his bat at it but can't connect 
properly, keeper collects it",48.5,2,2.0,"Ngarava to Airee, 2 runs  .Spears in a slow yorker on fifth stump line, throws his bat at it but can't connect  .properly, keeper collects it",Ngarava,Airee,2.0,0,0,1,1,2.0,0,,1
"48.6 
1 
Ngarava to Airee, 1 run 
Goes for the wide yorker again, he stabs it out to sweeper and cannot take a fifer 
tonight but a brilliant spell from Ngarava, bowled his heart out and made life tough for 
the batters. 
end of over 4910 runs • 2 wickets 
NEP: 287/7CRR: 5.85  
Dipendra Singh Airee5 (4b) 
Karan KC1 (1b) 
Richard Ngarava 9-1-43-4 
Blessing Muzarabani 9-0-46-0",48.6,1,1.0,"Ngarava to Airee, 1 run  .Goes for the wide yorker again, he stabs it out to sweeper and cannot take a fifer  .tonight but a brilliant spell from Ngarava, bowled his heart out and made life tough for  .the batters.",Ngarava,Airee,1.0,0,0,1,1,1.0,0,,1
"49.1 
1 
Muzarabani to Airee, 1 run 
Squirted away into the covers, scurries through a run which won't bother Zimbabwe",49.1,1,1.0,"Muzarabani to Airee, 1 run  .Squirted away into the covers, scurries through a run which won't bother Zimbabwe",Muzarabani,Airee,1.0,0,0,1,1,1.0,0,,1
"49.2 
1 
Muzarabani to Karan KC, 1 run 
Spears in a yorker, following the batter who was stepping away to the on side, ends up 
forcing it away into the off side",49.2,1,1.0,"Muzarabani to Karan KC, 1 run  .Spears in a yorker, following the batter who was stepping away to the on side, ends up  .forcing it away into the off side",Muzarabani,Karan KC,1.0,0,0,1,1,1.0,0,,1
"49.3 
• 
Muzarabani to Airee, no run 
Hurls down a nasty bouncer outside leg stump, he went for the full-blooded hook off the 
backfoot but is nowhere near the pitch of the ball",49.3,0,0.0,"Muzarabani to Airee, no run  .Hurls down a nasty bouncer outside leg stump, he went for the full-blooded hook off the  .backfoot but is nowhere near the pitch of the ball",Muzarabani,Airee,0.0,0,0,1,1,0.0,0,,0
"49.4 
W 
Muzarabani to Airee, OUT 
Williams catches it like a bird catches its prey, Airee went for the big shot but couldn't 
clear deep midwicket. Undone by the slowness of the delivery and you could see he was 
getting frustrated with a barrage of dots piling up, he had to go for it. Zimbabwe have 
done well to pull things back in their favor in the last couple of overs 
Dipendra Singh Airee c Williams b Muzarabani 6 (7b 0x4 0x6) SR: 85.71",49.4,W,0.0,"Muzarabani to Airee, OUT  .Williams catches it like a bird catches its prey, Airee went for the big shot but couldn't  .clear deep midwicket. Undone by the slowness of the delivery and you could see he was  .getting frustrated with a barrage of dots piling up, he had to go for it. Zimbabwe have  .done well to pull things back in their favor in the last couple of overs  .Dipendra Singh Airee c Williams b Muzarabani 6 (7b 0x4 0x6) SR: 85.71",Muzarabani,Airee,0.0,0,0,1,1,0.0,1,c Williams b Muzarabani,0
"49.5 
• 
Muzarabani to Sompal Kami, no run 
Fraction short and whizzing away in the corridor, he throws his hands at it but only 
grabs fresh air. Can Nepal finish the innings on a high?",49.5,0,0.0,"Muzarabani to Sompal Kami, no run  .Fraction short and whizzing away in the corridor, he throws his hands at it but only  .grabs fresh air. Can Nepal finish the innings on a high?",Muzarabani,Sompal Kami,0.0,0,0,1,1,0.0,0,,0
"49.6 
1b 
Muzarabani to Sompal Kami, 1 bye 
A hooping inswinger on an unimpeachable line, it was short, it was quick and fizzed 
through the air, beating his hook. Marvelous work from Zimbabwe in the last five overs 
to keep a lid on the score 
Aashish Adhikar: ""Tomorrow is my ophthalmology paper and my eyes are stuck at the 
match while my books and notes keep saying ""hello dear. we do exist"""" 
Riwaj: ""Switicing back and forth between Nepal and Usual Khwaja batting. What a day 
for cricket. "" 
Kishor Pandey: ""Literally enjoyed Nepalese batsman's performance is mind blowing "" 
Rajeah: ""I am watching the match from India . What a great weekend .On one side this 
match and on the other side the Ashes. My fingers are hurting changing the tab .Can't 
ask more than this for a great weekend ."" 
Bimal: ""Nepal's death over bowling and death overs batting has been the achilles heel 
for quite some time now. We left 20-25 runs out there, I guess..!! "" 
That was quite incredible from Zimbabwe at the death, Richard Ngarava, picked his 
career-best figures of 4/42 and Blessing Muzarabani showed his dexterity and beat the 
bat frequently as Nepal tried to make the most of the final 10 overs but lost the 
momentum towards the end of the innings. Nevertheless, Nepal have got to a fighting 
total and Zimbabwe will have to build partnerships to chase this total down; one of their 
top-orders players need to get a big one to spice up the chase. The reprieves offered to 
Burthel and Malla could haunt them if they stutter in their batting as the tournament's 
hosts let themselves down in the fielding. Burthel took his time before unleashing 
swashbuckling strokeplay and at one point the hosts ran out of ideas to contain him. He 
got able support from Aasif Sheikh as the openers stitched a mammoth partnership of 
171. Handy cameos from the lower-middle order helped push the score past 250. We 
will be back in about 30 minutes with Zimbabwe's reply! 
end of over 503 runs • 1 wicket 
NEP: 290/8CRR: 5.80  
Sompal Kami0 (2b) 
Karan KC2 (2b) 
Blessing Muzarabani 10-0-48-1 
Richard Ngarava 9-1-43-4 
Sponsored Headlines 
 
BCB chief Faruque refuses to resign amid removal buzz | ESPNcricinfoDiscover 
 
PAK vs BAN Cricket Scorecard, 1st T20I at Lahore, May 28, 2025Discover 
 
Grammarly |  
Sponsored by TaboolaSponsored by Taboola 
Install Now 
Learn how to send more effective emails with AI built to optimize writing.Read 
MoreSkip 
 
Quiz - Which team in IPL 2025 was captained by an uncapped player in at least one 
game? | ESPNcricinfoDiscover 
 
Fan Ratings - Middlesex vs Sussex South Group 2025 - Cricket Insights | 
ESPNcricinfo.comDiscover 
 
Ask a Pro: ""How Long Does $1.5M Last in Retirement?""Get a Complimentary Intro Call 
With a Wealth AdvisorSmartAsset |  
SponsoredSponsored 
Click Here 
Undo 
 
Experts Amazed: This Razor is the Best Thing Woman +40 Can DoThis one hidden 
shaving mistake is the root cause of razor bumps & ingrowns after shaving.WomenBuzz 
|  
SponsoredSponsored 
Learn More 
Undo 
 
7 Ways to Retire Comfortably With $1MHow long does $1,000,000 last in retirement? 
Learn ways to live comfortably with our guide.Fisher Investments |  
SponsoredSponsored 
Learn More 
Undo 
 
Seniors Born 1941-1979 Receive 55 Benefits This Month if They AskRidiculous benefits 
seniors are entitled to in 2025, but often forget to claim.WalletJump |  
SponsoredSponsored 
Learn More 
Undo 
 
Amazon's Worst Nightmare: Thousands Canceling Prime for This Clever HackThis 
simple trick can save tons of money on Amazon, but most Prime members are ignoring 
it.Online Tools | Shopping |  
SponsoredSponsored 
Undo 
 
This Tiny Shaving Mistake Could be Why You Get Razor BumpsThis one hidden shaving 
mistake is the root cause of razor bumps & ingrowns after shaving.WomenBuzz |  
SponsoredSponsored 
Learn More 
Undo 
 
Use an AI Writing Tool That Actually Understands Your VoiceImprove grammar, word 
choice, and sentence structure everywhere you work. Write better with 
Grammarly.Grammarly |  
SponsoredSponsored 
Install Now 
Undo 
 
Found A Site That Actually Compares Casinos HonestlyCasinoChamp |  
SponsoredSponsored 
Learn More 
Undo 
 
Your Best Life Starts TodayBoost energy, mood, libido, and lean muscle with our 
powerful TRT Gel. Feel the difference, track your progress, and maximize your results 
with ease. Prescription products require an online consultation with a doctor. Results 
may vary.Maximus |  
SponsoredSponsored 
Learn More 
Undo 
 
Spruce up your space with a HELOCOpen the door to exciting home improvements with 
Desert Financial, Arizona’s #1 HELOC provider.Desert Financial Credit Union |  
SponsoredSponsored 
Apply Now 
Undo 
 
Invest for Only $2.80/Share by 5/29The Chance to Make the Most of a $1.3T 
Opportunity Ends Soon. Learn How to Take Advantage Here.Pacaso |  
SponsoredSponsored 
Learn More 
Undo 
 
How Much to Upgrade Your Backyard? [Price It]Wondering how much a new pool will 
cost? Find out in minutes with our custom pool cost estimator. Check it out.Shasta 
Pools & Spas |  
SponsoredSponsored 
Get Quote 
Undo 
Language 
English 
Match Coverage 
All Match News 
 
Ervine, Williams tons thump Nepal in World Cup Qualifier 
opener 
Kushal Bhurtel's 99 had helped Nepal post 290 for 8 but it never looked overwhelming 
for Zimbabwe 
 
 
 
Instant answers to T20 questions 
What is the lowest team total in the IPL? 
Which batter has hit the most sixes in an innings in the IPL? 
Which team has scored the most runs in death overs in an IPL match? 
Ask a question 
Videos 
All Match Videos 
 
 
1:36 
Williams: 'I'm going to give that one to my dad ...' 
 
Zimbabwe Innings 
Player Name 
R 
B 
J Gumbie 
lbw 
25 
29 
CR Ervine 
not out 
121 128 
W 
Madhevere caught 
32 
38 
SC 
Williams 
not out 
102 70 
Extras 
(lb 4, w 7) 
Total 
291(2 wkts;",49.6,1b,1.0,"Muzarabani to Sompal Kami, 1 bye  .A hooping inswinger on an unimpeachable line, it was short, it was quick and fizzed  .through the air, beating his hook. Marvelous work from Zimbabwe in the last five overs  .to keep a lid on the score",Muzarabani,Sompal Kami,0.0,0,0,1,1,0.0,0,,1
