raw_data,overs,runs,team_runs,commentary,bowler,batsman,batsman_runs,batsman_fours,batsman_sixes,batsman_bowls_faced,bowler_bowls_done,bowler_runs_given,bowler_wickets,dismissal,runs_given_bool
"0.1 
1w 
Shaheen Shah Afridi to Conway, 1 wide 
starts off with one sliding down leg. No swing at the moment",0.1,1w,1.0,"Shaheen Shah Afridi to Conway, 1 wide  .starts off with one sliding down leg. No swing at the moment",Shaheen Shah Afridi,Conway,0.0,0,0,0,0,1.0,0,,1
"0.1 
• 
Shaheen Shah Afridi to Conway, no run 
a bit of shape there, certainly. Some extra bounce, too, hits him high on the bat",0.1,0,0.0,"Shaheen Shah Afridi to Conway, no run  .a bit of shape there, certainly. Some extra bounce, too, hits him high on the bat",Shaheen Shah Afridi,Conway,0.0,0,0,1,1,0.0,0,,0
"0.2 
• 
Shaheen Shah Afridi to Conway, no run 
slightly fuller in search of swing. Defended down the ground",0.2,0,0.0,"Shaheen Shah Afridi to Conway, no run  .slightly fuller in search of swing. Defended down the ground",Shaheen Shah Afridi,Conway,0.0,0,0,1,1,0.0,0,,0
"0.3 
• 
Shaheen Shah Afridi to Conway, no run 
another length ball and some extra bounce once more",0.3,0,0.0,"Shaheen Shah Afridi to Conway, no run  .another length ball and some extra bounce once more",Shaheen Shah Afridi,Conway,0.0,0,0,1,1,0.0,0,,0
"0.4 
• 
Shaheen Shah Afridi to Conway, no run 
angling down leg as it hits him on the front pad",0.4,0,0.0,"Shaheen Shah Afridi to Conway, no run  .angling down leg as it hits him on the front pad",Shaheen Shah Afridi,Conway,0.0,0,0,1,1,0.0,0,,0
"0.5 
• 
Shaheen Shah Afridi to Conway, no run 
angling away as Conway drives towards point 
The sun's come out now",0.5,0,0.0,"Shaheen Shah Afridi to Conway, no run  .angling away as Conway drives towards point  .The sun's come out now",Shaheen Shah Afridi,Conway,0.0,0,0,1,1,0.0,0,,0
"0.6 
• 
Shaheen Shah Afridi to Conway, no run 
squared him up slightly but he keeps it out. Tight first over from Shaheen 
end of over 11 run  
NZ: 1/0CRR: 1.00  
Devon Conway0 (6b) 
Rachin Ravindra0 (0b) 
Shaheen Shah Afridi 1-0-1-0 
RaviChandra: ""Does spinners have any purchase on this wicket? Not sure why NZ gone 
with two spinners"" Clearly one captain thinks they will more than the other. 
Azhar Ali: ""What does the pitch say ?How it will behave ?"" It has so far proven resistant 
to interrogation",0.6,0,0.0,"Shaheen Shah Afridi to Conway, no run  .squared him up slightly but he keeps it out. Tight first over from Shaheen",Shaheen Shah Afridi,Conway,0.0,0,0,1,1,0.0,0,,0
"1.1 
1w 
Hasan Ali to Ravindra, 1 wide 
like Shaheen, he starts off with a wide down leg, too",1.1,1w,1.0,"Hasan Ali to Ravindra, 1 wide  .like Shaheen, he starts off with a wide down leg, too",Hasan Ali,Ravindra,0.0,0,0,0,0,1.0,0,,1
"1.1 
• 
Hasan Ali to Ravindra, no run 
back of a length, punched to mid-off",1.1,0,0.0,"Hasan Ali to Ravindra, no run  .back of a length, punched to mid-off",Hasan Ali,Ravindra,0.0,0,0,1,1,0.0,0,,0
"1.2 
• 
Hasan Ali to Ravindra, no run 
thick outside edge towards the offside",1.2,0,0.0,"Hasan Ali to Ravindra, no run  .thick outside edge towards the offside",Hasan Ali,Ravindra,0.0,0,0,1,1,0.0,0,,0
"1.3 
• 
Hasan Ali to Ravindra, no run 
first attempt at a shot in anger. Hasan tosses one in that's short and wide, but Rachin's 
slash at it doesn't connect",1.3,0,0.0,"Hasan Ali to Ravindra, no run  .first attempt at a shot in anger. Hasan tosses one in that's short and wide, but Rachin's  .slash at it doesn't connect",Hasan Ali,Ravindra,0.0,0,0,1,1,0.0,0,,0
"1.4 
4 
Hasan Ali to Ravindra, FOUR runs 
misses his line and pays the price. It's on the pads, and all RR has to do is clip it to fine 
leg to pick up the first boundary",1.4,4,4.0,"Hasan Ali to Ravindra, FOUR runs  .misses his line and pays the price. It's on the pads, and all RR has to do is clip it to fine  .leg to pick up the first boundary",Hasan Ali,Ravindra,4.0,1,0,1,1,4.0,0,,1
"1.5 
• 
Hasan Ali to Ravindra, no run 
times it to backward point where it's sharply fielded",1.5,0,0.0,"Hasan Ali to Ravindra, no run  .times it to backward point where it's sharply fielded",Hasan Ali,Ravindra,0.0,0,0,1,1,0.0,0,,0
"1.6 
• 
Hasan Ali to Ravindra, no run 
defends once more 
end of over 25 runs  
NZ: 6/0CRR: 3.00  
Rachin Ravindra4 (6b 1x4) 
Devon Conway0 (6b) 
Hasan Ali 1-0-5-0 
Shaheen Shah Afridi 1-0-1-0 
Abbas: "" NZ fast bowlers are injured and Pak spinners are out of form. So both team are 
playing as per their best available resource. """,1.6,0,0.0,"Hasan Ali to Ravindra, no run  .defends once more",Hasan Ali,Ravindra,0.0,0,0,1,1,0.0,0,,0
"2.1 
• 
Shaheen Shah Afridi to Conway, no run 
length ball moving away from the left hander. he shoulders arms",2.1,0,0.0,"Shaheen Shah Afridi to Conway, no run  .length ball moving away from the left hander. he shoulders arms",Shaheen Shah Afridi,Conway,0.0,0,0,1,1,0.0,0,,0
"2.2 
• 
Shaheen Shah Afridi to Conway, no run 
another length ball, defended",2.2,0,0.0,"Shaheen Shah Afridi to Conway, no run  .another length ball, defended",Shaheen Shah Afridi,Conway,0.0,0,0,1,1,0.0,0,,0
"2.3 
2 
Shaheen Shah Afridi to Conway, 2 runs 
clipped to midwicket for a couple that gets him off the mark",2.3,2,2.0,"Shaheen Shah Afridi to Conway, 2 runs  .clipped to midwicket for a couple that gets him off the mark",Shaheen Shah Afridi,Conway,2.0,0,0,1,1,2.0,0,,1
"2.4 
• 
Shaheen Shah Afridi to Conway, no run 
whipped through the onside once more, but to a fielder this time",2.4,0,0.0,"Shaheen Shah Afridi to Conway, no run  .whipped through the onside once more, but to a fielder this time",Shaheen Shah Afridi,Conway,0.0,0,0,1,1,0.0,0,,0
"2.5 
• 
Shaheen Shah Afridi to Conway, no run 
goes wide of the crease and pitches it up. Driven to mid-off. An errant throw nearly cost 
Pakistan a few overthrows but they get away with it",2.5,0,0.0,"Shaheen Shah Afridi to Conway, no run  .goes wide of the crease and pitches it up. Driven to mid-off. An errant throw nearly cost  .Pakistan a few overthrows but they get away with it",Shaheen Shah Afridi,Conway,0.0,0,0,1,1,0.0,0,,0
"2.6 
4 
Shaheen Shah Afridi to Conway, FOUR runs 
uses his feet to great effect. Takes a couple of steps to get to the pitch and drives it 
over mid-off for a cracking boundary. Shot of confidence, that 
end of over 36 runs  
NZ: 12/0CRR: 4.00  
Devon Conway6 (12b 1x4) 
Rachin Ravindra4 (6b 1x4) 
Shaheen Shah Afridi 2-0-7-0 
Hasan Ali 1-0-5-0",2.6,4,4.0,"Shaheen Shah Afridi to Conway, FOUR runs  .uses his feet to great effect. Takes a couple of steps to get to the pitch and drives it  .over mid-off for a cracking boundary. Shot of confidence, that",Shaheen Shah Afridi,Conway,4.0,1,0,1,1,4.0,0,,1
"3.1 
• 
Hasan Ali to Ravindra, no run 
watches this one go by 
Izhar Hyder Qaz: ""The decision of leaving out leg spinner is logical here: 1) chinswami is 
too small a ground to defend 2) Pak really needed someone who can bowl good with 
the new ball. PS: Pak's all there frontline options have been pretty ordinary so far. 
Simple.""",3.1,0,0.0,"Hasan Ali to Ravindra, no run  .watches this one go by",Hasan Ali,Ravindra,0.0,0,0,1,1,0.0,0,,0
"3.2 
4 
Hasan Ali to Ravindra, FOUR runs 
that was creamy from Rachin. Punched through the covers, hitting it on the top of the 
bounce, and he watches it scoot away for another boundary",3.2,4,4.0,"Hasan Ali to Ravindra, FOUR runs  .that was creamy from Rachin. Punched through the covers, hitting it on the top of the  .bounce, and he watches it scoot away for another boundary",Hasan Ali,Ravindra,4.0,1,0,1,1,4.0,0,,1
"3.3 
• 
Hasan Ali to Ravindra, no run 
goes a little shorter, and he defends 
Seano: ""Yeah, NZ has no real choice but to play both frontline spinners. Jamieson has 
pretty much only just stepped off the place to replace Henry, Ferguson is injured, and 
something is up with Neesham. Not ideal. "" I mean, Jamieson has been here for 48h. It's 
a long flight, but if they wanted an extra seamer, I doubt that alone would keep him out",3.3,0,0.0,"Hasan Ali to Ravindra, no run  .goes a little shorter, and he defends",Hasan Ali,Ravindra,0.0,0,0,1,1,0.0,0,,0
"3.4 
1 
Hasan Ali to Ravindra, 1 run 
angles it down to third man",3.4,1,1.0,"Hasan Ali to Ravindra, 1 run  .angles it down to third man",Hasan Ali,Ravindra,1.0,0,0,1,1,1.0,0,,1
"3.5 
4 
Hasan Ali to Conway, FOUR runs 
he needs to stop bowling on the pads if he doesn't want to get punished. The ball is 
doing nothing and that flick to midwicket is meat and drink for Conway",3.5,4,4.0,"Hasan Ali to Conway, FOUR runs  .he needs to stop bowling on the pads if he doesn't want to get punished. The ball is  .doing nothing and that flick to midwicket is meat and drink for Conway",Hasan Ali,Conway,4.0,1,0,1,1,4.0,0,,1
"3.6 
• 
Hasan Ali to Conway, no run 
another handsome drive down the ground, but Hasan fields off his own bowling 
end of over 49 runs  
NZ: 21/0CRR: 5.25  
Devon Conway10 (14b 2x4) 
Rachin Ravindra9 (10b 2x4) 
Hasan Ali 2-0-14-0 
Shaheen Shah Afridi 2-0-7-0 
Bob: ""Trigger warning.. the stage is perfectly set for NZ to do what we always do.. sneak 
into the semis by the seat of our pants, and then upset either India or SA. Followed by 
getting beaten by the Aussies.."" Could feel the pain of that last sentence through this 
screen 
 
Shaheen Shah Afridi in Powerplay overs (in ODIs) 
BALLS 
1217 
WKTS 
38 
4s/6s 
142/13 
ECON 
4.93 
AVE 
26.34",3.6,0,0.0,"Hasan Ali to Conway, no run  .another handsome drive down the ground, but Hasan fields off his own bowling",Hasan Ali,Conway,0.0,0,0,1,1,0.0,0,,0
"4.1 
1w 
Shaheen Shah Afridi to Ravindra, 1 wide 
a touch too wide and it strays down leg",4.1,1w,1.0,"Shaheen Shah Afridi to Ravindra, 1 wide  .a touch too wide and it strays down leg",Shaheen Shah Afridi,Ravindra,0.0,0,0,0,0,1.0,0,,1
"4.1 
• 
Shaheen Shah Afridi to Ravindra, no run 
best ball of the innings. Slightly back of a length and it moves off the seam. Rachin 
prods at it but it beats him",4.1,0,0.0,"Shaheen Shah Afridi to Ravindra, no run  .best ball of the innings. Slightly back of a length and it moves off the seam. Rachin  .prods at it but it beats him",Shaheen Shah Afridi,Ravindra,0.0,0,0,1,1,0.0,0,,0
"4.2 
1w 
Shaheen Shah Afridi to Ravindra, 1 wide 
it's followed up by another wide. Hasn't quite found his radar",4.2,1w,1.0,"Shaheen Shah Afridi to Ravindra, 1 wide  .it's followed up by another wide. Hasn't quite found his radar",Shaheen Shah Afridi,Ravindra,0.0,0,0,0,0,1.0,0,,1
"4.2 
1 
Shaheen Shah Afridi to Ravindra, 1 run 
nudged into the onside and he gets off strike",4.2,1,1.0,"Shaheen Shah Afridi to Ravindra, 1 run  .nudged into the onside and he gets off strike",Shaheen Shah Afridi,Ravindra,1.0,0,0,1,1,1.0,0,,1
"4.3 
1 
Shaheen Shah Afridi to Conway, 1 run 
top hand comes off the bat slightly as he nurdles it down to fine leg",4.3,1,1.0,"Shaheen Shah Afridi to Conway, 1 run  .top hand comes off the bat slightly as he nurdles it down to fine leg",Shaheen Shah Afridi,Conway,1.0,0,0,1,1,1.0,0,,1
"4.4 
• 
Shaheen Shah Afridi to Ravindra, no run 
slower ball, just under 119, Ravindra defends",4.4,0,0.0,"Shaheen Shah Afridi to Ravindra, no run  .slower ball, just under 119, Ravindra defends",Shaheen Shah Afridi,Ravindra,0.0,0,0,1,1,0.0,0,,0
"4.5 
4 
Shaheen Shah Afridi to Ravindra, FOUR runs 
overpitches and pays the price once more. Rachin leans into a marvellous cover drive 
into the gap to help himself to another boundary",4.5,4,4.0,"Shaheen Shah Afridi to Ravindra, FOUR runs  .overpitches and pays the price once more. Rachin leans into a marvellous cover drive  .into the gap to help himself to another boundary",Shaheen Shah Afridi,Ravindra,4.0,1,0,1,1,4.0,0,,1
"4.6 
• 
Shaheen Shah Afridi to Ravindra, no run 
clipped to the onside 
end of over 58 runs  
NZ: 29/0CRR: 5.80  
Rachin Ravindra14 (15b 3x4) 
Devon Conway11 (15b 2x4) 
Shaheen Shah Afridi 3-0-15-0 
Hasan Ali 2-0-14-0 
Ravi: ""Rachin has the curly hair and aggression of 23yr old Sachin and temperament of 
Rahul"" 
Salman: ""Bowling first is already seeming like a wrong decision. Nothing in the pitch for 
seamers."" At least no one will accuse you of being too patient",4.6,0,0.0,"Shaheen Shah Afridi to Ravindra, no run  .clipped to the onside",Shaheen Shah Afridi,Ravindra,0.0,0,0,1,1,0.0,0,,0
"5.1 
• 
Iftikhar to Conway, no run 
length ball, defended back to Ifti",5.1,0,0.0,"Iftikhar to Conway, no run  .length ball, defended back to Ifti",Iftikhar,Conway,0.0,0,0,1,1,0.0,0,,0
"5.2 
4 
Iftikhar to Conway, FOUR runs 
slightly overpitches and finds himself carted through point for a boundary",5.2,4,4.0,"Iftikhar to Conway, FOUR runs  .slightly overpitches and finds himself carted through point for a boundary",Iftikhar,Conway,4.0,1,0,1,1,4.0,0,,1
"5.3 
• 
Iftikhar to Conway, no run 
gripped in the pitch slightly as Conway blocks",5.3,0,0.0,"Iftikhar to Conway, no run  .gripped in the pitch slightly as Conway blocks",Iftikhar,Conway,0.0,0,0,1,1,0.0,0,,0
"5.4 
• 
Iftikhar to Conway, no run 
back of a length, punches it to extra cover",5.4,0,0.0,"Iftikhar to Conway, no run  .back of a length, punches it to extra cover",Iftikhar,Conway,0.0,0,0,1,1,0.0,0,,0
"5.5 
• 
Iftikhar to Conway, no run 
slightly fuller and quicker as Conway blocks",5.5,0,0.0,"Iftikhar to Conway, no run  .slightly fuller and quicker as Conway blocks",Iftikhar,Conway,0.0,0,0,1,1,0.0,0,,0
"5.6 
1 
Iftikhar to Conway, 1 run 
thick inside edge into the onside and the pair exchange ends 
end of over 65 runs  
NZ: 34/0CRR: 5.66  
Devon Conway16 (21b 3x4) 
Rachin Ravindra14 (15b 3x4) 
Iftikhar Ahmed 1-0-5-0 
Shaheen Shah Afridi 3-0-15-0",5.6,1,1.0,"Iftikhar to Conway, 1 run  .thick inside edge into the onside and the pair exchange ends",Iftikhar,Conway,1.0,0,0,1,1,1.0,0,,1
"6.1 
4 
Shaheen Shah Afridi to Conway, FOUR runs 
throws in a bouncer but Conway takes him on. He didn't seem on top of it, though. 
Caught the top edge and just happened to fly to a vacant midwicket area 
 
PAK in Powerplay overs (in World Cup 2023) 
INNS 
8 
WKTS 
9 
ECON 
6.14 
AVE 
52.00",6.1,4,4.0,"Shaheen Shah Afridi to Conway, FOUR runs  .throws in a bouncer but Conway takes him on. He didn't seem on top of it, though.  .Caught the top edge and just happened to fly to a vacant midwicket area  .  .PAK in Powerplay overs (in World Cup 2023)  .INNS  .8  .WKTS  .9  .ECON  .6.14  .AVE  .52.00",Shaheen Shah Afridi,Conway,4.0,1,0,1,1,4.0,0,,1
"6.2 
4 
Shaheen Shah Afridi to Conway, FOUR runs 
sliding down leg and Conway clips him past a diving Rizwan for another boundary",6.2,4,4.0,"Shaheen Shah Afridi to Conway, FOUR runs  .sliding down leg and Conway clips him past a diving Rizwan for another boundary",Shaheen Shah Afridi,Conway,4.0,1,0,1,1,4.0,0,,1
"6.3 
• 
Shaheen Shah Afridi to Conway, no run 
tails in and beats the inside edge, hitting Conway on the top of the pad",6.3,0,0.0,"Shaheen Shah Afridi to Conway, no run  .tails in and beats the inside edge, hitting Conway on the top of the pad",Shaheen Shah Afridi,Conway,0.0,0,0,1,1,0.0,0,,0
"6.4 
1 
Shaheen Shah Afridi to Conway, 1 run 
good-looking pull shot to fine leg. A metre either side would have fetched him four 
Ali: ""Please please publish my comment, Babar again did a mistake today like in the 
match against Australia, ... same pitch..bengaluru, won the toss and bowled first, every 
bowler gets punished in that match""""",6.4,1,1.0,"Shaheen Shah Afridi to Conway, 1 run  .good-looking pull shot to fine leg. A metre either side would have fetched him four",Shaheen Shah Afridi,Conway,1.0,0,0,1,1,1.0,0,,1
"6.5 
• 
Shaheen Shah Afridi to Ravindra, no run 
fuller on middle stump, defended to mid-on",6.5,0,0.0,"Shaheen Shah Afridi to Ravindra, no run  .fuller on middle stump, defended to mid-on",Shaheen Shah Afridi,Ravindra,0.0,0,0,1,1,0.0,0,,0
"6.6 
4 
Shaheen Shah Afridi to Ravindra, FOUR runs 
little flick of the wrists to midwicket fetches him another boundary. Once more, 
Shaheen is a touch too straight to open up that onside, and Rachin is too good to miss 
out. NZ flying for now 
end of over 713 runs  
NZ: 47/0CRR: 6.71  
Rachin Ravindra18 (17b 4x4) 
Devon Conway25 (25b 5x4) 
Shaheen Shah Afridi 4-0-28-0 
Iftikhar Ahmed 1-0-5-0 
Asif: ""Pretty average first half an hour from Pakistan with bowling.. """,6.6,4,4.0,"Shaheen Shah Afridi to Ravindra, FOUR runs  .little flick of the wrists to midwicket fetches him another boundary. Once more,  .Shaheen is a touch too straight to open up that onside, and Rachin is too good to miss  .out. NZ flying for now",Shaheen Shah Afridi,Ravindra,4.0,1,0,1,1,4.0,0,,1
"7.1 
• 
Iftikhar to Conway, no run 
driven towards the offside",7.1,0,0.0,"Iftikhar to Conway, no run  .driven towards the offside",Iftikhar,Conway,0.0,0,0,1,1,0.0,0,,0
"7.2 
1 
Iftikhar to Conway, 1 run 
glanced towards midwicket 
Moiz: ""Ominous signs for Pakistan at the moment but reverse swimg at the back end 
might be a different story altogether.""",7.2,1,1.0,"Iftikhar to Conway, 1 run  .glanced towards midwicket",Iftikhar,Conway,1.0,0,0,1,1,1.0,0,,1
"7.3 
• 
Iftikhar to Ravindra, no run 
bowls a flatter one on a length, Rachin clips to mid-on",7.3,0,0.0,"Iftikhar to Ravindra, no run  .bowls a flatter one on a length, Rachin clips to mid-on",Iftikhar,Ravindra,0.0,0,0,1,1,0.0,0,,0
"7.4 
4 
Iftikhar to Ravindra, FOUR runs 
too short and wide, allowing him to get into position and carve it through point for 
another boundary",7.4,4,4.0,"Iftikhar to Ravindra, FOUR runs  .too short and wide, allowing him to get into position and carve it through point for  .another boundary",Iftikhar,Ravindra,4.0,1,0,1,1,4.0,0,,1
"7.5 
• 
Iftikhar to Ravindra, no run 
slapped through the offside again, lucky not to concede another boundary",7.5,0,0.0,"Iftikhar to Ravindra, no run  .slapped through the offside again, lucky not to concede another boundary",Iftikhar,Ravindra,0.0,0,0,1,1,0.0,0,,0
"7.6 
4 
Iftikhar to Ravindra, FOUR runs 
long hop to make Shadab in his current form proud. Pulled over midwicket for yet 
another four. Pakistan's Ifti experiment not working at the moment! 
end of over 89 runs  
NZ: 56/0CRR: 7.00  
Rachin Ravindra26 (21b 6x4) 
Devon Conway26 (27b 5x4) 
Iftikhar Ahmed 2-0-14-0 
Shaheen Shah Afridi 4-0-28-0",7.6,4,4.0,"Iftikhar to Ravindra, FOUR runs  .long hop to make Shadab in his current form proud. Pulled over midwicket for yet  .another four. Pakistan's Ifti experiment not working at the moment!",Iftikhar,Ravindra,4.0,1,0,1,1,4.0,0,,1
"8.1 
• 
Hasan Ali to Conway, no run",8.1,0,0.0,"Hasan Ali to Conway, no run",Hasan Ali,Conway,0.0,0,0,1,1,0.0,0,,0
"8.2 
• 
Hasan Ali to Conway, no run 
slightly back of a length, defended",8.2,0,0.0,"Hasan Ali to Conway, no run  .slightly back of a length, defended",Hasan Ali,Conway,0.0,0,0,1,1,0.0,0,,0
"8.3 
• 
Hasan Ali to Conway, no run 
takes the pace off from around the wicket, just 111.9 kph, defended towards midwicket",8.3,0,0.0,"Hasan Ali to Conway, no run  .takes the pace off from around the wicket, just 111.9 kph, defended towards midwicket",Hasan Ali,Conway,0.0,0,0,1,1,0.0,0,,0
"8.4 
1 
Hasan Ali to Conway, 1 run 
back of a length, angled to backward point and they come through for one 
Sanket: ""Cant understand this move of using Iftikhar in the powerplay. He is not your 
main spinner to give the ball to him in the powerplay no matter the two lefties are 
batting and Conway is very very good against spin. The disadvantage is that Iftikhar will 
go for runs and then will be under pressure when he actual needs to bowl.""",8.4,1,1.0,"Hasan Ali to Conway, 1 run  .back of a length, angled to backward point and they come through for one",Hasan Ali,Conway,1.0,0,0,1,1,1.0,0,,1
"8.5 
• 
Hasan Ali to Ravindra, no run 
bangs one in short and for once, Rachin decides against taking the bowler on. Ducks 
underneath",8.5,0,0.0,"Hasan Ali to Ravindra, no run  .bangs one in short and for once, Rachin decides against taking the bowler on. Ducks  .underneath",Hasan Ali,Ravindra,0.0,0,0,1,1,0.0,0,,0
"8.6 
2 
Hasan Ali to Ravindra, 2 runs 
not this time. Pulls it to midwicket where Wasim mops up 
end of over 93 runs  
NZ: 59/0CRR: 6.55  
Rachin Ravindra28 (23b 6x4) 
Devon Conway27 (31b 5x4) 
Hasan Ali 3-0-17-0 
Iftikhar Ahmed 2-0-14-0 
Bilal: ""Shaheen be like! Whatever the fielding positions, i bowl just on leg side "" Yeah he's 
been wayward. Almost like he was sure there was swing that never quite arrived",8.6,2,2.0,"Hasan Ali to Ravindra, 2 runs  .not this time. Pulls it to midwicket where Wasim mops up",Hasan Ali,Ravindra,2.0,0,0,1,1,2.0,0,,1
"9.1 
• 
Haris Rauf to Conway, no run 
starts off with a slower one that's driven through cover-point. Fakhar Zaman puts in a 
marvellous effort diving to his left to save a certain boundary 
Rauf has an issue with the ball. Babar comes over to ask, doesn't look like he quite gets 
it. 
 
NZ in Powerplay overs (in World Cup 2023) 
INNS 
8 
WKTS 
9 
RR 
5.57 
AVE 
49.00",9.1,0,0.0,"Haris Rauf to Conway, no run  .starts off with a slower one that's driven through cover-point. Fakhar Zaman puts in a  .marvellous effort diving to his left to save a certain boundary  .Rauf has an issue with the ball. Babar comes over to ask, doesn't look like he quite gets  .it.  .  .NZ in Powerplay overs (in World Cup 2023)  .INNS  .8  .WKTS  .9  .RR  .5.57  .AVE  .49.00",Haris Rauf,Conway,0.0,0,0,1,1,0.0,0,,0
"9.2 
• 
Haris Rauf to Conway, no run 
comes around the wicket and the pace is up already - 143.4. Thick inside edge onto the 
pad",9.2,0,0.0,"Haris Rauf to Conway, no run  .comes around the wicket and the pace is up already - 143.4. Thick inside edge onto the  .pad",Haris Rauf,Conway,0.0,0,0,1,1,0.0,0,,0
"9.3 
4 
Haris Rauf to Conway, FOUR runs 
driven on the up through the offside. It was wide and it sat up. Conway angles it behind 
point and it absolutely speeds away to the boundary",9.3,4,4.0,"Haris Rauf to Conway, FOUR runs  .driven on the up through the offside. It was wide and it sat up. Conway angles it behind  .point and it absolutely speeds away to the boundary",Haris Rauf,Conway,4.0,1,0,1,1,4.0,0,,1
"9.4 
• 
Haris Rauf to Conway, no run 
slightly shorter, fended off from Conway",9.4,0,0.0,"Haris Rauf to Conway, no run  .slightly shorter, fended off from Conway",Haris Rauf,Conway,0.0,0,0,1,1,0.0,0,,0
"9.5 
2 
Haris Rauf to Conway, 2 runs 
clips it to fine leg. They call two early and get back comfortably in the end",9.5,2,2.0,"Haris Rauf to Conway, 2 runs  .clips it to fine leg. They call two early and get back comfortably in the end",Haris Rauf,Conway,2.0,0,0,1,1,2.0,0,,1
"9.6 
1 
Haris Rauf to Conway, 1 run 
defended and they scamper through for a single 
end of over 107 runs  
NZ: 66/0CRR: 6.60  
Devon Conway34 (37b 6x4) 
Rachin Ravindra28 (23b 6x4) 
Haris Rauf 1-0-7-0 
Hasan Ali 3-0-17-0",9.6,1,1.0,"Haris Rauf to Conway, 1 run  .defended and they scamper through for a single",Haris Rauf,Conway,1.0,0,0,1,1,1.0,0,,1
"10.1 
1 
Hasan Ali to Conway, 1 run 
slower delivery. He blocks and runs and they come through easily 
Pandey Dai: ""Pakistan need to chase within",10.1,1,1.0,"Hasan Ali to Conway, 1 run  .slower delivery. He blocks and runs and they come through easily",Hasan Ali,Conway,1.0,0,0,1,1,1.0,0,,1
"10.2 
• 
Hasan Ali to Ravindra, no run 
bangs it in short and gets bounce on it, too. He pulls but doesn't get on top of the 
bounce",10.2,0,0.0,"Hasan Ali to Ravindra, no run  .bangs it in short and gets bounce on it, too. He pulls but doesn't get on top of the  .bounce",Hasan Ali,Ravindra,0.0,0,0,1,1,0.0,0,,0
"10.3 
• 
Hasan Ali to Ravindra, no run 
slower delivery from Hasan again, driven to point",10.3,0,0.0,"Hasan Ali to Ravindra, no run  .slower delivery from Hasan again, driven to point",Hasan Ali,Ravindra,0.0,0,0,1,1,0.0,0,,0
"10.4 
1 
Hasan Ali to Ravindra, 1 run 
punched to deep point for a single 
Sulehri: ""Anyone saying Babar should have played more spinners haven't seen Pak 
spinners bowling this WC, the rest talking about Batting first don't know about the 
weather. Relax guys, It's not BABAR always to blame. """,10.4,1,1.0,"Hasan Ali to Ravindra, 1 run  .punched to deep point for a single",Hasan Ali,Ravindra,1.0,0,0,1,1,1.0,0,,1
"10.5 
W 
Hasan Ali to Conway, OUT 
another short delivery, and this time miscuing the pull has consequences! He couldn't 
get it away, and gets a tickle off the glove onto the shoulder. He doesn't even wait for 
the umpire's decision, and Hasan Ali has his 100th ODI wicket 
Devon Conway c †Mohammad Rizwan b Hasan Ali 35 (39b 6x4 0x6 48m) SR: 89.74 
See all photos 
Kane Williamson walks out to bat. Gets a huge cheer",10.5,W,0.0,"Hasan Ali to Conway, OUT  .another short delivery, and this time miscuing the pull has consequences! He couldn't  .get it away, and gets a tickle off the glove onto the shoulder. He doesn't even wait for  .the umpire's decision, and Hasan Ali has his 100th ODI wicket  .Devon Conway c †Mohammad Rizwan b Hasan Ali 35 (39b 6x4 0x6 48m) SR: 89.74",Hasan Ali,Conway,0.0,0,0,1,1,0.0,1,c †Mohammad Rizwan b Hasan Ali,0
"10.6 
1 
Hasan Ali to Williamson, 1 run 
and he's off the mark with a clip to midwicket 
end of over 113 runs • 1 wicket 
NZ: 69/1CRR: 6.27  
Kane Williamson1 (1b) 
Rachin Ravindra29 (26b 6x4) 
Hasan Ali 4-0-20-1 
Haris Rauf 1-0-7-0",10.6,1,1.0,"Hasan Ali to Williamson, 1 run  .and he's off the mark with a clip to midwicket",Hasan Ali,Williamson,1.0,0,0,1,1,1.0,0,,1
"11.1 
4 
Haris Rauf to Williamson, FOUR runs 
has he been away? That's his second ball with a hand that's just healed. And he just 
opens the face of the bat and carves it behind point, finding the gap that fetches him 
four. Total class",11.1,4,4.0,"Haris Rauf to Williamson, FOUR runs  .has he been away? That's his second ball with a hand that's just healed. And he just  .opens the face of the bat and carves it behind point, finding the gap that fetches him  .four. Total class",Haris Rauf,Williamson,4.0,1,0,1,1,4.0,0,,1
"11.2 
• 
Haris Rauf to Williamson, no run 
length ball at 143.1 kph, defended down the ground",11.2,0,0.0,"Haris Rauf to Williamson, no run  .length ball at 143.1 kph, defended down the ground",Haris Rauf,Williamson,0.0,0,0,1,1,0.0,0,,0
"11.3 
4 
Haris Rauf to Williamson, FOUR runs 
opens the face and this time he somehow pierces the keeper and a wide slip. He 
played it with such soft hands it almost looks deliberate. Four more",11.3,4,4.0,"Haris Rauf to Williamson, FOUR runs  .opens the face and this time he somehow pierces the keeper and a wide slip. He  .played it with such soft hands it almost looks deliberate. Four more",Haris Rauf,Williamson,4.0,1,0,1,1,4.0,0,,1
"11.4 
• 
Haris Rauf to Williamson, no run 
angling into the stumps, and he defends back to Haris 
MNK: ""Really glad KW has recovered but could he not have sat out another game? 
saying this purely with the intention of helping KW "" Naturally, everyone wants the best 
for Kane",11.4,0,0.0,"Haris Rauf to Williamson, no run  .angling into the stumps, and he defends back to Haris",Haris Rauf,Williamson,0.0,0,0,1,1,0.0,0,,0
"11.5 
• 
Haris Rauf to Williamson, no run 
opens the face and runs it to backward point",11.5,0,0.0,"Haris Rauf to Williamson, no run  .opens the face and runs it to backward point",Haris Rauf,Williamson,0.0,0,0,1,1,0.0,0,,0
"11.6 
• 
Haris Rauf to Williamson, no run 
ducks underneath the bouncer. Welcome Rvel in for a stint 
end of over 128 runs  
NZ: 77/1CRR: 6.41  
Kane Williamson9 (7b 2x4) 
Rachin Ravindra29 (26b 6x4) 
Haris Rauf 2-0-15-0 
Hasan Ali 4-0-20-1 
Thank you, Danyal. Hello, folks! New Zealand have got off to a flier after a cautious start 
and are ruling the roost. The fate of Pakistan reaching the semifinals is hanging in the 
balance. It's a must-win game for Pakistan while New Zealand seem determined to get 
back to winning ways after starting the tournament with a bang",11.6,0,0.0,"Haris Rauf to Williamson, no run  .ducks underneath the bouncer. Welcome Rvel in for a stint",Haris Rauf,Williamson,0.0,0,0,1,1,0.0,0,,0
"12.1 
1w 
Hasan Ali to Ravindra, 1 wide 
Haring in and banged in short but the line is not quite right, strays down the leg side and 
umpire stretched his hands out signalling a wide",12.1,1w,1.0,"Hasan Ali to Ravindra, 1 wide  .Haring in and banged in short but the line is not quite right, strays down the leg side and  .umpire stretched his hands out signalling a wide",Hasan Ali,Ravindra,0.0,0,0,0,0,1.0,0,,1
"12.1 
1 
Hasan Ali to Ravindra, 1 run 
Flings it on a short of a length around middle and leg stump line, tucked down to mid on 
and hurtles down the pitch for a quick single",12.1,1,1.0,"Hasan Ali to Ravindra, 1 run  .Flings it on a short of a length around middle and leg stump line, tucked down to mid on  .and hurtles down the pitch for a quick single",Hasan Ali,Ravindra,1.0,0,0,1,1,1.0,0,,1
"12.2 
1 
Hasan Ali to Williamson, 1 run 
Back of a length a little wide of off, watches it closely and nurdles it down to deep third 
man",12.2,1,1.0,"Hasan Ali to Williamson, 1 run  .Back of a length a little wide of off, watches it closely and nurdles it down to deep third  .man",Hasan Ali,Williamson,1.0,0,0,1,1,1.0,0,,1
"12.3 
• 
Hasan Ali to Ravindra, no run 
Pulls his length back, clocking 129.7 kph, gets little bit of seam movement outside off, 
knifes it down to point",12.3,0,0.0,"Hasan Ali to Ravindra, no run  .Pulls his length back, clocking 129.7 kph, gets little bit of seam movement outside off,  .knifes it down to point",Hasan Ali,Ravindra,0.0,0,0,1,1,0.0,0,,0
"12.4 
1 
Hasan Ali to Ravindra, 1 run 
Shortens his length, slightly leg-sidish, glances it behind square and deep square cuts it 
off",12.4,1,1.0,"Hasan Ali to Ravindra, 1 run  .Shortens his length, slightly leg-sidish, glances it behind square and deep square cuts it  .off",Hasan Ali,Ravindra,1.0,0,0,1,1,1.0,0,,1
"12.5 
1 
Hasan Ali to Williamson, 1 run 
Drags his length back, floating outside off, hammered away off the backfoot to sweeper 
who charges in and intercepts the ball",12.5,1,1.0,"Hasan Ali to Williamson, 1 run  .Drags his length back, floating outside off, hammered away off the backfoot to sweeper  .who charges in and intercepts the ball",Hasan Ali,Williamson,1.0,0,0,1,1,1.0,0,,1
"12.6 
• 
Hasan Ali to Ravindra, no run 
Round the wicket, bends his back and gets the ball to climb viciously off the deck, a 
well-directed bumper on a nagging off stump line, he gets away from the line of the ball 
end of over 135 runs  
NZ: 82/1CRR: 6.30  
Rachin Ravindra31 (30b 6x4) 
Kane Williamson11 (9b 2x4) 
Hasan Ali 5-0-25-1 
Haris Rauf 2-0-15-0",12.6,0,0.0,"Hasan Ali to Ravindra, no run  .Round the wicket, bends his back and gets the ball to climb viciously off the deck, a  .well-directed bumper on a nagging off stump line, he gets away from the line of the ball",Hasan Ali,Ravindra,0.0,0,0,1,1,0.0,0,,0
"13.1 
4 
Haris Rauf to Williamson, FOUR runs 
Streaky but they all count! Haring in and darts in a 150 kph thunderbolt on wide off 
stump line, he flings his bat out and the outside edge is drawn, there is nobody at 
second slip and it scoots away for four 
Both teams look fully focused on this crucial game, even though there is a threat of rain 
playing spoilsport later today. This ground is equipped with subsurface aeration and 
vacuum-powered drainage facilities. It takes barely a few minutes to remove rainwater 
with the help of a remotely controlled system. Thus, we won't have prolonged 
stoppages in the event of rain",13.1,4,4.0,"Haris Rauf to Williamson, FOUR runs  .Streaky but they all count! Haring in and darts in a 150 kph thunderbolt on wide off  .stump line, he flings his bat out and the outside edge is drawn, there is nobody at  .second slip and it scoots away for four  .Both teams look fully focused on this crucial game, even though there is a threat of rain  .playing spoilsport later today. This ground is equipped with subsurface aeration and  .vacuum-powered drainage facilities. It takes barely a few minutes to remove rainwater  .with the help of a remotely controlled system. Thus, we won't have prolonged  .stoppages in the event of rain",Haris Rauf,Williamson,4.0,1,0,1,1,4.0,0,,1
"13.2 
1 
Haris Rauf to Williamson, 1 run 
On a length and meandering away outside off, cashes in with a late cut, that was hit 
really hard but there is man in the deep to prevent a boundary",13.2,1,1.0,"Haris Rauf to Williamson, 1 run  .On a length and meandering away outside off, cashes in with a late cut, that was hit  .really hard but there is man in the deep to prevent a boundary",Haris Rauf,Williamson,1.0,0,0,1,1,1.0,0,,1
"13.3 
• 
Haris Rauf to Ravindra, no run 
Round the wicket, bustling in and bangs it on a hard length in the channel, neatly played 
to cover inside the ring 
What has been missing from Pakistan are early wickets from their bowling spearheads, 
with the exception of the Bangladesh game, and this has exacerbated the middle-overs 
issue, where Pakistan have been rather flat for quite a while now",13.3,0,0.0,"Haris Rauf to Ravindra, no run  .Round the wicket, bustling in and bangs it on a hard length in the channel, neatly played  .to cover inside the ring  .What has been missing from Pakistan are early wickets from their bowling spearheads,  .with the exception of the Bangladesh game, and this has exacerbated the middle-overs  .issue, where Pakistan have been rather flat for quite a while now",Haris Rauf,Ravindra,0.0,0,0,1,1,0.0,0,,0
"13.4 
• 
Haris Rauf to Ravindra, no run 
Bouncer dug in and it's growing on him, it zings back from outside off, he went for the 
pull looking a bit ungainly, nowhere near the ball. Brilliant delivery!",13.4,0,0.0,"Haris Rauf to Ravindra, no run  .Bouncer dug in and it's growing on him, it zings back from outside off, he went for the  .pull looking a bit ungainly, nowhere near the ball. Brilliant delivery!",Haris Rauf,Ravindra,0.0,0,0,1,1,0.0,0,,0
"13.5 
2 
Haris Rauf to Ravindra, 2 runs 
Short ball gets big on him around middle stump line, he gets on top of the bounce and 
tugs it away imperiously to midwicket, not off the middle and it falls short of the man in 
the deep",13.5,2,2.0,"Haris Rauf to Ravindra, 2 runs  .Short ball gets big on him around middle stump line, he gets on top of the bounce and  .tugs it away imperiously to midwicket, not off the middle and it falls short of the man in  .the deep",Haris Rauf,Ravindra,2.0,0,0,1,1,2.0,0,,1
"13.6 
1 
Haris Rauf to Ravindra, 1 run 
Awkward back of a length zone around the line middle and off, he gets on top of it and 
manoeuvres it down to deep backward square. Haris has been breathing fire in his first 
spell! 
end of over 148 runs  
NZ: 90/1CRR: 6.42  
Rachin Ravindra34 (34b 6x4) 
Kane Williamson16 (11b 3x4) 
Haris Rauf 3-0-23-0 
Hasan Ali 5-0-25-1",13.6,1,1.0,"Haris Rauf to Ravindra, 1 run  .Awkward back of a length zone around the line middle and off, he gets on top of it and  .manoeuvres it down to deep backward square. Haris has been breathing fire in his first  .spell!",Haris Rauf,Ravindra,1.0,0,0,1,1,1.0,0,,1
"14.1 
4 
Iftikhar to Ravindra, FOUR runs 
Oh, that was tantalisingly in the air, just evades Iftikhar who tries to pluck it out of thin 
air, instinctively moved his hand to his left but this was slugged, right between long on 
and long off",14.1,4,4.0,"Iftikhar to Ravindra, FOUR runs  .Oh, that was tantalisingly in the air, just evades Iftikhar who tries to pluck it out of thin  .air, instinctively moved his hand to his left but this was slugged, right between long on  .and long off",Iftikhar,Ravindra,4.0,1,0,1,1,4.0,0,,1
"14.2 
1 
Iftikhar to Ravindra, 1 run 
Tossed up and driven down the ground for a run",14.2,1,1.0,"Iftikhar to Ravindra, 1 run  .Tossed up and driven down the ground for a run",Iftikhar,Ravindra,1.0,0,0,1,1,1.0,0,,1
"14.3 
1 
Iftikhar to Williamson, 1 run 
Over the wicket, flighted delivery on a length and spinning a touch towards middle, 
deflects it off the backfoot into the vacant spaces at midwicket",14.3,1,1.0,"Iftikhar to Williamson, 1 run  .Over the wicket, flighted delivery on a length and spinning a touch towards middle,  .deflects it off the backfoot into the vacant spaces at midwicket",Iftikhar,Williamson,1.0,0,0,1,1,1.0,0,,1
"14.4 
1 
Iftikhar to Ravindra, 1 run 
Round the wicket to the southpaw, angling in from a length, he yanks his front foot out 
of the way and smears it down to long on, manipulating the ball into the gaps",14.4,1,1.0,"Iftikhar to Ravindra, 1 run  .Round the wicket to the southpaw, angling in from a length, he yanks his front foot out  .of the way and smears it down to long on, manipulating the ball into the gaps",Iftikhar,Ravindra,1.0,0,0,1,1,1.0,0,,1
"14.5 
• 
Iftikhar to Williamson, no run 
Lobbed up on a length, came in from outside off, nudged off the pads to midwicket 
Kushal Kandel: ""15th over just started and already 16 boundaries which is the major 
problem for Pakistan in the WC , conceding too many boundaries. """,14.5,0,0.0,"Iftikhar to Williamson, no run  .Lobbed up on a length, came in from outside off, nudged off the pads to midwicket",Iftikhar,Williamson,0.0,0,0,1,1,0.0,0,,0
"14.6 
• 
Iftikhar to Williamson, no run 
That came back sharply from outside off and he hurriedly plays it down at short of 
midwicket, dot to finish the over 
Do you think two new balls and flat pitches have skewed the game in favour of batters? 
Send us your thoughts by hitting the ""Commentary Feedback"" button below! 
end of over 157 runs  
NZ: 97/1CRR: 6.46  
Kane Williamson17 (14b 3x4) 
Rachin Ravindra40 (37b 7x4) 
Iftikhar Ahmed 3-0-21-0 
Haris Rauf 3-0-23-0",14.6,0,0.0,"Iftikhar to Williamson, no run  .That came back sharply from outside off and he hurriedly plays it down at short of  .midwicket, dot to finish the over  .Do you think two new balls and flat pitches have skewed the game in favour of batters?",Iftikhar,Williamson,0.0,0,0,1,1,0.0,0,,0
"15.1 
1lb 
Haris Rauf to Ravindra, 1 leg bye 
Fraction short and slanting it into the pads from round the wicket, looks like he got an 
inside edge and the ball dies down towards square of midwicket 
Zubair Mughal: ""Yes and specially the new generation is not witnessing the great 
bowling of reverse swing as ball more often get not old enough to be reverse. "" 
Zeeshan: ""@Rvel Indian bowlers would differ on that opinion"" True that, they have 
looked class apart in this World Cup despite the conditions 
Zulfi: ""Strange captaincy. Rachin was clearly troubled by express pace of Rauf, why 
would they go back to a spinner instead of Wasim Jr?""",15.1,1lb,1.0,"Haris Rauf to Ravindra, 1 leg bye  .Fraction short and slanting it into the pads from round the wicket, looks like he got an  .inside edge and the ball dies down towards square of midwicket",Haris Rauf,Ravindra,0.0,0,0,1,1,0.0,0,,0
"15.2 
1 
Haris Rauf to Williamson, 1 run 
Over the wicket, length ball curling away outside off, biffed down the carpet to deep 
cover",15.2,1,1.0,"Haris Rauf to Williamson, 1 run  .Over the wicket, length ball curling away outside off, biffed down the carpet to deep  .cover",Haris Rauf,Williamson,1.0,0,0,1,1,1.0,0,,1
"15.3 
• 
Haris Rauf to Ravindra, no run 
Round the wicket, haring in and slams it on a length, nips back sharply from outside off, 
a tentative prod at it, inside edge onto the pads and then it caroms down to short cover. 
Haris has his hands on his head",15.3,0,0.0,"Haris Rauf to Ravindra, no run  .Round the wicket, haring in and slams it on a length, nips back sharply from outside off,  .a tentative prod at it, inside edge onto the pads and then it caroms down to short cover.  .Haris has his hands on his head",Haris Rauf,Ravindra,0.0,0,0,1,1,0.0,0,,0
"15.4 
1 
Haris Rauf to Ravindra, 1 run 
Hits an uncomfortable area and gets it to kick off the surface on a leg stump line, gets a 
touch late in playing the shot and tickles it behind square on the leg side to bring up 100 
on the scoreboard, New Zealand receive a warm applause from the crowd",15.4,1,1.0,"Haris Rauf to Ravindra, 1 run  .Hits an uncomfortable area and gets it to kick off the surface on a leg stump line, gets a  .touch late in playing the shot and tickles it behind square on the leg side to bring up 100  .on the scoreboard, New Zealand receive a warm applause from the crowd",Haris Rauf,Ravindra,1.0,0,0,1,1,1.0,0,,1
"15.5 
2 
Haris Rauf to Williamson, 2 runs 
Over the wicket, slightly over-pitched and room on offer outside off, he plays a pristine 
cover drive by extending forwards and transferring his weight slightly towards off side, 
long chase for Saud in the deep who does well in the end 
M.Wasim warming up",15.5,2,2.0,"Haris Rauf to Williamson, 2 runs  .Over the wicket, slightly over-pitched and room on offer outside off, he plays a pristine  .cover drive by extending forwards and transferring his weight slightly towards off side,  .long chase for Saud in the deep who does well in the end  .M.Wasim warming up",Haris Rauf,Williamson,2.0,0,0,1,1,2.0,0,,1
"15.6 
1 
Haris Rauf to Williamson, 1 run 
Over the wicket, a touch short on an attacking off stump line, he stands tall and plays it 
doggedly through the line and down the pitch towards mid-off region 
end of over 166 runs  
NZ: 103/1CRR: 6.43  
Kane Williamson21 (17b 3x4) 
Rachin Ravindra41 (40b 7x4) 
Haris Rauf 4-0-28-0 
Iftikhar Ahmed 3-0-21-0 
 
Kane Williamson vs PAK in ODIs 
INNS 
22 
RUNS 
1123 
SR 
83.49 
AVE 
56.15",15.6,1,1.0,"Haris Rauf to Williamson, 1 run  .Over the wicket, a touch short on an attacking off stump line, he stands tall and plays it  .doggedly through the line and down the pitch towards mid-off region",Haris Rauf,Williamson,1.0,0,0,1,1,1.0,0,,1
"16.1 
• 
Iftikhar to Williamson, no run 
Over the wicket, looped up on a length and spinning towards leg stump, tucked around 
the corner. Hawk-eye not available due to power-outage issues says Ian Bishop 
Yuvraj : ""Sorry but wicket taking ability and bowling skills have gone down way below 
par. On such pitches also with planning line and length wickets can be taken"" 
Zeeo: ""skilled bowlers can still find ways to be effective. They may focus on variations 
in pace, use cutters, bowl change-ups, or rely on their accuracy to deceive the batters"" 
Nasr: ""Fast bowling skills need to be re-assessed. Good and consistent length is key in 
such conditions. Human evolve with changes so should fast bowling"" 
Nasr: ""Fast bowling skills need to be re-assessed. Good and consistent length is key in 
such conditions. Human evolve with changes so should fast bowling""",16.1,0,0.0,"Iftikhar to Williamson, no run  .Over the wicket, looped up on a length and spinning towards leg stump, tucked around  .the corner. Hawk-eye not available due to power-outage issues says Ian Bishop",Iftikhar,Williamson,0.0,0,0,1,1,0.0,0,,0
"16.2 
1 
Iftikhar to Williamson, 1 run 
Aerially chipped towards cow corner, long-on runs to his right and hunts it down",16.2,1,1.0,"Iftikhar to Williamson, 1 run  .Aerially chipped towards cow corner, long-on runs to his right and hunts it down",Iftikhar,Williamson,1.0,0,0,1,1,1.0,0,,1
"16.3 
1 
Iftikhar to Ravindra, 1 run 
Tossed up from round the wicket on a fuller length outside off, makes room and 
crunches a cut into the covers, nicely played",16.3,1,1.0,"Iftikhar to Ravindra, 1 run  .Tossed up from round the wicket on a fuller length outside off, makes room and  .crunches a cut into the covers, nicely played",Iftikhar,Ravindra,1.0,0,0,1,1,1.0,0,,1
"16.4 
• 
Iftikhar to Williamson, no run 
Over the wicket, floats it up fuller on middle, plants his front leg and half-presses it down 
to short mid-on",16.4,0,0.0,"Iftikhar to Williamson, no run  .Over the wicket, floats it up fuller on middle, plants his front leg and half-presses it down  .to short mid-on",Iftikhar,Williamson,0.0,0,0,1,1,0.0,0,,0
"16.5 
• 
Iftikhar to Williamson, no run 
Takes a few steps out of his crease to create his own length, Iftikhar gets some grip and 
spin, he nudges it off his pads to leg side",16.5,0,0.0,"Iftikhar to Williamson, no run  .Takes a few steps out of his crease to create his own length, Iftikhar gets some grip and  .spin, he nudges it off his pads to leg side",Iftikhar,Williamson,0.0,0,0,1,1,0.0,0,,0
"16.6 
• 
Iftikhar to Williamson, no run 
Gets down low to it and goes for the big yawning sweep but cannot beat the fielder at 
square leg in the ring 
end of over 172 runs  
NZ: 105/1CRR: 6.17  
Kane Williamson22 (22b 3x4) 
Rachin Ravindra42 (41b 7x4) 
Iftikhar Ahmed 4-0-23-0 
Haris Rauf 4-0-28-0",16.6,0,0.0,"Iftikhar to Williamson, no run  .Gets down low to it and goes for the big yawning sweep but cannot beat the fielder at  .square leg in the ring",Iftikhar,Williamson,0.0,0,0,1,1,0.0,0,,0
"17.1 
• 
Mohammad Wasim to Ravindra, no run 
Round the wicket, right on money, lands it on a length and it swerves back a touch from 
outside off, firmly clattered to short cover 
Prasanna S: ""Two new balls ensure that the game goes till 100 overs. With interest in 
ODIs declining, this keeps ODIs still relevant. For example the Australia - NZ game last 
week was one example, fascinating contest close to 800 runs scored, game decided at 
the last ball of the 100th over. It produces more games like that instead of low scoring 
thrillers of the early 90s. No complains..""",17.1,0,0.0,"Mohammad Wasim to Ravindra, no run  .Round the wicket, right on money, lands it on a length and it swerves back a touch from  .outside off, firmly clattered to short cover",Mohammad Wasim,Ravindra,0.0,0,0,1,1,0.0,0,,0
"17.2 
1lb 
Mohammad Wasim to Ravindra, 1 leg bye 
Arrows it in from round the wicket again, shorter and slanting it on the pads, he helps it 
away to deep fine leg. Easy pickings",17.2,1lb,1.0,"Mohammad Wasim to Ravindra, 1 leg bye  .Arrows it in from round the wicket again, shorter and slanting it on the pads, he helps it  .away to deep fine leg. Easy pickings",Mohammad Wasim,Ravindra,0.0,0,0,1,1,0.0,0,,0
"17.3 
5w 
Mohammad Wasim to Williamson, 5 wide 
Over the wicket, attempts a yorker but strays in his line, swirling away outside leg stump 
and Rizwan shimmied across, got low but just couldn't cling on and it flutters away to 
fine leg boundary. Wasim is not amused at all 
Bashir: ""Just wondering why Indian bowlers are unplayable on these surfaces whilst the 
other countries bowlers are not even close to that, talk about seam and swing beyond 
the limits in the WC."" Home advantage and remarkable dexterity 
Khan: ""I think t20 gives you easy wickets as batsmen are always attacking this has 
reduced the skills for bowlers that's why odi are not to be done away with.""",17.3,5w,5.0,"Mohammad Wasim to Williamson, 5 wide  .Over the wicket, attempts a yorker but strays in his line, swirling away outside leg stump  .and Rizwan shimmied across, got low but just couldn't cling on and it flutters away to  .fine leg boundary. Wasim is not amused at all",Mohammad Wasim,Williamson,0.0,0,0,0,0,5.0,0,,1
"17.3 
1 
Mohammad Wasim to Williamson, 1 run 
Slingy action and he darts it on a shorter length, it jags back a touch towards middle, he 
works it away to square leg's left for a run",17.3,1,1.0,"Mohammad Wasim to Williamson, 1 run  .Slingy action and he darts it on a shorter length, it jags back a touch towards middle, he  .works it away to square leg's left for a run",Mohammad Wasim,Williamson,1.0,0,0,1,1,1.0,0,,1
"17.4 
• 
Mohammad Wasim to Ravindra, no run 
Hurls a teasing delivery on a shortish length and it's an unimpeachable line towards 
middle and off, he plays it right under his eyes and back to Wasim",17.4,0,0.0,"Mohammad Wasim to Ravindra, no run  .Hurls a teasing delivery on a shortish length and it's an unimpeachable line towards  .middle and off, he plays it right under his eyes and back to Wasim",Mohammad Wasim,Ravindra,0.0,0,0,1,1,0.0,0,,0
"17.5 
• 
Mohammad Wasim to Ravindra, no run 
Oh, that's a beautiful delivery. Back of a length, nibbling away in the corridor, he tries to 
poke at it and the ball was perilously close to kissing the outside edge",17.5,0,0.0,"Mohammad Wasim to Ravindra, no run  .Oh, that's a beautiful delivery. Back of a length, nibbling away in the corridor, he tries to  .poke at it and the ball was perilously close to kissing the outside edge",Mohammad Wasim,Ravindra,0.0,0,0,1,1,0.0,0,,0
"17.6 
• 
Mohammad Wasim to Ravindra, no run 
Another play and a miss! Looks like he has found the right length very early and 
assessed the conditions quickly. Bustles in and bowls with a canted seam on a short 
length and gets it to rag away outside off, flings the bat out and misses it 
end of over 187 runs  
NZ: 112/1CRR: 6.22  
Rachin Ravindra42 (46b 7x4) 
Kane Williamson23 (23b 3x4) 
Mohammad Wasim 1-0-6-0 
Iftikhar Ahmed 4-0-23-0",17.6,0,0.0,"Mohammad Wasim to Ravindra, no run  .Another play and a miss! Looks like he has found the right length very early and  .assessed the conditions quickly. Bustles in and bowls with a canted seam on a short  .length and gets it to rag away outside off, flings the bat out and misses it",Mohammad Wasim,Ravindra,0.0,0,0,1,1,0.0,0,,0
"18.1 
1 
Iftikhar to Williamson, 1 run 
Floats it up very slow through the air on a length around middle, crouches and slugs a 
sweep to square of deep midwicket",18.1,1,1.0,"Iftikhar to Williamson, 1 run  .Floats it up very slow through the air on a length around middle, crouches and slugs a  .sweep to square of deep midwicket",Iftikhar,Williamson,1.0,0,0,1,1,1.0,0,,1
"18.2 
• 
Iftikhar to Ravindra, no run 
Round the wicket, lobbed up fuller and outside off, makes room and rasps a cut off the 
backfoot, finds the leaping fielder at point",18.2,0,0.0,"Iftikhar to Ravindra, no run  .Round the wicket, lobbed up fuller and outside off, makes room and rasps a cut off the  .backfoot, finds the leaping fielder at point",Iftikhar,Ravindra,0.0,0,0,1,1,0.0,0,,0
"18.3 
1 
Iftikhar to Ravindra, 1 run 
Splays his front foot out towards midwicket and clubs it aerially towards deep 
midwicket, intentions are clear, they are trying to switch gear",18.3,1,1.0,"Iftikhar to Ravindra, 1 run  .Splays his front foot out towards midwicket and clubs it aerially towards deep  .midwicket, intentions are clear, they are trying to switch gear",Iftikhar,Ravindra,1.0,0,0,1,1,1.0,0,,1
"18.4 
• 
Iftikhar to Williamson, no run 
Fires it on the pads, goes with the arm towards middle, blocked to square leg",18.4,0,0.0,"Iftikhar to Williamson, no run  .Fires it on the pads, goes with the arm towards middle, blocked to square leg",Iftikhar,Williamson,0.0,0,0,1,1,0.0,0,,0
"18.5 
1 
Iftikhar to Williamson, 1 run 
Clipped using fluid wrists to midwicket",18.5,1,1.0,"Iftikhar to Williamson, 1 run  .Clipped using fluid wrists to midwicket",Iftikhar,Williamson,1.0,0,0,1,1,1.0,0,,1
"18.6 
4 
Iftikhar to Ravindra, FOUR runs 
Round the wicket, on a length and holds its line on off, he makes room and thumps a 
cut, beats backward point and it races away to the fence, no chance for the fielder to cut 
it off. Just a loose delivery with no spin and in his hitting zone, he pounces on it and 
gets the desired result 
end of over 197 runs  
NZ: 119/1CRR: 6.26  
Rachin Ravindra47 (49b 8x4) 
Kane Williamson25 (26b 3x4) 
Iftikhar Ahmed 5-0-30-0 
Mohammad Wasim 1-0-6-0",18.6,4,4.0,"Iftikhar to Ravindra, FOUR runs  .Round the wicket, on a length and holds its line on off, he makes room and thumps a  .cut, beats backward point and it races away to the fence, no chance for the fielder to cut  .it off. Just a loose delivery with no spin and in his hitting zone, he pounces on it and  .gets the desired result",Iftikhar,Ravindra,4.0,1,0,1,1,4.0,0,,1
"19.1 
1lb 
Mohammad Wasim to Williamson, 1 leg bye 
Squealing for an lbw, not given, he scampers through a run. Back of a length, angling 
into the pads, blocked to the leg side, Wasim in his follow through picks the ball and 
smashes the stumps at striker's end, not the right end to throw, Williamson was quite 
short of his crease at non-striker's end but it's difficult to turn back and throw at the 
other end 
Ash: ""It's starting to drizzle 5 kms away from the ground. Brace for interruptions!"" 
Ramapriya: ""With the introduction of two new balls to ODIs, spinners have virtually 
disappeared. And when they do find some purchase, the pitch gets tagged as 'Average'. 
Dim """,19.1,1lb,1.0,"Mohammad Wasim to Williamson, 1 leg bye  .Squealing for an lbw, not given, he scampers through a run. Back of a length, angling  .into the pads, blocked to the leg side, Wasim in his follow through picks the ball and  .smashes the stumps at striker's end, not the right end to throw, Williamson was quite  .short of his crease at non-striker's end but it's difficult to turn back and throw at the  .other end",Mohammad Wasim,Williamson,0.0,0,0,1,1,0.0,0,,0
"19.2 
1 
Mohammad Wasim to Ravindra, 1 run 
Short of a length, angling across off, steers it down to backward point 
 
Rachin Ravindra in World Cup 2023 
INNS 
8 
RUNS 
462 
SR 
104.52 
AVE 
77.00 
HS 
123*",19.2,1,1.0,"Mohammad Wasim to Ravindra, 1 run  .Short of a length, angling across off, steers it down to backward point  .  .Rachin Ravindra in World Cup 2023  .INNS  .8  .RUNS  .462  .SR  .104.52  .AVE  .77.00  .HS  .123*",Mohammad Wasim,Ravindra,1.0,0,0,1,1,1.0,0,,1
"19.3 
1 
Mohammad Wasim to Williamson, 1 run 
Over the wicket, slightly short, albeit not that short, around the line off, runs it down to 
deep backward point and canters across to the other end",19.3,1,1.0,"Mohammad Wasim to Williamson, 1 run  .Over the wicket, slightly short, albeit not that short, around the line off, runs it down to  .deep backward point and canters across to the other end",Mohammad Wasim,Williamson,1.0,0,0,1,1,1.0,0,,1
"19.4 
2 
Mohammad Wasim to Ravindra, 2 runs 
Ravindra continues his remarkable consistency and scores his third half-century apart 
from two hundreds, tickles this short ball on the leg to deep fine leg and hares back for 
the second run, raises 50 in 51 balls. It's been an amusing and engrossing innings from 
Ravindra, he has provided a platform to launch and put up an impregnable score. 
See all photos",19.4,2,2.0,"Mohammad Wasim to Ravindra, 2 runs  .Ravindra continues his remarkable consistency and scores his third half-century apart  .from two hundreds, tickles this short ball on the leg to deep fine leg and hares back for  .the second run, raises 50 in 51 balls. It's been an amusing and engrossing innings from  .Ravindra, he has provided a platform to launch and put up an impregnable score.  .See all photos",Mohammad Wasim,Ravindra,2.0,0,0,1,1,2.0,0,,1
"19.5 
• 
Mohammad Wasim to Ravindra, no run 
Good length, delivery zoomed in towards middle, scuffs a drive back to Wasim",19.5,0,0.0,"Mohammad Wasim to Ravindra, no run  .Good length, delivery zoomed in towards middle, scuffs a drive back to Wasim",Mohammad Wasim,Ravindra,0.0,0,0,1,1,0.0,0,,0
"19.6 
1 
Mohammad Wasim to Ravindra, 1 run 
Pummelled! Fraction short and wide, watches it closely and then unleashes a muscular 
shot towards deep cover, it's a quick outfield 
end of over 206 runs  
NZ: 125/1CRR: 6.25  
Rachin Ravindra51 (53b 8x4) 
Kane Williamson26 (28b 3x4) 
Mohammad Wasim 2-0-11-0 
Iftikhar Ahmed 5-0-30-0",19.6,1,1.0,"Mohammad Wasim to Ravindra, 1 run  .Pummelled! Fraction short and wide, watches it closely and then unleashes a muscular  .shot towards deep cover, it's a quick outfield",Mohammad Wasim,Ravindra,1.0,0,0,1,1,1.0,0,,1
"20.1 
4 
Salman to Ravindra, FOUR runs 
Tossed up fuller on the toes, goes hard at it and gets a thick inside edge that dribbles 
away to fine leg fence. Fortuitous but they all count! 
Muzamil: ""NZ is on its way to target of 340-350 and PAK will find it very difficult to 
chase with the pressure situation they are in, so going defensive it is better to play 
aggressive cricket which PAK is lacking "" 
Natasha : ""I think dropping usama mir from the team was a mistake. Either Hasan Ali or 
Haris Rauf should have been dropped. """,20.1,4,4.0,"Salman to Ravindra, FOUR runs  .Tossed up fuller on the toes, goes hard at it and gets a thick inside edge that dribbles  .away to fine leg fence. Fortuitous but they all count!",Salman,Ravindra,4.0,1,0,1,1,4.0,0,,1
"20.2 
1 
Salman to Ravindra, 1 run 
Round the wicket again, fuller and angling on the pads, flicked gently to deep square, 
Rauf charges in and stops the ball",20.2,1,1.0,"Salman to Ravindra, 1 run  .Round the wicket again, fuller and angling on the pads, flicked gently to deep square,  .Rauf charges in and stops the ball",Salman,Ravindra,1.0,0,0,1,1,1.0,0,,1
"20.3 
• 
Salman to Williamson, no run 
Tossed up from over the wicket, fuller and angling on middle and off, lunges forward 
and punches it back to Agha",20.3,0,0.0,"Salman to Williamson, no run  .Tossed up from over the wicket, fuller and angling on middle and off, lunges forward  .and punches it back to Agha",Salman,Williamson,0.0,0,0,1,1,0.0,0,,0
"20.4 
• 
Salman to Williamson, no run 
Jogs down the track and belts it to short midwicket",20.4,0,0.0,"Salman to Williamson, no run  .Jogs down the track and belts it to short midwicket",Salman,Williamson,0.0,0,0,1,1,0.0,0,,0
"20.5 
1 
Salman to Williamson, 1 run 
Tossed up a touch fuller on middle and off, stroked beautifully over midwicket but 
couldn't find the gap in the deep",20.5,1,1.0,"Salman to Williamson, 1 run  .Tossed up a touch fuller on middle and off, stroked beautifully over midwicket but  .couldn't find the gap in the deep",Salman,Williamson,1.0,0,0,1,1,1.0,0,,1
"20.6 
1w 
Salman to Ravindra, 1 wide 
Zips it quicker from round the wicket but the line is not quite right, lands it outside leg 
stump as he attempts a sweep",20.6,1w,1.0,"Salman to Ravindra, 1 wide  .Zips it quicker from round the wicket but the line is not quite right, lands it outside leg  .stump as he attempts a sweep",Salman,Ravindra,0.0,0,0,0,0,1.0,0,,1
"20.6 
1 
Salman to Ravindra, 1 run 
Slinks forward and pings an on-drive to long-on for a run, ticking the scoreboard nicely 
and milking the spinner with ease 
end of over 218 runs  
NZ: 133/1CRR: 6.33  
Rachin Ravindra57 (56b 9x4) 
Kane Williamson27 (31b 3x4) 
Salman Agha 1-0-8-0 
Mohammad Wasim 2-0-11-0",20.6,1,1.0,"Salman to Ravindra, 1 run  .Slinks forward and pings an on-drive to long-on for a run, ticking the scoreboard nicely  .and milking the spinner with ease",Salman,Ravindra,1.0,0,0,1,1,1.0,0,,1
"21.1 
1 
Mohammad Wasim to Ravindra, 1 run 
Short of a length, angling across off, holds his stance and then powers it away with a 
lovely back-foot punch to deep cover, another glorious shot, showing his pyrotechnics in 
no uncertain terms",21.1,1,1.0,"Mohammad Wasim to Ravindra, 1 run  .Short of a length, angling across off, holds his stance and then powers it away with a  .lovely back-foot punch to deep cover, another glorious shot, showing his pyrotechnics in  .no uncertain terms",Mohammad Wasim,Ravindra,1.0,0,0,1,1,1.0,0,,1
"21.2 
1 
Mohammad Wasim to Williamson, 1 run 
Length, on the pads and clipped away nicely to deep square's right, Rauf cuts it off",21.2,1,1.0,"Mohammad Wasim to Williamson, 1 run  .Length, on the pads and clipped away nicely to deep square's right, Rauf cuts it off",Mohammad Wasim,Williamson,1.0,0,0,1,1,1.0,0,,1
"21.3 
1 
Mohammad Wasim to Ravindra, 1 run 
Short and wide of off, plays it with a lot of oomph and batters it down the covers but 
finds the fielder in the deep 
Awais: ""I don't understand the strategy choosing Salman Agha over Usama Mir.""",21.3,1,1.0,"Mohammad Wasim to Ravindra, 1 run  .Short and wide of off, plays it with a lot of oomph and batters it down the covers but  .finds the fielder in the deep",Mohammad Wasim,Ravindra,1.0,0,0,1,1,1.0,0,,1
"21.4 
1 
Mohammad Wasim to Williamson, 1 run 
Back of a length, gets some inward seam movement towards middle, jockeys across on 
off and then guides it off his pads to fine of deep fine leg 
Kamran: ""One Day cricket should not be seen as T20, its a longer format and test the 
players to next extent, with the field changes, two new balls and flat pitches all around 
One Day cricket cant survive this format is for cricket loving nations, Keep T20 for 
attracting new nations. a balance is important in One days """,21.4,1,1.0,"Mohammad Wasim to Williamson, 1 run  .Back of a length, gets some inward seam movement towards middle, jockeys across on  .off and then guides it off his pads to fine of deep fine leg",Mohammad Wasim,Williamson,1.0,0,0,1,1,1.0,0,,1
"21.5 
• 
Mohammad Wasim to Ravindra, no run 
Held his length back, middle stump line, whipped to midwicket area",21.5,0,0.0,"Mohammad Wasim to Ravindra, no run  .Held his length back, middle stump line, whipped to midwicket area",Mohammad Wasim,Ravindra,0.0,0,0,1,1,0.0,0,,0
"21.6 
• 
Mohammad Wasim to Ravindra, no run 
Thumped hard into the deck on a short length outside off, squirts it down to backward 
point 
end of over 224 runs  
NZ: 137/1CRR: 6.22  
Rachin Ravindra59 (60b 9x4) 
Kane Williamson29 (33b 3x4) 
Mohammad Wasim 3-0-15-0 
Salman Agha 1-0-8-0",21.6,0,0.0,"Mohammad Wasim to Ravindra, no run  .Thumped hard into the deck on a short length outside off, squirts it down to backward  .point",Mohammad Wasim,Ravindra,0.0,0,0,1,1,0.0,0,,0
"22.1 
1 
Salman to Williamson, 1 run 
Lobbed up on a length around middle, takes a few steps outside the crease and 
smothers the spin with a prod down to long-on, beats mid-on",22.1,1,1.0,"Salman to Williamson, 1 run  .Lobbed up on a length around middle, takes a few steps outside the crease and  .smothers the spin with a prod down to long-on, beats mid-on",Salman,Williamson,1.0,0,0,1,1,1.0,0,,1
"22.2 
1 
Salman to Ravindra, 1 run 
Round the wicket, slow in the air on a length and spinning into the pads, nudged away 
towards square leg's right",22.2,1,1.0,"Salman to Ravindra, 1 run  .Round the wicket, slow in the air on a length and spinning into the pads, nudged away  .towards square leg's right",Salman,Ravindra,1.0,0,0,1,1,1.0,0,,1
"22.3 
• 
Salman to Williamson, no run 
Floated up from over the wicket on a length, wicket to wicket stuff, drives it down to 
midwicket in the ring",22.3,0,0.0,"Salman to Williamson, no run  .Floated up from over the wicket on a length, wicket to wicket stuff, drives it down to  .midwicket in the ring",Salman,Williamson,0.0,0,0,1,1,0.0,0,,0
"22.4 
6 
Salman to Williamson, SIX runs 
Springs down the track and plays it exquisitely up and over wide long-off for a half-a-
dozen runs. Poise and class personified!",22.4,6,6.0,"Salman to Williamson, SIX runs  .Springs down the track and plays it exquisitely up and over wide long-off for a half-a- .dozen runs. Poise and class personified!",Salman,Williamson,6.0,0,1,1,1,6.0,0,,1
"22.5 
1 
Salman to Williamson, 1 run 
Shortish and outside off, makes room and slams it behind point for a run, couldn't have 
hit it any harder",22.5,1,1.0,"Salman to Williamson, 1 run  .Shortish and outside off, makes room and slams it behind point for a run, couldn't have  .hit it any harder",Salman,Williamson,1.0,0,0,1,1,1.0,0,,1
"22.6 
4 
Salman to Ravindra, FOUR runs 
Round the wicket, tossed up fuller from round the wicket right in his hitting arc, he loads 
up, accounts for the turn, gets it under it and then smashes it away to deep midwicket 
boundary. Lovely shot, what hands! An exclamation mark to end the over 
end of over 2313 runs  
NZ: 150/1CRR: 6.52  
Rachin Ravindra64 (62b 10x4) 
Kane Williamson37 (37b 3x4 1x6) 
Salman Agha 2-0-21-0 
Mohammad Wasim 3-0-15-0",22.6,4,4.0,"Salman to Ravindra, FOUR runs  .Round the wicket, tossed up fuller from round the wicket right in his hitting arc, he loads  .up, accounts for the turn, gets it under it and then smashes it away to deep midwicket  .boundary. Lovely shot, what hands! An exclamation mark to end the over",Salman,Ravindra,4.0,1,0,1,1,4.0,0,,1
"23.1 
1lb 
Mohammad Wasim to Williamson, 1 leg bye 
Short of a length, angling towards leg stump, tickles it to deep fine leg 
Faizan: ""Guys...hold your horses..game of cricket brings great surprises...sensing a 
collapse of NZ batting today.""",23.1,1lb,1.0,"Mohammad Wasim to Williamson, 1 leg bye  .Short of a length, angling towards leg stump, tickles it to deep fine leg",Mohammad Wasim,Williamson,0.0,0,0,1,1,0.0,0,,0
"23.2 
• 
Mohammad Wasim to Ravindra, no run 
Hammered in a bouncer and it's screaming off the surface on a leg-stump line, he tries 
to crack a pull but the ball kept getting big on him and he only flails at thin air",23.2,0,0.0,"Mohammad Wasim to Ravindra, no run  .Hammered in a bouncer and it's screaming off the surface on a leg-stump line, he tries  .to crack a pull but the ball kept getting big on him and he only flails at thin air",Mohammad Wasim,Ravindra,0.0,0,0,1,1,0.0,0,,0
"23.3 
1 
Mohammad Wasim to Ravindra, 1 run 
Short of a length, angling into the pads, clonks this behind square leg for a run with a 
light flick of a wrist",23.3,1,1.0,"Mohammad Wasim to Ravindra, 1 run  .Short of a length, angling into the pads, clonks this behind square leg for a run with a  .light flick of a wrist",Mohammad Wasim,Ravindra,1.0,0,0,1,1,1.0,0,,1
"23.4 
• 
Mohammad Wasim to Williamson, no run 
Over the wicket, shorter and came back markedly from outside off, crashes into his 
thigh pad as he attempts a flick",23.4,0,0.0,"Mohammad Wasim to Williamson, no run  .Over the wicket, shorter and came back markedly from outside off, crashes into his  .thigh pad as he attempts a flick",Mohammad Wasim,Williamson,0.0,0,0,1,1,0.0,0,,0
"23.5 
• 
Mohammad Wasim to Williamson, no run 
Slightly short of a length and aiming for the top of off, he gets behind the line and 
swipes it down the ground towards the bowler",23.5,0,0.0,"Mohammad Wasim to Williamson, no run  .Slightly short of a length and aiming for the top of off, he gets behind the line and  .swipes it down the ground towards the bowler",Mohammad Wasim,Williamson,0.0,0,0,1,1,0.0,0,,0
"23.6 
1 
Mohammad Wasim to Williamson, 1 run 
Bowling straight and bowling gas. Short of a length, just shaping away from the batter 
who punches it off the backfoot and beats point 
Hayyan: ""With rain around the corner, Babar should have known better to definitely bat 
first in rainy conditions. Asia cup the biggest example of it. Even if you score less runs, 
DRS favors you when overs are reduced. Babar to be blamed for todays loss."" 
end of over 243 runs  
NZ: 153/1CRR: 6.37  
Kane Williamson38 (41b 3x4 1x6) 
Rachin Ravindra65 (64b 10x4) 
Mohammad Wasim 4-0-17-0 
Salman Agha 2-0-21-0",23.6,1,1.0,"Mohammad Wasim to Williamson, 1 run  .Bowling straight and bowling gas. Short of a length, just shaping away from the batter  .who punches it off the backfoot and beats point",Mohammad Wasim,Williamson,1.0,0,0,1,1,1.0,0,,1
"24.1 
1 
Iftikhar to Williamson, 1 run 
Over the wicket, angling into his pads, uppishly flicked to deep midwicket 
What do you think will be a good score on this pitch?",24.1,1,1.0,"Iftikhar to Williamson, 1 run  .Over the wicket, angling into his pads, uppishly flicked to deep midwicket  .What do you think will be a good score on this pitch?",Iftikhar,Williamson,1.0,0,0,1,1,1.0,0,,1
"24.2 
1 
Iftikhar to Ravindra, 1 run 
Round the wicket to the left-hander, a touch fuller on fifth stump line, ravishing inside-
out cut to deep cover",24.2,1,1.0,"Iftikhar to Ravindra, 1 run  .Round the wicket to the left-hander, a touch fuller on fifth stump line, ravishing inside- .out cut to deep cover",Iftikhar,Ravindra,1.0,0,0,1,1,1.0,0,,1
"24.3 
4 
Iftikhar to Williamson, FOUR runs 
Dances down the track, it's in the slot and he ramps it away up and over extra cover for 
a sumptuous boundary! No violence, pure timing and treat to watch!",24.3,4,4.0,"Iftikhar to Williamson, FOUR runs  .Dances down the track, it's in the slot and he ramps it away up and over extra cover for  .a sumptuous boundary! No violence, pure timing and treat to watch!",Iftikhar,Williamson,4.0,1,0,1,1,4.0,0,,1
"24.4 
4 
Iftikhar to Williamson, FOUR runs 
Back to back boundaries! Goes down on one knee and whacks it with disdain over 
midwicket for a one bouncer boundary",24.4,4,4.0,"Iftikhar to Williamson, FOUR runs  .Back to back boundaries! Goes down on one knee and whacks it with disdain over  .midwicket for a one bouncer boundary",Iftikhar,Williamson,4.0,1,0,1,1,4.0,0,,1
"24.5 
1 
Iftikhar to Williamson, 1 run 
Tossed up, lots of revs on the ball, stumps to stumps line, parries it down to long on for 
a run 
 
Kane Williamson vs offspin in ODIs 
RUNS 
929 
OUTS 
18 
4s/6s 
60/9 
SR 
83.24 
AVE 
58.06",24.5,1,1.0,"Iftikhar to Williamson, 1 run  .Tossed up, lots of revs on the ball, stumps to stumps line, parries it down to long on for  .a run  .  .Kane Williamson vs offspin in ODIs  .RUNS  .929  .OUTS  .18  .4s/6s  .60/9  .SR  .83.24  .AVE  .58.06",Iftikhar,Williamson,1.0,0,0,1,1,1.0,0,,1
"24.6 
4 
Iftikhar to Ravindra, FOUR runs 
Length and lots of room on offer, unleashes a cracking cut and beats the fielder at point 
for another terrific boundary 
And with that blazing boundary, it's time now for Danyal to set the commentary alight 
end of over 2515 runs  
NZ: 168/1CRR: 6.72  
Rachin Ravindra70 (66b 11x4) 
Kane Williamson48 (45b 5x4 1x6) 
Iftikhar Ahmed 6-0-45-0 
Mohammad Wasim 4-0-17-0",24.6,4,4.0,"Iftikhar to Ravindra, FOUR runs  .Length and lots of room on offer, unleashes a cracking cut and beats the fielder at point  .for another terrific boundary  .And with that blazing boundary, it's time now for Danyal to set the commentary alight",Iftikhar,Ravindra,4.0,1,0,1,1,4.0,0,,1
"25.1 
1 
Shaheen Shah Afridi to Williamson, 1 run 
back of a length, clipped to midwicket 
Well hello again, folks",25.1,1,1.0,"Shaheen Shah Afridi to Williamson, 1 run  .back of a length, clipped to midwicket  .Well hello again, folks",Shaheen Shah Afridi,Williamson,1.0,0,0,1,1,1.0,0,,1
"25.2 
1 
Shaheen Shah Afridi to Ravindra, 1 run 
back of a length, prodded into the offside and he turns the strike over",25.2,1,1.0,"Shaheen Shah Afridi to Ravindra, 1 run  .back of a length, prodded into the offside and he turns the strike over",Shaheen Shah Afridi,Ravindra,1.0,0,0,1,1,1.0,0,,1
"25.3 
• 
Shaheen Shah Afridi to Williamson, no run 
comes around the wicket and pitches it up. Doesn't time it quite well enough",25.3,0,0.0,"Shaheen Shah Afridi to Williamson, no run  .comes around the wicket and pitches it up. Doesn't time it quite well enough",Shaheen Shah Afridi,Williamson,0.0,0,0,1,1,0.0,0,,0
"25.4 
• 
Shaheen Shah Afridi to Williamson, no run 
angling in and hits him on the pads",25.4,0,0.0,"Shaheen Shah Afridi to Williamson, no run  .angling in and hits him on the pads",Shaheen Shah Afridi,Williamson,0.0,0,0,1,1,0.0,0,,0
"25.5 
2 
Shaheen Shah Afridi to Williamson, 2 runs 
works it to mid-off and brings up another flawless half-century. Looked comfortable 
from the moment he came in despite all his injury issues. Gets raucous applause from 
the crowd, whom he acknowledges warmly 
See all photos",25.5,2,2.0,"Shaheen Shah Afridi to Williamson, 2 runs  .works it to mid-off and brings up another flawless half-century. Looked comfortable  .from the moment he came in despite all his injury issues. Gets raucous applause from  .the crowd, whom he acknowledges warmly  .See all photos",Shaheen Shah Afridi,Williamson,2.0,0,0,1,1,2.0,0,,1
"25.6 
1 
Shaheen Shah Afridi to Williamson, 1 run 
nudged into the onside to keep the strike 
end of over 265 runs  
NZ: 173/1CRR: 6.65  
Kane Williamson52 (50b 5x4 1x6) 
Rachin Ravindra71 (67b 11x4) 
Shaheen Shah Afridi 5-0-33-0 
Iftikhar Ahmed 6-0-45-0 
lakesidey: ""Danyal please don't get Kane out!"" No jinx could be that powerful 
Rudranil: ""The way New Zealand is scoring (350 on cards), even if Pakistan finds a win 
in this match, it will be almost impossible for the Green Caps to get close to New 
Zealand's NRR,"" Think Pakistan's (faint) hopes rely on SL doing them a favour more than 
NRR",25.6,1,1.0,"Shaheen Shah Afridi to Williamson, 1 run  .nudged into the onside to keep the strike",Shaheen Shah Afridi,Williamson,1.0,0,0,1,1,1.0,0,,1
"26.1 
4 
Haris Rauf to Williamson, FOUR runs 
whips it past mid-off, using a lot of bottom hand. Punches off the back foot, and just 
makes sure to place it wide of the fielder and times it well enough for it to run away",26.1,4,4.0,"Haris Rauf to Williamson, FOUR runs  .whips it past mid-off, using a lot of bottom hand. Punches off the back foot, and just  .makes sure to place it wide of the fielder and times it well enough for it to run away",Haris Rauf,Williamson,4.0,1,0,1,1,4.0,0,,1
"26.2 
• 
Haris Rauf to Williamson, no run 
whizzes past the bat. Rare delivery where the bowler gets the better of Kane",26.2,0,0.0,"Haris Rauf to Williamson, no run  .whizzes past the bat. Rare delivery where the bowler gets the better of Kane",Haris Rauf,Williamson,0.0,0,0,1,1,0.0,0,,0
"26.3 
1 
Haris Rauf to Williamson, 1 run 
whipped through the onside, right off the meat of the bat once more. Cleaned up by 
midwicket so it's only a single 
Krishna : ""@Danyal, you missed the 100 run partnership between KW and RR."" I did 
indeed! They've been all over Pakistan pretty much throughout",26.3,1,1.0,"Haris Rauf to Williamson, 1 run  .whipped through the onside, right off the meat of the bat once more. Cleaned up by  .midwicket so it's only a single",Haris Rauf,Williamson,1.0,0,0,1,1,1.0,0,,1
"26.4 
1 
Haris Rauf to Ravindra, 1 run 
slower delivery, low full toss. Clipped to mid=on and they scurry through for one 
Syed: ""Comment number 10728 with no publishing success. Like the way kane 
Williamson blows on his hand after hitting boundary. """,26.4,1,1.0,"Haris Rauf to Ravindra, 1 run  .slower delivery, low full toss. Clipped to mid=on and they scurry through for one",Haris Rauf,Ravindra,1.0,0,0,1,1,1.0,0,,1
"26.5 
• 
Haris Rauf to Williamson, no run 
takes the pace off. Williamson tries to guide it past backward point, but can't get the 
placement right",26.5,0,0.0,"Haris Rauf to Williamson, no run  .takes the pace off. Williamson tries to guide it past backward point, but can't get the  .placement right",Haris Rauf,Williamson,0.0,0,0,1,1,0.0,0,,0
"26.6 
2 
Haris Rauf to Williamson, 2 runs 
another jab through the covers, and they ease through for a couple more 
end of over 278 runs  
NZ: 181/1CRR: 6.70  
Kane Williamson59 (55b 6x4 1x6) 
Rachin Ravindra72 (68b 11x4) 
Haris Rauf 5-0-36-0 
Shaheen Shah Afridi 5-0-33-0 
Kbs: ""Danyal: you have hexed chachaji with your writeup. "" I thought I'd get that piece in 
before things went awry 
 
Shaheen Shah Afridi in middle overs (in ODIs) 
BALLS 
852 
WKTS 
20 
4s/6s 
64/10 
ECON 
5.17 
AVE 
36.75",26.6,2,2.0,"Haris Rauf to Williamson, 2 runs  .another jab through the covers, and they ease through for a couple more",Haris Rauf,Williamson,2.0,0,0,1,1,2.0,0,,1
"27.1 
1w 
Shaheen Shah Afridi to Ravindra, 1 wide 
banged in short and wide down legside",27.1,1w,1.0,"Shaheen Shah Afridi to Ravindra, 1 wide  .banged in short and wide down legside",Shaheen Shah Afridi,Ravindra,0.0,0,0,0,0,1.0,0,,1
"27.1 
• 
Shaheen Shah Afridi to Ravindra, no run 
another short ball but this one was better directed. Rachin gets out of the way",27.1,0,0.0,"Shaheen Shah Afridi to Ravindra, no run  .another short ball but this one was better directed. Rachin gets out of the way",Shaheen Shah Afridi,Ravindra,0.0,0,0,1,1,0.0,0,,0
"27.2 
1 
Shaheen Shah Afridi to Ravindra, 1 run 
angled down to third man 
Moeez: ""This pak team is nowhere near challenging for semis, they lack the fighting 
spirit and killer instinct. Poor decisions all around and like always, they have this habit 
of giving players their form back. Should have attacked williamson by all means and see 
what he does. Bowling is all over the place""",27.2,1,1.0,"Shaheen Shah Afridi to Ravindra, 1 run  .angled down to third man",Shaheen Shah Afridi,Ravindra,1.0,0,0,1,1,1.0,0,,1
"27.3 
1 
Shaheen Shah Afridi to Williamson, 1 run 
comes down the track and slaps it to deep point",27.3,1,1.0,"Shaheen Shah Afridi to Williamson, 1 run  .comes down the track and slaps it to deep point",Shaheen Shah Afridi,Williamson,1.0,0,0,1,1,1.0,0,,1
"27.4 
2 
Shaheen Shah Afridi to Ravindra, 2 runs 
whipped through the air over midwicket as they coast through for two more",27.4,2,2.0,"Shaheen Shah Afridi to Ravindra, 2 runs  .whipped through the air over midwicket as they coast through for two more",Shaheen Shah Afridi,Ravindra,2.0,0,0,1,1,2.0,0,,1
"27.5 
• 
Shaheen Shah Afridi to Ravindra, no run 
bowls a yorker at 137.7kph this time. RR does well to dig it out",27.5,0,0.0,"Shaheen Shah Afridi to Ravindra, no run  .bowls a yorker at 137.7kph this time. RR does well to dig it out",Shaheen Shah Afridi,Ravindra,0.0,0,0,1,1,0.0,0,,0
"27.6 
1 
Shaheen Shah Afridi to Ravindra, 1 run 
slaps it to deep point to keep the strike 
end of over 286 runs  
NZ: 187/1CRR: 6.67  
Rachin Ravindra76 (73b 11x4) 
Kane Williamson60 (56b 6x4 1x6) 
Shaheen Shah Afridi 6-0-39-0 
Haris Rauf 5-0-36-0 
OsmanZ: ""Just joined the match. How come Pakistan didn't play any specialist spinner 
while NZ has 2?"" A combination of availability and pitch assessment, I'd presume",27.6,1,1.0,"Shaheen Shah Afridi to Ravindra, 1 run  .slaps it to deep point to keep the strike",Shaheen Shah Afridi,Ravindra,1.0,0,0,1,1,1.0,0,,1
"28.1 
• 
Haris Rauf to Ravindra, no run 
short and wide, Ravindra tries to uppercut it over third man but doesn't connect",28.1,0,0.0,"Haris Rauf to Ravindra, no run  .short and wide, Ravindra tries to uppercut it over third man but doesn't connect",Haris Rauf,Ravindra,0.0,0,0,1,1,0.0,0,,0
"28.2 
4 
Haris Rauf to Ravindra, FOUR runs 
gets the uppercut right this time. Bends the knees in anticipation of the short ball and 
helps it over Rizwan's head. Timed so well it nearly went all the way for six",28.2,4,4.0,"Haris Rauf to Ravindra, FOUR runs  .gets the uppercut right this time. Bends the knees in anticipation of the short ball and  .helps it over Rizwan's head. Timed so well it nearly went all the way for six",Haris Rauf,Ravindra,4.0,1,0,1,1,4.0,0,,1
"28.3 
• 
Haris Rauf to Ravindra, no run 
tucked him up slightly as he eased it to midwicket",28.3,0,0.0,"Haris Rauf to Ravindra, no run  .tucked him up slightly as he eased it to midwicket",Haris Rauf,Ravindra,0.0,0,0,1,1,0.0,0,,0
"28.4 
1w 
Haris Rauf to Ravindra, 1 wide 
short ball once more, this one going down leg",28.4,1w,1.0,"Haris Rauf to Ravindra, 1 wide  .short ball once more, this one going down leg",Haris Rauf,Ravindra,0.0,0,0,0,0,1.0,0,,1
"28.4 
1 
Haris Rauf to Ravindra, 1 run 
takes the pace off as Rachin eases it through the offside for a single",28.4,1,1.0,"Haris Rauf to Ravindra, 1 run  .takes the pace off as Rachin eases it through the offside for a single",Haris Rauf,Ravindra,1.0,0,0,1,1,1.0,0,,1
"28.5 
1 
Haris Rauf to Williamson, 1 run 
worked into the onside off the pads 
morri: ""Interesting the predictor is still only predicting 330 odd with only one wicket 
down and a few runs shy of 200 after 29 overs. What about the old adage of doubling 
the score after 30 overs…. is there something you know that we don't? "" Late reverse 
swing, perhaps? Pakistan did pull Australia back a few games ago",28.5,1,1.0,"Haris Rauf to Williamson, 1 run  .worked into the onside off the pads",Haris Rauf,Williamson,1.0,0,0,1,1,1.0,0,,1
"28.6 
6 
Haris Rauf to Ravindra, SIX runs 
shot of the day, surely. Length ball, nothing wrong with it, really, but Rachin rocks back 
and clobbers him over long-on for a gigantic six in the second tier. The sound it made 
off the bat, wow! 
end of over 2913 runs  
NZ: 200/1CRR: 6.89  
Rachin Ravindra87 (78b 12x4 1x6) 
Kane Williamson61 (57b 6x4 1x6) 
Haris Rauf 6-0-49-0 
Shaheen Shah Afridi 6-0-39-0",28.6,6,6.0,"Haris Rauf to Ravindra, SIX runs  .shot of the day, surely. Length ball, nothing wrong with it, really, but Rachin rocks back  .and clobbers him over long-on for a gigantic six in the second tier. The sound it made  .off the bat, wow!",Haris Rauf,Ravindra,6.0,0,1,1,1,6.0,0,,1
"29.1 
4 
Hasan Ali to Williamson, FOUR runs 
length ball sits up for Williamson who smears it through the midwicket region to pick up 
another boundary 
Natesh: ""Wow!! how impressive has Rachin been this WC. No great prior performances 
but still backed by NZ.. These are things that only team like NZ does. """,29.1,4,4.0,"Hasan Ali to Williamson, FOUR runs  .length ball sits up for Williamson who smears it through the midwicket region to pick up  .another boundary",Hasan Ali,Williamson,4.0,1,0,1,1,4.0,0,,1
"29.2 
1 
Hasan Ali to Williamson, 1 run 
smothers it away towards the cover region for another single",29.2,1,1.0,"Hasan Ali to Williamson, 1 run  .smothers it away towards the cover region for another single",Hasan Ali,Williamson,1.0,0,0,1,1,1.0,0,,1
"29.3 
1 
Hasan Ali to Ravindra, 1 run 
takes the pace off again, worked back down the ground and the pair exchange ends",29.3,1,1.0,"Hasan Ali to Ravindra, 1 run  .takes the pace off again, worked back down the ground and the pair exchange ends",Hasan Ali,Ravindra,1.0,0,0,1,1,1.0,0,,1
"29.4 
• 
Hasan Ali to Williamson, no run 
Hasan's bowling these cutters now. Worked into the onside",29.4,0,0.0,"Hasan Ali to Williamson, no run  .Hasan's bowling these cutters now. Worked into the onside",Hasan Ali,Williamson,0.0,0,0,1,1,0.0,0,,0
"29.5 
4 
Hasan Ali to Williamson, FOUR runs 
picked up early and slapped over cow corner for a one-bounce four. It was a nice pace 
for Kane to pick it up over midwicket, and it almost went al the way",29.5,4,4.0,"Hasan Ali to Williamson, FOUR runs  .picked up early and slapped over cow corner for a one-bounce four. It was a nice pace  .for Kane to pick it up over midwicket, and it almost went al the way",Hasan Ali,Williamson,4.0,1,0,1,1,4.0,0,,1
"29.6 
1 
Hasan Ali to Williamson, 1 run 
doesn't time this one too well. Gets it away to mid-on for a single 
end of over 3011 runs  
NZ: 211/1CRR: 7.03  
Kane Williamson71 (62b 8x4 1x6) 
Rachin Ravindra88 (79b 12x4 1x6) 
Hasan Ali 6-0-36-1 
Haris Rauf 6-0-49-0 
Anurag: ""rahcin ravindra has been the find of the tournament. williamson injury was a 
blessing in disguise. Superstar in the making!!"" 
Omer: ""No doubt now that Pakistan is being batted out of this game...""",29.6,1,1.0,"Hasan Ali to Williamson, 1 run  .doesn't time this one too well. Gets it away to mid-on for a single",Hasan Ali,Williamson,1.0,0,0,1,1,1.0,0,,1
"30.1 
2 
Mohammad Wasim to Williamson, 2 runs 
picked up over midwicket and they ease back for another couple",30.1,2,2.0,"Mohammad Wasim to Williamson, 2 runs  .picked up over midwicket and they ease back for another couple",Mohammad Wasim,Williamson,2.0,0,0,1,1,2.0,0,,1
"30.2 
4 
Mohammad Wasim to Williamson, FOUR runs 
back of a length but again, he lacks the pace for that kind of ball. It sits up and he pulls 
it past mid-on for a boundary 
Sha: ""I really wonder what Micky Arthur's ""plans"" were with bowling first in the middle of 
the day. like seriously did they consider any of the conditions?""",30.2,4,4.0,"Mohammad Wasim to Williamson, FOUR runs  .back of a length but again, he lacks the pace for that kind of ball. It sits up and he pulls  .it past mid-on for a boundary",Mohammad Wasim,Williamson,4.0,1,0,1,1,4.0,0,,1
"30.3 
• 
Mohammad Wasim to Williamson, no run 
gets the bottom of the bat towards the offside",30.3,0,0.0,"Mohammad Wasim to Williamson, no run  .gets the bottom of the bat towards the offside",Mohammad Wasim,Williamson,0.0,0,0,1,1,0.0,0,,0
"30.4 
1 
Mohammad Wasim to Williamson, 1 run 
rolled his fingers over it, nudged to the offside for a single",30.4,1,1.0,"Mohammad Wasim to Williamson, 1 run  .rolled his fingers over it, nudged to the offside for a single",Mohammad Wasim,Williamson,1.0,0,0,1,1,1.0,0,,1
"30.5 
• 
Mohammad Wasim to Ravindra, no run 
clipped off the pads and it trickles through to Rizwan",30.5,0,0.0,"Mohammad Wasim to Ravindra, no run  .clipped off the pads and it trickles through to Rizwan",Mohammad Wasim,Ravindra,0.0,0,0,1,1,0.0,0,,0
"30.6 
• 
Mohammad Wasim to Ravindra, no run 
smear towards the offside to round the over out 
end of over 317 runs  
NZ: 218/1CRR: 7.03  
Rachin Ravindra88 (81b 12x4 1x6) 
Kane Williamson78 (66b 9x4 1x6) 
Mohammad Wasim 5-0-24-0 
Hasan Ali 6-0-36-1 
NAREN: ""So , Pakistan is out of the tournament now"" Defeat today would guarantee it",30.6,0,0.0,"Mohammad Wasim to Ravindra, no run  .smear towards the offside to round the over out",Mohammad Wasim,Ravindra,0.0,0,0,1,1,0.0,0,,0
"31.1 
6 
Hasan Ali to Williamson, SIX runs 
Hasan bowls that good length but it's on the body, so Kane picks it up and deposits it 
over square leg. This is Kane on autopilot, and Hasan is feeding him what he wants",31.1,6,6.0,"Hasan Ali to Williamson, SIX runs  .Hasan bowls that good length but it's on the body, so Kane picks it up and deposits it  .over square leg. This is Kane on autopilot, and Hasan is feeding him what he wants",Hasan Ali,Williamson,6.0,0,1,1,1,6.0,0,,1
"31.2 
4 
Hasan Ali to Williamson, FOUR runs 
another length ball, steered through the onside, and the perfect placement he finds so 
frequently fetches him another boundary",31.2,4,4.0,"Hasan Ali to Williamson, FOUR runs  .another length ball, steered through the onside, and the perfect placement he finds so  .frequently fetches him another boundary",Hasan Ali,Williamson,4.0,1,0,1,1,4.0,0,,1
"31.3 
• 
Hasan Ali to Williamson, no run",31.3,0,0.0,"Hasan Ali to Williamson, no run",Hasan Ali,Williamson,0.0,0,0,1,1,0.0,0,,0
"31.4 
• 
Hasan Ali to Williamson, no run 
takes the pace off and Williamson defends to mid-off",31.4,0,0.0,"Hasan Ali to Williamson, no run  .takes the pace off and Williamson defends to mid-off",Hasan Ali,Williamson,0.0,0,0,1,1,0.0,0,,0
"31.5 
2nb 
Hasan Ali to Williamson, (no ball) 1 run 
nudged to backward point and they come through for one 
that was a no-ball. Free hit upcoming",31.5,2nb,2.0,"Hasan Ali to Williamson, (no ball) 1 run  .nudged to backward point and they come through for one  .that was a no-ball. Free hit upcoming",Hasan Ali,Williamson,1.0,0,0,1,0,2.0,0,,1
"31.5 
2 
Hasan Ali to Ravindra, 2 runs 
slower bouncer, steered towards midwicket for another couple 
Umer Ashraf : ""Danyal, I love how you post every comment that is against Pakistan. Is 
the match over? How can someone possibly be sure of the result? Pakistan are still in 
the game. They recently chased the highest total in WC history. Fakhar is back too. Idk 
why you're so against Pakistan.??"" If you're feeling positive about Pakistan let me know! 
 
NZ in middle overs (in World Cup 2023) 
INNS 
8 
WKTS 
21 
RR 
6.22 
AVE 
66.33",31.5,2,2.0,"Hasan Ali to Ravindra, 2 runs  .slower bouncer, steered towards midwicket for another couple",Hasan Ali,Ravindra,2.0,0,0,1,1,2.0,0,,1
"31.6 
4 
Hasan Ali to Ravindra, FOUR runs 
clobbered over long-on and I think it's hit the rope on the full! Or has it? The third umpire 
gives it a four, and so ends another supremely productive over for New Zealand  
end of over 3218 runs  
NZ: 236/1CRR: 7.37  
Rachin Ravindra94 (83b 13x4 1x6) 
Kane Williamson89 (71b 10x4 2x6) 
Hasan Ali 7-0-54-1 
Mohammad Wasim 5-0-24-0",31.6,4,4.0,"Hasan Ali to Ravindra, FOUR runs  .clobbered over long-on and I think it's hit the rope on the full! Or has it? The third umpire  .gives it a four, and so ends another supremely productive over for New Zealand",Hasan Ali,Ravindra,4.0,1,0,1,1,4.0,0,,1
"32.1 
• 
Iftikhar to Williamson, no run 
comes around the wicket, defended towards the onside",32.1,0,0.0,"Iftikhar to Williamson, no run  .comes around the wicket, defended towards the onside",Iftikhar,Williamson,0.0,0,0,1,1,0.0,0,,0
"32.2 
1 
Iftikhar to Williamson, 1 run 
reverse sweep walloped to short third, and they scurry through for one. Williamson 
initially looked to be struggling but made that ground up in the end, and the third umpire 
clears him",32.2,1,1.0,"Iftikhar to Williamson, 1 run  .reverse sweep walloped to short third, and they scurry through for one. Williamson  .initially looked to be struggling but made that ground up in the end, and the third umpire  .clears him",Iftikhar,Williamson,1.0,0,0,1,1,1.0,0,,1
"32.3 
1 
Iftikhar to Ravindra, 1 run 
chipped into the onside",32.3,1,1.0,"Iftikhar to Ravindra, 1 run  .chipped into the onside",Iftikhar,Ravindra,1.0,0,0,1,1,1.0,0,,1
"32.4 
2 
Iftikhar to Williamson, 2 runs 
another really god shot. Uses his feet to come down the track and spank it to long-on, 
where Shaheen puts in a dive and keeps it to two",32.4,2,2.0,"Iftikhar to Williamson, 2 runs  .another really god shot. Uses his feet to come down the track and spank it to long-on,  .where Shaheen puts in a dive and keeps it to two",Iftikhar,Williamson,2.0,0,0,1,1,2.0,0,,1
"32.5 
• 
Iftikhar to Williamson, no run 
another reverse sweep but he can't get bat on it",32.5,0,0.0,"Iftikhar to Williamson, no run  .another reverse sweep but he can't get bat on it",Iftikhar,Williamson,0.0,0,0,1,1,0.0,0,,0
"32.6 
• 
Iftikhar to Williamson, no run 
nudged to mid-off 
end of over 334 runs  
NZ: 240/1CRR: 7.27  
Kane Williamson92 (76b 10x4 2x6) 
Rachin Ravindra95 (84b 13x4 1x6) 
Iftikhar Ahmed 7-0-49-0 
Hasan Ali 7-0-54-1 
Matthew: ""That reverse sweep and desperate run the stupidest thing I've seen since 
Tom Latham sending in South Africa. NZ turning their luck around for the back end of 
this tournament !"" I'm still surprised he made it back home. He was miles out when 
Iftikhar collected!",32.6,0,0.0,"Iftikhar to Williamson, no run  .nudged to mid-off",Iftikhar,Williamson,0.0,0,0,1,1,0.0,0,,0
"33.1 
• 
Mohammad Wasim to Ravindra, no run 
a direct hit would have had Williamson run out again. Sets off rather aimlessly for one, 
but Salman Ali Agha can't effect a direct hit",33.1,0,0.0,"Mohammad Wasim to Ravindra, no run  .a direct hit would have had Williamson run out again. Sets off rather aimlessly for one,  .but Salman Ali Agha can't effect a direct hit",Mohammad Wasim,Ravindra,0.0,0,0,1,1,0.0,0,,0
"33.2 
4 
Mohammad Wasim to Ravindra, FOUR runs 
smears it through the onside, beats the gap and gets himself to 99",33.2,4,4.0,"Mohammad Wasim to Ravindra, FOUR runs  .smears it through the onside, beats the gap and gets himself to 99",Mohammad Wasim,Ravindra,4.0,1,0,1,1,4.0,0,,1
"33.3 
• 
Mohammad Wasim to Ravindra, no run 
bangs it in short. Ravindra looked to ease it through the onside but ends up beaten",33.3,0,0.0,"Mohammad Wasim to Ravindra, no run  .bangs it in short. Ravindra looked to ease it through the onside but ends up beaten",Mohammad Wasim,Ravindra,0.0,0,0,1,1,0.0,0,,0
"33.4 
1 
Mohammad Wasim to Ravindra, 1 run 
steered towards fine leg and that is his third hundred this World Cup! This kid looks like 
an absolute superstar. His captain gives him a hug, before he acknowledges the crowd 
in the city his parents were from 
See all photos",33.4,1,1.0,"Mohammad Wasim to Ravindra, 1 run  .steered towards fine leg and that is his third hundred this World Cup! This kid looks like  .an absolute superstar. His captain gives him a hug, before he acknowledges the crowd  .in the city his parents were from  .See all photos",Mohammad Wasim,Ravindra,1.0,0,0,1,1,1.0,0,,1
"33.5 
1 
Mohammad Wasim to Williamson, 1 run 
gently eased into the onside for another single",33.5,1,1.0,"Mohammad Wasim to Williamson, 1 run  .gently eased into the onside for another single",Mohammad Wasim,Williamson,1.0,0,0,1,1,1.0,0,,1
"33.6 
• 
Mohammad Wasim to Ravindra, no run 
full delivery, clipped to mid-on 
end of over 346 runs  
NZ: 246/1CRR: 7.23  
Rachin Ravindra100 (89b 14x4 1x6) 
Kane Williamson93 (77b 10x4 2x6) 
Mohammad Wasim 6-0-30-0 
Iftikhar Ahmed 7-0-49-0 
Adam Robertson: ""To think Ravindra is only within 40 odd runs of De Kock for most runs 
in this WC. If it wasn't for QDK, this would be one of the greatest WC runs of all-time."" It 
still is, especially of you pair it with his story. The promotion up the order, and what's 
happened since",33.6,0,0.0,"Mohammad Wasim to Ravindra, no run  .full delivery, clipped to mid-on",Mohammad Wasim,Ravindra,0.0,0,0,1,1,0.0,0,,0
"34.1 
2 
Iftikhar to Williamson, 2 runs 
nurdled into the onside and they scamper back for another couple 
Ddn: ""Why is Williamson in such a hurry with his running. They have a solid partnership 
and just need to keep calm and continue."" I suppose he doesn't want momentum to 
stall",34.1,2,2.0,"Iftikhar to Williamson, 2 runs  .nurdled into the onside and they scamper back for another couple",Iftikhar,Williamson,2.0,0,0,1,1,2.0,0,,1
"34.2 
W 
Iftikhar to Williamson, OUT 
Williamson falls trying to bring his 100 up with a six!. Dances down the track and 
looked to clear long-off, but just couldn't get enough elevation or distance on it. Fakhar 
comes round and takes a smart catch, but not before a glorious return innings from 
Williamson has put New Zealand firmly in the driver's seat 
Kane Williamson c Fakhar Zaman b Iftikhar Ahmed 95 (79b 10x4 2x6 111m) SR: 
120.25 
MNK: ""If Rachin doesn't get an IPL contract here, then he certainly has some Pakistani 
roots"" Ha",34.2,W,0.0,"Iftikhar to Williamson, OUT  .Williamson falls trying to bring his 100 up with a six!. Dances down the track and  .looked to clear long-off, but just couldn't get enough elevation or distance on it. Fakhar  .comes round and takes a smart catch, but not before a glorious return innings from  .Williamson has put New Zealand firmly in the driver's seat  .Kane Williamson c Fakhar Zaman b Iftikhar Ahmed 95 (79b 10x4 2x6 111m) SR:",Iftikhar,Williamson,0.0,0,0,1,1,0.0,1,c Fakhar Zaman b Iftikhar Ahmed,0
"34.3 
• 
Iftikhar to Mitchell, no run 
looked to lap it behind square but it hit his pads. Enthused appeal from Pakistan but it 
hit him outside the line",34.3,0,0.0,"Iftikhar to Mitchell, no run  .looked to lap it behind square but it hit his pads. Enthused appeal from Pakistan but it  .hit him outside the line",Iftikhar,Mitchell,0.0,0,0,1,1,0.0,0,,0
"34.4 
2 
Iftikhar to Mitchell, 2 runs 
gets off the mark with a couple into the onside",34.4,2,2.0,"Iftikhar to Mitchell, 2 runs  .gets off the mark with a couple into the onside",Iftikhar,Mitchell,2.0,0,0,1,1,2.0,0,,1
"34.5 
1 
Iftikhar to Mitchell, 1 run 
eased down to long-on for a single 
SK: ""Some good captaincy from Babar. He's not been perfect but think we should cut 
him some slack given the circumstances. """,34.5,1,1.0,"Iftikhar to Mitchell, 1 run  .eased down to long-on for a single",Iftikhar,Mitchell,1.0,0,0,1,1,1.0,0,,1
"34.6 
1 
Iftikhar to Ravindra, 1 run 
driven to sweeper cover and Rachin keeps the strike 
end of over 356 runs • 1 wicket 
NZ: 252/2CRR: 7.20  
Rachin Ravindra101 (90b 14x4 1x6) 
Daryl Mitchell3 (3b) 
Iftikhar Ahmed 8-0-55-1 
Mohammad Wasim 6-0-30-0",34.6,1,1.0,"Iftikhar to Ravindra, 1 run  .driven to sweeper cover and Rachin keeps the strike",Iftikhar,Ravindra,1.0,0,0,1,1,1.0,0,,1
"35.1 
1 
Mohammad Wasim to Ravindra, 1 run 
little block and run to get Mitchell on strike",35.1,1,1.0,"Mohammad Wasim to Ravindra, 1 run  .little block and run to get Mitchell on strike",Mohammad Wasim,Ravindra,1.0,0,0,1,1,1.0,0,,1
"35.2 
1lb 
Mohammad Wasim to Mitchell, 1 leg bye 
clips it off the pads into the onside",35.2,1lb,1.0,"Mohammad Wasim to Mitchell, 1 leg bye  .clips it off the pads into the onside",Mohammad Wasim,Mitchell,0.0,0,0,1,1,0.0,0,,0
"35.3 
2 
Mohammad Wasim to Ravindra, 2 runs 
slower ball is carved to dep backward pint for a couple 
Ibrahim Omer: ""Kane Williamson sacrificed his wicket for acceleration cause. Take a 
bow brilliant 95 off just 79 balls.""",35.3,2,2.0,"Mohammad Wasim to Ravindra, 2 runs  .slower ball is carved to dep backward pint for a couple",Mohammad Wasim,Ravindra,2.0,0,0,1,1,2.0,0,,1
"35.4 
1w 
Mohammad Wasim to Ravindra, 1 wide 
sends this one down leg",35.4,1w,1.0,"Mohammad Wasim to Ravindra, 1 wide  .sends this one down leg",Mohammad Wasim,Ravindra,0.0,0,0,0,0,1.0,0,,1
"35.4 
4 
Mohammad Wasim to Ravindra, FOUR runs 
disdainful! Length ball that offered him just a touch of width, Ravindra just brings the 
bat down and gives it a whack towards extra cover",35.4,4,4.0,"Mohammad Wasim to Ravindra, FOUR runs  .disdainful! Length ball that offered him just a touch of width, Ravindra just brings the  .bat down and gives it a whack towards extra cover",Mohammad Wasim,Ravindra,4.0,1,0,1,1,4.0,0,,1
"35.5 
W 
Mohammad Wasim to Ravindra, OUT 
tried to help it over midwicket but holes out on the boundary It was a good-looking shot, 
and appeared to be timed very well, but couldn't get the distance on it and Saud Shakeel 
held on. The look of frustration on his face is evident as he shuffles off to a standing 
ovation 
Rachin Ravindra c Saud Shakeel b Mohammad Wasim 108 (94b 15x4 1x6 170m) SR: 
114.89",35.5,W,0.0,"Mohammad Wasim to Ravindra, OUT  .tried to help it over midwicket but holes out on the boundary It was a good-looking shot,  .and appeared to be timed very well, but couldn't get the distance on it and Saud Shakeel  .held on. The look of frustration on his face is evident as he shuffles off to a standing  .ovation  .Rachin Ravindra c Saud Shakeel b Mohammad Wasim 108 (94b 15x4 1x6 170m) SR:",Mohammad Wasim,Ravindra,0.0,0,0,1,1,0.0,1,c Saud Shakeel b Mohammad Wasim,0
"35.6 
• 
Mohammad Wasim to Chapman, no run 
squared him up as it beats the bat 
end of over 369 runs • 1 wicket 
NZ: 261/3CRR: 7.25  
Mark Chapman0 (1b) 
Daryl Mitchell3 (4b) 
Mohammad Wasim 7-0-38-1 
Iftikhar Ahmed 8-0-55-1 
Wavi: ""Damaged already done. Now it's for Pakistan to see if they can keep NZ around 
330""",35.6,0,0.0,"Mohammad Wasim to Chapman, no run  .squared him up as it beats the bat",Mohammad Wasim,Chapman,0.0,0,0,1,1,0.0,0,,0
"36.1 
4 
Haris Rauf to Mitchell, FOUR runs 
short ball just outside off. Mitchell clobbers it through midwicket. Didn't get it fully out 
of the middle, but gets enough on it and into a gap, so he picks up his first four",36.1,4,4.0,"Haris Rauf to Mitchell, FOUR runs  .short ball just outside off. Mitchell clobbers it through midwicket. Didn't get it fully out  .of the middle, but gets enough on it and into a gap, so he picks up his first four",Haris Rauf,Mitchell,4.0,1,0,1,1,4.0,0,,1
"36.2 
4 
Haris Rauf to Mitchell, FOUR runs 
slower ball but there was too much width on it. Waited on it and punched it past 
sweeper cover to make it consecutive fours",36.2,4,4.0,"Haris Rauf to Mitchell, FOUR runs  .slower ball but there was too much width on it. Waited on it and punched it past  .sweeper cover to make it consecutive fours",Haris Rauf,Mitchell,4.0,1,0,1,1,4.0,0,,1
"36.3 
• 
Haris Rauf to Mitchell, no run 
length ball this time, defended into the offside 
abhim: ""Baz made this NZ team not looking at personal scores, and that has made them 
so endearingly dangerous over the years. However, it perhaps needs a bit of caution 
now, they were trying to press the pedal, but losing wickets in clumps."" I wouldn't say 
clumps. Just a couple in quick succession, but they've got enough of a buffer",36.3,0,0.0,"Haris Rauf to Mitchell, no run  .length ball this time, defended into the offside",Haris Rauf,Mitchell,0.0,0,0,1,1,0.0,0,,0
"36.4 
1 
Haris Rauf to Mitchell, 1 run 
pulled to deep midwicket",36.4,1,1.0,"Haris Rauf to Mitchell, 1 run  .pulled to deep midwicket",Haris Rauf,Mitchell,1.0,0,0,1,1,1.0,0,,1
"36.5 
• 
Haris Rauf to Chapman, no run 
length ball on leg stump raps him on the thigh",36.5,0,0.0,"Haris Rauf to Chapman, no run  .length ball on leg stump raps him on the thigh",Haris Rauf,Chapman,0.0,0,0,1,1,0.0,0,,0
"36.6 
1 
Haris Rauf to Chapman, 1 run 
elegant cover drive from Chapman to keep the strike 
end of over 3710 runs  
NZ: 271/3CRR: 7.32  
Mark Chapman1 (3b) 
Daryl Mitchell12 (8b 2x4) 
Haris Rauf 7-0-59-0 
Mohammad Wasim 7-0-38-1",36.6,1,1.0,"Haris Rauf to Chapman, 1 run  .elegant cover drive from Chapman to keep the strike",Haris Rauf,Chapman,1.0,0,0,1,1,1.0,0,,1
"37.1 
• 
Shaheen Shah Afridi to Chapman, no run 
back of a length, angled to backward point",37.1,0,0.0,"Shaheen Shah Afridi to Chapman, no run  .back of a length, angled to backward point",Shaheen Shah Afridi,Chapman,0.0,0,0,1,1,0.0,0,,0
"37.2 
4 
Shaheen Shah Afridi to Chapman, FOUR runs 
clever shot. It was a bouncer, and Chapman jumped a little to make sure he got on top 
of it, placed it in front of square on the onside and picked up another four",37.2,4,4.0,"Shaheen Shah Afridi to Chapman, FOUR runs  .clever shot. It was a bouncer, and Chapman jumped a little to make sure he got on top  .of it, placed it in front of square on the onside and picked up another four",Shaheen Shah Afridi,Chapman,4.0,1,0,1,1,4.0,0,,1
"37.3 
• 
Shaheen Shah Afridi to Chapman, no run 
good comeback. Slower delivery, Chapman defends",37.3,0,0.0,"Shaheen Shah Afridi to Chapman, no run  .good comeback. Slower delivery, Chapman defends",Shaheen Shah Afridi,Chapman,0.0,0,0,1,1,0.0,0,,0
"37.4 
4 
Shaheen Shah Afridi to Chapman, FOUR runs 
juicy full toss is put away from Chapman. With that line he just needed to use the pace 
and place it past mid-off 
 
Shaheen Shah Afridi vs NZ in ODIs 
INNS 
9 
WKTS 
20 
ECON 
5.06 
AVE 
18.25",37.4,4,4.0,"Shaheen Shah Afridi to Chapman, FOUR runs  .juicy full toss is put away from Chapman. With that line he just needed to use the pace  .and place it past mid-off  .  .Shaheen Shah Afridi vs NZ in ODIs  .INNS  .9  .WKTS  .20  .ECON  .5.06  .AVE  .18.25",Shaheen Shah Afridi,Chapman,4.0,1,0,1,1,4.0,0,,1
"37.5 
1 
Shaheen Shah Afridi to Chapman, 1 run 
backfoot punch towards deep extra cover 
Jay: ""Is India suffering an exodus of good batsmen due to an embarassment of 
resources. Looking at Rachins case !"" Rachin was born in Wellington",37.5,1,1.0,"Shaheen Shah Afridi to Chapman, 1 run  .backfoot punch towards deep extra cover",Shaheen Shah Afridi,Chapman,1.0,0,0,1,1,1.0,0,,1
"37.6 
4 
Shaheen Shah Afridi to Mitchell, FOUR runs 
he knew mid-on was up and he waited for the slower ball before picking him up over 
long-on for a boundary. Rvel comes in to take you through the rest of this innings 
end of over 3813 runs  
NZ: 284/3CRR: 7.47  
Daryl Mitchell16 (9b 3x4) 
Mark Chapman10 (8b 2x4) 
Shaheen Shah Afridi 7-0-52-0 
Haris Rauf 7-0-59-0 
Thanks, Danyal. It's been disappointing to see Pakistan's subservience - if you are a 
Pakistan supporter - as they allowed New Zealand to dictate terms. The bowlers have 
been toothless in this consequential match. On the other hand, bombastic batting from 
talismanic opener Rachin Ravindra continued while Kane Williamson was simply 
unstoppable, batting at his best. Pakistan need to tighten the screws in the last phase to 
keep a lid on this already imposing score",37.6,4,4.0,"Shaheen Shah Afridi to Mitchell, FOUR runs  .he knew mid-on was up and he waited for the slower ball before picking him up over  .long-on for a boundary. Rvel comes in to take you through the rest of this innings",Shaheen Shah Afridi,Mitchell,4.0,1,0,1,1,4.0,0,,1
"38.1 
• 
Hasan Ali to Chapman, no run 
Round the wicket, flips it on a shorter length, angling into the pads, clipped to mid-on",38.1,0,0.0,"Hasan Ali to Chapman, no run  .Round the wicket, flips it on a shorter length, angling into the pads, clipped to mid-on",Hasan Ali,Chapman,0.0,0,0,1,1,0.0,0,,0
"38.2 
• 
Hasan Ali to Chapman, no run 
Good length, came in sharply from outside off and rapped him on the pads and 
ricochets to midwicket, gets away with a slightly wayward delivery",38.2,0,0.0,"Hasan Ali to Chapman, no run  .Good length, came in sharply from outside off and rapped him on the pads and  .ricochets to midwicket, gets away with a slightly wayward delivery",Hasan Ali,Chapman,0.0,0,0,1,1,0.0,0,,0
"38.3 
1 
Hasan Ali to Chapman, 1 run 
Shortish and angled into the body, rifles it down to wide mid-on and sneaks a run",38.3,1,1.0,"Hasan Ali to Chapman, 1 run  .Shortish and angled into the body, rifles it down to wide mid-on and sneaks a run",Hasan Ali,Chapman,1.0,0,0,1,1,1.0,0,,1
"38.4 
1 
Hasan Ali to Mitchell, 1 run 
Hits a shorter length around the line off from over the wicket, creamed to long-on and 
he nonchalantly jogs through a run",38.4,1,1.0,"Hasan Ali to Mitchell, 1 run  .Hits a shorter length around the line off from over the wicket, creamed to long-on and  .he nonchalantly jogs through a run",Hasan Ali,Mitchell,1.0,0,0,1,1,1.0,0,,1
"38.5 
4 
Hasan Ali to Chapman, FOUR runs 
Round the wicket, back of a length and gets a hint of wobble outside off, squared him 
up as he closes the bat and gets an outside edge that skittles away to third man 
boundary 
 
NZ vs PAK 
MATCHES 
W 
L 
L 
L 
L",38.5,4,4.0,"Hasan Ali to Chapman, FOUR runs  .Round the wicket, back of a length and gets a hint of wobble outside off, squared him  .up as he closes the bat and gets an outside edge that skittles away to third man  .boundary  .  .NZ vs PAK  .MATCHES  .W  .L  .L  .L  .L",Hasan Ali,Chapman,4.0,1,0,1,1,4.0,0,,1
"38.6 
1lb 
Hasan Ali to Chapman, 1 leg bye 
Good length, slanting into the pads, flapped to square leg 
end of over 397 runs  
NZ: 291/3CRR: 7.46  
Mark Chapman15 (13b 3x4) 
Daryl Mitchell17 (10b 3x4) 
Hasan Ali 8-0-60-1 
Shaheen Shah Afridi 7-0-52-0",38.6,1lb,1.0,"Hasan Ali to Chapman, 1 leg bye  .Good length, slanting into the pads, flapped to square leg",Hasan Ali,Chapman,0.0,0,0,1,1,0.0,0,,0
"39.1 
4 
Shaheen Shah Afridi to Chapman, FOUR runs 
Back of the hand slower one outside off, picked early and panned to the rope, leathered 
over cover, fielder in the ring gamely jumped one handed but no dice! 110 kph 
Sameer: ""@Jay Rachin's father who is a software engineer, settled in NZ in the late 90s. 
This is exodus of software talent which has been happening for decades anyways. The 
fact that his father used to play club cricket in Bangalore spurred Rachin to take it up. 
He used to come to Bangalore and play cricket during summer vacations as he was 
growing up."" 
Ashu: ""NZ must look for more than 375. I feel they are bit low on bowling resources 
given that both Henry and Ferguson isn't playing and defending in Bangalore is difficult """,39.1,4,4.0,"Shaheen Shah Afridi to Chapman, FOUR runs  .Back of the hand slower one outside off, picked early and panned to the rope, leathered  .over cover, fielder in the ring gamely jumped one handed but no dice! 110 kph",Shaheen Shah Afridi,Chapman,4.0,1,0,1,1,4.0,0,,1
"39.2 
1 
Shaheen Shah Afridi to Chapman, 1 run 
A touch fuller and tailing into the stumps from outside off, firmly clattered through the 
line and back to the bowler",39.2,1,1.0,"Shaheen Shah Afridi to Chapman, 1 run  .A touch fuller and tailing into the stumps from outside off, firmly clattered through the  .line and back to the bowler",Shaheen Shah Afridi,Chapman,1.0,0,0,1,1,1.0,0,,1
"39.3 
1 
Shaheen Shah Afridi to Mitchell, 1 run 
Dropped short around leg stump with not a lot of pace, gently eased down to fine leg",39.3,1,1.0,"Shaheen Shah Afridi to Mitchell, 1 run  .Dropped short around leg stump with not a lot of pace, gently eased down to fine leg",Shaheen Shah Afridi,Mitchell,1.0,0,0,1,1,1.0,0,,1
"39.4 
4 
Shaheen Shah Afridi to Chapman, FOUR runs 
Silky up and over drive past cover and it has got enough legs to reach the fence! 300 
up on the board with this smack right out of the middle. Perfect blend of technique, 
movement and timing!",39.4,4,4.0,"Shaheen Shah Afridi to Chapman, FOUR runs  .Silky up and over drive past cover and it has got enough legs to reach the fence! 300  .up on the board with this smack right out of the middle. Perfect blend of technique,  .movement and timing!",Shaheen Shah Afridi,Chapman,4.0,1,0,1,1,4.0,0,,1
"39.5 
2 
Shaheen Shah Afridi to Chapman, 2 runs 
A touch short and shaping into middle, tugs it away past midwicket for a run. Pakistan 
look deflated and the body language is down",39.5,2,2.0,"Shaheen Shah Afridi to Chapman, 2 runs  .A touch short and shaping into middle, tugs it away past midwicket for a run. Pakistan  .look deflated and the body language is down",Shaheen Shah Afridi,Chapman,2.0,0,0,1,1,2.0,0,,1
"39.6 
4 
Shaheen Shah Afridi to Chapman, FOUR runs 
He goes length and offers plenty of room to him, he needs no second invitation and 
bludgeoned it past point for a cracking boundary. That was absolutely bullied along the 
carpet! 
end of over 4016 runs  
NZ: 307/3CRR: 7.67  
Mark Chapman30 (18b 6x4) 
Daryl Mitchell18 (11b 3x4) 
Shaheen Shah Afridi 8-0-68-0 
Hasan Ali 8-0-60-1",39.6,4,4.0,"Shaheen Shah Afridi to Chapman, FOUR runs  .He goes length and offers plenty of room to him, he needs no second invitation and  .bludgeoned it past point for a cracking boundary. That was absolutely bullied along the  .carpet!",Shaheen Shah Afridi,Chapman,4.0,1,0,1,1,4.0,0,,1
"40.1 
• 
Hasan Ali to Mitchell, no run 
Back of a length and it hung away outside off, forehands it down the ground to mid-off 
Murthy : ""I am afraid to say, no one is afraid of Afridi """,40.1,0,0.0,"Hasan Ali to Mitchell, no run  .Back of a length and it hung away outside off, forehands it down the ground to mid-off",Hasan Ali,Mitchell,0.0,0,0,1,1,0.0,0,,0
"40.2 
• 
Hasan Ali to Mitchell, no run 
Slightly short on off, gives himself room and then plinks it out to mid-off's right",40.2,0,0.0,"Hasan Ali to Mitchell, no run  .Slightly short on off, gives himself room and then plinks it out to mid-off's right",Hasan Ali,Mitchell,0.0,0,0,1,1,0.0,0,,0
"40.3 
4 
Hasan Ali to Mitchell, FOUR runs 
Kerplunk! Thumped right out of the meat of the blade and past Hasan for a blistering 
boundary! Picked it early and panned to the rope. Carnage continues!",40.3,4,4.0,"Hasan Ali to Mitchell, FOUR runs  .Kerplunk! Thumped right out of the meat of the blade and past Hasan for a blistering  .boundary! Picked it early and panned to the rope. Carnage continues!",Hasan Ali,Mitchell,4.0,1,0,1,1,4.0,0,,1
"40.4 
6 
Hasan Ali to Mitchell, SIX runs 
Good length on middle! He launches it downtown just over long-on to send the crowd 
into raptures. Coruscating strokeplay continues! One hand came off as he lifted him 
into the stands",40.4,6,6.0,"Hasan Ali to Mitchell, SIX runs  .Good length on middle! He launches it downtown just over long-on to send the crowd  .into raptures. Coruscating strokeplay continues! One hand came off as he lifted him  .into the stands",Hasan Ali,Mitchell,6.0,0,1,1,1,6.0,0,,1
"40.5 
• 
Hasan Ali to Mitchell, no run 
Short of a length and meandering outside off, stabbed out to cover",40.5,0,0.0,"Hasan Ali to Mitchell, no run  .Short of a length and meandering outside off, stabbed out to cover",Hasan Ali,Mitchell,0.0,0,0,1,1,0.0,0,,0
"40.6 
1 
Hasan Ali to Mitchell, 1 run 
Slower delivery on back of a length on fifth stump line, drags it across the line and 
larrups it to long on 
end of over 4111 runs  
NZ: 318/3CRR: 7.75  
Daryl Mitchell29 (17b 4x4 1x6) 
Mark Chapman30 (18b 6x4) 
Hasan Ali 9-0-71-1 
Shaheen Shah Afridi 8-0-68-0",40.6,1,1.0,"Hasan Ali to Mitchell, 1 run  .Slower delivery on back of a length on fifth stump line, drags it across the line and  .larrups it to long on",Hasan Ali,Mitchell,1.0,0,0,1,1,1.0,0,,1
"41.1 
W 
Haris Rauf to Mitchell, OUT 
Chopped on! Goes for an ambitious pull across the line and makes a mess of his 
stumps; the dreadful rattle means he has to go back to the pavilion. On a length and 
way outside off, he was trying to force it across the line and got deceived a touch by the 
slowness of the delivery, big wicket for Pakistan. Mitchell looks disconsolate after 
getting a good start. 
Daryl Mitchell b Haris Rauf 29 (18b 4x4 1x6 32m) SR: 161.11",41.1,W,0.0,"Haris Rauf to Mitchell, OUT  .Chopped on! Goes for an ambitious pull across the line and makes a mess of his  .stumps; the dreadful rattle means he has to go back to the pavilion. On a length and  .way outside off, he was trying to force it across the line and got deceived a touch by the  .slowness of the delivery, big wicket for Pakistan. Mitchell looks disconsolate after  .getting a good start.  .Daryl Mitchell b Haris Rauf 29 (18b 4x4 1x6 32m) SR: 161.11",Haris Rauf,Mitchell,0.0,0,0,1,1,0.0,1,b Haris Rauf,0
"41.2 
• 
Haris Rauf to Phillips, no run 
Good length, angling into the pads, calmly deflected away into the acreage at midwicket",41.2,0,0.0,"Haris Rauf to Phillips, no run  .Good length, angling into the pads, calmly deflected away into the acreage at midwicket",Haris Rauf,Phillips,0.0,0,0,1,1,0.0,0,,0
"41.3 
• 
Haris Rauf to Phillips, no run 
Back of a length zone on a tight off stump line, squeezed out to cover-point",41.3,0,0.0,"Haris Rauf to Phillips, no run  .Back of a length zone on a tight off stump line, squeezed out to cover-point",Haris Rauf,Phillips,0.0,0,0,1,1,0.0,0,,0
"41.4 
4 
Haris Rauf to Phillips, FOUR runs 
A gift served on a plate and he says thank you very much! On a length and straying on 
the pads, he tickles it down to fine leg boundary. Makes full use of the errant delivery, 
adds four more to the total 
Yves : ""Darn! I really jinx NZ. Started watching after I saw the score and Mitchell gone 
:(Gotta stop watching :(""",41.4,4,4.0,"Haris Rauf to Phillips, FOUR runs  .A gift served on a plate and he says thank you very much! On a length and straying on  .the pads, he tickles it down to fine leg boundary. Makes full use of the errant delivery,  .adds four more to the total",Haris Rauf,Phillips,4.0,1,0,1,1,4.0,0,,1
"41.5 
• 
Haris Rauf to Phillips, no run 
Good length, leg-sidish again, he clouts it down to midwicket inside the 30 yard circle",41.5,0,0.0,"Haris Rauf to Phillips, no run  .Good length, leg-sidish again, he clouts it down to midwicket inside the 30 yard circle",Haris Rauf,Phillips,0.0,0,0,1,1,0.0,0,,0
"41.6 
4 
Haris Rauf to Phillips, FOUR runs 
Overpitched delivery and wide of off, the throws his hand at it and absolutely slaughters 
this past extra cover for a boundary. Lovely balance and looked pretty organised while 
smashing it down the floor 
end of over 428 runs • 1 wicket 
NZ: 326/4CRR: 7.76  
Glenn Phillips8 (5b 2x4) 
Mark Chapman30 (18b 6x4) 
Haris Rauf 8-0-67-1 
Hasan Ali 9-0-71-1",41.6,4,4.0,"Haris Rauf to Phillips, FOUR runs  .Overpitched delivery and wide of off, the throws his hand at it and absolutely slaughters  .this past extra cover for a boundary. Lovely balance and looked pretty organised while  .smashing it down the floor",Haris Rauf,Phillips,4.0,1,0,1,1,4.0,0,,1
"42.1 
4 
Hasan Ali to Chapman, FOUR runs 
Strays in his line and gets the treatment! Round the wicket, slower delivery on a length 
and drifting down pads, he helps it on its way to deep fine leg boundary, Shaheen gives 
up the chase, Iftikhar in the deep puts in the slide but can't keep the ball inside the rope",42.1,4,4.0,"Hasan Ali to Chapman, FOUR runs  .Strays in his line and gets the treatment! Round the wicket, slower delivery on a length  .and drifting down pads, he helps it on its way to deep fine leg boundary, Shaheen gives  .up the chase, Iftikhar in the deep puts in the slide but can't keep the ball inside the rope",Hasan Ali,Chapman,4.0,1,0,1,1,4.0,0,,1
"42.2 
1 
Hasan Ali to Chapman, 1 run 
Good length and slanting into the pads, lofts it over mid-on and dashes across to the 
other end",42.2,1,1.0,"Hasan Ali to Chapman, 1 run  .Good length and slanting into the pads, lofts it over mid-on and dashes across to the  .other end",Hasan Ali,Chapman,1.0,0,0,1,1,1.0,0,,1
"42.3 
1 
Hasan Ali to Phillips, 1 run 
Over the wicket, length ball on middle and off, transfers his weight to the off side and 
then uncoils an under-controlled on drive to long on",42.3,1,1.0,"Hasan Ali to Phillips, 1 run  .Over the wicket, length ball on middle and off, transfers his weight to the off side and  .then uncoils an under-controlled on drive to long on",Hasan Ali,Phillips,1.0,0,0,1,1,1.0,0,,1
"42.4 
1 
Hasan Ali to Chapman, 1 run 
Short ball angling into the body, he swivels, rotates his body and pulls it down to deep 
backward square, doesn't get hold of it properly",42.4,1,1.0,"Hasan Ali to Chapman, 1 run  .Short ball angling into the body, he swivels, rotates his body and pulls it down to deep  .backward square, doesn't get hold of it properly",Hasan Ali,Chapman,1.0,0,0,1,1,1.0,0,,1
"42.5 
3 
Hasan Ali to Phillips, 3 runs 
Fraction short and sliding onto the pads, flapped away to deep midwicket, fumble by 
Saud allows them to run back for the second run",42.5,3,3.0,"Hasan Ali to Phillips, 3 runs  .Fraction short and sliding onto the pads, flapped away to deep midwicket, fumble by  .Saud allows them to run back for the second run",Hasan Ali,Phillips,3.0,0,0,1,1,3.0,0,,1
"42.6 
1 
Hasan Ali to Chapman, 1 run 
Round the wicket, back of a length, lands on off and en route to middle, lunges forward 
and drags it all along the floor to deep midwicket, fielder came sprinting in from deep 
and keeps them down to one 
end of over 4311 runs  
NZ: 337/4CRR: 7.83  
Mark Chapman37 (22b 7x4) 
Glenn Phillips12 (7b 2x4) 
Hasan Ali 10-0-82-1 
Haris Rauf 8-0-67-1",42.6,1,1.0,"Hasan Ali to Chapman, 1 run  .Round the wicket, back of a length, lands on off and en route to middle, lunges forward  .and drags it all along the floor to deep midwicket, fielder came sprinting in from deep  .and keeps them down to one",Hasan Ali,Chapman,1.0,0,0,1,1,1.0,0,,1
"43.1 
1w 
Haris Rauf to Chapman, 1 wide 
Scurries in and lands it on a length way outside leg stump, he leaves it alone for the 
keeper to collect. Wide signalled 
Hanzala: ""Even if this team Pakistan somehow makes it to the semis they're getting 
knocked out in their SF this team isn't capable of challenging anyone of the top 3 atleast 
for the moment.""",43.1,1w,1.0,"Haris Rauf to Chapman, 1 wide  .Scurries in and lands it on a length way outside leg stump, he leaves it alone for the  .keeper to collect. Wide signalled",Haris Rauf,Chapman,0.0,0,0,0,0,1.0,0,,1
"43.1 
1 
Haris Rauf to Chapman, 1 run 
Round the wicket, short and angling into the pads, deflected into the acres of empty 
spaces at deep midwicket",43.1,1,1.0,"Haris Rauf to Chapman, 1 run  .Round the wicket, short and angling into the pads, deflected into the acres of empty  .spaces at deep midwicket",Haris Rauf,Chapman,1.0,0,0,1,1,1.0,0,,1
"43.2 
1 
Haris Rauf to Phillips, 1 run 
Over the wicket, short ball thumped into the deck, rises to his armpit as he hauls it away 
to deep fine leg, a touch late in playing that shot but still gets a run",43.2,1,1.0,"Haris Rauf to Phillips, 1 run  .Over the wicket, short ball thumped into the deck, rises to his armpit as he hauls it away  .to deep fine leg, a touch late in playing that shot but still gets a run",Haris Rauf,Phillips,1.0,0,0,1,1,1.0,0,,1
"43.3 
1lb 
Haris Rauf to Chapman, 1 leg bye 
Good length, scudding through the surface and smashing into his pads, beating his flick 
and the ball goes fluttering away into the covers; they sneak a bye",43.3,1lb,1.0,"Haris Rauf to Chapman, 1 leg bye  .Good length, scudding through the surface and smashing into his pads, beating his flick  .and the ball goes fluttering away into the covers; they sneak a bye",Haris Rauf,Chapman,0.0,0,0,1,1,0.0,0,,0
"43.4 
• 
Haris Rauf to Phillips, no run 
Good length, aiming for the stumps, he pushes it to midwicket",43.4,0,0.0,"Haris Rauf to Phillips, no run  .Good length, aiming for the stumps, he pushes it to midwicket",Haris Rauf,Phillips,0.0,0,0,1,1,0.0,0,,0
"43.5 
1 
Haris Rauf to Phillips, 1 run 
Over the wicket, short of a length, on off, opens the face, guides this to cover-point off 
the backfoot",43.5,1,1.0,"Haris Rauf to Phillips, 1 run  .Over the wicket, short of a length, on off, opens the face, guides this to cover-point off  .the backfoot",Haris Rauf,Phillips,1.0,0,0,1,1,1.0,0,,1
"43.6 
1 
Haris Rauf to Chapman, 1 run 
Round the wicket, searching for the yorker, ends up with a low full toss at a searing 
pace, mistimes it to long-off 
Hanzala: ""Even if this team Pakistan somehow makes it to the semis they're getting 
knocked out in their SF this team isn't capable of challenging anyone of the top 3 atleast 
for the moment."" 
end of over 446 runs  
NZ: 343/4CRR: 7.79  
Mark Chapman39 (25b 7x4) 
Glenn Phillips14 (10b 2x4) 
Haris Rauf 9-0-72-1 
Hasan Ali 10-0-82-1 
 
NZ in death overs (in World Cup 2023) 
INNS 
6 
WKTS 
17 
RR 
8.42 
AVE 
23.29",43.6,1,1.0,"Haris Rauf to Chapman, 1 run  .Round the wicket, searching for the yorker, ends up with a low full toss at a searing  .pace, mistimes it to long-off",Haris Rauf,Chapman,1.0,0,0,1,1,1.0,0,,1
"44.1 
1lb 
Mohammad Wasim to Chapman, 1 leg bye 
Appealing for an lbw, pitched outside leg, slightly short and held its line on leg stump, 
deflects away off the pads into the covers",44.1,1lb,1.0,"Mohammad Wasim to Chapman, 1 leg bye  .Appealing for an lbw, pitched outside leg, slightly short and held its line on leg stump,  .deflects away off the pads into the covers",Mohammad Wasim,Chapman,0.0,0,0,1,1,0.0,0,,0
"44.2 
1 
Mohammad Wasim to Phillips, 1 run 
On a length, angling in and straightening down the line off, firmly punched to cover",44.2,1,1.0,"Mohammad Wasim to Phillips, 1 run  .On a length, angling in and straightening down the line off, firmly punched to cover",Mohammad Wasim,Phillips,1.0,0,0,1,1,1.0,0,,1
"44.3 
W 
Mohammad Wasim to Chapman, OUT 
Pings the top of off and what a sight for the bowler to see bails flying away! Goes full 
and gets it to reverse a touch, it's a pinpoint accurate delivery, rips away as Chapman 
throws the kitchen sink at it, trying to clobber it across the line over midwicket and got it 
wrong. Wasim. Jnr wheels away in jubilation! That's a great breakthrough because he is 
a dangerous customer 
Mark Chapman b Mohammad Wasim 39 (27b 7x4 0x6 42m) SR: 144.44 
See all photos",44.3,W,0.0,"Mohammad Wasim to Chapman, OUT  .Pings the top of off and what a sight for the bowler to see bails flying away! Goes full  .and gets it to reverse a touch, it's a pinpoint accurate delivery, rips away as Chapman  .throws the kitchen sink at it, trying to clobber it across the line over midwicket and got it  .wrong. Wasim. Jnr wheels away in jubilation! That's a great breakthrough because he is  .a dangerous customer  .Mark Chapman b Mohammad Wasim 39 (27b 7x4 0x6 42m) SR: 144.44",Mohammad Wasim,Chapman,0.0,0,0,1,1,0.0,1,b Mohammad Wasim,0
"44.4 
1 
Mohammad Wasim to Santner, 1 run 
Aborts his lbw! Fraction short, skiddy and looks like he got an inside edge as the ball 
rolls over to third man",44.4,1,1.0,"Mohammad Wasim to Santner, 1 run  .Aborts his lbw! Fraction short, skiddy and looks like he got an inside edge as the ball  .rolls over to third man",Mohammad Wasim,Santner,1.0,0,0,1,1,1.0,0,,1
"44.5 
1 
Mohammad Wasim to Phillips, 1 run 
Short of a length, a hint of away seam movement outside off, he opens his arms and 
slaps it to sweeper cover",44.5,1,1.0,"Mohammad Wasim to Phillips, 1 run  .Short of a length, a hint of away seam movement outside off, he opens his arms and  .slaps it to sweeper cover",Mohammad Wasim,Phillips,1.0,0,0,1,1,1.0,0,,1
"44.6 
• 
Mohammad Wasim to Santner, no run 
Quicker length ball angling into the pads, nudged to midwicket and it brings an end to a 
wily over 
end of over 454 runs • 1 wicket 
NZ: 347/5CRR: 7.71  
Mitchell Santner1 (2b) 
Glenn Phillips16 (12b 2x4) 
Mohammad Wasim 8-0-41-2 
Haris Rauf 9-0-72-1",44.6,0,0.0,"Mohammad Wasim to Santner, no run  .Quicker length ball angling into the pads, nudged to midwicket and it brings an end to a  .wily over",Mohammad Wasim,Santner,0.0,0,0,1,1,0.0,0,,0
"45.1 
6 
Haris Rauf to Phillips, SIX runs 
Slllllugged! Munched down the ground over long on and it goes all the way for six to 
cause delirium in the stands! Starts the over with a huge 6 
Syed: ""It's going to be a Babar Azam's master class today. Take a screenshot, thank me 
later. """,45.1,6,6.0,"Haris Rauf to Phillips, SIX runs  .Slllllugged! Munched down the ground over long on and it goes all the way for six to  .cause delirium in the stands! Starts the over with a huge 6",Haris Rauf,Phillips,6.0,0,1,1,1,6.0,0,,1
"45.2 
1 
Haris Rauf to Phillips, 1 run 
Slower and shorter, slanting across off, waits on the backfoot and then forces it away 
into the covers for a run",45.2,1,1.0,"Haris Rauf to Phillips, 1 run  .Slower and shorter, slanting across off, waits on the backfoot and then forces it away  .into the covers for a run",Haris Rauf,Phillips,1.0,0,0,1,1,1.0,0,,1
"45.3 
1 
Haris Rauf to Santner, 1 run 
Round the wicket, slightly short of a good length and zinging it in from outside off, 
clipped off the pads to square of midwicket, pinches a run and wanted the second but 
sent back and he makes his ground just in time at the non-striker's end",45.3,1,1.0,"Haris Rauf to Santner, 1 run  .Round the wicket, slightly short of a good length and zinging it in from outside off,  .clipped off the pads to square of midwicket, pinches a run and wanted the second but  .sent back and he makes his ground just in time at the non-striker's end",Haris Rauf,Santner,1.0,0,0,1,1,1.0,0,,1
"45.4 
4 
Haris Rauf to Phillips, FOUR runs 
Looking for the yokrer but ends up offering a juicy half-volley on 150 clicks, he opens 
the blade and batters it past mid-off for a boundary. Head-spinning batting continues!",45.4,4,4.0,"Haris Rauf to Phillips, FOUR runs  .Looking for the yokrer but ends up offering a juicy half-volley on 150 clicks, he opens  .the blade and batters it past mid-off for a boundary. Head-spinning batting continues!",Haris Rauf,Phillips,4.0,1,0,1,1,4.0,0,,1
"45.5 
1 
Haris Rauf to Phillips, 1 run 
Short of a length outside off, smears it towards extra cover for a run",45.5,1,1.0,"Haris Rauf to Phillips, 1 run  .Short of a length outside off, smears it towards extra cover for a run",Haris Rauf,Phillips,1.0,0,0,1,1,1.0,0,,1
"45.6 
• 
Haris Rauf to Santner, no run 
Oh, that's a brute of a delivery! Back of a length on a lovely line outside off, squared him 
and ball goes whizzing past the groping outside edge 
end of over 4613 runs  
NZ: 360/5CRR: 7.82  
Mitchell Santner2 (4b) 
Glenn Phillips28 (16b 3x4 1x6) 
Haris Rauf 10-0-85-1 
Mohammad Wasim 8-0-41-2",45.6,0,0.0,"Haris Rauf to Santner, no run  .Oh, that's a brute of a delivery! Back of a length on a lovely line outside off, squared him  .and ball goes whizzing past the groping outside edge",Haris Rauf,Santner,0.0,0,0,1,1,0.0,0,,0
"46.1 
1 
Mohammad Wasim to Phillips, 1 run 
Dragged short and wide, slammed on the rise in front of point, man in the deep does the 
mopping",46.1,1,1.0,"Mohammad Wasim to Phillips, 1 run  .Dragged short and wide, slammed on the rise in front of point, man in the deep does the  .mopping",Mohammad Wasim,Phillips,1.0,0,0,1,1,1.0,0,,1
"46.2 
1 
Mohammad Wasim to Santner, 1 run 
Over the wicket, rams the yorker right in the blockhole and it's shaping away a touch on 
off, dug out to extra cover who makes a tumbling stop",46.2,1,1.0,"Mohammad Wasim to Santner, 1 run  .Over the wicket, rams the yorker right in the blockhole and it's shaping away a touch on  .off, dug out to extra cover who makes a tumbling stop",Mohammad Wasim,Santner,1.0,0,0,1,1,1.0,0,,1
"46.3 
1 
Mohammad Wasim to Phillips, 1 run 
Thumped hard into the deck on a shortish length on a tight off stump line, holds his 
stance and mousses it along the ground in the real estate at deep midwicket",46.3,1,1.0,"Mohammad Wasim to Phillips, 1 run  .Thumped hard into the deck on a shortish length on a tight off stump line, holds his  .stance and mousses it along the ground in the real estate at deep midwicket",Mohammad Wasim,Phillips,1.0,0,0,1,1,1.0,0,,1
"46.4 
2 
Mohammad Wasim to Santner, 2 runs 
Shortish on middle and leg, nuanced flick past midwicket and they add two more giddy 
sprinting runs 
 
Mohammad Wasim in death overs (in ODIs) 
BALLS 
168 
WKTS 
10 
4s/6s 
15/2 
ECON 
5.82 
AVE 
16.30",46.4,2,2.0,"Mohammad Wasim to Santner, 2 runs  .Shortish on middle and leg, nuanced flick past midwicket and they add two more giddy  .sprinting runs  .  .Mohammad Wasim in death overs (in ODIs)  .BALLS  .168  .WKTS  .10  .4s/6s  .15/2  .ECON  .5.82  .AVE  .16.30",Mohammad Wasim,Santner,2.0,0,0,1,1,2.0,0,,1
"46.5 
1 
Mohammad Wasim to Santner, 1 run 
Good length, shaping away outside off and not offering much pace to work with, 
muscles it down the ground towards mid-off, not timed well",46.5,1,1.0,"Mohammad Wasim to Santner, 1 run  .Good length, shaping away outside off and not offering much pace to work with,  .muscles it down the ground towards mid-off, not timed well",Mohammad Wasim,Santner,1.0,0,0,1,1,1.0,0,,1
"46.6 
• 
Mohammad Wasim to Phillips, no run 
Over the wicket, bowls a beauty on a shortish length and it misses hitting the off stump 
by a whisker as he went for a full-blooded cut off the backfoot, Wasim squeals in 
curtailed exultation 
end of over 476 runs  
NZ: 366/5CRR: 7.78  
Glenn Phillips30 (19b 3x4 1x6) 
Mitchell Santner6 (7b) 
Mohammad Wasim 9-0-47-2 
Haris Rauf 10-0-85-1",46.6,0,0.0,"Mohammad Wasim to Phillips, no run  .Over the wicket, bowls a beauty on a shortish length and it misses hitting the off stump  .by a whisker as he went for a full-blooded cut off the backfoot, Wasim squeals in  .curtailed exultation",Mohammad Wasim,Phillips,0.0,0,0,1,1,0.0,0,,0
"47.1 
1 
Shaheen Shah Afridi to Santner, 1 run 
Over the wicket, shorter and angling in as he shimmies down leg, he pummels it aerially 
to extra cover who dives full-stretch to his right but can't cling on, Agha with a spirited 
effort but it pops out of his hands, tough chance 
Kamran: ""Iftikhar has been the most economical bowler and he hasn't bowled his 10. 
Should have been used to the fullest. Babar probably has no clue."" 
Sami: ""Syed daydreaming"" 
Kannan: ""10 of the top 11 highest totals in this world cup are scores by the top 4 table 
toppers. That explains their domination.""",47.1,1,1.0,"Shaheen Shah Afridi to Santner, 1 run  .Over the wicket, shorter and angling in as he shimmies down leg, he pummels it aerially  .to extra cover who dives full-stretch to his right but can't cling on, Agha with a spirited  .effort but it pops out of his hands, tough chance",Shaheen Shah Afridi,Santner,1.0,0,0,1,1,1.0,0,,1
"47.2 
1w 
Shaheen Shah Afridi to Phillips, 1 wide 
Fuller length but outside the tramline on leg; he will have to reload this delivery",47.2,1w,1.0,"Shaheen Shah Afridi to Phillips, 1 wide  .Fuller length but outside the tramline on leg; he will have to reload this delivery",Shaheen Shah Afridi,Phillips,0.0,0,0,0,0,1.0,0,,1
"47.2 
• 
Shaheen Shah Afridi to Phillips, no run 
Flips it on a shorter length with pace off and aiming for the midriff, he mistimes the pull 
and cops up a nasty blow while trying for a pull",47.2,0,0.0,"Shaheen Shah Afridi to Phillips, no run  .Flips it on a shorter length with pace off and aiming for the midriff, he mistimes the pull  .and cops up a nasty blow while trying for a pull",Shaheen Shah Afridi,Phillips,0.0,0,0,1,1,0.0,0,,0
"47.3 
1 
Shaheen Shah Afridi to Phillips, 1 run 
Ready to go again. Slower one a shortish length on leg stump line, gets down low to it 
and scoops it to long leg",47.3,1,1.0,"Shaheen Shah Afridi to Phillips, 1 run  .Ready to go again. Slower one a shortish length on leg stump line, gets down low to it  .and scoops it to long leg",Shaheen Shah Afridi,Phillips,1.0,0,0,1,1,1.0,0,,1
"47.4 
• 
Shaheen Shah Afridi to Santner, no run 
Good length, came in from outside off, checks his shot back to the bowler who 
threatens to throw at the stumps",47.4,0,0.0,"Shaheen Shah Afridi to Santner, no run  .Good length, came in from outside off, checks his shot back to the bowler who  .threatens to throw at the stumps",Shaheen Shah Afridi,Santner,0.0,0,0,1,1,0.0,0,,0
"47.5 
1 
Shaheen Shah Afridi to Santner, 1 run 
Fraction short on middle, swivels and clubs it away to deep midwicket region",47.5,1,1.0,"Shaheen Shah Afridi to Santner, 1 run  .Fraction short on middle, swivels and clubs it away to deep midwicket region",Shaheen Shah Afridi,Santner,1.0,0,0,1,1,1.0,0,,1
"47.6 
6 
Shaheen Shah Afridi to Phillips, SIX runs 
Flogs him for a six down the ground! Doesn't get the yorker right and gets punished. He 
spotted the length early, got right behind it, loaded up and swung it with vigour just over 
the rope over long-on. Loose delivery and duly dispatched!  
end of over 4810 runs  
NZ: 376/5CRR: 7.83  
Glenn Phillips37 (22b 3x4 2x6) 
Mitchell Santner8 (10b) 
Shaheen Shah Afridi 9-0-78-0 
Mohammad Wasim 9-0-47-2",47.6,6,6.0,"Shaheen Shah Afridi to Phillips, SIX runs  .Flogs him for a six down the ground! Doesn't get the yorker right and gets punished. He  .spotted the length early, got right behind it, loaded up and swung it with vigour just over  .the rope over long-on. Loose delivery and duly dispatched!",Shaheen Shah Afridi,Phillips,6.0,0,1,1,1,6.0,0,,1
"48.1 
6 
Mohammad Wasim to Santner, SIX runs 
Clobbers Wasim over long-off for a six, it was in the slot and he doesn't miss out. 
Sensational batting continues. He got a stable base and then hoicked it down the 
ground",48.1,6,6.0,"Mohammad Wasim to Santner, SIX runs  .Clobbers Wasim over long-off for a six, it was in the slot and he doesn't miss out.  .Sensational batting continues. He got a stable base and then hoicked it down the  .ground",Mohammad Wasim,Santner,6.0,0,1,1,1,6.0,0,,1
"48.2 
1 
Mohammad Wasim to Santner, 1 run 
Tries to get under this shortish delivery, ends up tucking it away to long on",48.2,1,1.0,"Mohammad Wasim to Santner, 1 run  .Tries to get under this shortish delivery, ends up tucking it away to long on",Mohammad Wasim,Santner,1.0,0,0,1,1,1.0,0,,1
"48.3 
4 
Mohammad Wasim to Phillips, FOUR runs 
Pounded hard over extra cover for a four! Fraction short and wide, he whacks it with 
disdain and says fetch that! Wasim looks crestfallen",48.3,4,4.0,"Mohammad Wasim to Phillips, FOUR runs  .Pounded hard over extra cover for a four! Fraction short and wide, he whacks it with  .disdain and says fetch that! Wasim looks crestfallen",Mohammad Wasim,Phillips,4.0,1,0,1,1,4.0,0,,1
"48.4 
• 
Mohammad Wasim to Phillips, no run 
Cleverly bowled! Back of a length and screaming away outside off, can't lay bat on it",48.4,0,0.0,"Mohammad Wasim to Phillips, no run  .Cleverly bowled! Back of a length and screaming away outside off, can't lay bat on it",Mohammad Wasim,Phillips,0.0,0,0,1,1,0.0,0,,0
"48.5 
1w 
Mohammad Wasim to Phillips, 1 wide 
Shortish and wide of off, goes swirling away outside the tramline on off",48.5,1w,1.0,"Mohammad Wasim to Phillips, 1 wide  .Shortish and wide of off, goes swirling away outside the tramline on off",Mohammad Wasim,Phillips,0.0,0,0,0,0,1.0,0,,1
"48.5 
W 
Mohammad Wasim to Phillips, OUT 
Gottim with a beauty! Wrecked the stumps with a fast and furious yorker that hits him 
on pads and deflects away to stumps. That was a brilliant inswinging yorker 
Glenn Phillips b Mohammad Wasim 41 (25b 4x4 2x6 40m) SR: 164",48.5,W,0.0,"Mohammad Wasim to Phillips, OUT  .Gottim with a beauty! Wrecked the stumps with a fast and furious yorker that hits him  .on pads and deflects away to stumps. That was a brilliant inswinging yorker  .Glenn Phillips b Mohammad Wasim 41 (25b 4x4 2x6 40m) SR: 164",Mohammad Wasim,Phillips,0.0,0,0,1,1,0.0,1,b Mohammad Wasim,0
"48.6 
1 
Mohammad Wasim to Latham, 1 run 
Flings it on a shorter length and angling across middle, manoeuvres it away to square 
leg. Finishes a fine spell 
end of over 4913 runs • 1 wicket 
NZ: 389/6CRR: 7.93  
Tom Latham1 (1b) 
Mitchell Santner15 (12b 1x6) 
Mohammad Wasim 10-0-60-3 
Shaheen Shah Afridi 9-0-78-0",48.6,1,1.0,"Mohammad Wasim to Latham, 1 run  .Flings it on a shorter length and angling across middle, manoeuvres it away to square  .leg. Finishes a fine spell",Mohammad Wasim,Latham,1.0,0,0,1,1,1.0,0,,1
"49.1 
1 
Shaheen Shah Afridi to Latham, 1 run 
Yorker dipping in, shimmies across and goes for the scoop, couldn't quite it execute it 
that well, goes trickling away past short fine",49.1,1,1.0,"Shaheen Shah Afridi to Latham, 1 run  .Yorker dipping in, shimmies across and goes for the scoop, couldn't quite it execute it  .that well, goes trickling away past short fine",Shaheen Shah Afridi,Latham,1.0,0,0,1,1,1.0,0,,1
"49.2 
• 
Shaheen Shah Afridi to Santner, no run 
Fuller length outside off, went hard at it and gets a thick outside edge and the ball lands 
short of Rizwan",49.2,0,0.0,"Shaheen Shah Afridi to Santner, no run  .Fuller length outside off, went hard at it and gets a thick outside edge and the ball lands  .short of Rizwan",Shaheen Shah Afridi,Santner,0.0,0,0,1,1,0.0,0,,0
"49.3 
2 
Shaheen Shah Afridi to Santner, 2 runs 
Should be out but it isn't! A bit short and a shade outside off, miscues the skier and 
Hasan Ali was standing too deep, came charging in but the ball swooped like a falling 
star and he cannot get underneath it",49.3,2,2.0,"Shaheen Shah Afridi to Santner, 2 runs  .Should be out but it isn't! A bit short and a shade outside off, miscues the skier and  .Hasan Ali was standing too deep, came charging in but the ball swooped like a falling  .star and he cannot get underneath it",Shaheen Shah Afridi,Santner,2.0,0,0,1,1,2.0,0,,1
"49.4 
6 
Shaheen Shah Afridi to Santner, SIX runs 
Flexes his biceps and hammers it up and over cover for a maximum. It's raining 
boundaries",49.4,6,6.0,"Shaheen Shah Afridi to Santner, SIX runs  .Flexes his biceps and hammers it up and over cover for a maximum. It's raining  .boundaries",Shaheen Shah Afridi,Santner,6.0,0,1,1,1,6.0,0,,1
"49.5 
2 
Shaheen Shah Afridi to Santner, 2 runs 
Tucked to midwicket and they hustle and bustle for a couple",49.5,2,2.0,"Shaheen Shah Afridi to Santner, 2 runs  .Tucked to midwicket and they hustle and bustle for a couple",Shaheen Shah Afridi,Santner,2.0,0,0,1,1,2.0,0,,1
"49.6 
1 
Shaheen Shah Afridi to Santner, 1 run 
Short of a length and angling in, cramping for room, pressed down to mid-off and 
scurries through a run 
nitin: ""NZ bowling looks wafer-thin with so many injuries......Pakistan has chance if they 
don't loose wickets upfront."" 
Ali: ""The stage is set for Babar to show his class and batting calibre. 
2.55pm: There's a thin drizzle, but the sun is also out at the same time. Covers are not 
on 
New Zealand now doesn't need to strive too much for a win; they need to bowl with 
discipline to cap off another victory. Pakistan will have to bat out of their skins to stay 
alive in this contest and the World Cup! Do join us in a bit for the run-chase. 
In the last 20 overs, New Zealand scored at a rate of over 9 runs per over, while Pakistan 
appeared out of sorts, unable to find wickets and create pressure. Runs came at ease 
throughout the innings especially when Ravindra and Williamson went into overdrive; 
the duo gorged and feasted on runs and didn't stop until it drip down their chins. 
Bowlers like Haris Rauf and Shaheen Afridi failed to live up to their credo, often gifting 
looseners and bowling way too many freebies, as the wicket column remained dry. 
New Zealand have set a mammoth target of 402 runs for Pakistan! They completely 
annihilated Pakistan's bowling attack today and went all guns blazing right from the 
beginning. The 180-run stand between Rachin Ravindra and Kane Williamson laid the 
foundation for this imposing total. Mitchell, Chapman, Phillips, and Santner all 
contributed and maintained the intensity throughout. Apart from Wasim Jnr. and 
Iftikhar, everyone conceded more than 8 runs per over, and they struggled to counter the 
onslaught. 
end of over 5012 runs  
NZ: 401/6CRR: 8.02  
Mitchell Santner26 (17b 2x6) 
Tom Latham2 (2b) 
Shaheen Shah Afridi 10-0-90-0 
Mohammad Wasim 10-0-60-3 
Sponsored Headlines 
 
Nahid Rana pulls out of Bangladesh's tour of Pakistan | ESPNcricinfoDiscover 
 
IPL 2025 - Tim Seifert named as Jacob Bethell's temporary replacement at RCB | 
ESPNcricinfoDiscover 
 
SmartAsset |  
Sponsored by TaboolaSponsored by Taboola 
Learn More 
5 Strategies to Potentially Reduce RMD Taxes After Age 73Read MoreSkip 
 
Abhimanyu Easwaran to lead India A against England A, Karun Nair also named in 
squad | ESPNcricinfoDiscover 
 
IPL 2025 - Suryakumar and Boult move to No. 3 on Orange and Purple Cap lists | 
ESPNcricinfoDiscover 
 
War is not over, enemy has not been defeatedThere is no long term “peace” agreement 
with either Hezbollah or Hamas until all hostages are returnedIFCJ | The Fellowship |  
SponsoredSponsored 
Donate Now 
Undo 
 
The Business Sneaker Loved by CEOs and NFL StarsPremium full-grain leather and 
marathon running shoe technology providing first class comfort all day long. Loved and 
worn by NFL athletes and coaches. Shoes much more comfortable than traditional 
dress shoes.Wolf & Shepherd |  
SponsoredSponsored 
Shop Now 
Undo 
 
Shoe CEO Drops Business Sneakers Taking The NFL By Storm Finally, A Comfortable 
Shoe Thats Fit For The Office. With Comfort, Luxury, & Versatility Engineered Into Every 
Step, Wolf & Shepherd Shoes Are Specifically Designed For Those Who Want To Lead 
The Pack.Wolf & Shepherd |  
SponsoredSponsored 
Shop Now 
Undo 
 
Stop Search Trackers NowStop search engines from tracking your every search with 
Startpage.Startpage |  
SponsoredSponsored 
Install Now 
Undo 
 
Your Best Life Starts TodayBoost energy, mood, libido, and lean muscle with our 
powerful TRT Gel. Feel the difference, track your progress, and maximize your results 
with ease. Prescription products require an online consultation with a doctor. Results 
may vary.Maximus |  
SponsoredSponsored 
Learn More 
Undo 
 
Ask a Pro: ""How Long Does $1.5M Last in Retirement?""Get a Complimentary Intro Call 
With a Wealth AdvisorSmartAsset |  
SponsoredSponsored 
Click Here 
Undo 
 
Invest at $2.80/Share While You CanThe Chance to Make the Most of a $1.3T 
Opportunity Ends Soon. Learn How to Take Advantage Here.Pacaso |  
SponsoredSponsored 
Learn More 
Undo 
 
Cinnamon: The Greatest Enemy of Blood SugarMagazine Glyco |  
SponsoredSponsored 
Learn More 
Undo 
 
Amazon Is Losing Money as Arizona Shoppers Are Canceling Prime for This Clever 
HackThis simple trick can save tons of money on Amazon, but most Prime members 
are ignoring it.Online Shopping Tools |  
SponsoredSponsored 
Undo 
 
Tech company wants to buy all junk cars across the countryThis company buying every 
old car they can find and picking them up for free. Payment on the spot. Get an instant 
offer in minutes.Peddle |  
SponsoredSponsored 
Get Offer 
Undo 
 
Strapped for cash? We give bling-bling offers for ho-hum cars.Get a spiffy offer in 
minutes - with free pick-up and payment on the spot. Peddle |  
SponsoredSponsored 
Get Offer 
Undo 
 
U.S. Cardiologist Warns Aging Seniors About Blueberries For BreakfastHeart doctor 
urges aging seniors to be carefulGundry MD |  
SponsoredSponsored 
Learn More 
Undo 
Language 
English 
Match Coverage 
All Match News 
 
Was New Zealand's 401 vs Pakistan the highest total in a 
World Cup defeat? 
And was Sri Lanka's top five managing only two runs against India also a record? 
 
 
 
Babar: As long as Fakhar was there, we could have 
chased 450 
""Of all the wickets we've played on this World Cup, this one was the best,"" Fakhar said  
 
 
 
What do New Zealand and Pakistan need to do to qualify 
for the semi-finals? 
Four teams can finish on 12 or more points - what are their respective chances looking 
like? 
 
 
 
The sweet sound of Fakhar's sixes makes unreal real 
It's the sound of the modern batting that turns despair into dreams, as it did against 
New Zealand at the Chinnaswamy 
 
 
 
Fakhar on his fantastic comeback: 'I did not rest' 
Opener reveals his improved game against offspin bowling following his match-winning 
ton in Bengaluru 
 
 
 
Instant answers to T20 questions 
What is the lowest team total in the IPL? 
Which batter has hit the most sixes in an innings in the IPL? 
Which team has scored the most runs in death overs in an IPL match? 
Ask a question 
Videos 
All Match Videos 
 
 
2:13 
Fakhar - 'We stopped New Zealand 30-40 runs short' 
 
 
 
2:11 
Fakhar dedicates match-winning century to fielding 
coach 
 
 
 
1:47 
Mumtaz on Fakhar's knock: 'Pakistan's dreams and hopes 
alive due to one man' 
 
Pakistan Innings 
Player Name 
R 
B 
Abdullah 
Shafique caught 
4 
9 
Fakhar 
Zaman 
not out 
126 81 
Babar 
Azam 
not out 
66 
63 
Extras 
(lb 1, w 3) 
Total 
200(1 wkt;",49.6,1,1.0,"Shaheen Shah Afridi to Santner, 1 run  .Short of a length and angling in, cramping for room, pressed down to mid-off and  .scurries through a run",Shaheen Shah Afridi,Santner,1.0,0,0,1,1,1.0,0,,1
