raw_data,overs,runs,team_runs,commentary,bowler,batsman,batsman_runs,batsman_fours,batsman_sixes,batsman_bowls_faced,bowler_bowls_done,bowler_runs_given,bowler_wickets,dismissal,runs_given_bool
"0.1 
2 
Henry to Rohit Sharma, 2 runs 
Inside-edge to get things underway, but Rohit Sharma is away. Back of a length ball 
holding its line around off stump. He pushes at it and gets thick inside-edge past his 
stumps towards deep fine leg",0.1,2,2.0,"Henry to Rohit Sharma, 2 runs  .Inside-edge to get things underway, but Rohit Sharma is away. Back of a length ball  .holding its line around off stump. He pushes at it and gets thick inside-edge past his  .stumps towards deep fine leg",Henry,Rohit Sharma,2.0,0,0,1,1,2.0,0,,1
"0.2 
• 
Henry to Rohit Sharma, no run 
Good length ball around off stump. Rohit gets on top of the bounce and defends",0.2,0,0.0,"Henry to Rohit Sharma, no run  .Good length ball around off stump. Rohit gets on top of the bounce and defends",Henry,Rohit Sharma,0.0,0,0,1,1,0.0,0,,0
"0.3 
• 
Henry to Rohit Sharma, no run 
Slight bit on nip into Rohit on off and middle. Rohit gets across and he defends",0.3,0,0.0,"Henry to Rohit Sharma, no run  .Slight bit on nip into Rohit on off and middle. Rohit gets across and he defends",Henry,Rohit Sharma,0.0,0,0,1,1,0.0,0,,0
"0.4 
• 
Henry to Rohit Sharma, no run 
Beaten! Lovely bit of away seam movement from Henry off that good length area 
outside off. Rohit pushes at it, without much feet movement and gets beaten",0.4,0,0.0,"Henry to Rohit Sharma, no run  .Beaten! Lovely bit of away seam movement from Henry off that good length area  .outside off. Rohit pushes at it, without much feet movement and gets beaten",Henry,Rohit Sharma,0.0,0,0,1,1,0.0,0,,0
"0.5 
• 
Henry to Rohit Sharma, no run 
Oh, again! Good length ball, was the wobble-seam delivery that lands just outside off 
and nips away late. Rohit is opened up a little as he looks to defend and is beaten",0.5,0,0.0,"Henry to Rohit Sharma, no run  .Oh, again! Good length ball, was the wobble-seam delivery that lands just outside off  .and nips away late. Rohit is opened up a little as he looks to defend and is beaten",Henry,Rohit Sharma,0.0,0,0,1,1,0.0,0,,0
"0.6 
4 
Henry to Rohit Sharma, FOUR runs 
BANG! Not a poor delivery by any stretch of the imagination. Stifle short of a length on 
off, he is camped on the backfoot and pulls this in style through midwicket 
end of over 16 runs  
IND: 6/0CRR: 6.00  
Rohit Sharma6 (6b 1x4) 
Shubman Gill0 (0b) 
Matt Henry 1-0-6-0 
Kyle Jamieson with the new ball from the other end. He is over the wicket with a wide 
slip in place",0.6,4,4.0,"Henry to Rohit Sharma, FOUR runs  .BANG! Not a poor delivery by any stretch of the imagination. Stifle short of a length on  .off, he is camped on the backfoot and pulls this in style through midwicket",Henry,Rohit Sharma,4.0,1,0,1,1,4.0,0,,1
"1.1 
• 
Jamieson to Gill, no run 
Gentle good length ball to start off on off, he gets across and defends 
 
Kyle Jamieson in 1st inns (in ODIs) 
INNS 
9 
WKTS 
7 
ECON 
5.42 
AVE 
55.71",1.1,0,0.0,"Jamieson to Gill, no run  .Gentle good length ball to start off on off, he gets across and defends  .  .Kyle Jamieson in 1st inns (in ODIs)  .INNS  .9  .WKTS  .7  .ECON  .5.42  .AVE  .55.71",Jamieson,Gill,0.0,0,0,1,1,0.0,0,,0
"1.2 
• 
Jamieson to Gill, no run 
Ooh, lots of movement for Jamieson. On a length outside off, and continuing to shape 
away from Gill who goes searching for it with his hands and is beaten",1.2,0,0.0,"Jamieson to Gill, no run  .Ooh, lots of movement for Jamieson. On a length outside off, and continuing to shape  .away from Gill who goes searching for it with his hands and is beaten",Jamieson,Gill,0.0,0,0,1,1,0.0,0,,0
"1.3 
• 
Jamieson to Gill, no run 
Similar length ball outside off with plenty of movement away from Gill, who this time 
shoulders arms",1.3,0,0.0,"Jamieson to Gill, no run  .Similar length ball outside off with plenty of movement away from Gill, who this time  .shoulders arms",Jamieson,Gill,0.0,0,0,1,1,0.0,0,,0
"1.4 
1 
Jamieson to Gill, 1 run 
Goes fuller now on middle, but Gill is up to the task as he presents the full face of the 
bat and pushes past the bowler. Mid-off gives chase and keeps them down to a run 
Similar field for Rohit. Jamieson is over the wicket",1.4,1,1.0,"Jamieson to Gill, 1 run  .Goes fuller now on middle, but Gill is up to the task as he presents the full face of the  .bat and pushes past the bowler. Mid-off gives chase and keeps them down to a run  .Similar field for Rohit. Jamieson is over the wicket",Jamieson,Gill,1.0,0,0,1,1,1.0,0,,1
"1.5 
• 
Jamieson to Rohit Sharma, no run 
Much fuller with a hint of shape away from Rohit outside off. He gets across a touch 
and pushes towards cover",1.5,0,0.0,"Jamieson to Rohit Sharma, no run  .Much fuller with a hint of shape away from Rohit outside off. He gets across a touch  .and pushes towards cover",Jamieson,Rohit Sharma,0.0,0,0,1,1,0.0,0,,0
"1.6 
• 
Jamieson to Rohit Sharma, no run 
On a length seaming away from Rohit but well outside off stump. He shoulders arms. 
Good carry through to the 'keeper 
end of over 21 run  
IND: 7/0CRR: 3.50  
Rohit Sharma6 (8b 1x4) 
Shubman Gill1 (4b) 
Kyle Jamieson 1-0-1-0 
Matt Henry 1-0-6-0",1.6,0,0.0,"Jamieson to Rohit Sharma, no run  .On a length seaming away from Rohit but well outside off stump. He shoulders arms.  .Good carry through to the 'keeper",Jamieson,Rohit Sharma,0.0,0,0,1,1,0.0,0,,0
"2.1 
1 
Henry to Gill, 1 run 
A little edgy but he kept it down. Good length ball outside off, with a hint of away shape. 
Gill pushes at it but with soft hands and even though he got a thick outside edge, it was 
always going down.",2.1,1,1.0,"Henry to Gill, 1 run  .A little edgy but he kept it down. Good length ball outside off, with a hint of away shape.  .Gill pushes at it but with soft hands and even though he got a thick outside edge, it was  .always going down.",Henry,Gill,1.0,0,0,1,1,1.0,0,,1
"2.2 
6 
Henry to Rohit Sharma, SIX runs 
Rohit is away! Back of a length ball on off, Rohit charges down the track, gives himself a 
little bit of room and absolutely hammers the pull over mid-on and eventually over the 
ropes",2.2,6,6.0,"Henry to Rohit Sharma, SIX runs  .Rohit is away! Back of a length ball on off, Rohit charges down the track, gives himself a  .little bit of room and absolutely hammers the pull over mid-on and eventually over the  .ropes",Henry,Rohit Sharma,6.0,0,1,1,1,6.0,0,,1
"2.3 
1 
Henry to Rohit Sharma, 1 run 
On a length on off, Rohit gets a thick outside edge down to deep third",2.3,1,1.0,"Henry to Rohit Sharma, 1 run  .On a length on off, Rohit gets a thick outside edge down to deep third",Henry,Rohit Sharma,1.0,0,0,1,1,1.0,0,,1
"2.4 
• 
Henry to Gill, no run 
Gill looks for a repeat of Rohit's shot, but is unsuccessful. Steps down to the good 
length ball on middle, but the ball seams away late and Gill is beaten all ends up",2.4,0,0.0,"Henry to Gill, no run  .Gill looks for a repeat of Rohit's shot, but is unsuccessful. Steps down to the good  .length ball on middle, but the ball seams away late and Gill is beaten all ends up",Henry,Gill,0.0,0,0,1,1,0.0,0,,0
"2.5 
W 
Henry to Gill, OUT 
Huge appeal for lbw as Gill misses an in-dipper and is caught in front of the stumps. 
The umpire's finger is up in a jiffy. That looks adjacent. Gill has a word with Rohit and 
reviews. Wow, that looks really close. Was a length ball that tailed back into Gill late. He 
plays with a straight bat, misses and is rapped on the pad right in front. At worst, it will 
be umpire's call on leg stump. Nope, replays confirm that the ball would have smashed 
into the top of leg stump. Gill goes and takes a review with him 
Shubman Gill lbw b Henry 2 (7b 0x4 0x6 13m) SR: 28.57 
See all photos 
Virat Kohli, playing his 300th ODI, comes in at No. 3 
 
Matt Henry vs IND in ODIs 
INNS 
11 
WKTS 
17 
ECON 
4.48 
AVE 
24.29",2.5,W,0.0,"Henry to Gill, OUT  .Huge appeal for lbw as Gill misses an in-dipper and is caught in front of the stumps.  .The umpire's finger is up in a jiffy. That looks adjacent. Gill has a word with Rohit and  .reviews. Wow, that looks really close. Was a length ball that tailed back into Gill late. He  .plays with a straight bat, misses and is rapped on the pad right in front. At worst, it will  .be umpire's call on leg stump. Nope, replays confirm that the ball would have smashed  .into the top of leg stump. Gill goes and takes a review with him  .Shubman Gill lbw b Henry 2 (7b 0x4 0x6 13m) SR: 28.57",Henry,Gill,0.0,0,0,1,1,0.0,1,lbw b Henry,0
"2.6 
• 
Henry to Kohli, no run 
On a length just outside off, Kohli defends solidly to mid-off 
end of over 38 runs • 1 wicket 
IND: 15/1CRR: 5.00  
Virat Kohli0 (1b) 
Rohit Sharma13 (10b 1x4 1x6) 
Matt Henry 2-0-14-1 
Kyle Jamieson 1-0-1-0",2.6,0,0.0,"Henry to Kohli, no run  .On a length just outside off, Kohli defends solidly to mid-off",Henry,Kohli,0.0,0,0,1,1,0.0,0,,0
"3.1 
• 
Jamieson to Rohit Sharma, no run 
Beaten! On a length with a hint of shape away from Rohit who feels for it outside off and 
is lucky to not get an edge on that",3.1,0,0.0,"Jamieson to Rohit Sharma, no run  .Beaten! On a length with a hint of shape away from Rohit who feels for it outside off and  .is lucky to not get an edge on that",Jamieson,Rohit Sharma,0.0,0,0,1,1,0.0,0,,0
"3.2 
• 
Jamieson to Rohit Sharma, no run 
Good length ball outside off shaping away from Rohit, who shoulders arms",3.2,0,0.0,"Jamieson to Rohit Sharma, no run  .Good length ball outside off shaping away from Rohit, who shoulders arms",Jamieson,Rohit Sharma,0.0,0,0,1,1,0.0,0,,0
"3.3 
• 
Jamieson to Rohit Sharma, no run 
On a length around off stump, Rohit is right behind it as he defends towards cover 
Bharat: ""Rohit - Kohli together in the middle after what seems like ages. Hope they stitch 
up one of those 150-200 run partnerships from the late 2010s.""",3.3,0,0.0,"Jamieson to Rohit Sharma, no run  .On a length around off stump, Rohit is right behind it as he defends towards cover",Jamieson,Rohit Sharma,0.0,0,0,1,1,0.0,0,,0
"3.4 
• 
Jamieson to Rohit Sharma, no run 
Rising back of a length ball outside off, he stands tall and punches to cover",3.4,0,0.0,"Jamieson to Rohit Sharma, no run  .Rising back of a length ball outside off, he stands tall and punches to cover",Jamieson,Rohit Sharma,0.0,0,0,1,1,0.0,0,,0
"3.5 
2 
Jamieson to Rohit Sharma, 2 runs 
Back of a length ball outside off, he gets up on his toes and guides to the right of deep 
point for a couple of runs",3.5,2,2.0,"Jamieson to Rohit Sharma, 2 runs  .Back of a length ball outside off, he gets up on his toes and guides to the right of deep  .point for a couple of runs",Jamieson,Rohit Sharma,2.0,0,0,1,1,2.0,0,,1
"3.6 
• 
Jamieson to Rohit Sharma, no run 
Fuller in length on middle with a hint of away shape. Rohit drives to cover 
end of over 42 runs  
IND: 17/1CRR: 4.25  
Rohit Sharma15 (16b 1x4 1x6) 
Virat Kohli0 (1b) 
Kyle Jamieson 2-0-3-0 
Matt Henry 2-0-14-1",3.6,0,0.0,"Jamieson to Rohit Sharma, no run  .Fuller in length on middle with a hint of away shape. Rohit drives to cover",Jamieson,Rohit Sharma,0.0,0,0,1,1,0.0,0,,0
"4.1 
• 
Henry to Kohli, no run 
Back of a length ball just around off stump, he works this to square leg",4.1,0,0.0,"Henry to Kohli, no run  .Back of a length ball just around off stump, he works this to square leg",Henry,Kohli,0.0,0,0,1,1,0.0,0,,0
"4.2 
• 
Henry to Kohli, no run 
Good length ball outside off, Kohli stretches forward and jabs at it. Squirts it off the 
inside half of the blade to square leg 
 
Virat Kohli vs NZ in ODIs 
INNS 
32 
RUNS 
1645 
SR 
95.52 
AVE 
58.75",4.2,0,0.0,"Henry to Kohli, no run  .Good length ball outside off, Kohli stretches forward and jabs at it. Squirts it off the  .inside half of the blade to square leg  .  .Virat Kohli vs NZ in ODIs  .INNS  .32  .RUNS  .1645  .SR  .95.52  .AVE  .58.75",Henry,Kohli,0.0,0,0,1,1,0.0,0,,0
"4.3 
4 
Henry to Kohli, FOUR runs 
Aggression early on from Kohli, and he gets off the mark with a four. Fuller outside off 
stump. Kohli, I think was looking to go straight down the ground, instead drags this over 
mid-on. Gets enough bat on it, though",4.3,4,4.0,"Henry to Kohli, FOUR runs  .Aggression early on from Kohli, and he gets off the mark with a four. Fuller outside off  .stump. Kohli, I think was looking to go straight down the ground, instead drags this over  .mid-on. Gets enough bat on it, though",Henry,Kohli,4.0,1,0,1,1,4.0,0,,1
"4.4 
• 
Henry to Kohli, no run 
Good riposte. On a length outside off, he gets across and feels for the delivery and is 
beaten",4.4,0,0.0,"Henry to Kohli, no run  .Good riposte. On a length outside off, he gets across and feels for the delivery and is  .beaten",Henry,Kohli,0.0,0,0,1,1,0.0,0,,0
"4.5 
• 
Henry to Kohli, no run 
On a good length outside off, Kohli thrashes this but can't beat cover point",4.5,0,0.0,"Henry to Kohli, no run  .On a good length outside off, Kohli thrashes this but can't beat cover point",Henry,Kohli,0.0,0,0,1,1,0.0,0,,0
"4.6 
• 
Henry to Kohli, no run 
Length just outside off, Kohli plays this with soft hands towards the 'keeper. Was 
looking for a single but is sent back by Rohit 
end of over 54 runs  
IND: 21/1CRR: 4.20  
Virat Kohli4 (7b 1x4) 
Rohit Sharma15 (16b 1x4 1x6) 
Matt Henry 3-0-18-1 
Kyle Jamieson 2-0-3-0",4.6,0,0.0,"Henry to Kohli, no run  .Length just outside off, Kohli plays this with soft hands towards the 'keeper. Was  .looking for a single but is sent back by Rohit",Henry,Kohli,0.0,0,0,1,1,0.0,0,,0
"5.1 
1w 
Jamieson to Rohit Sharma, 1 wide 
Wayward length ball down leg, and that is the first wide of the innings 
Hari: ""Really like Matt Henry's rise. Steady growth and slowly turning into 
Mr.Dependable. This is crucial for NZ because their premier bowlers are no longer with 
them. If Henry stays injury free, he is destined to have a great all format career.""",5.1,1w,1.0,"Jamieson to Rohit Sharma, 1 wide  .Wayward length ball down leg, and that is the first wide of the innings",Jamieson,Rohit Sharma,0.0,0,0,0,0,1.0,0,,1
"5.1 
W 
Jamieson to Rohit Sharma, OUT 
For once, the pull brings about Rohit's undoing. Was a back of a length ball just outside 
off stump. Rohit looks for a pull, probably the ball didn't arrive as quickly as he was 
expecting. He gets it right of the cue end of the blade and Young takes a simple enough 
catch at square leg. 
Rohit Sharma c Young b Jamieson 15 (17b 1x4 1x6 24m) SR: 88.23 
See all photos 
Shreyas Iyer in at No. 4, probably earlier that what he would have hoped. Jamieson is 
over the wicket",5.1,W,0.0,"Jamieson to Rohit Sharma, OUT  .For once, the pull brings about Rohit's undoing. Was a back of a length ball just outside  .off stump. Rohit looks for a pull, probably the ball didn't arrive as quickly as he was  .expecting. He gets it right of the cue end of the blade and Young takes a simple enough  .catch at square leg.  .Rohit Sharma c Young b Jamieson 15 (17b 1x4 1x6 24m) SR: 88.23",Jamieson,Rohit Sharma,0.0,0,0,1,1,0.0,1,c Young b Jamieson,0
"5.2 
• 
Jamieson to Shreyas Iyer, no run 
Gentle good length ball outside off, with a hint of shape away from Iyer who shoulders 
arms",5.2,0,0.0,"Jamieson to Shreyas Iyer, no run  .Gentle good length ball outside off, with a hint of shape away from Iyer who shoulders  .arms",Jamieson,Shreyas Iyer,0.0,0,0,1,1,0.0,0,,0
"5.3 
1 
Jamieson to Shreyas Iyer, 1 run 
On a length outside off, he opens the face of the blade and guides to deep third",5.3,1,1.0,"Jamieson to Shreyas Iyer, 1 run  .On a length outside off, he opens the face of the blade and guides to deep third",Jamieson,Shreyas Iyer,1.0,0,0,1,1,1.0,0,,1
"5.4 
• 
Jamieson to Kohli, no run 
Fuller in length around 134.4kph on off stump. He defends",5.4,0,0.0,"Jamieson to Kohli, no run  .Fuller in length around 134.4kph on off stump. He defends",Jamieson,Kohli,0.0,0,0,1,1,0.0,0,,0
"5.5 
• 
Jamieson to Kohli, no run 
Good length ball on off stump, he gets across and works this to square leg",5.5,0,0.0,"Jamieson to Kohli, no run  .Good length ball on off stump, he gets across and works this to square leg",Jamieson,Kohli,0.0,0,0,1,1,0.0,0,,0
"5.6 
1 
Jamieson to Kohli, 1 run 
Back of a length delivery on middle and leg. Kohli helps this away to deep backward 
square leg 
end of over 63 runs • 1 wicket 
IND: 24/2CRR: 4.00  
Virat Kohli5 (10b 1x4) 
Shreyas Iyer1 (2b) 
Kyle Jamieson 3-0-6-1 
Matt Henry 3-0-18-1",5.6,1,1.0,"Jamieson to Kohli, 1 run  .Back of a length delivery on middle and leg. Kohli helps this away to deep backward  .square leg",Jamieson,Kohli,1.0,0,0,1,1,1.0,0,,1
"6.1 
2 
Henry to Kohli, 2 runs 
Not timed again, but gets two more. Fuller outside off, he looks for a drive on the up, 
instead drags it past mid-on. O'Rourke keeps them down to two. Early signs that the 
surface is a touch on the slower side.",6.1,2,2.0,"Henry to Kohli, 2 runs  .Not timed again, but gets two more. Fuller outside off, he looks for a drive on the up,  .instead drags it past mid-on. O'Rourke keeps them down to two. Early signs that the  .surface is a touch on the slower side.",Henry,Kohli,2.0,0,0,1,1,2.0,0,,1
"6.2 
• 
Henry to Kohli, no run 
Fuller in length on off, he defends",6.2,0,0.0,"Henry to Kohli, no run  .Fuller in length on off, he defends",Henry,Kohli,0.0,0,0,1,1,0.0,0,,0
"6.3 
4 
Henry to Kohli, FOUR runs 
Leading edge over backward point and he gets four as well. Not in control, but he won't 
mind it. Was a length ball on off, he shimmies down and looks to flick it away. Gets a 
leading edge with the ball going over Phillips' head.",6.3,4,4.0,"Henry to Kohli, FOUR runs  .Leading edge over backward point and he gets four as well. Not in control, but he won't  .mind it. Was a length ball on off, he shimmies down and looks to flick it away. Gets a  .leading edge with the ball going over Phillips' head.",Henry,Kohli,4.0,1,0,1,1,4.0,0,,1
"6.4 
W 
Henry to Kohli, OUT 
OH, MY WORD! Phillips, what are you made of! How has he held on to that? Short, wide 
and Kohli has absolutely smashed that to the right of Phillips at backward point. Any 
other fielder and that was going for a four. Not when Phillips is around. He leaps, flings 
out his right hand, and hangs on to an an absolute stunner. The ball was almost behind 
him, but he catches it while almost being parallel to the ground. WOW! Kohli can't 
believe it. No one can, really. 
Virat Kohli c Phillips b Henry 11 (14b 2x4 0x6 18m) SR: 78.57 
See all photos 
Axar in at No. 5",6.4,W,0.0,"Henry to Kohli, OUT  .OH, MY WORD! Phillips, what are you made of! How has he held on to that? Short, wide  .and Kohli has absolutely smashed that to the right of Phillips at backward point. Any  .other fielder and that was going for a four. Not when Phillips is around. He leaps, flings  .out his right hand, and hangs on to an an absolute stunner. The ball was almost behind  .him, but he catches it while almost being parallel to the ground. WOW! Kohli can't  .believe it. No one can, really.  .Virat Kohli c Phillips b Henry 11 (14b 2x4 0x6 18m) SR: 78.57",Henry,Kohli,0.0,0,0,1,1,0.0,1,c Phillips b Henry,0
"6.5 
• 
Henry to Axar Patel, no run 
Length on off, he defends towards mid-off",6.5,0,0.0,"Henry to Axar Patel, no run  .Length on off, he defends towards mid-off",Henry,Axar Patel,0.0,0,0,1,1,0.0,0,,0
"6.6 
• 
Henry to Axar Patel, no run 
On a length outside off, he goes for an aerial drive and is beaten 
end of over 76 runs • 1 wicket 
IND: 30/3CRR: 4.28  
Axar Patel0 (2b) 
Shreyas Iyer1 (2b) 
Matt Henry 4-0-24-2 
Kyle Jamieson 3-0-6-1",6.6,0,0.0,"Henry to Axar Patel, no run  .On a length outside off, he goes for an aerial drive and is beaten",Henry,Axar Patel,0.0,0,0,1,1,0.0,0,,0
"7.1 
• 
Jamieson to Shreyas Iyer, no run 
Back of a length ball outside off with a hint of away shape. He shoulders arms",7.1,0,0.0,"Jamieson to Shreyas Iyer, no run  .Back of a length ball outside off with a hint of away shape. He shoulders arms",Jamieson,Shreyas Iyer,0.0,0,0,1,1,0.0,0,,0
"7.2 
1 
Jamieson to Shreyas Iyer, 1 run 
Good length ball outside off, he opens the face of the bat and guides to deep third 
Mj: ""Johnty Rhodes used to pulls of such catches once in a 10-20 matches , this guy 
Philips taking blinders every match .Unbelievable "" 
Stays over the wicket to Axar",7.2,1,1.0,"Jamieson to Shreyas Iyer, 1 run  .Good length ball outside off, he opens the face of the bat and guides to deep third",Jamieson,Shreyas Iyer,1.0,0,0,1,1,1.0,0,,1
"7.3 
1 
Jamieson to Axar Patel, 1 run 
Back of a length ball on off, he cuts this to deep point",7.3,1,1.0,"Jamieson to Axar Patel, 1 run  .Back of a length ball on off, he cuts this to deep point",Jamieson,Axar Patel,1.0,0,0,1,1,1.0,0,,1
"7.4 
• 
Jamieson to Shreyas Iyer, no run 
Length on off, gets back and across and defends",7.4,0,0.0,"Jamieson to Shreyas Iyer, no run  .Length on off, gets back and across and defends",Jamieson,Shreyas Iyer,0.0,0,0,1,1,0.0,0,,0
"7.5 
• 
Jamieson to Shreyas Iyer, no run 
Good length ball outside off with a hint of shape away from Iyer, who shoulders arms",7.5,0,0.0,"Jamieson to Shreyas Iyer, no run  .Good length ball outside off with a hint of shape away from Iyer, who shoulders arms",Jamieson,Shreyas Iyer,0.0,0,0,1,1,0.0,0,,0
"7.6 
1 
Jamieson to Shreyas Iyer, 1 run 
On a good length outside off, he opens the face of the blade and runs it down to deep 
third 
Meanwhile, the Indian men's hockey team has unearthed new stars, while the women's 
team has offered hope after their Olympic qualification debacle - here's everything that 
India learned from the first half of their Pro League campaign. 
end of over 83 runs  
IND: 33/3CRR: 4.12  
Shreyas Iyer3 (7b) 
Axar Patel1 (3b) 
Kyle Jamieson 4-0-9-1 
Matt Henry 4-0-24-2",7.6,1,1.0,"Jamieson to Shreyas Iyer, 1 run  .On a good length outside off, he opens the face of the blade and runs it down to deep  .third  .Meanwhile, the Indian men's hockey team has unearthed new stars, while the women's  .team has offered hope after their Olympic qualification debacle - here's everything that  .India learned from the first half of their Pro League campaign.",Jamieson,Shreyas Iyer,1.0,0,0,1,1,1.0,0,,1
"8.1 
1 
Henry to Shreyas Iyer, 1 run 
Gentle back of a length ball outside off, he guides this towards deep third with a slight 
open face of the bat",8.1,1,1.0,"Henry to Shreyas Iyer, 1 run  .Gentle back of a length ball outside off, he guides this towards deep third with a slight  .open face of the bat",Henry,Shreyas Iyer,1.0,0,0,1,1,1.0,0,,1
"8.2 
• 
Henry to Axar Patel, no run 
Much fuller on off stump, he digs this towards the on-side",8.2,0,0.0,"Henry to Axar Patel, no run  .Much fuller on off stump, he digs this towards the on-side",Henry,Axar Patel,0.0,0,0,1,1,0.0,0,,0
"8.3 
• 
Henry to Axar Patel, no run 
On a length on off, he presents the full face of the bat towards mid-off",8.3,0,0.0,"Henry to Axar Patel, no run  .On a length on off, he presents the full face of the bat towards mid-off",Henry,Axar Patel,0.0,0,0,1,1,0.0,0,,0
"8.4 
1 
Henry to Axar Patel, 1 run 
On a length on middle and leg, he works this to left of square leg 
 
Shreyas Iyer vs NZ in ODIs 
INNS 
8 
RUNS 
488 
SR 
104.05 
AVE 
69.71",8.4,1,1.0,"Henry to Axar Patel, 1 run  .On a length on middle and leg, he works this to left of square leg  .  .Shreyas Iyer vs NZ in ODIs  .INNS  .8  .RUNS  .488  .SR  .104.05  .AVE  .69.71",Henry,Axar Patel,1.0,0,0,1,1,1.0,0,,1
"8.5 
• 
Henry to Shreyas Iyer, no run 
Yorker on middle and leg, he digs this to the on-side 
Ravi: ""Phillips can bat, wicket-keep, bowl, and field, is there anything he can't do?""",8.5,0,0.0,"Henry to Shreyas Iyer, no run  .Yorker on middle and leg, he digs this to the on-side",Henry,Shreyas Iyer,0.0,0,0,1,1,0.0,0,,0
"8.6 
• 
Henry to Shreyas Iyer, no run 
Goes much fuller on middle, Iyer defends towards cover 
end of over 92 runs  
IND: 35/3CRR: 3.88  
Shreyas Iyer4 (10b) 
Axar Patel2 (6b) 
Matt Henry 5-0-26-2 
Kyle Jamieson 4-0-9-1 
Krishna: ""Don't like this Axar experiment one bit!""",8.6,0,0.0,"Henry to Shreyas Iyer, no run  .Goes much fuller on middle, Iyer defends towards cover",Henry,Shreyas Iyer,0.0,0,0,1,1,0.0,0,,0
"9.1 
• 
Jamieson to Axar Patel, no run 
Back of a length ball well outside off stump. Axar shoulders arms",9.1,0,0.0,"Jamieson to Axar Patel, no run  .Back of a length ball well outside off stump. Axar shoulders arms",Jamieson,Axar Patel,0.0,0,0,1,1,0.0,0,,0
"9.2 
• 
Jamieson to Axar Patel, no run 
Beaten! Gentle good length ball at 129kph outside off. He looks to run this fine, can't get 
a bat on that 
RajNV: ""@ravi, yes umpiring, he cannot do that"" We don't know that, yet",9.2,0,0.0,"Jamieson to Axar Patel, no run  .Beaten! Gentle good length ball at 129kph outside off. He looks to run this fine, can't get  .a bat on that",Jamieson,Axar Patel,0.0,0,0,1,1,0.0,0,,0
"9.3 
• 
Jamieson to Axar Patel, no run 
Short of a length ball on middle, he stands tall and guides to the right of Phillips at 
backward point. And of course ,he runs across and prevents a run",9.3,0,0.0,"Jamieson to Axar Patel, no run  .Short of a length ball on middle, he stands tall and guides to the right of Phillips at  .backward point. And of course ,he runs across and prevents a run",Jamieson,Axar Patel,0.0,0,0,1,1,0.0,0,,0
"9.4 
1 
Jamieson to Axar Patel, 1 run 
Another short of a length ball on off, Axar runs this down to deep third",9.4,1,1.0,"Jamieson to Axar Patel, 1 run  .Another short of a length ball on off, Axar runs this down to deep third",Jamieson,Axar Patel,1.0,0,0,1,1,1.0,0,,1
"9.5 
• 
Jamieson to Shreyas Iyer, no run 
Back of a length ball on middle and leg. He is cramped for room and works to square 
leg 
 
Shreyas Iyer vs Kyle Jamieson 
BALLS 
41 
RUNS 
32 
OUTS 
0 
SR 
78.04 
4s/6s 
5/0",9.5,0,0.0,"Jamieson to Shreyas Iyer, no run  .Back of a length ball on middle and leg. He is cramped for room and works to square  .leg  .  .Shreyas Iyer vs Kyle Jamieson  .BALLS  .41  .RUNS  .32  .OUTS  .0  .SR  .78.04  .4s/6s  .5/0",Jamieson,Shreyas Iyer,0.0,0,0,1,1,0.0,0,,0
"9.6 
1 
Jamieson to Shreyas Iyer, 1 run 
That's been a productive shot for Iyer this afternoon. Back of a length ball on off, he 
dabs this to deep third 
end of over 102 runs  
IND: 37/3CRR: 3.70  
Shreyas Iyer5 (12b) 
Axar Patel3 (10b) 
Kyle Jamieson 5-0-11-1 
Matt Henry 5-0-26-2 
Timothy Giles: ""answer to Ravi: ""Phillips can bat, wicket-keep, bowl, and field, is there 
anything he can't do?"" Yip, stand still. Utterly beyond GP."" Haha, good one 
William O'Rourke comes in for the first time. Over the wicket with a gully in place",9.6,1,1.0,"Jamieson to Shreyas Iyer, 1 run  .That's been a productive shot for Iyer this afternoon. Back of a length ball on off, he  .dabs this to deep third",Jamieson,Shreyas Iyer,1.0,0,0,1,1,1.0,0,,1
"10.1 
• 
O'Rourke to Shreyas Iyer, no run 
Goes fuller to start off, he defends towards cover",10.1,0,0.0,"O'Rourke to Shreyas Iyer, no run  .Goes fuller to start off, he defends towards cover",O'Rourke,Shreyas Iyer,0.0,0,0,1,1,0.0,0,,0
"10.2 
1 
O'Rourke to Shreyas Iyer, 1 run 
Back of a length delivery outside off, he stands tall and scythes to deep point 
Ramesh: ""Don't understand this batting line-up. Rahul should be in at 4. "" 
Stays over the wicket to Axar",10.2,1,1.0,"O'Rourke to Shreyas Iyer, 1 run  .Back of a length delivery outside off, he stands tall and scythes to deep point",O'Rourke,Shreyas Iyer,1.0,0,0,1,1,1.0,0,,1
"10.3 
• 
O'Rourke to Axar Patel, no run 
Back of a length ball on middle, he opens the face of the bat and taps towards 
backward point",10.3,0,0.0,"O'Rourke to Axar Patel, no run  .Back of a length ball on middle, he opens the face of the bat and taps towards  .backward point",O'Rourke,Axar Patel,0.0,0,0,1,1,0.0,0,,0
"10.4 
• 
O'Rourke to Axar Patel, no run 
Sharp back of a length ball leg stump. He looks to help this fine, but is struck on the 
midriff instead",10.4,0,0.0,"O'Rourke to Axar Patel, no run  .Sharp back of a length ball leg stump. He looks to help this fine, but is struck on the  .midriff instead",O'Rourke,Axar Patel,0.0,0,0,1,1,0.0,0,,0
"10.5 
• 
O'Rourke to Axar Patel, no run 
Good length ball on off stump, Axar mistimes towards the bowler",10.5,0,0.0,"O'Rourke to Axar Patel, no run  .Good length ball on off stump, Axar mistimes towards the bowler",O'Rourke,Axar Patel,0.0,0,0,1,1,0.0,0,,0
"10.6 
• 
O'Rourke to Axar Patel, no run 
A bit of a leading edge, but safe. Back of a length ball on middle. He was looking to 
work this to the on-side, gets a soft leading edge towards cover-point 
end of over 111 run  
IND: 38/3CRR: 3.45  
Axar Patel3 (14b) 
Shreyas Iyer6 (14b) 
Will O’Rourke 1-0-1-0 
Kyle Jamieson 5-0-11-1",10.6,0,0.0,"O'Rourke to Axar Patel, no run  .A bit of a leading edge, but safe. Back of a length ball on middle. He was looking to  .work this to the on-side, gets a soft leading edge towards cover-point",O'Rourke,Axar Patel,0.0,0,0,1,1,0.0,0,,0
"11.1 
• 
Jamieson to Shreyas Iyer, no run 
Fullish in length on off, he pushes towards covers 
Anand: ""KL is the designated finisher. He can also shepherd the tail. He accelerates 
better than Axar. Don't think there's another option. """,11.1,0,0.0,"Jamieson to Shreyas Iyer, no run  .Fullish in length on off, he pushes towards covers",Jamieson,Shreyas Iyer,0.0,0,0,1,1,0.0,0,,0
"11.2 
• 
Jamieson to Shreyas Iyer, no run 
Fuller in length again on middle and leg, he ticks this towards mid-on",11.2,0,0.0,"Jamieson to Shreyas Iyer, no run  .Fuller in length again on middle and leg, he ticks this towards mid-on",Jamieson,Shreyas Iyer,0.0,0,0,1,1,0.0,0,,0
"11.3 
• 
Jamieson to Shreyas Iyer, no run 
Good length ball on off, he stands tall and punches to short cover",11.3,0,0.0,"Jamieson to Shreyas Iyer, no run  .Good length ball on off, he stands tall and punches to short cover",Jamieson,Shreyas Iyer,0.0,0,0,1,1,0.0,0,,0
"11.4 
2 
Jamieson to Shreyas Iyer, 2 runs 
Bouncer, but Iyer manages this well. Banged in short outside off, he pulls, not out of the 
middle of the bat but he places it well to the left of Ravindra at mid-on",11.4,2,2.0,"Jamieson to Shreyas Iyer, 2 runs  .Bouncer, but Iyer manages this well. Banged in short outside off, he pulls, not out of the  .middle of the bat but he places it well to the left of Ravindra at mid-on",Jamieson,Shreyas Iyer,2.0,0,0,1,1,2.0,0,,1
"11.5 
1 
Jamieson to Shreyas Iyer, 1 run 
Banged in short again on middle and leg, he swivels and pulls to the right of deep 
backward square leg for a run",11.5,1,1.0,"Jamieson to Shreyas Iyer, 1 run  .Banged in short again on middle and leg, he swivels and pulls to the right of deep  .backward square leg for a run",Jamieson,Shreyas Iyer,1.0,0,0,1,1,1.0,0,,1
"11.6 
• 
Jamieson to Axar Patel, no run 
Ooh, close. Good length ball on off, he was looking to run this fine, ends up tapping it 
perilously close to his off stump 
end of over 123 runs  
IND: 41/3CRR: 3.41  
Axar Patel3 (15b) 
Shreyas Iyer9 (19b) 
Kyle Jamieson 6-0-14-1 
Will O’Rourke 1-0-1-0 
Kaushal: ""Glen Phillips is what all of us dreamt at one point as a kid, to do everything 
possible! Has to be the most versatile cricketer right now, if not ever",11.6,0,0.0,"Jamieson to Axar Patel, no run  .Ooh, close. Good length ball on off, he was looking to run this fine, ends up tapping it  .perilously close to his off stump",Jamieson,Axar Patel,0.0,0,0,1,1,0.0,0,,0
"12.1 
• 
O'Rourke to Shreyas Iyer, no run 
On a length outside off at 135.9kph with a hint of away movement. He gets beaten",12.1,0,0.0,"O'Rourke to Shreyas Iyer, no run  .On a length outside off at 135.9kph with a hint of away movement. He gets beaten",O'Rourke,Shreyas Iyer,0.0,0,0,1,1,0.0,0,,0
"12.2 
1 
O'Rourke to Shreyas Iyer, 1 run 
Back of a length ball outside off, he gets across and runs this to deep third with an open 
face of the bat",12.2,1,1.0,"O'Rourke to Shreyas Iyer, 1 run  .Back of a length ball outside off, he gets across and runs this to deep third with an open  .face of the bat",O'Rourke,Shreyas Iyer,1.0,0,0,1,1,1.0,0,,1
"12.3 
• 
O'Rourke to Axar Patel, no run 
Fuller outside off, he drives crisply but can't beat mid-off",12.3,0,0.0,"O'Rourke to Axar Patel, no run  .Fuller outside off, he drives crisply but can't beat mid-off",O'Rourke,Axar Patel,0.0,0,0,1,1,0.0,0,,0
"12.4 
1 
O'Rourke to Axar Patel, 1 run 
Back of a length delivery on his hips which he nudges down to deep fine leg for a run",12.4,1,1.0,"O'Rourke to Axar Patel, 1 run  .Back of a length delivery on his hips which he nudges down to deep fine leg for a run",O'Rourke,Axar Patel,1.0,0,0,1,1,1.0,0,,1
"12.5 
1 
O'Rourke to Shreyas Iyer, 1 run 
Oh, that was in the air but wide of square leg. Banged in short on off stump, he pulls this 
aerially but well in front of square",12.5,1,1.0,"O'Rourke to Shreyas Iyer, 1 run  .Oh, that was in the air but wide of square leg. Banged in short on off stump, he pulls this  .aerially but well in front of square",O'Rourke,Shreyas Iyer,1.0,0,0,1,1,1.0,0,,1
"12.6 
• 
O'Rourke to Axar Patel, no run 
On a length on leg stump, he works this to midwicket. Runs coming at a trickle, at the 
moment 
end of over 133 runs  
IND: 44/3CRR: 3.38  
Axar Patel4 (18b) 
Shreyas Iyer11 (22b) 
Will O’Rourke 2-0-4-0 
Kyle Jamieson 6-0-14-1 
Santner comes in for a bow. He is around the wicket",12.6,0,0.0,"O'Rourke to Axar Patel, no run  .On a length on leg stump, he works this to midwicket. Runs coming at a trickle, at the  .moment",O'Rourke,Axar Patel,0.0,0,0,1,1,0.0,0,,0
"13.1 
• 
Santner to Shreyas Iyer, no run 
tossed up on off, he drives to cover",13.1,0,0.0,"Santner to Shreyas Iyer, no run  .tossed up on off, he drives to cover",Santner,Shreyas Iyer,0.0,0,0,1,1,0.0,0,,0
"13.2 
• 
Santner to Shreyas Iyer, no run 
Floated around off stump, he gets forward and pushes back towards the bowler",13.2,0,0.0,"Santner to Shreyas Iyer, no run  .Floated around off stump, he gets forward and pushes back towards the bowler",Santner,Shreyas Iyer,0.0,0,0,1,1,0.0,0,,0
"13.3 
• 
Santner to Shreyas Iyer, no run 
Pushed quicker at 81kph on middle and leg. He was looking to work that away, gets a 
soft leading edge towards cover",13.3,0,0.0,"Santner to Shreyas Iyer, no run  .Pushed quicker at 81kph on middle and leg. He was looking to work that away, gets a  .soft leading edge towards cover",Santner,Shreyas Iyer,0.0,0,0,1,1,0.0,0,,0
"13.4 
• 
Santner to Shreyas Iyer, no run 
Tossed up on middle, Iyer strides forward and defends",13.4,0,0.0,"Santner to Shreyas Iyer, no run  .Tossed up on middle, Iyer strides forward and defends",Santner,Shreyas Iyer,0.0,0,0,1,1,0.0,0,,0
"13.5 
• 
Santner to Shreyas Iyer, no run 
Tossed up on off and the ball pitches and spins away just a touch. Iyer is a little squared 
up as he defends",13.5,0,0.0,"Santner to Shreyas Iyer, no run  .Tossed up on off and the ball pitches and spins away just a touch. Iyer is a little squared  .up as he defends",Santner,Shreyas Iyer,0.0,0,0,1,1,0.0,0,,0
"13.6 
• 
Santner to Shreyas Iyer, no run 
First maiden over bowled to India in this tournament. Floated fuller on middle, he 
defends 
end of over 14Maiden 
IND: 44/3CRR: 3.14  
Shreyas Iyer11 (28b) 
Axar Patel4 (18b) 
Mitchell Santner 1-1-0-0 
Will O’Rourke 2-0-4-0",13.6,0,0.0,"Santner to Shreyas Iyer, no run  .First maiden over bowled to India in this tournament. Floated fuller on middle, he  .defends",Santner,Shreyas Iyer,0.0,0,0,1,1,0.0,0,,0
"14.1 
• 
O'Rourke to Axar Patel, no run 
On a length on middle and leg, he works this to the on-side 
 
Axar Patel in middle overs (in ODIs) 
RUNS 
381 
OUTS 
15 
4s/6s 
26/12 
SR 
80.54 
AVE 
25.40",14.1,0,0.0,"O'Rourke to Axar Patel, no run  .On a length on middle and leg, he works this to the on-side  .  .Axar Patel in middle overs (in ODIs)  .RUNS  .381  .OUTS  .15  .4s/6s  .26/12  .SR  .80.54  .AVE  .25.40",O'Rourke,Axar Patel,0.0,0,0,1,1,0.0,0,,0
"14.2 
• 
O'Rourke to Axar Patel, no run 
Back of a length outside off, he guides to the right of backward point where GP dives 
and saves a few runs agin",14.2,0,0.0,"O'Rourke to Axar Patel, no run  .Back of a length outside off, he guides to the right of backward point where GP dives  .and saves a few runs agin",O'Rourke,Axar Patel,0.0,0,0,1,1,0.0,0,,0
"14.3 
1w 
O'Rourke to Axar Patel, 1 wide 
Banged in short on middle, he sways outside the line. Also called a wide for height",14.3,1w,1.0,"O'Rourke to Axar Patel, 1 wide  .Banged in short on middle, he sways outside the line. Also called a wide for height",O'Rourke,Axar Patel,0.0,0,0,0,0,1.0,0,,1
"14.3 
• 
O'Rourke to Axar Patel, no run 
Back of a length ball outside off, he cuts but can't beat cover point",14.3,0,0.0,"O'Rourke to Axar Patel, no run  .Back of a length ball outside off, he cuts but can't beat cover point",O'Rourke,Axar Patel,0.0,0,0,1,1,0.0,0,,0
"14.4 
• 
O'Rourke to Axar Patel, no run 
Another back of a length ball on middle, the ball catches the splice as he pushes 
towards mid-off",14.4,0,0.0,"O'Rourke to Axar Patel, no run  .Another back of a length ball on middle, the ball catches the splice as he pushes  .towards mid-off",O'Rourke,Axar Patel,0.0,0,0,1,1,0.0,0,,0
"14.5 
• 
O'Rourke to Axar Patel, no run 
Back of a length ball on off, he looks to cut loose by pulling this away. Mistimes towards 
short midwicket 
Marry: ""Is this (37/3) the lowest powerplay score in this CT"" Second-lowest. Lowest is 
Pakistan's 22/2 against NZ",14.5,0,0.0,"O'Rourke to Axar Patel, no run  .Back of a length ball on off, he looks to cut loose by pulling this away. Mistimes towards  .short midwicket",O'Rourke,Axar Patel,0.0,0,0,1,1,0.0,0,,0
"14.6 
1 
O'Rourke to Axar Patel, 1 run 
Leading edge but safe. Sharp good length ball on leg stump, he was looking to turn that 
away to the on-side, gets a thick leading edge that goes to deep point 
Suds is back for another stint 
end of over 152 runs  
IND: 46/3CRR: 3.06  
Axar Patel5 (24b) 
Shreyas Iyer11 (28b) 
Will O’Rourke 3-0-6-0 
Mitchell Santner 1-1-0-0 
New Zealand continue to call the shots. Almost nine overs since India hit a boundary",14.6,1,1.0,"O'Rourke to Axar Patel, 1 run  .Leading edge but safe. Sharp good length ball on leg stump, he was looking to turn that  .away to the on-side, gets a thick leading edge that goes to deep point  .Suds is back for another stint",O'Rourke,Axar Patel,1.0,0,0,1,1,1.0,0,,1
"15.1 
1w 
Santner to Axar Patel, 1 wide 
Flatter in trajectory, on a length on middle and spinning down leg, he plays inside the 
line",15.1,1w,1.0,"Santner to Axar Patel, 1 wide  .Flatter in trajectory, on a length on middle and spinning down leg, he plays inside the  .line",Santner,Axar Patel,0.0,0,0,0,0,1.0,0,,1
"15.1 
4 
Santner to Axar Patel, FOUR runs 
The slipping sweep to amazing effect! A boundary after 52 balls, and Axar connects all 
right. Tossed up full just outside off, he slips as he takes the stride forward. Manages to 
get it off the meat through square leg to beat the man in the deep",15.1,4,4.0,"Santner to Axar Patel, FOUR runs  .The slipping sweep to amazing effect! A boundary after 52 balls, and Axar connects all  .right. Tossed up full just outside off, he slips as he takes the stride forward. Manages to  .get it off the meat through square leg to beat the man in the deep",Santner,Axar Patel,4.0,1,0,1,1,4.0,0,,1
"15.2 
2 
Santner to Axar Patel, 2 runs 
Goes back to the length ball to punch it through cover",15.2,2,2.0,"Santner to Axar Patel, 2 runs  .Goes back to the length ball to punch it through cover",Santner,Axar Patel,2.0,0,0,1,1,2.0,0,,1
"15.3 
• 
Santner to Axar Patel, no run 
Fuller and outside off, quicker as well, he pushes forward but it goes straight on with the 
arm past the outside edge",15.3,0,0.0,"Santner to Axar Patel, no run  .Fuller and outside off, quicker as well, he pushes forward but it goes straight on with the  .arm past the outside edge",Santner,Axar Patel,0.0,0,0,1,1,0.0,0,,0
"15.4 
1 
Santner to Axar Patel, 1 run 
Full on off, he lets it land before whipping it past short midwicket",15.4,1,1.0,"Santner to Axar Patel, 1 run  .Full on off, he lets it land before whipping it past short midwicket",Santner,Axar Patel,1.0,0,0,1,1,1.0,0,,1
"15.5 
• 
Santner to Shreyas Iyer, no run 
Fuller on leg, he prods forward to keep it out to the on side",15.5,0,0.0,"Santner to Shreyas Iyer, no run  .Fuller on leg, he prods forward to keep it out to the on side",Santner,Shreyas Iyer,0.0,0,0,1,1,0.0,0,,0
"15.6 
3 
Santner to Shreyas Iyer, 3 runs 
Full and down leg, swept towards short fine leg, where Henry lets it through 
Drinks on the field now 
end of over 1611 runs  
IND: 57/3CRR: 3.56  
Shreyas Iyer14 (30b) 
Axar Patel12 (28b 1x4) 
Mitchell Santner 2-1-11-0 
Will O’Rourke 3-0-6-0 
A reminder that you can also follow our coverage LIVE in Hindi 
 
1:39 
Have New Zealand become India's bogey team?",15.6,3,3.0,"Santner to Shreyas Iyer, 3 runs  .Full and down leg, swept towards short fine leg, where Henry lets it through  .Drinks on the field now",Santner,Shreyas Iyer,3.0,0,0,1,1,3.0,0,,1
"16.1 
4 
O'Rourke to Shreyas Iyer, FOUR runs 
Bammed over midwicket! Short ball? No problem for Iyer. He quickly picks the length, 
transfers his weight back and plays a cross-batted shot over the on side",16.1,4,4.0,"O'Rourke to Shreyas Iyer, FOUR runs  .Bammed over midwicket! Short ball? No problem for Iyer. He quickly picks the length,  .transfers his weight back and plays a cross-batted shot over the on side",O'Rourke,Shreyas Iyer,4.0,1,0,1,1,4.0,0,,1
"16.2 
• 
O'Rourke to Shreyas Iyer, no run 
Short again outside off, fetches the pull to short midwicket",16.2,0,0.0,"O'Rourke to Shreyas Iyer, no run  .Short again outside off, fetches the pull to short midwicket",O'Rourke,Shreyas Iyer,0.0,0,0,1,1,0.0,0,,0
"16.3 
4 
O'Rourke to Shreyas Iyer, FOUR runs 
Aww gorgeous! This is full and wide outside off, Iyer gets the desired width. He plants 
his front foot forward, away from the line of the ball and extends his arm to loft it inside 
out over extra cover, away from the man in the deep",16.3,4,4.0,"O'Rourke to Shreyas Iyer, FOUR runs  .Aww gorgeous! This is full and wide outside off, Iyer gets the desired width. He plants  .his front foot forward, away from the line of the ball and extends his arm to loft it inside  .out over extra cover, away from the man in the deep",O'Rourke,Shreyas Iyer,4.0,1,0,1,1,4.0,0,,1
"16.4 
4 
O'Rourke to Shreyas Iyer, FOUR runs 
One-handed hit, effective again. Iyer has stepped on the gas. Back of a length outside 
off, he moves back, takes a very small stride forward but quickly throws his weight back 
and pulls it over midwicket. Gets his bottom hand off while making contact but it does 
not matter",16.4,4,4.0,"O'Rourke to Shreyas Iyer, FOUR runs  .One-handed hit, effective again. Iyer has stepped on the gas. Back of a length outside  .off, he moves back, takes a very small stride forward but quickly throws his weight back  .and pulls it over midwicket. Gets his bottom hand off while making contact but it does  .not matter",O'Rourke,Shreyas Iyer,4.0,1,0,1,1,4.0,0,,1
"16.5 
1 
O'Rourke to Shreyas Iyer, 1 run 
Short and just outside off, he rides the bounce to steer it to deep third",16.5,1,1.0,"O'Rourke to Shreyas Iyer, 1 run  .Short and just outside off, he rides the bounce to steer it to deep third",O'Rourke,Shreyas Iyer,1.0,0,0,1,1,1.0,0,,1
"16.6 
• 
O'Rourke to Axar Patel, no run 
Back of a length on leg, he hops and steers it to short third, 13 off the first over after 
drinks, 24 off the last two 
end of over 1713 runs  
IND: 70/3CRR: 4.11  
Axar Patel12 (29b 1x4) 
Shreyas Iyer27 (35b 3x4) 
Will O’Rourke 4-0-19-0 
Mitchell Santner 2-1-11-0 
 
Shreyas Iyer in middle overs (in ODIs) 
RUNS 
2105 
OUTS 
42 
4s/6s 
197/47 
SR 
96.95 
AVE 
50.11",16.6,0,0.0,"O'Rourke to Axar Patel, no run  .Back of a length on leg, he hops and steers it to short third, 13 off the first over after  .drinks, 24 off the last two",O'Rourke,Axar Patel,0.0,0,0,1,1,0.0,0,,0
"17.1 
• 
Santner to Shreyas Iyer, no run 
He comes forward and defends to point 
Mustafa Moudi: ""I feel Shreyas Iyer is one of the Most Underrated ODI Batsmen for 
Team India. He keeps contributing everytime but unfortunately often his performances 
go unnoticed !!"" I don't think his performances go unnoticed. And certainly not 
underrated 
Iyer moves around in his crease and Santner aborts his run-up",17.1,0,0.0,"Santner to Shreyas Iyer, no run  .He comes forward and defends to point",Santner,Shreyas Iyer,0.0,0,0,1,1,0.0,0,,0
"17.2 
• 
Santner to Shreyas Iyer, no run 
Full on middle, kept out to the off side",17.2,0,0.0,"Santner to Shreyas Iyer, no run  .Full on middle, kept out to the off side",Santner,Shreyas Iyer,0.0,0,0,1,1,0.0,0,,0
"17.3 
1 
Santner to Shreyas Iyer, 1 run 
Goes back to the length ball on leg to clip it away",17.3,1,1.0,"Santner to Shreyas Iyer, 1 run  .Goes back to the length ball on leg to clip it away",Santner,Shreyas Iyer,1.0,0,0,1,1,1.0,0,,1
"17.4 
1 
Santner to Axar Patel, 1 run 
Full on off, whipped towards short midwicket, where Phillips dives but cannot stop that",17.4,1,1.0,"Santner to Axar Patel, 1 run  .Full on off, whipped towards short midwicket, where Phillips dives but cannot stop that",Santner,Axar Patel,1.0,0,0,1,1,1.0,0,,1
"17.5 
• 
Santner to Shreyas Iyer, no run 
Lobbed up full on off, driven back off the inner half",17.5,0,0.0,"Santner to Shreyas Iyer, no run  .Lobbed up full on off, driven back off the inner half",Santner,Shreyas Iyer,0.0,0,0,1,1,0.0,0,,0
"17.6 
• 
Santner to Shreyas Iyer, no run 
Goes back to the length ball on middle and leg, to wrist it to short midwicket 
end of over 182 runs  
IND: 72/3CRR: 4.00  
Shreyas Iyer28 (40b 3x4) 
Axar Patel13 (30b 1x4) 
Mitchell Santner 3-1-13-0 
Will O’Rourke 4-0-19-0 
More spin, Michael Bracewell into the attack, from around the wicket",17.6,0,0.0,"Santner to Shreyas Iyer, no run  .Goes back to the length ball on middle and leg, to wrist it to short midwicket",Santner,Shreyas Iyer,0.0,0,0,1,1,0.0,0,,0
"18.1 
• 
Michael Bracewell to Axar Patel, no run 
Tossed up full outside off, driven to short cover",18.1,0,0.0,"Michael Bracewell to Axar Patel, no run  .Tossed up full outside off, driven to short cover",Michael Bracewell,Axar Patel,0.0,0,0,1,1,0.0,0,,0
"18.2 
1 
Michael Bracewell to Axar Patel, 1 run 
Flatter and on a length just outside off, 87.5kph, goes back to punch it down to long-off",18.2,1,1.0,"Michael Bracewell to Axar Patel, 1 run  .Flatter and on a length just outside off, 87.5kph, goes back to punch it down to long-off",Michael Bracewell,Axar Patel,1.0,0,0,1,1,1.0,0,,1
"18.3 
1 
Michael Bracewell to Shreyas Iyer, 1 run 
Flatter and spinning in from middle, 91kph, clipped to deep midwicket",18.3,1,1.0,"Michael Bracewell to Shreyas Iyer, 1 run  .Flatter and spinning in from middle, 91kph, clipped to deep midwicket",Michael Bracewell,Shreyas Iyer,1.0,0,0,1,1,1.0,0,,1
"18.4 
• 
Michael Bracewell to Axar Patel, no run 
Fuller and on off, 85.3kph, spins past Axar's outside edge as he prods forward",18.4,0,0.0,"Michael Bracewell to Axar Patel, no run  .Fuller and on off, 85.3kph, spins past Axar's outside edge as he prods forward",Michael Bracewell,Axar Patel,0.0,0,0,1,1,0.0,0,,0
"18.5 
1 
Michael Bracewell to Axar Patel, 1 run 
Spinning away from a length wide outside off, 85.4kph, cut to deep cover-point 
Rehman: ""It looks really difficult to score of santher, India having 4 spinners should be 
comfortable with a score over 250""",18.5,1,1.0,"Michael Bracewell to Axar Patel, 1 run  .Spinning away from a length wide outside off, 85.4kph, cut to deep cover-point",Michael Bracewell,Axar Patel,1.0,0,0,1,1,1.0,0,,1
"18.6 
1 
Michael Bracewell to Shreyas Iyer, 1 run 
Once again strays on the pad, 89.7kph, easily clipped to fine leg 
end of over 194 runs  
IND: 76/3CRR: 4.00  
Shreyas Iyer30 (42b 3x4) 
Axar Patel15 (34b 1x4) 
Michael Bracewell 1-0-4-0 
Mitchell Santner 3-1-13-0",18.6,1,1.0,"Michael Bracewell to Shreyas Iyer, 1 run  .Once again strays on the pad, 89.7kph, easily clipped to fine leg",Michael Bracewell,Shreyas Iyer,1.0,0,0,1,1,1.0,0,,1
"19.1 
• 
Santner to Shreyas Iyer, no run 
Iyer backs away to expose his stumps and then quickly gets back to position to block 
the fullish ball on middle",19.1,0,0.0,"Santner to Shreyas Iyer, no run  .Iyer backs away to expose his stumps and then quickly gets back to position to block  .the fullish ball on middle",Santner,Shreyas Iyer,0.0,0,0,1,1,0.0,0,,0
"19.2 
1 
Santner to Shreyas Iyer, 1 run 
Quicker on leg, 92.1kph, clipped through square leg from the crease",19.2,1,1.0,"Santner to Shreyas Iyer, 1 run  .Quicker on leg, 92.1kph, clipped through square leg from the crease",Santner,Shreyas Iyer,1.0,0,0,1,1,1.0,0,,1
"19.3 
• 
Santner to Axar Patel, no run 
Takes it away from the batter and lands it on a length wide outside off, spins in after 
landing, Axar goes back to punch it towards cover",19.3,0,0.0,"Santner to Axar Patel, no run  .Takes it away from the batter and lands it on a length wide outside off, spins in after  .landing, Axar goes back to punch it towards cover",Santner,Axar Patel,0.0,0,0,1,1,0.0,0,,0
"19.4 
• 
Santner to Axar Patel, no run 
On middle, turning in, nudged towards backward square leg",19.4,0,0.0,"Santner to Axar Patel, no run  .On middle, turning in, nudged towards backward square leg",Santner,Axar Patel,0.0,0,0,1,1,0.0,0,,0
"19.5 
• 
Santner to Axar Patel, no run 
Quicker on leg, flicked to backward square leg",19.5,0,0.0,"Santner to Axar Patel, no run  .Quicker on leg, flicked to backward square leg",Santner,Axar Patel,0.0,0,0,1,1,0.0,0,,0
"19.6 
1 
Santner to Axar Patel, 1 run 
Spins in from a length, he goes back to whip it away to deep midwicket, just two from 
the over 
end of over 202 runs  
IND: 78/3CRR: 3.90  
Axar Patel16 (38b 1x4) 
Shreyas Iyer31 (44b 3x4) 
Mitchell Santner 4-1-15-0 
Michael Bracewell 1-0-4-0",19.6,1,1.0,"Santner to Axar Patel, 1 run  .Spins in from a length, he goes back to whip it away to deep midwicket, just two from  .the over",Santner,Axar Patel,1.0,0,0,1,1,1.0,0,,1
"20.1 
1 
Michael Bracewell to Axar Patel, 1 run 
Full outside off, he comes forward and drives it past diving cover",20.1,1,1.0,"Michael Bracewell to Axar Patel, 1 run  .Full outside off, he comes forward and drives it past diving cover",Michael Bracewell,Axar Patel,1.0,0,0,1,1,1.0,0,,1
"20.2 
• 
Michael Bracewell to Shreyas Iyer, no run 
He comes forward to turn the fullish ball to short midwicket",20.2,0,0.0,"Michael Bracewell to Shreyas Iyer, no run  .He comes forward to turn the fullish ball to short midwicket",Michael Bracewell,Shreyas Iyer,0.0,0,0,1,1,0.0,0,,0
"20.3 
• 
Michael Bracewell to Shreyas Iyer, no run 
Spins in from middle, clipped to short midwicket, 90.7kph",20.3,0,0.0,"Michael Bracewell to Shreyas Iyer, no run  .Spins in from middle, clipped to short midwicket, 90.7kph",Michael Bracewell,Shreyas Iyer,0.0,0,0,1,1,0.0,0,,0
"20.4 
• 
Michael Bracewell to Shreyas Iyer, no run 
Fuller on off, clipped to backward square leg, 91kph",20.4,0,0.0,"Michael Bracewell to Shreyas Iyer, no run  .Fuller on off, clipped to backward square leg, 91kph",Michael Bracewell,Shreyas Iyer,0.0,0,0,1,1,0.0,0,,0
"20.5 
1 
Michael Bracewell to Shreyas Iyer, 1 run 
Spins in from a length, he goes back to clip it towards backward square leg, where 
Santner cannot stop it. Fifty of the partnership up",20.5,1,1.0,"Michael Bracewell to Shreyas Iyer, 1 run  .Spins in from a length, he goes back to clip it towards backward square leg, where  .Santner cannot stop it. Fifty of the partnership up",Michael Bracewell,Shreyas Iyer,1.0,0,0,1,1,1.0,0,,1
"20.6 
4 
Michael Bracewell to Axar Patel, FOUR runs 
Classic cut shot, finds the gap. Slightly short just outside off, 90.7kph, Axar quickly 
goes back and slashes it between backward point and short third, who was quite square 
end of over 216 runs  
IND: 84/3CRR: 4.00  
Axar Patel21 (40b 2x4) 
Shreyas Iyer32 (48b 3x4) 
Michael Bracewell 2-0-10-0 
Mitchell Santner 4-1-15-0 
""I think a great deal of luck comes involved. I wish I could say that I've got 
a special little glue tag that I use, but unfortunately, that's not the case. If 
anything, my palms are more sweaty than anything else. So yeah, it 
obviously comes down to a lot of hard work and doing the basics as much 
as I can and then sometimes luck just plays a good part in it."" 
Ahead of this match, Glenn Phillips was asked about his extraordinary catching ability 
and here's what he had to say:",20.6,4,4.0,"Michael Bracewell to Axar Patel, FOUR runs  .Classic cut shot, finds the gap. Slightly short just outside off, 90.7kph, Axar quickly  .goes back and slashes it between backward point and short third, who was quite square",Michael Bracewell,Axar Patel,4.0,1,0,1,1,4.0,0,,1
"21.1 
1 
Santner to Shreyas Iyer, 1 run 
Fuller on leg, clipped to the on side",21.1,1,1.0,"Santner to Shreyas Iyer, 1 run  .Fuller on leg, clipped to the on side",Santner,Shreyas Iyer,1.0,0,0,1,1,1.0,0,,1
"21.2 
• 
Santner to Axar Patel, no run 
Spinning in on leg, he tucks it around the corner",21.2,0,0.0,"Santner to Axar Patel, no run  .Spinning in on leg, he tucks it around the corner",Santner,Axar Patel,0.0,0,0,1,1,0.0,0,,0
"21.3 
1w 
Santner to Axar Patel, 1 wide 
Full and down leg, he mimes the flick inside the line",21.3,1w,1.0,"Santner to Axar Patel, 1 wide  .Full and down leg, he mimes the flick inside the line",Santner,Axar Patel,0.0,0,0,0,0,1.0,0,,1
"21.3 
1 
Santner to Axar Patel, 1 run 
Tossed up full outside off, 76kph, he comes forward and sweeps it all along the ground 
through square leg",21.3,1,1.0,"Santner to Axar Patel, 1 run  .Tossed up full outside off, 76kph, he comes forward and sweeps it all along the ground  .through square leg",Santner,Axar Patel,1.0,0,0,1,1,1.0,0,,1
"21.4 
• 
Santner to Shreyas Iyer, no run 
Nicely tossed up outside off, sliced off the outer half towards short third",21.4,0,0.0,"Santner to Shreyas Iyer, no run  .Nicely tossed up outside off, sliced off the outer half towards short third",Santner,Shreyas Iyer,0.0,0,0,1,1,0.0,0,,0
"21.5 
• 
Santner to Shreyas Iyer, no run 
Full on middle, eased to short cover",21.5,0,0.0,"Santner to Shreyas Iyer, no run  .Full on middle, eased to short cover",Santner,Shreyas Iyer,0.0,0,0,1,1,0.0,0,,0
"21.6 
1 
Santner to Shreyas Iyer, 1 run 
Goes back to the length ball to clip it through midwicket 
end of over 224 runs  
IND: 88/3CRR: 4.00  
Shreyas Iyer34 (52b 3x4) 
Axar Patel22 (42b 2x4) 
Mitchell Santner 5-1-19-0 
Michael Bracewell 2-0-10-0",21.6,1,1.0,"Santner to Shreyas Iyer, 1 run  .Goes back to the length ball to clip it through midwicket",Santner,Shreyas Iyer,1.0,0,0,1,1,1.0,0,,1
"22.1 
• 
Michael Bracewell to Shreyas Iyer, no run 
Comes down to the flatter ball around off and middle, 93.6kph, defends it to the on side",22.1,0,0.0,"Michael Bracewell to Shreyas Iyer, no run  .Comes down to the flatter ball around off and middle, 93.6kph, defends it to the on side",Michael Bracewell,Shreyas Iyer,0.0,0,0,1,1,0.0,0,,0
"22.2 
• 
Michael Bracewell to Shreyas Iyer, no run 
Full on leg, swept to backward square leg",22.2,0,0.0,"Michael Bracewell to Shreyas Iyer, no run  .Full on leg, swept to backward square leg",Michael Bracewell,Shreyas Iyer,0.0,0,0,1,1,0.0,0,,0
"22.3 
• 
Michael Bracewell to Shreyas Iyer, no run 
Fuller outside off, wristed to short midwicket",22.3,0,0.0,"Michael Bracewell to Shreyas Iyer, no run  .Fuller outside off, wristed to short midwicket",Michael Bracewell,Shreyas Iyer,0.0,0,0,1,1,0.0,0,,0
"22.4 
• 
Michael Bracewell to Shreyas Iyer, no run 
Full on middle and leg, clipped to square leg, 90.8kph",22.4,0,0.0,"Michael Bracewell to Shreyas Iyer, no run  .Full on middle and leg, clipped to square leg, 90.8kph",Michael Bracewell,Shreyas Iyer,0.0,0,0,1,1,0.0,0,,0
"22.5 
1 
Michael Bracewell to Shreyas Iyer, 1 run 
Darts it in on middle and leg, clipped past square leg 
Hayramb: ""Good comeback from India. Iyer leading the rebuild. He'll score big and take 
India above 270""",22.5,1,1.0,"Michael Bracewell to Shreyas Iyer, 1 run  .Darts it in on middle and leg, clipped past square leg",Michael Bracewell,Shreyas Iyer,1.0,0,0,1,1,1.0,0,,1
"22.6 
1 
Michael Bracewell to Axar Patel, 1 run 
Tossed up on off, knocked down to long-off 
end of over 232 runs  
IND: 90/3CRR: 3.91  
Axar Patel23 (43b 2x4) 
Shreyas Iyer35 (57b 3x4) 
Michael Bracewell 3-0-12-0 
Mitchell Santner 5-1-19-0",22.6,1,1.0,"Michael Bracewell to Axar Patel, 1 run  .Tossed up on off, knocked down to long-off",Michael Bracewell,Axar Patel,1.0,0,0,1,1,1.0,0,,1
"23.1 
1 
Santner to Axar Patel, 1 run 
Off the outer half, after he goes back to punch it through the on side. It did not spin in 
after landing on a length",23.1,1,1.0,"Santner to Axar Patel, 1 run  .Off the outer half, after he goes back to punch it through the on side. It did not spin in  .after landing on a length",Santner,Axar Patel,1.0,0,0,1,1,1.0,0,,1
"23.2 
2 
Santner to Shreyas Iyer, 2 runs 
Flatter and a tad shorter, 88.5kph, Iyer rocks back and heaves it through midwicket for a 
couple",23.2,2,2.0,"Santner to Shreyas Iyer, 2 runs  .Flatter and a tad shorter, 88.5kph, Iyer rocks back and heaves it through midwicket for a  .couple",Santner,Shreyas Iyer,2.0,0,0,1,1,2.0,0,,1
"23.3 
1 
Santner to Shreyas Iyer, 1 run 
Fuller on off, punched through extra cover",23.3,1,1.0,"Santner to Shreyas Iyer, 1 run  .Fuller on off, punched through extra cover",Santner,Shreyas Iyer,1.0,0,0,1,1,1.0,0,,1
"23.4 
1 
Santner to Axar Patel, 1 run 
Floated full outside off, he slogs it on the bounce to deep midwicket, 76.5kph",23.4,1,1.0,"Santner to Axar Patel, 1 run  .Floated full outside off, he slogs it on the bounce to deep midwicket, 76.5kph",Santner,Axar Patel,1.0,0,0,1,1,1.0,0,,1
"23.5 
1 
Santner to Shreyas Iyer, 1 run 
Full on off, eased down to long-off. Was in the air a touch",23.5,1,1.0,"Santner to Shreyas Iyer, 1 run  .Full on off, eased down to long-off. Was in the air a touch",Santner,Shreyas Iyer,1.0,0,0,1,1,1.0,0,,1
"23.6 
• 
Santner to Axar Patel, no run 
Spins in from a length on middle, he hangs back to tuck it down to square leg, 77.7kph 
end of over 246 runs  
IND: 96/3CRR: 4.00  
Axar Patel25 (46b 2x4) 
Shreyas Iyer39 (60b 3x4) 
Mitchell Santner 6-1-25-0 
Michael Bracewell 3-0-12-0",23.6,0,0.0,"Santner to Axar Patel, no run  .Spins in from a length on middle, he hangs back to tuck it down to square leg, 77.7kph",Santner,Axar Patel,0.0,0,0,1,1,0.0,0,,0
"24.1 
• 
Michael Bracewell to Shreyas Iyer, no run 
Fired down leg, but he cannot clip it past Santner at backward square leg",24.1,0,0.0,"Michael Bracewell to Shreyas Iyer, no run  .Fired down leg, but he cannot clip it past Santner at backward square leg",Michael Bracewell,Shreyas Iyer,0.0,0,0,1,1,0.0,0,,0
"24.2 
1w 
Michael Bracewell to Shreyas Iyer, 1 wide 
Fired down leg, he goes for the paddle but misses, 82.6kph",24.2,1w,1.0,"Michael Bracewell to Shreyas Iyer, 1 wide  .Fired down leg, he goes for the paddle but misses, 82.6kph",Michael Bracewell,Shreyas Iyer,0.0,0,0,0,0,1.0,0,,1
"24.2 
• 
Michael Bracewell to Shreyas Iyer, no run 
Once again tucks the inspinning ball to square leg",24.2,0,0.0,"Michael Bracewell to Shreyas Iyer, no run  .Once again tucks the inspinning ball to square leg",Michael Bracewell,Shreyas Iyer,0.0,0,0,1,1,0.0,0,,0
"24.3 
1w 
Michael Bracewell to Shreyas Iyer, 1 wide 
Goes back and across to work it fine down leg but it spins down leg from off, given wide",24.3,1w,1.0,"Michael Bracewell to Shreyas Iyer, 1 wide  .Goes back and across to work it fine down leg but it spins down leg from off, given wide",Michael Bracewell,Shreyas Iyer,0.0,0,0,0,0,1.0,0,,1
"24.3 
1 
Michael Bracewell to Shreyas Iyer, 1 run 
Full outside off, tucks it across the line with soft hands for a quick one 
praman: ""Very good opportunity for Axar as well to show the world he can dug deep 
when needed. Anything around 260 will give India a chance, given the quality of their 
spinners. """,24.3,1,1.0,"Michael Bracewell to Shreyas Iyer, 1 run  .Full outside off, tucks it across the line with soft hands for a quick one",Michael Bracewell,Shreyas Iyer,1.0,0,0,1,1,1.0,0,,1
"24.4 
1 
Michael Bracewell to Axar Patel, 1 run 
Full on leg, eased down to long-on",24.4,1,1.0,"Michael Bracewell to Axar Patel, 1 run  .Full on leg, eased down to long-on",Michael Bracewell,Axar Patel,1.0,0,0,1,1,1.0,0,,1
"24.5 
• 
Michael Bracewell to Shreyas Iyer, no run 
Fuller and outside off, 91.9kph, he goes back and across and punches it to midwicket",24.5,0,0.0,"Michael Bracewell to Shreyas Iyer, no run  .Fuller and outside off, 91.9kph, he goes back and across and punches it to midwicket",Michael Bracewell,Shreyas Iyer,0.0,0,0,1,1,0.0,0,,0
"24.6 
4 
Michael Bracewell to Shreyas Iyer, FOUR runs 
Just over a leaping Santner! Shortish and spinning in on a length, Iyer goes back and 
sweep-pulls it over square leg. It is the longer square boundary but not long enough to 
prevent four 
end of over 258 runs  
IND: 104/3CRR: 4.16  
Shreyas Iyer44 (65b 4x4) 
Axar Patel26 (47b 2x4) 
Michael Bracewell 4-0-20-0 
Mitchell Santner 6-1-25-0 
Rachin Ravindra into the attack 
 
Shreyas Iyer vs NZ in ODIs 
INNS 
8 
RUNS 
528 
SR 
100.38 
AVE 
75.42",24.6,4,4.0,"Michael Bracewell to Shreyas Iyer, FOUR runs  .Just over a leaping Santner! Shortish and spinning in on a length, Iyer goes back and  .sweep-pulls it over square leg. It is the longer square boundary but not long enough to  .prevent four",Michael Bracewell,Shreyas Iyer,4.0,1,0,1,1,4.0,0,,1
"25.1 
1 
Ravindra to Axar Patel, 1 run 
Spins in from a length outside off, 92kph, he goes back and punches it to long-on",25.1,1,1.0,"Ravindra to Axar Patel, 1 run  .Spins in from a length outside off, 92kph, he goes back and punches it to long-on",Ravindra,Axar Patel,1.0,0,0,1,1,1.0,0,,1
"25.2 
1 
Ravindra to Shreyas Iyer, 1 run 
Slower through the air, 89.8kph, full on middle, eased to long-off",25.2,1,1.0,"Ravindra to Shreyas Iyer, 1 run  .Slower through the air, 89.8kph, full on middle, eased to long-off",Ravindra,Shreyas Iyer,1.0,0,0,1,1,1.0,0,,1
"25.3 
1 
Ravindra to Axar Patel, 1 run 
Full toss outside off, cannot beat mid-off with the drive. Mitchell runs to his right, dives 
and keeps it to one",25.3,1,1.0,"Ravindra to Axar Patel, 1 run  .Full toss outside off, cannot beat mid-off with the drive. Mitchell runs to his right, dives  .and keeps it to one",Ravindra,Axar Patel,1.0,0,0,1,1,1.0,0,,1
"25.4 
• 
Ravindra to Shreyas Iyer, no run 
Full on middle, driven to short cover",25.4,0,0.0,"Ravindra to Shreyas Iyer, no run  .Full on middle, driven to short cover",Ravindra,Shreyas Iyer,0.0,0,0,1,1,0.0,0,,0
"25.5 
• 
Ravindra to Shreyas Iyer, no run 
Quicker and flatter outside off, 93.2kph, steered to short third",25.5,0,0.0,"Ravindra to Shreyas Iyer, no run  .Quicker and flatter outside off, 93.2kph, steered to short third",Ravindra,Shreyas Iyer,0.0,0,0,1,1,0.0,0,,0
"25.6 
1 
Ravindra to Shreyas Iyer, 1 run 
Short and just outside off, plunked through wide mid-on 
end of over 264 runs  
IND: 108/3CRR: 4.15  
Shreyas Iyer46 (69b 4x4) 
Axar Patel28 (49b 2x4) 
Rachin Ravindra 1-0-4-0 
Michael Bracewell 4-0-20-0 
Kaut: ""India not out of the woods yet but match getting nicely set up for Hardik's flourish 
later.""",25.6,1,1.0,"Ravindra to Shreyas Iyer, 1 run  .Short and just outside off, plunked through wide mid-on",Ravindra,Shreyas Iyer,1.0,0,0,1,1,1.0,0,,1
"26.1 
1 
Michael Bracewell to Shreyas Iyer, 1 run 
Full outside off, he comes forward to wrist it wide of midwicket",26.1,1,1.0,"Michael Bracewell to Shreyas Iyer, 1 run  .Full outside off, he comes forward to wrist it wide of midwicket",Michael Bracewell,Shreyas Iyer,1.0,0,0,1,1,1.0,0,,1
"26.2 
1 
Michael Bracewell to Axar Patel, 1 run 
Goes back to the length ball outside off, 81.7kph, sliced to deep point",26.2,1,1.0,"Michael Bracewell to Axar Patel, 1 run  .Goes back to the length ball outside off, 81.7kph, sliced to deep point",Michael Bracewell,Axar Patel,1.0,0,0,1,1,1.0,0,,1
"26.3 
1 
Michael Bracewell to Shreyas Iyer, 1 run 
Full on middle, knocked down to long-on",26.3,1,1.0,"Michael Bracewell to Shreyas Iyer, 1 run  .Full on middle, knocked down to long-on",Michael Bracewell,Shreyas Iyer,1.0,0,0,1,1,1.0,0,,1
"26.4 
4 
Michael Bracewell to Axar Patel, FOUR runs 
Heaved away nicely! The key is in Axar's picking the length early. Darted short on middle 
and elg, 87.9kph, he quickly goes back to pick it up over midwicket. Almost goes the 
distance",26.4,4,4.0,"Michael Bracewell to Axar Patel, FOUR runs  .Heaved away nicely! The key is in Axar's picking the length early. Darted short on middle  .and elg, 87.9kph, he quickly goes back to pick it up over midwicket. Almost goes the  .distance",Michael Bracewell,Axar Patel,4.0,1,0,1,1,4.0,0,,1
"26.5 
1 
Michael Bracewell to Axar Patel, 1 run 
Shortish outside off, slapped to deep cover-point",26.5,1,1.0,"Michael Bracewell to Axar Patel, 1 run  .Shortish outside off, slapped to deep cover-point",Michael Bracewell,Axar Patel,1.0,0,0,1,1,1.0,0,,1
"26.6 
1 
Michael Bracewell to Shreyas Iyer, 1 run 
Spins in from a length, Iyer goes back to clip it to deep midwicket. Nine off the over 
end of over 279 runs  
IND: 117/3CRR: 4.33  
Shreyas Iyer49 (72b 4x4) 
Axar Patel34 (52b 3x4) 
Michael Bracewell 5-0-29-0 
Rachin Ravindra 1-0-4-0",26.6,1,1.0,"Michael Bracewell to Shreyas Iyer, 1 run  .Spins in from a length, Iyer goes back to clip it to deep midwicket. Nine off the over",Michael Bracewell,Shreyas Iyer,1.0,0,0,1,1,1.0,0,,1
"27.1 
• 
Ravindra to Shreyas Iyer, no run 
Beautifully bowled! Has it done Iyer in? Latham quickly whips the bails off and poses 
the question. It lands outside off and spins away, 94kph, Iyer comes forward to knock it 
down but is beaten. He has his back foot in but not by too much",27.1,0,0.0,"Ravindra to Shreyas Iyer, no run  .Beautifully bowled! Has it done Iyer in? Latham quickly whips the bails off and poses  .the question. It lands outside off and spins away, 94kph, Iyer comes forward to knock it  .down but is beaten. He has his back foot in but not by too much",Ravindra,Shreyas Iyer,0.0,0,0,1,1,0.0,0,,0
"27.2 
• 
Ravindra to Shreyas Iyer, no run 
Fuller outside off, kept out to backward point, 94.4kph",27.2,0,0.0,"Ravindra to Shreyas Iyer, no run  .Fuller outside off, kept out to backward point, 94.4kph",Ravindra,Shreyas Iyer,0.0,0,0,1,1,0.0,0,,0
"27.3 
1 
Ravindra to Shreyas Iyer, 1 run 
Fifty for Iyer as he goes back to the length ball at 89.1kph to punch it down to long-on, 
on the 75th ball he faced, his slowest in ODIs 
See all photos",27.3,1,1.0,"Ravindra to Shreyas Iyer, 1 run  .Fifty for Iyer as he goes back to the length ball at 89.1kph to punch it down to long-on,  .on the 75th ball he faced, his slowest in ODIs  .See all photos",Ravindra,Shreyas Iyer,1.0,0,0,1,1,1.0,0,,1
"27.4 
• 
Ravindra to Axar Patel, no run 
Full on off, flicked to Phillips at short midwicket",27.4,0,0.0,"Ravindra to Axar Patel, no run  .Full on off, flicked to Phillips at short midwicket",Ravindra,Axar Patel,0.0,0,0,1,1,0.0,0,,0
"27.5 
• 
Ravindra to Axar Patel, no run 
Fuller on middle, hit to short midwicket",27.5,0,0.0,"Ravindra to Axar Patel, no run  .Fuller on middle, hit to short midwicket",Ravindra,Axar Patel,0.0,0,0,1,1,0.0,0,,0
"27.6 
• 
Ravindra to Axar Patel, no run 
Goes back to tap it towards short third for a quick run but it was not on. Just one off the 
over 
end of over 281 run  
IND: 118/3CRR: 4.21  
Axar Patel34 (55b 3x4) 
Shreyas Iyer50 (75b 4x4) 
Rachin Ravindra 2-0-5-0 
Michael Bracewell 5-0-29-0",27.6,0,0.0,"Ravindra to Axar Patel, no run  .Goes back to tap it towards short third for a quick run but it was not on. Just one off the  .over",Ravindra,Axar Patel,0.0,0,0,1,1,0.0,0,,0
"28.1 
1 
Michael Bracewell to Shreyas Iyer, 1 run 
Full on leg, clipped fine to fine leg 
pankaj: ""This ODI match reminds of those old days of 90s and early 2000s - the classic 
one-day game - early wickets and the middle order rebuilding the first inning for the 
team to get a fightable total for the bowlers to bowl.""",28.1,1,1.0,"Michael Bracewell to Shreyas Iyer, 1 run  .Full on leg, clipped fine to fine leg",Michael Bracewell,Shreyas Iyer,1.0,0,0,1,1,1.0,0,,1
"28.2 
• 
Michael Bracewell to Axar Patel, no run 
Full on middle, driven back with a straight bat",28.2,0,0.0,"Michael Bracewell to Axar Patel, no run  .Full on middle, driven back with a straight bat",Michael Bracewell,Axar Patel,0.0,0,0,1,1,0.0,0,,0
"28.3 
2 
Michael Bracewell to Axar Patel, 2 runs 
Spins away from a length outside off, 86kph, cut away past backward point for two",28.3,2,2.0,"Michael Bracewell to Axar Patel, 2 runs  .Spins away from a length outside off, 86kph, cut away past backward point for two",Michael Bracewell,Axar Patel,2.0,0,0,1,1,2.0,0,,1
"28.4 
• 
Michael Bracewell to Axar Patel, no run 
Full on off, 86.6kph, he prods half-forward and defends it with the outer edge",28.4,0,0.0,"Michael Bracewell to Axar Patel, no run  .Full on off, 86.6kph, he prods half-forward and defends it with the outer edge",Michael Bracewell,Axar Patel,0.0,0,0,1,1,0.0,0,,0
"28.5 
6 
Michael Bracewell to Axar Patel, SIX runs 
Magnificent hit! Superb from Axar, who backs away to make room early. Bracewell 
tosses it up full outside off, it spins away a touch and that allows Axar to free his arms 
and hit it to the longer boundary, 77m six",28.5,6,6.0,"Michael Bracewell to Axar Patel, SIX runs  .Magnificent hit! Superb from Axar, who backs away to make room early. Bracewell  .tosses it up full outside off, it spins away a touch and that allows Axar to free his arms  .and hit it to the longer boundary, 77m six",Michael Bracewell,Axar Patel,6.0,0,1,1,1,6.0,0,,1
"28.6 
• 
Michael Bracewell to Axar Patel, no run 
Fuller on off, he presses forward and blocks, 9 off the over again 
end of over 299 runs  
IND: 127/3CRR: 4.37  
Axar Patel42 (60b 3x4 1x6) 
Shreyas Iyer51 (76b 4x4) 
Michael Bracewell 6-0-38-0 
Rachin Ravindra 2-0-5-0 
Shubham Agarwal tells me this is the most balls Axar Patel has faced in an ODI innings",28.6,0,0.0,"Michael Bracewell to Axar Patel, no run  .Fuller on off, he presses forward and blocks, 9 off the over again",Michael Bracewell,Axar Patel,0.0,0,0,1,1,0.0,0,,0
"29.1 
1 
Ravindra to Shreyas Iyer, 1 run 
Spins away from a length, dabbed wide of short third",29.1,1,1.0,"Ravindra to Shreyas Iyer, 1 run  .Spins away from a length, dabbed wide of short third",Ravindra,Shreyas Iyer,1.0,0,0,1,1,1.0,0,,1
"29.2 
W 
Ravindra to Axar Patel, OUT 
Top edge, soft dismissal! Axar cannot believe it. Short and spinning in on middle and 
leg, 93.8kph, he goes back to just direct it to the on side. The bat face was facing down, 
he never intended to hit it in the air. The ball bounces more, takes the top edge and 
almost evades Williamson, who runs sideways to his back from short fine leg, sticks out 
his right hand to hold on to that. Ravindra breaks the 98-run stand 
Axar Patel c Williamson b Ravindra 42 (61b 3x4 1x6 84m) SR: 68.85 
KL Rahul is in next, slip in now 
 
KL Rahul vs NZ in ODIs 
INNS 
7 
RUNS 
272 
SR 
109.67 
AVE 
68.00",29.2,W,0.0,"Ravindra to Axar Patel, OUT  .Top edge, soft dismissal! Axar cannot believe it. Short and spinning in on middle and  .leg, 93.8kph, he goes back to just direct it to the on side. The bat face was facing down,  .he never intended to hit it in the air. The ball bounces more, takes the top edge and  .almost evades Williamson, who runs sideways to his back from short fine leg, sticks out  .his right hand to hold on to that. Ravindra breaks the 98-run stand  .Axar Patel c Williamson b Ravindra 42 (61b 3x4 1x6 84m) SR: 68.85",Ravindra,Axar Patel,0.0,0,0,1,1,0.0,1,c Williamson b Ravindra,0
"29.3 
1 
Ravindra to Rahul, 1 run 
Full on off, nicely driven through wide mid-off",29.3,1,1.0,"Ravindra to Rahul, 1 run  .Full on off, nicely driven through wide mid-off",Ravindra,Rahul,1.0,0,0,1,1,1.0,0,,1
"29.4 
• 
Ravindra to Shreyas Iyer, no run 
Spinning away outside off, punched to point",29.4,0,0.0,"Ravindra to Shreyas Iyer, no run  .Spinning away outside off, punched to point",Ravindra,Shreyas Iyer,0.0,0,0,1,1,0.0,0,,0
"29.5 
1 
Ravindra to Shreyas Iyer, 1 run 
Fuller outside off, eased to deep cover",29.5,1,1.0,"Ravindra to Shreyas Iyer, 1 run  .Fuller outside off, eased to deep cover",Ravindra,Shreyas Iyer,1.0,0,0,1,1,1.0,0,,1
"29.6 
• 
Ravindra to Rahul, no run 
Full on off, placed to short cover 
How should India approach the next ten overs now? Should Iyer tee off? Let Ashish 
know as he comes on now 
end of over 303 runs • 1 wicket 
IND: 130/4CRR: 4.33  
KL Rahul1 (2b) 
Shreyas Iyer53 (79b 4x4) 
Rachin Ravindra 3-0-8-1 
Michael Bracewell 6-0-38-0 
santhosh: ""Its been long we saw a century from KL, today is his day!"" 
Thanks, Suds. A timely wicket for New Zealand. How will these next ten overs pan out?",29.6,0,0.0,"Ravindra to Rahul, no run  .Full on off, placed to short cover  .How should India approach the next ten overs now? Should Iyer tee off? Let Ashish  .know as he comes on now",Ravindra,Rahul,0.0,0,0,1,1,0.0,0,,0
"30.1 
1 
Michael Bracewell to Shreyas Iyer, 1 run 
Flatter length ball on off, he stays back and eases to long-on",30.1,1,1.0,"Michael Bracewell to Shreyas Iyer, 1 run  .Flatter length ball on off, he stays back and eases to long-on",Michael Bracewell,Shreyas Iyer,1.0,0,0,1,1,1.0,0,,1
"30.2 
• 
Michael Bracewell to Rahul, no run 
Tossed up at 83kph on off, he stays back and pushes to the right of Bracewell who 
dives and saves a run",30.2,0,0.0,"Michael Bracewell to Rahul, no run  .Tossed up at 83kph on off, he stays back and pushes to the right of Bracewell who  .dives and saves a run",Michael Bracewell,Rahul,0.0,0,0,1,1,0.0,0,,0
"30.3 
• 
Michael Bracewell to Rahul, no run 
Flatter and fuller outside off, he works this to short midwicket",30.3,0,0.0,"Michael Bracewell to Rahul, no run  .Flatter and fuller outside off, he works this to short midwicket",Michael Bracewell,Rahul,0.0,0,0,1,1,0.0,0,,0
"30.4 
• 
Michael Bracewell to Rahul, no run 
Flatter on off, he hops back and clips to the left of midwicket here GP once again dives 
and saves a run",30.4,0,0.0,"Michael Bracewell to Rahul, no run  .Flatter on off, he hops back and clips to the left of midwicket here GP once again dives  .and saves a run",Michael Bracewell,Rahul,0.0,0,0,1,1,0.0,0,,0
"30.5 
• 
Michael Bracewell to Rahul, no run 
Floated gently on off, he prods forward and defends",30.5,0,0.0,"Michael Bracewell to Rahul, no run  .Floated gently on off, he prods forward and defends",Michael Bracewell,Rahul,0.0,0,0,1,1,0.0,0,,0
"30.6 
• 
Michael Bracewell to Rahul, no run 
Just a run from that Bracewell over. Flighted length ball on off, he pushes back towards 
the bowler 
end of over 311 run  
IND: 131/4CRR: 4.22  
KL Rahul1 (7b) 
Shreyas Iyer54 (80b 4x4) 
Michael Bracewell 7-0-39-0 
Rachin Ravindra 3-0-8-1",30.6,0,0.0,"Michael Bracewell to Rahul, no run  .Just a run from that Bracewell over. Flighted length ball on off, he pushes back towards  .the bowler",Michael Bracewell,Rahul,0.0,0,0,1,1,0.0,0,,0
"31.1 
• 
Ravindra to Shreyas Iyer, no run 
Edgy! Tossed up outside off, he was looking to drive, gets it to short third off the outside 
half of the blade",31.1,0,0.0,"Ravindra to Shreyas Iyer, no run  .Edgy! Tossed up outside off, he was looking to drive, gets it to short third off the outside  .half of the blade",Ravindra,Shreyas Iyer,0.0,0,0,1,1,0.0,0,,0
"31.2 
1 
Ravindra to Shreyas Iyer, 1 run 
Goes reverse to the tossed up ball on middle, can only get it as far as deep cover 
A slip in place. Six in the ring",31.2,1,1.0,"Ravindra to Shreyas Iyer, 1 run  .Goes reverse to the tossed up ball on middle, can only get it as far as deep cover  .A slip in place. Six in the ring",Ravindra,Shreyas Iyer,1.0,0,0,1,1,1.0,0,,1
"31.3 
• 
Ravindra to Rahul, no run 
Brilliant from O'Rourke. Tad short and wide, he cuts to the right of backward point where 
the fielder dives full-length and saves at least two",31.3,0,0.0,"Ravindra to Rahul, no run  .Brilliant from O'Rourke. Tad short and wide, he cuts to the right of backward point where  .the fielder dives full-length and saves at least two",Ravindra,Rahul,0.0,0,0,1,1,0.0,0,,0
"31.4 
4 
Ravindra to Rahul, FOUR runs 
Breaks the shackles by jumping down to the tossed up ball on off, reaches the pitch of it 
and goes over mid-on. Good shot.",31.4,4,4.0,"Ravindra to Rahul, FOUR runs  .Breaks the shackles by jumping down to the tossed up ball on off, reaches the pitch of it  .and goes over mid-on. Good shot.",Ravindra,Rahul,4.0,1,0,1,1,4.0,0,,1
"31.5 
1 
Ravindra to Rahul, 1 run 
Backs away just a touch and cuts the good length ball to deep cover",31.5,1,1.0,"Ravindra to Rahul, 1 run  .Backs away just a touch and cuts the good length ball to deep cover",Ravindra,Rahul,1.0,0,0,1,1,1.0,0,,1
"31.6 
1 
Ravindra to Shreyas Iyer, 1 run 
A touch flatter outside off, he pushes to deep cover again 
Suks: ""I'm loving this match. I am a British born Indian living in NZ. Where do my 
loyalties lie?? Well since I live in Auckland I'm going for the NZ win but if India are 
playing any other team then team India all way.."" 
end of over 327 runs  
IND: 138/4CRR: 4.31  
Shreyas Iyer56 (83b 4x4) 
KL Rahul6 (10b 1x4) 
Rachin Ravindra 4-0-15-1 
Michael Bracewell 7-0-39-0 
Praman: ""India should look to rotate strike with odd balls boundaries till 40 over. If they 
not loose next wicket till 40 over and with Hardik and Jaddu to come, score should be 
around 280. Hope for Hardik blitz at the end. It gives India more than a fighting chance. 
""",31.6,1,1.0,"Ravindra to Shreyas Iyer, 1 run  .A touch flatter outside off, he pushes to deep cover again",Ravindra,Shreyas Iyer,1.0,0,0,1,1,1.0,0,,1
"32.1 
1 
Michael Bracewell to Shreyas Iyer, 1 run 
Flatter and shorter and down leg. He gets inside the line of that and helps it to deep 
backward square leg",32.1,1,1.0,"Michael Bracewell to Shreyas Iyer, 1 run  .Flatter and shorter and down leg. He gets inside the line of that and helps it to deep  .backward square leg",Michael Bracewell,Shreyas Iyer,1.0,0,0,1,1,1.0,0,,1
"32.2 
• 
Michael Bracewell to Rahul, no run 
Gets some sharp turn around leg stump. Rahul was initially looking to back away but is 
cramped for room as he bunts this to the on-side",32.2,0,0.0,"Michael Bracewell to Rahul, no run  .Gets some sharp turn around leg stump. Rahul was initially looking to back away but is  .cramped for room as he bunts this to the on-side",Michael Bracewell,Rahul,0.0,0,0,1,1,0.0,0,,0
"32.3 
1 
Michael Bracewell to Rahul, 1 run 
Tossed up on off, he pushes to long-on",32.3,1,1.0,"Michael Bracewell to Rahul, 1 run  .Tossed up on off, he pushes to long-on",Michael Bracewell,Rahul,1.0,0,0,1,1,1.0,0,,1
"32.4 
1 
Michael Bracewell to Shreyas Iyer, 1 run 
Shimmies down the track but Bracewell sees him and shortens the length on middle. 
Iyer adjusts and works this behind square",32.4,1,1.0,"Michael Bracewell to Shreyas Iyer, 1 run  .Shimmies down the track but Bracewell sees him and shortens the length on middle.  .Iyer adjusts and works this behind square",Michael Bracewell,Shreyas Iyer,1.0,0,0,1,1,1.0,0,,1
"32.5 
2 
Michael Bracewell to Rahul, 2 runs 
Tossed up on off, he gets down low and laps this fine for a couple of runs",32.5,2,2.0,"Michael Bracewell to Rahul, 2 runs  .Tossed up on off, he gets down low and laps this fine for a couple of runs",Michael Bracewell,Rahul,2.0,0,0,1,1,2.0,0,,1
"32.6 
1 
Michael Bracewell to Rahul, 1 run 
Stifle short and turning into Rahul as he rocks back and pulls to deep midwicket for a 
run 
end of over 336 runs  
IND: 144/4CRR: 4.36  
KL Rahul10 (14b 1x4) 
Shreyas Iyer58 (85b 4x4) 
Michael Bracewell 8-0-45-0 
Rachin Ravindra 4-0-15-1",32.6,1,1.0,"Michael Bracewell to Rahul, 1 run  .Stifle short and turning into Rahul as he rocks back and pulls to deep midwicket for a  .run",Michael Bracewell,Rahul,1.0,0,0,1,1,1.0,0,,1
"33.1 
1 
Ravindra to Rahul, 1 run 
Angled in on off stump, he squirts it off the inside half of the bat towards square leg 
 
Shreyas Iyer vs Rachin Ravindra 
BALLS 
38 
RUNS 
53 
OUTS 
0 
SR 
139.47 
4s/6s 
2/5",33.1,1,1.0,"Ravindra to Rahul, 1 run  .Angled in on off stump, he squirts it off the inside half of the bat towards square leg  .  .Shreyas Iyer vs Rachin Ravindra  .BALLS  .38  .RUNS  .53  .OUTS  .0  .SR  .139.47  .4s/6s  .2/5",Ravindra,Rahul,1.0,0,0,1,1,1.0,0,,1
"33.2 
6 
Ravindra to Shreyas Iyer, SIX runs 
Dragged down and punished! Iyer picks the length so early as he stays back and 
hammers the pull over deep midwicket for a six",33.2,6,6.0,"Ravindra to Shreyas Iyer, SIX runs  .Dragged down and punished! Iyer picks the length so early as he stays back and  .hammers the pull over deep midwicket for a six",Ravindra,Shreyas Iyer,6.0,0,1,1,1,6.0,0,,1
"33.3 
1 
Ravindra to Shreyas Iyer, 1 run 
Fuller on middle and leg, worked behind square neatly",33.3,1,1.0,"Ravindra to Shreyas Iyer, 1 run  .Fuller on middle and leg, worked behind square neatly",Ravindra,Shreyas Iyer,1.0,0,0,1,1,1.0,0,,1
"33.4 
1 
Ravindra to Rahul, 1 run 
Flatter just outside off, he pushes towards deep cover",33.4,1,1.0,"Ravindra to Rahul, 1 run  .Flatter just outside off, he pushes towards deep cover",Ravindra,Rahul,1.0,0,0,1,1,1.0,0,,1
"33.5 
• 
Ravindra to Shreyas Iyer, no run 
Flatter length ball on off. Was bowled at 102kph. Iyer pushes back to Rachin",33.5,0,0.0,"Ravindra to Shreyas Iyer, no run  .Flatter length ball on off. Was bowled at 102kph. Iyer pushes back to Rachin",Ravindra,Shreyas Iyer,0.0,0,0,1,1,0.0,0,,0
"33.6 
1 
Ravindra to Shreyas Iyer, 1 run 
Floated on off, he eases to long-off. 
Piyush: ""Late 90s odis feel here. Can Hardik and jaddu do a Robin singh/ajay jadeja at 
death?"" 
end of over 3410 runs  
IND: 154/4CRR: 4.52  
Shreyas Iyer66 (89b 4x4 1x6) 
KL Rahul12 (16b 1x4) 
Rachin Ravindra 5-0-25-1 
Michael Bracewell 8-0-45-0 
O'Rourke back for another spell. He is over the wicket",33.6,1,1.0,"Ravindra to Shreyas Iyer, 1 run  .Floated on off, he eases to long-off.",Ravindra,Shreyas Iyer,1.0,0,0,1,1,1.0,0,,1
"34.1 
1 
O'Rourke to Shreyas Iyer, 1 run 
Slower good length ball on off, he opens the face of the bat and runs this down to deep 
third for a run",34.1,1,1.0,"O'Rourke to Shreyas Iyer, 1 run  .Slower good length ball on off, he opens the face of the bat and runs this down to deep  .third for a run",O'Rourke,Shreyas Iyer,1.0,0,0,1,1,1.0,0,,1
"34.2 
1 
O'Rourke to Rahul, 1 run 
Rising back of a length ball at 137kph on off. He gets on his toes and pushes towards 
cover for a quick run",34.2,1,1.0,"O'Rourke to Rahul, 1 run  .Rising back of a length ball at 137kph on off. He gets on his toes and pushes towards  .cover for a quick run",O'Rourke,Rahul,1.0,0,0,1,1,1.0,0,,1
"34.3 
• 
O'Rourke to Shreyas Iyer, no run 
Mistimed but safe. Hard length on off. Iyer is a little rushed on the pull and ends up 
splicing towards mid-on. Fell well short",34.3,0,0.0,"O'Rourke to Shreyas Iyer, no run  .Mistimed but safe. Hard length on off. Iyer is a little rushed on the pull and ends up  .splicing towards mid-on. Fell well short",O'Rourke,Shreyas Iyer,0.0,0,0,1,1,0.0,0,,0
"34.4 
1 
O'Rourke to Shreyas Iyer, 1 run 
Does that carry? Oh, no it doesn't. Another bouncer and this was even quicker at 
141.7kph around off stump. He completely mistimes his pull but Young running in from 
deep square leg, can't get to in time.",34.4,1,1.0,"O'Rourke to Shreyas Iyer, 1 run  .Does that carry? Oh, no it doesn't. Another bouncer and this was even quicker at  .141.7kph around off stump. He completely mistimes his pull but Young running in from  .deep square leg, can't get to in time.",O'Rourke,Shreyas Iyer,1.0,0,0,1,1,1.0,0,,1
"34.5 
1 
O'Rourke to Rahul, 1 run 
Back of a length outside off, he dabs this to deep third",34.5,1,1.0,"O'Rourke to Rahul, 1 run  .Back of a length outside off, he dabs this to deep third",O'Rourke,Rahul,1.0,0,0,1,1,1.0,0,,1
"34.6 
6 
O'Rourke to Shreyas Iyer, SIX runs 
In the slot and Iyer has smoked this for six. Slower half-volley on off and that was a gift 
for Iyer who picked the change of pace early. 117.6kph and he gets across and wallops 
this over mid-off and, eventually over the ropes 
end of over 3510 runs  
IND: 164/4CRR: 4.68  
Shreyas Iyer74 (93b 4x4 2x6) 
KL Rahul14 (18b 1x4) 
Will O’Rourke 5-0-29-0 
Rachin Ravindra 5-0-25-1 
 
KL Rahul vs left-arm orthodox in ODIs 
RUNS 
350 
OUTS 
5 
4s/6s 
24/6 
SR 
95.10 
AVE 
70.00",34.6,6,6.0,"O'Rourke to Shreyas Iyer, SIX runs  .In the slot and Iyer has smoked this for six. Slower half-volley on off and that was a gift  .for Iyer who picked the change of pace early. 117.6kph and he gets across and wallops  .this over mid-off and, eventually over the ropes",O'Rourke,Shreyas Iyer,6.0,0,1,1,1,6.0,0,,1
"35.1 
1 
Ravindra to Rahul, 1 run 
Flatter 93.4kph on off, he drives to deep cover",35.1,1,1.0,"Ravindra to Rahul, 1 run  .Flatter 93.4kph on off, he drives to deep cover",Ravindra,Rahul,1.0,0,0,1,1,1.0,0,,1
"35.2 
1 
Ravindra to Shreyas Iyer, 1 run 
Short and wide, he cuts this but can't beat O'Rourke at short third",35.2,1,1.0,"Ravindra to Shreyas Iyer, 1 run  .Short and wide, he cuts this but can't beat O'Rourke at short third",Ravindra,Shreyas Iyer,1.0,0,0,1,1,1.0,0,,1
"35.3 
1 
Ravindra to Rahul, 1 run 
Tossed up outside off, he drives this crisply to deep cover but only for a run",35.3,1,1.0,"Ravindra to Rahul, 1 run  .Tossed up outside off, he drives this crisply to deep cover but only for a run",Ravindra,Rahul,1.0,0,0,1,1,1.0,0,,1
"35.4 
1 
Ravindra to Shreyas Iyer, 1 run 
Floated on leg stump, he works this to deep backward square leg",35.4,1,1.0,"Ravindra to Shreyas Iyer, 1 run  .Floated on leg stump, he works this to deep backward square leg",Ravindra,Shreyas Iyer,1.0,0,0,1,1,1.0,0,,1
"35.5 
1 
Ravindra to Rahul, 1 run 
Short and wide outside off, he rocks back and slaps this to deep cover. Think he got that 
off the bottom half of the blade",35.5,1,1.0,"Ravindra to Rahul, 1 run  .Short and wide outside off, he rocks back and slaps this to deep cover. Think he got that  .off the bottom half of the blade",Ravindra,Rahul,1.0,0,0,1,1,1.0,0,,1
"35.6 
1 
Ravindra to Shreyas Iyer, 1 run 
Fuller on off stump, he pushes to long-on. That will be drinks. 
end of over 366 runs  
IND: 170/4CRR: 4.72  
Shreyas Iyer77 (96b 4x4 2x6) 
KL Rahul17 (21b 1x4) 
Rachin Ravindra 6-0-31-1 
Will O’Rourke 5-0-29-0 
Nick: ""I don't understand bowling Bracewell for 8 overs? No wickets and our most 
expensive bowler. Bowl Phillips for a couple of overs"" 
 
Shreyas Iyer vs Will O’Rourke 
BALLS 
14 
RUNS 
24 
OUTS 
0 
SR 
171.42 
4s/6s 
3/1",35.6,1,1.0,"Ravindra to Shreyas Iyer, 1 run  .Fuller on off stump, he pushes to long-on. That will be drinks.",Ravindra,Shreyas Iyer,1.0,0,0,1,1,1.0,0,,1
"36.1 
2 
O'Rourke to Shreyas Iyer, 2 runs 
Banged in short outside off, he pulls not off the middle of the bat, but gets enough 
power to clear the infield on the on-side",36.1,2,2.0,"O'Rourke to Shreyas Iyer, 2 runs  .Banged in short outside off, he pulls not off the middle of the bat, but gets enough  .power to clear the infield on the on-side",O'Rourke,Shreyas Iyer,2.0,0,0,1,1,2.0,0,,1
"36.2 
W 
O'Rourke to Shreyas Iyer, OUT 
The short ball brings about Iyer's undoing one more time. He was not going to shy 
away, but this time, the gamble does not pay off. Banged in short on off stump at 
143kph. Iyer is rushed into the pull and gets a big top edge as Young runs back from 
short midwicket to take the catch. There was a bit of a juggle, but he hung on. 
Shreyas Iyer c Young b O'Rourke 79 (98b 4x4 2x6 122m) SR: 80.61 
See all photos 
Hardik Pandya is the next man in. O'Rourke is over the wicket",36.2,W,0.0,"O'Rourke to Shreyas Iyer, OUT  .The short ball brings about Iyer's undoing one more time. He was not going to shy  .away, but this time, the gamble does not pay off. Banged in short on off stump at  .143kph. Iyer is rushed into the pull and gets a big top edge as Young runs back from  .short midwicket to take the catch. There was a bit of a juggle, but he hung on.  .Shreyas Iyer c Young b O'Rourke 79 (98b 4x4 2x6 122m) SR: 80.61",O'Rourke,Shreyas Iyer,0.0,0,0,1,1,0.0,1,c Young b O'Rourke,0
"36.3 
• 
O'Rourke to Hardik, no run 
Back of a length ball outside off, he pushes towards cover",36.3,0,0.0,"O'Rourke to Hardik, no run  .Back of a length ball outside off, he pushes towards cover",O'Rourke,Hardik,0.0,0,0,1,1,0.0,0,,0
"36.4 
• 
O'Rourke to Hardik, no run 
On a length outside off, he defends",36.4,0,0.0,"O'Rourke to Hardik, no run  .On a length outside off, he defends",O'Rourke,Hardik,0.0,0,0,1,1,0.0,0,,0
"36.5 
• 
O'Rourke to Hardik, no run 
Back of a length ball on off, he rides the bounce and ticks this to backward point",36.5,0,0.0,"O'Rourke to Hardik, no run  .Back of a length ball on off, he rides the bounce and ticks this to backward point",O'Rourke,Hardik,0.0,0,0,1,1,0.0,0,,0
"36.6 
1b 
O'Rourke to Hardik, 1 bye 
Slower bouncer, he ducks under and Latham misfields too. They get a bye 
end of over 373 runs • 1 wicket 
IND: 173/5CRR: 4.67  
Hardik Pandya0 (4b) 
KL Rahul17 (21b 1x4) 
Will O’Rourke 6-0-31-1 
Rachin Ravindra 6-0-31-1 
Santner in from around the wicket",36.6,1b,1.0,"O'Rourke to Hardik, 1 bye  .Slower bouncer, he ducks under and Latham misfields too. They get a bye",O'Rourke,Hardik,0.0,0,0,1,1,0.0,0,,1
"37.1 
• 
Santner to Hardik, no run 
Angled in on off, he prods forward and pushes to covers",37.1,0,0.0,"Santner to Hardik, no run  .Angled in on off, he prods forward and pushes to covers",Santner,Hardik,0.0,0,0,1,1,0.0,0,,0
"37.2 
1 
Santner to Hardik, 1 run 
Dragged down but he can't latch on. Was short and down leg, he pulls but can't beat 
deep backward square leg",37.2,1,1.0,"Santner to Hardik, 1 run  .Dragged down but he can't latch on. Was short and down leg, he pulls but can't beat  .deep backward square leg",Santner,Hardik,1.0,0,0,1,1,1.0,0,,1
"37.3 
1 
Santner to Rahul, 1 run 
Tossed up on middle, he stays leg side of the ball and eases to long-off 
 
Hardik Pandya vs Mitchell Santner 
BALLS 
58 
RUNS 
33 
OUTS 
4 
SR 
56.89 
4s/6s 
0/2",37.3,1,1.0,"Santner to Rahul, 1 run  .Tossed up on middle, he stays leg side of the ball and eases to long-off  .  .Hardik Pandya vs Mitchell Santner  .BALLS  .58  .RUNS  .33  .OUTS  .4  .SR  .56.89  .4s/6s  .0/2",Santner,Rahul,1.0,0,0,1,1,1.0,0,,1
"37.4 
1 
Santner to Hardik, 1 run 
Stifle short and turning away from Pandya who stays back and slaps this to deep cover",37.4,1,1.0,"Santner to Hardik, 1 run  .Stifle short and turning away from Pandya who stays back and slaps this to deep cover",Santner,Hardik,1.0,0,0,1,1,1.0,0,,1
"37.5 
• 
Santner to Rahul, no run 
That's a lovely delivery. Was pushed through at 88kph on middle. Rahul is squared up 
just a touch as he fends at it and gets it towards short third",37.5,0,0.0,"Santner to Rahul, no run  .That's a lovely delivery. Was pushed through at 88kph on middle. Rahul is squared up  .just a touch as he fends at it and gets it towards short third",Santner,Rahul,0.0,0,0,1,1,0.0,0,,0
"37.6 
1 
Santner to Rahul, 1 run 
Tossed up fuller outside off, he drives through covers for a run 
end of over 384 runs  
IND: 177/5CRR: 4.65  
KL Rahul19 (24b 1x4) 
Hardik Pandya2 (7b) 
Mitchell Santner 7-1-29-0 
Will O’Rourke 6-0-31-1",37.6,1,1.0,"Santner to Rahul, 1 run  .Tossed up fuller outside off, he drives through covers for a run",Santner,Rahul,1.0,0,0,1,1,1.0,0,,1
"38.1 
2 
O'Rourke to Rahul, 2 runs 
Back of a length ball on his hips, Rahul gets across and shovels this to the right of deep 
backward square leg. They scamper back for two. Excellent running",38.1,2,2.0,"O'Rourke to Rahul, 2 runs  .Back of a length ball on his hips, Rahul gets across and shovels this to the right of deep  .backward square leg. They scamper back for two. Excellent running",O'Rourke,Rahul,2.0,0,0,1,1,2.0,0,,1
"38.2 
1 
O'Rourke to Rahul, 1 run 
Good length ball on his pads, he works this to deep square leg",38.2,1,1.0,"O'Rourke to Rahul, 1 run  .Good length ball on his pads, he works this to deep square leg",O'Rourke,Rahul,1.0,0,0,1,1,1.0,0,,1
"38.3 
1 
O'Rourke to Hardik, 1 run 
Oh, again the bounce creating trouble for Pandya. Banged in short on middle. Pandya 
was looking to give himself room, but is rushed with that sharp short ball. Gets a thick 
top edge towards deep third",38.3,1,1.0,"O'Rourke to Hardik, 1 run  .Oh, again the bounce creating trouble for Pandya. Banged in short on middle. Pandya  .was looking to give himself room, but is rushed with that sharp short ball. Gets a thick  .top edge towards deep third",O'Rourke,Hardik,1.0,0,0,1,1,1.0,0,,1
"38.4 
• 
O'Rourke to Rahul, no run 
Back of a length ball outside off, he pats this to point",38.4,0,0.0,"O'Rourke to Rahul, no run  .Back of a length ball outside off, he pats this to point",O'Rourke,Rahul,0.0,0,0,1,1,0.0,0,,0
"38.5 
1 
O'Rourke to Rahul, 1 run 
Back of a length ball outside off, he chops this down to the left of backward point where 
GP gives chase",38.5,1,1.0,"O'Rourke to Rahul, 1 run  .Back of a length ball outside off, he chops this down to the left of backward point where  .GP gives chase",O'Rourke,Rahul,1.0,0,0,1,1,1.0,0,,1
"38.6 
• 
O'Rourke to Hardik, no run 
Back of a length ball outside off, he pushes towards point 
end of over 395 runs  
IND: 182/5CRR: 4.66  
Hardik Pandya3 (9b) 
KL Rahul23 (28b 1x4) 
Will O’Rourke 7-0-36-1 
Mitchell Santner 7-1-29-0",38.6,0,0.0,"O'Rourke to Hardik, no run  .Back of a length ball outside off, he pushes towards point",O'Rourke,Hardik,0.0,0,0,1,1,0.0,0,,0
"39.1 
W 
Santner to Rahul, OUT 
Edged and taken! That is such a lovely delivery from Santner and equally well taken by 
Latham. Gets the length ball to skid through at around 91kph on off. Rahul plays that off 
the wicket, gets a thick edge and Latham hangs on to it 
KL Rahul c †Latham b Santner 23 (29b 1x4 0x6 40m) SR: 79.31 
See all photos 
Ravindra Jadeja in at No. 8. Santner comes from over the wicket 
 
Ravindra Jadeja vs Mitchell Santner 
BALLS 
26 
RUNS 
25 
OUTS 
0 
SR 
96.15 
4s/6s 
0/2",39.1,W,0.0,"Santner to Rahul, OUT  .Edged and taken! That is such a lovely delivery from Santner and equally well taken by  .Latham. Gets the length ball to skid through at around 91kph on off. Rahul plays that off  .the wicket, gets a thick edge and Latham hangs on to it  .KL Rahul c †Latham b Santner 23 (29b 1x4 0x6 40m) SR: 79.31",Santner,Rahul,0.0,0,0,1,1,0.0,1,c †Latham b Santner,0
"39.2 
1 
Santner to Jadeja, 1 run 
Tossed up outside off, he eases to long-on",39.2,1,1.0,"Santner to Jadeja, 1 run  .Tossed up outside off, he eases to long-on",Santner,Jadeja,1.0,0,0,1,1,1.0,0,,1
"39.3 
• 
Santner to Hardik, no run 
Angled in on middle stump, he gets forward and defends",39.3,0,0.0,"Santner to Hardik, no run  .Angled in on middle stump, he gets forward and defends",Santner,Hardik,0.0,0,0,1,1,0.0,0,,0
"39.4 
• 
Santner to Hardik, no run 
Oh, wow big turn for Santner. Gets the ball to loop and land on off and spin squarely 
past Pandya's outside edge.",39.4,0,0.0,"Santner to Hardik, no run  .Oh, wow big turn for Santner. Gets the ball to loop and land on off and spin squarely  .past Pandya's outside edge.",Santner,Hardik,0.0,0,0,1,1,0.0,0,,0
"39.5 
1 
Santner to Hardik, 1 run 
Shimmies down the track and drives to the right of extra cover, who gets a hand to it 
and parries to long-off",39.5,1,1.0,"Santner to Hardik, 1 run  .Shimmies down the track and drives to the right of extra cover, who gets a hand to it  .and parries to long-off",Santner,Hardik,1.0,0,0,1,1,1.0,0,,1
"39.6 
1 
Santner to Jadeja, 1 run 
Tossed up on off, and works this to long-on for a run 
Here's Suds back to close the innings 
end of over 403 runs • 1 wicket 
IND: 185/6CRR: 4.62  
Ravindra Jadeja2 (2b) 
Hardik Pandya4 (12b) 
Mitchell Santner 8-1-32-1 
Will O’Rourke 7-0-36-1 
Bracewell back on at the start of the final powerplay",39.6,1,1.0,"Santner to Jadeja, 1 run  .Tossed up on off, and works this to long-on for a run  .Here's Suds back to close the innings",Santner,Jadeja,1.0,0,0,1,1,1.0,0,,1
"40.1 
4 
Michael Bracewell to Jadeja, FOUR runs 
Darted in around off at a shortish length, 86.6kph, Jadeja has all the time to go back and 
heave it over midwicket 
NZ still have only four men out in the deep",40.1,4,4.0,"Michael Bracewell to Jadeja, FOUR runs  .Darted in around off at a shortish length, 86.6kph, Jadeja has all the time to go back and  .heave it over midwicket  .NZ still have only four men out in the deep",Michael Bracewell,Jadeja,4.0,1,0,1,1,4.0,0,,1
"40.2 
1 
Michael Bracewell to Jadeja, 1 run 
Goes onto the back foot to punch it down to long-on 
Five out for Hardik",40.2,1,1.0,"Michael Bracewell to Jadeja, 1 run  .Goes onto the back foot to punch it down to long-on  .Five out for Hardik",Michael Bracewell,Jadeja,1.0,0,0,1,1,1.0,0,,1
"40.3 
• 
Michael Bracewell to Hardik, no run 
He winds up to go big but only gets it off the inner half to short midwicket. The ball was 
tossed up outside off",40.3,0,0.0,"Michael Bracewell to Hardik, no run  .He winds up to go big but only gets it off the inner half to short midwicket. The ball was  .tossed up outside off",Michael Bracewell,Hardik,0.0,0,0,1,1,0.0,0,,0
"40.4 
• 
Michael Bracewell to Hardik, no run 
Quicker and spinning in on leg, worked away to short fine leg 
Pressure building on Hardik",40.4,0,0.0,"Michael Bracewell to Hardik, no run  .Quicker and spinning in on leg, worked away to short fine leg  .Pressure building on Hardik",Michael Bracewell,Hardik,0.0,0,0,1,1,0.0,0,,0
"40.5 
6 
Michael Bracewell to Hardik, SIX runs 
Fetch that! My word, what a hit that is. Tossed up nicely outside off, this time Hardik 
manages to get underneath it. Tried the same shot a couple of balls ago, this time 
connects the slog to send it soaring into the deep midwicket stands",40.5,6,6.0,"Michael Bracewell to Hardik, SIX runs  .Fetch that! My word, what a hit that is. Tossed up nicely outside off, this time Hardik  .manages to get underneath it. Tried the same shot a couple of balls ago, this time  .connects the slog to send it soaring into the deep midwicket stands",Michael Bracewell,Hardik,6.0,0,1,1,1,6.0,0,,1
"40.6 
• 
Michael Bracewell to Hardik, no run 
Fired in on middle, gets a thick inside edge on the defence 
end of over 4111 runs  
IND: 196/6CRR: 4.78  
Hardik Pandya10 (16b 1x6) 
Ravindra Jadeja7 (4b 1x4) 
Michael Bracewell 9-0-56-0 
Mitchell Santner 8-1-32-1 
A reminder that you can also follow our coverage LIVE in Hindi",40.6,0,0.0,"Michael Bracewell to Hardik, no run  .Fired in on middle, gets a thick inside edge on the defence",Michael Bracewell,Hardik,0.0,0,0,1,1,0.0,0,,0
"41.1 
• 
Santner to Jadeja, no run 
Spins in on off, tucked to midwicket",41.1,0,0.0,"Santner to Jadeja, no run  .Spins in on off, tucked to midwicket",Santner,Jadeja,0.0,0,0,1,1,0.0,0,,0
"41.2 
• 
Santner to Jadeja, no run 
Fuller and quicker outside off, 95kph, pushed back to the bowler",41.2,0,0.0,"Santner to Jadeja, no run  .Fuller and quicker outside off, 95kph, pushed back to the bowler",Santner,Jadeja,0.0,0,0,1,1,0.0,0,,0
"41.3 
• 
Santner to Jadeja, no run 
Fuller on middle, turned straight to short fine leg",41.3,0,0.0,"Santner to Jadeja, no run  .Fuller on middle, turned straight to short fine leg",Santner,Jadeja,0.0,0,0,1,1,0.0,0,,0
"41.4 
1 
Santner to Jadeja, 1 run 
Fuller outside off, knocked down to long-on",41.4,1,1.0,"Santner to Jadeja, 1 run  .Fuller outside off, knocked down to long-on",Santner,Jadeja,1.0,0,0,1,1,1.0,0,,1
"41.5 
1 
Santner to Hardik, 1 run 
Flatter and on a length on off, 87.1kph, punched to sweeper cover",41.5,1,1.0,"Santner to Hardik, 1 run  .Flatter and on a length on off, 87.1kph, punched to sweeper cover",Santner,Hardik,1.0,0,0,1,1,1.0,0,,1
"41.6 
1 
Santner to Jadeja, 1 run 
Lands on a length on off, turned wide of short midwicket 
end of over 423 runs  
IND: 199/6CRR: 4.73  
Ravindra Jadeja9 (9b 1x4) 
Hardik Pandya11 (17b 1x6) 
Mitchell Santner 9-1-35-1 
Michael Bracewell 9-0-56-0 
O'Rourke back, replacing Bracewell after just one over, around the wicket",41.6,1,1.0,"Santner to Jadeja, 1 run  .Lands on a length on off, turned wide of short midwicket",Santner,Jadeja,1.0,0,0,1,1,1.0,0,,1
"42.1 
• 
O'Rourke to Jadeja, no run 
Length ball outside off, defended towards backward point",42.1,0,0.0,"O'Rourke to Jadeja, no run  .Length ball outside off, defended towards backward point",O'Rourke,Jadeja,0.0,0,0,1,1,0.0,0,,0
"42.2 
• 
O'Rourke to Jadeja, no run 
Fuller around off, pushed to midwicket",42.2,0,0.0,"O'Rourke to Jadeja, no run  .Fuller around off, pushed to midwicket",O'Rourke,Jadeja,0.0,0,0,1,1,0.0,0,,0
"42.3 
• 
O'Rourke to Jadeja, no run 
Digs it in, skids on to cop him on the pad, past his attempted clip, 139.8kph",42.3,0,0.0,"O'Rourke to Jadeja, no run  .Digs it in, skids on to cop him on the pad, past his attempted clip, 139.8kph",O'Rourke,Jadeja,0.0,0,0,1,1,0.0,0,,0
"42.4 
1 
O'Rourke to Jadeja, 1 run 
Short and angling in, 137.4kph, he pulls it through backward square leg to bring up 
India's 200 
 
Hardik Pandya in death overs (in ODIs) 
RUNS 
698 
OUTS 
28 
4s/6s 
48/36 
SR 
142.44 
AVE 
24.92",42.4,1,1.0,"O'Rourke to Jadeja, 1 run  .Short and angling in, 137.4kph, he pulls it through backward square leg to bring up  .India's 200  .  .Hardik Pandya in death overs (in ODIs)  .RUNS  .698  .OUTS  .28  .4s/6s  .48/36  .SR  .142.44  .AVE  .24.92",O'Rourke,Jadeja,1.0,0,0,1,1,1.0,0,,1
"42.5 
1w 
O'Rourke to Hardik, 1 wide 
Another bumper just outside off, 123.5kph, Hardik bails out of the pull, called wide",42.5,1w,1.0,"O'Rourke to Hardik, 1 wide  .Another bumper just outside off, 123.5kph, Hardik bails out of the pull, called wide",O'Rourke,Hardik,0.0,0,0,0,0,1.0,0,,1
"42.5 
1 
O'Rourke to Hardik, 1 run 
Short again, pulled on a couple of bounces to deep midwicket, 140.6kph",42.5,1,1.0,"O'Rourke to Hardik, 1 run  .Short again, pulled on a couple of bounces to deep midwicket, 140.6kph",O'Rourke,Hardik,1.0,0,0,1,1,1.0,0,,1
"42.6 
• 
O'Rourke to Jadeja, no run 
Cuts the off-pace ball straight to point 
end of over 433 runs  
IND: 202/6CRR: 4.69  
Ravindra Jadeja10 (14b 1x4) 
Hardik Pandya12 (18b 1x6) 
Will O’Rourke 8-0-39-1 
Mitchell Santner 9-1-35-1",42.6,0,0.0,"O'Rourke to Jadeja, no run  .Cuts the off-pace ball straight to point",O'Rourke,Jadeja,0.0,0,0,1,1,0.0,0,,0
"43.1 
1 
Santner to Hardik, 1 run 
Full outside leg, he comes forward to push it through midwicket",43.1,1,1.0,"Santner to Hardik, 1 run  .Full outside leg, he comes forward to push it through midwicket",Santner,Hardik,1.0,0,0,1,1,1.0,0,,1
"43.2 
2 
Santner to Jadeja, 2 runs 
Darts it in on a length, Jadeja charges down and clips it through midwicket for a couple",43.2,2,2.0,"Santner to Jadeja, 2 runs  .Darts it in on a length, Jadeja charges down and clips it through midwicket for a couple",Santner,Jadeja,2.0,0,0,1,1,2.0,0,,1
"43.3 
1 
Santner to Jadeja, 1 run 
Punched down the ground off the back foot",43.3,1,1.0,"Santner to Jadeja, 1 run  .Punched down the ground off the back foot",Santner,Jadeja,1.0,0,0,1,1,1.0,0,,1
"43.4 
1 
Santner to Hardik, 1 run 
Spinning away from a length outside off, slapped through cover",43.4,1,1.0,"Santner to Hardik, 1 run  .Spinning away from a length outside off, slapped through cover",Santner,Hardik,1.0,0,0,1,1,1.0,0,,1
"43.5 
1 
Santner to Jadeja, 1 run 
Spins in on the pad, nudged through midwicket",43.5,1,1.0,"Santner to Jadeja, 1 run  .Spins in on the pad, nudged through midwicket",Santner,Jadeja,1.0,0,0,1,1,1.0,0,,1
"43.6 
• 
Santner to Hardik, no run 
Full on middle and off, he presses forward to block. Santner's done with the ball, just the 
one four in his spell 
end of over 446 runs  
IND: 208/6CRR: 4.72  
Hardik Pandya14 (21b 1x6) 
Ravindra Jadeja14 (17b 1x4) 
Mitchell Santner 10-1-41-1 
Will O’Rourke 8-0-39-1 
Roshan: ""Is there any logical reason why Santner is not using Henry "" Spin has been 
successful in containing India for now. Plus he had a favourable match-up against 
Hardik 
ESPNcricinfo forecaster has India reaching 252 from this point 
 
Will O’Rourke in death overs (in ODIs) 
BALLS 
93 
WKTS 
7 
4s/6s 
9/2 
ECON 
6.19 
AVE 
13.71",43.6,0,0.0,"Santner to Hardik, no run  .Full on middle and off, he presses forward to block. Santner's done with the ball, just the  .one four in his spell",Santner,Hardik,0.0,0,0,1,1,0.0,0,,0
"44.1 
1 
O'Rourke to Jadeja, 1 run 
fuller outside off, hit down to long-on. He looked to go over mid-off, who was in the ring",44.1,1,1.0,"O'Rourke to Jadeja, 1 run  .fuller outside off, hit down to long-on. He looked to go over mid-off, who was in the ring",O'Rourke,Jadeja,1.0,0,0,1,1,1.0,0,,1
"44.2 
2 
O'Rourke to Hardik, 2 runs 
Full on middle and leg, glanced through midwicket. Jadeja charges back for the second, 
Phillips over-runs it and it is an easy double for India",44.2,2,2.0,"O'Rourke to Hardik, 2 runs  .Full on middle and leg, glanced through midwicket. Jadeja charges back for the second,  .Phillips over-runs it and it is an easy double for India",O'Rourke,Hardik,2.0,0,0,1,1,2.0,0,,1
"44.3 
4 
O'Rourke to Hardik, FOUR runs 
Powers the pull! Short and angling in, but the pace is down to 118kph. Hardik is in great 
position and hits it through backward square leg",44.3,4,4.0,"O'Rourke to Hardik, FOUR runs  .Powers the pull! Short and angling in, but the pace is down to 118kph. Hardik is in great  .position and hits it through backward square leg",O'Rourke,Hardik,4.0,1,0,1,1,4.0,0,,1
"44.4 
• 
O'Rourke to Hardik, no run 
Back of a length outside off, slashed hard to backward point, where Williamson throws 
himself to his right and stops it. Does a Phillips there",44.4,0,0.0,"O'Rourke to Hardik, no run  .Back of a length outside off, slashed hard to backward point, where Williamson throws  .himself to his right and stops it. Does a Phillips there",O'Rourke,Hardik,0.0,0,0,1,1,0.0,0,,0
"44.5 
• 
O'Rourke to Hardik, no run 
Williamson is hurt! That stings! Another back of a length ball, he crashes it straight to 
backward point again. Phillips cracks up at deep midwicket",44.5,0,0.0,"O'Rourke to Hardik, no run  .Williamson is hurt! That stings! Another back of a length ball, he crashes it straight to  .backward point again. Phillips cracks up at deep midwicket",O'Rourke,Hardik,0.0,0,0,1,1,0.0,0,,0
"44.6 
1 
O'Rourke to Hardik, 1 run 
Low full toss on leg, 140.1kph, clipped to deep backward square leg. Seven off the first 
three balls but just one off the last three, O'Rourke ends well 
end of over 458 runs  
IND: 216/6CRR: 4.80  
Hardik Pandya21 (26b 1x4 1x6) 
Ravindra Jadeja15 (18b 1x4) 
Will O’Rourke 9-0-47-1 
Mitchell Santner 10-1-41-1 
ESPNcricinfo forecasts says India are likely to reach 254 now. Here's Henry now 
 
Matt Henry in death overs (in ODIs) 
BALLS 
677 
WKTS 
44 
4s/6s 
77/29 
ECON 
7.98 
AVE 
20.47",44.6,1,1.0,"O'Rourke to Hardik, 1 run  .Low full toss on leg, 140.1kph, clipped to deep backward square leg. Seven off the first  .three balls but just one off the last three, O'Rourke ends well",O'Rourke,Hardik,1.0,0,0,1,1,1.0,0,,1
"45.1 
1 
Henry to Hardik, 1 run 
Back of a length outside off, he makes room to slap it to deep cover-point 
rozal: ""Hopefully we can see a NZ v SA final. No neutral fans will be disappointed by the 
winner of the trophy. """,45.1,1,1.0,"Henry to Hardik, 1 run  .Back of a length outside off, he makes room to slap it to deep cover-point",Henry,Hardik,1.0,0,0,1,1,1.0,0,,1
"45.2 
1 
Henry to Jadeja, 1 run 
Short and wide outside off, pulled to short midwicket. Jadeja takes on Phillips and 
makes it",45.2,1,1.0,"Henry to Jadeja, 1 run  .Short and wide outside off, pulled to short midwicket. Jadeja takes on Phillips and  .makes it",Henry,Jadeja,1.0,0,0,1,1,1.0,0,,1
"45.3 
4 
Henry to Hardik, FOUR runs 
Forehanded over the bowler! Back of a length outside off, 131.8kph, Hardik stands tall 
and slaps it back over Henry. Mid-off is straight but not enough to cut that off 
sami: ""You are right that spinners have bowled very well but jamieson has the lowest 
economy."" Expect him to bowl at least one or two overs at the death",45.3,4,4.0,"Henry to Hardik, FOUR runs  .Forehanded over the bowler! Back of a length outside off, 131.8kph, Hardik stands tall  .and slaps it back over Henry. Mid-off is straight but not enough to cut that off",Henry,Hardik,4.0,1,0,1,1,4.0,0,,1
"45.4 
1 
Henry to Hardik, 1 run 
Low full toss on middle, bunted down to long-on",45.4,1,1.0,"Henry to Hardik, 1 run  .Low full toss on middle, bunted down to long-on",Henry,Hardik,1.0,0,0,1,1,1.0,0,,1
"45.5 
W 
Henry to Jadeja, OUT 
Williamson does a Phillips at backward point! Jeeeeez! What are these Kiwis? Henry 
bowls a bouncer outside off, it is the cross-seam delivery. Jadeja delays his shot as he 
hops and slaps it to the off side. Could have been at least a couple if not for a flying 
Williamson. New Zealand making fielding at backward point look as easy as ABC! 
Ravindra Jadeja c Williamson b Henry 16 (20b 1x4 0x6 27m) SR: 80 
Mohammed Shami in next",45.5,W,0.0,"Henry to Jadeja, OUT  .Williamson does a Phillips at backward point! Jeeeeez! What are these Kiwis? Henry  .bowls a bouncer outside off, it is the cross-seam delivery. Jadeja delays his shot as he  .hops and slaps it to the off side. Could have been at least a couple if not for a flying  .Williamson. New Zealand making fielding at backward point look as easy as ABC!  .Ravindra Jadeja c Williamson b Henry 16 (20b 1x4 0x6 27m) SR: 80",Henry,Jadeja,0.0,0,0,1,1,0.0,1,c Williamson b Henry,0
"45.6 
• 
Henry to Shami, no run 
Shortish on middle, mistimes the pull to short midwicket 
end of over 467 runs • 1 wicket 
IND: 223/7CRR: 4.84  
Mohammed Shami0 (1b) 
Hardik Pandya27 (29b 2x4 1x6) 
Matt Henry 6-0-33-3 
Will O’Rourke 9-0-47-1 
sami: ""You are right that spinners have bowled very well but jamieson has the lowest 
economy."" 
Here's Jamieson",45.6,0,0.0,"Henry to Shami, no run  .Shortish on middle, mistimes the pull to short midwicket",Henry,Shami,0.0,0,0,1,1,0.0,0,,0
"46.1 
• 
Jamieson to Hardik, no run 
Length ball wide outside off, Hardik gets a bottom edge to the keeper, 111kph",46.1,0,0.0,"Jamieson to Hardik, no run  .Length ball wide outside off, Hardik gets a bottom edge to the keeper, 111kph",Jamieson,Hardik,0.0,0,0,1,1,0.0,0,,0
"46.2 
• 
Jamieson to Hardik, no run 
Another slower one outside off, swings away past Hardik's slashing blade, 108.1kph",46.2,0,0.0,"Jamieson to Hardik, no run  .Another slower one outside off, swings away past Hardik's slashing blade, 108.1kph",Jamieson,Hardik,0.0,0,0,1,1,0.0,0,,0
"46.3 
1 
Jamieson to Hardik, 1 run 
Full and straighton middle, driven to long-off 
DJ: ""As a father of a toddler, ABC is not easy.""",46.3,1,1.0,"Jamieson to Hardik, 1 run  .Full and straighton middle, driven to long-off",Jamieson,Hardik,1.0,0,0,1,1,1.0,0,,1
"46.4 
• 
Jamieson to Shami, no run 
Length ball just outside off, steered off the outside edge towards point, 110kph",46.4,0,0.0,"Jamieson to Shami, no run  .Length ball just outside off, steered off the outside edge towards point, 110kph",Jamieson,Shami,0.0,0,0,1,1,0.0,0,,0
"46.5 
1 
Jamieson to Shami, 1 run 
Just over cover running back. Another slower one on off, 110.3kph, Shami gets a 
leading edge that evades Young",46.5,1,1.0,"Jamieson to Shami, 1 run  .Just over cover running back. Another slower one on off, 110.3kph, Shami gets a  .leading edge that evades Young",Jamieson,Shami,1.0,0,0,1,1,1.0,0,,1
"46.6 
• 
Jamieson to Hardik, no run 
Full toss on off, 135.4kph, driven back to the bowler. Just two off the over 
end of over 472 runs  
IND: 225/7CRR: 4.78  
Hardik Pandya28 (33b 2x4 1x6) 
Mohammed Shami1 (3b) 
Kyle Jamieson 7-0-16-1 
Matt Henry 6-0-33-3 
Harish : """,46.6,0,0.0,"Jamieson to Hardik, no run  .Full toss on off, 135.4kph, driven back to the bowler. Just two off the over",Jamieson,Hardik,0.0,0,0,1,1,0.0,0,,0
"47.1 
1 
Henry to Shami, 1 run 
Length ball on off, punched back towards long-on to get Hardik back on strike",47.1,1,1.0,"Henry to Shami, 1 run  .Length ball on off, punched back towards long-on to get Hardik back on strike",Henry,Shami,1.0,0,0,1,1,1.0,0,,1
"47.2 
• 
Henry to Hardik, no run 
Back of a length outside off, swings it straight to deep midwicket on the bounce, 
refuses the run, 123.6kph",47.2,0,0.0,"Henry to Hardik, no run  .Back of a length outside off, swings it straight to deep midwicket on the bounce,  .refuses the run, 123.6kph",Henry,Hardik,0.0,0,0,1,1,0.0,0,,0
"47.3 
• 
Henry to Hardik, no run 
Short and angling in on off and middle, pulled to square leg. Hardik thinks of a couple 
and runs but then decides it is not on and sends Shami back, despite crossing over",47.3,0,0.0,"Henry to Hardik, no run  .Short and angling in on off and middle, pulled to square leg. Hardik thinks of a couple  .and runs but then decides it is not on and sends Shami back, despite crossing over",Henry,Hardik,0.0,0,0,1,1,0.0,0,,0
"47.4 
1 
Henry to Hardik, 1 run 
Slower one on a length outside off, slapped hard and straight to deep cover, 117.7kph. 
This time they do take the run",47.4,1,1.0,"Henry to Hardik, 1 run  .Slower one on a length outside off, slapped hard and straight to deep cover, 117.7kph.  .This time they do take the run",Henry,Hardik,1.0,0,0,1,1,1.0,0,,1
"47.5 
1 
Henry to Shami, 1 run 
Full on leg, flicked through square leg",47.5,1,1.0,"Henry to Shami, 1 run  .Full on leg, flicked through square leg",Henry,Shami,1.0,0,0,1,1,1.0,0,,1
"47.6 
1 
Henry to Hardik, 1 run 
Back of a length again, just outside off, it is the offcutter at 121.5kph, Hardik pulls it to 
deep midwicket on the bounce to retain strike 
end of over 484 runs  
IND: 229/7CRR: 4.77  
Hardik Pandya30 (37b 2x4 1x6) 
Mohammed Shami3 (5b) 
Matt Henry 7-0-37-3 
Kyle Jamieson 7-0-16-1 
Karthik: ""2019. 239 for 8 vibes. Payback? "" Lessgooo 
ESPNcricinfo forecaster has India reaching 245 hereon. Can they?",47.6,1,1.0,"Henry to Hardik, 1 run  .Back of a length again, just outside off, it is the offcutter at 121.5kph, Hardik pulls it to  .deep midwicket on the bounce to retain strike",Henry,Hardik,1.0,0,0,1,1,1.0,0,,1
"48.1 
• 
Jamieson to Hardik, no run 
Slower one full outside off, slices to backward point off the toe end, 116.2kph",48.1,0,0.0,"Jamieson to Hardik, no run  .Slower one full outside off, slices to backward point off the toe end, 116.2kph",Jamieson,Hardik,0.0,0,0,1,1,0.0,0,,0
"48.2 
4 
Jamieson to Hardik, FOUR runs 
Finally gets one away but off the outside edge. Hardik and India won't mind. Another 
legcutter outside off, 113.8kph, he goes deep in the crease and throws his hand at it and 
it runs away through the vacant slip region",48.2,4,4.0,"Jamieson to Hardik, FOUR runs  .Finally gets one away but off the outside edge. Hardik and India won't mind. Another  .legcutter outside off, 113.8kph, he goes deep in the crease and throws his hand at it and  .it runs away through the vacant slip region",Jamieson,Hardik,4.0,1,0,1,1,4.0,0,,1
"48.3 
4 
Jamieson to Hardik, FOUR runs 
This one is middled alright! Full and outside off, 108.4kph, in the slot. Hardik stands tall 
and lofts it over extra cover. Almost goes the distance",48.3,4,4.0,"Jamieson to Hardik, FOUR runs  .This one is middled alright! Full and outside off, 108.4kph, in the slot. Hardik stands tall  .and lofts it over extra cover. Almost goes the distance",Jamieson,Hardik,4.0,1,0,1,1,4.0,0,,1
"48.4 
6 
Jamieson to Hardik, SIX runs 
Hardiiiikkkkkkkk powersssss it awayyyyy! Massive strike. Another legcutter, 111.6kph, 
dug into the surface. Stands up nicely for him to flat-bat it well over wide long-on for a 
98m hit",48.4,6,6.0,"Jamieson to Hardik, SIX runs  .Hardiiiikkkkkkkk powersssss it awayyyyy! Massive strike. Another legcutter, 111.6kph,  .dug into the surface. Stands up nicely for him to flat-bat it well over wide long-on for a  .98m hit",Jamieson,Hardik,6.0,0,1,1,1,6.0,0,,1
"48.5 
1 
Jamieson to Hardik, 1 run 
High-paced yorker on leg, 134.2kph, flicked through backward square leg",48.5,1,1.0,"Jamieson to Hardik, 1 run  .High-paced yorker on leg, 134.2kph, flicked through backward square leg",Jamieson,Hardik,1.0,0,0,1,1,1.0,0,,1
"48.6 
• 
Jamieson to Shami, no run 
Full toss angling into Shami, who swings it towards deep backward square leg. They 
don't take the single but take 15 off the over 
end of over 4915 runs  
IND: 244/7CRR: 4.97  
Mohammed Shami3 (6b) 
Hardik Pandya45 (42b 4x4 2x6) 
Kyle Jamieson 8-0-31-1 
Matt Henry 7-0-37-3 
ESPNcricinfo forecaster has shot up to 254 now, Henry for the last over",48.6,0,0.0,"Jamieson to Shami, no run  .Full toss angling into Shami, who swings it towards deep backward square leg. They  .don't take the single but take 15 off the over",Jamieson,Shami,0.0,0,0,1,1,0.0,0,,0
"49.1 
• 
Henry to Hardik, no run 
Yorker on middle, he squeezes it out through midwicket but refuses the run",49.1,0,0.0,"Henry to Hardik, no run  .Yorker on middle, he squeezes it out through midwicket but refuses the run",Henry,Hardik,0.0,0,0,1,1,0.0,0,,0
"49.2 
1w 
Henry to Hardik, 1 wide 
Full and wide, outside the tramline as he lets it be",49.2,1w,1.0,"Henry to Hardik, 1 wide  .Full and wide, outside the tramline as he lets it be",Henry,Hardik,0.0,0,0,0,0,1.0,0,,1
"49.2 
• 
Henry to Hardik, no run 
In the air... Phillips dives but it just evades him! He came charging in from deep 
midwicket and almost flew towards the ball but couldn't reach it. Hardik managed to 
only sky the back-of-length slower one",49.2,0,0.0,"Henry to Hardik, no run  .In the air... Phillips dives but it just evades him! He came charging in from deep  .midwicket and almost flew towards the ball but couldn't reach it. Hardik managed to  .only sky the back-of-length slower one",Henry,Hardik,0.0,0,0,1,1,0.0,0,,0
"49.3 
1w 
Henry to Hardik, 1 wide 
Another bumper, slower one that Hardik waits for and lets it be. Goes over his head and 
called wide, Henry not happy with that",49.3,1w,1.0,"Henry to Hardik, 1 wide  .Another bumper, slower one that Hardik waits for and lets it be. Goes over his head and  .called wide, Henry not happy with that",Henry,Hardik,0.0,0,0,0,0,1.0,0,,1
"49.3 
W 
Henry to Hardik, OUT 
Skied high and taken in the deep! End of the Hardik show and India lose a massive 
wicket. Another short ball that is angled in on off and middle, 122.2kph. He swings hard 
to pull it away but only gets it to deep square leg, where Ravindra momentarily loses it 
but keeps his composure to catch that safely. Fourth wicket for Henry 
Hardik Pandya c Ravindra b Henry 45 (45b 4x4 2x6 59m) SR: 100 
Kuldeep Yadav",49.3,W,0.0,"Henry to Hardik, OUT  .Skied high and taken in the deep! End of the Hardik show and India lose a massive  .wicket. Another short ball that is angled in on off and middle, 122.2kph. He swings hard  .to pull it away but only gets it to deep square leg, where Ravindra momentarily loses it  .but keeps his composure to catch that safely. Fourth wicket for Henry  .Hardik Pandya c Ravindra b Henry 45 (45b 4x4 2x6 59m) SR: 100",Henry,Hardik,0.0,0,0,1,1,0.0,1,c Ravindra b Henry,0
"49.4 
1 
Henry to Kuldeep, 1 run 
Back of a length angling away, he goes back and across and gets the bottom edge on 
the pull towards short fine leg",49.4,1,1.0,"Henry to Kuldeep, 1 run  .Back of a length angling away, he goes back and across and gets the bottom edge on  .the pull towards short fine leg",Henry,Kuldeep,1.0,0,0,1,1,1.0,0,,1
"49.5 
2 
Henry to Shami, 2 runs 
Slower ball on off, he mistimes it over the bowler and it lands in the vacant mid-off 
region. He rushes back for two and the throw is fired at the wicketkeeper's end but hits 
him on the right shoulder 
Shami is in pain. He immediately threw his bat and is now helped by the physio",49.5,2,2.0,"Henry to Shami, 2 runs  .Slower ball on off, he mistimes it over the bowler and it lands in the vacant mid-off  .region. He rushes back for two and the throw is fired at the wicketkeeper's end but hits  .him on the right shoulder  .Shami is in pain. He immediately threw his bat and is now helped by the physio",Henry,Shami,2.0,0,0,1,1,2.0,0,,1
"49.6 
W 
Henry to Shami, OUT 
Swings hard, it flies high and Phillips comes running in and takes it. A five-wicket haul 
for Henry! Another slower one, Shami goes for the big one but only skies it towards 
deep midwicket. Phillips ain't missing these 
Mohammed Shami c Phillips b Henry 5 (8b 0x4 0x6 21m) SR: 62.5 
Matt Henry: The way we came here and exposed the surface early and put India under 
pressure. Happy with the total but big job to do. There was little bit there with the new 
ball. We created pressure and took wickets with the new ball. Put pressure on them as a 
collective group. They have got some destructive batters up top. To put them under 
pressure was key. There are going to be ebbs and flows on a wicket like these. We need 
to absorb pressure, if we do that, we have a very good chance. 
4:30pm India restricted to a total below 250, something that did not seem thinkable 
before this game. Their batting unit was coming good but the real test was in them 
batting first. They were put in and Henry took early wickets as he often does. One of 
those was courtesy a stunning catch from Phillips, that cut short a fluent knock from 
Kohli. Iyer rescued India in the company of Axar, and paced his innings well. But with 
pressure mounting, India had to go hard at the death but were not allowed to, thanks to 
some superb death bowling. Henry finished with a five-for, becoming the first to do so 
against India at the Champions Trophy. The track does not seem too good for batting, 
and New Zealand's spinners got enough spin. With four tweakers in their ranks, can 
India manage to squeeze New Zealand? Find out shortly with Ashish 
end of over 505 runs • 2 wickets 
IND: 249/9CRR: 4.98  
Kuldeep Yadav1 (1b) 
Matt Henry 8-0-42-5 
Kyle Jamieson 8-0-31-1 
Sponsored Headlines 
 
Ind vs NZ, Champions Trophy 2025 final - KL Rahul - 'I was s****ing myself at the end' | 
ESPNcricinfoDiscover 
 
Champions Trophy 2025 - Semi-finals - Kohli conquers legspin to reveal another layer to 
his mastery | ESPNcricinfoDiscover 
 
Online Shopping Tools| 
Sponsored by TaboolaSponsored by Taboola 
Amazon's Worst Nightmare: Thousands Canceling Prime for This Clever HackRead 
MoreSkip 
 
Tim Southee and Vernon Philander back Mohammed Shami call to revoke ban on usage 
of saliva on ball | ESPNcricinfoDiscover 
 
Mitchell Santner says New Zealand missed Matt Henry in Champions Trophy final but 
proud of group | ESPNcricinfoDiscover 
Watch This Sponsored Video for More Information 
READ MORE 
Ad 
|  
Sponsored  
 
The Best Value API Management PlatformEnterprises need intelligent, flexible, and 
scalable API management to modernize faster and drive innovation. WSO2 API 
Manager delivers: ✅ AI-enhanced productivity for developers ✅ Fully flexible 
deployment - deploy anywhere ✅ Flexible pricing and fully open source ✅ Market-
leading full lifecycle API management The best value API management platform for 
enterprises looking to modernize. See how ⬇WSO2| 
SponsoredSponsored 
Download 
Undo 
 
Flight Attendant Reveals How To Fly Business Class For The Price of 
EconomyAmericans, you'll want to check this out ASAPOnline Shopping Tools| 
SponsoredSponsored 
Undo 
 
Take a Shot at SavingShow off your good driving skills with Snapshot and see if you 
could save.Progressive Insurance| 
SponsoredSponsored 
Get quote 
Undo 
 
MD: Building Muscle After 60 Comes Down To This 1 ThingApex Labs| 
SponsoredSponsored 
Undo 
 
The most relaxing Farm Game. No InstallEnjoy farming, stock up and make friends. 
Taonga is a whole world full of adventure!Taonga: The Island Farm| 
SponsoredSponsored 
Play Now 
Undo 
 
Put Bananas In Your Garden and Just WatchLife Hacks 101| 
SponsoredSponsored 
Undo 
 
Favorite Loafers for Night OutVIVAIA| 
SponsoredSponsored 
Shop Now 
Undo 
 
Protein Isn't Enough - Here's What Really Builds Muscle After 60Apex Labs| 
SponsoredSponsored 
Undo 
 
People in Tempe are Loving Martha Stewart's Meal KitMarley Spoon| 
SponsoredSponsored 
Undo 
 
Why this 'Sleeved' Cashmere Wrap is a Must-have Gift of 2024It's so soft and 
warm...FashionInUSA| 
SponsoredSponsored 
Learn More 
Undo 
 
Attention! This versatile, comfortable and breathable polo sweatshirt will lead the 
trendNew Spring Comfortable and Versatile SweatshirtsKaittly| 
SponsoredSponsored 
Shop Now 
Undo 
 
Remodeling Star: Cheapest Way To Get A Walk In Shower In ArizonaHomeowners can 
save thousands on a 1-day bathroom remodel using this one tip.Smart Lifestyle Trends| 
SponsoredSponsored 
Learn More 
Undo 
Language 
English 
Win Probability 
IND 100% 
INDNZ 
100%50%100%IND InningsNZ Innings 
Over 46 • NZ 205/10 
Will O’Rourke b Kuldeep Yadav 1 (2b 0x4 0x6 3m) SR: 50 
W 
India won by 44 runs 
Powered by Smart Stats 
Match Coverage 
All Match News 
 
Kumble: 'Exceptional' Varun has consistently won 
matches in last one year 
Kumble says Australia will find it difficult if India play four spinners in their semi-final in 
Dubai 
 
 
 
Varun keen to maintain the mystery as he makes 
compelling semi-final case 
""In T20, my sequencing of balls - as in how I construct an over - is totally different 
compared to the 50-over format,"" he says 
 
 
 
Glenn Phillips' divine intervention puts tournament rivals 
on notice  
Fielding brilliance underpins New Zealand's low-key threat as they lay down a marker 
even in defeat 
 
 
 
Varun takes five as India top group and set up Australia 
showdown 
Williamson's 81 in vain as New Zealand crumble against spin chasing 250 
 
 
 
India to face Australia in Dubai semi-final; NZ to meet SA 
in Lahore semi-final 
South Africa, who had also shifted to Dubai ahead of the knockouts, will now fly back to 
Lahore for the second semi-final 
 
 
 
Instant answers to T20 questions 
What is the highest total chased in men's T20 World Cups? 
Most sixes in an innings by a batter in men's T20 World Cups? 
Who has taken the most Powerplay wickets in men's T20 World Cups? 
Ask a question 
Videos 
All Match Videos 
 
 
2:17 
Henry: India's spinners read the situations and conditions 
well 
 
 
 
1:42 
Kumble: Varun has been exceptional over the last year 
 
New Zealand Innings 
Player Name 
R 
B 
WA Young bowled 
22 35 
R Ravindra caught 
6 
12 
KS 
Williamson stumped 
81 120 
DJ 
Mitchell 
lbw 
17 35 
TWM 
Latham 
lbw 
14 20 
GD Phillips lbw 
12 8 
MG 
Bracewell lbw 
2 
3 
MJ 
Santner 
bowled 
28 31 
MJ Henry caught 
2 
4 
KA 
Jamieson not out 
9 
4 
W 
O'Rourke 
bowled 
1 
2 
Extras 
(lb 2, nb 1, w 8) 
Total 
205(10 wkts;",49.6,W,0.0,"Henry to Shami, OUT  .Swings hard, it flies high and Phillips comes running in and takes it. A five-wicket haul  .for Henry! Another slower one, Shami goes for the big one but only skies it towards  .deep midwicket. Phillips ain't missing these  .Mohammed Shami c Phillips b Henry 5 (8b 0x4 0x6 21m) SR: 62.5",Henry,Shami,0.0,0,0,1,1,0.0,1,c Phillips b Henry,0
