raw_data,overs,runs,team_runs,commentary,bowler,batsman,batsman_runs,batsman_fours,batsman_sixes,batsman_bowls_faced,bowler_bowls_done,bowler_runs_given,bowler_wickets,dismissal,runs_given_bool
"0.1 
2 
Bhuvneshwar to Roy, 2 runs 
gets some shape straightaway, as Roy is pressing forward to this length ball on off. 
Inside-edged through square leg",0.1,2,2.0,"Bhuvneshwar to Roy, 2 runs  .gets some shape straightaway, as Roy is pressing forward to this length ball on off.  .Inside-edged through square leg",Bhuvneshwar,Roy,2.0,0,0,1,1,2.0,0,,1
"0.2 
• 
Bhuvneshwar to Roy, no run 
back of a length outside off, slashed to point",0.2,0,0.0,"Bhuvneshwar to Roy, no run  .back of a length outside off, slashed to point",Bhuvneshwar,Roy,0.0,0,0,1,1,0.0,0,,0
"0.3 
1 
Bhuvneshwar to Roy, 1 run 
swinging into him this time and Roy pushes it to mid-on 
Rohan Tillu: ""Can it be a 'NatWest Moment' for English team?""",0.3,1,1.0,"Bhuvneshwar to Roy, 1 run  .swinging into him this time and Roy pushes it to mid-on",Bhuvneshwar,Roy,1.0,0,0,1,1,1.0,0,,1
"0.4 
• 
Bhuvneshwar to Bairstow, no run 
tight line around off, on a hard length, he's moving across a bit, nudges it into the 
legside",0.4,0,0.0,"Bhuvneshwar to Bairstow, no run  .tight line around off, on a hard length, he's moving across a bit, nudges it into the  .legside",Bhuvneshwar,Bairstow,0.0,0,0,1,1,0.0,0,,0
"0.5 
• 
Bhuvneshwar to Bairstow, no run 
good length outside off again, pushed to mid-on",0.5,0,0.0,"Bhuvneshwar to Bairstow, no run  .good length outside off again, pushed to mid-on",Bhuvneshwar,Bairstow,0.0,0,0,1,1,0.0,0,,0
"0.6 
• 
Bhuvneshwar to Bairstow, no run 
moving slightly forward and across, but Bhuvneshwar's tight lines means he can't do 
much more than nudge it to square leg 
end of over 13 runs  
ENG: 3/0CRR: 3.00 • RRR: 6.81 
Jonny Bairstow0 (3b) 
Jason Roy3 (3b) 
Bhuvneshwar Kumar 1-0-3-0 
Prasidh to share the new ball. 
For those asking who is keeping wickets for India - it's Pant.",0.6,0,0.0,"Bhuvneshwar to Bairstow, no run  .moving slightly forward and across, but Bhuvneshwar's tight lines means he can't do  .much more than nudge it to square leg",Bhuvneshwar,Bairstow,0.0,0,0,1,1,0.0,0,,0
"1.1 
• 
Prasidh to Roy, no run 
floated up full and wide of off, goes to drive it, bending his knee but can only toe-end it 
to mid-off",1.1,0,0.0,"Prasidh to Roy, no run  .floated up full and wide of off, goes to drive it, bending his knee but can only toe-end it  .to mid-off",Prasidh,Roy,0.0,0,0,1,1,0.0,0,,0
"1.2 
• 
Prasidh to Roy, no run 
full and well wide of off again, Roy shows he would have endeared himself to Daenerys 
Targaryen by bending the knee again, and driving to mid-off",1.2,0,0.0,"Prasidh to Roy, no run  .full and well wide of off again, Roy shows he would have endeared himself to Daenerys  .Targaryen by bending the knee again, and driving to mid-off",Prasidh,Roy,0.0,0,0,1,1,0.0,0,,0
"1.3 
• 
Prasidh to Roy, no run 
closer to off stump this time, defended with a straight bat, back to the bowler",1.3,0,0.0,"Prasidh to Roy, no run  .closer to off stump this time, defended with a straight bat, back to the bowler",Prasidh,Roy,0.0,0,0,1,1,0.0,0,,0
"1.4 
• 
Prasidh to Roy, no run 
back of a length on a sixth stump line, pushed to point",1.4,0,0.0,"Prasidh to Roy, no run  .back of a length on a sixth stump line, pushed to point",Prasidh,Roy,0.0,0,0,1,1,0.0,0,,0
"1.5 
• 
Prasidh to Roy, no run 
fuller and closer to off, crisply punched, but straight to mid-off",1.5,0,0.0,"Prasidh to Roy, no run  .fuller and closer to off, crisply punched, but straight to mid-off",Prasidh,Roy,0.0,0,0,1,1,0.0,0,,0
"1.6 
1 
Prasidh to Roy, 1 run 
strays on the pads, back of a length, Roy flicks off his hips to fine leg 
end of over 21 run  
ENG: 4/0CRR: 2.00 • RRR: 6.93 
Jason Roy4 (9b) 
Jonny Bairstow0 (3b) 
Prasidh Krishna 1-0-1-0 
Bhuvneshwar Kumar 1-0-3-0 
- Should we count the four that was not given due to DRS also? That'll make it 116 off 
56 today... 
sreedhar: """"Rishabh Pant and Hardik Pandya shellacked a combined 112 from 56 balls"" 
Rahul and Krunal scored 112 of 57 balls on tuesday. What a coincidence""",1.6,1,1.0,"Prasidh to Roy, 1 run  .strays on the pads, back of a length, Roy flicks off his hips to fine leg",Prasidh,Roy,1.0,0,0,1,1,1.0,0,,1
"2.1 
• 
Bhuvneshwar to Roy, no run 
squared him up. Swinging into him, pitches on leg and straightens up, rolls into the 
offside off the outside half of the bat",2.1,0,0.0,"Bhuvneshwar to Roy, no run  .squared him up. Swinging into him, pitches on leg and straightens up, rolls into the  .offside off the outside half of the bat",Bhuvneshwar,Roy,0.0,0,0,1,1,0.0,0,,0
"2.2 
• 
Bhuvneshwar to Roy, no run 
length ball close to off, this time it's coming in - Bhuvneshwar's skill on display - and Roy 
pushes it to mid-on",2.2,0,0.0,"Bhuvneshwar to Roy, no run  .length ball close to off, this time it's coming in - Bhuvneshwar's skill on display - and Roy  .pushes it to mid-on",Bhuvneshwar,Roy,0.0,0,0,1,1,0.0,0,,0
"2.3 
• 
Bhuvneshwar to Roy, no run 
beaten. He was expecting it to come in, bowled in the channel but this one held it's line - 
seam pointing fine leg so he was right to play for the one swinging in perhaps - went to 
drive and the ball hisses past the outside edge.",2.3,0,0.0,"Bhuvneshwar to Roy, no run  .beaten. He was expecting it to come in, bowled in the channel but this one held it's line -  .seam pointing fine leg so he was right to play for the one swinging in perhaps - went to  .drive and the ball hisses past the outside edge.",Bhuvneshwar,Roy,0.0,0,0,1,1,0.0,0,,0
"2.4 
• 
Bhuvneshwar to Roy, no run 
fullish on off, driven to point by opening the bat face",2.4,0,0.0,"Bhuvneshwar to Roy, no run  .fullish on off, driven to point by opening the bat face",Bhuvneshwar,Roy,0.0,0,0,1,1,0.0,0,,0
"2.5 
• 
Bhuvneshwar to Roy, no run 
swing and a miss. This one moves away from back of a length, he's wanted to flay it 
through cover with feet static, doesn't connect",2.5,0,0.0,"Bhuvneshwar to Roy, no run  .swing and a miss. This one moves away from back of a length, he's wanted to flay it  .through cover with feet static, doesn't connect",Bhuvneshwar,Roy,0.0,0,0,1,1,0.0,0,,0
"2.6 
1 
Bhuvneshwar to Roy, 1 run 
pushed to mid-off with soft hands and they sprint for the quick single. Hardik Pandya 
the fielder lets fly at the non-striker's end. Direct hit would have caught Roy short 
end of over 31 run  
ENG: 5/0CRR: 1.66 • RRR: 7.06 
Jason Roy5 (15b) 
Jonny Bairstow0 (3b) 
Bhuvneshwar Kumar 2-0-4-0 
Prasidh Krishna 1-0-1-0",2.6,1,1.0,"Bhuvneshwar to Roy, 1 run  .pushed to mid-off with soft hands and they sprint for the quick single. Hardik Pandya  .the fielder lets fly at the non-striker's end. Direct hit would have caught Roy short",Bhuvneshwar,Roy,1.0,0,0,1,1,1.0,0,,1
"3.1 
• 
Prasidh to Roy, no run 
just short of a diving Virat Kohli at cover. Roy had no idea about that. Pitched on a 
length and jagged away with appreciable bounce too, Roy was left with bat hanging and 
pushing at it. Takes the shoulder of the bat to loop in the air. Kohli charges in from 
cover and dives full length but the ball is millimetres short of his fingertips",3.1,0,0.0,"Prasidh to Roy, no run  .just short of a diving Virat Kohli at cover. Roy had no idea about that. Pitched on a  .length and jagged away with appreciable bounce too, Roy was left with bat hanging and  .pushing at it. Takes the shoulder of the bat to loop in the air. Kohli charges in from  .cover and dives full length but the ball is millimetres short of his fingertips",Prasidh,Roy,0.0,0,0,1,1,0.0,0,,0
"3.2 
• 
Prasidh to Roy, no run 
goes straighter and fuller this time, tapped towards midwicket",3.2,0,0.0,"Prasidh to Roy, no run  .goes straighter and fuller this time, tapped towards midwicket",Prasidh,Roy,0.0,0,0,1,1,0.0,0,,0
"3.3 
4 
Prasidh to Roy, FOUR runs 
lovely shot. Too full on off, he transfers weight forward and on-drives to perfection, 
holds his shape and the pose as the ball races to the straight boundary",3.3,4,4.0,"Prasidh to Roy, FOUR runs  .lovely shot. Too full on off, he transfers weight forward and on-drives to perfection,  .holds his shape and the pose as the ball races to the straight boundary",Prasidh,Roy,4.0,1,0,1,1,4.0,0,,1
"3.4 
1 
Prasidh to Roy, 1 run 
was coming down the track and making room, but almost yorked himself on off stump, 
managed to toe-end a slap to mid-off",3.4,1,1.0,"Prasidh to Roy, 1 run  .was coming down the track and making room, but almost yorked himself on off stump,  .managed to toe-end a slap to mid-off",Prasidh,Roy,1.0,0,0,1,1,1.0,0,,1
"3.5 
• 
Prasidh to Bairstow, no run 
straight drive pings off the bowler's foot. This was hit even harder than the one Roy hit 
at the start of the over, but bullet straight and hits the bowler's right ankle on his follow 
through, pings towards cover",3.5,0,0.0,"Prasidh to Bairstow, no run  .straight drive pings off the bowler's foot. This was hit even harder than the one Roy hit  .at the start of the over, but bullet straight and hits the bowler's right ankle on his follow  .through, pings towards cover",Prasidh,Bairstow,0.0,0,0,1,1,0.0,0,,0
"3.6 
• 
Prasidh to Bairstow, no run 
too full and driven fluidly again, but straight to the fielder in the covers 
end of over 45 runs  
ENG: 10/0CRR: 2.50 • RRR: 7.10 
Jonny Bairstow0 (5b) 
Jason Roy10 (19b 1x4) 
Prasidh Krishna 2-0-6-0 
Bhuvneshwar Kumar 2-0-4-0",3.6,0,0.0,"Prasidh to Bairstow, no run  .too full and driven fluidly again, but straight to the fielder in the covers",Prasidh,Bairstow,0.0,0,0,1,1,0.0,0,,0
"4.1 
1 
Bhuvneshwar to Roy, 1 run 
moves across and has exposed all three stumps, but the ball is straight at him, in the 
original channel, fullish and he pats it towards mid-on",4.1,1,1.0,"Bhuvneshwar to Roy, 1 run  .moves across and has exposed all three stumps, but the ball is straight at him, in the  .original channel, fullish and he pats it towards mid-on",Bhuvneshwar,Roy,1.0,0,0,1,1,1.0,0,,1
"4.2 
4 
Bhuvneshwar to Bairstow, FOUR runs 
digs it in short and Bairstow is quickly onto that, fetches the pull from outside off, gets 
on top of the ball, and puts it in the gap through midwicket",4.2,4,4.0,"Bhuvneshwar to Bairstow, FOUR runs  .digs it in short and Bairstow is quickly onto that, fetches the pull from outside off, gets  .on top of the ball, and puts it in the gap through midwicket",Bhuvneshwar,Bairstow,4.0,1,0,1,1,4.0,0,,1
"4.3 
1 
Bhuvneshwar to Bairstow, 1 run 
length ball coming into him, in the channel, he's moving across so picks it off his pads 
to mid-on",4.3,1,1.0,"Bhuvneshwar to Bairstow, 1 run  .length ball coming into him, in the channel, he's moving across so picks it off his pads  .to mid-on",Bhuvneshwar,Bairstow,1.0,0,0,1,1,1.0,0,,1
"4.4 
• 
Bhuvneshwar to Roy, no run 
given width outside off and he stands up tall to crash it through cover, but Kohli does 
well there to time his dive to his right to stop the ball 
- Akhil, I can exclusively reveal that out of the 100s of countries in the world, only two 
have a chance of winning this game: India and England. 
Akhil: ""Hey Cricinfo, since you are posting commentary before the telecast, would you 
mind telling me who is going to win so that I can concentrate on my office work.""",4.4,0,0.0,"Bhuvneshwar to Roy, no run  .given width outside off and he stands up tall to crash it through cover, but Kohli does  .well there to time his dive to his right to stop the ball  .- Akhil, I can exclusively reveal that out of the 100s of countries in the world, only two  .have a chance of winning this game: India and England.",Bhuvneshwar,Roy,0.0,0,0,1,1,0.0,0,,0
"4.5 
1 
Bhuvneshwar to Roy, 1 run 
length ball on the pads, tucked to fine leg",4.5,1,1.0,"Bhuvneshwar to Roy, 1 run  .length ball on the pads, tucked to fine leg",Bhuvneshwar,Roy,1.0,0,0,1,1,1.0,0,,1
"4.6 
• 
Bhuvneshwar to Bairstow, no run 
sharp bouncer outside off, he was looking to pull but had to drop his hands and sway 
out of the way 
end of over 57 runs  
ENG: 17/0CRR: 3.40 • RRR: 7.11 
Jonny Bairstow5 (8b 1x4) 
Jason Roy12 (22b 1x4) 
Bhuvneshwar Kumar 3-0-11-0 
Prasidh Krishna 2-0-6-0",4.6,0,0.0,"Bhuvneshwar to Bairstow, no run  .sharp bouncer outside off, he was looking to pull but had to drop his hands and sway  .out of the way",Bhuvneshwar,Bairstow,0.0,0,0,1,1,0.0,0,,0
"5.1 
4 
Prasidh to Roy, FOUR runs 
smack. Too short, and sat up, pulls through midwicket on the front foot with power",5.1,4,4.0,"Prasidh to Roy, FOUR runs  .smack. Too short, and sat up, pulls through midwicket on the front foot with power",Prasidh,Roy,4.0,1,0,1,1,4.0,0,,1
"5.2 
4 
Prasidh to Roy, FOUR runs 
too short again, he swivels and pulls through square leg this time. The previous ball had 
more power, this one had more timing",5.2,4,4.0,"Prasidh to Roy, FOUR runs  .too short again, he swivels and pulls through square leg this time. The previous ball had  .more power, this one had more timing",Prasidh,Roy,4.0,1,0,1,1,4.0,0,,1
"5.3 
• 
Prasidh to Roy, no run 
hits a better length now, not short as before and gets it to bounce a bit more than just 
sitting up too. Roy looking to pull again, cops it on the mid-riff off a bottom edge",5.3,0,0.0,"Prasidh to Roy, no run  .hits a better length now, not short as before and gets it to bounce a bit more than just  .sitting up too. Roy looking to pull again, cops it on the mid-riff off a bottom edge",Prasidh,Roy,0.0,0,0,1,1,0.0,0,,0
"5.4 
4 
Prasidh to Roy, FOUR runs 
overdoes the short ball, this time it's too short and Roy calmly moves inside the line and 
helps it to the fine leg boundary. He didn't try to over-hit, just timed and placed it",5.4,4,4.0,"Prasidh to Roy, FOUR runs  .overdoes the short ball, this time it's too short and Roy calmly moves inside the line and  .helps it to the fine leg boundary. He didn't try to over-hit, just timed and placed it",Prasidh,Roy,4.0,1,0,1,1,4.0,0,,1
"5.5 
• 
Prasidh to Roy, no run 
gets it on a length and in the channel, Roy lets it go through. Good carry through to Pant",5.5,0,0.0,"Prasidh to Roy, no run  .gets it on a length and in the channel, Roy lets it go through. Good carry through to Pant",Prasidh,Roy,0.0,0,0,1,1,0.0,0,,0
"5.6 
1 
Prasidh to Roy, 1 run 
flowing cover drive, but Kohli's a livewire there today and moves quickly to his right to 
tumble and stop that. Too full this time by Prasidh and room outside off 
end of over 613 runs  
ENG: 30/0CRR: 5.00 • RRR: 6.97 
Jason Roy25 (28b 4x4) 
Jonny Bairstow5 (8b 1x4) 
Prasidh Krishna 3-0-19-0 
Bhuvneshwar Kumar 3-0-11-0 
Hasher Mohamed: ""Was just going to write ' Are England taking a few lessons from 
India's batting approach', then Roy unleashed!!!!""",5.6,1,1.0,"Prasidh to Roy, 1 run  .flowing cover drive, but Kohli's a livewire there today and moves quickly to his right to  .tumble and stop that. Too full this time by Prasidh and room outside off",Prasidh,Roy,1.0,0,0,1,1,1.0,0,,1
"6.1 
• 
Bhuvneshwar to Roy, no run 
good length on middle, comes forward with a straight bat and defends back to the 
bowler",6.1,0,0.0,"Bhuvneshwar to Roy, no run  .good length on middle, comes forward with a straight bat and defends back to the  .bowler",Bhuvneshwar,Roy,0.0,0,0,1,1,0.0,0,,0
"6.2 
1w 
Bhuvneshwar to Roy, 1 wide 
strays down legside and Pant does well to tumble to his left and gather. But that'll be a 
wide. 
Bhuvneshwar's field to Roy has fine leg and square leg back, and a ring field on the 
offside in the circle",6.2,1w,1.0,"Bhuvneshwar to Roy, 1 wide  .strays down legside and Pant does well to tumble to his left and gather. But that'll be a  .wide.  .Bhuvneshwar's field to Roy has fine leg and square leg back, and a ring field on the  .offside in the circle",Bhuvneshwar,Roy,0.0,0,0,0,0,1.0,0,,1
"6.2 
4 
Bhuvneshwar to Roy, FOUR runs 
marvellous. He had bowled a good bouncer last over, tries to do it again. Doesn't get it 
too wrong, it's sharply rising outside off, but Roy is perfectly balanced and just upper-
cuts it over slip.",6.2,4,4.0,"Bhuvneshwar to Roy, FOUR runs  .marvellous. He had bowled a good bouncer last over, tries to do it again. Doesn't get it  .too wrong, it's sharply rising outside off, but Roy is perfectly balanced and just upper- .cuts it over slip.",Bhuvneshwar,Roy,4.0,1,0,1,1,4.0,0,,1
"6.3 
4 
Bhuvneshwar to Roy, FOUR runs 
magnificent. Punched off the back foot while standing in his crease, bullet straight and 
screams across the grass to the straight boundary.",6.3,4,4.0,"Bhuvneshwar to Roy, FOUR runs  .magnificent. Punched off the back foot while standing in his crease, bullet straight and  .screams across the grass to the straight boundary.",Bhuvneshwar,Roy,4.0,1,0,1,1,4.0,0,,1
"6.4 
• 
Bhuvneshwar to Roy, no run 
fuller and into him, cuts it to cover",6.4,0,0.0,"Bhuvneshwar to Roy, no run  .fuller and into him, cuts it to cover",Bhuvneshwar,Roy,0.0,0,0,1,1,0.0,0,,0
"6.5 
• 
Bhuvneshwar to Roy, no run 
back of a length outside off, punched off the backfoot, but not timed that well. Cover 
gathers",6.5,0,0.0,"Bhuvneshwar to Roy, no run  .back of a length outside off, punched off the backfoot, but not timed that well. Cover  .gathers",Bhuvneshwar,Roy,0.0,0,0,1,1,0.0,0,,0
"6.6 
1 
Bhuvneshwar to Roy, 1 run 
length on the stumps, shaping into him, worked to fine leg 
end of over 710 runs  
ENG: 40/0CRR: 5.71 • RRR: 6.90 
Jason Roy34 (34b 6x4) 
Jonny Bairstow5 (8b 1x4) 
Bhuvneshwar Kumar 4-0-21-0 
Prasidh Krishna 3-0-19-0 
- if the batsman's going to gift his wicket away... or it could be a magnum of a shot? 
Shameer: ""Magnanimous next?""",6.6,1,1.0,"Bhuvneshwar to Roy, 1 run  .length on the stumps, shaping into him, worked to fine leg",Bhuvneshwar,Roy,1.0,0,0,1,1,1.0,0,,1
"7.1 
1 
Prasidh to Roy, 1 run 
too short again, swivels and controls his pull shot to deep square leg 
Paul ALDERMAN: ""Could this be the day Roy goes beyond forty something? Maybe even 
bag himself a ton. An Englishman can dream, can't he?""",7.1,1,1.0,"Prasidh to Roy, 1 run  .too short again, swivels and controls his pull shot to deep square leg",Prasidh,Roy,1.0,0,0,1,1,1.0,0,,1
"7.2 
• 
Prasidh to Bairstow, no run 
fuller on a sixth stump line, swinging away, he goes to drive, but gets an inside edge that 
goes towards short leg",7.2,0,0.0,"Prasidh to Bairstow, no run  .fuller on a sixth stump line, swinging away, he goes to drive, but gets an inside edge that  .goes towards short leg",Prasidh,Bairstow,0.0,0,0,1,1,0.0,0,,0
"7.3 
• 
Prasidh to Bairstow, no run 
length ball coming into him, punched to mid-off",7.3,0,0.0,"Prasidh to Bairstow, no run  .length ball coming into him, punched to mid-off",Prasidh,Bairstow,0.0,0,0,1,1,0.0,0,,0
"7.4 
1 
Prasidh to Bairstow, 1 run 
fuller, tailing into him, driven on the front foot to mid-off's right for a quick single. Direct 
hit by Hardik but Bairstow was well home",7.4,1,1.0,"Prasidh to Bairstow, 1 run  .fuller, tailing into him, driven on the front foot to mid-off's right for a quick single. Direct  .hit by Hardik but Bairstow was well home",Prasidh,Bairstow,1.0,0,0,1,1,1.0,0,,1
"7.5 
• 
Prasidh to Roy, no run 
length outside off, glides it off his bat to point 
Saoirse : ""@Paul I'll take forty something given his previous form...""",7.5,0,0.0,"Prasidh to Roy, no run  .length outside off, glides it off his bat to point",Prasidh,Roy,0.0,0,0,1,1,0.0,0,,0
"7.6 
4 
Prasidh to Roy, FOUR runs 
slashed over cover. Too short and too wide outside off, he threw his bat at it, didn't 
middle it but there's no fielder back there so it was a very safe shot. The ball just about 
trickles over the boundary 
end of over 86 runs  
ENG: 46/0CRR: 5.75 • RRR: 6.92 
Jason Roy39 (37b 7x4) 
Jonny Bairstow6 (11b 1x4) 
Prasidh Krishna 4-0-25-0 
Bhuvneshwar Kumar 4-0-21-0 
- simple one Tanay. They're bowling to the best opening pair in world cricket over the 
past three years or so. 
Tanay Agarwal: ""India is again struggling to pick early wickets in powerplay in ODI! Any 
issues you reckon @Cricinfo?""",7.6,4,4.0,"Prasidh to Roy, FOUR runs  .slashed over cover. Too short and too wide outside off, he threw his bat at it, didn't  .middle it but there's no fielder back there so it was a very safe shot. The ball just about  .trickles over the boundary",Prasidh,Roy,4.0,1,0,1,1,4.0,0,,1
"8.1 
• 
Bhuvneshwar to Bairstow, no run 
big shout for lbw not given. That looked really close, maybe impact outside off? 
Beautifully bowled by Bhuvneshwar, who brought it back in and through the gap 
between bat and pad as Bairstow was looking to drive. Replays show that hit in line but 
would have been umpire's call on hitting the top of the stumps",8.1,0,0.0,"Bhuvneshwar to Bairstow, no run  .big shout for lbw not given. That looked really close, maybe impact outside off?  .Beautifully bowled by Bhuvneshwar, who brought it back in and through the gap  .between bat and pad as Bairstow was looking to drive. Replays show that hit in line but  .would have been umpire's call on hitting the top of the stumps",Bhuvneshwar,Bairstow,0.0,0,0,1,1,0.0,0,,0
"8.2 
• 
Bhuvneshwar to Bairstow, no run 
brings it into him again, and YJB misses connecting again, but struck well outside off 
this time",8.2,0,0.0,"Bhuvneshwar to Bairstow, no run  .brings it into him again, and YJB misses connecting again, but struck well outside off  .this time",Bhuvneshwar,Bairstow,0.0,0,0,1,1,0.0,0,,0
"8.3 
4 
Bhuvneshwar to Bairstow, FOUR runs 
another one that comes into him, but this time he manages to get bat down the right 
line and glances it fine, beats short fine leg",8.3,4,4.0,"Bhuvneshwar to Bairstow, FOUR runs  .another one that comes into him, but this time he manages to get bat down the right  .line and glances it fine, beats short fine leg",Bhuvneshwar,Bairstow,4.0,1,0,1,1,4.0,0,,1
"8.4 
1 
Bhuvneshwar to Bairstow, 1 run 
length ball, comes on the front foot to nudge through square leg. Smiles between 
batsman and bowler as Bairstow runs across - they're SRH teammates of course.",8.4,1,1.0,"Bhuvneshwar to Bairstow, 1 run  .length ball, comes on the front foot to nudge through square leg. Smiles between  .batsman and bowler as Bairstow runs across - they're SRH teammates of course.",Bhuvneshwar,Bairstow,1.0,0,0,1,1,1.0,0,,1
"8.5 
• 
Bhuvneshwar to Roy, no run 
fuller on the stumps, pushed back to the bowler's right.",8.5,0,0.0,"Bhuvneshwar to Roy, no run  .fuller on the stumps, pushed back to the bowler's right.",Bhuvneshwar,Roy,0.0,0,0,1,1,0.0,0,,0
"8.6 
• 
Bhuvneshwar to Roy, no run 
length, on a tight line on off, pushed to mid-off 
end of over 95 runs  
ENG: 51/0CRR: 5.66 • RRR: 6.97 
Jason Roy39 (39b 7x4) 
Jonny Bairstow11 (15b 2x4) 
Bhuvneshwar Kumar 5-0-26-0 
Prasidh Krishna 4-0-25-0 
- don't know about that. Relative to eras, Sachin-Sehwag, M Waugh-Gilchrist, Hayden-
Gilchrist all have a decent shout... and probably lots of others I can't type out now 
because Shardul is coming into the attack. 
Dinu: ""Best one day opening partnership of all time? """,8.6,0,0.0,"Bhuvneshwar to Roy, no run  .length, on a tight line on off, pushed to mid-off",Bhuvneshwar,Roy,0.0,0,0,1,1,0.0,0,,0
"9.1 
• 
Thakur to Bairstow, no run 
length on the stumps, defended into the legside",9.1,0,0.0,"Thakur to Bairstow, no run  .length on the stumps, defended into the legside",Thakur,Bairstow,0.0,0,0,1,1,0.0,0,,0
"9.2 
• 
Thakur to Bairstow, no run 
back of a length outside off, he's moving across and tucks it to midwicket's right. No 
single because the fielder was moving quickly and swooped on the ball",9.2,0,0.0,"Thakur to Bairstow, no run  .back of a length outside off, he's moving across and tucks it to midwicket's right. No  .single because the fielder was moving quickly and swooped on the ball",Thakur,Bairstow,0.0,0,0,1,1,0.0,0,,0
"9.3 
• 
Thakur to Bairstow, no run 
too short outside off, cuts it powerfully, but straight to point 
Gandharv Bakshi: ""Considering that this opening pair's current run rate is below it's 
average run rate, it's still a decent bowling performance. """,9.3,0,0.0,"Thakur to Bairstow, no run  .too short outside off, cuts it powerfully, but straight to point",Thakur,Bairstow,0.0,0,0,1,1,0.0,0,,0
"9.4 
4 
Thakur to Bairstow, FOUR runs 
too short, and Bairstow is not going to hang about on those. Rocks back and pulls it 
with authority through midwicket",9.4,4,4.0,"Thakur to Bairstow, FOUR runs  .too short, and Bairstow is not going to hang about on those. Rocks back and pulls it  .with authority through midwicket",Thakur,Bairstow,4.0,1,0,1,1,4.0,0,,1
"9.5 
• 
Thakur to Bairstow, no run 
fuller, coming into him, punched to mid-on 
- I'm sure he will. 
Narayanan: ""Will Kohli bowl Hardik for few overs today?""",9.5,0,0.0,"Thakur to Bairstow, no run  .fuller, coming into him, punched to mid-on  .- I'm sure he will.",Thakur,Bairstow,0.0,0,0,1,1,0.0,0,,0
"9.6 
4 
Thakur to Bairstow, FOUR runs 
back of a length outside off, he stands tall and punches off the backfoot. Such superb 
timing that once it bisected the gap at cover, it was a boundary all the way 
end of over 108 runs  
ENG: 59/0CRR: 5.90 • RRR: 6.95 
Jonny Bairstow19 (21b 4x4) 
Jason Roy39 (39b 7x4) 
Shardul Thakur 1-0-8-0 
Bhuvneshwar Kumar 5-0-26-0 
Time for some wristspin. Here's Kuldeep. He's got a slip. 
Pramod : ""England playing a different template today.Seems they are planning to take 
the game deep""",9.6,4,4.0,"Thakur to Bairstow, FOUR runs  .back of a length outside off, he stands tall and punches off the backfoot. Such superb  .timing that once it bisected the gap at cover, it was a boundary all the way",Thakur,Bairstow,4.0,1,0,1,1,4.0,0,,1
"10.1 
• 
Kuldeep to Roy, no run 
tossed up on off, comes on the front foot to get to the pitch and pushes to cover",10.1,0,0.0,"Kuldeep to Roy, no run  .tossed up on off, comes on the front foot to get to the pitch and pushes to cover",Kuldeep,Roy,0.0,0,0,1,1,0.0,0,,0
"10.2 
1 
Kuldeep to Roy, 1 run 
tossed up outside off, he clears his front leg to thrash it through off, slaps it to long-off 
Obaid: ""I'd have to say that Rohit-Dhawan also form an ideal opening pair.....they form a 
really good platform at the top."" 
Long on, long off, fine leg and square leg on the boundary",10.2,1,1.0,"Kuldeep to Roy, 1 run  .tossed up outside off, he clears his front leg to thrash it through off, slaps it to long-off",Kuldeep,Roy,1.0,0,0,1,1,1.0,0,,1
"10.3 
• 
Kuldeep to Bairstow, no run 
a bit shorter outside off, stays back and cuts, but can't beat point",10.3,0,0.0,"Kuldeep to Bairstow, no run  .a bit shorter outside off, stays back and cuts, but can't beat point",Kuldeep,Bairstow,0.0,0,0,1,1,0.0,0,,0
"10.4 
• 
Kuldeep to Bairstow, no run 
beaten and there's an appeal but the umpire's not moved. Tossed up on off, and 
spinning into him, he's tried to fetch the sweep shot from there and doesn't connect. 
Struck on the rib, but outside the line",10.4,0,0.0,"Kuldeep to Bairstow, no run  .beaten and there's an appeal but the umpire's not moved. Tossed up on off, and  .spinning into him, he's tried to fetch the sweep shot from there and doesn't connect.  .Struck on the rib, but outside the line",Kuldeep,Bairstow,0.0,0,0,1,1,0.0,0,,0
"10.5 
• 
Kuldeep to Bairstow, no run 
good length on the stumps comes on the front foot and nudges it to midwicket",10.5,0,0.0,"Kuldeep to Bairstow, no run  .good length on the stumps comes on the front foot and nudges it to midwicket",Kuldeep,Bairstow,0.0,0,0,1,1,0.0,0,,0
"10.6 
1 
Kuldeep to Bairstow, 1 run 
strays on leg stump and Bairstow gets low to pull fiercely. Deep square leg cleans up 
end of over 112 runs  
ENG: 61/0CRR: 5.54 • RRR: 7.07 
Jonny Bairstow20 (25b 4x4) 
Jason Roy40 (41b 7x4) 
Kuldeep Yadav 1-0-2-0 
Shardul Thakur 1-0-8-0 
Siddhesh: ""@Pramod : Different, but still not the same approach as India. They are still 
staying well in touch with the RRR and ahead of India at the same stage. """,10.6,1,1.0,"Kuldeep to Bairstow, 1 run  .strays on leg stump and Bairstow gets low to pull fiercely. Deep square leg cleans up",Kuldeep,Bairstow,1.0,0,0,1,1,1.0,0,,1
"11.1 
1w 
Thakur to Bairstow, 1 wide 
too far down legside and that's a wide. Pant does well to dive to his left and take it 
Aayushman: ""Excited to see Livingstone bat. Can recall his cameos at the top for the 
Rajasthan Royals in 2019.""",11.1,1w,1.0,"Thakur to Bairstow, 1 wide  .too far down legside and that's a wide. Pant does well to dive to his left and take it",Thakur,Bairstow,0.0,0,0,0,0,1.0,0,,1
"11.1 
• 
Thakur to Bairstow, no run 
back of a length outside off, punched to cover's left, who tumbles and fields",11.1,0,0.0,"Thakur to Bairstow, no run  .back of a length outside off, punched to cover's left, who tumbles and fields",Thakur,Bairstow,0.0,0,0,1,1,0.0,0,,0
"11.2 
• 
Thakur to Bairstow, no run 
length ball on a tight line around off, punched on the front foot, but Kohli at cover is 
swooping on it to his right this time 
Roy has entered the 40s by the way...",11.2,0,0.0,"Thakur to Bairstow, no run  .length ball on a tight line around off, punched on the front foot, but Kohli at cover is  .swooping on it to his right this time  .Roy has entered the 40s by the way...",Thakur,Bairstow,0.0,0,0,1,1,0.0,0,,0
"11.3 
• 
Thakur to Bairstow, no run 
fullish on the stumps, driven to mid-on",11.3,0,0.0,"Thakur to Bairstow, no run  .fullish on the stumps, driven to mid-on",Thakur,Bairstow,0.0,0,0,1,1,0.0,0,,0
"11.4 
• 
Thakur to Bairstow, no run 
back of a length on off, defended",11.4,0,0.0,"Thakur to Bairstow, no run  .back of a length on off, defended",Thakur,Bairstow,0.0,0,0,1,1,0.0,0,,0
"11.5 
1 
Thakur to Bairstow, 1 run 
fuller on the stumps, driven to long-on",11.5,1,1.0,"Thakur to Bairstow, 1 run  .fuller on the stumps, driven to long-on",Thakur,Bairstow,1.0,0,0,1,1,1.0,0,,1
"11.6 
1 
Thakur to Roy, 1 run 
carved through point, hung in the air since it came off the bottom half of the bat, but no 
fielder around. The fielder in the deep cleans up 
end of over 123 runs  
ENG: 64/0CRR: 5.33 • RRR: 7.18 
Jason Roy41 (42b 7x4) 
Jonny Bairstow21 (30b 4x4) 
Shardul Thakur 2-0-11-0 
Kuldeep Yadav 1-0-2-0 
Hari: ""England following the proven MSD philosophy, albeit fraught with risks - take the 
match deep""",11.6,1,1.0,"Thakur to Roy, 1 run  .carved through point, hung in the air since it came off the bottom half of the bat, but no  .fielder around. The fielder in the deep cleans up",Thakur,Roy,1.0,0,0,1,1,1.0,0,,1
"12.1 
1 
Kuldeep to Roy, 1 run 
lenth on leg stump, goes back and wrists it to square leg",12.1,1,1.0,"Kuldeep to Roy, 1 run  .lenth on leg stump, goes back and wrists it to square leg",Kuldeep,Roy,1.0,0,0,1,1,1.0,0,,1
"12.2 
1 
Kuldeep to Bairstow, 1 run 
tossed up outside off, stretches forward to punch to long-off. Pant likes that length, 
says 'ye accha hai' to Kuldeep.",12.2,1,1.0,"Kuldeep to Bairstow, 1 run  .tossed up outside off, stretches forward to punch to long-off. Pant likes that length,  .says 'ye accha hai' to Kuldeep.",Kuldeep,Bairstow,1.0,0,0,1,1,1.0,0,,1
"12.3 
• 
Kuldeep to Roy, no run 
beaten. Tossed up on the stumps and spinning sharply into him, he was looking to 
punch through the legside, but is rapped on the pads",12.3,0,0.0,"Kuldeep to Roy, no run  .beaten. Tossed up on the stumps and spinning sharply into him, he was looking to  .punch through the legside, but is rapped on the pads",Kuldeep,Roy,0.0,0,0,1,1,0.0,0,,0
"12.4 
1 
Kuldeep to Roy, 1 run 
mis-times his slog sweep, goes off the toe end along the ground to deep midwicket",12.4,1,1.0,"Kuldeep to Roy, 1 run  .mis-times his slog sweep, goes off the toe end along the ground to deep midwicket",Kuldeep,Roy,1.0,0,0,1,1,1.0,0,,1
"12.5 
1w 
Kuldeep to Bairstow, 1 wide 
tossed up but down leg, he's looking to sweep but misses. Umpire gives it a wide. 
Kuldeep unhappy with that, he reckons YJB got a thin glove on it while trying to sweep",12.5,1w,1.0,"Kuldeep to Bairstow, 1 wide  .tossed up but down leg, he's looking to sweep but misses. Umpire gives it a wide.  .Kuldeep unhappy with that, he reckons YJB got a thin glove on it while trying to sweep",Kuldeep,Bairstow,0.0,0,0,0,0,1.0,0,,1
"12.5 
• 
Kuldeep to Bairstow, no run 
length on middle, spinning into him again, he's making room, ends up jabbing it back to 
the bowler",12.5,0,0.0,"Kuldeep to Bairstow, no run  .length on middle, spinning into him again, he's making room, ends up jabbing it back to  .the bowler",Kuldeep,Bairstow,0.0,0,0,1,1,0.0,0,,0
"12.6 
• 
Kuldeep to Bairstow, no run 
connects with the reverse sweep well to a fullish ball on leg stump, but hits it straight to 
short third man 
end of over 134 runs  
ENG: 68/0CRR: 5.23 • RRR: 7.27 
Jonny Bairstow22 (33b 4x4) 
Jason Roy43 (45b 7x4) 
Kuldeep Yadav 2-0-6-0 
Shardul Thakur 2-0-11-0 
Sandy: ""Nervous Nineties? Fearful Forties?""",12.6,0,0.0,"Kuldeep to Bairstow, no run  .connects with the reverse sweep well to a fullish ball on leg stump, but hits it straight to  .short third man",Kuldeep,Bairstow,0.0,0,0,1,1,0.0,0,,0
"13.1 
2 
Thakur to Roy, 2 runs 
fuller and into him, clipped off his toes through midwicket 
In shooting, a bizarre incident occurred yesterday at the ISSF World Cup in New Delhi. 
The gold medal match in the 50m rifle 3 positions men's team event between India and 
Hungary was postponed after Hungary refused to take part in protest against one of 
their own teammates who, they said, was using ""illegal equipment"". The gold medal 
match was held today, with India beating USA, who had finished third in qualification.",13.1,2,2.0,"Thakur to Roy, 2 runs  .fuller and into him, clipped off his toes through midwicket  .In shooting, a bizarre incident occurred yesterday at the ISSF World Cup in New Delhi.  .The gold medal match in the 50m rifle 3 positions men's team event between India and  .Hungary was postponed after Hungary refused to take part in protest against one of",Thakur,Roy,2.0,0,0,1,1,2.0,0,,1
"13.2 
1 
Thakur to Roy, 1 run 
popped in the air through point, but safe. Back of a length outside off, gets a leading 
edge to an attempted punch that flies through the point area",13.2,1,1.0,"Thakur to Roy, 1 run  .popped in the air through point, but safe. Back of a length outside off, gets a leading  .edge to an attempted punch that flies through the point area",Thakur,Roy,1.0,0,0,1,1,1.0,0,,1
"13.3 
• 
Thakur to Bairstow, no run 
beaten and that has taken off after passing the batsman. Pant has to leap up high to 
gather. Back of a length outside off, jagging away past the outside edge as he tries to 
punch",13.3,0,0.0,"Thakur to Bairstow, no run  .beaten and that has taken off after passing the batsman. Pant has to leap up high to  .gather. Back of a length outside off, jagging away past the outside edge as he tries to  .punch",Thakur,Bairstow,0.0,0,0,1,1,0.0,0,,0
"13.4 
6 
Thakur to Bairstow, SIX runs 
clears long-on. Fuller on middle and leg, he plays a checked lofted drive, times it to 
perfection. Krunal at long-on jumps up but the ball is out of reach",13.4,6,6.0,"Thakur to Bairstow, SIX runs  .clears long-on. Fuller on middle and leg, he plays a checked lofted drive, times it to  .perfection. Krunal at long-on jumps up but the ball is out of reach",Thakur,Bairstow,6.0,0,1,1,1,6.0,0,,1
"13.5 
• 
Thakur to Bairstow, no run 
chopped towards point 
- Doubt it. Stokes is slated for that spot. 
Rishabh Pant: ""Will Malan bat at No.3""",13.5,0,0.0,"Thakur to Bairstow, no run  .chopped towards point  .- Doubt it. Stokes is slated for that spot.",Thakur,Bairstow,0.0,0,0,1,1,0.0,0,,0
"13.6 
• 
Thakur to Bairstow, no run 
length on off, punched back to the bowler. 
end of over 149 runs  
ENG: 77/0CRR: 5.50 • RRR: 7.22 
Jonny Bairstow28 (37b 4x4 1x6) 
Jason Roy46 (47b 7x4) 
Shardul Thakur 3-0-20-0 
Kuldeep Yadav 2-0-6-0 
Sabyasachi Bali: ""Why don't India bring on K Pandya when two right handers are at the 
crease.After this wicket there are two left handers to come.""",13.6,0,0.0,"Thakur to Bairstow, no run  .length on off, punched back to the bowler.",Thakur,Bairstow,0.0,0,0,1,1,0.0,0,,0
"14.1 
6 
Kuldeep to Roy, SIX runs 
clears Hardik at long-on and Roy has crossed the 40s to raise a fifty. Thumbs up to his 
dugout and a wide grin on his face. Googly by Kuldeep which he didn't pick, was clearing 
his front leg to loft it high. Gets it off the eend of the bat, and Hardik can't quite reach it",14.1,6,6.0,"Kuldeep to Roy, SIX runs  .clears Hardik at long-on and Roy has crossed the 40s to raise a fifty. Thumbs up to his  .dugout and a wide grin on his face. Googly by Kuldeep which he didn't pick, was clearing  .his front leg to loft it high. Gets it off the eend of the bat, and Hardik can't quite reach it",Kuldeep,Roy,6.0,0,1,1,1,6.0,0,,1
"14.2 
1 
Kuldeep to Roy, 1 run 
driven to long-on",14.2,1,1.0,"Kuldeep to Roy, 1 run  .driven to long-on",Kuldeep,Roy,1.0,0,0,1,1,1.0,0,,1
"14.3 
1 
Kuldeep to Bairstow, 1 run 
wants to go aerial but can't quite get underneath it, and it goes one-bounce to Hardik at 
long-on",14.3,1,1.0,"Kuldeep to Bairstow, 1 run  .wants to go aerial but can't quite get underneath it, and it goes one-bounce to Hardik at  .long-on",Kuldeep,Bairstow,1.0,0,0,1,1,1.0,0,,1
"14.4 
1 
Kuldeep to Roy, 1 run 
too short, goes back and pulls to deep square leg",14.4,1,1.0,"Kuldeep to Roy, 1 run  .too short, goes back and pulls to deep square leg",Kuldeep,Roy,1.0,0,0,1,1,1.0,0,,1
"14.5 
1 
Kuldeep to Bairstow, 1 run 
tossed up on the stumps, dug out to deep square leg",14.5,1,1.0,"Kuldeep to Bairstow, 1 run  .tossed up on the stumps, dug out to deep square leg",Kuldeep,Bairstow,1.0,0,0,1,1,1.0,0,,1
"14.6 
• 
Kuldeep to Roy, no run 
good length on off, steers it towards point, staying legside of the ball 
end of over 1510 runs  
ENG: 87/0CRR: 5.80 • RRR: 7.14 
Jason Roy54 (51b 7x4 1x6) 
Jonny Bairstow30 (39b 4x4 1x6) 
Kuldeep Yadav 3-0-16-0 
Shardul Thakur 3-0-20-0 
Rose: ""It's nice to see England have a genuine number 11 again, instead of classic 
England with their number 11 having 10 FC centuries """,14.6,0,0.0,"Kuldeep to Roy, no run  .good length on off, steers it towards point, staying legside of the ball",Kuldeep,Roy,0.0,0,0,1,1,0.0,0,,0
"15.1 
6 
Thakur to Bairstow, SIX runs 
Imperious. There's a long-on in place but he has hit it so well and so straight that it's 
gone over the boundary - just about - without the man having got anywhere near it. 
Overpitched on leg stump and he checks his lofted drive again, and once again gets the 
timing oh so good.",15.1,6,6.0,"Thakur to Bairstow, SIX runs  .Imperious. There's a long-on in place but he has hit it so well and so straight that it's  .gone over the boundary - just about - without the man having got anywhere near it.  .Overpitched on leg stump and he checks his lofted drive again, and once again gets the  .timing oh so good.",Thakur,Bairstow,6.0,0,1,1,1,6.0,0,,1
"15.2 
6 
Thakur to Bairstow, SIX runs 
Bairstow's warmed up and is unleashing now. Although unleashing has a sense of 
heavy power in it and he's once again just timed it to perfection. Length ball on the pads, 
he plays a pick-up shot and flicks it effortlessly over square leg. He's not hit the ball in 
anger but got 12 off two balls",15.2,6,6.0,"Thakur to Bairstow, SIX runs  .Bairstow's warmed up and is unleashing now. Although unleashing has a sense of  .heavy power in it and he's once again just timed it to perfection. Length ball on the pads,  .he plays a pick-up shot and flicks it effortlessly over square leg. He's not hit the ball in  .anger but got 12 off two balls",Thakur,Bairstow,6.0,0,1,1,1,6.0,0,,1
"15.3 
• 
Thakur to Bairstow, no run 
length on off, punched to point",15.3,0,0.0,"Thakur to Bairstow, no run  .length on off, punched to point",Thakur,Bairstow,0.0,0,0,1,1,0.0,0,,0
"15.4 
1 
Thakur to Bairstow, 1 run 
length on the stumps, pushed to long-on. Yet another century stand between these two. 
England sixes = England buses? 
George Macphers: ""You wait for England to get their 1st 6 then 4 come in 3 consecutive 
overs. """,15.4,1,1.0,"Thakur to Bairstow, 1 run  .length on the stumps, pushed to long-on. Yet another century stand between these two.  .England sixes = England buses?",Thakur,Bairstow,1.0,0,0,1,1,1.0,0,,1
"15.5 
1 
Thakur to Roy, 1 run 
off-cutter, dug into the pitch, he waits for it and calmly steers it to backward point",15.5,1,1.0,"Thakur to Roy, 1 run  .off-cutter, dug into the pitch, he waits for it and calmly steers it to backward point",Thakur,Roy,1.0,0,0,1,1,1.0,0,,1
"15.6 
1 
Thakur to Bairstow, 1 run 
the checked shot doesn't quite come off this time, it plops in the air but there's no one 
at mid-on and it rolls to long-on for a single 
Bairstow and Roy doing Bairstow and Roy things, and England are well on course in this 
chase. Unless India can conjure some wickets. It's drinks and here's Andrew Miller now. 
end of over 1615 runs  
ENG: 102/0CRR: 6.37 • RRR: 6.91 
Jonny Bairstow44 (44b 4x4 3x6) 
Jason Roy55 (52b 7x4 1x6) 
Shardul Thakur 4-0-35-0 
Kuldeep Yadav 3-0-16-0 
Hello again. It's a different game while this pair are in harness... but England were sitting 
even prettier in the first game, and that got pretty ugly pretty quickly!",15.6,1,1.0,"Thakur to Bairstow, 1 run  .the checked shot doesn't quite come off this time, it plops in the air but there's no one  .at mid-on and it rolls to long-on for a single  .Bairstow and Roy doing Bairstow and Roy things, and England are well on course in this  .chase. Unless India can conjure some wickets. It's drinks and here's Andrew Miller now.",Thakur,Bairstow,1.0,0,0,1,1,1.0,0,,1
"16.1 
6 
Kuldeep to Bairstow, SIX runs 
slammed into the stands! Baristow rampages to his fifty in dismissive fashion, another 
loopy delivery, dipping into his arc, and hoisted up and over long-on!",16.1,6,6.0,"Kuldeep to Bairstow, SIX runs  .slammed into the stands! Baristow rampages to his fifty in dismissive fashion, another  .loopy delivery, dipping into his arc, and hoisted up and over long-on!",Kuldeep,Bairstow,6.0,0,1,1,1,6.0,0,,1
"16.2 
2 
Kuldeep to Bairstow, 2 runs 
advancing to the pitch, and nudged to the leg side... that's very hustly running from 
Bairstow, and a better throw might have been tight! Roy was struggling, but Kuldeep 
couldn't gather",16.2,2,2.0,"Kuldeep to Bairstow, 2 runs  .advancing to the pitch, and nudged to the leg side... that's very hustly running from  .Bairstow, and a better throw might have been tight! Roy was struggling, but Kuldeep  .couldn't gather",Kuldeep,Bairstow,2.0,0,0,1,1,2.0,0,,1
"16.3 
W 
Kuldeep to Bairstow, OUT 
no doubt about this run out! An exceptional piece of fielding from Rohit, leaping to his 
right to intercept a clip at midwicket... the two men had a chance to shake hands in the 
middle as the flicked return came in... and Roy has to go! 
Jason Roy run out (Sharma/†Pant) 55 (52b 7x4 1x6 80m) SR: 105.76 
Well, it was 135 for 1 last time, 110 for 1 this time... here's Stokes once again at 3. It's a 
long-term plan but I wonder if Malan and his unflustered dedication to strike rotation 
might have been a better insertion",16.3,W,0.0,"Kuldeep to Bairstow, OUT  .no doubt about this run out! An exceptional piece of fielding from Rohit, leaping to his  .right to intercept a clip at midwicket... the two men had a chance to shake hands in the  .middle as the flicked return came in... and Roy has to go!  .Jason Roy run out (Sharma/†Pant) 55 (52b 7x4 1x6 80m) SR: 105.76",Kuldeep,Bairstow,0.0,0,0,1,1,0.0,0,run out (Sharma/†Pant),0
"16.4 
• 
Kuldeep to Stokes, no run 
raucous appeal for the lbw! No shot offered from Stokes, and it might have been the 
left-armer's wrong'un, turning back into the left-hander's knee-roll. Outside the line, but 
that's non-applicable in this case... nope, missing by a distance. Review lost!",16.4,0,0.0,"Kuldeep to Stokes, no run  .raucous appeal for the lbw! No shot offered from Stokes, and it might have been the  .left-armer's wrong'un, turning back into the left-hander's knee-roll. Outside the line, but  .that's non-applicable in this case... nope, missing by a distance. Review lost!",Kuldeep,Stokes,0.0,0,0,1,1,0.0,0,,0
"16.5 
• 
Kuldeep to Stokes, no run 
looped onto a teasing full length, Stokes stretches over the ball to squeeze it to cover",16.5,0,0.0,"Kuldeep to Stokes, no run  .looped onto a teasing full length, Stokes stretches over the ball to squeeze it to cover",Kuldeep,Stokes,0.0,0,0,1,1,0.0,0,,0
"16.6 
1 
Kuldeep to Stokes, 1 run 
back of a length, punched uppishly to long-on. It's 111 for 1. David Shepherd would be 
hopping mad right now 
ViragS: ""Last 10 opening partnerships against India 110,(this game) 
135,25,142,156,106,93,85,18,20,258. Thats an average almost 100 runs per innings."" 
Huge if true 
end of over 179 runs • 1 wicket 
ENG: 111/1CRR: 6.52 • RRR: 6.84 
Ben Stokes1 (3b) 
Jonny Bairstow52 (47b 4x4 4x6) 
Kuldeep Yadav 4-0-25-0 
Shardul Thakur 4-0-35-0",16.6,1,1.0,"Kuldeep to Stokes, 1 run  .back of a length, punched uppishly to long-on. It's 111 for 1. David Shepherd would be  .hopping mad right now",Kuldeep,Stokes,1.0,0,0,1,1,1.0,0,,1
"17.1 
• 
Krunal to Stokes, no run",17.1,0,0.0,"Krunal to Stokes, no run",Krunal,Stokes,0.0,0,0,1,1,0.0,0,,0
"17.2 
1 
Krunal to Stokes, 1 run 
standing tall on the back foot, punched to long-on",17.2,1,1.0,"Krunal to Stokes, 1 run  .standing tall on the back foot, punched to long-on",Krunal,Stokes,1.0,0,0,1,1,1.0,0,,1
"17.3 
• 
Krunal to Bairstow, no run 
fully forward, and poked to the off-side",17.3,0,0.0,"Krunal to Bairstow, no run  .fully forward, and poked to the off-side",Krunal,Bairstow,0.0,0,0,1,1,0.0,0,,0
"17.4 
1 
Krunal to Bairstow, 1 run 
patted down to long-on, a period of calm from Bairstow as England focus on regrouping",17.4,1,1.0,"Krunal to Bairstow, 1 run  .patted down to long-on, a period of calm from Bairstow as England focus on regrouping",Krunal,Bairstow,1.0,0,0,1,1,1.0,0,,1
"17.5 
2 
Krunal to Stokes, 2 runs 
width, and Stokes slashes past the keeper! A fat edge, slip would have swallowed it, but 
that's runs",17.5,2,2.0,"Krunal to Stokes, 2 runs  .width, and Stokes slashes past the keeper! A fat edge, slip would have swallowed it, but  .that's runs",Krunal,Stokes,2.0,0,0,1,1,2.0,0,,1
"17.6 
1 
Krunal to Stokes, 1 run 
solidly pushed down the line, to long-on. Steady as she goes from England 
Prashanth BC: ""This Run-out reminds me about the run out of Kohli between Jinks and 
Virat, It's really hard to walk back when you really batting well and looking good.Feel for 
Jason Roy."" 
end of over 185 runs  
ENG: 116/1CRR: 6.44 • RRR: 6.90 
Ben Stokes5 (7b) 
Jonny Bairstow53 (49b 4x4 4x6) 
Krunal Pandya 1-0-5-0 
Kuldeep Yadav 4-0-25-0",17.6,1,1.0,"Krunal to Stokes, 1 run  .solidly pushed down the line, to long-on. Steady as she goes from England",Krunal,Stokes,1.0,0,0,1,1,1.0,0,,1
"18.1 
• 
Kuldeep to Stokes, no run 
over the wicket, tight lines with the wristy action on the ball. Stokes is cautiously but 
firmly forward",18.1,0,0.0,"Kuldeep to Stokes, no run  .over the wicket, tight lines with the wristy action on the ball. Stokes is cautiously but  .firmly forward",Kuldeep,Stokes,0.0,0,0,1,1,0.0,0,,0
"18.2 
1 
Kuldeep to Stokes, 1 run 
a hack across the line, he felt that one was in his arc outside off, but didn't get hold of it 
to mid-on",18.2,1,1.0,"Kuldeep to Stokes, 1 run  .a hack across the line, he felt that one was in his arc outside off, but didn't get hold of it  .to mid-on",Kuldeep,Stokes,1.0,0,0,1,1,1.0,0,,1
"18.3 
• 
Kuldeep to Bairstow, no run 
jabbed to the on-side, a loud no from Stokes as England risk another run-out there.... 
careful now!",18.3,0,0.0,"Kuldeep to Bairstow, no run  .jabbed to the on-side, a loud no from Stokes as England risk another run-out there....  .careful now!",Kuldeep,Bairstow,0.0,0,0,1,1,0.0,0,,0
"18.4 
• 
Kuldeep to Bairstow, no run 
dipping into the toes, nudged to the on-side",18.4,0,0.0,"Kuldeep to Bairstow, no run  .dipping into the toes, nudged to the on-side",Kuldeep,Bairstow,0.0,0,0,1,1,0.0,0,,0
"18.5 
• 
Kuldeep to Bairstow, no run 
flicked off the pads to midwicket 
Prashant : ""Kuldeep is called an ""lws"" bowler. What's that? lbg?"" Left-arm wristspin. 
Legspin in a mirror",18.5,0,0.0,"Kuldeep to Bairstow, no run  .flicked off the pads to midwicket",Kuldeep,Bairstow,0.0,0,0,1,1,0.0,0,,0
"18.6 
1 
Kuldeep to Bairstow, 1 run 
sliding into the hips, clipped behind square to keep England moving. It's a bit static after 
that flurry to the century stand, but a rebuild is fine with the depth to come 
end of over 192 runs  
ENG: 118/1CRR: 6.21 • RRR: 7.06 
Jonny Bairstow54 (53b 4x4 4x6) 
Ben Stokes6 (9b) 
Kuldeep Yadav 5-0-27-0 
Krunal Pandya 1-0-5-0",18.6,1,1.0,"Kuldeep to Bairstow, 1 run  .sliding into the hips, clipped behind square to keep England moving. It's a bit static after  .that flurry to the century stand, but a rebuild is fine with the depth to come",Kuldeep,Bairstow,1.0,0,0,1,1,1.0,0,,1
"19.1 
1 
Krunal to Bairstow, 1 run 
on the back foot, glided into the covers with an open face",19.1,1,1.0,"Krunal to Bairstow, 1 run  .on the back foot, glided into the covers with an open face",Krunal,Bairstow,1.0,0,0,1,1,1.0,0,,1
"19.2 
• 
Krunal to Stokes, no run 
high elbow, punched to long-on",19.2,0,0.0,"Krunal to Stokes, no run  .high elbow, punched to long-on",Krunal,Stokes,0.0,0,0,1,1,0.0,0,,0
"19.3 
6 
Krunal to Stokes, SIX runs 
here goes Stokes! Those sighters have not been in vain. A full-on golf swing through the 
line, high over mid-on, slapping his backside with the followthrough!",19.3,6,6.0,"Krunal to Stokes, SIX runs  .here goes Stokes! Those sighters have not been in vain. A full-on golf swing through the  .line, high over mid-on, slapping his backside with the followthrough!",Krunal,Stokes,6.0,0,1,1,1,6.0,0,,1
"19.4 
1 
Krunal to Stokes, 1 run 
shuffling back to make room as the ball turns into a slightly cramped cut, out to deep 
cover",19.4,1,1.0,"Krunal to Stokes, 1 run  .shuffling back to make room as the ball turns into a slightly cramped cut, out to deep  .cover",Krunal,Stokes,1.0,0,0,1,1,1.0,0,,1
"19.5 
1 
Krunal to Bairstow, 1 run 
wicket-to-wicket, tight line, dabbed to mid-on with a full face of the bat",19.5,1,1.0,"Krunal to Bairstow, 1 run  .wicket-to-wicket, tight line, dabbed to mid-on with a full face of the bat",Krunal,Bairstow,1.0,0,0,1,1,1.0,0,,1
"19.6 
1 
Krunal to Stokes, 1 run 
another big wind-up from Stokes, who seems to adjust mid-stroke to bunt the ball along 
the turf to deep midwicket, when his original designs had been on the stands 
end of over 2010 runs  
ENG: 128/1CRR: 6.40 • RRR: 6.96 
Ben Stokes14 (13b 1x6) 
Jonny Bairstow56 (55b 4x4 4x6) 
Krunal Pandya 2-0-15-0 
Kuldeep Yadav 5-0-27-0 
Twenty overs done... England very much on track",19.6,1,1.0,"Krunal to Stokes, 1 run  .another big wind-up from Stokes, who seems to adjust mid-stroke to bunt the ball along  .the turf to deep midwicket, when his original designs had been on the stands",Krunal,Stokes,1.0,0,0,1,1,1.0,0,,1
"20.1 
• 
Prasidh to Stokes, no run 
on the back foot, blotted down into the crease",20.1,0,0.0,"Prasidh to Stokes, no run  .on the back foot, blotted down into the crease",Prasidh,Stokes,0.0,0,0,1,1,0.0,0,,0
"20.2 
• 
Prasidh to Stokes, no run 
advancing to the pitch, blocked with intent back to the bowler, who adjusted his length 
well 
Simon: ""Evidently it is safer to hit sixes than try to hit fours: no risk of getting run out!"" I 
guess so...",20.2,0,0.0,"Prasidh to Stokes, no run  .advancing to the pitch, blocked with intent back to the bowler, who adjusted his length  .well",Prasidh,Stokes,0.0,0,0,1,1,0.0,0,,0
"20.3 
• 
Prasidh to Stokes, no run 
wider line, a firm crack of the willow through point, but more sharp fielding to crank up 
the pressure on Stokes",20.3,0,0.0,"Prasidh to Stokes, no run  .wider line, a firm crack of the willow through point, but more sharp fielding to crank up  .the pressure on Stokes",Prasidh,Stokes,0.0,0,0,1,1,0.0,0,,0
"20.4 
2 
Prasidh to Stokes, 2 runs 
a well-weighted clip to the leg-side, but that was a big of a hustle from Bairstow! Kohli 
had to stretch to gather. Might have been tight with a direct hit from Krunal 
theoptimist: ""It says Ben Stokes' most productive shot is an On Drive with 1 six - nice on 
drive he just played - i'd like to see him play an on drive with a 5 wood!!""",20.4,2,2.0,"Prasidh to Stokes, 2 runs  .a well-weighted clip to the leg-side, but that was a big of a hustle from Bairstow! Kohli  .had to stretch to gather. Might have been tight with a direct hit from Krunal",Prasidh,Stokes,2.0,0,0,1,1,2.0,0,,1
"20.5 
• 
Prasidh to Stokes, no run 
banged in short and that takes off through to the keeper.",20.5,0,0.0,"Prasidh to Stokes, no run  .banged in short and that takes off through to the keeper.",Prasidh,Stokes,0.0,0,0,1,1,0.0,0,,0
"20.6 
• 
Prasidh to Stokes, no run 
flashed hard to mid-off, in Stokes' arc but fractionally too wide for him to get any power 
through the stroke 
Jenilkarthick: ""This England approach is always good. Unless opponents take wickets 
they cannot win. And the English doesn't care about wickets. How about this :-) lol"" Win-
win? Unless they lose, of course 
end of over 212 runs  
ENG: 130/1CRR: 6.19 • RRR: 7.13 
Ben Stokes16 (19b 1x6) 
Jonny Bairstow56 (55b 4x4 4x6) 
Prasidh Krishna 5-0-27-0 
Krunal Pandya 2-0-15-0",20.6,0,0.0,"Prasidh to Stokes, no run  .flashed hard to mid-off, in Stokes' arc but fractionally too wide for him to get any power  .through the stroke",Prasidh,Stokes,0.0,0,0,1,1,0.0,0,,0
"21.1 
• 
Krunal to Bairstow, no run 
round the wicket, probing length, blotted into the covers on the front foot",21.1,0,0.0,"Krunal to Bairstow, no run  .round the wicket, probing length, blotted into the covers on the front foot",Krunal,Bairstow,0.0,0,0,1,1,0.0,0,,0
"21.2 
1 
Krunal to Bairstow, 1 run 
on the back foot, an open-faced punch to deep cover, and that's a well-weighted shot 
too, but just the single",21.2,1,1.0,"Krunal to Bairstow, 1 run  .on the back foot, an open-faced punch to deep cover, and that's a well-weighted shot  .too, but just the single",Krunal,Bairstow,1.0,0,0,1,1,1.0,0,,1
"21.3 
2w 
Krunal to Stokes, 2 wide 
fizzed down the leg-side, and a bye too as Pant can't gather as Stokes' urgent swing 
perhaps puts him off",21.3,2w,2.0,"Krunal to Stokes, 2 wide  .fizzed down the leg-side, and a bye too as Pant can't gather as Stokes' urgent swing  .perhaps puts him off",Krunal,Stokes,0.0,0,0,0,0,2.0,0,,1
"21.3 
1 
Krunal to Bairstow, 1 run 
back of a length, tight line, firmly punched to mid-off 
CHRIS: ""Where does Livingston now fit in the batting order? Does he come in before 
Milan and Buttler when England need to keep the runs ticking over, or does he now 
move down the order and risk not batting or bowling on debut?"" I'd have Malan next in 
this situation, but would like to think England might be flexible if it gets into the death 
overs before a wicket",21.3,1,1.0,"Krunal to Bairstow, 1 run  .back of a length, tight line, firmly punched to mid-off",Krunal,Bairstow,1.0,0,0,1,1,1.0,0,,1
"21.4 
1 
Krunal to Stokes, 1 run 
clawed out to the leg side",21.4,1,1.0,"Krunal to Stokes, 1 run  .clawed out to the leg side",Krunal,Stokes,1.0,0,0,1,1,1.0,0,,1
"21.5 
1 
Krunal to Bairstow, 1 run 
eased to long-on, pressing through the line probing line from round the wicket",21.5,1,1.0,"Krunal to Bairstow, 1 run  .eased to long-on, pressing through the line probing line from round the wicket",Krunal,Bairstow,1.0,0,0,1,1,1.0,0,,1
"21.6 
6 
Krunal to Stokes, SIX runs 
back over the wicket, and that's a gift for Stokes! Dragged down from Krunal, Stokes 
might have been shaping for the sweep but rocked back for the pull instead, and hitting 
with the spin, that was launched over midwicket 
end of over 2212 runs  
ENG: 142/1CRR: 6.45 • RRR: 6.96 
Ben Stokes23 (21b 2x6) 
Jonny Bairstow59 (59b 4x4 4x6) 
Krunal Pandya 3-0-27-0 
Prasidh Krishna 5-0-27-0 
He hasn't quite got there in the Root-approved manner, but 23 from 21 is a very Rootian 
start at No.3...",21.6,6,6.0,"Krunal to Stokes, SIX runs  .back over the wicket, and that's a gift for Stokes! Dragged down from Krunal, Stokes  .might have been shaping for the sweep but rocked back for the pull instead, and hitting  .with the spin, that was launched over midwicket",Krunal,Stokes,6.0,0,1,1,1,6.0,0,,1
"22.1 
4 
Prasidh to Bairstow, FOUR runs 
swivel-pull, more runs! Too short, into the hips, that whistled through backward square",22.1,4,4.0,"Prasidh to Bairstow, FOUR runs  .swivel-pull, more runs! Too short, into the hips, that whistled through backward square",Prasidh,Bairstow,4.0,1,0,1,1,4.0,0,,1
"22.2 
• 
Prasidh to Bairstow, no run 
good riposte, hitting the seam, and the inside-edge, with a nipbacker on a fuller length 
Abhijato: ""This is all very depressing as an India fan at the moment ..."" it's a 
rollercoaster... I fully anticipate another ""weeee!"" before long...",22.2,0,0.0,"Prasidh to Bairstow, no run  .good riposte, hitting the seam, and the inside-edge, with a nipbacker on a fuller length",Prasidh,Bairstow,0.0,0,0,1,1,0.0,0,,0
"22.3 
4 
Prasidh to Bairstow, FOUR runs 
drilled through long-off! Bairstow is a majestic driver in one-day cricket, so good at 
picking the gaps with power. That was straight, and violent!",22.3,4,4.0,"Prasidh to Bairstow, FOUR runs  .drilled through long-off! Bairstow is a majestic driver in one-day cricket, so good at  .picking the gaps with power. That was straight, and violent!",Prasidh,Bairstow,4.0,1,0,1,1,4.0,0,,1
"22.4 
2 
Prasidh to Bairstow, 2 runs 
curling into the toes, clipped with superb timing out through midwicket. Good flurry of 
runs for England right now",22.4,2,2.0,"Prasidh to Bairstow, 2 runs  .curling into the toes, clipped with superb timing out through midwicket. Good flurry of  .runs for England right now",Prasidh,Bairstow,2.0,0,0,1,1,2.0,0,,1
"22.5 
1 
Prasidh to Bairstow, 1 run 
on the back foot, opens the face to steer down to third man with a hop for good 
measure 
Anirudh: ""Time to bring in Shardul Thakur to get those two wickets in one over."" 
Thakur's cutters to Stokes have been especially effective, it's true",22.5,1,1.0,"Prasidh to Bairstow, 1 run  .on the back foot, opens the face to steer down to third man with a hop for good  .measure",Prasidh,Bairstow,1.0,0,0,1,1,1.0,0,,1
"22.6 
1 
Prasidh to Stokes, 1 run 
Stokes returns the compliment with a left-hander's glide to third man. Steady from 
England to finish another threatening over 
end of over 2312 runs  
ENG: 154/1CRR: 6.69 • RRR: 6.77 
Ben Stokes24 (22b 2x6) 
Jonny Bairstow70 (64b 6x4 4x6) 
Prasidh Krishna 6-0-39-0 
Krunal Pandya 3-0-27-0 
Samar: ""Seeing England's attack even after their capitulation last match:Das ist nicht 
gut :("" Ja richtig! Wie fur sprechen sie Deutsch?",22.6,1,1.0,"Prasidh to Stokes, 1 run  .Stokes returns the compliment with a left-hander's glide to third man. Steady from  .England to finish another threatening over",Prasidh,Stokes,1.0,0,0,1,1,1.0,0,,1
"23.1 
1 
Krunal to Stokes, 1 run 
clobbered down to long-on",23.1,1,1.0,"Krunal to Stokes, 1 run  .clobbered down to long-on",Krunal,Stokes,1.0,0,0,1,1,1.0,0,,1
"23.2 
2 
Krunal to Bairstow, 2 runs 
belted across the line to deep midwicket, and a good tumbling stop to intercept another 
boundary",23.2,2,2.0,"Krunal to Bairstow, 2 runs  .belted across the line to deep midwicket, and a good tumbling stop to intercept another  .boundary",Krunal,Bairstow,2.0,0,0,1,1,2.0,0,,1
"23.3 
• 
Krunal to Bairstow, no run 
firm face of the bat, on the front foot, and blocked",23.3,0,0.0,"Krunal to Bairstow, no run  .firm face of the bat, on the front foot, and blocked",Krunal,Bairstow,0.0,0,0,1,1,0.0,0,,0
"23.4 
• 
Krunal to Bairstow, no run 
a swish at a loopy leg-stump delivery, flicks the pads as the bat comes through",23.4,0,0.0,"Krunal to Bairstow, no run  .a swish at a loopy leg-stump delivery, flicks the pads as the bat comes through",Krunal,Bairstow,0.0,0,0,1,1,0.0,0,,0
"23.5 
1 
Krunal to Bairstow, 1 run 
width, met at the top of the bounce with a thunking cut to deep cover",23.5,1,1.0,"Krunal to Bairstow, 1 run  .width, met at the top of the bounce with a thunking cut to deep cover",Krunal,Bairstow,1.0,0,0,1,1,1.0,0,,1
"23.6 
6 
Krunal to Stokes, SIX runs 
hoisted over midwicket! Stokes shimmies onto the back foot, giving himself oodles of 
room to launch the long-hop, and that's high over the ropes! Stokes is dealing almost 
exclusively in sixes for his catch-up shots... and he's ticking nicely now 
Sagar: ""Google did a weird translation. Already its a tense match, dont complicate it by 
commentating in German "" It'll be double Dutch if this match goes to the wire... 
end of over 2410 runs  
ENG: 164/1CRR: 6.83 • RRR: 6.65 
Ben Stokes31 (24b 3x6) 
Jonny Bairstow73 (68b 6x4 4x6) 
Krunal Pandya 4-0-37-0 
Prasidh Krishna 6-0-39-0",23.6,6,6.0,"Krunal to Stokes, SIX runs  .hoisted over midwicket! Stokes shimmies onto the back foot, giving himself oodles of  .room to launch the long-hop, and that's high over the ropes! Stokes is dealing almost  .exclusively in sixes for his catch-up shots... and he's ticking nicely now",Krunal,Stokes,6.0,0,1,1,1,6.0,0,,1
"24.1 
• 
Thakur to Bairstow, no run 
outside off, and through to the keeper",24.1,0,0.0,"Thakur to Bairstow, no run  .outside off, and through to the keeper",Thakur,Bairstow,0.0,0,0,1,1,0.0,0,,0
"24.2 
2 
Thakur to Bairstow, 2 runs 
swished off the pads, behind square, Kuldeep scrambles well on the boundary's edge to 
save the four 
Balaji: ""Krunal saying Ben Stokes' name in hindi after that six"" How rude!",24.2,2,2.0,"Thakur to Bairstow, 2 runs  .swished off the pads, behind square, Kuldeep scrambles well on the boundary's edge to  .save the four",Thakur,Bairstow,2.0,0,0,1,1,2.0,0,,1
"24.3 
• 
Thakur to Bairstow, no run 
short, wide, crashed hard through point, but Rahul springs into action to intercept",24.3,0,0.0,"Thakur to Bairstow, no run  .short, wide, crashed hard through point, but Rahul springs into action to intercept",Thakur,Bairstow,0.0,0,0,1,1,0.0,0,,0
"24.4 
1 
Thakur to Bairstow, 1 run 
too wide again, another comfortable freeing of the arms from Bairstow, and a single out 
to the deep cover boundary",24.4,1,1.0,"Thakur to Bairstow, 1 run  .too wide again, another comfortable freeing of the arms from Bairstow, and a single out  .to the deep cover boundary",Thakur,Bairstow,1.0,0,0,1,1,1.0,0,,1
"24.5 
• 
Thakur to Stokes, no run 
oof, that zinged through! Stokes is beaten for pace as the cross-seamer skids past his 
half-formed clip to leg",24.5,0,0.0,"Thakur to Stokes, no run  .oof, that zinged through! Stokes is beaten for pace as the cross-seamer skids past his  .half-formed clip to leg",Thakur,Stokes,0.0,0,0,1,1,0.0,0,,0
"24.6 
• 
Thakur to Stokes, no run 
attempted ramp, but can't connect as he falls away to the off side, seeking the lift over 
the keeper's head. Thakur as aniticipated has done a good job to cramp Stokes' style in 
that over 
... valid 
Suren: ""Ben stokes all three sixes came on bowling of krunal's last ball."" 
end of over 253 runs  
ENG: 167/1CRR: 6.68 • RRR: 6.80 
Ben Stokes31 (26b 3x6) 
Jonny Bairstow76 (72b 6x4 4x6) 
Shardul Thakur 5-0-38-0 
Krunal Pandya 4-0-37-0 
Here's Bhuvneshwar... a big moment of the game. He's been outstanding in this white-
ball campaign",24.6,0,0.0,"Thakur to Stokes, no run  .attempted ramp, but can't connect as he falls away to the off side, seeking the lift over  .the keeper's head. Thakur as aniticipated has done a good job to cramp Stokes' style in  .that over  .... valid",Thakur,Stokes,0.0,0,0,1,1,0.0,0,,0
"25.1 
• 
Bhuvneshwar to Bairstow, no run 
opens the face, for a glide to third man",25.1,0,0.0,"Bhuvneshwar to Bairstow, no run  .opens the face, for a glide to third man",Bhuvneshwar,Bairstow,0.0,0,0,1,1,0.0,0,,0
"25.2 
• 
Bhuvneshwar to Bairstow, no run 
tighter line, punched off the back foot into the covers 
Hemanth: ""Is this English batting too good or is the bowling toothless? Can't believe this 
bowling lineup can't even take a single wicket and go at 7 RPO?"" England batting well at 
the moment... but that can change",25.2,0,0.0,"Bhuvneshwar to Bairstow, no run  .tighter line, punched off the back foot into the covers",Bhuvneshwar,Bairstow,0.0,0,0,1,1,0.0,0,,0
"25.3 
• 
Bhuvneshwar to Bairstow, no run 
full-faced punch, back through the line",25.3,0,0.0,"Bhuvneshwar to Bairstow, no run  .full-faced punch, back through the line",Bhuvneshwar,Bairstow,0.0,0,0,1,1,0.0,0,,0
"25.4 
1 
Bhuvneshwar to Bairstow, 1 run 
cracked hard to deep cover, latching onto the rare width",25.4,1,1.0,"Bhuvneshwar to Bairstow, 1 run  .cracked hard to deep cover, latching onto the rare width",Bhuvneshwar,Bairstow,1.0,0,0,1,1,1.0,0,,1
"25.5 
2 
Bhuvneshwar to Stokes, 2 runs 
cramped on middle and leg, Stokes jabs the bat through the line to mid-on, and is 
coasting a little bit as the shy comes in ...oh my! A bit casual with the appeal there too! 
This is excruciatingly close. The bail is up before the bat is in, but the zing doesn't light 
up for another couple of frames... is there a splinter of wood over the line... it's 
debatable! Not out! And I have to say, I think Stokes is very lucky there!",25.5,2,2.0,"Bhuvneshwar to Stokes, 2 runs  .cramped on middle and leg, Stokes jabs the bat through the line to mid-on, and is  .coasting a little bit as the shy comes in ...oh my! A bit casual with the appeal there too!  .This is excruciatingly close. The bail is up before the bat is in, but the zing doesn't light  .up for another couple of frames... is there a splinter of wood over the line... it's  .debatable! Not out! And I have to say, I think Stokes is very lucky there!",Bhuvneshwar,Stokes,2.0,0,0,1,1,2.0,0,,1
"25.6 
• 
Bhuvneshwar to Stokes, no run 
shaping away from the left-hander, and through to the keeper 
""England will win this easily,"" says my Camel CC team-mate Rana in a shameless 
attempt at jinxing. You've seen our lower-order enough times to know what's coming... 
end of over 263 runs  
ENG: 170/1CRR: 6.53 • RRR: 6.95 
Ben Stokes33 (28b 3x6) 
Jonny Bairstow77 (76b 6x4 4x6) 
Bhuvneshwar Kumar 6-0-29-0 
Shardul Thakur 5-0-38-0",25.6,0,0.0,"Bhuvneshwar to Stokes, no run  .shaping away from the left-hander, and through to the keeper",Bhuvneshwar,Stokes,0.0,0,0,1,1,0.0,0,,0
"26.1 
• 
Kuldeep to Bairstow, no run 
punched hard back to the bowler",26.1,0,0.0,"Kuldeep to Bairstow, no run  .punched hard back to the bowler",Kuldeep,Bairstow,0.0,0,0,1,1,0.0,0,,0
"26.2 
4 
Kuldeep to Bairstow, FOUR runs 
a flat pull through backward square! Too short, hanging on the back foot, waiting for the 
drag-down and dispatching it!",26.2,4,4.0,"Kuldeep to Bairstow, FOUR runs  .a flat pull through backward square! Too short, hanging on the back foot, waiting for the  .drag-down and dispatching it!",Kuldeep,Bairstow,4.0,1,0,1,1,4.0,0,,1
"26.3 
• 
Kuldeep to Bairstow, no run 
tucked to the leg side, can't get this one away",26.3,0,0.0,"Kuldeep to Bairstow, no run  .tucked to the leg side, can't get this one away",Kuldeep,Bairstow,0.0,0,0,1,1,0.0,0,,0
"26.4 
• 
Kuldeep to Bairstow, no run 
on the back foot, flipped to short midwicket",26.4,0,0.0,"Kuldeep to Bairstow, no run  .on the back foot, flipped to short midwicket",Kuldeep,Bairstow,0.0,0,0,1,1,0.0,0,,0
"26.5 
1 
Kuldeep to Bairstow, 1 run 
bottom-handed drill through long-on 
Rupam Roy Choud: ""That looked out. No part of the bat seemed to be grounded inside 
the line."" I am inclined to agree. The missing frame saved Stokes, but seeing as the bail 
was already being dislodged before his bat was near the line, you could have 
extrapolated differently",26.5,1,1.0,"Kuldeep to Bairstow, 1 run  .bottom-handed drill through long-on",Kuldeep,Bairstow,1.0,0,0,1,1,1.0,0,,1
"26.6 
• 
Kuldeep to Stokes, no run 
short ball, grrr! Aggression to finish the over 
end of over 275 runs  
ENG: 175/1CRR: 6.48 • RRR: 7.04 
Ben Stokes33 (29b 3x6) 
Jonny Bairstow82 (81b 7x4 4x6) 
Kuldeep Yadav 6-0-32-0 
Bhuvneshwar Kumar 6-0-29-0",26.6,0,0.0,"Kuldeep to Stokes, no run  .short ball, grrr! Aggression to finish the over",Kuldeep,Stokes,0.0,0,0,1,1,0.0,0,,0
"27.1 
4 
Bhuvneshwar to Bairstow, FOUR runs 
lamped through the line! That's Bhuve's most hittable ball of the series, in the slot 
outside off, a free of the arms through long-off",27.1,4,4.0,"Bhuvneshwar to Bairstow, FOUR runs  .lamped through the line! That's Bhuve's most hittable ball of the series, in the slot  .outside off, a free of the arms through long-off",Bhuvneshwar,Bairstow,4.0,1,0,1,1,4.0,0,,1
"27.2 
• 
Bhuvneshwar to Bairstow, no run 
a better follow-up, nipping back off the seam and inside-edged into the pads",27.2,0,0.0,"Bhuvneshwar to Bairstow, no run  .a better follow-up, nipping back off the seam and inside-edged into the pads",Bhuvneshwar,Bairstow,0.0,0,0,1,1,0.0,0,,0
"27.3 
• 
Bhuvneshwar to Bairstow, no run 
attempted pull, not quite there for the shot, and under-edged into the crease",27.3,0,0.0,"Bhuvneshwar to Bairstow, no run  .attempted pull, not quite there for the shot, and under-edged into the crease",Bhuvneshwar,Bairstow,0.0,0,0,1,1,0.0,0,,0
"27.4 
• 
Bhuvneshwar to Bairstow, no run 
outside off, and Bairstow can't connect on the cut... might be wise to sit on this over 
rather than give it away. He's got his boundary off India's best bowler 
Pras: ""That run out call should ensure that England should never complain about 
umpiring this series. But you know they will"" I'd respectfully suggest that Kohli has done 
his fair share of the complaining, but yes... this one will rumble!",27.4,0,0.0,"Bhuvneshwar to Bairstow, no run  .outside off, and Bairstow can't connect on the cut... might be wise to sit on this over  .rather than give it away. He's got his boundary off India's best bowler",Bhuvneshwar,Bairstow,0.0,0,0,1,1,0.0,0,,0
"27.5 
• 
Bhuvneshwar to Bairstow, no run 
open face, attempted glide through third man, but short third man is in situ to gather",27.5,0,0.0,"Bhuvneshwar to Bairstow, no run  .open face, attempted glide through third man, but short third man is in situ to gather",Bhuvneshwar,Bairstow,0.0,0,0,1,1,0.0,0,,0
"27.6 
1 
Bhuvneshwar to Bairstow, 1 run 
poked to long-on to complete another excellent over, that first ball excluded 
Saurabh Nigam: ""Kohli is running out of bowling options here, Magical arm of Hardik will 
have to bail him out !"" It's a fair point, might need to expand his options 
end of over 285 runs  
ENG: 180/1CRR: 6.42 • RRR: 7.13 
Jonny Bairstow87 (87b 8x4 4x6) 
Ben Stokes33 (29b 3x6) 
Bhuvneshwar Kumar 7-0-34-0 
Kuldeep Yadav 6-0-32-0",27.6,1,1.0,"Bhuvneshwar to Bairstow, 1 run  .poked to long-on to complete another excellent over, that first ball excluded",Bhuvneshwar,Bairstow,1.0,0,0,1,1,1.0,0,,1
"28.1 
1 
Kuldeep to Bairstow, 1 run 
eased down the ground, compact strike rotation 
Manish: ""There was no missing frame. The bails had lit up and bat was outside. UMPIRE 
didn't underetand that the inclination will make it appear that bat is across the line.."" 
Well, yes, but if that frame had come a split-second earlier, it would have been case 
closed.",28.1,1,1.0,"Kuldeep to Bairstow, 1 run  .eased down the ground, compact strike rotation",Kuldeep,Bairstow,1.0,0,0,1,1,1.0,0,,1
"28.2 
1 
Kuldeep to Stokes, 1 run 
a touch too short outside off, cracked firmly into the covers",28.2,1,1.0,"Kuldeep to Stokes, 1 run  .a touch too short outside off, cracked firmly into the covers",Kuldeep,Stokes,1.0,0,0,1,1,1.0,0,,1
"28.3 
• 
Kuldeep to Bairstow, no run 
tossed up, and dipping on a full length, blocked back down the pitch",28.3,0,0.0,"Kuldeep to Bairstow, no run  .tossed up, and dipping on a full length, blocked back down the pitch",Kuldeep,Bairstow,0.0,0,0,1,1,0.0,0,,0
"28.4 
6 
Kuldeep to Bairstow, SIX runs 
a free of the arms! Kuldeep errs fractionally in length, looping it into that slot once more, 
Bairstow gives himself room with a shift of the front leg, and dumps it over cow corner!",28.4,6,6.0,"Kuldeep to Bairstow, SIX runs  .a free of the arms! Kuldeep errs fractionally in length, looping it into that slot once more,  .Bairstow gives himself room with a shift of the front leg, and dumps it over cow corner!",Kuldeep,Bairstow,6.0,0,1,1,1,6.0,0,,1
"28.5 
• 
Kuldeep to Bairstow, no run 
on the back foot, zipping through a touch quicker and pushed to cover",28.5,0,0.0,"Kuldeep to Bairstow, no run  .on the back foot, zipping through a touch quicker and pushed to cover",Kuldeep,Bairstow,0.0,0,0,1,1,0.0,0,,0
"28.6 
• 
Kuldeep to Bairstow, no run 
tucked to the leg side. Bairstow is on 94 once more... 
avinash: ""This is getting ridiculous..England are good, but at least make the pitches 
helpful for spinners as we are playin in India, this is getting boring...nothing in it for the 
bowlers..."" Are you not entertained? FWIW, Moeen got through his overs for 47... 
end of over 298 runs  
ENG: 188/1CRR: 6.48 • RRR: 7.09 
Jonny Bairstow94 (92b 8x4 5x6) 
Ben Stokes34 (30b 3x6) 
Kuldeep Yadav 7-0-40-0 
Bhuvneshwar Kumar 7-0-34-0 
Thakur's back. He's been excellent, especially against Stokes",28.6,0,0.0,"Kuldeep to Bairstow, no run  .tucked to the leg side. Bairstow is on 94 once more...",Kuldeep,Bairstow,0.0,0,0,1,1,0.0,0,,0
"29.1 
4 
Thakur to Stokes, FOUR runs 
oops, that's too short and wide! Stokes can't hit it where he intended, but it doesn't 
matter. A thick edge through third man to get the over off to a flyer",29.1,4,4.0,"Thakur to Stokes, FOUR runs  .oops, that's too short and wide! Stokes can't hit it where he intended, but it doesn't  .matter. A thick edge through third man to get the over off to a flyer",Thakur,Stokes,4.0,1,0,1,1,4.0,0,,1
"29.2 
• 
Thakur to Stokes, no run 
good riposte. An in-between length and a tighter line, Stokes falls forward in his bid to 
get his push away",29.2,0,0.0,"Thakur to Stokes, no run  .good riposte. An in-between length and a tighter line, Stokes falls forward in his bid to  .get his push away",Thakur,Stokes,0.0,0,0,1,1,0.0,0,,0
"29.3 
• 
Thakur to Stokes, no run 
back and across, cut to cover",29.3,0,0.0,"Thakur to Stokes, no run  .back and across, cut to cover",Thakur,Stokes,0.0,0,0,1,1,0.0,0,,0
"29.4 
1 
Thakur to Stokes, 1 run 
high elbow, driven down the ground to long-on 
Todd: ""More than that, Moeen only went for one boundary in ten overs!"" Impressive, 
after some ropey overs in the first game",29.4,1,1.0,"Thakur to Stokes, 1 run  .high elbow, driven down the ground to long-on",Thakur,Stokes,1.0,0,0,1,1,1.0,0,,1
"29.5 
• 
Thakur to Bairstow, no run 
poked back to the bowler, stopped in the pitch, and inches short of a catch",29.5,0,0.0,"Thakur to Bairstow, no run  .poked back to the bowler, stopped in the pitch, and inches short of a catch",Thakur,Bairstow,0.0,0,0,1,1,0.0,0,,0
"29.6 
1 
Thakur to Bairstow, 1 run 
very full, eased to long-on to complete a tidy over 
Kumar: ""Is Hardik injured again? Why isn't Kohli bowling him? Not having sixth bowling 
options really hurts in such flat wickets"" I just don't know.. 2 for 16 off four in the 
decisive T20I... 
end of over 306 runs  
ENG: 194/1CRR: 6.46 • RRR: 7.15 
Jonny Bairstow95 (94b 8x4 5x6) 
Ben Stokes39 (34b 1x4 3x6) 
Shardul Thakur 6-0-44-0 
Kuldeep Yadav 7-0-40-0",29.6,1,1.0,"Thakur to Bairstow, 1 run  .very full, eased to long-on to complete a tidy over",Thakur,Bairstow,1.0,0,0,1,1,1.0,0,,1
"30.1 
6 
Kuldeep to Bairstow, SIX runs 
clattered into the stands to bring up a sensational hundred! In the slot again from 
Kuldeep, hauled across the line over deep midwicket. And after barely seeing a ball in 
the opening overs, he's rushed to a 95-ball hundred that sets up their chase beautifully",30.1,6,6.0,"Kuldeep to Bairstow, SIX runs  .clattered into the stands to bring up a sensational hundred! In the slot again from  .Kuldeep, hauled across the line over deep midwicket. And after barely seeing a ball in  .the opening overs, he's rushed to a 95-ball hundred that sets up their chase beautifully",Kuldeep,Bairstow,6.0,0,1,1,1,6.0,0,,1
"30.2 
1 
Kuldeep to Bairstow, 1 run 
honked across the line again, but he clothed this one, over-hit it a touch and lost his 
shape as the ball dribbled to deep midwicket",30.2,1,1.0,"Kuldeep to Bairstow, 1 run  .honked across the line again, but he clothed this one, over-hit it a touch and lost his  .shape as the ball dribbled to deep midwicket",Kuldeep,Bairstow,1.0,0,0,1,1,1.0,0,,1
"30.3 
6 
Kuldeep to Stokes, SIX runs 
hard and straight from Stokes! Tossed up, above the eyeline, dipping in the arc, and 
pummelled into the sightscreen! 
The 200 came up with Bairstow's hundred. India need a wicket to unlock a fightback",30.3,6,6.0,"Kuldeep to Stokes, SIX runs  .hard and straight from Stokes! Tossed up, above the eyeline, dipping in the arc, and  .pummelled into the sightscreen!  .The 200 came up with Bairstow's hundred. India need a wicket to unlock a fightback",Kuldeep,Stokes,6.0,0,1,1,1,6.0,0,,1
"30.4 
• 
Kuldeep to Stokes, no run 
back of a length, pumped to mid-off off the back foot",30.4,0,0.0,"Kuldeep to Stokes, no run  .back of a length, pumped to mid-off off the back foot",Kuldeep,Stokes,0.0,0,0,1,1,0.0,0,,0
"30.5 
4 
Kuldeep to Stokes, FOUR runs 
scuffed over the close catcher at midwicket! it's another four, but nearly a 
misjudgement as Stokes went for the big wind-up, and hit that flatter than intended",30.5,4,4.0,"Kuldeep to Stokes, FOUR runs  .scuffed over the close catcher at midwicket! it's another four, but nearly a  .misjudgement as Stokes went for the big wind-up, and hit that flatter than intended",Kuldeep,Stokes,4.0,1,0,1,1,4.0,0,,1
"30.6 
• 
Kuldeep to Stokes, no run 
thrashed into the covers. And that will be drinks Kuldeep in particular will need one after 
that 
Sowmen: ""Feel bad for Kuldeep, from being the next big thing in Indian Cricket two years 
back to now being a liability now, the downfall has been rapid "" The speed with which 
England adjusted their plans to him has been extraordinary. Remember he took 11 
wickets in his first t20I and ODI combined in 2018... and has been clattered with 
regularity ever since 
All the focus is on Bairstow, but Stokes is coming up the rails nicely for England. One 
way from a rapid half-century... 
end of over 3117 runs  
ENG: 211/1CRR: 6.80 • RRR: 6.63 
Ben Stokes49 (38b 2x4 4x6) 
Jonny Bairstow102 (96b 8x4 6x6) 
Kuldeep Yadav 8-0-57-0 
Shardul Thakur 6-0-44-0 
Thakur will continue",30.6,0,0.0,"Kuldeep to Stokes, no run  .thrashed into the covers. And that will be drinks Kuldeep in particular will need one after  .that",Kuldeep,Stokes,0.0,0,0,1,1,0.0,0,,0
"31.1 
1 
Thakur to Bairstow, 1 run 
tight line from over the wicket, blocked into the covers",31.1,1,1.0,"Thakur to Bairstow, 1 run  .tight line from over the wicket, blocked into the covers",Thakur,Bairstow,1.0,0,0,1,1,1.0,0,,1
"31.2 
• 
Thakur to Stokes, no run 
fenced to midwicket with a high elbow",31.2,0,0.0,"Thakur to Stokes, no run  .fenced to midwicket with a high elbow",Thakur,Stokes,0.0,0,0,1,1,0.0,0,,0
"31.3 
1 
Thakur to Stokes, 1 run 
very full, thumped back at the bowler's shins, and they scamper the single to bring up 
his fifty as the ball deflects to mid-off. Important innings from Stokes, especially given 
England's injured batsman 
Simon Lewis: ""Required run rate dropped below current rate for the first time - it's still a 
fair way to go though.""",31.3,1,1.0,"Thakur to Stokes, 1 run  .very full, thumped back at the bowler's shins, and they scamper the single to bring up  .his fifty as the ball deflects to mid-off. Important innings from Stokes, especially given  .England's injured batsman",Thakur,Stokes,1.0,0,0,1,1,1.0,0,,1
"31.4 
• 
Thakur to Bairstow, no run 
banged in short, Bairstow ducks. He's in no rush, clearly",31.4,0,0.0,"Thakur to Bairstow, no run  .banged in short, Bairstow ducks. He's in no rush, clearly",Thakur,Bairstow,0.0,0,0,1,1,0.0,0,,0
"31.5 
4 
Thakur to Bairstow, FOUR runs 
flogged so hard through midwicket! Back of a length, Bairstow swivels into his pull, and 
the bottom hand comes off as he does so. But it makes no difference, that has fizzed!",31.5,4,4.0,"Thakur to Bairstow, FOUR runs  .flogged so hard through midwicket! Back of a length, Bairstow swivels into his pull, and  .the bottom hand comes off as he does so. But it makes no difference, that has fizzed!",Thakur,Bairstow,4.0,1,0,1,1,4.0,0,,1
"31.6 
1 
Thakur to Bairstow, 1 run 
opens the face, glided through backward point, England are ticking along nicely 
Cameron: ""I think Livingstone should come in next to smash it home. Will still have 
experience to follow if he fails"" Indeed, it's probably the best learning they will get from 
here... Malan and Buttler are handy insurance! 
end of over 327 runs  
ENG: 218/1CRR: 6.81 • RRR: 6.61 
Jonny Bairstow108 (100b 9x4 6x6) 
Ben Stokes50 (40b 2x4 4x6) 
Shardul Thakur 7-0-51-0 
Kuldeep Yadav 8-0-57-0 
Kuldeep to keep going. Kohli clearly doesn't have any plans to use Hardik today",31.6,1,1.0,"Thakur to Bairstow, 1 run  .opens the face, glided through backward point, England are ticking along nicely",Thakur,Bairstow,1.0,0,0,1,1,1.0,0,,1
"32.1 
1 
Kuldeep to Bairstow, 1 run 
over the wicket, into the legs, nudged to the on-side",32.1,1,1.0,"Kuldeep to Bairstow, 1 run  .over the wicket, into the legs, nudged to the on-side",Kuldeep,Bairstow,1.0,0,0,1,1,1.0,0,,1
"32.2 
6 
Kuldeep to Stokes, SIX runs 
pumped over wide long-on! Tossed up, dipping in the slot, down on one knee, flogged 
high over the leg side, rinse and repeat! 
Eye of Sauron: ""This is only the 8th instance of a team scoring century partnerships for 
the first two wickets vs India"" Stat-tastic",32.2,6,6.0,"Kuldeep to Stokes, SIX runs  .pumped over wide long-on! Tossed up, dipping in the slot, down on one knee, flogged  .high over the leg side, rinse and repeat!",Kuldeep,Stokes,6.0,0,1,1,1,6.0,0,,1
"32.3 
6 
Kuldeep to Stokes, SIX runs 
battered over the leg side again! A couple of steps, Kuldeep's pace through the air 
makes him a sitting duck to a well-set, aggressive biffer. 77kph. Whoomph",32.3,6,6.0,"Kuldeep to Stokes, SIX runs  .battered over the leg side again! A couple of steps, Kuldeep's pace through the air  .makes him a sitting duck to a well-set, aggressive biffer. 77kph. Whoomph",Kuldeep,Stokes,6.0,0,1,1,1,6.0,0,,1
"32.4 
6 
Kuldeep to Stokes, SIX runs 
tossed up, tonked! Kuldeep is toast. He's butter on the toast... he's the crumbs of the 
toast left on the plate. I feel so sorry for him. Into the stands again, there's no respite at 
all. High over his head once more",32.4,6,6.0,"Kuldeep to Stokes, SIX runs  .tossed up, tonked! Kuldeep is toast. He's butter on the toast... he's the crumbs of the  .toast left on the plate. I feel so sorry for him. Into the stands again, there's no respite at  .all. High over his head once more",Kuldeep,Stokes,6.0,0,1,1,1,6.0,0,,1
"32.5 
1 
Kuldeep to Stokes, 1 run 
wider line, that's not a terrible response, Stokes rocks back to cut to deep cover",32.5,1,1.0,"Kuldeep to Stokes, 1 run  .wider line, that's not a terrible response, Stokes rocks back to cut to deep cover",Kuldeep,Stokes,1.0,0,0,1,1,1.0,0,,1
"32.6 
• 
Kuldeep to Bairstow, no run 
A horrible drag-down to finish the over, but Bairstow scuffs his pull to short backward 
square. Ugh... poor chap. That has to be his work done, surely. 
Saurabh Kanojia: ""Why we can have Ashwin for ODIs it's beyond my imagination "" Fair 
point, although I guess, apart from anything else, there's the issue of workload 
management during a pandemic. Or at least, that's what England would argue. 
end of over 3320 runs  
ENG: 238/1CRR: 7.21 • RRR: 5.82 
Jonny Bairstow109 (102b 9x4 6x6) 
Ben Stokes69 (44b 2x4 7x6) 
Kuldeep Yadav 9-0-77-0 
Shardul Thakur 7-0-51-0 
Krunal is here",32.6,0,0.0,"Kuldeep to Bairstow, no run  .A horrible drag-down to finish the over, but Bairstow scuffs his pull to short backward  .square. Ugh... poor chap. That has to be his work done, surely.",Kuldeep,Bairstow,0.0,0,0,1,1,0.0,0,,0
"33.1 
6 
Krunal to Stokes, SIX runs 
flambee-ed into the stands once more! Different spinner, same response, rocking back 
this time to lift the left-arm spinner high over long-off!",33.1,6,6.0,"Krunal to Stokes, SIX runs  .flambee-ed into the stands once more! Different spinner, same response, rocking back  .this time to lift the left-arm spinner high over long-off!",Krunal,Stokes,6.0,0,1,1,1,6.0,0,,1
"33.2 
1w 
Krunal to Stokes, 1 wide 
far too wide this time, we'll have that again",33.2,1w,1.0,"Krunal to Stokes, 1 wide  .far too wide this time, we'll have that again",Krunal,Stokes,0.0,0,0,0,0,1.0,0,,1
"33.2 
4 
Krunal to Stokes, FOUR runs 
rifled through wide long-off! Too short, on that wide line, you can't cramp anyone's style 
there!",33.2,4,4.0,"Krunal to Stokes, FOUR runs  .rifled through wide long-off! Too short, on that wide line, you can't cramp anyone's style  .there!",Krunal,Stokes,4.0,1,0,1,1,4.0,0,,1
"33.3 
2 
Krunal to Stokes, 2 runs 
so much width, it would have been given as such if he'd left it. But he's seeing it like a 
planet now, as he batters hard to the wide long-off boundary's edge",33.3,2,2.0,"Krunal to Stokes, 2 runs  .so much width, it would have been given as such if he'd left it. But he's seeing it like a  .planet now, as he batters hard to the wide long-off boundary's edge",Krunal,Stokes,2.0,0,0,1,1,2.0,0,,1
"33.4 
1w 
Krunal to Stokes, 1 wide 
so wide that barely hits the cut strip... eesh",33.4,1w,1.0,"Krunal to Stokes, 1 wide  .so wide that barely hits the cut strip... eesh",Krunal,Stokes,0.0,0,0,0,0,1.0,0,,1
"33.4 
6 
Krunal to Stokes, SIX runs 
round the wicket, into Stokes' arc for a slog sweep, and tipped over the bar by Kuldeep 
at deep square leg! Oh lummie, it's just following him now. He mistimed the jump, but 
that was travelling",33.4,6,6.0,"Krunal to Stokes, SIX runs  .round the wicket, into Stokes' arc for a slog sweep, and tipped over the bar by Kuldeep  .at deep square leg! Oh lummie, it's just following him now. He mistimed the jump, but  .that was travelling",Krunal,Stokes,6.0,0,1,1,1,6.0,0,,1
"33.5 
6 
Krunal to Stokes, SIX runs 
pounded with eye-popping violence over cow corner! Holy smokes, that is smoked! 
Stokes is in an insatiable mood now! 
Did someone say he'd been quiet on this tour?",33.5,6,6.0,"Krunal to Stokes, SIX runs  .pounded with eye-popping violence over cow corner! Holy smokes, that is smoked!  .Stokes is in an insatiable mood now!  .Did someone say he'd been quiet on this tour?",Krunal,Stokes,6.0,0,1,1,1,6.0,0,,1
"33.6 
2 
Krunal to Stokes, 2 runs 
edged, and low past the keeper! Wide line again, not sure it was a catch, but a clear 
edge. More runs. Wow 
Here's Saurabh 
end of over 3428 runs  
ENG: 266/1CRR: 7.82 • RRR: 4.43 
Ben Stokes95 (50b 3x4 10x6) 
Jonny Bairstow109 (102b 9x4 6x6) 
Krunal Pandya 5-0-65-0 
Kuldeep Yadav 9-0-77-0 
Prasidh Krishna has been called into the firing line.",33.6,2,2.0,"Krunal to Stokes, 2 runs  .edged, and low past the keeper! Wide line again, not sure it was a catch, but a clear  .edge. More runs. Wow  .Here's Saurabh",Krunal,Stokes,2.0,0,0,1,1,2.0,0,,1
"34.1 
• 
Prasidh to Bairstow, no run 
length ball into him, defended. Whoa, that's radical",34.1,0,0.0,"Prasidh to Bairstow, no run  .length ball into him, defended. Whoa, that's radical",Prasidh,Bairstow,0.0,0,0,1,1,0.0,0,,0
"34.2 
1nb 
Prasidh to Bairstow, (no ball) 
bouncer outside off, and he sways out of the way. Two dot balls in a row. What alternate 
dimension is this? Okay it's normal business. Poor Prasidh has overstepped and it's a 
no-ball plus free hit",34.2,1nb,1.0,"Prasidh to Bairstow, (no ball)  .bouncer outside off, and he sways out of the way. Two dot balls in a row. What alternate  .dimension is this? Okay it's normal business. Poor Prasidh has overstepped and it's a  .no-ball plus free hit",Prasidh,Bairstow,0.0,0,0,1,0,1.0,0,,1
"34.2 
6 
Prasidh to Bairstow, SIX runs 
whoosh. This is stick cricket batting on cheat codes. That was a good ball by Prasidh on 
a free hit, very low full toss on the fifth stump. Bairstow stands still and pumps it over 
extra cover. Minimal bat swing. Just how?!",34.2,6,6.0,"Prasidh to Bairstow, SIX runs  .whoosh. This is stick cricket batting on cheat codes. That was a good ball by Prasidh on  .a free hit, very low full toss on the fifth stump. Bairstow stands still and pumps it over  .extra cover. Minimal bat swing. Just how?!",Prasidh,Bairstow,6.0,0,1,1,1,6.0,0,,1
"34.3 
• 
Prasidh to Bairstow, no run 
length ball nipping into him, Bairstow can be forgiven for thinking he just has to swing 
bat and get six, this time it thuds into his thigh pad",34.3,0,0.0,"Prasidh to Bairstow, no run  .length ball nipping into him, Bairstow can be forgiven for thinking he just has to swing  .bat and get six, this time it thuds into his thigh pad",Prasidh,Bairstow,0.0,0,0,1,1,0.0,0,,0
"34.4 
4 
Prasidh to Bairstow, FOUR runs 
boom he goes straight over the bowler's head. Full toss on off, clears his front leg and 
slams it straight back. Gets four, which might feel like he's under-achieving.",34.4,4,4.0,"Prasidh to Bairstow, FOUR runs  .boom he goes straight over the bowler's head. Full toss on off, clears his front leg and  .slams it straight back. Gets four, which might feel like he's under-achieving.",Prasidh,Bairstow,4.0,1,0,1,1,4.0,0,,1
"34.5 
4 
Prasidh to Bairstow, FOUR runs 
slower bouncer attempted outside off, sits up for Bairstow to unwind and have a mighty 
whack of a pull at it. Once bounce and into the midwicket boundary",34.5,4,4.0,"Prasidh to Bairstow, FOUR runs  .slower bouncer attempted outside off, sits up for Bairstow to unwind and have a mighty  .whack of a pull at it. Once bounce and into the midwicket boundary",Prasidh,Bairstow,4.0,1,0,1,1,4.0,0,,1
"34.6 
• 
Prasidh to Bairstow, no run 
has he been caugh behindt? The Indians aren't celebrating at all. The soft signal is not 
out too. This was a great ball to finish the over, a near yorker on a fifth stump line. 
Bairstow clearing his front leg to give himself room gets a thin edge on it, and Pant flies 
to his right to catch it. But the ball hit the ground immediately after Bairstow edged it. 
So not out. 
end of over 3515 runs  
ENG: 281/1CRR: 8.02 • RRR: 3.73 
Jonny Bairstow123 (109b 11x4 7x6) 
Ben Stokes95 (50b 3x4 10x6) 
Prasidh Krishna 7-0-54-0 
Krunal Pandya 5-0-65-0",34.6,0,0.0,"Prasidh to Bairstow, no run  .has he been caugh behindt? The Indians aren't celebrating at all. The soft signal is not  .out too. This was a great ball to finish the over, a near yorker on a fifth stump line.  .Bairstow clearing his front leg to give himself room gets a thin edge on it, and Pant flies  .to his right to catch it. But the ball hit the ground immediately after Bairstow edged it.  .So not out.",Prasidh,Bairstow,0.0,0,0,1,1,0.0,0,,0
"35.1 
4 
Bhuvneshwar to Stokes, FOUR runs 
down the track and leathers this straight back past the bowler. Rohit Sharma is down at 
the straight boundary. Looks like a left elbow issue. Doesn't look good. Rohit's flat on 
the ground. This was fuller and Stokes just sauntered down and slammed it back past 
the bowler. Rohit at long-on ran to his right and dived, couldn't stop the ball. Okay he's 
back up and smiling now, so not too much damage. 
Stokes on 99. He was on 49 a blink of an eye ago.",35.1,4,4.0,"Bhuvneshwar to Stokes, FOUR runs  .down the track and leathers this straight back past the bowler. Rohit Sharma is down at  .the straight boundary. Looks like a left elbow issue. Doesn't look good. Rohit's flat on  .the ground. This was fuller and Stokes just sauntered down and slammed it back past  .the bowler. Rohit at long-on ran to his right and dived, couldn't stop the ball. Okay he's  .back up and smiling now, so not too much damage.  .Stokes on 99. He was on 49 a blink of an eye ago.",Bhuvneshwar,Stokes,4.0,1,0,1,1,4.0,0,,1
"35.2 
W 
Bhuvneshwar to Stokes, OUT 
he's caught behind for 99! Great ball by Bhuvneshwar, who banged it in short down 
legside. Stokes was always going to go for it, swivelled to pull it, gets a glove on it that 
flies to Pant. Stokes has his head thrown back in anguish, but really - this is why 
centuries are over-rated. Who would honestly rate this 99 ahead of any of the centuries 
in this game? 
Ben Stokes c †Pant b Kumar 99 (52b 4x4 10x6 90m) SR: 190.38 
- conservatively speaking, perhaps. 
Nikki: ""Safe to say, India are 100 short here""",35.2,W,0.0,"Bhuvneshwar to Stokes, OUT  .he's caught behind for 99! Great ball by Bhuvneshwar, who banged it in short down  .legside. Stokes was always going to go for it, swivelled to pull it, gets a glove on it that  .flies to Pant. Stokes has his head thrown back in anguish, but really - this is why  .centuries are over-rated. Who would honestly rate this 99 ahead of any of the centuries  .in this game?  .Ben Stokes c †Pant b Kumar 99 (52b 4x4 10x6 90m) SR: 190.38",Bhuvneshwar,Stokes,0.0,0,0,1,1,0.0,1,c †Pant b Kumar,0
"35.3 
• 
Bhuvneshwar to Malan, no run 
fuller on off, steered to point.",35.3,0,0.0,"Bhuvneshwar to Malan, no run  .fuller on off, steered to point.",Bhuvneshwar,Malan,0.0,0,0,1,1,0.0,0,,0
"35.4 
1 
Bhuvneshwar to Malan, 1 run 
moves across him as he's looking to clip it through the legside. Leading edge flies 
through backward point",35.4,1,1.0,"Bhuvneshwar to Malan, 1 run  .moves across him as he's looking to clip it through the legside. Leading edge flies  .through backward point",Bhuvneshwar,Malan,1.0,0,0,1,1,1.0,0,,1
"35.5 
• 
Bhuvneshwar to Bairstow, no run 
a defensive shot! Length and tight around off, patted back to the bowler with a straight 
bat",35.5,0,0.0,"Bhuvneshwar to Bairstow, no run  .a defensive shot! Length and tight around off, patted back to the bowler with a straight  .bat",Bhuvneshwar,Bairstow,0.0,0,0,1,1,0.0,0,,0
"35.6 
1 
Bhuvneshwar to Bairstow, 1 run 
fuller on off, driven through cover 
end of over 366 runs • 1 wicket 
ENG: 287/2CRR: 7.97 • RRR: 3.57 
Jonny Bairstow124 (111b 11x4 7x6) 
Dawid Malan1 (2b) 
Bhuvneshwar Kumar 8-0-40-1 
Prasidh Krishna 7-0-54-0 
6, 6, 6, 1, 6, 4, 2, 6, 6, 2, 4, W 
Stokes scored 49 off 12 after his 50: 
Vishal Dikshit pings me something that has captured the Stokes madness:",35.6,1,1.0,"Bhuvneshwar to Bairstow, 1 run  .fuller on off, driven through cover",Bhuvneshwar,Bairstow,1.0,0,0,1,1,1.0,0,,1
"36.1 
W 
Prasidh to Bairstow, OUT 
caught at cover. Half volley outside off and he launched into a cover drive. Nailed it 
perfectly - except for the fact that it was right to Kohli at cover. Both set batsmen gone 
for England now. 
Jonny Bairstow c Kohli b Prasidh Krishna 124 (112b 11x4 7x6 174m) SR: 110.71 
Right, England still need 50 to win, but they have",36.1,W,0.0,"Prasidh to Bairstow, OUT  .caught at cover. Half volley outside off and he launched into a cover drive. Nailed it  .perfectly - except for the fact that it was right to Kohli at cover. Both set batsmen gone  .for England now.  .Jonny Bairstow c Kohli b Prasidh Krishna 124 (112b 11x4 7x6 174m) SR: 110.71",Prasidh,Bairstow,0.0,0,0,1,1,0.0,1,c Kohli b Prasidh Krishna,0
"36.2 
• 
Prasidh to Buttler, no run 
good length on a tight line on off, defended to the bowler's left",36.2,0,0.0,"Prasidh to Buttler, no run  .good length on a tight line on off, defended to the bowler's left",Prasidh,Buttler,0.0,0,0,1,1,0.0,0,,0
"36.3 
• 
Prasidh to Buttler, no run 
back of a length on off, defended to point",36.3,0,0.0,"Prasidh to Buttler, no run  .back of a length on off, defended to point",Prasidh,Buttler,0.0,0,0,1,1,0.0,0,,0
"36.4 
W 
Prasidh to Buttler, OUT 
stumps shattered with a yorker on off stump. Prasidh Krishna is pumped, and how! 
Tailed in beautifully, quick ball too, Buttler's too late on the defensive push and the ball 
sneaks under the bat and bangs into the stumps. Now then, now then... 
Jos Buttler b Prasidh Krishna 0 (3b 0x4 0x6 5m) SR: 0 
Liam Livingstone will have something to do on his debut after all. Here he is. There's a 
slip and leg slip now!",36.4,W,0.0,"Prasidh to Buttler, OUT  .stumps shattered with a yorker on off stump. Prasidh Krishna is pumped, and how!  .Tailed in beautifully, quick ball too, Buttler's too late on the defensive push and the ball  .sneaks under the bat and bangs into the stumps. Now then, now then...  .Jos Buttler b Prasidh Krishna 0 (3b 0x4 0x6 5m) SR: 0",Prasidh,Buttler,0.0,0,0,1,1,0.0,1,b Prasidh Krishna,0
"36.5 
• 
Prasidh to Livingstone, no run 
full outside off, shimmies down the track and defends to cover",36.5,0,0.0,"Prasidh to Livingstone, no run  .full outside off, shimmies down the track and defends to cover",Prasidh,Livingstone,0.0,0,0,1,1,0.0,0,,0
"36.6 
1 
Prasidh to Livingstone, 1 run 
banged in short, leg slip is there for that ball, but he does well to move across and fend 
it downwards to backward square leg 
end of over 371 run • 2 wickets 
ENG: 288/4CRR: 7.78 • RRR: 3.76 
Liam Livingstone1 (2b) 
Dawid Malan1 (2b) 
Prasidh Krishna 8-0-55-2 
Bhuvneshwar Kumar 8-0-40-1 
Sudhakar: ""The body language of Prasidh is sooo good. Cannot belive he is playing only 
his second ODI.""",36.6,1,1.0,"Prasidh to Livingstone, 1 run  .banged in short, leg slip is there for that ball, but he does well to move across and fend  .it downwards to backward square leg",Prasidh,Livingstone,1.0,0,0,1,1,1.0,0,,1
"37.1 
1 
Krunal to Livingstone, 1 run 
length ball, tapped to long-on 
back over the wicket for Krunal",37.1,1,1.0,"Krunal to Livingstone, 1 run  .length ball, tapped to long-on  .back over the wicket for Krunal",Krunal,Livingstone,1.0,0,0,1,1,1.0,0,,1
"37.2 
1 
Krunal to Malan, 1 run 
length ball strays on the pads, tucked to square leg",37.2,1,1.0,"Krunal to Malan, 1 run  .length ball strays on the pads, tucked to square leg",Krunal,Malan,1.0,0,0,1,1,1.0,0,,1
"37.3 
2 
Krunal to Livingstone, 2 runs 
too short, sits up and he rocks back to cut fiercely through point. 
Eye of Sauron: ""India are dismissing a batsman on 99 for the first time since 2004 !!",37.3,2,2.0,"Krunal to Livingstone, 2 runs  .too short, sits up and he rocks back to cut fiercely through point.",Krunal,Livingstone,2.0,0,0,1,1,2.0,0,,1
"37.4 
1 
Krunal to Livingstone, 1 run 
strays on the right-hander's pads this time from around the wicket, and is tucked to 
deep square leg",37.4,1,1.0,"Krunal to Livingstone, 1 run  .strays on the right-hander's pads this time from around the wicket, and is tucked to  .deep square leg",Krunal,Livingstone,1.0,0,0,1,1,1.0,0,,1
"37.5 
1 
Krunal to Malan, 1 run 
tossed up a bit on off, gently worked to square leg for a quick single.",37.5,1,1.0,"Krunal to Malan, 1 run  .tossed up a bit on off, gently worked to square leg for a quick single.",Krunal,Malan,1.0,0,0,1,1,1.0,0,,1
"37.6 
1 
Krunal to Livingstone, 1 run 
down the track, gets to the pitch and drives it to long-off 
end of over 387 runs  
ENG: 295/4CRR: 7.76 • RRR: 3.50 
Liam Livingstone6 (6b) 
Dawid Malan3 (4b) 
Krunal Pandya 6-0-72-0 
Prasidh Krishna 8-0-55-2 
Kuldeep coming on. Who would have thought half hour back he'd bowl his 10th? Here 
he is. with a slip no less",37.6,1,1.0,"Krunal to Livingstone, 1 run  .down the track, gets to the pitch and drives it to long-off",Krunal,Livingstone,1.0,0,0,1,1,1.0,0,,1
"38.1 
4 
Kuldeep to Livingstone, FOUR runs 
too short from Kuldeep, and Livingstone able to go right back and slam a pull shot to 
the midwicket boundary. Bent the knee nicely while swivelling",38.1,4,4.0,"Kuldeep to Livingstone, FOUR runs  .too short from Kuldeep, and Livingstone able to go right back and slam a pull shot to  .the midwicket boundary. Bent the knee nicely while swivelling",Kuldeep,Livingstone,4.0,1,0,1,1,4.0,0,,1
"38.2 
• 
Kuldeep to Livingstone, no run 
tossed up on the stumps, gets a thickish edge that rolls to point while driving",38.2,0,0.0,"Kuldeep to Livingstone, no run  .tossed up on the stumps, gets a thickish edge that rolls to point while driving",Kuldeep,Livingstone,0.0,0,0,1,1,0.0,0,,0
"38.3 
• 
Kuldeep to Livingstone, no run 
length outside off, googly spinning away, slapped to cover",38.3,0,0.0,"Kuldeep to Livingstone, no run  .length outside off, googly spinning away, slapped to cover",Kuldeep,Livingstone,0.0,0,0,1,1,0.0,0,,0
"38.4 
1 
Kuldeep to Livingstone, 1 run 
tossed up on the stumps, driven to long-off on the front foot",38.4,1,1.0,"Kuldeep to Livingstone, 1 run  .tossed up on the stumps, driven to long-off on the front foot",Kuldeep,Livingstone,1.0,0,0,1,1,1.0,0,,1
"38.5 
1 
Kuldeep to Malan, 1 run 
goes on straight with the arm, length outside off, punched through cover",38.5,1,1.0,"Kuldeep to Malan, 1 run  .goes on straight with the arm, length outside off, punched through cover",Kuldeep,Malan,1.0,0,0,1,1,1.0,0,,1
"38.6 
1 
Kuldeep to Livingstone, 1 run 
length ball on the stumps, went back to punch, it hung in the air but well wide of Kuldeep 
to his right. Long-off gathers. That ends Kuldeep's spell, he's gone for 84 in 10 overs. 
end of over 397 runs  
ENG: 302/4CRR: 7.74 • RRR: 3.18 
Liam Livingstone12 (11b 1x4) 
Dawid Malan4 (5b) 
Kuldeep Yadav 10-0-84-0 
Krunal Pandya 6-0-72-0 
Bhuvneshwar Kumar returns.",38.6,1,1.0,"Kuldeep to Livingstone, 1 run  .length ball on the stumps, went back to punch, it hung in the air but well wide of Kuldeep  .to his right. Long-off gathers. That ends Kuldeep's spell, he's gone for 84 in 10 overs.",Kuldeep,Livingstone,1.0,0,0,1,1,1.0,0,,1
"39.1 
6 
Bhuvneshwar to Livingstone, SIX runs 
hoicked over long-on. Stunning hit. This was bowled on a length outside off, 
Livingstone coolly stepped out, which meant the lenght wasn't very short, and hoicked it 
over long-on",39.1,6,6.0,"Bhuvneshwar to Livingstone, SIX runs  .hoicked over long-on. Stunning hit. This was bowled on a length outside off,  .Livingstone coolly stepped out, which meant the lenght wasn't very short, and hoicked it  .over long-on",Bhuvneshwar,Livingstone,6.0,0,1,1,1,6.0,0,,1
"39.2 
6 
Bhuvneshwar to Livingstone, SIX runs 
and now he goes over square leg. Nerves? what nerves? Banged in short, he stays still 
this time, swivels on the back foot and unleashes a monstrous pull shot.",39.2,6,6.0,"Bhuvneshwar to Livingstone, SIX runs  .and now he goes over square leg. Nerves? what nerves? Banged in short, he stays still  .this time, swivels on the back foot and unleashes a monstrous pull shot.",Bhuvneshwar,Livingstone,6.0,0,1,1,1,6.0,0,,1
"39.3 
1 
Bhuvneshwar to Livingstone, 1 run 
back of a length coming into off, stays in his crease and pushes it to long-on 
England's debutant has just vapourised any hint of nerves by taking on India's best 
bowler.",39.3,1,1.0,"Bhuvneshwar to Livingstone, 1 run  .back of a length coming into off, stays in his crease and pushes it to long-on  .England's debutant has just vapourised any hint of nerves by taking on India's best  .bowler.",Bhuvneshwar,Livingstone,1.0,0,0,1,1,1.0,0,,1
"39.4 
1 
Bhuvneshwar to Malan, 1 run 
back of a length on the stumps, he was looking to tap it into the legside, the ball 
bounces higher than he anticipated and takes the top edge off his horizontal bat and 
rolls towards point",39.4,1,1.0,"Bhuvneshwar to Malan, 1 run  .back of a length on the stumps, he was looking to tap it into the legside, the ball  .bounces higher than he anticipated and takes the top edge off his horizontal bat and  .rolls towards point",Bhuvneshwar,Malan,1.0,0,0,1,1,1.0,0,,1
"39.5 
1 
Bhuvneshwar to Livingstone, 1 run 
back of a length outside off, stands tall and punches, straight to Kohli at cover who lets 
it slip through his hands. Extra cover cleans up but they get a single",39.5,1,1.0,"Bhuvneshwar to Livingstone, 1 run  .back of a length outside off, stands tall and punches, straight to Kohli at cover who lets  .it slip through his hands. Extra cover cleans up but they get a single",Bhuvneshwar,Livingstone,1.0,0,0,1,1,1.0,0,,1
"39.6 
1lb 
Bhuvneshwar to Malan, 1 leg bye 
massive appeal for lbw and Bhuvneshwar is annoyed that's not given. Tells Kohli to 
review it, who has a wry smile and does so. This certainly looked mighty close. uh oh, 
here's why the umpire didn't give it out: it's pitched outside leg. Moved after pitching to 
hit him on the pad, right in front, but that doesn't matter because the ball pitched 
outside leg. 
end of over 4016 runs  
ENG: 318/4CRR: 7.95 • RRR: 1.90 
Dawid Malan5 (7b) 
Liam Livingstone26 (15b 1x4 2x6) 
Bhuvneshwar Kumar 9-0-55-1 
Kuldeep Yadav 10-0-84-0 
- indeed. Maybe it's just the debutants who will do well, doesn't matter which side 
they're on. 
Neeraj: ""Livingstone with the ol' Suryakumar debut swagger!""",39.6,1lb,1.0,"Bhuvneshwar to Malan, 1 leg bye  .massive appeal for lbw and Bhuvneshwar is annoyed that's not given. Tells Kohli to  .review it, who has a wry smile and does so. This certainly looked mighty close. uh oh,  .here's why the umpire didn't give it out: it's pitched outside leg. Moved after pitching to  .hit him on the pad, right in front, but that doesn't matter because the ball pitched  .outside leg.",Bhuvneshwar,Malan,0.0,0,0,1,1,0.0,0,,0
"40.1 
1 
Prasidh to Malan, 1 run 
fuller outside off and angling away, goes for the drive and thick edges it to third man 
Deepankar DM: ""Ah, now it does seem the extra 20 runs would've been interesting. 
Although I'd still take this gracefully. India ought to trust their own method, only minor 
tweaks. England trust theirs and it has paid off today. No need to panic as yet.""",40.1,1,1.0,"Prasidh to Malan, 1 run  .fuller outside off and angling away, goes for the drive and thick edges it to third man",Prasidh,Malan,1.0,0,0,1,1,1.0,0,,1
"40.2 
• 
Prasidh to Livingstone, no run 
bouncer going over leg stump, he was moving inside the line and tried to pull, but it got 
big on him and went over his bat",40.2,0,0.0,"Prasidh to Livingstone, no run  .bouncer going over leg stump, he was moving inside the line and tried to pull, but it got  .big on him and went over his bat",Prasidh,Livingstone,0.0,0,0,1,1,0.0,0,,0
"40.3 
1lb 
Prasidh to Livingstone, 1 leg bye 
dug in back of a length and he was thinking it would rise up more, shaped to pull, 
copped a painful blow above the waist. They still take the leg-bye with the ball having 
rolled into the legside",40.3,1lb,1.0,"Prasidh to Livingstone, 1 leg bye  .dug in back of a length and he was thinking it would rise up more, shaped to pull,  .copped a painful blow above the waist. They still take the leg-bye with the ball having  .rolled into the legside",Prasidh,Livingstone,0.0,0,0,1,1,0.0,0,,0
"40.4 
• 
Prasidh to Malan, no run 
length ball going across him, tapped towards point",40.4,0,0.0,"Prasidh to Malan, no run  .length ball going across him, tapped towards point",Prasidh,Malan,0.0,0,0,1,1,0.0,0,,0
"40.5 
• 
Prasidh to Malan, no run 
fuller on the stumps, pushed towards extra cover",40.5,0,0.0,"Prasidh to Malan, no run  .fuller on the stumps, pushed towards extra cover",Prasidh,Malan,0.0,0,0,1,1,0.0,0,,0
"40.6 
• 
Prasidh to Malan, no run 
length ball going across him, beats his attempted steer to third man 
end of over 412 runs  
ENG: 320/4CRR: 7.80 • RRR: 1.88 
Dawid Malan6 (11b) 
Liam Livingstone26 (17b 1x4 2x6) 
Prasidh Krishna 9-0-56-2 
Bhuvneshwar Kumar 9-0-55-1",40.6,0,0.0,"Prasidh to Malan, no run  .length ball going across him, beats his attempted steer to third man",Prasidh,Malan,0.0,0,0,1,1,0.0,0,,0
"41.1 
1 
Bhuvneshwar to Livingstone, 1 run 
length on the stumps, punched to long-on",41.1,1,1.0,"Bhuvneshwar to Livingstone, 1 run  .length on the stumps, punched to long-on",Bhuvneshwar,Livingstone,1.0,0,0,1,1,1.0,0,,1
"41.2 
• 
Bhuvneshwar to Malan, no run 
back of a length going across him, hops while pushing it to cover",41.2,0,0.0,"Bhuvneshwar to Malan, no run  .back of a length going across him, hops while pushing it to cover",Bhuvneshwar,Malan,0.0,0,0,1,1,0.0,0,,0
"41.3 
4 
Bhuvneshwar to Malan, FOUR runs 
flashes at it and gets an outside edge that goes very fine. Boundary to third man.",41.3,4,4.0,"Bhuvneshwar to Malan, FOUR runs  .flashes at it and gets an outside edge that goes very fine. Boundary to third man.",Bhuvneshwar,Malan,4.0,1,0,1,1,4.0,0,,1
"41.4 
2 
Bhuvneshwar to Malan, 2 runs 
too full on the pads, flicked off his pads through midwicket",41.4,2,2.0,"Bhuvneshwar to Malan, 2 runs  .too full on the pads, flicked off his pads through midwicket",Bhuvneshwar,Malan,2.0,0,0,1,1,2.0,0,,1
"41.5 
• 
Bhuvneshwar to Malan, no run 
good length on leg stump and nipping across him, patted back down the pitch",41.5,0,0.0,"Bhuvneshwar to Malan, no run  .good length on leg stump and nipping across him, patted back down the pitch",Bhuvneshwar,Malan,0.0,0,0,1,1,0.0,0,,0
"41.6 
1 
Bhuvneshwar to Malan, 1 run 
fuller on the stumps, flicked off his toes through square leg 
end of over 428 runs  
ENG: 328/4CRR: 7.80 • RRR: 1.12 
Dawid Malan13 (16b 1x4) 
Liam Livingstone27 (18b 1x4 2x6) 
Bhuvneshwar Kumar 10-0-63-1 
Prasidh Krishna 9-0-56-2 
- they took a leg-bye off that ball 
John: ""How come Malan faced the last ball of over 39 and the first of over 40?""",41.6,1,1.0,"Bhuvneshwar to Malan, 1 run  .fuller on the stumps, flicked off his toes through square leg",Bhuvneshwar,Malan,1.0,0,0,1,1,1.0,0,,1
"42.1 
• 
Prasidh to Malan, no run 
back of a length in the channel, too close to cut and he can't connect",42.1,0,0.0,"Prasidh to Malan, no run  .back of a length in the channel, too close to cut and he can't connect",Prasidh,Malan,0.0,0,0,1,1,0.0,0,,0
"42.2 
• 
Prasidh to Malan, no run 
zipping across him at good pace, he's beaten looking to run it down to third man",42.2,0,0.0,"Prasidh to Malan, no run  .zipping across him at good pace, he's beaten looking to run it down to third man",Prasidh,Malan,0.0,0,0,1,1,0.0,0,,0
"42.3 
1w 
Prasidh to Malan, 1 wide 
bouncer, going across him, ends up too short and bouncing too high. Wide.",42.3,1w,1.0,"Prasidh to Malan, 1 wide  .bouncer, going across him, ends up too short and bouncing too high. Wide.",Prasidh,Malan,0.0,0,0,0,0,1.0,0,,1
"42.3 
1 
Prasidh to Malan, 1 run 
full on off, shuffles across and clips to mid-on's left",42.3,1,1.0,"Prasidh to Malan, 1 run  .full on off, shuffles across and clips to mid-on's left",Prasidh,Malan,1.0,0,0,1,1,1.0,0,,1
"42.4 
• 
Prasidh to Livingstone, no run 
yorker on off, but this is dealt with well, straight bat offered as it's dug out straight past 
the bowler",42.4,0,0.0,"Prasidh to Livingstone, no run  .yorker on off, but this is dealt with well, straight bat offered as it's dug out straight past  .the bowler",Prasidh,Livingstone,0.0,0,0,1,1,0.0,0,,0
"42.5 
• 
Prasidh to Livingstone, no run 
nails the yorker again, on off stumps, jams his bat down in time as the ball trickles back 
to the bowler",42.5,0,0.0,"Prasidh to Livingstone, no run  .nails the yorker again, on off stumps, jams his bat down in time as the ball trickles back  .to the bowler",Prasidh,Livingstone,0.0,0,0,1,1,0.0,0,,0
"42.6 
• 
Prasidh to Livingstone, no run 
under-edge bounces to the keeper's right, towards slip. Pant dives across and lands a 
bit heavily on his chest, though he stops the ball. Short outside off, he was looking for a 
big wind up and an almighty pull, but only under-edged it down. 
AdChoices 
ADVERTISEMENT 
end of over 432 runs  
ENG: 330/4CRR: 7.67 • RRR: 1.00 
Liam Livingstone27 (21b 1x4 2x6) 
Dawid Malan14 (19b 1x4) 
Prasidh Krishna 10-0-58-2 
Bhuvneshwar Kumar 10-0-63-1 
Danny: ""India is definitely missing Bumrah in bowling lineup, although more concerning 
is the spin department, should bring R Ashwin back if jade ja is not available. Moen and 
Rashid are bowling better than Indian spinners last two games""",42.6,0,0.0,"Prasidh to Livingstone, no run  .under-edge bounces to the keeper's right, towards slip. Pant dives across and lands a  .bit heavily on his chest, though he stops the ball. Short outside off, he was looking for a  .big wind up and an almighty pull, but only under-edged it down.  .AdChoices  .ADVERTISEMENT",Prasidh,Livingstone,0.0,0,0,1,1,0.0,0,,0
"43.1 
• 
Thakur to Malan, no run 
bouncer over the stumps, he arches his back to get out of the way and let it go through",43.1,0,0.0,"Thakur to Malan, no run  .bouncer over the stumps, he arches his back to get out of the way and let it go through",Thakur,Malan,0.0,0,0,1,1,0.0,0,,0
"43.2 
• 
Thakur to Malan, no run 
another bouncer, over off stump this time, he was shaping to pull but had to sway out of 
the way and drop his hands 
- That's because in the first case, the review was successful. In the second case (ie a 
few overs back), the review was unsuccessful. 
Abhinav: ""Last ball of the 40th over, India reviewed, so how was the leg bye counted? I 
thought the same happened with Pant but it was considered a dot ball despite it going 
for 4. Can someone please explain?""",43.2,0,0.0,"Thakur to Malan, no run  .another bouncer, over off stump this time, he was shaping to pull but had to sway out of  .the way and drop his hands  .- That's because in the first case, the review was successful. In the second case (ie a  .few overs back), the review was unsuccessful.",Thakur,Malan,0.0,0,0,1,1,0.0,0,,0
"43.3 
2 
Thakur to Malan, 2 runs 
and England win on a mis-field. Short ball, he rocks back and pulls powerfully to deep 
square leg. Kuldeep fumbles his take which allows England to take the two runs needed 
for victory. 
9.24 pm: The series is level at 1-1. There was that late wobble, but England's chase will 
come to be defined by that period of Ben Stokes' madness. Jonny Bairstow was also 
going like the blazes, but Stokes seemed intent on sending the ball into an alternate 
dimension. Eventually, India didn't have enough on the board on a belter of a pitch. They 
might want to have a re-look at how they dealt with the middle overs. Moeen Ali bowled 
10 on the trot and conceded only 47, with just one boundary. Despite that Stokes-
Bairstow assault, the match would have had a different complexion you think, if India 
had dealt with Moeen and the middle overs with more intent. Also memorably in this 
game, Jason Roy broke out of his Fearful 40s and got a fifty. 
Blesson: ""I think India's solid (not explosive, especially the top order) batting line-up can 
allow for Ashwin to play purely as an excellent spinner for better dividends, and we can 
certainly discount the fielding and batting aspects which might be on the mind of Kohli, 
given the skill that Ashwin has!"" 
Ben Stokes: I think the most pleasing thing for us as a team is we didn't go away from 
our values as a team. We were bitterly disappointed after the first ODI. Great chase and 
happy we were able to go over the line fairly easily despite India putting up a big total. 
Better wicket to be honest but we don't really fear any totals to be honest. It could have 
been easy to rein ourselves in after the last game but from a personal and team point of 
view, it was important to play as we do. We speak about match ups in our changing 
room and my match-up was with the spinners to take the risk, just let Jonny keep going 
on with his business. He's in unbelievable form. The amount of runs they (Roy and 
Bairstow) have scored is obviously amazing, but if you look at the way they have scored 
it's even better .best in the world in my opinion. Always good going to the last game 
when the series is on the line. 
9.35pm: For those wondering about the numbers of this chase, stats whiz Sampath 
says that a target of this magnitude (300+) has been chased down only five times with 
39 balls or more remaining. Here's the list. 
When the top two sides are playing each other, it's about who is better on the night. 
(on the lack of 100s) I never played for 100s in my life, that's probably why I ended up 
getting so many in such little time. It's all about contributing to the team cause. If the 
team doesn't win when you get three figures it doesn't mean anything. You're not going 
to sit back at the end of your career and look at numbers, it's more about how you 
played the game. 
We lost two wickets early on and needed a partnership. That happened with KL and 
myself. KL carried on, really happy for him. Then Rishabh changed the game, and Hardik 
finished it off as well. Really pleased with these young guys stepping up. But tonight 
wasn't our night, it was England's. Nicely set up for the decider. 
(Why Hardik didn't bowl) We need to manage his body as well going forward. We need 
to understand where we need his skillsets with the ball alongwith his batting. We used 
him in the T20Is but it's a bit of workload management as well. We want to ensure we 
have Hardik Pandya fit and strong, because he's going to be an important part of the 
squad. 
Virat Kohli: I think we set quite a decent total on the board. It was going to be 
challenging if we stayed in the game for long periods. I think we started off really well 
with the new ball but still England found a way to get a 100 run partnership. We didn't 
execute too well but I thought they batted brilliantly tonight. It was some of the most 
amazing batting you'll see when chasing. They totally blew us away during that 
partnership of Jonny and Ben Stokes. We didn't even have a chance during that 
partnership. I don't think the dew played any role at all. The ball wasn't difficult to hold. 
You could say the wicket settles down a bit under lights but that's no excuse. When two 
of the best teams in the world collide, one of them is going to win convincingly. Last 
time we came back. This time England didn't give us anything at all. It's quite rare that if 
you play with that strike rate and give no chances. It shows the quality of batting. 
We've played on some good wickets here, and a winner takes all game at the end, so 
we'll look forward to that. 
Jos Buttler: Delighted with the response of the guys. I thought we put in a very good 
bowling performance as well to restrict India to that total. Look at how well they played 
in the last 10 overs, so I thought the guys in the middle overs did well to restrict them. 
And then the guys came out and played fantastically well, the intent and partnerships 
from the start made it a brilliant chase. The openers have been a pillar of our strength 
for a long period of time. Delighted for Jonny and that partnership with Ben Stokes was 
brilliant to watch, as a fellow player and a fan. Some of the strokes they played and the 
commitment to play that way. Some people talked about our way and if we need to be 
smarter - of course we want to play smart cricket but it's important to commit to our 
style of play when the conditions suit. Moeen and Adil bowled well in tandem, great 
friends and they enjoy bowling together. 
(on his opening partnership with Jason Roy) It's natural. Today I faced 8 balls in the first 
8-9 overs and Jason was blazing at the other end. Today they bowled well at the top. 
Bhuvi, we know his skills and how difficult he's to get away. We both have the game to 
catch up later. The relationship we have at the top of the order is great, and long may 
that continue. 
Jonny Bairstow is the Man of the Match: Obviously disappointed to miss out in the last 
game but delighted to get across the line in this one. To be very honest, my thought 
process was exactly the same as last game. I thought we were excellent in the last 
game, we were ahead of the run-rate by a long way. We saw Ben play some rather 
entertaining shots. 
9.51 pm: That's brought us to the end of a whirlwind ODI. I thought we saw the pinnacle 
of one-day hitting when Rishabh Pant and Hardik Pandya were going along. Then along 
came Jonny Bairstow to show us he could match that. And then along came Ben Stokes 
to show us he could outdo that. Exhilarating stuff. It's all set up for a mightily exciting 
series (and tour) finale. Make sure you join us for that. Till then, this is Saurabh Somani, 
signing off on behalf of Andrew Miller and Chandan Duorah. 
Sponsored Headlines 
 
IPL 2025 - Robin Minz, Vaibhav Suryavanshi, Ryan Rickelton among rookies to watch out 
for | ESPNcricinfoDiscover 
 
Sacked Glamorgan coach Grant Bradburn reprimanded for discriminatory conduct | 
ESPNcricinfoDiscover 
 
Metro Vein Centers| 
Sponsored by TaboolaSponsored by Taboola 
Learn More 
Healthy legs never felt so good! Non-invasive vein treatment. Covered by 
insurance.Read MoreSkip 
 
BCCI announces INR 58 crore award for Champions Trophy winners India | 
ESPNcricinfoDiscover 
 
Champions Trohphy जीतने पर BCCI ने भारतीय टीम को िदए 58 करोड़ | ESPNcricinfoDiscover 
 
These Simple Habits Could Make Your Brain SharperDownload this free guide to 
discover how these lifestyle changes can improve memory, focus, and overall brain 
health. Your brain will thank you!The Michael J. Fox Foundation| 
SponsoredSponsored 
Learn more 
Undo 
 
Flight Attendant Reveals How To Fly Business Class For The Price of 
EconomyAmericans, you'll want to check this out ASAPOnline Shopping Tools| 
SponsoredSponsored 
Undo 
 
Eating to Boost Brain Health: Here's HowExplore our complete guide to brain-healthy 
foods. Learn how diet can improve memory, focus, and overall brain function.The 
Michael J. Fox Foundation| 
SponsoredSponsored 
Learn more 
Undo 
 
How To Stay Down And Compress The Golf Ball (Without Being Wide Open)Consistently 
Hit Dead Center Of The Clubface By Doing ThisPerformance Golf| 
SponsoredSponsored 
Learn More 
Undo 
 
Why Young Athletes Are Training With BlazePod!Coaches and parents love BlazePod for 
boosting speed, agility, and focus. See how it’s transforming youth training!BlazePod| 
SponsoredSponsored 
Shop Now 
Undo 
 
Top 10 Blood Pressure Monitors of 2024 Reviewed by DoctorsWe tested the most 
popular blood pressure monitors of 2024. Read on to discover the most accurate 
devices and make an informed decision before your purchase.DocReviews| 
SponsoredSponsored 
Learn More 
Undo 
 
State-of-the-Art Vein Treatment - Covered by Insurance!Healthy Legs Feel Better! 
Minimally invasive vein treatments from nationally accredited doctors. Free 
evaluation!Metro Vein Centers| 
SponsoredSponsored 
Book Now 
Undo 
 
Thousands of Men Rave About the Cozy Polo Shirts.Bestbestones| 
SponsoredSponsored 
Shop Now 
Undo 
 
Top 10 Blood Pressure Monitors of 2024 Tested by DocReviewsWe tested the most 
popular blood pressure monitors of 2024. Read on to discover the most accurate 
devices and make an informed decision before your purchase.DocReviews| 
SponsoredSponsored 
Learn More 
Undo 
 
Large Prostate Has Nothing To Do With Age: Just Stop Doing This One Common 
HabitDiscover The Resultslivefitpulse| 
SponsoredSponsored 
Click Here 
Undo 
 
Look For Any High School Yearbook, It's FreeClassmates.com| 
SponsoredSponsored 
Undo 
 
MD: Building Muscle After 60 Comes Down To This 1 ThingApex Labs| 
SponsoredSponsored 
Undo 
Match Coverage 
All Match News 
 
Hardik Pandya could be in line for a Test return in 
England 
Virat Kohli says India managing allrounder's workload with six Tests to come in England 
 
 
 
'We don't really fear too much' - Ben Stokes after crushing 
target of 337 
After stunning partnership, Bairstow says Stokes' batting complementary to his, 
meaning ""people don't like to bowl at us""  
 
 
 
Sixes galore, and spinners' suffering, in record-breaking 
England win 
Statistical highlights from England's highest successful ODI chase vs India. 
 
 
 
India's conservative starts batting first in ODIs hurting 
them 
It is a matter of a shift in attitude and some time to get used to England's style of play 
 
 
 
Jonny Bairstow, Ben Stokes decimate India to level series  
England win with 39 balls to spare, reduce Rahul, Pant knocks to the footnotes 
 
 
 
Instant answers to T20 questions 
What is the highest total chased in men's T20 World Cups? 
Most sixes in an innings by a batter in men's T20 World Cups? 
Who has taken the most Powerplay wickets in men's T20 World Cups? 
Ask a question 
Videos 
All Match Videos 
 
 
1:22 
Did Stokes get lucky with the run-out call? 
 
England Innings 
Player Name 
R 
B 
JJ Roy 
run out 
55 
52 
JM 
Bairstow 
caught 
124 112 
BA Stokes caught 
99 
52 
DJ Malan 
not out 
16 
23 
JC Buttler 
bowled 
0 
3 
LS 
Livingstone not out 
27 
21 
Extras 
(b 4, lb 2, nb 2, w 8) 
Total 
337(4 wkts;",43.3,2,2.0,"Thakur to Malan, 2 runs  .and England win on a mis-field. Short ball, he rocks back and pulls powerfully to deep  .square leg. Kuldeep fumbles his take which allows England to take the two runs needed  .for victory.  .9.24 pm: The series is level at 1-1. There was that late wobble, but England's chase will  .come to be defined by that period of Ben Stokes' madness. Jonny Bairstow was also  .going like the blazes, but Stokes seemed intent on sending the ball into an alternate  .dimension. Eventually, India didn't have enough on the board on a belter of a pitch. They  .might want to have a re-look at how they dealt with the middle overs. Moeen Ali bowled  .10 on the trot and conceded only 47, with just one boundary. Despite that Stokes- .Bairstow assault, the match would have had a different complexion you think, if India  .had dealt with Moeen and the middle overs with more intent. Also memorably in this  .game, Jason Roy broke out of his Fearful 40s and got a fifty.",Thakur,Malan,2.0,0,0,1,1,2.0,0,,1
