raw_data,overs,runs,team_runs,commentary,bowler,batsman,batsman_runs,batsman_fours,batsman_sixes,batsman_bowls_faced,bowler_bowls_done,bowler_runs_given,bowler_wickets,dismissal,runs_given_bool
"0.1 
1 
Dutt to Gumbie, 1 run 
some turn to start, length outside off, coming in to the batter. Gets back and across and 
tucks it past square leg for one 
Around the wicket to the left hander now. Slip in place",0.1,1,1.0,"Dutt to Gumbie, 1 run  .some turn to start, length outside off, coming in to the batter. Gets back and across and  .tucks it past square leg for one  .Around the wicket to the left hander now. Slip in place",Dutt,Gumbie,1.0,0,0,1,1,1.0,0,,1
"0.2 
• 
Dutt to Ervine, no run 
full on off, gets forward and defends",0.2,0,0.0,"Dutt to Ervine, no run  .full on off, gets forward and defends",Dutt,Ervine,0.0,0,0,1,1,0.0,0,,0
"0.3 
• 
Dutt to Ervine, no run 
good length on middle and off, another forward defensive",0.3,0,0.0,"Dutt to Ervine, no run  .good length on middle and off, another forward defensive",Dutt,Ervine,0.0,0,0,1,1,0.0,0,,0
"0.4 
2 
Dutt to Ervine, 2 runs 
Pierces the infield, as he drives this past a diving extra cover. Gets a couple",0.4,2,2.0,"Dutt to Ervine, 2 runs  .Pierces the infield, as he drives this past a diving extra cover. Gets a couple",Dutt,Ervine,2.0,0,0,1,1,2.0,0,,1
"0.5 
• 
Dutt to Ervine, no run 
good length on off, gets forward and watches this on to the bat",0.5,0,0.0,"Dutt to Ervine, no run  .good length on off, gets forward and watches this on to the bat",Dutt,Ervine,0.0,0,0,1,1,0.0,0,,0
"0.6 
1 
Dutt to Ervine, 1 run 
tossed up on off, driven down to long-off fro one 
end of over 14 runs  
ZIM: 4/0CRR: 4.00 • RRR: 6.36 • Need 312 runs from 49 overs 
Craig Ervine3 (5b) 
Joylord Gumbie1 (1b) 
Aryan Dutt 1-0-4-0 
sudesh: ""Associate nations have come a long way now. Two days back Kusal Bhurtel 
innings was of real class. There was talent in his stroke making. Even though, I do 
follow cricket, on that particular day , instead of watching Ashes series,I watched Zim- 
Nepal match since I felt there was talent and professionalism in Nepali players."" 
Seam from the other end, as Logan van Beek has the ball",0.6,1,1.0,"Dutt to Ervine, 1 run  .tossed up on off, driven down to long-off fro one",Dutt,Ervine,1.0,0,0,1,1,1.0,0,,1
"1.1 
1 
van Beek to Ervine, 1 run 
short of a length, bit of extra bounce. Ervine gets over this and fends it behind point for 
one",1.1,1,1.0,"van Beek to Ervine, 1 run  .short of a length, bit of extra bounce. Ervine gets over this and fends it behind point for  .one",van Beek,Ervine,1.0,0,0,1,1,1.0,0,,1
"1.2 
• 
van Beek to Gumbie, no run 
back of a length just outside off, watchfully left",1.2,0,0.0,"van Beek to Gumbie, no run  .back of a length just outside off, watchfully left",van Beek,Gumbie,0.0,0,0,1,1,0.0,0,,0
"1.3 
1 
van Beek to Gumbie, 1 run 
back of a length, straighter this time. Tucked off the pads down to deep square leg",1.3,1,1.0,"van Beek to Gumbie, 1 run  .back of a length, straighter this time. Tucked off the pads down to deep square leg",van Beek,Gumbie,1.0,0,0,1,1,1.0,0,,1
"1.4 
• 
van Beek to Ervine, no run 
back of a length, 126kph, defended towards point off the back foot",1.4,0,0.0,"van Beek to Ervine, no run  .back of a length, 126kph, defended towards point off the back foot",van Beek,Ervine,0.0,0,0,1,1,0.0,0,,0
"1.5 
1w 
van Beek to Ervine, 1 wide 
fuller, looking for the inducker, but gets the line wrong. Goes down leg",1.5,1w,1.0,"van Beek to Ervine, 1 wide  .fuller, looking for the inducker, but gets the line wrong. Goes down leg",van Beek,Ervine,0.0,0,0,0,0,1.0,0,,1
"1.5 
1lb 
van Beek to Ervine, 1 leg bye 
Even fuller this time, looking again for some swing. This one strikes Ervine on the pads 
outside leg as he looks to work this onside.",1.5,1lb,1.0,"van Beek to Ervine, 1 leg bye  .Even fuller this time, looking again for some swing. This one strikes Ervine on the pads  .outside leg as he looks to work this onside.",van Beek,Ervine,0.0,0,0,1,1,0.0,0,,0
"1.6 
4 
van Beek to Gumbie, FOUR runs 
Edged, dropped and four! This was a flashy drive from Gumbie, and it flew to the right of 
the substitute keeper, Noah Croes, who dived high to his right but this goes right 
through him and the slip cordon 
end of over 28 runs  
ZIM: 12/0CRR: 6.00 • RRR: 6.33 • Need 304 runs from 48 overs 
Joylord Gumbie6 (4b 1x4) 
Craig Ervine4 (8b) 
Logan van Beek 1-0-7-0 
Aryan Dutt 1-0-4-0",1.6,4,4.0,"van Beek to Gumbie, FOUR runs  .Edged, dropped and four! This was a flashy drive from Gumbie, and it flew to the right of  .the substitute keeper, Noah Croes, who dived high to his right but this goes right  .through him and the slip cordon",van Beek,Gumbie,4.0,1,0,1,1,4.0,0,,1
"2.1 
2 
Dutt to Ervine, 2 runs 
full on off, driven into the covers for a couple",2.1,2,2.0,"Dutt to Ervine, 2 runs  .full on off, driven into the covers for a couple",Dutt,Ervine,2.0,0,0,1,1,2.0,0,,1
"2.2 
• 
Dutt to Ervine, no run 
length on off, gets back and pushes this back to the bowler",2.2,0,0.0,"Dutt to Ervine, no run  .length on off, gets back and pushes this back to the bowler",Dutt,Ervine,0.0,0,0,1,1,0.0,0,,0
"2.3 
• 
Dutt to Ervine, no run 
good length on off, defended into the offside",2.3,0,0.0,"Dutt to Ervine, no run  .good length on off, defended into the offside",Dutt,Ervine,0.0,0,0,1,1,0.0,0,,0
"2.4 
• 
Dutt to Ervine, no run 
beats the edge! This one was tossed up, enticing the drive. Ervine goes for it but there's 
spin and bounce to take it past the batter",2.4,0,0.0,"Dutt to Ervine, no run  .beats the edge! This one was tossed up, enticing the drive. Ervine goes for it but there's  .spin and bounce to take it past the batter",Dutt,Ervine,0.0,0,0,1,1,0.0,0,,0
"2.5 
• 
Dutt to Ervine, no run 
good length on off, defended on the front foot",2.5,0,0.0,"Dutt to Ervine, no run  .good length on off, defended on the front foot",Dutt,Ervine,0.0,0,0,1,1,0.0,0,,0
"2.6 
• 
Dutt to Ervine, no run 
fuller outside off, crisply driven to extra cover 
end of over 32 runs  
ZIM: 14/0CRR: 4.66 • RRR: 6.42 • Need 302 runs from 47 overs 
Craig Ervine6 (14b) 
Joylord Gumbie6 (4b 1x4) 
Aryan Dutt 2-0-6-0 
Logan van Beek 1-0-7-0 
Nick: ""Who's keeping for the Netherlands if Edwards is off?"" Noah Croes.",2.6,0,0.0,"Dutt to Ervine, no run  .fuller outside off, crisply driven to extra cover",Dutt,Ervine,0.0,0,0,1,1,0.0,0,,0
"3.1 
• 
van Beek to Gumbie, no run 
back of a length on off, 128kph, defended into the offside",3.1,0,0.0,"van Beek to Gumbie, no run  .back of a length on off, 128kph, defended into the offside",van Beek,Gumbie,0.0,0,0,1,1,0.0,0,,0
"3.2 
• 
van Beek to Gumbie, no run 
good length in the channel outside off, shapes away and left alone",3.2,0,0.0,"van Beek to Gumbie, no run  .good length in the channel outside off, shapes away and left alone",van Beek,Gumbie,0.0,0,0,1,1,0.0,0,,0
"3.3 
• 
van Beek to Gumbie, no run 
good length outside off, flashes at this away from the body and misses",3.3,0,0.0,"van Beek to Gumbie, no run  .good length outside off, flashes at this away from the body and misses",van Beek,Gumbie,0.0,0,0,1,1,0.0,0,,0
"3.4 
• 
van Beek to Gumbie, no run 
Squares him up! This was angled in towards off and shapes away off the surface. Has 
Gumbie going back to defend as this zips past the outside edge",3.4,0,0.0,"van Beek to Gumbie, no run  .Squares him up! This was angled in towards off and shapes away off the surface. Has  .Gumbie going back to defend as this zips past the outside edge",van Beek,Gumbie,0.0,0,0,1,1,0.0,0,,0
"3.5 
• 
van Beek to Gumbie, no run 
goes back to defend again, gets bat on it this time towards point",3.5,0,0.0,"van Beek to Gumbie, no run  .goes back to defend again, gets bat on it this time towards point",van Beek,Gumbie,0.0,0,0,1,1,0.0,0,,0
"3.6 
• 
van Beek to Gumbie, no run 
good length, straighter. Tucked leg side but straight at the man at midwicket 
end of over 4Maiden 
ZIM: 14/0CRR: 3.50 • RRR: 6.56 • Need 302 runs from 46 overs 
Joylord Gumbie6 (10b 1x4) 
Craig Ervine6 (14b) 
Logan van Beek 2-1-7-0 
Aryan Dutt 2-0-6-0",3.6,0,0.0,"van Beek to Gumbie, no run  .good length, straighter. Tucked leg side but straight at the man at midwicket",van Beek,Gumbie,0.0,0,0,1,1,0.0,0,,0
"4.1 
• 
Dutt to Ervine, no run 
back of a length on off, bit of extra bounce. Defended towards cover",4.1,0,0.0,"Dutt to Ervine, no run  .back of a length on off, bit of extra bounce. Defended towards cover",Dutt,Ervine,0.0,0,0,1,1,0.0,0,,0
"4.2 
• 
Dutt to Ervine, no run 
fuller outside off, looks to reverse this but Ervine can't get a good connection as it 
bobbles towards first slip",4.2,0,0.0,"Dutt to Ervine, no run  .fuller outside off, looks to reverse this but Ervine can't get a good connection as it  .bobbles towards first slip",Dutt,Ervine,0.0,0,0,1,1,0.0,0,,0
"4.3 
• 
Dutt to Ervine, no run 
good length on the stumps, gets forward and defends",4.3,0,0.0,"Dutt to Ervine, no run  .good length on the stumps, gets forward and defends",Dutt,Ervine,0.0,0,0,1,1,0.0,0,,0
"4.4 
• 
Dutt to Ervine, no run 
length, pushed through flatter. Beats the bat on the way to the pads, but it's going down 
leg",4.4,0,0.0,"Dutt to Ervine, no run  .length, pushed through flatter. Beats the bat on the way to the pads, but it's going down  .leg",Dutt,Ervine,0.0,0,0,1,1,0.0,0,,0
"4.5 
• 
Dutt to Ervine, no run 
short and wide, and this one he's missed out. The sharp turn away leads to a play and a 
miss",4.5,0,0.0,"Dutt to Ervine, no run  .short and wide, and this one he's missed out. The sharp turn away leads to a play and a  .miss",Dutt,Ervine,0.0,0,0,1,1,0.0,0,,0
"4.6 
• 
Dutt to Ervine, no run 
good length on off, goes on with the arm this time. Defended on the front foot. Maiden. 
end of over 5Maiden 
ZIM: 14/0CRR: 2.80 • RRR: 6.71 • Need 302 runs from 45 overs 
Craig Ervine6 (20b) 
Joylord Gumbie6 (10b 1x4) 
Aryan Dutt 3-1-6-0 
Logan van Beek 2-1-7-0 
Udam: ""its heartbreaking to see teams playing well and there is only two spots left in 
wc. 16 years ago we had a 16 team world cup and now we have 10 team wc. going 
backwards and playing only t20 leagues aint the solution for promoting cricket. """,4.6,0,0.0,"Dutt to Ervine, no run  .good length on off, goes on with the arm this time. Defended on the front foot. Maiden.",Dutt,Ervine,0.0,0,0,1,1,0.0,0,,0
"5.1 
• 
van Beek to Gumbie, no run 
Attempts the yorker on off, not quite there. Driven but straight to mid-off",5.1,0,0.0,"van Beek to Gumbie, no run  .Attempts the yorker on off, not quite there. Driven but straight to mid-off",van Beek,Gumbie,0.0,0,0,1,1,0.0,0,,0
"5.2 
1 
van Beek to Gumbie, 1 run 
back of a length outside off, opens the face and pushes this behind point for a single",5.2,1,1.0,"van Beek to Gumbie, 1 run  .back of a length outside off, opens the face and pushes this behind point for a single",van Beek,Gumbie,1.0,0,0,1,1,1.0,0,,1
"5.3 
• 
van Beek to Ervine, no run 
full on off, driven straight but only as far as mid-on",5.3,0,0.0,"van Beek to Ervine, no run  .full on off, driven straight but only as far as mid-on",van Beek,Ervine,0.0,0,0,1,1,0.0,0,,0
"5.4 
• 
van Beek to Ervine, no run 
full once more, and again it's a scuffed drive towards mid-on",5.4,0,0.0,"van Beek to Ervine, no run  .full once more, and again it's a scuffed drive towards mid-on",van Beek,Ervine,0.0,0,0,1,1,0.0,0,,0
"5.5 
• 
van Beek to Ervine, no run 
full on the pads, whipped away but doesn't find the gap. Straight at midwicket 
Tharaka Jasenth: ""Aryan seems to be good at bowling a lot of Dutt balls.""",5.5,0,0.0,"van Beek to Ervine, no run  .full on the pads, whipped away but doesn't find the gap. Straight at midwicket",van Beek,Ervine,0.0,0,0,1,1,0.0,0,,0
"5.6 
4 
van Beek to Ervine, FOUR runs 
And this time he gets it away! Another one that was overpitched on the pads, but here 
Ervine gets it squarer, past midwicket. And the timing means it races across the grass 
to beat the man at backward square leg 
end of over 65 runs  
ZIM: 19/0CRR: 3.16 • RRR: 6.75 • Need 297 runs from 44 overs 
Craig Ervine10 (24b 1x4) 
Joylord Gumbie7 (12b 1x4) 
Logan van Beek 3-1-12-0 
Aryan Dutt 3-1-6-0 
Over the wicket to Gumbie",5.6,4,4.0,"van Beek to Ervine, FOUR runs  .And this time he gets it away! Another one that was overpitched on the pads, but here  .Ervine gets it squarer, past midwicket. And the timing means it races across the grass  .to beat the man at backward square leg",van Beek,Ervine,4.0,1,0,1,1,4.0,0,,1
"6.1 
• 
Dutt to Gumbie, no run 
good length on off, defended off the back foot",6.1,0,0.0,"Dutt to Gumbie, no run  .good length on off, defended off the back foot",Dutt,Gumbie,0.0,0,0,1,1,0.0,0,,0
"6.2 
4 
Dutt to Gumbie, FOUR runs 
Sumptuous cover drive! This was tossed up outside off, and Gumbie gets the 
placement just right as he beats the men at point and cover",6.2,4,4.0,"Dutt to Gumbie, FOUR runs  .Sumptuous cover drive! This was tossed up outside off, and Gumbie gets the  .placement just right as he beats the men at point and cover",Dutt,Gumbie,4.0,1,0,1,1,4.0,0,,1
"6.3 
1 
Dutt to Gumbie, 1 run 
pulls the length back and goes straighter. Gumbie gets back and tucks this to square 
leg for one 
Dutt goes around",6.3,1,1.0,"Dutt to Gumbie, 1 run  .pulls the length back and goes straighter. Gumbie gets back and tucks this to square  .leg for one  .Dutt goes around",Dutt,Gumbie,1.0,0,0,1,1,1.0,0,,1
"6.4 
4 
Dutt to Ervine, FOUR runs 
Pulled handsomely through midwicket! This was too short, and just sat up for Ervine to 
rock back and pull it high into the vacant midwicket region",6.4,4,4.0,"Dutt to Ervine, FOUR runs  .Pulled handsomely through midwicket! This was too short, and just sat up for Ervine to  .rock back and pull it high into the vacant midwicket region",Dutt,Ervine,4.0,1,0,1,1,4.0,0,,1
"6.5 
1 
Dutt to Ervine, 1 run 
short of a length outside off, back foot slap down to long-off",6.5,1,1.0,"Dutt to Ervine, 1 run  .short of a length outside off, back foot slap down to long-off",Dutt,Ervine,1.0,0,0,1,1,1.0,0,,1
"6.6 
• 
Dutt to Gumbie, no run 
length ball, pushed through flatter. Gumbie fails to connect on a reverse sweep 
end of over 710 runs  
ZIM: 29/0CRR: 4.14 • RRR: 6.67 • Need 287 runs from 43 overs 
Joylord Gumbie12 (16b 2x4) 
Craig Ervine15 (26b 2x4) 
Aryan Dutt 4-1-16-0 
Logan van Beek 3-1-12-0",6.6,0,0.0,"Dutt to Gumbie, no run  .length ball, pushed through flatter. Gumbie fails to connect on a reverse sweep",Dutt,Gumbie,0.0,0,0,1,1,0.0,0,,0
"7.1 
4 
van Beek to Ervine, FOUR runs 
Slapped through the covers! This was just fuller than good length, but Ervine does 
incredibly well to drive this on the up through extra cover",7.1,4,4.0,"van Beek to Ervine, FOUR runs  .Slapped through the covers! This was just fuller than good length, but Ervine does  .incredibly well to drive this on the up through extra cover",van Beek,Ervine,4.0,1,0,1,1,4.0,0,,1
"7.2 
4 
van Beek to Ervine, FOUR runs 
Glorious! This time van Beek goes a bit too full, and it's driven straight back past the 
bowler mid-off has no chance",7.2,4,4.0,"van Beek to Ervine, FOUR runs  .Glorious! This time van Beek goes a bit too full, and it's driven straight back past the  .bowler mid-off has no chance",van Beek,Ervine,4.0,1,0,1,1,4.0,0,,1
"7.3 
• 
van Beek to Ervine, no run 
good length on off, defended towards cover",7.3,0,0.0,"van Beek to Ervine, no run  .good length on off, defended towards cover",van Beek,Ervine,0.0,0,0,1,1,0.0,0,,0
"7.4 
• 
van Beek to Ervine, no run 
full outside off, drives this well again, but this time it's straight at mid-off",7.4,0,0.0,"van Beek to Ervine, no run  .full outside off, drives this well again, but this time it's straight at mid-off",van Beek,Ervine,0.0,0,0,1,1,0.0,0,,0
"7.5 
• 
van Beek to Ervine, no run 
another one that's full. Driven back but van Beek collects it on the return",7.5,0,0.0,"van Beek to Ervine, no run  .another one that's full. Driven back but van Beek collects it on the return",van Beek,Ervine,0.0,0,0,1,1,0.0,0,,0
"7.6 
4 
van Beek to Ervine, FOUR runs 
Short-arm pull through midwicket! Great batting, as Ervine is waiting for van Beek just 
to drop it marginally short and he's on it in a flash. 
end of over 812 runs  
ZIM: 41/0CRR: 5.12 • RRR: 6.54 • Need 275 runs from 42 overs 
Craig Ervine27 (32b 5x4) 
Joylord Gumbie12 (16b 2x4) 
Logan van Beek 4-1-24-0 
Aryan Dutt 4-1-16-0 
So after a circumspect start, these two seem to started purring now. Brings about a 
change in bowling. Here's Bas de Leede.",7.6,4,4.0,"van Beek to Ervine, FOUR runs  .Short-arm pull through midwicket! Great batting, as Ervine is waiting for van Beek just  .to drop it marginally short and he's on it in a flash.",van Beek,Ervine,4.0,1,0,1,1,4.0,0,,1
"8.1 
1 
de Leede to Gumbie, 1 run 
back of a length, tucked off the hips on the onside for a quick single 
goes around the wicket to the left hander Ervine",8.1,1,1.0,"de Leede to Gumbie, 1 run  .back of a length, tucked off the hips on the onside for a quick single  .goes around the wicket to the left hander Ervine",de Leede,Gumbie,1.0,0,0,1,1,1.0,0,,1
"8.2 
1 
de Leede to Ervine, 1 run 
back of a length and straight, worked down to fine leg 
Back over",8.2,1,1.0,"de Leede to Ervine, 1 run  .back of a length and straight, worked down to fine leg  .Back over",de Leede,Ervine,1.0,0,0,1,1,1.0,0,,1
"8.3 
• 
de Leede to Gumbie, no run 
Digs it ins short, as Gumbie gets low and looks to ramp this over the keeper. Can't 
connect",8.3,0,0.0,"de Leede to Gumbie, no run  .Digs it ins short, as Gumbie gets low and looks to ramp this over the keeper. Can't  .connect",de Leede,Gumbie,0.0,0,0,1,1,0.0,0,,0
"8.4 
• 
de Leede to Gumbie, no run 
short of a length, worked off the hips straight to square leg",8.4,0,0.0,"de Leede to Gumbie, no run  .short of a length, worked off the hips straight to square leg",de Leede,Gumbie,0.0,0,0,1,1,0.0,0,,0
"8.5 
• 
de Leede to Gumbie, no run 
good length just outside off, stays in the crease and driven on the up towards mid-off",8.5,0,0.0,"de Leede to Gumbie, no run  .good length just outside off, stays in the crease and driven on the up towards mid-off",de Leede,Gumbie,0.0,0,0,1,1,0.0,0,,0
"8.6 
• 
de Leede to Gumbie, no run 
back of a length just outside off, cuts this into the turf towards point 
end of over 92 runs  
ZIM: 43/0CRR: 4.77 • RRR: 6.65 • Need 273 runs from 41 overs 
Joylord Gumbie13 (21b 2x4) 
Craig Ervine28 (33b 5x4) 
Bas de Leede 1-0-2-0 
Logan van Beek 4-1-24-0 
GC: ""World cup soccer is expanding from 32 teams to 48 teams. Cricket world cup is 
shrinking to only 10 teams. Why ICC why"" 
Vikramjit Singh was warming up in the last over, and now it looks like he's going to roll 
his arm with his medium pace",8.6,0,0.0,"de Leede to Gumbie, no run  .back of a length just outside off, cuts this into the turf towards point",de Leede,Gumbie,0.0,0,0,1,1,0.0,0,,0
"9.1 
1 
Vikramjit Singh to Ervine, 1 run 
back of a length to start, wicket to wicket. Gets back and whips this to the left of 
midwicket, who does well to keep this to a single",9.1,1,1.0,"Vikramjit Singh to Ervine, 1 run  .back of a length to start, wicket to wicket. Gets back and whips this to the left of  .midwicket, who does well to keep this to a single",Vikramjit Singh,Ervine,1.0,0,0,1,1,1.0,0,,1
"9.2 
• 
Vikramjit Singh to Gumbie, no run 
back of a length outside of, play and a miss as he looks to cut this square",9.2,0,0.0,"Vikramjit Singh to Gumbie, no run  .back of a length outside of, play and a miss as he looks to cut this square",Vikramjit Singh,Gumbie,0.0,0,0,1,1,0.0,0,,0
"9.3 
• 
Vikramjit Singh to Gumbie, no run 
back of a length on off, back foot punch towards cover",9.3,0,0.0,"Vikramjit Singh to Gumbie, no run  .back of a length on off, back foot punch towards cover",Vikramjit Singh,Gumbie,0.0,0,0,1,1,0.0,0,,0
"9.4 
• 
Vikramjit Singh to Gumbie, no run 
charges down the track and slaps this hard but straight at mid-off",9.4,0,0.0,"Vikramjit Singh to Gumbie, no run  .charges down the track and slaps this hard but straight at mid-off",Vikramjit Singh,Gumbie,0.0,0,0,1,1,0.0,0,,0
"9.5 
1 
Vikramjit Singh to Gumbie, 1 run 
back of a length on the stumps, worked behind square leg for a single",9.5,1,1.0,"Vikramjit Singh to Gumbie, 1 run  .back of a length on the stumps, worked behind square leg for a single",Vikramjit Singh,Gumbie,1.0,0,0,1,1,1.0,0,,1
"9.6 
3 
Vikramjit Singh to Ervine, 3 runs 
dropped! That was a big chance. This was chipped high towards long-on, but the man 
running in can't hold on despite a big dive 
Here's Rvel to take you through the next 10 overs. 
end of over 105 runs  
ZIM: 48/0CRR: 4.80 • RRR: 6.70 • Need 268 runs from 40 overs 
Craig Ervine32 (35b 5x4) 
Joylord Gumbie14 (25b 2x4) 
Vikramjit Singh 1-0-5-0 
Bas de Leede 1-0-2-0 
Thank you, Madushka. The game is deliciously poised as the Netherlands search for an 
opening. Zimbabwe started off sedately and were watchful but it looks like they are just 
starting to find their feet and getting a move on now similar to how Dutch openers 
started the proceedings.",9.6,3,3.0,"Vikramjit Singh to Ervine, 3 runs  .dropped! That was a big chance. This was chipped high towards long-on, but the man  .running in can't hold on despite a big dive  .Here's Rvel to take you through the next 10 overs.",Vikramjit Singh,Ervine,3.0,0,0,1,1,3.0,0,,1
"10.1 
4b 
de Leede to Ervine, 4 byes 
Good bounce and carry but no dice as he goes for the upper-cut and it goes sailing over 
the keeper's head, 4 byes",10.1,4b,4.0,"de Leede to Ervine, 4 byes  .Good bounce and carry but no dice as he goes for the upper-cut and it goes sailing over  .the keeper's head, 4 byes",de Leede,Ervine,0.0,1,0,1,1,0.0,0,,1
"10.2 
4 
de Leede to Ervine, FOUR runs 
Tickles away off his hips past fine leg and it's another boundary! Easy pickings as both 
openers start to cut loose",10.2,4,4.0,"de Leede to Ervine, FOUR runs  .Tickles away off his hips past fine leg and it's another boundary! Easy pickings as both  .openers start to cut loose",de Leede,Ervine,4.0,1,0,1,1,4.0,0,,1
"10.3 
• 
de Leede to Ervine, no run 
Back of a length, zinging it back at Ervine who calmly defends it into the covers",10.3,0,0.0,"de Leede to Ervine, no run  .Back of a length, zinging it back at Ervine who calmly defends it into the covers",de Leede,Ervine,0.0,0,0,1,1,0.0,0,,0
"10.4 
4 
de Leede to Ervine, FOUR runs 
Runs are coming thick and fast as he slams this wide delivery on the up, flies away past 
backward point into the boundary rope. This is proving to be a very costly over for 
Netherlands",10.4,4,4.0,"de Leede to Ervine, FOUR runs  .Runs are coming thick and fast as he slams this wide delivery on the up, flies away past  .backward point into the boundary rope. This is proving to be a very costly over for  .Netherlands",de Leede,Ervine,4.0,1,0,1,1,4.0,0,,1
"10.5 
1w 
de Leede to Ervine, 1 wide 
He is under the pump and bowls a wide down the leg side, wasted effort",10.5,1w,1.0,"de Leede to Ervine, 1 wide  .He is under the pump and bowls a wide down the leg side, wasted effort",de Leede,Ervine,0.0,0,0,0,0,1.0,0,,1
"10.5 
• 
de Leede to Ervine, no run 
Round the wicket, on a length and angled into the pads, leans forward and worked off 
the pads to square leg",10.5,0,0.0,"de Leede to Ervine, no run  .Round the wicket, on a length and angled into the pads, leans forward and worked off  .the pads to square leg",de Leede,Ervine,0.0,0,0,1,1,0.0,0,,0
"10.6 
4 
de Leede to Ervine, FOUR runs 
Length ball on the pads, that's a freebie served on a plate and he says thank you very 
much, whipped away merrily past square leg and there's no cutting that off. Four more 
added to the total 
end of over 1117 runs  
ZIM: 65/0CRR: 5.90 • RRR: 6.43 • Need 251 runs from 39 overs 
Craig Ervine44 (41b 8x4) 
Joylord Gumbie14 (25b 2x4) 
Bas de Leede 2-0-15-0 
Vikramjit Singh 1-0-5-0 
Jaideep : ""The vibe in the stadium seems epic... The drums and group singing.."" 
Fantastic atmosphere indeed!",10.6,4,4.0,"de Leede to Ervine, FOUR runs  .Length ball on the pads, that's a freebie served on a plate and he says thank you very  .much, whipped away merrily past square leg and there's no cutting that off. Four more  .added to the total",de Leede,Ervine,4.0,1,0,1,1,4.0,0,,1
"11.1 
1 
Vikramjit Singh to Gumbie, 1 run 
On a length around the line off, expertly steered down to third man and he insouciantly 
walks through a run",11.1,1,1.0,"Vikramjit Singh to Gumbie, 1 run  .On a length around the line off, expertly steered down to third man and he insouciantly  .walks through a run",Vikramjit Singh,Gumbie,1.0,0,0,1,1,1.0,0,,1
"11.2 
4 
Vikramjit Singh to Ervine, FOUR runs 
Round the wicket, a touch too full and some width on offer, he pounces on it in a jiffy 
and creams a delectable drive past cover, away she goes to the boundary, no need to 
run for that",11.2,4,4.0,"Vikramjit Singh to Ervine, FOUR runs  .Round the wicket, a touch too full and some width on offer, he pounces on it in a jiffy  .and creams a delectable drive past cover, away she goes to the boundary, no need to  .run for that",Vikramjit Singh,Ervine,4.0,1,0,1,1,4.0,0,,1
"11.3 
• 
Vikramjit Singh to Ervine, no run 
Crowd having a ball out there as Ervine punches this length ball on the pads to 
midwicket off the backfoot",11.3,0,0.0,"Vikramjit Singh to Ervine, no run  .Crowd having a ball out there as Ervine punches this length ball on the pads to  .midwicket off the backfoot",Vikramjit Singh,Ervine,0.0,0,0,1,1,0.0,0,,0
"11.4 
1 
Vikramjit Singh to Ervine, 1 run 
Lands it on a length from over the wicket, a bit too straight and he keeps a lovely 
balance while guiding it down to deep square",11.4,1,1.0,"Vikramjit Singh to Ervine, 1 run  .Lands it on a length from over the wicket, a bit too straight and he keeps a lovely  .balance while guiding it down to deep square",Vikramjit Singh,Ervine,1.0,0,0,1,1,1.0,0,,1
"11.5 
1 
Vikramjit Singh to Gumbie, 1 run 
Shortens his length, outside off, opens the face of the blade and runs it down to wide 
third man, gallops across to the other end",11.5,1,1.0,"Vikramjit Singh to Gumbie, 1 run  .Shortens his length, outside off, opens the face of the blade and runs it down to wide  .third man, gallops across to the other end",Vikramjit Singh,Gumbie,1.0,0,0,1,1,1.0,0,,1
"11.6 
• 
Vikramjit Singh to Ervine, no run 
A little short with little bit of away seam movement outside off, bunted down the ground 
to short cover 
end of over 127 runs  
ZIM: 72/0CRR: 6.00 • RRR: 6.42 • Need 244 runs from 38 overs 
Craig Ervine49 (45b 9x4) 
Joylord Gumbie16 (27b 2x4) 
Vikramjit Singh 2-0-12-0 
Bas de Leede 2-0-15-0 
GC: ""How are we going to have Kevin O'brien 2011 moments and Kenya 2003 moments 
when smaller nations are shut out of the world cup? ICC please reply."" 
Frank: ""A real shame NED do not have their first string attack available..."" 
Purushottam kha: ""Replying to GC: the cricket world cup will go back to being 14 teams 
in 2027...hope to see Nepal there "" 
Sanjeev: ""The thing is cricket world cup with 10 teams will take longer to finish than Fifa 
WC with 48 teams. FIFA has more than 200 teams to select the 48 teams whereas ICC 
has only 60 out of which 26 teams are playing regularly. Come on WC is an elite stage. 
Can't take everyone there.""",11.6,0,0.0,"Vikramjit Singh to Ervine, no run  .A little short with little bit of away seam movement outside off, bunted down the ground  .to short cover",Vikramjit Singh,Ervine,0.0,0,0,1,1,0.0,0,,0
"12.1 
• 
Floyd to Gumbie, no run 
Tossed up on a full length, veering in from outside off, defended back to the bowler",12.1,0,0.0,"Floyd to Gumbie, no run  .Tossed up on a full length, veering in from outside off, defended back to the bowler",Floyd,Gumbie,0.0,0,0,1,1,0.0,0,,0
"12.2 
• 
Floyd to Gumbie, no run 
Flighted on the pads, flicked away to the leg side",12.2,0,0.0,"Floyd to Gumbie, no run  .Flighted on the pads, flicked away to the leg side",Floyd,Gumbie,0.0,0,0,1,1,0.0,0,,0
"12.3 
1 
Floyd to Gumbie, 1 run 
Round the wicket, tossed right up to the toes, brings the broom out and nails the sweep 
to perfection but there is a fielder at deep square for this shot",12.3,1,1.0,"Floyd to Gumbie, 1 run  .Round the wicket, tossed right up to the toes, brings the broom out and nails the sweep  .to perfection but there is a fielder at deep square for this shot",Floyd,Gumbie,1.0,0,0,1,1,1.0,0,,1
"12.4 
1 
Floyd to Ervine, 1 run 
Flighted delivery from over the wicket, full outside off and he prods it down to wide long-
on to bring up his 19th half-century, it has been a sublime knock and once again he has 
provided Zimbabwe with a stable start",12.4,1,1.0,"Floyd to Ervine, 1 run  .Flighted delivery from over the wicket, full outside off and he prods it down to wide long- .on to bring up his 19th half-century, it has been a sublime knock and once again he has  .provided Zimbabwe with a stable start",Floyd,Ervine,1.0,0,0,1,1,1.0,0,,1
"12.5 
4 
Floyd to Gumbie, FOUR runs 
Deft touch! Picks up the fuller length early and pans it to third man boundary, inverses 
his stance and beats the man next to the keeper with ease. Good improvisation",12.5,4,4.0,"Floyd to Gumbie, FOUR runs  .Deft touch! Picks up the fuller length early and pans it to third man boundary, inverses  .his stance and beats the man next to the keeper with ease. Good improvisation",Floyd,Gumbie,4.0,1,0,1,1,4.0,0,,1
"12.6 
1 
Floyd to Gumbie, 1 run 
Firmly driven down the ground to long-off and he jogs through a run 
end of over 137 runs  
ZIM: 79/0CRR: 6.07 • RRR: 6.40 • Need 237 runs from 37 overs 
Joylord Gumbie22 (32b 3x4) 
Craig Ervine50 (46b 9x4) 
Clayton Floyd 1-0-7-0 
Vikramjit Singh 2-0-12-0",12.6,1,1.0,"Floyd to Gumbie, 1 run  .Firmly driven down the ground to long-off and he jogs through a run",Floyd,Gumbie,1.0,0,0,1,1,1.0,0,,1
"13.1 
1 
Vikramjit Singh to Gumbie, 1 run 
Back of a length, climbing steeply off the deck but well wide of off, rode the bounce well 
and steered it down to wide third man",13.1,1,1.0,"Vikramjit Singh to Gumbie, 1 run  .Back of a length, climbing steeply off the deck but well wide of off, rode the bounce well  .and steered it down to wide third man",Vikramjit Singh,Gumbie,1.0,0,0,1,1,1.0,0,,1
"13.2 
• 
Vikramjit Singh to Ervine, no run 
Shortish and holds its line on middle, he is camped deep back in his crease and blocks 
it right under his eyes",13.2,0,0.0,"Vikramjit Singh to Ervine, no run  .Shortish and holds its line on middle, he is camped deep back in his crease and blocks  .it right under his eyes",Vikramjit Singh,Ervine,0.0,0,0,1,1,0.0,0,,0
"13.3 
W 
Vikramjit Singh to Ervine, OUT 
Getting a bit too audacious, shuffles across the line and miscues it down to Floyd at 
mid-on position, he takes an absolute stunner while charging in, goes airborne and 
plucks it out of thin air. Vikram gets the big fish and this is exactly what Netherlands 
required at this stage, was too early through the shot and got the cue-end of the bat 
Craig Ervine c Floyd b Vikramjit Singh 50 (48b 9x4 0x6 54m) SR: 104.16",13.3,W,0.0,"Vikramjit Singh to Ervine, OUT  .Getting a bit too audacious, shuffles across the line and miscues it down to Floyd at  .mid-on position, he takes an absolute stunner while charging in, goes airborne and  .plucks it out of thin air. Vikram gets the big fish and this is exactly what Netherlands  .required at this stage, was too early through the shot and got the cue-end of the bat  .Craig Ervine c Floyd b Vikramjit Singh 50 (48b 9x4 0x6 54m) SR: 104.16",Vikramjit Singh,Ervine,0.0,0,0,1,1,0.0,1,c Floyd b Vikramjit Singh,0
"13.4 
• 
Vikramjit Singh to Williams, no run 
Round the wicket, lands it on a length around sixth stump line, glides it down to 
backward point",13.4,0,0.0,"Vikramjit Singh to Williams, no run  .Round the wicket, lands it on a length around sixth stump line, glides it down to  .backward point",Vikramjit Singh,Williams,0.0,0,0,1,1,0.0,0,,0
"13.5 
1 
Vikramjit Singh to Williams, 1 run 
Pitched up with a hint of nibble into the pads, tucked away using his fluid wrists to 
backward square",13.5,1,1.0,"Vikramjit Singh to Williams, 1 run  .Pitched up with a hint of nibble into the pads, tucked away using his fluid wrists to  .backward square",Vikramjit Singh,Williams,1.0,0,0,1,1,1.0,0,,1
"13.6 
• 
Vikramjit Singh to Gumbie, no run 
Only conceded two runs in this over and nearly got another wicket! Length ball, skiddy, 
angled in from outside off, he went hard at it and just drops inches short of the man at 
short midwicket. Excellent over, got the massive breakthrough of the centurion of the 
previous game 
end of over 142 runs • 1 wicket 
ZIM: 81/1CRR: 5.78 • RRR: 6.52 • Need 235 runs from 36 overs 
Joylord Gumbie23 (34b 3x4) 
Sean Williams1 (2b) 
Vikramjit Singh 3-0-14-1 
Clayton Floyd 1-0-7-0",13.6,0,0.0,"Vikramjit Singh to Gumbie, no run  .Only conceded two runs in this over and nearly got another wicket! Length ball, skiddy,  .angled in from outside off, he went hard at it and just drops inches short of the man at  .short midwicket. Excellent over, got the massive breakthrough of the centurion of the  .previous game",Vikramjit Singh,Gumbie,0.0,0,0,1,1,0.0,0,,0
"14.1 
1 
Floyd to Williams, 1 run 
Tossed up, floating like a dandelion seed on a length, spins in from outside off, worked 
through square leg for a run, denies the second run",14.1,1,1.0,"Floyd to Williams, 1 run  .Tossed up, floating like a dandelion seed on a length, spins in from outside off, worked  .through square leg for a run, denies the second run",Floyd,Williams,1.0,0,0,1,1,1.0,0,,1
"14.2 
• 
Floyd to Gumbie, no run 
Wanders down the leg side to make room but cannot play the late cut well, lands away 
from the first slip",14.2,0,0.0,"Floyd to Gumbie, no run  .Wanders down the leg side to make room but cannot play the late cut well, lands away  .from the first slip",Floyd,Gumbie,0.0,0,0,1,1,0.0,0,,0
"14.3 
• 
Floyd to Gumbie, no run 
Tries a reverse sweep but cannot execute properly, ball dies down towards the off side",14.3,0,0.0,"Floyd to Gumbie, no run  .Tries a reverse sweep but cannot execute properly, ball dies down towards the off side",Floyd,Gumbie,0.0,0,0,1,1,0.0,0,,0
"14.4 
1 
Floyd to Gumbie, 1 run 
Round the wicket, lobbed up, gave it a lot of air, spinning towards middle and leg, 
heaves it into the leg side, cries of catch it but it lands in the peninsula between deep 
midwicket and long on",14.4,1,1.0,"Floyd to Gumbie, 1 run  .Round the wicket, lobbed up, gave it a lot of air, spinning towards middle and leg,  .heaves it into the leg side, cries of catch it but it lands in the peninsula between deep  .midwicket and long on",Floyd,Gumbie,1.0,0,0,1,1,1.0,0,,1
"14.5 
4 
Floyd to Williams, FOUR runs 
Lovely hit, poise and class personified! Lifts it over mid-off for a boundary, got to the 
pitch of the ball quickly and timed the pants off it",14.5,4,4.0,"Floyd to Williams, FOUR runs  .Lovely hit, poise and class personified! Lifts it over mid-off for a boundary, got to the  .pitch of the ball quickly and timed the pants off it",Floyd,Williams,4.0,1,0,1,1,4.0,0,,1
"14.6 
• 
Floyd to Williams, no run 
Finishes the over with a dot, flighted delivery on a length and it spins back from outside 
off, slammed back to the bowler 
end of over 156 runs  
ZIM: 87/1CRR: 5.80 • RRR: 6.54 • Need 229 runs from 35 overs 
Sean Williams6 (5b 1x4) 
Joylord Gumbie24 (37b 3x4) 
Clayton Floyd 2-0-13-0 
Vikramjit Singh 3-0-14-1",14.6,0,0.0,"Floyd to Williams, no run  .Finishes the over with a dot, flighted delivery on a length and it spins back from outside  .off, slammed back to the bowler",Floyd,Williams,0.0,0,0,1,1,0.0,0,,0
"15.1 
• 
Vikramjit Singh to Gumbie, no run 
On a length around the line off, forward press and cannot find the gap on this occasion",15.1,0,0.0,"Vikramjit Singh to Gumbie, no run  .On a length around the line off, forward press and cannot find the gap on this occasion",Vikramjit Singh,Gumbie,0.0,0,0,1,1,0.0,0,,0
"15.2 
• 
Vikramjit Singh to Gumbie, no run 
Puts on the dancing shoes to create his own length and mistimes the shot, oh my word! 
Another chance gone begging, mid-on drops a sitter, that's the second drop! How costly 
will this error be?",15.2,0,0.0,"Vikramjit Singh to Gumbie, no run  .Puts on the dancing shoes to create his own length and mistimes the shot, oh my word!  .Another chance gone begging, mid-on drops a sitter, that's the second drop! How costly  .will this error be?",Vikramjit Singh,Gumbie,0.0,0,0,1,1,0.0,0,,0
"15.3 
4 
Vikramjit Singh to Gumbie, FOUR runs 
Superb placement, steps across and scoops it over the keeper's head for a four, salting 
on Netherlands wounds.",15.3,4,4.0,"Vikramjit Singh to Gumbie, FOUR runs  .Superb placement, steps across and scoops it over the keeper's head for a four, salting  .on Netherlands wounds.",Vikramjit Singh,Gumbie,4.0,1,0,1,1,4.0,0,,1
"15.4 
1 
Vikramjit Singh to Gumbie, 1 run 
On a length, angled into the body, makes room and muscles this aerially to backward 
square who runs across to gather the ball",15.4,1,1.0,"Vikramjit Singh to Gumbie, 1 run  .On a length, angled into the body, makes room and muscles this aerially to backward  .square who runs across to gather the ball",Vikramjit Singh,Gumbie,1.0,0,0,1,1,1.0,0,,1
"15.5 
2 
Vikramjit Singh to Williams, 2 runs 
Round the wicket, pulls his length back and bowls it too straight down the leg, clears his 
front leg and powers it away behind square on the leg side",15.5,2,2.0,"Vikramjit Singh to Williams, 2 runs  .Round the wicket, pulls his length back and bowls it too straight down the leg, clears his  .front leg and powers it away behind square on the leg side",Vikramjit Singh,Williams,2.0,0,0,1,1,2.0,0,,1
"15.6 
1 
Vikramjit Singh to Williams, 1 run 
Drops short on the legs, stays back and flaps it away to deep square for a run 
end of over 168 runs  
ZIM: 95/1CRR: 5.93 • RRR: 6.50 • Need 221 runs from 34 overs 
Sean Williams9 (7b 1x4) 
Joylord Gumbie29 (41b 4x4) 
Vikramjit Singh 4-0-22-1 
Clayton Floyd 2-0-13-0 
David: ""With that wicket goes all the hope of a win"" 
Shoaib Alam: ""GC: ""World cup soccer is expanding from 32 teams to 48 teams. Cricket 
world cup is shrinking to only 10 teams. Why ICC why""ESA: "" I guess that in FIFA games, 
due to the less duration of the game, the percentage of upset became more, whereas in 
cricket specially in the 50 over format, the duration of game is more and subsequently 
the percentage and chances of upset are less. Due to this low percentage of chances, 
the presence associate teams makes most of the games one sided and boring."" 
Alan: ""Gumbie riding his luck on dropped catches. He deserves the luck after the 
questionable lbw last game.""",15.6,1,1.0,"Vikramjit Singh to Williams, 1 run  .Drops short on the legs, stays back and flaps it away to deep square for a run",Vikramjit Singh,Williams,1.0,0,0,1,1,1.0,0,,1
"16.1 
6 
Dutt to Williams, SIX runs 
Round the wicket, tossed up, too full and pounded back over the bowler's head for a 
huuuuuuuuuuuuge six! That left a dent Middled nicely",16.1,6,6.0,"Dutt to Williams, SIX runs  .Round the wicket, tossed up, too full and pounded back over the bowler's head for a  .huuuuuuuuuuuuge six! That left a dent Middled nicely",Dutt,Williams,6.0,0,1,1,1,6.0,0,,1
"16.2 
1 
Dutt to Williams, 1 run 
Zips it in quicker on a fullish length on middle, plonks it downtown, mid-on swoops to 
his right to intercept the ball as they scurry through a run",16.2,1,1.0,"Dutt to Williams, 1 run  .Zips it in quicker on a fullish length on middle, plonks it downtown, mid-on swoops to  .his right to intercept the ball as they scurry through a run",Dutt,Williams,1.0,0,0,1,1,1.0,0,,1
"16.3 
1 
Dutt to Gumbie, 1 run 
Extra cover goes deep. Drags it shorter outside off, he steps across to play a scoop, hits 
him high on the blade",16.3,1,1.0,"Dutt to Gumbie, 1 run  .Extra cover goes deep. Drags it shorter outside off, he steps across to play a scoop, hits  .him high on the blade",Dutt,Gumbie,1.0,0,0,1,1,1.0,0,,1
"16.4 
1 
Dutt to Williams, 1 run 
Round the wicket, shorter and veering in from outside off, plays with the spin towards 
square leg for a run",16.4,1,1.0,"Dutt to Williams, 1 run  .Round the wicket, shorter and veering in from outside off, plays with the spin towards  .square leg for a run",Dutt,Williams,1.0,0,0,1,1,1.0,0,,1
"16.5 
• 
Dutt to Gumbie, no run 
Fires it on a full length on sixth stump line, he leans out and jams it away to short cover",16.5,0,0.0,"Dutt to Gumbie, no run  .Fires it on a full length on sixth stump line, he leans out and jams it away to short cover",Dutt,Gumbie,0.0,0,0,1,1,0.0,0,,0
"16.6 
• 
Dutt to Gumbie, no run 
Quick through the air on yorker length on sixth stump, attempts a reverse sweep and 
misses, sharp take from the keeper and it's time for a drinks break 
end of over 179 runs  
ZIM: 104/1CRR: 6.11 • RRR: 6.42 • Need 212 runs from 33 overs 
Joylord Gumbie30 (44b 4x4) 
Sean Williams17 (10b 1x4 1x6) 
Aryan Dutt 5-1-25-0 
Vikramjit Singh 4-0-22-1 
Those dropped catches will haunt Netherlands later. They have been a little sloppy in 
the field. You can't afford to drop sitters in a major tournament",16.6,0,0.0,"Dutt to Gumbie, no run  .Quick through the air on yorker length on sixth stump, attempts a reverse sweep and  .misses, sharp take from the keeper and it's time for a drinks break",Dutt,Gumbie,0.0,0,0,1,1,0.0,0,,0
"17.1 
4 
Vikramjit Singh to Williams, FOUR runs 
On a length outside off, pummels it away past extra cover for another boundary, beats 
the diving fielder in the ring and it flutters away to the rope. Timed it very sweetly",17.1,4,4.0,"Vikramjit Singh to Williams, FOUR runs  .On a length outside off, pummels it away past extra cover for another boundary, beats  .the diving fielder in the ring and it flutters away to the rope. Timed it very sweetly",Vikramjit Singh,Williams,4.0,1,0,1,1,4.0,0,,1
"17.2 
1 
Vikramjit Singh to Williams, 1 run 
A touch short and outside off, slinks back and slices it away to deep point for a run",17.2,1,1.0,"Vikramjit Singh to Williams, 1 run  .A touch short and outside off, slinks back and slices it away to deep point for a run",Vikramjit Singh,Williams,1.0,0,0,1,1,1.0,0,,1
"17.3 
1w 
Vikramjit Singh to Gumbie, 1 wide 
Lands it on a full length outside the tramline on the leg side",17.3,1w,1.0,"Vikramjit Singh to Gumbie, 1 wide  .Lands it on a full length outside the tramline on the leg side",Vikramjit Singh,Gumbie,0.0,0,0,0,0,1.0,0,,1
"17.3 
• 
Vikramjit Singh to Gumbie, no run 
Backs away to create room and boshes it down to cover point",17.3,0,0.0,"Vikramjit Singh to Gumbie, no run  .Backs away to create room and boshes it down to cover point",Vikramjit Singh,Gumbie,0.0,0,0,1,1,0.0,0,,0
"17.4 
1w 
Vikramjit Singh to Gumbie, 1 wide 
Saw him wandering down the leg side and kept it outside his range, but landed outside 
the guidelines outside off, idea was right, execution not quite perfect",17.4,1w,1.0,"Vikramjit Singh to Gumbie, 1 wide  .Saw him wandering down the leg side and kept it outside his range, but landed outside  .the guidelines outside off, idea was right, execution not quite perfect",Vikramjit Singh,Gumbie,0.0,0,0,0,0,1.0,0,,1
"17.4 
• 
Vikramjit Singh to Gumbie, no run 
On a length, wicket-to-wicket stuff, blocked back to the bowler",17.4,0,0.0,"Vikramjit Singh to Gumbie, no run  .On a length, wicket-to-wicket stuff, blocked back to the bowler",Vikramjit Singh,Gumbie,0.0,0,0,1,1,0.0,0,,0
"17.5 
• 
Vikramjit Singh to Gumbie, no run 
Good length, outside off, makes room and jam it to point",17.5,0,0.0,"Vikramjit Singh to Gumbie, no run  .Good length, outside off, makes room and jam it to point",Vikramjit Singh,Gumbie,0.0,0,0,1,1,0.0,0,,0
"17.6 
4 
Vikramjit Singh to Gumbie, FOUR runs 
Poor delivery and duly dispatched! Short and sprays it down the leg side, he shimmies 
across, makes room, clears his front leg and just helps it on its way to fine leg boundary, 
clears the keeper who jumped in vain 
end of over 1811 runs  
ZIM: 115/1CRR: 6.38 • RRR: 6.28 • Need 201 runs from 32 overs 
Joylord Gumbie34 (48b 5x4) 
Sean Williams22 (12b 2x4 1x6) 
Vikramjit Singh 5-0-33-1 
Aryan Dutt 5-1-25-0",17.6,4,4.0,"Vikramjit Singh to Gumbie, FOUR runs  .Poor delivery and duly dispatched! Short and sprays it down the leg side, he shimmies  .across, makes room, clears his front leg and just helps it on its way to fine leg boundary,  .clears the keeper who jumped in vain",Vikramjit Singh,Gumbie,4.0,1,0,1,1,4.0,0,,1
"18.1 
1 
Shariz Ahmad to Williams, 1 run 
Dangles a fuller legbreak on leg stump, stretches forward and plays the conventional 
sweep well, protection in the deep and the fielder keeps it down to one",18.1,1,1.0,"Shariz Ahmad to Williams, 1 run  .Dangles a fuller legbreak on leg stump, stretches forward and plays the conventional  .sweep well, protection in the deep and the fielder keeps it down to one",Shariz Ahmad,Williams,1.0,0,0,1,1,1.0,0,,1
"18.2 
1 
Shariz Ahmad to Gumbie, 1 run 
Floated up on a length just outside off, plants his front leg and eases a sweep to deep 
square",18.2,1,1.0,"Shariz Ahmad to Gumbie, 1 run  .Floated up on a length just outside off, plants his front leg and eases a sweep to deep  .square",Shariz Ahmad,Gumbie,1.0,0,0,1,1,1.0,0,,1
"18.3 
• 
Shariz Ahmad to Williams, no run 
Tossed up, drifts and turns away slightly, he lunges forward and swipes it down the 
ground, mid-off cuts it off",18.3,0,0.0,"Shariz Ahmad to Williams, no run  .Tossed up, drifts and turns away slightly, he lunges forward and swipes it down the  .ground, mid-off cuts it off",Shariz Ahmad,Williams,0.0,0,0,1,1,0.0,0,,0
"18.4 
4 
Shariz Ahmad to Williams, FOUR runs 
Filthy half-tracker on the pads, deserved to be hit, he rocks back and smothers it past 
square leg, fielder in the deep puts in a despairing dive but cannot flick the ball back 
inside the rope",18.4,4,4.0,"Shariz Ahmad to Williams, FOUR runs  .Filthy half-tracker on the pads, deserved to be hit, he rocks back and smothers it past  .square leg, fielder in the deep puts in a despairing dive but cannot flick the ball back  .inside the rope",Shariz Ahmad,Williams,4.0,1,0,1,1,4.0,0,,1
"18.5 
2 
Shariz Ahmad to Williams, 2 runs 
Nice maneuvering of the ball into the gaps, leans back and clips it away into the acreage 
at midwicket",18.5,2,2.0,"Shariz Ahmad to Williams, 2 runs  .Nice maneuvering of the ball into the gaps, leans back and clips it away into the acreage  .at midwicket",Shariz Ahmad,Williams,2.0,0,0,1,1,2.0,0,,1
"18.6 
4 
Shariz Ahmad to Williams, FOUR runs 
Dangles a fuller legbreak on off stump, marvelously fashioned four. Waited a touch and 
then humps it over mid-off for a boundary, one bounce over the rope. Overpitched 
delivery and he picked the length quickly 
Glorious batting 
end of over 1912 runs  
ZIM: 127/1CRR: 6.68 • RRR: 6.09 • Need 189 runs from 31 overs 
Sean Williams33 (17b 4x4 1x6) 
Joylord Gumbie35 (49b 5x4) 
Shariz Ahmad 1-0-12-0 
Vikramjit Singh 5-0-33-1",18.6,4,4.0,"Shariz Ahmad to Williams, FOUR runs  .Dangles a fuller legbreak on off stump, marvelously fashioned four. Waited a touch and  .then humps it over mid-off for a boundary, one bounce over the rope. Overpitched  .delivery and he picked the length quickly  .Glorious batting",Shariz Ahmad,Williams,4.0,1,0,1,1,4.0,0,,1
"19.1 
1 
de Leede to Gumbie, 1 run 
Shortens his length, floating outside off, he waits and waits before running it down to 
third man",19.1,1,1.0,"de Leede to Gumbie, 1 run  .Shortens his length, floating outside off, he waits and waits before running it down to  .third man",de Leede,Gumbie,1.0,0,0,1,1,1.0,0,,1
"19.2 
1 
de Leede to Williams, 1 run 
Round the wicket, fuller and outside off, squirted down to deep backward point and 
continues to tick the scoreboard nicely.",19.2,1,1.0,"de Leede to Williams, 1 run  .Round the wicket, fuller and outside off, squirted down to deep backward point and  .continues to tick the scoreboard nicely.",de Leede,Williams,1.0,0,0,1,1,1.0,0,,1
"19.3 
1 
de Leede to Gumbie, 1 run 
Length ball, outside off, glides it past backward point and deep third man runs across to 
gather the ball. Fifty partnership up, looking threatening",19.3,1,1.0,"de Leede to Gumbie, 1 run  .Length ball, outside off, glides it past backward point and deep third man runs across to  .gather the ball. Fifty partnership up, looking threatening",de Leede,Gumbie,1.0,0,0,1,1,1.0,0,,1
"19.4 
4 
de Leede to Williams, FOUR runs 
Drilled away to midwicket boundary with disdain! Back of a length, slanting across off, 
he gets on top of the bounce and smashes it front of square. That's a difficult but he 
nailed it to perfection",19.4,4,4.0,"de Leede to Williams, FOUR runs  .Drilled away to midwicket boundary with disdain! Back of a length, slanting across off,  .he gets on top of the bounce and smashes it front of square. That's a difficult but he  .nailed it to perfection",de Leede,Williams,4.0,1,0,1,1,4.0,0,,1
"19.5 
• 
de Leede to Williams, no run 
On a length with a hint of wobble outside off, chops it away to point.",19.5,0,0.0,"de Leede to Williams, no run  .On a length with a hint of wobble outside off, chops it away to point.",de Leede,Williams,0.0,0,0,1,1,0.0,0,,0
"19.6 
4 
de Leede to Williams, FOUR runs 
Finishes the over on a high, hits his sixth boundary, a poor delivery on the pads and he 
doesn't need any second invitation, pulls it away insolently, beats the diving fielder at 
deep backward square 
end of over 2011 runs  
ZIM: 138/1CRR: 6.90 • RRR: 5.93 • Need 178 runs from 30 overs 
Sean Williams42 (21b 6x4 1x6) 
Joylord Gumbie37 (51b 5x4) 
Bas de Leede 3-0-26-0 
Shariz Ahmad 1-0-12-0 
So we're heading into a crucial period here. The longer this partnership continues, 
especially at the rate Williams is going, this game could be fast be out of the 
Netherlands' reach. The Dutch need a breakthrough fast",19.6,4,4.0,"de Leede to Williams, FOUR runs  .Finishes the over on a high, hits his sixth boundary, a poor delivery on the pads and he  .doesn't need any second invitation, pulls it away insolently, beats the diving fielder at  .deep backward square",de Leede,Williams,4.0,1,0,1,1,4.0,0,,1
"20.1 
• 
Shariz Ahmad to Gumbie, no run 
misses out on the sweep to one that's quick and full",20.1,0,0.0,"Shariz Ahmad to Gumbie, no run  .misses out on the sweep to one that's quick and full",Shariz Ahmad,Gumbie,0.0,0,0,1,1,0.0,0,,0
"20.2 
1 
Shariz Ahmad to Gumbie, 1 run 
goes back to this length ball and slaps it in front of square on the offside for one",20.2,1,1.0,"Shariz Ahmad to Gumbie, 1 run  .goes back to this length ball and slaps it in front of square on the offside for one",Shariz Ahmad,Gumbie,1.0,0,0,1,1,1.0,0,,1
"20.3 
1 
Shariz Ahmad to Williams, 1 run 
length on the pads, easily worked behind square for a single 
Alby: ""Could these four overs have flipped the game around?"" Certainly the momentum 
has shifted markedly",20.3,1,1.0,"Shariz Ahmad to Williams, 1 run  .length on the pads, easily worked behind square for a single",Shariz Ahmad,Williams,1.0,0,0,1,1,1.0,0,,1
"20.4 
2 
Shariz Ahmad to Gumbie, 2 runs 
tossed up on the stumps, gets a massive stride in and sweeps this too the left of short 
fine leg",20.4,2,2.0,"Shariz Ahmad to Gumbie, 2 runs  .tossed up on the stumps, gets a massive stride in and sweeps this too the left of short  .fine leg",Shariz Ahmad,Gumbie,2.0,0,0,1,1,2.0,0,,1
"20.5 
W 
Shariz Ahmad to Gumbie, OUT 
Gets the breakthrough! And Gumbie's luck finally runs out! This was the googly, pushed 
through flatter and quicker on a length. Gumbie doesn't pick it as he goes back and gets 
cramped for space. Looks to cut it, but along with it keeping a touch low, only manages 
to chop it on 
Joylord Gumbie b Shariz Ahmad 40 (55b 5x4 0x6 89m) SR: 72.72 
Wesley Madhevere is the new man in",20.5,W,0.0,"Shariz Ahmad to Gumbie, OUT  .Gets the breakthrough! And Gumbie's luck finally runs out! This was the googly, pushed  .through flatter and quicker on a length. Gumbie doesn't pick it as he goes back and gets  .cramped for space. Looks to cut it, but along with it keeping a touch low, only manages  .to chop it on  .Joylord Gumbie b Shariz Ahmad 40 (55b 5x4 0x6 89m) SR: 72.72",Shariz Ahmad,Gumbie,0.0,0,0,1,1,0.0,1,b Shariz Ahmad,0
"20.6 
1 
Shariz Ahmad to Madhevere, 1 run 
tossed up, driven easily down to long-off 
end of over 215 runs • 1 wicket 
ZIM: 143/2CRR: 6.80 • RRR: 5.96 • Need 173 runs from 29 overs 
Wessly Madhevere1 (1b) 
Sean Williams43 (22b 6x4 1x6) 
Shariz Ahmad 2-0-17-1 
Bas de Leede 3-0-26-0 
Rawffe: ""Well, the JoyLord's gone, now who's gonna bring the joy to this game."" You've 
been watching Williams play lately?",20.6,1,1.0,"Shariz Ahmad to Madhevere, 1 run  .tossed up, driven easily down to long-off",Shariz Ahmad,Madhevere,1.0,0,0,1,1,1.0,0,,1
"21.1 
1 
de Leede to Madhevere, 1 run 
short ball, pulled easily to deep square leg 
around the wicket to Williams",21.1,1,1.0,"de Leede to Madhevere, 1 run  .short ball, pulled easily to deep square leg  .around the wicket to Williams",de Leede,Madhevere,1.0,0,0,1,1,1.0,0,,1
"21.2 
1 
de Leede to Williams, 1 run 
attempted yorker, doesn't quite find the length. Clipped off the pads down to deep 
square leg",21.2,1,1.0,"de Leede to Williams, 1 run  .attempted yorker, doesn't quite find the length. Clipped off the pads down to deep  .square leg",de Leede,Williams,1.0,0,0,1,1,1.0,0,,1
"21.3 
• 
de Leede to Madhevere, no run 
short of a length on off, makes a bit of room and pushes this towards point",21.3,0,0.0,"de Leede to Madhevere, no run  .short of a length on off, makes a bit of room and pushes this towards point",de Leede,Madhevere,0.0,0,0,1,1,0.0,0,,0
"21.4 
4 
de Leede to Madhevere, FOUR runs 
Pulled handsomely in front of square! Picks the length nice and early and is ready for 
this short ball.",21.4,4,4.0,"de Leede to Madhevere, FOUR runs  .Pulled handsomely in front of square! Picks the length nice and early and is ready for  .this short ball.",de Leede,Madhevere,4.0,1,0,1,1,4.0,0,,1
"21.5 
1 
de Leede to Madhevere, 1 run 
length outside off, cut down to third man for one. 150 up for Zimbabwe. 
around the wicket",21.5,1,1.0,"de Leede to Madhevere, 1 run  .length outside off, cut down to third man for one. 150 up for Zimbabwe.  .around the wicket",de Leede,Madhevere,1.0,0,0,1,1,1.0,0,,1
"21.6 
• 
de Leede to Williams, no run 
good length, angled in. Worked towards square leg 
end of over 227 runs  
ZIM: 150/2CRR: 6.81 • RRR: 5.92 • Need 166 runs from 28 overs 
Sean Williams44 (24b 6x4 1x6) 
Wessly Madhevere7 (5b 1x4) 
Bas de Leede 4-0-33-0 
Shariz Ahmad 2-0-17-1 
Tsikire: ""It is now clear as daylight that the KEY to this game = Williams""",21.6,0,0.0,"de Leede to Williams, no run  .good length, angled in. Worked towards square leg",de Leede,Williams,0.0,0,0,1,1,0.0,0,,0
"22.1 
1 
Shariz Ahmad to Madhevere, 1 run 
good length outside off, gets forward and pushes this square in front of point for one",22.1,1,1.0,"Shariz Ahmad to Madhevere, 1 run  .good length outside off, gets forward and pushes this square in front of point for one",Shariz Ahmad,Madhevere,1.0,0,0,1,1,1.0,0,,1
"22.2 
4 
Shariz Ahmad to Williams, FOUR runs 
Bang! You can't be tossing it up like that to Williams in this mood. Launches straight 
over mid-off. Two bounces and four",22.2,4,4.0,"Shariz Ahmad to Williams, FOUR runs  .Bang! You can't be tossing it up like that to Williams in this mood. Launches straight  .over mid-off. Two bounces and four",Shariz Ahmad,Williams,4.0,1,0,1,1,4.0,0,,1
"22.3 
• 
Shariz Ahmad to Williams, no run 
good length on off, defended towards point",22.3,0,0.0,"Shariz Ahmad to Williams, no run  .good length on off, defended towards point",Shariz Ahmad,Williams,0.0,0,0,1,1,0.0,0,,0
"22.4 
1 
Shariz Ahmad to Williams, 1 run 
short of a length on the pads, worked behind square leg for one 
tjrp: ""and Raza is yet to come...""",22.4,1,1.0,"Shariz Ahmad to Williams, 1 run  .short of a length on the pads, worked behind square leg for one",Shariz Ahmad,Williams,1.0,0,0,1,1,1.0,0,,1
"22.5 
1 
Shariz Ahmad to Madhevere, 1 run 
full on middle and leg, gets the front foot out of the way and drives it along the ground 
down to long-on",22.5,1,1.0,"Shariz Ahmad to Madhevere, 1 run  .full on middle and leg, gets the front foot out of the way and drives it along the ground  .down to long-on",Shariz Ahmad,Madhevere,1.0,0,0,1,1,1.0,0,,1
"22.6 
1 
Shariz Ahmad to Williams, 1 run 
short of a length googly, Williams stays back and slaps this down to mid-on. And that's 
fifty up for Williams! His 34th in ODIs. 
end of over 238 runs  
ZIM: 158/2CRR: 6.86 • RRR: 5.85 • Need 158 runs from 27 overs 
Sean Williams50 (28b 7x4 1x6) 
Wessly Madhevere9 (7b 1x4) 
Shariz Ahmad 3-0-25-1 
Bas de Leede 4-0-33-0 
Sundar: ""Whoever may be having the momentum, the crowd is having an absolute ball."" 
Here's Clayton Floyd with his left-arm orthodox",22.6,1,1.0,"Shariz Ahmad to Williams, 1 run  .short of a length googly, Williams stays back and slaps this down to mid-on. And that's  .fifty up for Williams! His 34th in ODIs.",Shariz Ahmad,Williams,1.0,0,0,1,1,1.0,0,,1
"23.1 
1 
Floyd to Williams, 1 run 
length ball from over the wicket, pushed through flat. Williams gets back and eases this 
down towards square leg 
around the wicket now",23.1,1,1.0,"Floyd to Williams, 1 run  .length ball from over the wicket, pushed through flat. Williams gets back and eases this  .down towards square leg  .around the wicket now",Floyd,Williams,1.0,0,0,1,1,1.0,0,,1
"23.2 
• 
Floyd to Madhevere, no run 
good length on the stumps and straightening. Worked straight to midwicket",23.2,0,0.0,"Floyd to Madhevere, no run  .good length on the stumps and straightening. Worked straight to midwicket",Floyd,Madhevere,0.0,0,0,1,1,0.0,0,,0
"23.3 
• 
Floyd to Madhevere, no run 
good length on off, back foot punch to cover",23.3,0,0.0,"Floyd to Madhevere, no run  .good length on off, back foot punch to cover",Floyd,Madhevere,0.0,0,0,1,1,0.0,0,,0
"23.4 
1 
Floyd to Madhevere, 1 run 
Another chances goes begging! Madhevere goes for the big sweep and gets a top edge 
that goes high, but mid-on runs across and has to put in a dive. But he can't hold on. He 
might have been distracted too by long-off running in.",23.4,1,1.0,"Floyd to Madhevere, 1 run  .Another chances goes begging! Madhevere goes for the big sweep and gets a top edge  .that goes high, but mid-on runs across and has to put in a dive. But he can't hold on. He  .might have been distracted too by long-off running in.",Floyd,Madhevere,1.0,0,0,1,1,1.0,0,,1
"23.5 
2 
Floyd to Williams, 2 runs 
good length on the stumps, tucked square for a couple",23.5,2,2.0,"Floyd to Williams, 2 runs  .good length on the stumps, tucked square for a couple",Floyd,Williams,2.0,0,0,1,1,2.0,0,,1
"23.6 
• 
Floyd to Williams, no run 
this one is fired in fuller, it beats Williams and strikes the pad, but it's sliding down leg 
end of over 244 runs  
ZIM: 162/2CRR: 6.75 • RRR: 5.92 • Need 154 runs from 26 overs 
Sean Williams53 (31b 7x4 1x6) 
Wessly Madhevere10 (10b 1x4) 
Clayton Floyd 3-0-17-0 
Shariz Ahmad 3-0-25-1",23.6,0,0.0,"Floyd to Williams, no run  .this one is fired in fuller, it beats Williams and strikes the pad, but it's sliding down leg",Floyd,Williams,0.0,0,0,1,1,0.0,0,,0
"24.1 
W 
Shariz Ahmad to Madhevere, OUT 
But the drop doesn't end up costing the Dutch! This was short of a length outside off, 
and Madhevere slashes hard at this cut. Ends up slicing it straight to short third, who 
gobbles it up! 
Wessly Madhevere c Floyd b Shariz Ahmad 10 (11b 1x4 0x6 14m) SR: 90.9 
Tafadzwah: ""I cant wait to be in the Stadium on Saturday wearing my jersey and singing 
out loud. I hope Zim will win today."" 
Sanjeev: ""The crowd got O'Dowod dancing."" 
This, you feel is the key stand. Sikandar Raza enters.",24.1,W,0.0,"Shariz Ahmad to Madhevere, OUT  .But the drop doesn't end up costing the Dutch! This was short of a length outside off,  .and Madhevere slashes hard at this cut. Ends up slicing it straight to short third, who  .gobbles it up!  .Wessly Madhevere c Floyd b Shariz Ahmad 10 (11b 1x4 0x6 14m) SR: 90.9",Shariz Ahmad,Madhevere,0.0,0,0,1,1,0.0,1,c Floyd b Shariz Ahmad,0
"24.2 
1 
Shariz Ahmad to Raza, 1 run 
tossed up wide outside off, Raza takes this on the full and sweeps it down towards 
deep square leg",24.2,1,1.0,"Shariz Ahmad to Raza, 1 run  .tossed up wide outside off, Raza takes this on the full and sweeps it down towards  .deep square leg",Shariz Ahmad,Raza,1.0,0,0,1,1,1.0,0,,1
"24.3 
1 
Shariz Ahmad to Williams, 1 run 
good length on middle and leg, Shariz has his hands on his head as it looks briefly like 
this is pad first. But Willams gets the bat down in time to work it onside",24.3,1,1.0,"Shariz Ahmad to Williams, 1 run  .good length on middle and leg, Shariz has his hands on his head as it looks briefly like  .this is pad first. But Willams gets the bat down in time to work it onside",Shariz Ahmad,Williams,1.0,0,0,1,1,1.0,0,,1
"24.4 
4 
Shariz Ahmad to Raza, FOUR runs 
Smoked through the covers! This was tossed up, and Raza just blazes this drives past 
extra cover.",24.4,4,4.0,"Shariz Ahmad to Raza, FOUR runs  .Smoked through the covers! This was tossed up, and Raza just blazes this drives past  .extra cover.",Shariz Ahmad,Raza,4.0,1,0,1,1,4.0,0,,1
"24.5 
1 
Shariz Ahmad to Raza, 1 run 
Nearly gets him! This was another full toss that was swept to deep square leg. But it's 
behind square and in the air for some time. One bounce to the man",24.5,1,1.0,"Shariz Ahmad to Raza, 1 run  .Nearly gets him! This was another full toss that was swept to deep square leg. But it's  .behind square and in the air for some time. One bounce to the man",Shariz Ahmad,Raza,1.0,0,0,1,1,1.0,0,,1
"24.6 
• 
Shariz Ahmad to Williams, no run 
good length on the stumps, worked around the corner to short fine 
end of over 257 runs • 1 wicket 
ZIM: 169/3CRR: 6.76 • RRR: 5.88 • Need 147 runs from 25 overs 
Sean Williams54 (33b 7x4 1x6) 
Sikandar Raza6 (3b 1x4) 
Shariz Ahmad 4-0-32-2 
Clayton Floyd 3-0-17-0",24.6,0,0.0,"Shariz Ahmad to Williams, no run  .good length on the stumps, worked around the corner to short fine",Shariz Ahmad,Williams,0.0,0,0,1,1,0.0,0,,0
"25.1 
4 
Floyd to Raza, FOUR runs 
Fired down leg and put away! Raza is not hanging about. Just paddles this nice and fine 
as fine leg is in the circle",25.1,4,4.0,"Floyd to Raza, FOUR runs  .Fired down leg and put away! Raza is not hanging about. Just paddles this nice and fine  .as fine leg is in the circle",Floyd,Raza,4.0,1,0,1,1,4.0,0,,1
"25.2 
• 
Floyd to Raza, no run 
Better line and length. Good length outside off, pushed towards extra cover",25.2,0,0.0,"Floyd to Raza, no run  .Better line and length. Good length outside off, pushed towards extra cover",Floyd,Raza,0.0,0,0,1,1,0.0,0,,0
"25.3 
1 
Floyd to Raza, 1 run 
good length on the stumps, back foot punch down to long-on for one 
over the wicket",25.3,1,1.0,"Floyd to Raza, 1 run  .good length on the stumps, back foot punch down to long-on for one  .over the wicket",Floyd,Raza,1.0,0,0,1,1,1.0,0,,1
"25.4 
2 
Floyd to Williams, 2 runs 
length ball on middle and leg, worked down to deep midwicket for a couple",25.4,2,2.0,"Floyd to Williams, 2 runs  .length ball on middle and leg, worked down to deep midwicket for a couple",Floyd,Williams,2.0,0,0,1,1,2.0,0,,1
"25.5 
1 
Floyd to Williams, 1 run 
Battered down the ground! But well fielded by long-off, who scampers across. This was 
tossed up full, and Williams needs little invitation to drive",25.5,1,1.0,"Floyd to Williams, 1 run  .Battered down the ground! But well fielded by long-off, who scampers across. This was  .tossed up full, and Williams needs little invitation to drive",Floyd,Williams,1.0,0,0,1,1,1.0,0,,1
"25.6 
• 
Floyd to Raza, no run 
full on the stumps, scuffed drive back towards the bowler 
end of over 268 runs  
ZIM: 177/3CRR: 6.80 • RRR: 5.79 • Need 139 runs from 24 overs 
Sikandar Raza11 (7b 2x4) 
Sean Williams57 (35b 7x4 1x6) 
Clayton Floyd 4-0-25-0 
Shariz Ahmad 4-0-32-2 
Phil-in-Nigeria: ""It can't be a Zimbabwe match without talking about the crowd and 
singing...missing home already""",25.6,0,0.0,"Floyd to Raza, no run  .full on the stumps, scuffed drive back towards the bowler",Floyd,Raza,0.0,0,0,1,1,0.0,0,,0
"26.1 
1 
Shariz Ahmad to Williams, 1 run 
good length leg break, pitching on leg. Williams goes back and jabs this down towards 
deep midwicket",26.1,1,1.0,"Shariz Ahmad to Williams, 1 run  .good length leg break, pitching on leg. Williams goes back and jabs this down towards  .deep midwicket",Shariz Ahmad,Williams,1.0,0,0,1,1,1.0,0,,1
"26.2 
• 
Shariz Ahmad to Raza, no run 
good length, pitching on off an on with the arm. Goes back and punches this back 
towards the bowler",26.2,0,0.0,"Shariz Ahmad to Raza, no run  .good length, pitching on off an on with the arm. Goes back and punches this back  .towards the bowler",Shariz Ahmad,Raza,0.0,0,0,1,1,0.0,0,,0
"26.3 
6 
Shariz Ahmad to Raza, SIX runs 
Huuuuge six over midwicket! This one was a touch too short, but Raza was already 
back and waiting for. He absolutely gets a hold of this pull and hurls it over the ropes!",26.3,6,6.0,"Shariz Ahmad to Raza, SIX runs  .Huuuuge six over midwicket! This one was a touch too short, but Raza was already  .back and waiting for. He absolutely gets a hold of this pull and hurls it over the ropes!",Shariz Ahmad,Raza,6.0,0,1,1,1,6.0,0,,1
"26.4 
2 
Shariz Ahmad to Raza, 2 runs 
tossed up outside off, but no matter as Raza just sweeps this where he likes. This time 
it's towards square leg for a couple",26.4,2,2.0,"Shariz Ahmad to Raza, 2 runs  .tossed up outside off, but no matter as Raza just sweeps this where he likes. This time  .it's towards square leg for a couple",Shariz Ahmad,Raza,2.0,0,0,1,1,2.0,0,,1
"26.5 
1 
Shariz Ahmad to Raza, 1 run 
tossed up on off, driven down to long-off now for a single",26.5,1,1.0,"Shariz Ahmad to Raza, 1 run  .tossed up on off, driven down to long-off now for a single",Shariz Ahmad,Raza,1.0,0,0,1,1,1.0,0,,1
"26.6 
1 
Shariz Ahmad to Williams, 1 run 
short of a length, pulled towards deep square leg. They think about two, but wisely 
decide against 
end of over 2711 runs  
ZIM: 188/3CRR: 6.96 • RRR: 5.56 • Need 128 runs from 23 overs 
Sean Williams59 (37b 7x4 1x6) 
Sikandar Raza20 (11b 2x4 1x6) 
Shariz Ahmad 5-0-43-2 
Clayton Floyd 4-0-25-0",26.6,1,1.0,"Shariz Ahmad to Williams, 1 run  .short of a length, pulled towards deep square leg. They think about two, but wisely  .decide against",Shariz Ahmad,Williams,1.0,0,0,1,1,1.0,0,,1
"27.1 
1 
Floyd to Williams, 1 run 
length ball on off, back foot punch down to long-off",27.1,1,1.0,"Floyd to Williams, 1 run  .length ball on off, back foot punch down to long-off",Floyd,Williams,1.0,0,0,1,1,1.0,0,,1
"27.2 
6 
Floyd to Raza, SIX runs 
Raza goes big once more! These boundaries aren't big, but Raza doesn't care! It's 
tossed up, long-on is in place, but this lofted drive just keeps going and going",27.2,6,6.0,"Floyd to Raza, SIX runs  .Raza goes big once more! These boundaries aren't big, but Raza doesn't care! It's  .tossed up, long-on is in place, but this lofted drive just keeps going and going",Floyd,Raza,6.0,0,1,1,1,6.0,0,,1
"27.3 
• 
Floyd to Raza, no run 
full on middle and leg, driven back towards the bowler",27.3,0,0.0,"Floyd to Raza, no run  .full on middle and leg, driven back towards the bowler",Floyd,Raza,0.0,0,0,1,1,0.0,0,,0
"27.4 
• 
Floyd to Raza, no run 
good length just outside off, gets back and chops this towards backward point",27.4,0,0.0,"Floyd to Raza, no run  .good length just outside off, gets back and chops this towards backward point",Floyd,Raza,0.0,0,0,1,1,0.0,0,,0
"27.5 
• 
Floyd to Raza, no run 
pushed through quicker on middle and leg, swept straight at short fine",27.5,0,0.0,"Floyd to Raza, no run  .pushed through quicker on middle and leg, swept straight at short fine",Floyd,Raza,0.0,0,0,1,1,0.0,0,,0
"27.6 
1 
Floyd to Raza, 1 run 
length on off, back foot punch to the left of cover for one 
end of over 288 runs  
ZIM: 196/3CRR: 7.00 • RRR: 5.45 • Need 120 runs from 22 overs 
Sikandar Raza27 (16b 2x4 2x6) 
Sean Williams60 (38b 7x4 1x6) 
Clayton Floyd 5-0-33-0 
Shariz Ahmad 5-0-43-2 
Here's Dutt",27.6,1,1.0,"Floyd to Raza, 1 run  .length on off, back foot punch to the left of cover for one",Floyd,Raza,1.0,0,0,1,1,1.0,0,,1
"28.1 
1 
Dutt to Raza, 1 run 
short and wide to start, cut into the covers for one 
around the wicket",28.1,1,1.0,"Dutt to Raza, 1 run  .short and wide to start, cut into the covers for one  .around the wicket",Dutt,Raza,1.0,0,0,1,1,1.0,0,,1
"28.2 
1 
Dutt to Williams, 1 run 
fired in on the pads, worked around the corner for another single 
back over",28.2,1,1.0,"Dutt to Williams, 1 run  .fired in on the pads, worked around the corner for another single  .back over",Dutt,Williams,1.0,0,0,1,1,1.0,0,,1
"28.3 
1 
Dutt to Raza, 1 run 
good length on off, push and run towards point 
around",28.3,1,1.0,"Dutt to Raza, 1 run  .good length on off, push and run towards point  .around",Dutt,Raza,1.0,0,0,1,1,1.0,0,,1
"28.4 
2 
Dutt to Williams, 2 runs 
good length just outside off, driven on the up through the covers for a couple. And that 
brings up the 200 for Zimbabwe!",28.4,2,2.0,"Dutt to Williams, 2 runs  .good length just outside off, driven on the up through the covers for a couple. And that  .brings up the 200 for Zimbabwe!",Dutt,Williams,2.0,0,0,1,1,2.0,0,,1
"28.5 
• 
Dutt to Williams, no run 
good length on the stumps, defensive push back towards the bowler",28.5,0,0.0,"Dutt to Williams, no run  .good length on the stumps, defensive push back towards the bowler",Dutt,Williams,0.0,0,0,1,1,0.0,0,,0
"28.6 
4 
Dutt to Williams, FOUR runs 
Smacked down the ground! Another fantastic drive from Williams, who clears his front 
leg and lofts this straight past mid-on 
end of over 299 runs  
ZIM: 205/3CRR: 7.06 • RRR: 5.28 • Need 111 runs from 21 overs 
Sean Williams67 (42b 8x4 1x6) 
Sikandar Raza29 (18b 2x4 2x6) 
Aryan Dutt 6-1-34-0 
Clayton Floyd 5-0-33-0 
GC: ""@Shoaib Alam increasing the number of teams promotes the games to smaller 
nations. We don't want to keep on having the same countries dominating the world 
stage for centuries. And surprises do happen. Remember that Zimbabwe stunned 
Pakistan in the last T20 world cup. That brings excitement. "" 
van Beek returns",28.6,4,4.0,"Dutt to Williams, FOUR runs  .Smacked down the ground! Another fantastic drive from Williams, who clears his front  .leg and lofts this straight past mid-on",Dutt,Williams,4.0,1,0,1,1,4.0,0,,1
"29.1 
1 
van Beek to Raza, 1 run 
short of a length just outside off, goes back and across and works this behind square 
leg",29.1,1,1.0,"van Beek to Raza, 1 run  .short of a length just outside off, goes back and across and works this behind square  .leg",van Beek,Raza,1.0,0,0,1,1,1.0,0,,1
"29.2 
• 
van Beek to Williams, no run 
Beats the outside edge! This length ball goes across Williams, who's looking to guide it 
down towards third man, but can't make the connection",29.2,0,0.0,"van Beek to Williams, no run  .Beats the outside edge! This length ball goes across Williams, who's looking to guide it  .down towards third man, but can't make the connection",van Beek,Williams,0.0,0,0,1,1,0.0,0,,0
"29.3 
1 
van Beek to Williams, 1 run 
good length on off, drop and run towards short extra cover",29.3,1,1.0,"van Beek to Williams, 1 run  .good length on off, drop and run towards short extra cover",van Beek,Williams,1.0,0,0,1,1,1.0,0,,1
"29.4 
• 
van Beek to Raza, no run 
Bouncer, 131kph. Raza goes for the hook and misses.",29.4,0,0.0,"van Beek to Raza, no run  .Bouncer, 131kph. Raza goes for the hook and misses.",van Beek,Raza,0.0,0,0,1,1,0.0,0,,0
"29.5 
1 
van Beek to Raza, 1 run 
pace-off on the stumps, worked square for a quick single",29.5,1,1.0,"van Beek to Raza, 1 run  .pace-off on the stumps, worked square for a quick single",van Beek,Raza,1.0,0,0,1,1,1.0,0,,1
"29.6 
1 
van Beek to Williams, 1 run 
short of a length, pace-off, 115kph. Williams is forced to adjust his pull, ends up getting 
it down towards deep backward square for one 
end of over 304 runs  
ZIM: 209/3CRR: 6.96 • RRR: 5.35 • Need 107 runs from 20 overs 
Sean Williams69 (45b 8x4 1x6) 
Sikandar Raza31 (21b 2x4 2x6) 
Logan van Beek 5-1-28-0 
Aryan Dutt 6-1-34-0 
107 needed from 120 balls, as long as these two are here, you feel Zimbabwe have the 
game in hand",29.6,1,1.0,"van Beek to Williams, 1 run  .short of a length, pace-off, 115kph. Williams is forced to adjust his pull, ends up getting  .it down towards deep backward square for one",van Beek,Williams,1.0,0,0,1,1,1.0,0,,1
"30.1 
4 
Dutt to Williams, FOUR runs 
Finds the midwicket boundary! This was a long hop and put away, as Williams swivels 
and pulls this high in front of square leg",30.1,4,4.0,"Dutt to Williams, FOUR runs  .Finds the midwicket boundary! This was a long hop and put away, as Williams swivels  .and pulls this high in front of square leg",Dutt,Williams,4.0,1,0,1,1,4.0,0,,1
"30.2 
1 
Dutt to Williams, 1 run 
good length on the stumps, tucked behind square for one",30.2,1,1.0,"Dutt to Williams, 1 run  .good length on the stumps, tucked behind square for one",Dutt,Williams,1.0,0,0,1,1,1.0,0,,1
"30.3 
• 
Dutt to Raza, no run 
length outside off, stays back and looks to dab this past short third for one but can't 
beat the man",30.3,0,0.0,"Dutt to Raza, no run  .length outside off, stays back and looks to dab this past short third for one but can't  .beat the man",Dutt,Raza,0.0,0,0,1,1,0.0,0,,0
"30.4 
4 
Dutt to Raza, FOUR runs 
Fantastic placement! Picks this up from outside off, and bisects the two boundary 
riders with this sweep to the deep square leg ropes 
goes around the wicket now",30.4,4,4.0,"Dutt to Raza, FOUR runs  .Fantastic placement! Picks this up from outside off, and bisects the two boundary  .riders with this sweep to the deep square leg ropes  .goes around the wicket now",Dutt,Raza,4.0,1,0,1,1,4.0,0,,1
"30.5 
1 
Dutt to Raza, 1 run 
Raza makes room and looks to carve this over extra cover. Ends up slicing it high and 
safe towards sweeper cover",30.5,1,1.0,"Dutt to Raza, 1 run  .Raza makes room and looks to carve this over extra cover. Ends up slicing it high and  .safe towards sweeper cover",Dutt,Raza,1.0,0,0,1,1,1.0,0,,1
"30.6 
1 
Dutt to Williams, 1 run 
good length on off, back foot punch into the covers 
end of over 3111 runs  
ZIM: 220/3CRR: 7.09 • RRR: 5.05 • Need 96 runs from 19 overs 
Sean Williams75 (48b 9x4 1x6) 
Sikandar Raza36 (24b 3x4 2x6) 
Aryan Dutt 7-1-45-0 
Logan van Beek 5-1-28-0 
Praveen: ""I think the test nations should send their state teams to associate nations to 
play 5 day games. This will really help associates ramp up their skill and temperament. 
BCCI recently sent Karnataka to play limited overs matches with Namibia. This should 
also be extended to tests and is a great template.""",30.6,1,1.0,"Dutt to Williams, 1 run  .good length on off, back foot punch into the covers",Dutt,Williams,1.0,0,0,1,1,1.0,0,,1
"31.1 
1 
van Beek to Williams, 1 run 
short of a length on off, watches this on to the bat and pushes it through cover point for 
one",31.1,1,1.0,"van Beek to Williams, 1 run  .short of a length on off, watches this on to the bat and pushes it through cover point for  .one",van Beek,Williams,1.0,0,0,1,1,1.0,0,,1
"31.2 
1 
van Beek to Raza, 1 run 
full and straight, sliding onto the pads. Worked easily down to long-on for one",31.2,1,1.0,"van Beek to Raza, 1 run  .full and straight, sliding onto the pads. Worked easily down to long-on for one",van Beek,Raza,1.0,0,0,1,1,1.0,0,,1
"31.3 
• 
van Beek to Williams, no run 
slower ball, 105kph, wide outside off. Dug out straight to cover",31.3,0,0.0,"van Beek to Williams, no run  .slower ball, 105kph, wide outside off. Dug out straight to cover",van Beek,Williams,0.0,0,0,1,1,0.0,0,,0
"31.4 
• 
van Beek to Williams, no run 
length outside off, back foot punch to cover",31.4,0,0.0,"van Beek to Williams, no run  .length outside off, back foot punch to cover",van Beek,Williams,0.0,0,0,1,1,0.0,0,,0
"31.5 
1w 
van Beek to Williams, 1 wide 
Short, but lacking in direction as this is down leg",31.5,1w,1.0,"van Beek to Williams, 1 wide  .Short, but lacking in direction as this is down leg",van Beek,Williams,0.0,0,0,0,0,1.0,0,,1
"31.5 
1 
van Beek to Williams, 1 run 
back of a length outside off, makes room and slaps this to the right of mid-off for one",31.5,1,1.0,"van Beek to Williams, 1 run  .back of a length outside off, makes room and slaps this to the right of mid-off for one",van Beek,Williams,1.0,0,0,1,1,1.0,0,,1
"31.6 
1 
van Beek to Raza, 1 run 
short just outside off, pulled towards deep midwicket. There's a man there to gather 
end of over 325 runs  
ZIM: 225/3CRR: 7.03 • RRR: 5.05 • Need 91 runs from 18 overs 
Sikandar Raza38 (26b 3x4 2x6) 
Sean Williams77 (52b 9x4 1x6) 
Logan van Beek 6-1-33-0 
Aryan Dutt 7-1-45-0",31.6,1,1.0,"van Beek to Raza, 1 run  .short just outside off, pulled towards deep midwicket. There's a man there to gather",van Beek,Raza,1.0,0,0,1,1,1.0,0,,1
"32.1 
4 
Saqib Zulfiqar to Raza, FOUR runs 
full on the pads, and put away! Raza takes this full toss and sweeps it easily behind 
square",32.1,4,4.0,"Saqib Zulfiqar to Raza, FOUR runs  .full on the pads, and put away! Raza takes this full toss and sweeps it easily behind  .square",Saqib Zulfiqar,Raza,4.0,1,0,1,1,4.0,0,,1
"32.2 
• 
Saqib Zulfiqar to Raza, no run 
good length on off, defended",32.2,0,0.0,"Saqib Zulfiqar to Raza, no run  .good length on off, defended",Saqib Zulfiqar,Raza,0.0,0,0,1,1,0.0,0,,0
"32.3 
1 
Saqib Zulfiqar to Raza, 1 run 
short of a length outside off, cut into the covers",32.3,1,1.0,"Saqib Zulfiqar to Raza, 1 run  .short of a length outside off, cut into the covers",Saqib Zulfiqar,Raza,1.0,0,0,1,1,1.0,0,,1
"32.4 
4 
Saqib Zulfiqar to Williams, FOUR runs 
Smeared over cover! Tosses up and Williams just doesn't miss out on these does he? 
Lofts it over extra cover with consummate ease",32.4,4,4.0,"Saqib Zulfiqar to Williams, FOUR runs  .Smeared over cover! Tosses up and Williams just doesn't miss out on these does he?  .Lofts it over extra cover with consummate ease",Saqib Zulfiqar,Williams,4.0,1,0,1,1,4.0,0,,1
"32.5 
2 
Saqib Zulfiqar to Williams, 2 runs 
short of a length outside off, cut behind square for a couple",32.5,2,2.0,"Saqib Zulfiqar to Williams, 2 runs  .short of a length outside off, cut behind square for a couple",Saqib Zulfiqar,Williams,2.0,0,0,1,1,2.0,0,,1
"32.6 
6 
Saqib Zulfiqar to Williams, SIX runs 
Wowza! This was a leg break from around the wicket and Williams just plays with the 
turn. Picks this up from outside off, and muscles it high over deep midwicket! 
end of over 3317 runs  
ZIM: 242/3CRR: 7.33 • RRR: 4.35 • Need 74 runs from 17 overs 
Sean Williams89 (55b 10x4 2x6) 
Sikandar Raza43 (29b 4x4 2x6) 
Saqib Zulfiqar 1-0-17-0 
Logan van Beek 6-1-33-0 
Hello again! Zimbabwe making it look ridiculously easy, they are so comfortable batting 
in their own backyard and Netherlands look absolutely deflated by this brilliant 
partnership. This partnership has taken the wind out of their sails",32.6,6,6.0,"Saqib Zulfiqar to Williams, SIX runs  .Wowza! This was a leg break from around the wicket and Williams just plays with the  .turn. Picks this up from outside off, and muscles it high over deep midwicket!",Saqib Zulfiqar,Williams,6.0,0,1,1,1,6.0,0,,1
"33.1 
• 
Floyd to Raza, no run 
Tossed up from round the wicket, takes a few steps out of his crease and then blocks it 
back to the bowler",33.1,0,0.0,"Floyd to Raza, no run  .Tossed up from round the wicket, takes a few steps out of his crease and then blocks it  .back to the bowler",Floyd,Raza,0.0,0,0,1,1,0.0,0,,0
"33.2 
1 
Floyd to Raza, 1 run 
Lobbed up, quicker through the air, spinning away outside off, makes room and thwacks 
a cut off his toes, cover-point stops the ball",33.2,1,1.0,"Floyd to Raza, 1 run  .Lobbed up, quicker through the air, spinning away outside off, makes room and thwacks  .a cut off his toes, cover-point stops the ball",Floyd,Raza,1.0,0,0,1,1,1.0,0,,1
"33.3 
1 
Floyd to Williams, 1 run 
Lobbed up, shorter and drifting into the pads, clipped away like its his bread and butter 
to square leg and they keep motoring along",33.3,1,1.0,"Floyd to Williams, 1 run  .Lobbed up, shorter and drifting into the pads, clipped away like its his bread and butter  .to square leg and they keep motoring along",Floyd,Williams,1.0,0,0,1,1,1.0,0,,1
"33.4 
• 
Floyd to Raza, no run 
Lunges forward and dead bats it",33.4,0,0.0,"Floyd to Raza, no run  .Lunges forward and dead bats it",Floyd,Raza,0.0,0,0,1,1,0.0,0,,0
"33.5 
1 
Floyd to Raza, 1 run 
Putting a lot of revs on the ball, lands on a length and gets it to slide across off, nurdled 
away to sweeper",33.5,1,1.0,"Floyd to Raza, 1 run  .Putting a lot of revs on the ball, lands on a length and gets it to slide across off, nurdled  .away to sweeper",Floyd,Raza,1.0,0,0,1,1,1.0,0,,1
"33.6 
1 
Floyd to Williams, 1 run 
Drifting in with over the wicket angle, he stays back and knocks it down to wide long-off 
for a run 
end of over 344 runs  
ZIM: 246/3CRR: 7.23 • RRR: 4.37 • Need 70 runs from 96b 
Sean Williams91 (57b 10x4 2x6) 
Sikandar Raza45 (33b 4x4 2x6) 
Clayton Floyd 6-0-37-0 
Saqib Zulfiqar 1-0-17-0 
Khalid: ""when Raza came on the crease, I left a comment saying this pair would put up a 
great partnership and put ZIM and the driving seat! I was wrong, they in fact put ZIM in 
the flying seat and in total control instead"" 
Abhishek: ""How talented is Sean Williams and how much he has been underutilized. 
Even he would have played 5 Tests an year he would have 65 Tests to his name in 18 
year career""",33.6,1,1.0,"Floyd to Williams, 1 run  .Drifting in with over the wicket angle, he stays back and knocks it down to wide long-off  .for a run",Floyd,Williams,1.0,0,0,1,1,1.0,0,,1
"34.1 
W 
de Leede to Williams, OUT 
Spears it on a shorter length and angled into the body, he languidly moves to the leg 
side and the ball got big on him, finds himself in a tangle, goes for the pull, it gets the 
elevation but not the distance and Williams knew he miscued that shot the moment it 
thudded on the bat. He is absolutely gutted with himself as the fielder at deep backward 
square reverse cups it, as easy as you like. Leede manages to uncouple the set pair and 
here is a chance to create some panic 
Sean Williams c Nidamanuru b de Leede 91 (58b 10x4 2x6 93m) SR: 156.89",34.1,W,0.0,"de Leede to Williams, OUT  .Spears it on a shorter length and angled into the body, he languidly moves to the leg  .side and the ball got big on him, finds himself in a tangle, goes for the pull, it gets the  .elevation but not the distance and Williams knew he miscued that shot the moment it  .thudded on the bat. He is absolutely gutted with himself as the fielder at deep backward  .square reverse cups it, as easy as you like. Leede manages to uncouple the set pair and  .here is a chance to create some panic  .Sean Williams c Nidamanuru b de Leede 91 (58b 10x4 2x6 93m) SR: 156.89",de Leede,Williams,0.0,0,0,1,1,0.0,1,c Nidamanuru b de Leede,0
"34.2 
1 
de Leede to Burl, 1 run 
Banged in short, shoulder height delivery, goes back, swivels and tugs it away to deep 
backward square",34.2,1,1.0,"de Leede to Burl, 1 run  .Banged in short, shoulder height delivery, goes back, swivels and tugs it away to deep  .backward square",de Leede,Burl,1.0,0,0,1,1,1.0,0,,1
"34.3 
1 
de Leede to Raza, 1 run 
Shorter but not much, gets it to nip back a tad from middle, he tucks it into the leg side 
off the backfoot",34.3,1,1.0,"de Leede to Raza, 1 run  .Shorter but not much, gets it to nip back a tad from middle, he tucks it into the leg side  .off the backfoot",de Leede,Raza,1.0,0,0,1,1,1.0,0,,1
"34.4 
2 
de Leede to Burl, 2 runs 
Back of a length on the pads from round the wicket angle, uses the angle and works it 
away off his pads to backward square. 250 up on the board",34.4,2,2.0,"de Leede to Burl, 2 runs  .Back of a length on the pads from round the wicket angle, uses the angle and works it  .away off his pads to backward square. 250 up on the board",de Leede,Burl,2.0,0,0,1,1,2.0,0,,1
"34.5 
• 
de Leede to Burl, no run 
Short of a length delivery at an innocuous pace around the sixth stump line, he waits 
and then wafts it down to cover, a bit of a yes and no on the crease but all's well that 
ends well, brilliant diving stop inside the ring",34.5,0,0.0,"de Leede to Burl, no run  .Short of a length delivery at an innocuous pace around the sixth stump line, he waits  .and then wafts it down to cover, a bit of a yes and no on the crease but all's well that  .ends well, brilliant diving stop inside the ring",de Leede,Burl,0.0,0,0,1,1,0.0,0,,0
"34.6 
1 
de Leede to Burl, 1 run 
Just routinely hits the length and gets a hint of wobble outside off, clattered on the rise 
to cover-point 
end of over 355 runs • 1 wicket 
ZIM: 251/4CRR: 7.17 • RRR: 4.33 • Need 65 runs from 90b 
Ryan Burl4 (4b) 
Sikandar Raza46 (34b 4x4 2x6) 
Bas de Leede 5-0-38-1 
Clayton Floyd 6-0-37-0",34.6,1,1.0,"de Leede to Burl, 1 run  .Just routinely hits the length and gets a hint of wobble outside off, clattered on the rise  .to cover-point",de Leede,Burl,1.0,0,0,1,1,1.0,0,,1
"35.1 
• 
Dutt to Burl, no run 
Lobbed up from round the wicket angle, goes on with the arm towards middle and leg, 
steps to the on side and bunts it away to short midwicket",35.1,0,0.0,"Dutt to Burl, no run  .Lobbed up from round the wicket angle, goes on with the arm towards middle and leg,  .steps to the on side and bunts it away to short midwicket",Dutt,Burl,0.0,0,0,1,1,0.0,0,,0
"35.2 
• 
Dutt to Burl, no run 
Fired in on a length, turning in from outside off, wanders down the leg side and squirts it 
away to cover",35.2,0,0.0,"Dutt to Burl, no run  .Fired in on a length, turning in from outside off, wanders down the leg side and squirts it  .away to cover",Dutt,Burl,0.0,0,0,1,1,0.0,0,,0
"35.3 
• 
Dutt to Burl, no run 
Slinks forward and forces it down to mid-on",35.3,0,0.0,"Dutt to Burl, no run  .Slinks forward and forces it down to mid-on",Dutt,Burl,0.0,0,0,1,1,0.0,0,,0
"35.4 
3 
Dutt to Burl, 3 runs 
Emphatic hit into the covers, dropped a little short and spins away a little outside off, he 
plinks it out to deep cover, valiant effort in the deep saves a certain boundary.",35.4,3,3.0,"Dutt to Burl, 3 runs  .Emphatic hit into the covers, dropped a little short and spins away a little outside off, he  .plinks it out to deep cover, valiant effort in the deep saves a certain boundary.",Dutt,Burl,3.0,0,0,1,1,3.0,0,,1
"35.5 
1 
Dutt to Raza, 1 run 
Goes back deep in his crease and glances it away to backward square for a run",35.5,1,1.0,"Dutt to Raza, 1 run  .Goes back deep in his crease and glances it away to backward square for a run",Dutt,Raza,1.0,0,0,1,1,1.0,0,,1
"35.6 
1 
Dutt to Burl, 1 run 
Round the wicket, tossed up right up to his toes on middle and leg, parried to midwicket 
off the backfoot 
end of over 365 runs  
ZIM: 256/4CRR: 7.11 • RRR: 4.28 • Need 60 runs from 84b 
Ryan Burl8 (9b) 
Sikandar Raza47 (35b 4x4 2x6) 
Aryan Dutt 8-1-50-0 
Bas de Leede 5-0-38-1",35.6,1,1.0,"Dutt to Burl, 1 run  .Round the wicket, tossed up right up to his toes on middle and leg, parried to midwicket  .off the backfoot",Dutt,Burl,1.0,0,0,1,1,1.0,0,,1
"36.1 
1 
de Leede to Burl, 1 run 
Round the wicket, drags his length back, offers width outside off, nicely cut away to 
deep backward point, got on top of the bounce and belted it out of the meaty part of the 
bat 
Zimbabwe are in no rush to chase this total down",36.1,1,1.0,"de Leede to Burl, 1 run  .Round the wicket, drags his length back, offers width outside off, nicely cut away to  .deep backward point, got on top of the bounce and belted it out of the meaty part of the  .bat  .Zimbabwe are in no rush to chase this total down",de Leede,Burl,1.0,0,0,1,1,1.0,0,,1
"36.2 
4 
de Leede to Raza, FOUR runs 
Over the wicket to Raza, drops it too short on off, sits up nicely for him to smite a four 
through square leg and he brings up a crucial half-century. Cometh the moment, cometh 
the man! Mr.Consistent for Zimbabwe",36.2,4,4.0,"de Leede to Raza, FOUR runs  .Over the wicket to Raza, drops it too short on off, sits up nicely for him to smite a four  .through square leg and he brings up a crucial half-century. Cometh the moment, cometh  .the man! Mr.Consistent for Zimbabwe",de Leede,Raza,4.0,1,0,1,1,4.0,0,,1
"36.3 
3 
de Leede to Raza, 3 runs 
A fraction short on middle and off, laced away into the acres of spaces at deep 
midwicket, fumble allows them to come back for the third",36.3,3,3.0,"de Leede to Raza, 3 runs  .A fraction short on middle and off, laced away into the acres of spaces at deep  .midwicket, fumble allows them to come back for the third",de Leede,Raza,3.0,0,0,1,1,3.0,0,,1
"36.4 
• 
de Leede to Burl, no run 
Taps it down to mid-off",36.4,0,0.0,"de Leede to Burl, no run  .Taps it down to mid-off",de Leede,Burl,0.0,0,0,1,1,0.0,0,,0
"36.5 
1 
de Leede to Burl, 1 run 
Slow ball tennis ball bouncer on middle and leg, he slinks back and pulls it away softly 
to deep fine leg region",36.5,1,1.0,"de Leede to Burl, 1 run  .Slow ball tennis ball bouncer on middle and leg, he slinks back and pulls it away softly  .to deep fine leg region",de Leede,Burl,1.0,0,0,1,1,1.0,0,,1
"36.6 
4 
de Leede to Raza, FOUR runs 
Deft touch! Risk free cricket earns him another boundary, 13 off the over as Raza stays 
back in his crease, opens the face of the blade ever so slightly and guides it to the third 
man boundary, evades the fielder at short third as crowd erupts in ecstasy 
end of over 3713 runs  
ZIM: 269/4CRR: 7.27 • RRR: 3.61 • Need 47 runs from 78b 
Sikandar Raza58 (38b 6x4 2x6) 
Ryan Burl10 (12b) 
Bas de Leede 6-0-51-1 
Aryan Dutt 8-1-50-0",36.6,4,4.0,"de Leede to Raza, FOUR runs  .Deft touch! Risk free cricket earns him another boundary, 13 off the over as Raza stays  .back in his crease, opens the face of the blade ever so slightly and guides it to the third  .man boundary, evades the fielder at short third as crowd erupts in ecstasy",de Leede,Raza,4.0,1,0,1,1,4.0,0,,1
"37.1 
1 
Dutt to Burl, 1 run 
Tossed up, floating like a dandelion seed on a length and drifts back into middle and 
leg, clipped to the leg side and they jog through a run",37.1,1,1.0,"Dutt to Burl, 1 run  .Tossed up, floating like a dandelion seed on a length and drifts back into middle and  .leg, clipped to the leg side and they jog through a run",Dutt,Burl,1.0,0,0,1,1,1.0,0,,1
"37.2 
• 
Dutt to Raza, no run 
Lobbed up on length and it straightens after pitching on middle, patted back to the 
bowler",37.2,0,0.0,"Dutt to Raza, no run  .Lobbed up on length and it straightens after pitching on middle, patted back to the  .bowler",Dutt,Raza,0.0,0,0,1,1,0.0,0,,0
"37.3 
1 
Dutt to Raza, 1 run 
Powerfully swept along the floor to backward square, there is protection in the deep",37.3,1,1.0,"Dutt to Raza, 1 run  .Powerfully swept along the floor to backward square, there is protection in the deep",Dutt,Raza,1.0,0,0,1,1,1.0,0,,1
"37.4 
1 
Dutt to Burl, 1 run 
Presses it down to wide long-off and they are dealing in singles at the moment, being 
very clinical with the task at hand",37.4,1,1.0,"Dutt to Burl, 1 run  .Presses it down to wide long-off and they are dealing in singles at the moment, being  .very clinical with the task at hand",Dutt,Burl,1.0,0,0,1,1,1.0,0,,1
"37.5 
2 
Dutt to Raza, 2 runs 
Backs away and whisks it away to deep backward point",37.5,2,2.0,"Dutt to Raza, 2 runs  .Backs away and whisks it away to deep backward point",Dutt,Raza,2.0,0,0,1,1,2.0,0,,1
"37.6 
6 
Dutt to Raza, SIX runs 
Flexes his muscles and launches it! That's vintage Raza, stand and deliver smack over 
mid-off for a six, clears the boundary rope with ease. Took a step back and absolutely 
butchered it 
end of over 3811 runs  
ZIM: 280/4CRR: 7.36 • RRR: 3.00 • Need 36 runs from 72b 
Sikandar Raza67 (42b 6x4 3x6) 
Ryan Burl12 (14b) 
Aryan Dutt 9-1-61-0 
Bas de Leede 6-0-51-1",37.6,6,6.0,"Dutt to Raza, SIX runs  .Flexes his muscles and launches it! That's vintage Raza, stand and deliver smack over  .mid-off for a six, clears the boundary rope with ease. Took a step back and absolutely  .butchered it",Dutt,Raza,6.0,0,1,1,1,6.0,0,,1
"38.1 
1 
Shariz Ahmad to Burl, 1 run 
Tossed up on a shorter length outside off, not gripping and turning much, he shimmies 
across and paddles it behind square on the leg side",38.1,1,1.0,"Shariz Ahmad to Burl, 1 run  .Tossed up on a shorter length outside off, not gripping and turning much, he shimmies  .across and paddles it behind square on the leg side",Shariz Ahmad,Burl,1.0,0,0,1,1,1.0,0,,1
"38.2 
• 
Shariz Ahmad to Raza, no run 
Hoys it on a fuller length on middle, squeezed out to the off side",38.2,0,0.0,"Shariz Ahmad to Raza, no run  .Hoys it on a fuller length on middle, squeezed out to the off side",Shariz Ahmad,Raza,0.0,0,0,1,1,0.0,0,,0
"38.3 
6 
Shariz Ahmad to Raza, SIX runs 
Slog swept into oblivion! That was belted right out of the screws and went miles up in 
the air, got down low to it and went for the aerial route over midwicket. Coruscating 
strokeplay contiues!",38.3,6,6.0,"Shariz Ahmad to Raza, SIX runs  .Slog swept into oblivion! That was belted right out of the screws and went miles up in  .the air, got down low to it and went for the aerial route over midwicket. Coruscating  .strokeplay contiues!",Shariz Ahmad,Raza,6.0,0,1,1,1,6.0,0,,1
"38.4 
6 
Shariz Ahmad to Raza, SIX runs 
In the arc, and out of the park! Pitched up and mauled over the bowler's head for six, hits 
the sightscreen. Magnificent hitting from Raza, you beauty!",38.4,6,6.0,"Shariz Ahmad to Raza, SIX runs  .In the arc, and out of the park! Pitched up and mauled over the bowler's head for six, hits  .the sightscreen. Magnificent hitting from Raza, you beauty!",Shariz Ahmad,Raza,6.0,0,1,1,1,6.0,0,,1
"38.5 
6 
Shariz Ahmad to Raza, SIX runs 
Are you kidding me? Once again in his slot and he slaughters it over extra cover for a 
flat six! Brutal treatment for Shariz continues. Could there be a better over than this for 
Zimbabwe?",38.5,6,6.0,"Shariz Ahmad to Raza, SIX runs  .Are you kidding me? Once again in his slot and he slaughters it over extra cover for a  .flat six! Brutal treatment for Shariz continues. Could there be a better over than this for  .Zimbabwe?",Shariz Ahmad,Raza,6.0,0,1,1,1,6.0,0,,1
"38.6 
• 
Shariz Ahmad to Raza, no run 
That's quite anticlimactic, tossed up quicker outside off, defended into the covers 
end of over 3919 runs  
ZIM: 299/4CRR: 7.66 • RRR: 1.54 • Need 17 runs from 66b 
Sikandar Raza85 (47b 6x4 6x6) 
Ryan Burl13 (15b) 
Shariz Ahmad 6-0-62-2 
Aryan Dutt 9-1-61-0",38.6,0,0.0,"Shariz Ahmad to Raza, no run  .That's quite anticlimactic, tossed up quicker outside off, defended into the covers",Shariz Ahmad,Raza,0.0,0,0,1,1,0.0,0,,0
"39.1 
1 
Floyd to Burl, 1 run 
Gently tucked away to the midwicket and 300 is up on the board, mere formalities left 
for Zimbabwe",39.1,1,1.0,"Floyd to Burl, 1 run  .Gently tucked away to the midwicket and 300 is up on the board, mere formalities left  .for Zimbabwe",Floyd,Burl,1.0,0,0,1,1,1.0,0,,1
"39.2 
• 
Floyd to Raza, no run 
Loopy delivery on a shorter length from round the wicket, wide of off as he tried to whip 
it across the line, the ball kept turning away",39.2,0,0.0,"Floyd to Raza, no run  .Loopy delivery on a shorter length from round the wicket, wide of off as he tried to whip  .it across the line, the ball kept turning away",Floyd,Raza,0.0,0,0,1,1,0.0,0,,0
"39.3 
• 
Floyd to Raza, no run 
Big shout for a caught behind, only the keeper looked interested. Tossed up, fuller 
length on sixth stump line, cannot get underneath that one",39.3,0,0.0,"Floyd to Raza, no run  .Big shout for a caught behind, only the keeper looked interested. Tossed up, fuller  .length on sixth stump line, cannot get underneath that one",Floyd,Raza,0.0,0,0,1,1,0.0,0,,0
"39.4 
1 
Floyd to Raza, 1 run 
What have you done O'Dowd? Shells an absolute dolly at cover, bat turned in his hand 
and he miscued the skier",39.4,1,1.0,"Floyd to Raza, 1 run  .What have you done O'Dowd? Shells an absolute dolly at cover, bat turned in his hand  .and he miscued the skier",Floyd,Raza,1.0,0,0,1,1,1.0,0,,1
"39.5 
1 
Floyd to Burl, 1 run 
Goes back and works it off his pads to backward square for a run",39.5,1,1.0,"Floyd to Burl, 1 run  .Goes back and works it off his pads to backward square for a run",Floyd,Burl,1.0,0,0,1,1,1.0,0,,1
"39.6 
2 
Floyd to Raza, 2 runs 
Zips it in quicker outside off, firmly clattered along the carpet to the sweeper 
end of over 405 runs  
ZIM: 304/4CRR: 7.60 • RRR: 1.20 • Need 12 runs from 60b 
Sikandar Raza88 (51b 6x4 6x6) 
Ryan Burl15 (17b) 
Clayton Floyd 7-0-42-0 
Shariz Ahmad 6-0-62-2",39.6,2,2.0,"Floyd to Raza, 2 runs  .Zips it in quicker outside off, firmly clattered along the carpet to the sweeper",Floyd,Raza,2.0,0,0,1,1,2.0,0,,1
"40.1 
• 
van Beek to Burl, no run 
Back of a length, slanting across off, gets behind the line and blocks it doggedly off the 
backfoot",40.1,0,0.0,"van Beek to Burl, no run  .Back of a length, slanting across off, gets behind the line and blocks it doggedly off the  .backfoot",van Beek,Burl,0.0,0,0,1,1,0.0,0,,0
"40.2 
1 
van Beek to Burl, 1 run 
Pace off the ball, cutter slammed into the pitch on middle, guides it off the backfoot to 
backward square",40.2,1,1.0,"van Beek to Burl, 1 run  .Pace off the ball, cutter slammed into the pitch on middle, guides it off the backfoot to  .backward square",van Beek,Burl,1.0,0,0,1,1,1.0,0,,1
"40.3 
6 
van Beek to Raza, SIX runs 
Just frame that! Short on shoulder height, clears his front leg and swings with vigour 
into the crowd for six, goes several rows back of deep fine leg",40.3,6,6.0,"van Beek to Raza, SIX runs  .Just frame that! Short on shoulder height, clears his front leg and swings with vigour  .into the crowd for six, goes several rows back of deep fine leg",van Beek,Raza,6.0,0,1,1,1,6.0,0,,1
"40.4 
2 
van Beek to Raza, 2 runs 
Jumps to the leg side and maneuvers the ball down to backward square and will come 
back for the second run",40.4,2,2.0,"van Beek to Raza, 2 runs  .Jumps to the leg side and maneuvers the ball down to backward square and will come  .back for the second run",van Beek,Raza,2.0,0,0,1,1,2.0,0,,1
"40.5 
6 
van Beek to Raza, SIX runs 
Employs a classical shot to finish the game in style and thumps the fastest-ever century 
by any Zimbabwe cricketer in ODIs! Overpitched on off, lifts it over mid-off and it's 
soaring high into the air, up and up, and eventually coming down in the stands. 
Incredible batting display from the man, the myth, the legend - Sikandar Raza 
See all photos 
Ningen: ""The crowd the the HSC is brilliant as usual....we deserve to make it to the world 
cup this time...counting on you Sikander!!"" I couldn't agree more with you, it's stonking 
out there in the aisles and that adds to the festive vibe, makes cricket more fun for sure 
Tsikire: ""Brutal by Raza. At this rate I am sure if the target was 500 we could have easily 
surpassed it. Congratulations the Chevrons "" 
Syed: ""hatsssssssss of to Mr. Raza the wall of ZIM Cricket pure talent good to see him 
batting in this aggression,"" 
Krishna: ""Has to be one of the best all-round performances in ODI cricket. 4 wickets and 
a superfast century for Raza."" 
Focus Reign: ""Good win for Zimbabwe, but still their bowling and fielding performance is 
poor, they need to work on this. Netherlands not a bad team, but what a porous fielding 
"" 
Scott Edwards, Netherlands Captain: I thought we had ourselves in the game at 315. 
That is definitely enough to win the game but it's a good wicket. We dropped 
catches...they batted well. The conditions were different to what they were when we 
played here a couple of months ago. It was pretty good throughout the game. We had to 
bowl and field better. Raza is a serious batter. If their batters in the top order get going, 
they can be dangerous. We did not bowl our best and they capitalized. These 
tournaments come quick and fast, got to put (the loss) behind you. We have some 
positives (from this game). It's a long tournament."" 
Craig Ervine, Zimbabwe Captain: ""We were not particularly great with the ball again, but 
credit to Williams and Raza the way they just pretty much cantered through. The ball 
striking from them was phenomenal. It was a little bit of a tricky start but was a really 
good wicket. Once you get going, it is difficult to restrict. We wanted to restrict them to 
290 to 300, but we finished the innings well. We were still happy with 315. It's tricky 
having so many options. Some times it makes it harder to make the decision. Raza 
bowled exceptionally well and our spinners have been the key for us in the middle 
overs."" 
Sikandar Raza, Player of the Match: ""Listen as much as I am smiling, but the job is not 
done yet. We back ourselves, we had Pakistan A for six games and we chased 300 plus. 
I just wanted to go out there, the platform was already set, I just wanted to stay humble, 
and respect every ball but it was there, I went for it. As long as we win the game, we are 
happy and we are happy for each other's performance and support each other. Thankful 
for the wonderful support."" 
The perfect concoction for success: Raza, Williams and Ervine joined forces to feast on 
runs and went berserk against the hapless Netherlands' bowlers who were simply 
outgunned and in fact, bullied towards the end. They couldn't puncture Zimbabwe at 
regular intervals after posting a decent total on the board and were out of sorts with the 
ball. Raza mesmerized us with his power-hitting and proved to be the main protagonist 
of today's win with his allround heroics and his fireworks towards the end of the run-
chase thoroughly entertained the crowd! I got goosebumps while watching the blitzkrieg 
in the last 10 overs or so from the quintessential all-rounder who has a knack for 
inspiring his team to do incredible stuff. The star of the show also became first 
Zimbabwe player with a century and a four-fer in the same ODI 
Thanks for your presence, folks. It's time for me, Rvel Zahid, to say goodbye on behalf of 
Madushka Balasuriya and our scoring master Sudeep Poojar 
Sponsored Headlines 
 
IPL 2025, मुंबई इंिडयंस vs िदल्ली कैिपटल्स Match Preview: आंकड़े झूठ नहीं बोलते: वानखेड़े में अपना 
ख़राब िरकॉडर् सुधारना चाहेगी DC - MI vs DCDiscover 
 
IPL 2025 - GT vs LSG - Mitchell Marsh century and Nicholas Pooran blitz power LSG to 
235 | ESPNcricinfoDiscover 
 
Travel Oregon |  
Sponsored by TaboolaSponsored by Taboola 
Learn More 
Take the scenic route in OregonRead MoreSkip 
 
IPL 2025, रॉयल चैलेंजसर् बेंगलुरु vs सनराइज़सर् हैदराबाद Match Preview: आंकड़े झूठ नहीं बोलते : SRH 
के िख़लाफ़ ख़ूब बोलता है कोहली का बल्ला - RCB vs SRHDiscover 
 
CSK vs RR Cricket Scorecard, 62nd Match at Delhi, May 20, 2025Discover 
 
Ask a Pro: ""How Long Does $1.5M Last in Retirement?""Get a Complimentary Intro Call 
With a Wealth AdvisorSmartAsset |  
SponsoredSponsored 
Click Here 
Undo 
 
This Showerhead Keeps Selling Out On Amazon - Find Out Why""Transformative Shower 
Experience – High Pressure, Versatile, and Refreshing“Shower Drivse |  
SponsoredSponsored 
Undo 
 
Write Better, Work Smarter With This Desktop AppImprove grammar, word choice, and 
sentence structure everywhere you work. Write better with Grammarly.Grammarly |  
SponsoredSponsored 
Install Now 
Undo 
 
Here's The Estimated Cost for a 1-day Gutter Guards InstallationHomeBuddy |  
SponsoredSponsored 
Undo 
 
Here's the Price of Clog-Free Gutters - GuaranteedLeafFilter Gutter Protection |  
SponsoredSponsored 
Learn More 
Undo 
 
Here's The Average Price of a 6-Hour Gutter Guards UpgradeThanks to this smart gutter 
upgrade its never been easier to prevent clogs and water damage and keep your home 
protected year-round.Homebuddy.com |  
SponsoredSponsored 
Read More 
Undo 
 
This Artisan’s Final Jewelry Collection Is Almost GoneFor over 35 years, Lana Green 
spent her days crafting delicate, one-of-a-kind jewelry in her cozy workshop. Each piece 
was made by hand, infused with care, and gifted to close friends and family.Artisan 
Weekly |  
SponsoredSponsored 
Read More 
Undo 
 
Beyond Text Generation: An AI Tool That Helps You Write BetterImprove grammar, word 
choice, and sentence structure everywhere you work. Write better with 
Grammarly.Grammarly |  
SponsoredSponsored 
Install Now 
Undo 
 
Here's The Estimated Cost of a 1-day Gutter Guards InstallationHomeBuddy |  
SponsoredSponsored 
Undo 
 
Here's The Average Price of Gutter Protection For 2500 Sq Ft HouseLearn how you can 
save on gutter guards this Spring.LeafFilter Gutter Protection |  
SponsoredSponsored 
Learn More 
Undo 
 
Seniors Born 1941-1979 Receive 55 Benefits This Month if They AskRidiculous benefits 
seniors are entitled to in 2025, but often forget to claim.WalletJump |  
SponsoredSponsored 
Learn More 
Undo 
 
Cinnamon: The Greatest Enemy Of Blood Sugar (See How To Use It)See this amazing 
trick rigth now!bloghealthnet |  
SponsoredSponsored 
Learn More 
Undo 
Language 
English 
Match Coverage 
All Match News 
 
Sikandar Raza clubs Zimbabwe's fastest ODI century in 
crushing win over Netherlands 
He got there in 54 balls after Sean Williams cracked 91 off 58 deliveries, as Zimbabwe 
made it two in a row 
 
 
 
Instant answers to T20 questions 
What is the lowest team total in the IPL? 
Which batter has hit the most sixes in an innings in the IPL? 
Which team has scored the most runs in death overs in an IPL match? 
Ask a question 
Videos 
All Match Videos 
 
 
1:39 
Raza: 'Houghton has brought the 'missing culture' back in 
the change room' 
 
Zimbabwe Innings 
Player Name 
R 
B 
J Gumbie 
bowled 
40 
55 
CR Ervine 
caught 
50 
48 
SC 
Williams 
caught 
91 
58 
W 
Madhevere caught 
10 
11 
Sikandar 
Raza 
not out 
102 
54 
RP Burl 
not out 
16 
19 
Extras 
(b 4, lb 1, w 5) 
Total 
319(4 wkts;",40.5,6,6.0,"van Beek to Raza, SIX runs  .Employs a classical shot to finish the game in style and thumps the fastest-ever century  .by any Zimbabwe cricketer in ODIs! Overpitched on off, lifts it over mid-off and it's  .soaring high into the air, up and up, and eventually coming down in the stands.  .Incredible batting display from the man, the myth, the legend - Sikandar Raza  .See all photos",van Beek,Raza,6.0,0,1,1,1,6.0,0,,1
