raw_data,overs,runs,team_runs,commentary,bowler,batsman,batsman_runs,batsman_fours,batsman_sixes,batsman_bowls_faced,bowler_bowls_done,bowler_runs_given,bowler_wickets,dismissal,runs_given_bool
"0.1 
• 
Naveen-ul-Haq to Stirling, no run 
wider and keeps low outside the off stump, a slower one to start off with.",0.1,0,0.0,"Naveen-ul-Haq to Stirling, no run  .wider and keeps low outside the off stump, a slower one to start off with.",Naveen-ul-Haq,Stirling,0.0,0,0,1,1,0.0,0,,0
"0.2 
• 
Naveen-ul-Haq to Stirling, no run 
on a good length pitches wider and comes in, lets it go.",0.2,0,0.0,"Naveen-ul-Haq to Stirling, no run  .on a good length pitches wider and comes in, lets it go.",Naveen-ul-Haq,Stirling,0.0,0,0,1,1,0.0,0,,0
"0.3 
• 
Naveen-ul-Haq to Stirling, no run 
short of a length pitches wider and lets it go through to the keeper.",0.3,0,0.0,"Naveen-ul-Haq to Stirling, no run  .short of a length pitches wider and lets it go through to the keeper.",Naveen-ul-Haq,Stirling,0.0,0,0,1,1,0.0,0,,0
"0.4 
• 
Naveen-ul-Haq to Stirling, no run 
looking to drive through the off side, gets the thickish part of the bat and goes to mid-
on.",0.4,0,0.0,"Naveen-ul-Haq to Stirling, no run  .looking to drive through the off side, gets the thickish part of the bat and goes to mid- .on.",Naveen-ul-Haq,Stirling,0.0,0,0,1,1,0.0,0,,0
"0.5 
• 
Naveen-ul-Haq to Stirling, no run 
slower delivery short of a length, plays with an angled bat behind point.",0.5,0,0.0,"Naveen-ul-Haq to Stirling, no run  .slower delivery short of a length, plays with an angled bat behind point.",Naveen-ul-Haq,Stirling,0.0,0,0,1,1,0.0,0,,0
"0.6 
4 
Naveen-ul-Haq to Stirling, FOUR runs 
wider, drives away from the body and on the up to the extra cover fence. 
end of over 14 runs  
IRE: 4/0CRR: 4.00  
Paul Stirling4 (6b 1x4) 
Kevin O'Brien0 (0b) 
Naveen-ul-Haq 1-0-4-0 
Mujeeb to share the attack",0.6,4,4.0,"Naveen-ul-Haq to Stirling, FOUR runs  .wider, drives away from the body and on the up to the extra cover fence.",Naveen-ul-Haq,Stirling,4.0,1,0,1,1,4.0,0,,1
"1.1 
1 
Mujeeb to K O'Brien, 1 run 
fuller and clipped off the legs to deep midwicket.",1.1,1,1.0,"Mujeeb to K O'Brien, 1 run  .fuller and clipped off the legs to deep midwicket.",Mujeeb,K O'Brien,1.0,0,0,1,1,1.0,0,,1
"1.2 
1 
Mujeeb to Stirling, 1 run 
on legs and played to square leg.",1.2,1,1.0,"Mujeeb to Stirling, 1 run  .on legs and played to square leg.",Mujeeb,Stirling,1.0,0,0,1,1,1.0,0,,1
"1.3 
W 
Mujeeb to K O'Brien, OUT 
outside edge and taken at first slip, another failure for Kevin. Slight movement away 
from the bat this time, after the first two deliveries which came in. 
Kevin O'Brien c Gulbadin Naib b Mujeeb Ur Rahman 1 (2b 0x4 0x6 6m) SR: 50 
The skipper walks in.",1.3,W,0.0,"Mujeeb to K O'Brien, OUT  .outside edge and taken at first slip, another failure for Kevin. Slight movement away  .from the bat this time, after the first two deliveries which came in.  .Kevin O'Brien c Gulbadin Naib b Mujeeb Ur Rahman 1 (2b 0x4 0x6 6m) SR: 50",Mujeeb,K O'Brien,0.0,0,0,1,1,0.0,1,c Gulbadin Naib b Mujeeb Ur Rahman,0
"1.4 
1 
Mujeeb to Balbirnie, 1 run 
driven to the left off mid-off and gets off the mark.",1.4,1,1.0,"Mujeeb to Balbirnie, 1 run  .driven to the left off mid-off and gets off the mark.",Mujeeb,Balbirnie,1.0,0,0,1,1,1.0,0,,1
"1.5 
4 
Mujeeb to Stirling, FOUR runs 
driven on the up through covers to the fence.",1.5,4,4.0,"Mujeeb to Stirling, FOUR runs  .driven on the up through covers to the fence.",Mujeeb,Stirling,4.0,1,0,1,1,4.0,0,,1
"1.6 
4 
Mujeeb to Stirling, FOUR runs 
a long hop, Stirling quickly picks it up and dispatches to the midwicket fence. 
end of over 211 runs • 1 wicket 
IRE: 15/1CRR: 7.50  
Paul Stirling13 (9b 3x4) 
Andy Balbirnie1 (1b) 
Mujeeb Ur Rahman 1-0-11-1 
Naveen-ul-Haq 1-0-4-0",1.6,4,4.0,"Mujeeb to Stirling, FOUR runs  .a long hop, Stirling quickly picks it up and dispatches to the midwicket fence.",Mujeeb,Stirling,4.0,1,0,1,1,4.0,0,,1
"2.1 
• 
Naveen-ul-Haq to Balbirnie, no run 
plays with an angled bat behind point.",2.1,0,0.0,"Naveen-ul-Haq to Balbirnie, no run  .plays with an angled bat behind point.",Naveen-ul-Haq,Balbirnie,0.0,0,0,1,1,0.0,0,,0
"2.2 
• 
Naveen-ul-Haq to Balbirnie, no run 
wider outside the off stump and left alone.",2.2,0,0.0,"Naveen-ul-Haq to Balbirnie, no run  .wider outside the off stump and left alone.",Naveen-ul-Haq,Balbirnie,0.0,0,0,1,1,0.0,0,,0
"2.3 
• 
Naveen-ul-Haq to Balbirnie, no run 
short in length and pushes behind point.",2.3,0,0.0,"Naveen-ul-Haq to Balbirnie, no run  .short in length and pushes behind point.",Naveen-ul-Haq,Balbirnie,0.0,0,0,1,1,0.0,0,,0
"2.4 
4 
Naveen-ul-Haq to Balbirnie, FOUR runs 
width and cut away through point to the fence.",2.4,4,4.0,"Naveen-ul-Haq to Balbirnie, FOUR runs  .width and cut away through point to the fence.",Naveen-ul-Haq,Balbirnie,4.0,1,0,1,1,4.0,0,,1
"2.5 
• 
Naveen-ul-Haq to Balbirnie, no run 
on a good length and plays to cover.",2.5,0,0.0,"Naveen-ul-Haq to Balbirnie, no run  .on a good length and plays to cover.",Naveen-ul-Haq,Balbirnie,0.0,0,0,1,1,0.0,0,,0
"2.6 
• 
Naveen-ul-Haq to Balbirnie, no run 
stands tall and punches to the off side. 
end of over 34 runs  
IRE: 19/1CRR: 6.33  
Andy Balbirnie5 (7b 1x4) 
Paul Stirling13 (9b 3x4) 
Naveen-ul-Haq 2-0-8-0 
Mujeeb Ur Rahman 1-0-11-1",2.6,0,0.0,"Naveen-ul-Haq to Balbirnie, no run  .stands tall and punches to the off side.",Naveen-ul-Haq,Balbirnie,0.0,0,0,1,1,0.0,0,,0
"3.1 
• 
Mujeeb to Stirling, no run 
turns it forward of square leg.",3.1,0,0.0,"Mujeeb to Stirling, no run  .turns it forward of square leg.",Mujeeb,Stirling,0.0,0,0,1,1,0.0,0,,0
"3.2 
1 
Mujeeb to Stirling, 1 run 
spins down leg and tucked behind square leg.",3.2,1,1.0,"Mujeeb to Stirling, 1 run  .spins down leg and tucked behind square leg.",Mujeeb,Stirling,1.0,0,0,1,1,1.0,0,,1
"3.3 
• 
Mujeeb to Balbirnie, no run 
flighted delivery driven to short cover.",3.3,0,0.0,"Mujeeb to Balbirnie, no run  .flighted delivery driven to short cover.",Mujeeb,Balbirnie,0.0,0,0,1,1,0.0,0,,0
"3.4 
• 
Mujeeb to Balbirnie, no run 
stands in the crease and defends back to the bowler. 
Review by Ireland for LBW",3.4,0,0.0,"Mujeeb to Balbirnie, no run  .stands in the crease and defends back to the bowler.  .Review by Ireland for LBW",Mujeeb,Balbirnie,0.0,0,0,1,1,0.0,0,,0
"3.5 
W 
Mujeeb to Balbirnie, OUT 
a tad shorter, goes for the sweep and misses, loud appeal and given. The skipper 
reviews it. Pitches outside the off stump and spins in, was the googly, strikes the body, 
Ultra edge shows no spike. Ball tracking shows hitting the body in line and hitting the 
stumps. 
Andy Balbirnie lbw b Mujeeb Ur Rahman 5 (10b 1x4 0x6 9m) SR: 50 
Ireland lose a review. 
Tector is the new batsman in.",3.5,W,0.0,"Mujeeb to Balbirnie, OUT  .a tad shorter, goes for the sweep and misses, loud appeal and given. The skipper  .reviews it. Pitches outside the off stump and spins in, was the googly, strikes the body,  .Ultra edge shows no spike. Ball tracking shows hitting the body in line and hitting the  .stumps.  .Andy Balbirnie lbw b Mujeeb Ur Rahman 5 (10b 1x4 0x6 9m) SR: 50",Mujeeb,Balbirnie,0.0,0,0,1,1,0.0,1,lbw b Mujeeb Ur Rahman,0
"3.6 
• 
Mujeeb to Tector, no run 
defends on the front foot to the off side. 
end of over 41 run • 1 wicket 
IRE: 20/2CRR: 5.00  
Harry Tector0 (1b) 
Paul Stirling14 (11b 3x4) 
Mujeeb Ur Rahman 2-0-12-2 
Naveen-ul-Haq 2-0-8-0",3.6,0,0.0,"Mujeeb to Tector, no run  .defends on the front foot to the off side.",Mujeeb,Tector,0.0,0,0,1,1,0.0,0,,0
"4.1 
4 
Naveen-ul-Haq to Stirling, FOUR runs 
wider and in the slot, driven square to the cover point fence.",4.1,4,4.0,"Naveen-ul-Haq to Stirling, FOUR runs  .wider and in the slot, driven square to the cover point fence.",Naveen-ul-Haq,Stirling,4.0,1,0,1,1,4.0,0,,1
"4.2 
1b 
Naveen-ul-Haq to Stirling, 1 bye 
keeps a touch low, beats the bat to the keeper.",4.2,1b,1.0,"Naveen-ul-Haq to Stirling, 1 bye  .keeps a touch low, beats the bat to the keeper.",Naveen-ul-Haq,Stirling,0.0,0,0,1,1,0.0,0,,1
"4.3 
• 
Naveen-ul-Haq to Tector, no run 
defends to the onside.",4.3,0,0.0,"Naveen-ul-Haq to Tector, no run  .defends to the onside.",Naveen-ul-Haq,Tector,0.0,0,0,1,1,0.0,0,,0
"4.4 
• 
Naveen-ul-Haq to Tector, no run 
edges and drops well short of the slip fielder.",4.4,0,0.0,"Naveen-ul-Haq to Tector, no run  .edges and drops well short of the slip fielder.",Naveen-ul-Haq,Tector,0.0,0,0,1,1,0.0,0,,0
"4.5 
1 
Naveen-ul-Haq to Tector, 1 run 
pushes forward to a slower delivery and gets an inside edge through backward square 
leg.",4.5,1,1.0,"Naveen-ul-Haq to Tector, 1 run  .pushes forward to a slower delivery and gets an inside edge through backward square  .leg.",Naveen-ul-Haq,Tector,1.0,0,0,1,1,1.0,0,,1
"4.6 
• 
Naveen-ul-Haq to Stirling, no run 
gets behind it and defends to the off side. 
end of over 56 runs  
IRE: 26/2CRR: 5.20  
Paul Stirling18 (14b 4x4) 
Harry Tector1 (4b) 
Naveen-ul-Haq 3-0-13-0 
Mujeeb Ur Rahman 2-0-12-2 
Shafiq: ""As an Afghan, very happy to see Mujeeb continuing on the form he got in BBL. It 
is not easy for a spinner to bowl in the powerplay but he enjoys sharing the new ball 
with pacers.""",4.6,0,0.0,"Naveen-ul-Haq to Stirling, no run  .gets behind it and defends to the off side.",Naveen-ul-Haq,Stirling,0.0,0,0,1,1,0.0,0,,0
"5.1 
• 
Mujeeb to Tector, no run 
quicker and bit fuller, stays back to defend.",5.1,0,0.0,"Mujeeb to Tector, no run  .quicker and bit fuller, stays back to defend.",Mujeeb,Tector,0.0,0,0,1,1,0.0,0,,0
"5.2 
• 
Mujeeb to Tector, no run 
plays forward with an angled bat behind point.",5.2,0,0.0,"Mujeeb to Tector, no run  .plays forward with an angled bat behind point.",Mujeeb,Tector,0.0,0,0,1,1,0.0,0,,0
"5.3 
• 
Mujeeb to Tector, no run 
quicker delivery defended on the track.",5.3,0,0.0,"Mujeeb to Tector, no run  .quicker delivery defended on the track.",Mujeeb,Tector,0.0,0,0,1,1,0.0,0,,0
"5.4 
1 
Mujeeb to Tector, 1 run 
a tad shorter, works it through midwicket.",5.4,1,1.0,"Mujeeb to Tector, 1 run  .a tad shorter, works it through midwicket.",Mujeeb,Tector,1.0,0,0,1,1,1.0,0,,1
"5.5 
• 
Mujeeb to Stirling, no run 
defends with a straight bat back to the bowler.",5.5,0,0.0,"Mujeeb to Stirling, no run  .defends with a straight bat back to the bowler.",Mujeeb,Stirling,0.0,0,0,1,1,0.0,0,,0
"5.6 
• 
Mujeeb to Stirling, no run 
once again defended back to the bowler. 
end of over 61 run  
IRE: 27/2CRR: 4.50  
Paul Stirling18 (16b 4x4) 
Harry Tector2 (8b) 
Mujeeb Ur Rahman 3-0-13-2 
Naveen-ul-Haq 3-0-13-0",5.6,0,0.0,"Mujeeb to Stirling, no run  .once again defended back to the bowler.",Mujeeb,Stirling,0.0,0,0,1,1,0.0,0,,0
"6.1 
2 
Naveen-ul-Haq to Tector, 2 runs 
wider and guides it down to thirdman.",6.1,2,2.0,"Naveen-ul-Haq to Tector, 2 runs  .wider and guides it down to thirdman.",Naveen-ul-Haq,Tector,2.0,0,0,1,1,2.0,0,,1
"6.2 
• 
Naveen-ul-Haq to Tector, no run 
slower and fuller, mistimes the drive back to the bowler.",6.2,0,0.0,"Naveen-ul-Haq to Tector, no run  .slower and fuller, mistimes the drive back to the bowler.",Naveen-ul-Haq,Tector,0.0,0,0,1,1,0.0,0,,0
"6.3 
• 
Naveen-ul-Haq to Tector, no run 
slower on a good length, moves forward and defends on the track.",6.3,0,0.0,"Naveen-ul-Haq to Tector, no run  .slower on a good length, moves forward and defends on the track.",Naveen-ul-Haq,Tector,0.0,0,0,1,1,0.0,0,,0
"6.4 
• 
Naveen-ul-Haq to Tector, no run 
fuller in the slot and driven to mid-off.",6.4,0,0.0,"Naveen-ul-Haq to Tector, no run  .fuller in the slot and driven to mid-off.",Naveen-ul-Haq,Tector,0.0,0,0,1,1,0.0,0,,0
"6.5 
• 
Naveen-ul-Haq to Tector, no run 
short of a length and angled in, gets behind it and defends to the off side.",6.5,0,0.0,"Naveen-ul-Haq to Tector, no run  .short of a length and angled in, gets behind it and defends to the off side.",Naveen-ul-Haq,Tector,0.0,0,0,1,1,0.0,0,,0
"6.6 
1 
Naveen-ul-Haq to Tector, 1 run 
dabs it down to thirdman to keep the strike. 
end of over 73 runs  
IRE: 30/2CRR: 4.28  
Harry Tector5 (14b) 
Paul Stirling18 (16b 4x4) 
Naveen-ul-Haq 4-0-16-0 
Mujeeb Ur Rahman 3-0-13-2",6.6,1,1.0,"Naveen-ul-Haq to Tector, 1 run  .dabs it down to thirdman to keep the strike.",Naveen-ul-Haq,Tector,1.0,0,0,1,1,1.0,0,,1
"7.1 
1 
Mujeeb to Tector, 1 run 
pushes to the right of mid-on and picks up a single.",7.1,1,1.0,"Mujeeb to Tector, 1 run  .pushes to the right of mid-on and picks up a single.",Mujeeb,Tector,1.0,0,0,1,1,1.0,0,,1
"7.2 
• 
Mujeeb to Stirling, no run 
defended on the front foot to the off side.",7.2,0,0.0,"Mujeeb to Stirling, no run  .defended on the front foot to the off side.",Mujeeb,Stirling,0.0,0,0,1,1,0.0,0,,0
"7.3 
6 
Mujeeb to Stirling, SIX runs 
in the slot and hits it straight over the bowler and over the fence.",7.3,6,6.0,"Mujeeb to Stirling, SIX runs  .in the slot and hits it straight over the bowler and over the fence.",Mujeeb,Stirling,6.0,0,1,1,1,6.0,0,,1
"7.4 
• 
Mujeeb to Stirling, no run 
defends on the front foot to the off side.",7.4,0,0.0,"Mujeeb to Stirling, no run  .defends on the front foot to the off side.",Mujeeb,Stirling,0.0,0,0,1,1,0.0,0,,0
"7.5 
• 
Mujeeb to Stirling, no run 
once again defended to the off side.",7.5,0,0.0,"Mujeeb to Stirling, no run  .once again defended to the off side.",Mujeeb,Stirling,0.0,0,0,1,1,0.0,0,,0
"7.6 
• 
Mujeeb to Stirling, no run 
looking to defend to the off side, takes the top off the bat to the onside. 
end of over 87 runs  
IRE: 37/2CRR: 4.62  
Paul Stirling24 (21b 4x4 1x6) 
Harry Tector6 (15b) 
Mujeeb Ur Rahman 4-0-20-2 
Naveen-ul-Haq 4-0-16-0 
Gulbadin Naib comes on.",7.6,0,0.0,"Mujeeb to Stirling, no run  .looking to defend to the off side, takes the top off the bat to the onside.",Mujeeb,Stirling,0.0,0,0,1,1,0.0,0,,0
"8.1 
• 
Gulbadin to Tector, no run 
fuller and driven to the off side to short extra cover.",8.1,0,0.0,"Gulbadin to Tector, no run  .fuller and driven to the off side to short extra cover.",Gulbadin,Tector,0.0,0,0,1,1,0.0,0,,0
"8.2 
• 
Gulbadin to Tector, no run 
stays in the crease and defends behind point.",8.2,0,0.0,"Gulbadin to Tector, no run  .stays in the crease and defends behind point.",Gulbadin,Tector,0.0,0,0,1,1,0.0,0,,0
"8.3 
1 
Gulbadin to Tector, 1 run 
fuller on the off stump and driven to mid-on.",8.3,1,1.0,"Gulbadin to Tector, 1 run  .fuller on the off stump and driven to mid-on.",Gulbadin,Tector,1.0,0,0,1,1,1.0,0,,1
"8.4 
• 
Gulbadin to Stirling, no run 
short of a length and defended to the off side.",8.4,0,0.0,"Gulbadin to Stirling, no run  .short of a length and defended to the off side.",Gulbadin,Stirling,0.0,0,0,1,1,0.0,0,,0
"8.5 
1 
Gulbadin to Stirling, 1 run 
on the pads and turned to square leg.",8.5,1,1.0,"Gulbadin to Stirling, 1 run  .on the pads and turned to square leg.",Gulbadin,Stirling,1.0,0,0,1,1,1.0,0,,1
"8.6 
• 
Gulbadin to Tector, no run 
plays with an angled bat to point. 
end of over 92 runs  
IRE: 39/2CRR: 4.33  
Harry Tector7 (19b) 
Paul Stirling25 (23b 4x4 1x6) 
Gulbadin Naib 1-0-2-0 
Mujeeb Ur Rahman 4-0-20-2",8.6,0,0.0,"Gulbadin to Tector, no run  .plays with an angled bat to point.",Gulbadin,Tector,0.0,0,0,1,1,0.0,0,,0
"9.1 
• 
Mujeeb to Stirling, no run 
defended down the track. 
Asghar has a chat with Mujeeb",9.1,0,0.0,"Mujeeb to Stirling, no run  .defended down the track.  .Asghar has a chat with Mujeeb",Mujeeb,Stirling,0.0,0,0,1,1,0.0,0,,0
"9.2 
• 
Mujeeb to Stirling, no run 
chops it into the ground to the off side.",9.2,0,0.0,"Mujeeb to Stirling, no run  .chops it into the ground to the off side.",Mujeeb,Stirling,0.0,0,0,1,1,0.0,0,,0
"9.3 
• 
Mujeeb to Stirling, no run 
driven back down the track.",9.3,0,0.0,"Mujeeb to Stirling, no run  .driven back down the track.",Mujeeb,Stirling,0.0,0,0,1,1,0.0,0,,0
"9.4 
• 
Mujeeb to Stirling, no run 
makes room and drives in the air, drops short of the mid-off fielder.",9.4,0,0.0,"Mujeeb to Stirling, no run  .makes room and drives in the air, drops short of the mid-off fielder.",Mujeeb,Stirling,0.0,0,0,1,1,0.0,0,,0
"9.5 
4 
Mujeeb to Stirling, FOUR runs 
this time he puts it away, it was in the slot and wider, drives well to the cover fence.",9.5,4,4.0,"Mujeeb to Stirling, FOUR runs  .this time he puts it away, it was in the slot and wider, drives well to the cover fence.",Mujeeb,Stirling,4.0,1,0,1,1,4.0,0,,1
"9.6 
• 
Mujeeb to Stirling, no run 
cuts hard to the off side to point. 
End of the first power play. 
end of over 104 runs  
IRE: 43/2CRR: 4.30  
Paul Stirling29 (29b 5x4 1x6) 
Harry Tector7 (19b) 
Mujeeb Ur Rahman 5-0-24-2 
Gulbadin Naib 1-0-2-0",9.6,0,0.0,"Mujeeb to Stirling, no run  .cuts hard to the off side to point.  .End of the first power play.",Mujeeb,Stirling,0.0,0,0,1,1,0.0,0,,0
"10.1 
1 
Gulbadin to Tector, 1 run 
dabs it down to thirdman.",10.1,1,1.0,"Gulbadin to Tector, 1 run  .dabs it down to thirdman.",Gulbadin,Tector,1.0,0,0,1,1,1.0,0,,1
"10.2 
1 
Gulbadin to Stirling, 1 run 
dropped! Naib fails to hold onto a sitter, pushed back to him and straight into the his 
hands, goes through him. Naib could not believe it and neither his teammates.",10.2,1,1.0,"Gulbadin to Stirling, 1 run  .dropped! Naib fails to hold onto a sitter, pushed back to him and straight into the his  .hands, goes through him. Naib could not believe it and neither his teammates.",Gulbadin,Stirling,1.0,0,0,1,1,1.0,0,,1
"10.3 
• 
Gulbadin to Tector, no run 
defends to the onside.",10.3,0,0.0,"Gulbadin to Tector, no run  .defends to the onside.",Gulbadin,Tector,0.0,0,0,1,1,0.0,0,,0
"10.4 
1 
Gulbadin to Tector, 1 run 
dabs it down to thirdman.",10.4,1,1.0,"Gulbadin to Tector, 1 run  .dabs it down to thirdman.",Gulbadin,Tector,1.0,0,0,1,1,1.0,0,,1
"10.5 
1 
Gulbadin to Stirling, 1 run 
width and driven on the up to the sweeper cover.",10.5,1,1.0,"Gulbadin to Stirling, 1 run  .width and driven on the up to the sweeper cover.",Gulbadin,Stirling,1.0,0,0,1,1,1.0,0,,1
"10.6 
1 
Gulbadin to Tector, 1 run 
works it for a single. 
end of over 115 runs  
IRE: 48/2CRR: 4.36  
Harry Tector10 (23b) 
Paul Stirling31 (31b 5x4 1x6) 
Gulbadin Naib 2-0-7-0 
Mujeeb Ur Rahman 5-0-24-2 
Here is Nabi. 
Safi: ""i think Asghar Afghan should Bring Rashid to attack and break this 
partnership.just bowl two overs from Rashid here.""",10.6,1,1.0,"Gulbadin to Tector, 1 run  .works it for a single.",Gulbadin,Tector,1.0,0,0,1,1,1.0,0,,1
"11.1 
• 
M Nabi to Tector, no run 
turned to the onside.",11.1,0,0.0,"M Nabi to Tector, no run  .turned to the onside.",M Nabi,Tector,0.0,0,0,1,1,0.0,0,,0
"11.2 
1 
M Nabi to Tector, 1 run 
moves back and punches through mid-on.",11.2,1,1.0,"M Nabi to Tector, 1 run  .moves back and punches through mid-on.",M Nabi,Tector,1.0,0,0,1,1,1.0,0,,1
"11.3 
2 
M Nabi to Stirling, 2 runs 
sweeps and a bit of bat, shouts of catch it, off the shoulder of the keeper down to fine 
leg.",11.3,2,2.0,"M Nabi to Stirling, 2 runs  .sweeps and a bit of bat, shouts of catch it, off the shoulder of the keeper down to fine  .leg.",M Nabi,Stirling,2.0,0,0,1,1,2.0,0,,1
"11.4 
• 
M Nabi to Stirling, no run 
defends with an angled bat behind point. 
Review by Afghanistan for lbw",11.4,0,0.0,"M Nabi to Stirling, no run  .defends with an angled bat behind point.  .Review by Afghanistan for lbw",M Nabi,Stirling,0.0,0,0,1,1,0.0,0,,0
"11.5 
• 
M Nabi to Stirling, no run 
spins in and strikes the pad in line, loud appeal for lbw, turned down by the umpire. 
Afghanistan review, ultra edge shows no spike, hits the pad in line but it is umpire's call, 
ball was hitting the top of the leg stump. 
Review is retained.",11.5,0,0.0,"M Nabi to Stirling, no run  .spins in and strikes the pad in line, loud appeal for lbw, turned down by the umpire.  .Afghanistan review, ultra edge shows no spike, hits the pad in line but it is umpire's call,  .ball was hitting the top of the leg stump.  .Review is retained.",M Nabi,Stirling,0.0,0,0,1,1,0.0,0,,0
"11.6 
1 
M Nabi to Stirling, 1 run 
works for a single. 
end of over 124 runs  
IRE: 52/2CRR: 4.33  
Paul Stirling34 (35b 5x4 1x6) 
Harry Tector11 (25b) 
Mohammad Nabi 1-0-4-0 
Gulbadin Naib 2-0-7-0",11.6,1,1.0,"M Nabi to Stirling, 1 run  .works for a single.",M Nabi,Stirling,1.0,0,0,1,1,1.0,0,,1
"12.1 
• 
Gulbadin to Stirling, no run 
defends to the off side.",12.1,0,0.0,"Gulbadin to Stirling, no run  .defends to the off side.",Gulbadin,Stirling,0.0,0,0,1,1,0.0,0,,0
"12.2 
• 
Gulbadin to Stirling, no run 
slower delivery pushed back down the track.",12.2,0,0.0,"Gulbadin to Stirling, no run  .slower delivery pushed back down the track.",Gulbadin,Stirling,0.0,0,0,1,1,0.0,0,,0
"12.3 
6 
Gulbadin to Stirling, SIX runs 
in the slot, wider and dismisses it out of the sight, hits in the air to the long off fence.",12.3,6,6.0,"Gulbadin to Stirling, SIX runs  .in the slot, wider and dismisses it out of the sight, hits in the air to the long off fence.",Gulbadin,Stirling,6.0,0,1,1,1,6.0,0,,1
"12.4 
1 
Gulbadin to Stirling, 1 run 
good length delivery played behind point.",12.4,1,1.0,"Gulbadin to Stirling, 1 run  .good length delivery played behind point.",Gulbadin,Stirling,1.0,0,0,1,1,1.0,0,,1
"12.5 
1 
Gulbadin to Tector, 1 run 
on the pads and tucked down to long leg.",12.5,1,1.0,"Gulbadin to Tector, 1 run  .on the pads and tucked down to long leg.",Gulbadin,Tector,1.0,0,0,1,1,1.0,0,,1
"12.6 
1 
Gulbadin to Stirling, 1 run 
length delivery plays with an angled bat past backward point. 
end of over 139 runs  
IRE: 61/2CRR: 4.69  
Paul Stirling42 (40b 5x4 2x6) 
Harry Tector12 (26b) 
Gulbadin Naib 3-0-16-0 
Mohammad Nabi 1-0-4-0",12.6,1,1.0,"Gulbadin to Stirling, 1 run  .length delivery plays with an angled bat past backward point.",Gulbadin,Stirling,1.0,0,0,1,1,1.0,0,,1
"13.1 
• 
M Nabi to Stirling, no run 
moves forward and defends down the track.",13.1,0,0.0,"M Nabi to Stirling, no run  .moves forward and defends down the track.",M Nabi,Stirling,0.0,0,0,1,1,0.0,0,,0
"13.2 
• 
M Nabi to Stirling, no run 
sweeps and misses from way outside the off stump.",13.2,0,0.0,"M Nabi to Stirling, no run  .sweeps and misses from way outside the off stump.",M Nabi,Stirling,0.0,0,0,1,1,0.0,0,,0
"13.3 
4 
M Nabi to Stirling, FOUR runs 
sweeps again and this time he picks the gap to the square leg fence.",13.3,4,4.0,"M Nabi to Stirling, FOUR runs  .sweeps again and this time he picks the gap to the square leg fence.",M Nabi,Stirling,4.0,1,0,1,1,4.0,0,,1
"13.4 
• 
M Nabi to Stirling, no run 
defended to the off side.",13.4,0,0.0,"M Nabi to Stirling, no run  .defended to the off side.",M Nabi,Stirling,0.0,0,0,1,1,0.0,0,,0
"13.5 
• 
M Nabi to Stirling, no run 
stays back in the crease and defends, the spin on the ball, goes over the stumps.",13.5,0,0.0,"M Nabi to Stirling, no run  .stays back in the crease and defends, the spin on the ball, goes over the stumps.",M Nabi,Stirling,0.0,0,0,1,1,0.0,0,,0
"13.6 
• 
M Nabi to Stirling, no run 
sweeps for a single. 
end of over 144 runs  
IRE: 65/2CRR: 4.64  
Paul Stirling46 (46b 6x4 2x6) 
Harry Tector12 (26b) 
Mohammad Nabi 2-0-8-0 
Gulbadin Naib 3-0-16-0",13.6,0,0.0,"M Nabi to Stirling, no run  .sweeps for a single.",M Nabi,Stirling,0.0,0,0,1,1,0.0,0,,0
"14.1 
1 
Gulbadin to Tector, 1 run 
guides it down to thirdman.",14.1,1,1.0,"Gulbadin to Tector, 1 run  .guides it down to thirdman.",Gulbadin,Tector,1.0,0,0,1,1,1.0,0,,1
"14.2 
4 
Gulbadin to Stirling, FOUR runs 
lovely shot, punches it square to the point boundary, raises his bat, brings up his 50!",14.2,4,4.0,"Gulbadin to Stirling, FOUR runs  .lovely shot, punches it square to the point boundary, raises his bat, brings up his 50!",Gulbadin,Stirling,4.0,1,0,1,1,4.0,0,,1
"14.3 
• 
Gulbadin to Stirling, no run 
right behind it and defends to the off side.",14.3,0,0.0,"Gulbadin to Stirling, no run  .right behind it and defends to the off side.",Gulbadin,Stirling,0.0,0,0,1,1,0.0,0,,0
"14.4 
1 
Gulbadin to Stirling, 1 run 
slower delivery played to the left of backward point.",14.4,1,1.0,"Gulbadin to Stirling, 1 run  .slower delivery played to the left of backward point.",Gulbadin,Stirling,1.0,0,0,1,1,1.0,0,,1
"14.5 
1 
Gulbadin to Tector, 1 run 
good length delivery played to cover point.",14.5,1,1.0,"Gulbadin to Tector, 1 run  .good length delivery played to cover point.",Gulbadin,Tector,1.0,0,0,1,1,1.0,0,,1
"14.6 
1 
Gulbadin to Stirling, 1 run 
opens the face off the bat and steers down to thirdman. For some reason Stirling dives 
into the crease. 
end of over 158 runs  
IRE: 73/2CRR: 4.86  
Paul Stirling52 (50b 7x4 2x6) 
Harry Tector14 (28b) 
Gulbadin Naib 4-0-24-0 
Mohammad Nabi 2-0-8-0",14.6,1,1.0,"Gulbadin to Stirling, 1 run  .opens the face off the bat and steers down to thirdman. For some reason Stirling dives  .into the crease.",Gulbadin,Stirling,1.0,0,0,1,1,1.0,0,,1
"15.1 
• 
M Nabi to Stirling, no run 
moves back and across and defends down.",15.1,0,0.0,"M Nabi to Stirling, no run  .moves back and across and defends down.",M Nabi,Stirling,0.0,0,0,1,1,0.0,0,,0
"15.2 
1w 
M Nabi to Stirling, 1 wide 
sweeps and misses down the leg side.",15.2,1w,1.0,"M Nabi to Stirling, 1 wide  .sweeps and misses down the leg side.",M Nabi,Stirling,0.0,0,0,0,0,1.0,0,,1
"15.2 
2b 
M Nabi to Stirling, 2 byes 
tossed up wider, drives and goes through him past the keeper for byes.",15.2,2b,2.0,"M Nabi to Stirling, 2 byes  .tossed up wider, drives and goes through him past the keeper for byes.",M Nabi,Stirling,0.0,0,0,1,1,0.0,0,,1
"15.3 
• 
M Nabi to Stirling, no run 
moves back and turns to square leg.",15.3,0,0.0,"M Nabi to Stirling, no run  .moves back and turns to square leg.",M Nabi,Stirling,0.0,0,0,1,1,0.0,0,,0
"15.4 
• 
M Nabi to Stirling, no run 
straightens and forced to defend, as he was looking for a sweep.",15.4,0,0.0,"M Nabi to Stirling, no run  .straightens and forced to defend, as he was looking for a sweep.",M Nabi,Stirling,0.0,0,0,1,1,0.0,0,,0
"15.5 
• 
M Nabi to Stirling, no run 
turned to the onside to short midwicket.",15.5,0,0.0,"M Nabi to Stirling, no run  .turned to the onside to short midwicket.",M Nabi,Stirling,0.0,0,0,1,1,0.0,0,,0
"15.6 
• 
M Nabi to Stirling, no run 
moves back and across plays behind point. 
It is time for drinks, handing it over to Debayan. 
Thanks Binoy. Quite an intriguing opening hour of the game. One thing that is evident is 
there is some assistance for spin on this pitch. Ireland know they have the resources in 
that department to challenge Afghanistan if they post a total in the region of 275. 
Mustafa Saber: ""Afghanistan desperately need the wicket of Stirling. He has already 
survived twice and we know how dangerous he can be."" 
Javed Ahmadi gets a whirl now 
end of over 163 runs  
IRE: 76/2CRR: 4.75  
Paul Stirling52 (56b 7x4 2x6) 
Harry Tector14 (28b) 
Mohammad Nabi 3-0-9-0 
Gulbadin Naib 4-0-24-0",15.6,0,0.0,"M Nabi to Stirling, no run  .moves back and across plays behind point.  .It is time for drinks, handing it over to Debayan.  .Thanks Binoy. Quite an intriguing opening hour of the game. One thing that is evident is  .there is some assistance for spin on this pitch. Ireland know they have the resources in  .that department to challenge Afghanistan if they post a total in the region of 275.",M Nabi,Stirling,0.0,0,0,1,1,0.0,0,,0
"16.1 
• 
Javed to Tector, no run 
tossed up around off, and he presses forward to defend",16.1,0,0.0,"Javed to Tector, no run  .tossed up around off, and he presses forward to defend",Javed,Tector,0.0,0,0,1,1,0.0,0,,0
"16.2 
1 
Javed to Tector, 1 run 
tossed up, but straighter, and he punches this to long on 
Ahmadi bowls with a very similar load-up and action to that of Nabi",16.2,1,1.0,"Javed to Tector, 1 run  .tossed up, but straighter, and he punches this to long on  .Ahmadi bowls with a very similar load-up and action to that of Nabi",Javed,Tector,1.0,0,0,1,1,1.0,0,,1
"16.3 
6 
Javed to Stirling, SIX runs 
down the wicket, and lofts a length ball around off and middle, over long on. Super shot 
to dictate terms to the part-timer 
Vivaan : ""A part timer before Rashid , strange tactics"" --- Probably looking to buy 
Stirling's wicket at this stage",16.3,6,6.0,"Javed to Stirling, SIX runs  .down the wicket, and lofts a length ball around off and middle, over long on. Super shot  .to dictate terms to the part-timer",Javed,Stirling,6.0,0,1,1,1,6.0,0,,1
"16.4 
1 
Javed to Stirling, 1 run 
length, turns into him from around off, and he goes back to punch it to long on",16.4,1,1.0,"Javed to Stirling, 1 run  .length, turns into him from around off, and he goes back to punch it to long on",Javed,Stirling,1.0,0,0,1,1,1.0,0,,1
"16.5 
1 
Javed to Tector, 1 run 
presses forward, and the ball turns a tad more than he expects. Off the inner edge 
towards square leg",16.5,1,1.0,"Javed to Tector, 1 run  .presses forward, and the ball turns a tad more than he expects. Off the inner edge  .towards square leg",Javed,Tector,1.0,0,0,1,1,1.0,0,,1
"16.6 
• 
Javed to Stirling, no run 
goes back and punches this hard to cover. Deserves runs, but doesn't get any 
Ahmadi concedes nine in that over, but his lines have been tidy enough 
end of over 179 runs  
IRE: 85/2CRR: 5.00  
Paul Stirling59 (59b 7x4 3x6) 
Harry Tector16 (31b) 
Javed Ahmadi 1-0-9-0 
Mohammad Nabi 3-0-9-0",16.6,0,0.0,"Javed to Stirling, no run  .goes back and punches this hard to cover. Deserves runs, but doesn't get any  .Ahmadi concedes nine in that over, but his lines have been tidy enough",Javed,Stirling,0.0,0,0,1,1,0.0,0,,0
"17.1 
• 
M Nabi to Tector, no run 
length, and he goes back to punch this towards short mid-wicket",17.1,0,0.0,"M Nabi to Tector, no run  .length, and he goes back to punch this towards short mid-wicket",M Nabi,Tector,0.0,0,0,1,1,0.0,0,,0
"17.2 
• 
M Nabi to Tector, no run 
length, goes back to punch it back with the turn towards the bowler",17.2,0,0.0,"M Nabi to Tector, no run  .length, goes back to punch it back with the turn towards the bowler",M Nabi,Tector,0.0,0,0,1,1,0.0,0,,0
"17.3 
• 
M Nabi to Tector, no run 
fuller, driven hard, but straight back to Nabi",17.3,0,0.0,"M Nabi to Tector, no run  .fuller, driven hard, but straight back to Nabi",M Nabi,Tector,0.0,0,0,1,1,0.0,0,,0
"17.4 
1 
M Nabi to Tector, 1 run 
length, and he works this with the turn to the right of short mid-wicket",17.4,1,1.0,"M Nabi to Tector, 1 run  .length, and he works this with the turn to the right of short mid-wicket",M Nabi,Tector,1.0,0,0,1,1,1.0,0,,1
"17.5 
1 
M Nabi to Stirling, 1 run 
length, punched to long on",17.5,1,1.0,"M Nabi to Stirling, 1 run  .length, punched to long on",M Nabi,Stirling,1.0,0,0,1,1,1.0,0,,1
"17.6 
• 
M Nabi to Tector, no run 
length, goes back to defend this 
Noorullah Mayar: ""Welcome Debayan!World class bowler yet to bowl and where the 
batsmen are building partnership, Rashid Khan should have been introduced way earlier 
where he is kept at bay before a part timer"" 
Gokul Pradeep V: ""What happened to William Porterfield, why is he not playing?"" --- Head 
coach Graham Ford is looking to groom a new team for the future 
Here's Rashid, with a slip in place 
end of over 182 runs  
IRE: 87/2CRR: 4.83  
Harry Tector17 (36b) 
Paul Stirling60 (60b 7x4 3x6) 
Mohammad Nabi 4-0-11-0 
Javed Ahmadi 1-0-9-0",17.6,0,0.0,"M Nabi to Tector, no run  .length, goes back to defend this",M Nabi,Tector,0.0,0,0,1,1,0.0,0,,0
"18.1 
• 
Rashid Khan to Stirling, no run 
angles into him, and he blocks this towards short mid-wicket",18.1,0,0.0,"Rashid Khan to Stirling, no run  .angles into him, and he blocks this towards short mid-wicket",Rashid Khan,Stirling,0.0,0,0,1,1,0.0,0,,0
"18.2 
1 
Rashid Khan to Stirling, 1 run 
driven through covers to the sweeper in the deep",18.2,1,1.0,"Rashid Khan to Stirling, 1 run  .driven through covers to the sweeper in the deep",Rashid Khan,Stirling,1.0,0,0,1,1,1.0,0,,1
"18.3 
• 
Rashid Khan to Tector, no run 
googly, first up, and he stretches forward to defend. Given out leg before, and he 
reviews this. Didn't look like he got any bat on it, so he's hoping that this has done too 
much and will just be sliding down leg. It's a big stride forward, to be fair, and his off-
stump is visible as he stretches to defend. Beaten by the turn, and that is where hope 
lies for Tector. It has pitched outside off, and spun a fair distance, and will be missing 
leg! 
Good usage of the review by Tector, after a short consultation with Paul Stirling",18.3,0,0.0,"Rashid Khan to Tector, no run  .googly, first up, and he stretches forward to defend. Given out leg before, and he  .reviews this. Didn't look like he got any bat on it, so he's hoping that this has done too  .much and will just be sliding down leg. It's a big stride forward, to be fair, and his off- .stump is visible as he stretches to defend. Beaten by the turn, and that is where hope  .lies for Tector. It has pitched outside off, and spun a fair distance, and will be missing  .leg!  .Good usage of the review by Tector, after a short consultation with Paul Stirling",Rashid Khan,Tector,0.0,0,0,1,1,0.0,0,,0
"18.4 
1 
Rashid Khan to Tector, 1 run 
full toss, around leg, punched to long on 
Shafiq: ""It is strange and probably the worst captaincy by Asghar not introducing Rashid 
Khan till now. Stirling is in a very good mood to go after the bowlers and we know how 
effective Rashid Khan can be in such situations.""",18.4,1,1.0,"Rashid Khan to Tector, 1 run  .full toss, around leg, punched to long on",Rashid Khan,Tector,1.0,0,0,1,1,1.0,0,,1
"18.5 
• 
Rashid Khan to Stirling, no run 
length, stretches out to punch this towards mid-off",18.5,0,0.0,"Rashid Khan to Stirling, no run  .length, stretches out to punch this towards mid-off",Rashid Khan,Stirling,0.0,0,0,1,1,0.0,0,,0
"18.6 
• 
Rashid Khan to Stirling, no run 
strikes him on the pads, as he looks to work one that pitches around leg. A loud appeal, 
but they decide not to review this. May not have straightened enough. Brisk pace, as 
Rashid is wont to do against attacking batsmen 
end of over 192 runs  
IRE: 89/2CRR: 4.68  
Paul Stirling61 (64b 7x4 3x6) 
Harry Tector18 (38b) 
Rashid Khan 1-0-2-0 
Mohammad Nabi 4-0-11-0",18.6,0,0.0,"Rashid Khan to Stirling, no run  .strikes him on the pads, as he looks to work one that pitches around leg. A loud appeal,  .but they decide not to review this. May not have straightened enough. Brisk pace, as  .Rashid is wont to do against attacking batsmen",Rashid Khan,Stirling,0.0,0,0,1,1,0.0,0,,0
"19.1 
• 
M Nabi to Tector, no run 
length, around off, defended with the incoming spin towards short mid-wicket",19.1,0,0.0,"M Nabi to Tector, no run  .length, around off, defended with the incoming spin towards short mid-wicket",M Nabi,Tector,0.0,0,0,1,1,0.0,0,,0
"19.2 
1 
M Nabi to Tector, 1 run 
fetches this from outside off, and sweeps. Does well to ensure it doesn't go too far in 
the air, and a good piece of fielding by Najib at deep backward square leg",19.2,1,1.0,"M Nabi to Tector, 1 run  .fetches this from outside off, and sweeps. Does well to ensure it doesn't go too far in  .the air, and a good piece of fielding by Najib at deep backward square leg",M Nabi,Tector,1.0,0,0,1,1,1.0,0,,1
"19.3 
• 
M Nabi to Stirling, no run 
chops one away to short third man",19.3,0,0.0,"M Nabi to Stirling, no run  .chops one away to short third man",M Nabi,Stirling,0.0,0,0,1,1,0.0,0,,0
"19.4 
• 
M Nabi to Stirling, no run 
goes back and defends to short mid-wicket",19.4,0,0.0,"M Nabi to Stirling, no run  .goes back and defends to short mid-wicket",M Nabi,Stirling,0.0,0,0,1,1,0.0,0,,0
"19.5 
3 
M Nabi to Stirling, 3 runs 
makes a bit of room for himself within the crease, and goes against the spin through 
extra cover. The ball pulls up inside the boundary, but there's ample time to get back for 
the third",19.5,3,3.0,"M Nabi to Stirling, 3 runs  .makes a bit of room for himself within the crease, and goes against the spin through  .extra cover. The ball pulls up inside the boundary, but there's ample time to get back for  .the third",M Nabi,Stirling,3.0,0,0,1,1,3.0,0,,1
"19.6 
• 
M Nabi to Tector, no run 
defends one that turns a bit more from around off. Deep and compact within the crease 
Adit : ""k O'brien is wasted in top order... his hitting abilities is more useful in down the 
order"" ---- Gokul Pradeep agrees with you 
end of over 204 runs  
IRE: 93/2CRR: 4.65  
Harry Tector19 (41b) 
Paul Stirling64 (67b 7x4 3x6) 
Mohammad Nabi 5-0-15-0 
Rashid Khan 1-0-2-0",19.6,0,0.0,"M Nabi to Tector, no run  .defends one that turns a bit more from around off. Deep and compact within the crease",M Nabi,Tector,0.0,0,0,1,1,0.0,0,,0
"20.1 
• 
Rashid Khan to Stirling, no run 
fullish, around leg, and he looks to drive. Off the outer edge, but along the ground back 
to the left of the bowler",20.1,0,0.0,"Rashid Khan to Stirling, no run  .fullish, around leg, and he looks to drive. Off the outer edge, but along the ground back  .to the left of the bowler",Rashid Khan,Stirling,0.0,0,0,1,1,0.0,0,,0
"20.2 
1 
Rashid Khan to Stirling, 1 run 
slower through the air, teasingly flighted around off, and he drives with the turn towards 
deep point",20.2,1,1.0,"Rashid Khan to Stirling, 1 run  .slower through the air, teasingly flighted around off, and he drives with the turn towards  .deep point",Rashid Khan,Stirling,1.0,0,0,1,1,1.0,0,,1
"20.3 
1 
Rashid Khan to Tector, 1 run 
length, and he goes back to punch this to long-on",20.3,1,1.0,"Rashid Khan to Tector, 1 run  .length, and he goes back to punch this to long-on",Rashid Khan,Tector,1.0,0,0,1,1,1.0,0,,1
"20.4 
• 
Rashid Khan to Stirling, no run 
length, and he stretches forward to defend a googly",20.4,0,0.0,"Rashid Khan to Stirling, no run  .length, and he stretches forward to defend a googly",Rashid Khan,Stirling,0.0,0,0,1,1,0.0,0,,0
"20.5 
1 
Rashid Khan to Stirling, 1 run 
fuller, around off and middle, driven to long off",20.5,1,1.0,"Rashid Khan to Stirling, 1 run  .fuller, around off and middle, driven to long off",Rashid Khan,Stirling,1.0,0,0,1,1,1.0,0,,1
"20.6 
• 
Rashid Khan to Tector, no run 
length, goes back and drives to point 
end of over 213 runs  
IRE: 96/2CRR: 4.57  
Harry Tector20 (43b) 
Paul Stirling66 (71b 7x4 3x6) 
Rashid Khan 2-0-5-0 
Mohammad Nabi 5-0-15-0",20.6,0,0.0,"Rashid Khan to Tector, no run  .length, goes back and drives to point",Rashid Khan,Tector,0.0,0,0,1,1,0.0,0,,0
"21.1 
1 
M Nabi to Stirling, 1 run 
length, and he works this from outside off down towards deep fine leg 
Mustafa Saber: ""Not to forget the big shock of the day a while ago from the Irish 
McGregor. Ireland have done well here.""",21.1,1,1.0,"M Nabi to Stirling, 1 run  .length, and he works this from outside off down towards deep fine leg",M Nabi,Stirling,1.0,0,0,1,1,1.0,0,,1
"21.2 
1 
M Nabi to Tector, 1 run 
played with the turn towards deep square leg",21.2,1,1.0,"M Nabi to Tector, 1 run  .played with the turn towards deep square leg",M Nabi,Tector,1.0,0,0,1,1,1.0,0,,1
"21.3 
1 
M Nabi to Stirling, 1 run 
punched towards long off",21.3,1,1.0,"M Nabi to Stirling, 1 run  .punched towards long off",M Nabi,Stirling,1.0,0,0,1,1,1.0,0,,1
"21.4 
• 
M Nabi to Tector, no run 
length, goes back and is forced to defend as it turns sharply into him",21.4,0,0.0,"M Nabi to Tector, no run  .length, goes back and is forced to defend as it turns sharply into him",M Nabi,Tector,0.0,0,0,1,1,0.0,0,,0
"21.5 
• 
M Nabi to Tector, no run 
tossed up, goes back to defend to square leg",21.5,0,0.0,"M Nabi to Tector, no run  .tossed up, goes back to defend to square leg",M Nabi,Tector,0.0,0,0,1,1,0.0,0,,0
"21.6 
1 
M Nabi to Tector, 1 run 
turns from outside off across his stumps, and he can go back to work this towards deep 
square leg 
Brings up 100 for Ireland. This partnership is giving the innings a solid base to launch 
from 
end of over 224 runs  
IRE: 100/2CRR: 4.54  
Harry Tector22 (47b) 
Paul Stirling68 (73b 7x4 3x6) 
Mohammad Nabi 6-0-19-0 
Rashid Khan 2-0-5-0",21.6,1,1.0,"M Nabi to Tector, 1 run  .turns from outside off across his stumps, and he can go back to work this towards deep  .square leg  .Brings up 100 for Ireland. This partnership is giving the innings a solid base to launch  .from",M Nabi,Tector,1.0,0,0,1,1,1.0,0,,1
"22.1 
• 
Rashid Khan to Tector, no run 
length, punched towards cover with the turn",22.1,0,0.0,"Rashid Khan to Tector, no run  .length, punched towards cover with the turn",Rashid Khan,Tector,0.0,0,0,1,1,0.0,0,,0
"22.2 
• 
Rashid Khan to Tector, no run 
fired wider of off, quicker through the air, and Tector goes looking for a drive. Beaten, 
and through to Gurbaz, low to his right",22.2,0,0.0,"Rashid Khan to Tector, no run  .fired wider of off, quicker through the air, and Tector goes looking for a drive. Beaten,  .and through to Gurbaz, low to his right",Rashid Khan,Tector,0.0,0,0,1,1,0.0,0,,0
"22.3 
• 
Rashid Khan to Tector, no run 
punches this off the back foot, but straight towards a straight mid-wicket",22.3,0,0.0,"Rashid Khan to Tector, no run  .punches this off the back foot, but straight towards a straight mid-wicket",Rashid Khan,Tector,0.0,0,0,1,1,0.0,0,,0
"22.4 
• 
Rashid Khan to Tector, no run 
down the wicket, but cannot do more than drive it back down the pitch to Rashid Khan",22.4,0,0.0,"Rashid Khan to Tector, no run  .down the wicket, but cannot do more than drive it back down the pitch to Rashid Khan",Rashid Khan,Tector,0.0,0,0,1,1,0.0,0,,0
"22.5 
• 
Rashid Khan to Tector, no run 
length, driven towards cover",22.5,0,0.0,"Rashid Khan to Tector, no run  .length, driven towards cover",Rashid Khan,Tector,0.0,0,0,1,1,0.0,0,,0
"22.6 
• 
Rashid Khan to Tector, no run 
googly, and he goes back and punches this to short mid-wicket 
Ireland don't mind this. Rashid Khan can keep compiling tight overs, but they'll be happy 
if he keeps the wickets column in his figures empty 
end of over 23Maiden 
IRE: 100/2CRR: 4.34  
Harry Tector22 (53b) 
Paul Stirling68 (73b 7x4 3x6) 
Rashid Khan 3-1-5-0 
Mohammad Nabi 6-0-19-0",22.6,0,0.0,"Rashid Khan to Tector, no run  .googly, and he goes back and punches this to short mid-wicket  .Ireland don't mind this. Rashid Khan can keep compiling tight overs, but they'll be happy  .if he keeps the wickets column in his figures empty",Rashid Khan,Tector,0.0,0,0,1,1,0.0,0,,0
"23.1 
• 
M Nabi to Stirling, no run 
length, worked with the turn towards short mid-wicket",23.1,0,0.0,"M Nabi to Stirling, no run  .length, worked with the turn towards short mid-wicket",M Nabi,Stirling,0.0,0,0,1,1,0.0,0,,0
"23.2 
• 
M Nabi to Stirling, no run 
length, turns in from outside off, and he goes back to block",23.2,0,0.0,"M Nabi to Stirling, no run  .length, turns in from outside off, and he goes back to block",M Nabi,Stirling,0.0,0,0,1,1,0.0,0,,0
"23.3 
• 
M Nabi to Stirling, no run 
length, and he defends towards square leg",23.3,0,0.0,"M Nabi to Stirling, no run  .length, and he defends towards square leg",M Nabi,Stirling,0.0,0,0,1,1,0.0,0,,0
"23.4 
• 
M Nabi to Stirling, no run 
length, punched towards cover-point 
""I fear, Hope we don't Jinx the Irish excellence..!!"" --- Azweer, the run rate has definitely 
been jinxed",23.4,0,0.0,"M Nabi to Stirling, no run  .length, punched towards cover-point",M Nabi,Stirling,0.0,0,0,1,1,0.0,0,,0
"23.5 
1 
M Nabi to Stirling, 1 run 
heaves one from across off stump towards deep mid-wicket. Will get a single for this",23.5,1,1.0,"M Nabi to Stirling, 1 run  .heaves one from across off stump towards deep mid-wicket. Will get a single for this",M Nabi,Stirling,1.0,0,0,1,1,1.0,0,,1
"23.6 
1 
M Nabi to Tector, 1 run 
reverse sweep, and played square of the wicket through the off side. There's a deep 
point in place who will keep it down to just the single 
rabani: ""Naveen or Mujeeb should be bring at this stage, to change the air for 
Afghanistan."" 
end of over 242 runs  
IRE: 102/2CRR: 4.25  
Harry Tector23 (54b) 
Paul Stirling69 (78b 7x4 3x6) 
Mohammad Nabi 7-0-21-0 
Rashid Khan 3-1-5-0 
As if on cue, here's Naveen",23.6,1,1.0,"M Nabi to Tector, 1 run  .reverse sweep, and played square of the wicket through the off side. There's a deep  .point in place who will keep it down to just the single",M Nabi,Tector,1.0,0,0,1,1,1.0,0,,1
"24.1 
1 
Naveen-ul-Haq to Tector, 1 run 
cutter, from wide outside off, steered to third man",24.1,1,1.0,"Naveen-ul-Haq to Tector, 1 run  .cutter, from wide outside off, steered to third man",Naveen-ul-Haq,Tector,1.0,0,0,1,1,1.0,0,,1
"24.2 
1 
Naveen-ul-Haq to Stirling, 1 run 
length, dropped towards point and completes a single",24.2,1,1.0,"Naveen-ul-Haq to Stirling, 1 run  .length, dropped towards point and completes a single",Naveen-ul-Haq,Stirling,1.0,0,0,1,1,1.0,0,,1
"24.3 
• 
Naveen-ul-Haq to Tector, no run 
length, drops it towards point with soft hands, but cannot go through for a run",24.3,0,0.0,"Naveen-ul-Haq to Tector, no run  .length, drops it towards point with soft hands, but cannot go through for a run",Naveen-ul-Haq,Tector,0.0,0,0,1,1,0.0,0,,0
"24.4 
• 
Naveen-ul-Haq to Tector, no run 
length, just outside off, and he looks to run this down to third man, but misses. A bit 
more bounce than he anticipates, perhaps",24.4,0,0.0,"Naveen-ul-Haq to Tector, no run  .length, just outside off, and he looks to run this down to third man, but misses. A bit  .more bounce than he anticipates, perhaps",Naveen-ul-Haq,Tector,0.0,0,0,1,1,0.0,0,,0
"24.5 
W 
Naveen-ul-Haq to Tector, OUT 
there's the breakthrough! A tentative checked drive to one that was another change of 
pace, but angling into him this time. Was looking to clear the man close in at mid-
wicket, but ended up skewing it straight into his hands. Inspired bowling change from 
Asghar Afghan, recognizing that Ireland were eager to get some runs going 
Harry Tector c Gulbadin Naib b Naveen-ul-Haq 24 (58b 0x4 0x6 85m) SR: 41.37 
Curtis Campher comes in next 
Celine Kuwait: ""While Stirling and Tector are getting along fairly well, at the same time 
Joe Root and Buttler are cruising at a steady pace. Hope this comment doesn't jinx!?"" ---- 
Too late, Celine! 
Ireland have scored 34 off 70 balls that have not been faced by Paul Stirling",24.5,W,0.0,"Naveen-ul-Haq to Tector, OUT  .there's the breakthrough! A tentative checked drive to one that was another change of  .pace, but angling into him this time. Was looking to clear the man close in at mid- .wicket, but ended up skewing it straight into his hands. Inspired bowling change from  .Asghar Afghan, recognizing that Ireland were eager to get some runs going  .Harry Tector c Gulbadin Naib b Naveen-ul-Haq 24 (58b 0x4 0x6 85m) SR: 41.37",Naveen-ul-Haq,Tector,0.0,0,0,1,1,0.0,1,c Gulbadin Naib b Naveen-ul-Haq,0
"24.6 
• 
Naveen-ul-Haq to Campher, no run 
make that 34 off 71. Length ball, around off, defended back to the bowler 
end of over 252 runs • 1 wicket 
IRE: 104/3CRR: 4.16  
Curtis Campher0 (1b) 
Paul Stirling70 (79b 7x4 3x6) 
Naveen-ul-Haq 5-0-18-1 
Mohammad Nabi 7-0-21-0",24.6,0,0.0,"Naveen-ul-Haq to Campher, no run  .make that 34 off 71. Length ball, around off, defended back to the bowler",Naveen-ul-Haq,Campher,0.0,0,0,1,1,0.0,0,,0
"25.1 
• 
M Nabi to Stirling, no run 
length, around off, defended back towards the bowler",25.1,0,0.0,"M Nabi to Stirling, no run  .length, around off, defended back towards the bowler",M Nabi,Stirling,0.0,0,0,1,1,0.0,0,,0
"25.2 
• 
M Nabi to Stirling, no run 
length, defends with a forward press",25.2,0,0.0,"M Nabi to Stirling, no run  .length, defends with a forward press",M Nabi,Stirling,0.0,0,0,1,1,0.0,0,,0
"25.3 
1 
M Nabi to Stirling, 1 run 
works this with the spin towards deep square leg, getting down to sweep it in front of 
square",25.3,1,1.0,"M Nabi to Stirling, 1 run  .works this with the spin towards deep square leg, getting down to sweep it in front of  .square",M Nabi,Stirling,1.0,0,0,1,1,1.0,0,,1
"25.4 
• 
M Nabi to Campher, no run 
goes back to defend, but cannot beat short mid-wicket, who comes scampering across 
to his left to cut this off",25.4,0,0.0,"M Nabi to Campher, no run  .goes back to defend, but cannot beat short mid-wicket, who comes scampering across  .to his left to cut this off",M Nabi,Campher,0.0,0,0,1,1,0.0,0,,0
"25.5 
• 
M Nabi to Campher, no run 
presses forward to defend one tossed up just outside off 
Shahid: ""Oh Celine Kuwait, i am worried for Joe Root and Buttler now.""",25.5,0,0.0,"M Nabi to Campher, no run  .presses forward to defend one tossed up just outside off",M Nabi,Campher,0.0,0,0,1,1,0.0,0,,0
"25.6 
1 
M Nabi to Campher, 1 run 
length, goes back and steers it ahead of point. They go through for a quick single 
Noorullah Mayar: ""Ireland might have missed a trick here by not accelerating their 
innings after the 20th over since the run rate will be even slower after the fall of the third 
wicket."" --- Largely been good bowling too. It's a turning wicket, albeit slow. Good 
wicket-to-wicket bowling from the spinners 
end of over 262 runs  
IRE: 106/3CRR: 4.07  
Curtis Campher1 (4b) 
Paul Stirling71 (82b 7x4 3x6) 
Mohammad Nabi 8-0-23-0 
Naveen-ul-Haq 5-0-18-1",25.6,1,1.0,"M Nabi to Campher, 1 run  .length, goes back and steers it ahead of point. They go through for a quick single",M Nabi,Campher,1.0,0,0,1,1,1.0,0,,1
"26.1 
• 
Naveen-ul-Haq to Campher, no run 
length ball, angles in around off, bowled at 125.9 kph, and he defends to point",26.1,0,0.0,"Naveen-ul-Haq to Campher, no run  .length ball, angles in around off, bowled at 125.9 kph, and he defends to point",Naveen-ul-Haq,Campher,0.0,0,0,1,1,0.0,0,,0
"26.2 
1 
Naveen-ul-Haq to Campher, 1 run 
cutter, around leg and middle, pulled towards deep backward square",26.2,1,1.0,"Naveen-ul-Haq to Campher, 1 run  .cutter, around leg and middle, pulled towards deep backward square",Naveen-ul-Haq,Campher,1.0,0,0,1,1,1.0,0,,1
"26.3 
1 
Naveen-ul-Haq to Stirling, 1 run 
slower ball, well wide of off, but with a deep point for protection. Cut away to the man in 
the deep",26.3,1,1.0,"Naveen-ul-Haq to Stirling, 1 run  .slower ball, well wide of off, but with a deep point for protection. Cut away to the man in  .the deep",Naveen-ul-Haq,Stirling,1.0,0,0,1,1,1.0,0,,1
"26.4 
• 
Naveen-ul-Haq to Campher, no run 
length, angles back in from around off, and he defends. This was again at 125.8 kph, 
with balls in the 100-110 region before this",26.4,0,0.0,"Naveen-ul-Haq to Campher, no run  .length, angles back in from around off, and he defends. This was again at 125.8 kph,  .with balls in the 100-110 region before this",Naveen-ul-Haq,Campher,0.0,0,0,1,1,0.0,0,,0
"26.5 
1 
Naveen-ul-Haq to Campher, 1 run 
slower ball, outside off, driven towards deep point. This was bowled at 97.7 kph 
Chris: ""Celine also took out Callum Ferguson in the BBL at the same time - well, within 
minutes anyway!"" 
Fine leg moves inside the circle",26.5,1,1.0,"Naveen-ul-Haq to Campher, 1 run  .slower ball, outside off, driven towards deep point. This was bowled at 97.7 kph",Naveen-ul-Haq,Campher,1.0,0,0,1,1,1.0,0,,1
"26.6 
1 
Naveen-ul-Haq to Stirling, 1 run 
slower ball, around off, tapped to the right of point, and they scamper through for a 
single 
end of over 274 runs  
IRE: 110/3CRR: 4.07  
Paul Stirling73 (84b 7x4 3x6) 
Curtis Campher3 (8b) 
Naveen-ul-Haq 6-0-22-1 
Mohammad Nabi 8-0-23-0",26.6,1,1.0,"Naveen-ul-Haq to Stirling, 1 run  .slower ball, around off, tapped to the right of point, and they scamper through for a  .single",Naveen-ul-Haq,Stirling,1.0,0,0,1,1,1.0,0,,1
"27.1 
4 
M Nabi to Stirling, FOUR runs 
good shot by Stirling! Nothing more than a length ball by Nabi, and he picks it up and 
slog-sweeps this towards deep mid-wicket. Just within the boundary ropes!",27.1,4,4.0,"M Nabi to Stirling, FOUR runs  .good shot by Stirling! Nothing more than a length ball by Nabi, and he picks it up and  .slog-sweeps this towards deep mid-wicket. Just within the boundary ropes!",M Nabi,Stirling,4.0,1,0,1,1,4.0,0,,1
"27.2 
• 
M Nabi to Stirling, no run 
length, driven towards long on, and cut off by Naveen at short mid-wicket, diving to his 
left",27.2,0,0.0,"M Nabi to Stirling, no run  .length, driven towards long on, and cut off by Naveen at short mid-wicket, diving to his  .left",M Nabi,Stirling,0.0,0,0,1,1,0.0,0,,0
"27.3 
4 
M Nabi to Stirling, FOUR runs 
goes back and cuts this fiercely between point and short third man. Sensible, urgent 
batting from Stirling",27.3,4,4.0,"M Nabi to Stirling, FOUR runs  .goes back and cuts this fiercely between point and short third man. Sensible, urgent  .batting from Stirling",M Nabi,Stirling,4.0,1,0,1,1,4.0,0,,1
"27.4 
• 
M Nabi to Stirling, no run 
length, defended with the ball coming back in from outside off",27.4,0,0.0,"M Nabi to Stirling, no run  .length, defended with the ball coming back in from outside off",M Nabi,Stirling,0.0,0,0,1,1,0.0,0,,0
"27.5 
4 
M Nabi to Stirling, FOUR runs 
plays the lap sweep to one pitching outside off, and turning in. Not sure he knew a lot 
about where the contact was made, almost over his left shoulder, but a good gamble 
given fine leg is inside the circle 
Nabi's figures, which have been superb otherwise, taking a bit of a hit here",27.5,4,4.0,"M Nabi to Stirling, FOUR runs  .plays the lap sweep to one pitching outside off, and turning in. Not sure he knew a lot  .about where the contact was made, almost over his left shoulder, but a good gamble  .given fine leg is inside the circle  .Nabi's figures, which have been superb otherwise, taking a bit of a hit here",M Nabi,Stirling,4.0,1,0,1,1,4.0,0,,1
"27.6 
1 
M Nabi to Stirling, 1 run 
length, works this towards square leg with soft hands, with the turn, and will pick up a 
single 
end of over 2813 runs  
IRE: 123/3CRR: 4.39  
Paul Stirling86 (90b 10x4 3x6) 
Curtis Campher3 (8b) 
Mohammad Nabi 9-0-36-0 
Naveen-ul-Haq 6-0-22-1",27.6,1,1.0,"M Nabi to Stirling, 1 run  .length, works this towards square leg with soft hands, with the turn, and will pick up a  .single",M Nabi,Stirling,1.0,0,0,1,1,1.0,0,,1
"28.1 
1 
Naveen-ul-Haq to Stirling, 1 run 
length, dabbed away towards third man",28.1,1,1.0,"Naveen-ul-Haq to Stirling, 1 run  .length, dabbed away towards third man",Naveen-ul-Haq,Stirling,1.0,0,0,1,1,1.0,0,,1
"28.2 
1 
Naveen-ul-Haq to Campher, 1 run 
length, driven towards deep cover 
Rabani: ""No need for M. Nabi, one over from Mujeed will change the situation."" ---- Well, 
if Rabani says so...",28.2,1,1.0,"Naveen-ul-Haq to Campher, 1 run  .length, driven towards deep cover",Naveen-ul-Haq,Campher,1.0,0,0,1,1,1.0,0,,1
"28.3 
1 
Naveen-ul-Haq to Stirling, 1 run 
length, wide outside off, punched away towards sweeper cover 
Deep cover comes into the inner circle",28.3,1,1.0,"Naveen-ul-Haq to Stirling, 1 run  .length, wide outside off, punched away towards sweeper cover  .Deep cover comes into the inner circle",Naveen-ul-Haq,Stirling,1.0,0,0,1,1,1.0,0,,1
"28.4 
• 
Naveen-ul-Haq to Campher, no run 
length, punched towards the man who has just moved in inside the circle",28.4,0,0.0,"Naveen-ul-Haq to Campher, no run  .length, punched towards the man who has just moved in inside the circle",Naveen-ul-Haq,Campher,0.0,0,0,1,1,0.0,0,,0
"28.5 
• 
Naveen-ul-Haq to Campher, no run 
cutter, along the middle and leg line, and he works this to short mid-wicket",28.5,0,0.0,"Naveen-ul-Haq to Campher, no run  .cutter, along the middle and leg line, and he works this to short mid-wicket",Naveen-ul-Haq,Campher,0.0,0,0,1,1,0.0,0,,0
"28.6 
1 
Naveen-ul-Haq to Campher, 1 run 
slower ball, outside off, and he looks to go big down the ground. Skewed off the inner 
part of the bat towards mid-on, and they go through for the single. There's almost a 
direct hit with a shy at the non-striker's end, but he's made it quite easily 
Rashid returns. The wicket of Stirling perhaps the big prize 
end of over 294 runs  
IRE: 127/3CRR: 4.37  
Curtis Campher5 (12b) 
Paul Stirling88 (92b 10x4 3x6) 
Naveen-ul-Haq 7-0-26-1 
Mohammad Nabi 9-0-36-0",28.6,1,1.0,"Naveen-ul-Haq to Campher, 1 run  .slower ball, outside off, and he looks to go big down the ground. Skewed off the inner  .part of the bat towards mid-on, and they go through for the single. There's almost a  .direct hit with a shy at the non-striker's end, but he's made it quite easily  .Rashid returns. The wicket of Stirling perhaps the big prize",Naveen-ul-Haq,Campher,1.0,0,0,1,1,1.0,0,,1
"29.1 
• 
Rashid Khan to Campher, no run 
length, and he goes back to one, and plays it towards short mid-wicket. Lucky to get 
some bat on it, as it had almost pinned him in front",29.1,0,0.0,"Rashid Khan to Campher, no run  .length, and he goes back to one, and plays it towards short mid-wicket. Lucky to get  .some bat on it, as it had almost pinned him in front",Rashid Khan,Campher,0.0,0,0,1,1,0.0,0,,0
"29.2 
• 
Rashid Khan to Campher, no run 
drives one back to the bowler",29.2,0,0.0,"Rashid Khan to Campher, no run  .drives one back to the bowler",Rashid Khan,Campher,0.0,0,0,1,1,0.0,0,,0
"29.3 
• 
Rashid Khan to Campher, no run 
presses forward to drive one around off, cannot beat point",29.3,0,0.0,"Rashid Khan to Campher, no run  .presses forward to drive one around off, cannot beat point",Rashid Khan,Campher,0.0,0,0,1,1,0.0,0,,0
"29.4 
1lb 
Rashid Khan to Campher, 1 leg bye 
quick, down the leg side, and bunted away to the right of square leg, possibly off the 
thigh pad alone",29.4,1lb,1.0,"Rashid Khan to Campher, 1 leg bye  .quick, down the leg side, and bunted away to the right of square leg, possibly off the  .thigh pad alone",Rashid Khan,Campher,0.0,0,0,1,1,0.0,0,,0
"29.5 
1w 
Rashid Khan to Stirling, 1 wide 
full, down the leg side, and Gurbaz does well to pick it up after Stirling misses out on a 
glance",29.5,1w,1.0,"Rashid Khan to Stirling, 1 wide  .full, down the leg side, and Gurbaz does well to pick it up after Stirling misses out on a  .glance",Rashid Khan,Stirling,0.0,0,0,0,0,1.0,0,,1
"29.5 
• 
Rashid Khan to Stirling, no run 
presses forward to defend. Pops back towards the bowler, but lands well ahead of 
Rashid",29.5,0,0.0,"Rashid Khan to Stirling, no run  .presses forward to defend. Pops back towards the bowler, but lands well ahead of  .Rashid",Rashid Khan,Stirling,0.0,0,0,1,1,0.0,0,,0
"29.6 
1 
Rashid Khan to Stirling, 1 run 
quicker one, angles in and goes on with the angle. Stirling does well to meet it close to 
his body, even if it takes the inner part of the bat. Goes towards square leg and they get 
an easy single 
Stirling inching closer to matching William Porterfield's record of 11 ODI centuries for 
Ireland 
end of over 303 runs  
IRE: 130/3CRR: 4.33  
Paul Stirling89 (94b 10x4 3x6) 
Curtis Campher5 (16b) 
Rashid Khan 4-1-7-0 
Naveen-ul-Haq 7-0-26-1 
Here's Mujeeb now. Asghar Afghan looking for wickets here",29.6,1,1.0,"Rashid Khan to Stirling, 1 run  .quicker one, angles in and goes on with the angle. Stirling does well to meet it close to  .his body, even if it takes the inner part of the bat. Goes towards square leg and they get  .an easy single  .Stirling inching closer to matching William Porterfield's record of 11 ODI centuries for  .Ireland",Rashid Khan,Stirling,1.0,0,0,1,1,1.0,0,,1
"30.1 
• 
Mujeeb to Stirling, no run 
length, punched hard but straight to point",30.1,0,0.0,"Mujeeb to Stirling, no run  .length, punched hard but straight to point",Mujeeb,Stirling,0.0,0,0,1,1,0.0,0,,0
"30.2 
1 
Mujeeb to Stirling, 1 run 
length, and he backs away and smacks this through the cover-point region. To the 
sweeper in the deep",30.2,1,1.0,"Mujeeb to Stirling, 1 run  .length, and he backs away and smacks this through the cover-point region. To the  .sweeper in the deep",Mujeeb,Stirling,1.0,0,0,1,1,1.0,0,,1
"30.3 
• 
Mujeeb to Campher, no run 
goes back and defends one through towards cover",30.3,0,0.0,"Mujeeb to Campher, no run  .goes back and defends one through towards cover",Mujeeb,Campher,0.0,0,0,1,1,0.0,0,,0
"30.4 
• 
Mujeeb to Campher, no run 
length, worked with the incoming slant towards short fine leg",30.4,0,0.0,"Mujeeb to Campher, no run  .length, worked with the incoming slant towards short fine leg",Mujeeb,Campher,0.0,0,0,1,1,0.0,0,,0
"30.5 
• 
Mujeeb to Campher, no run 
angles across him, from off to leg, perhaps beaten by the extra pace, unable to lay bat 
on it. Runs off the thigh pad towards short fine leg",30.5,0,0.0,"Mujeeb to Campher, no run  .angles across him, from off to leg, perhaps beaten by the extra pace, unable to lay bat  .on it. Runs off the thigh pad towards short fine leg",Mujeeb,Campher,0.0,0,0,1,1,0.0,0,,0
"30.6 
1 
Mujeeb to Campher, 1 run 
driven with the angle from wide of the crease, towards deep square leg 
Aamir: ""Just like getting the big 4's wicket is a headache for top ranked teams, Stirling is 
a headache for lower ranked teams. Quality batting this. I love his confidence."" 
end of over 312 runs  
IRE: 132/3CRR: 4.25  
Curtis Campher6 (20b) 
Paul Stirling90 (96b 10x4 3x6) 
Mujeeb Ur Rahman 6-0-26-2 
Rashid Khan 4-1-7-0",30.6,1,1.0,"Mujeeb to Campher, 1 run  .driven with the angle from wide of the crease, towards deep square leg",Mujeeb,Campher,1.0,0,0,1,1,1.0,0,,1
"31.1 
4 
Rashid Khan to Campher, FOUR runs 
fuller, quicker, and he sweeps this fine. Perhaps a bit of an inside edge, but he's 
targetted the right areas, and found the right reward for it, placing it to the right of deep 
square leg",31.1,4,4.0,"Rashid Khan to Campher, FOUR runs  .fuller, quicker, and he sweeps this fine. Perhaps a bit of an inside edge, but he's  .targetted the right areas, and found the right reward for it, placing it to the right of deep  .square leg",Rashid Khan,Campher,4.0,1,0,1,1,4.0,0,,1
"31.2 
1 
Rashid Khan to Campher, 1 run 
length, goes back and drives to deep point to bring Stirling back on strike",31.2,1,1.0,"Rashid Khan to Campher, 1 run  .length, goes back and drives to deep point to bring Stirling back on strike",Rashid Khan,Campher,1.0,0,0,1,1,1.0,0,,1
"31.3 
1 
Rashid Khan to Stirling, 1 run 
fullish, driven towards long off with the turn",31.3,1,1.0,"Rashid Khan to Stirling, 1 run  .fullish, driven towards long off with the turn",Rashid Khan,Stirling,1.0,0,0,1,1,1.0,0,,1
"31.4 
1 
Rashid Khan to Campher, 1 run 
length, goes back to cut this away towards deep point",31.4,1,1.0,"Rashid Khan to Campher, 1 run  .length, goes back to cut this away towards deep point",Rashid Khan,Campher,1.0,0,0,1,1,1.0,0,,1
"31.5 
1 
Rashid Khan to Stirling, 1 run 
length, and he goes back and works this to the right of short mid-wicket for an easy 
single",31.5,1,1.0,"Rashid Khan to Stirling, 1 run  .length, and he goes back and works this to the right of short mid-wicket for an easy  .single",Rashid Khan,Stirling,1.0,0,0,1,1,1.0,0,,1
"31.6 
4 
Rashid Khan to Campher, FOUR runs 
short, and he blasts this away through the mid-wicket region. No fielder in the deep, and 
he places it well enough to fetch four 
A welcome change of pace from Campher in this innings, with some good batting to 
counter the threat of Rashid Khan 
Ebadullah Shinw: ""Poor captaincy I think. he is misusing the resources (Rashid and 
Mujeeb)."" ---- Damned if he does, damned if he doesn't! 
end of over 3212 runs  
IRE: 144/3CRR: 4.50  
Curtis Campher16 (24b 2x4) 
Paul Stirling92 (98b 10x4 3x6) 
Rashid Khan 5-1-19-0 
Mujeeb Ur Rahman 6-0-26-2",31.6,4,4.0,"Rashid Khan to Campher, FOUR runs  .short, and he blasts this away through the mid-wicket region. No fielder in the deep, and  .he places it well enough to fetch four  .A welcome change of pace from Campher in this innings, with some good batting to  .counter the threat of Rashid Khan",Rashid Khan,Campher,4.0,1,0,1,1,4.0,0,,1
"32.1 
• 
Mujeeb to Stirling, no run 
length, around off, and defended from the crease",32.1,0,0.0,"Mujeeb to Stirling, no run  .length, around off, and defended from the crease",Mujeeb,Stirling,0.0,0,0,1,1,0.0,0,,0
"32.2 
• 
Mujeeb to Stirling, no run 
length, angles in and straightens, and he defends from the crease, with bat close to 
body",32.2,0,0.0,"Mujeeb to Stirling, no run  .length, angles in and straightens, and he defends from the crease, with bat close to  .body",Mujeeb,Stirling,0.0,0,0,1,1,0.0,0,,0
"32.3 
1 
Mujeeb to Stirling, 1 run 
shorter, down the leg side, and he goes back to whip it away towards deep backward 
square leg 
Dustin Poirier: ""what is most impressive is stirling's intent and control against all the 
afghan bowlers. while his teammates have not been able to impose themselves on 
them and not reading their type of deliveries, stirling is providing nous and timing it 
nicely!""",32.3,1,1.0,"Mujeeb to Stirling, 1 run  .shorter, down the leg side, and he goes back to whip it away towards deep backward  .square leg",Mujeeb,Stirling,1.0,0,0,1,1,1.0,0,,1
"32.4 
2 
Mujeeb to Campher, 2 runs 
sweeps one fine, and deep backward square has to run around and put in his right boot 
to keep this from crossing the boundary line",32.4,2,2.0,"Mujeeb to Campher, 2 runs  .sweeps one fine, and deep backward square has to run around and put in his right boot  .to keep this from crossing the boundary line",Mujeeb,Campher,2.0,0,0,1,1,2.0,0,,1
"32.5 
1 
Mujeeb to Campher, 1 run 
length, around off, and he punches this to the left of wide cover for a single",32.5,1,1.0,"Mujeeb to Campher, 1 run  .length, around off, and he punches this to the left of wide cover for a single",Mujeeb,Campher,1.0,0,0,1,1,1.0,0,,1
"32.6 
1 
Mujeeb to Stirling, 1 run 
length, angles down leg, and he goes back to nudge this towards short fine leg. They 
scamper through for a quick single 
Stirling now within a hit of his 11th ODI ton 
end of over 335 runs  
IRE: 149/3CRR: 4.51  
Paul Stirling94 (102b 10x4 3x6) 
Curtis Campher19 (26b 2x4) 
Mujeeb Ur Rahman 7-0-31-2 
Rashid Khan 5-1-19-0",32.6,1,1.0,"Mujeeb to Stirling, 1 run  .length, angles down leg, and he goes back to nudge this towards short fine leg. They  .scamper through for a quick single  .Stirling now within a hit of his 11th ODI ton",Mujeeb,Stirling,1.0,0,0,1,1,1.0,0,,1
"33.1 
• 
Rashid Khan to Stirling, no run 
length, and he goes back to defend this in front of the stumps",33.1,0,0.0,"Rashid Khan to Stirling, no run  .length, and he goes back to defend this in front of the stumps",Rashid Khan,Stirling,0.0,0,0,1,1,0.0,0,,0
"33.2 
1 
Rashid Khan to Stirling, 1 run 
short of a length, cut away hard towards deep point 
Abhijato: ""Paul Stirling is a legend for Irish cricket, and long may he play ... It's just that 
even as a neutral, I sometimes fear that the next generation isn't going to be as good as 
this one was at their peak :("" --- I think that's also the concern of the management, which 
is why they are phasing in younger players",33.2,1,1.0,"Rashid Khan to Stirling, 1 run  .short of a length, cut away hard towards deep point",Rashid Khan,Stirling,1.0,0,0,1,1,1.0,0,,1
"33.3 
1 
Rashid Khan to Campher, 1 run 
length, and he goes back to whip this wristily towards long on",33.3,1,1.0,"Rashid Khan to Campher, 1 run  .length, and he goes back to whip this wristily towards long on",Rashid Khan,Campher,1.0,0,0,1,1,1.0,0,,1
"33.4 
1 
Rashid Khan to Stirling, 1 run 
driven towards deep cover",33.4,1,1.0,"Rashid Khan to Stirling, 1 run  .driven towards deep cover",Rashid Khan,Stirling,1.0,0,0,1,1,1.0,0,,1
"33.5 
4 
Rashid Khan to Campher, FOUR runs 
shot! Rashid tosses this up, outside off, possibly looking for the googly to fox him. 
Campher reads it, and importantly picks the length early. Swept hard, in front of square",33.5,4,4.0,"Rashid Khan to Campher, FOUR runs  .shot! Rashid tosses this up, outside off, possibly looking for the googly to fox him.  .Campher reads it, and importantly picks the length early. Swept hard, in front of square",Rashid Khan,Campher,4.0,1,0,1,1,4.0,0,,1
"33.6 
2 
Rashid Khan to Campher, 2 runs 
outside edge, as he looks to play one across the line, and it lobs to the left over short 
third man and runs away towards the boundary. Cut off, but they pick up a fortuitous 
couple 
The sweep also brought up the 50 of this partnership 
end of over 349 runs  
IRE: 158/3CRR: 4.64  
Curtis Campher26 (29b 3x4) 
Paul Stirling96 (105b 10x4 3x6) 
Rashid Khan 6-1-28-0 
Mujeeb Ur Rahman 7-0-31-2 
Zash: ""Curtis Campher is a fine fine, talent and will surely end up has one Ireland's best, 
joining the current batch"" 
Here's Naib",33.6,2,2.0,"Rashid Khan to Campher, 2 runs  .outside edge, as he looks to play one across the line, and it lobs to the left over short  .third man and runs away towards the boundary. Cut off, but they pick up a fortuitous  .couple  .The sweep also brought up the 50 of this partnership",Rashid Khan,Campher,2.0,0,0,1,1,2.0,0,,1
"34.1 
• 
Gulbadin to Stirling, no run 
length, goes up on his toes to punch this, but cannot beat cover",34.1,0,0.0,"Gulbadin to Stirling, no run  .length, goes up on his toes to punch this, but cannot beat cover",Gulbadin,Stirling,0.0,0,0,1,1,0.0,0,,0
"34.2 
1 
Gulbadin to Stirling, 1 run 
slower ball, biffed towards long on",34.2,1,1.0,"Gulbadin to Stirling, 1 run  .slower ball, biffed towards long on",Gulbadin,Stirling,1.0,0,0,1,1,1.0,0,,1
"34.3 
2 
Gulbadin to Campher, 2 runs 
fuller, quicker, and he works this with the angle towards deep square leg. Quick running 
and they pick up two before fine leg can rifle in his throw",34.3,2,2.0,"Gulbadin to Campher, 2 runs  .fuller, quicker, and he works this with the angle towards deep square leg. Quick running  .and they pick up two before fine leg can rifle in his throw",Gulbadin,Campher,2.0,0,0,1,1,2.0,0,,1
"34.4 
1 
Gulbadin to Campher, 1 run 
slower ball, around off and middle, swatted away to deep square leg 
Aamir: ""This is so funny, Afghan fans expect a wicket in each over. I wonder how would 
they follow the whole match if Afghanistan plays allot of test matches. Patience 
please!!!""",34.4,1,1.0,"Gulbadin to Campher, 1 run  .slower ball, around off and middle, swatted away to deep square leg",Gulbadin,Campher,1.0,0,0,1,1,1.0,0,,1
"34.5 
1w 
Gulbadin to Stirling, 1 wide 
short, down the leg side, and Stirling can ignore this. A good take by Gurbaz, diving away 
to his left",34.5,1w,1.0,"Gulbadin to Stirling, 1 wide  .short, down the leg side, and Stirling can ignore this. A good take by Gurbaz, diving away  .to his left",Gulbadin,Stirling,0.0,0,0,0,0,1.0,0,,1
"34.5 
• 
Gulbadin to Stirling, no run 
slower ball, starts around leg and middle. Stirling hangs back and drops it at his feet. 
Thinks about a single, but cannot do anything as Naib follows through quickly to his 
right",34.5,0,0.0,"Gulbadin to Stirling, no run  .slower ball, starts around leg and middle. Stirling hangs back and drops it at his feet.  .Thinks about a single, but cannot do anything as Naib follows through quickly to his  .right",Gulbadin,Stirling,0.0,0,0,1,1,0.0,0,,0
"34.6 
• 
Gulbadin to Stirling, no run 
moves away, and smashes that straight down the ground. Hits the stumps though. 
Unlucky, as a boundary there would have brought up three figures! 
That's drinks, and Binoy will take you through to the close of this innings 
end of over 355 runs  
IRE: 163/3CRR: 4.65  
Paul Stirling97 (109b 10x4 3x6) 
Curtis Campher29 (31b 3x4) 
Gulbadin Naib 5-0-29-0 
Rashid Khan 6-1-28-0 
Nabi comes back on. 
Thanks Debayan. Can Ireland get to 270? Stay tuned to find out.",34.6,0,0.0,"Gulbadin to Stirling, no run  .moves away, and smashes that straight down the ground. Hits the stumps though.  .Unlucky, as a boundary there would have brought up three figures!  .That's drinks, and Binoy will take you through to the close of this innings",Gulbadin,Stirling,0.0,0,0,1,1,0.0,0,,0
"35.1 
1 
M Nabi to Campher, 1 run 
hits along the ground down to long on.",35.1,1,1.0,"M Nabi to Campher, 1 run  .hits along the ground down to long on.",M Nabi,Campher,1.0,0,0,1,1,1.0,0,,1
"35.2 
• 
M Nabi to Stirling, no run 
moves back and pushes to short midwicket.",35.2,0,0.0,"M Nabi to Stirling, no run  .moves back and pushes to short midwicket.",M Nabi,Stirling,0.0,0,0,1,1,0.0,0,,0
"35.3 
1 
M Nabi to Stirling, 1 run 
punches to mid-on, the bowler and the short midwicket tries to prevent the single.",35.3,1,1.0,"M Nabi to Stirling, 1 run  .punches to mid-on, the bowler and the short midwicket tries to prevent the single.",M Nabi,Stirling,1.0,0,0,1,1,1.0,0,,1
"35.4 
1 
M Nabi to Campher, 1 run 
pulls it down through wide mid-on.",35.4,1,1.0,"M Nabi to Campher, 1 run  .pulls it down through wide mid-on.",M Nabi,Campher,1.0,0,0,1,1,1.0,0,,1
"35.5 
• 
M Nabi to Stirling, no run 
defended on the front foot to the off side.",35.5,0,0.0,"M Nabi to Stirling, no run  .defended on the front foot to the off side.",M Nabi,Stirling,0.0,0,0,1,1,0.0,0,,0
"35.6 
4 
M Nabi to Stirling, FOUR runs 
sweeps it from outside the off stump and gets it to the fine leg fence. Brings up his 100! 
Second against Afghanistan. Raises his bat, well played. 
end of over 367 runs  
IRE: 170/3CRR: 4.72  
Paul Stirling102 (113b 11x4 3x6) 
Curtis Campher31 (33b 3x4) 
Mohammad Nabi 10-0-43-0 
Gulbadin Naib 5-0-29-0",35.6,4,4.0,"M Nabi to Stirling, FOUR runs  .sweeps it from outside the off stump and gets it to the fine leg fence. Brings up his 100!  .Second against Afghanistan. Raises his bat, well played.",M Nabi,Stirling,4.0,1,0,1,1,4.0,0,,1
"36.1 
1 
Mujeeb to Campher, 1 run 
turns it forward of square leg to the deep.",36.1,1,1.0,"Mujeeb to Campher, 1 run  .turns it forward of square leg to the deep.",Mujeeb,Campher,1.0,0,0,1,1,1.0,0,,1
"36.2 
1 
Mujeeb to Stirling, 1 run 
pushes to the left of short cover and picks up a quick single.",36.2,1,1.0,"Mujeeb to Stirling, 1 run  .pushes to the left of short cover and picks up a quick single.",Mujeeb,Stirling,1.0,0,0,1,1,1.0,0,,1
"36.3 
• 
Mujeeb to Campher, no run 
turns it to the onside to short midwicket.",36.3,0,0.0,"Mujeeb to Campher, no run  .turns it to the onside to short midwicket.",Mujeeb,Campher,0.0,0,0,1,1,0.0,0,,0
"36.4 
• 
Mujeeb to Campher, no run 
moves back and punches it back to the bowler.",36.4,0,0.0,"Mujeeb to Campher, no run  .moves back and punches it back to the bowler.",Mujeeb,Campher,0.0,0,0,1,1,0.0,0,,0
"36.5 
1 
Mujeeb to Campher, 1 run 
driven to the off side to the left of mid-off.",36.5,1,1.0,"Mujeeb to Campher, 1 run  .driven to the off side to the left of mid-off.",Mujeeb,Campher,1.0,0,0,1,1,1.0,0,,1
"36.6 
1w 
Mujeeb to Stirling, 1 wide 
down the leg side.",36.6,1w,1.0,"Mujeeb to Stirling, 1 wide  .down the leg side.",Mujeeb,Stirling,0.0,0,0,0,0,1.0,0,,1
"36.6 
2 
Mujeeb to Stirling, 2 runs 
width and cut hard to deep backward point, good sliding stop by Rashid. 
end of over 376 runs  
IRE: 176/3CRR: 4.75  
Paul Stirling105 (115b 11x4 3x6) 
Curtis Campher33 (37b 3x4) 
Mujeeb Ur Rahman 8-0-37-2 
Mohammad Nabi 10-0-43-0 
Gulbadin is back.",36.6,2,2.0,"Mujeeb to Stirling, 2 runs  .width and cut hard to deep backward point, good sliding stop by Rashid.",Mujeeb,Stirling,2.0,0,0,1,1,2.0,0,,1
"37.1 
1 
Gulbadin to Campher, 1 run 
short of a length delivery nudged to short fine leg.",37.1,1,1.0,"Gulbadin to Campher, 1 run  .short of a length delivery nudged to short fine leg.",Gulbadin,Campher,1.0,0,0,1,1,1.0,0,,1
"37.2 
2 
Gulbadin to Stirling, 2 runs 
width and cut in the air and drops short of the skipper behind point, who misfields.",37.2,2,2.0,"Gulbadin to Stirling, 2 runs  .width and cut in the air and drops short of the skipper behind point, who misfields.",Gulbadin,Stirling,2.0,0,0,1,1,2.0,0,,1
"37.3 
4 
Gulbadin to Stirling, FOUR runs 
short and wide, cut away in the air to the cover fence.",37.3,4,4.0,"Gulbadin to Stirling, FOUR runs  .short and wide, cut away in the air to the cover fence.",Gulbadin,Stirling,4.0,1,0,1,1,4.0,0,,1
"37.4 
1 
Gulbadin to Stirling, 1 run 
on the pads and tucked away to deep backward square leg.",37.4,1,1.0,"Gulbadin to Stirling, 1 run  .on the pads and tucked away to deep backward square leg.",Gulbadin,Stirling,1.0,0,0,1,1,1.0,0,,1
"37.5 
1 
Gulbadin to Campher, 1 run 
turns to square leg and picks up a single.",37.5,1,1.0,"Gulbadin to Campher, 1 run  .turns to square leg and picks up a single.",Gulbadin,Campher,1.0,0,0,1,1,1.0,0,,1
"37.6 
1 
Gulbadin to Stirling, 1 run 
short ball pulled in the air to deep square leg. 
end of over 3810 runs  
IRE: 186/3CRR: 4.89  
Paul Stirling113 (119b 12x4 3x6) 
Curtis Campher35 (39b 3x4) 
Gulbadin Naib 6-0-39-0 
Mujeeb Ur Rahman 8-0-37-2",37.6,1,1.0,"Gulbadin to Stirling, 1 run  .short ball pulled in the air to deep square leg.",Gulbadin,Stirling,1.0,0,0,1,1,1.0,0,,1
"38.1 
1 
Mujeeb to Stirling, 1 run 
makes room and hits in the air to deep extra cover.",38.1,1,1.0,"Mujeeb to Stirling, 1 run  .makes room and hits in the air to deep extra cover.",Mujeeb,Stirling,1.0,0,0,1,1,1.0,0,,1
"38.2 
• 
Mujeeb to Campher, no run 
driven to the off side to mid-off.",38.2,0,0.0,"Mujeeb to Campher, no run  .driven to the off side to mid-off.",Mujeeb,Campher,0.0,0,0,1,1,0.0,0,,0
"38.3 
1 
Mujeeb to Campher, 1 run 
drives through mid-on to the deep.",38.3,1,1.0,"Mujeeb to Campher, 1 run  .drives through mid-on to the deep.",Mujeeb,Campher,1.0,0,0,1,1,1.0,0,,1
"38.4 
1 
Mujeeb to Stirling, 1 run 
on the legs and pushed wide of mid-on.",38.4,1,1.0,"Mujeeb to Stirling, 1 run  .on the legs and pushed wide of mid-on.",Mujeeb,Stirling,1.0,0,0,1,1,1.0,0,,1
"38.5 
1 
Mujeeb to Campher, 1 run 
mistimes the drive to cover point.",38.5,1,1.0,"Mujeeb to Campher, 1 run  .mistimes the drive to cover point.",Mujeeb,Campher,1.0,0,0,1,1,1.0,0,,1
"38.6 
• 
Mujeeb to Stirling, no run 
quicker delivery into the pads. 
end of over 394 runs  
IRE: 190/3CRR: 4.87  
Paul Stirling115 (122b 12x4 3x6) 
Curtis Campher37 (42b 3x4) 
Mujeeb Ur Rahman 9-0-41-2 
Gulbadin Naib 6-0-39-0 
Rashid is back",38.6,0,0.0,"Mujeeb to Stirling, no run  .quicker delivery into the pads.",Mujeeb,Stirling,0.0,0,0,1,1,0.0,0,,0
"39.1 
• 
Rashid Khan to Campher, no run 
cuts and misses.",39.1,0,0.0,"Rashid Khan to Campher, no run  .cuts and misses.",Rashid Khan,Campher,0.0,0,0,1,1,0.0,0,,0
"39.2 
1 
Rashid Khan to Campher, 1 run 
flicks it to the right of mid-on.",39.2,1,1.0,"Rashid Khan to Campher, 1 run  .flicks it to the right of mid-on.",Rashid Khan,Campher,1.0,0,0,1,1,1.0,0,,1
"39.3 
1 
Rashid Khan to Stirling, 1 run 
moves back and works through the vacant midwicket.",39.3,1,1.0,"Rashid Khan to Stirling, 1 run  .moves back and works through the vacant midwicket.",Rashid Khan,Stirling,1.0,0,0,1,1,1.0,0,,1
"39.4 
1 
Rashid Khan to Campher, 1 run 
driven along the ground to the sweeper cover.",39.4,1,1.0,"Rashid Khan to Campher, 1 run  .driven along the ground to the sweeper cover.",Rashid Khan,Campher,1.0,0,0,1,1,1.0,0,,1
"39.5 
1 
Rashid Khan to Stirling, 1 run 
punches through covers to the sweeper.",39.5,1,1.0,"Rashid Khan to Stirling, 1 run  .punches through covers to the sweeper.",Rashid Khan,Stirling,1.0,0,0,1,1,1.0,0,,1
"39.6 
1 
Rashid Khan to Campher, 1 run 
on the legs and turned through square leg to the deep. 
end of over 405 runs  
IRE: 195/3CRR: 4.87  
Curtis Campher40 (46b 3x4) 
Paul Stirling117 (124b 12x4 3x6) 
Rashid Khan 7-1-33-0 
Mujeeb Ur Rahman 9-0-41-2 
Time for the final powerplay",39.6,1,1.0,"Rashid Khan to Campher, 1 run  .on the legs and turned through square leg to the deep.",Rashid Khan,Campher,1.0,0,0,1,1,1.0,0,,1
"40.1 
4 
Gulbadin to Campher, FOUR runs 
full toss dispatched to cow corner.",40.1,4,4.0,"Gulbadin to Campher, FOUR runs  .full toss dispatched to cow corner.",Gulbadin,Campher,4.0,1,0,1,1,4.0,0,,1
"40.2 
• 
Gulbadin to Campher, no run 
slower delivery on a good length, pushes to the off side.",40.2,0,0.0,"Gulbadin to Campher, no run  .slower delivery on a good length, pushes to the off side.",Gulbadin,Campher,0.0,0,0,1,1,0.0,0,,0
"40.3 
1 
Gulbadin to Campher, 1 run 
another slower delivery turned through the vacant midwicket to the deep, brings up the 
200 for Ireland.",40.3,1,1.0,"Gulbadin to Campher, 1 run  .another slower delivery turned through the vacant midwicket to the deep, brings up the  .200 for Ireland.",Gulbadin,Campher,1.0,0,0,1,1,1.0,0,,1
"40.4 
1 
Gulbadin to Stirling, 1 run 
on the the legs and turned to the onside.",40.4,1,1.0,"Gulbadin to Stirling, 1 run  .on the the legs and turned to the onside.",Gulbadin,Stirling,1.0,0,0,1,1,1.0,0,,1
"40.5 
1 
Gulbadin to Campher, 1 run 
turned through the vacant midwicket.",40.5,1,1.0,"Gulbadin to Campher, 1 run  .turned through the vacant midwicket.",Gulbadin,Campher,1.0,0,0,1,1,1.0,0,,1
"40.6 
6 
Gulbadin to Stirling, SIX runs 
in the slot and he swings it high over wide long on. 
end of over 4113 runs  
IRE: 208/3CRR: 5.07  
Paul Stirling124 (126b 12x4 4x6) 
Curtis Campher46 (50b 4x4) 
Gulbadin Naib 7-0-52-0 
Rashid Khan 7-1-33-0",40.6,6,6.0,"Gulbadin to Stirling, SIX runs  .in the slot and he swings it high over wide long on.",Gulbadin,Stirling,6.0,0,1,1,1,6.0,0,,1
"41.1 
1 
Rashid Khan to Campher, 1 run 
drives through mid-off.",41.1,1,1.0,"Rashid Khan to Campher, 1 run  .drives through mid-off.",Rashid Khan,Campher,1.0,0,0,1,1,1.0,0,,1
"41.2 
1 
Rashid Khan to Stirling, 1 run 
stays back and pushes to the onside.",41.2,1,1.0,"Rashid Khan to Stirling, 1 run  .stays back and pushes to the onside.",Rashid Khan,Stirling,1.0,0,0,1,1,1.0,0,,1
"41.3 
W 
Rashid Khan to Campher, OUT 
wide full toss driven in the air to the off side, he could have put it anywhere, but he picks 
out the short extra cover fielder, Hashmatullah, who takes it low down in front of him. 
Curtis Campher c Hashmatullah Shahidi b Rashid Khan 47 (52b 4x4 0x6 67m) SR: 
90.38 
Tucker is the new batsman.",41.3,W,0.0,"Rashid Khan to Campher, OUT  .wide full toss driven in the air to the off side, he could have put it anywhere, but he picks  .out the short extra cover fielder, Hashmatullah, who takes it low down in front of him.  .Curtis Campher c Hashmatullah Shahidi b Rashid Khan 47 (52b 4x4 0x6 67m) SR:",Rashid Khan,Campher,0.0,0,0,1,1,0.0,1,c Hashmatullah Shahidi b Rashid Khan,0
"41.4 
2 
Rashid Khan to Tucker, 2 runs 
turned through the onside to the deep.",41.4,2,2.0,"Rashid Khan to Tucker, 2 runs  .turned through the onside to the deep.",Rashid Khan,Tucker,2.0,0,0,1,1,2.0,0,,1
"41.5 
• 
Rashid Khan to Tucker, no run 
defended back to the bowler.",41.5,0,0.0,"Rashid Khan to Tucker, no run  .defended back to the bowler.",Rashid Khan,Tucker,0.0,0,0,1,1,0.0,0,,0
"41.6 
• 
Rashid Khan to Tucker, no run 
appeal for lbw as he plays back to a quicker delivery. 
end of over 424 runs • 1 wicket 
IRE: 212/4CRR: 5.04  
Lorcan Tucker2 (3b) 
Paul Stirling125 (127b 12x4 4x6) 
Rashid Khan 8-1-37-1 
Gulbadin Naib 7-0-52-0 
Naveen is back",41.6,0,0.0,"Rashid Khan to Tucker, no run  .appeal for lbw as he plays back to a quicker delivery.",Rashid Khan,Tucker,0.0,0,0,1,1,0.0,0,,0
"42.1 
1 
Naveen-ul-Haq to Stirling, 1 run 
short slower delivery, Stirling had to wait for ages for the ball to come, finally he dabs it 
down to thirdman.",42.1,1,1.0,"Naveen-ul-Haq to Stirling, 1 run  .short slower delivery, Stirling had to wait for ages for the ball to come, finally he dabs it  .down to thirdman.",Naveen-ul-Haq,Stirling,1.0,0,0,1,1,1.0,0,,1
"42.2 
• 
Naveen-ul-Haq to Tucker, no run 
quicker this time from Naveen, blocks it down.",42.2,0,0.0,"Naveen-ul-Haq to Tucker, no run  .quicker this time from Naveen, blocks it down.",Naveen-ul-Haq,Tucker,0.0,0,0,1,1,0.0,0,,0
"42.3 
1 
Naveen-ul-Haq to Tucker, 1 run 
moves forward and across and pushes to the off side, behind point, shy at the stumps 
and they get an overthrow.",42.3,1,1.0,"Naveen-ul-Haq to Tucker, 1 run  .moves forward and across and pushes to the off side, behind point, shy at the stumps  .and they get an overthrow.",Naveen-ul-Haq,Tucker,1.0,0,0,1,1,1.0,0,,1
"42.4 
1 
Naveen-ul-Haq to Stirling, 1 run 
slower delivery cut away to the sweeper cover.",42.4,1,1.0,"Naveen-ul-Haq to Stirling, 1 run  .slower delivery cut away to the sweeper cover.",Naveen-ul-Haq,Stirling,1.0,0,0,1,1,1.0,0,,1
"42.5 
• 
Naveen-ul-Haq to Tucker, no run 
another slower delivery which does not rise up, looking to heave it away, takes the toe of 
the bat and rolls away to the off side.",42.5,0,0.0,"Naveen-ul-Haq to Tucker, no run  .another slower delivery which does not rise up, looking to heave it away, takes the toe of  .the bat and rolls away to the off side.",Naveen-ul-Haq,Tucker,0.0,0,0,1,1,0.0,0,,0
"42.6 
4 
Naveen-ul-Haq to Tucker, FOUR runs 
on the legs and clipped away to the long leg fence. 
end of over 437 runs  
IRE: 219/4CRR: 5.09  
Lorcan Tucker7 (7b 1x4) 
Paul Stirling127 (129b 12x4 4x6) 
Naveen-ul-Haq 8-0-33-1 
Rashid Khan 8-1-37-1",42.6,4,4.0,"Naveen-ul-Haq to Tucker, FOUR runs  .on the legs and clipped away to the long leg fence.",Naveen-ul-Haq,Tucker,4.0,1,0,1,1,4.0,0,,1
"43.1 
1 
Rashid Khan to Stirling, 1 run 
tossed right up and driven down the ground to long off.",43.1,1,1.0,"Rashid Khan to Stirling, 1 run  .tossed right up and driven down the ground to long off.",Rashid Khan,Stirling,1.0,0,0,1,1,1.0,0,,1
"43.2 
• 
Rashid Khan to Tucker, no run 
plays back to the bowler.",43.2,0,0.0,"Rashid Khan to Tucker, no run  .plays back to the bowler.",Rashid Khan,Tucker,0.0,0,0,1,1,0.0,0,,0
"43.3 
4 
Rashid Khan to Tucker, FOUR runs 
wider and he reverse sweeps to third man fence.",43.3,4,4.0,"Rashid Khan to Tucker, FOUR runs  .wider and he reverse sweeps to third man fence.",Rashid Khan,Tucker,4.0,1,0,1,1,4.0,0,,1
"43.4 
• 
Rashid Khan to Tucker, no run 
driven to the off side to short extra cover, the fielder does well moving to his right.",43.4,0,0.0,"Rashid Khan to Tucker, no run  .driven to the off side to short extra cover, the fielder does well moving to his right.",Rashid Khan,Tucker,0.0,0,0,1,1,0.0,0,,0
"43.5 
• 
Rashid Khan to Tucker, no run 
plays with an angled bat to short thirdman.",43.5,0,0.0,"Rashid Khan to Tucker, no run  .plays with an angled bat to short thirdman.",Rashid Khan,Tucker,0.0,0,0,1,1,0.0,0,,0
"43.6 
• 
Rashid Khan to Tucker, no run 
stays back and cannot get it through the onside. 
end of over 445 runs  
IRE: 224/4CRR: 5.09  
Lorcan Tucker11 (12b 2x4) 
Paul Stirling128 (130b 12x4 4x6) 
Rashid Khan 9-1-42-1 
Naveen-ul-Haq 8-0-33-1",43.6,0,0.0,"Rashid Khan to Tucker, no run  .stays back and cannot get it through the onside.",Rashid Khan,Tucker,0.0,0,0,1,1,0.0,0,,0
"44.1 
1lb 
Naveen-ul-Haq to Stirling, 1 leg bye 
off the pad they scamper a leg bye. 
If Stirling reaches 138, he will cross Alastair Cook's record of the highest individual 
score in ODIs at the Sheikh Zayed Stadium.",44.1,1lb,1.0,"Naveen-ul-Haq to Stirling, 1 leg bye  .off the pad they scamper a leg bye.  .If Stirling reaches 138, he will cross Alastair Cook's record of the highest individual  .score in ODIs at the Sheikh Zayed Stadium.",Naveen-ul-Haq,Stirling,0.0,0,0,1,1,0.0,0,,0
"44.2 
1 
Naveen-ul-Haq to Tucker, 1 run 
short and slower, a forehand smash down the ground to long off.",44.2,1,1.0,"Naveen-ul-Haq to Tucker, 1 run  .short and slower, a forehand smash down the ground to long off.",Naveen-ul-Haq,Tucker,1.0,0,0,1,1,1.0,0,,1
"44.3 
W 
Naveen-ul-Haq to Stirling, OUT 
width and he throws his bat at it and straight into the hands at extra cover and it is Naib 
who takes it, he had dropped Stirling early on in his innings. A wonderful knock from 
Stirling comes to an end. 
Paul Stirling c Gulbadin Naib b Naveen-ul-Haq 128 (132b 12x4 4x6 181m) SR: 96.96 
Stirling's current innings ends up fourth on the list, highest individual score in ODIs at 
the Sheikh Zayed Stadium 
Delany is the new batsman",44.3,W,0.0,"Naveen-ul-Haq to Stirling, OUT  .width and he throws his bat at it and straight into the hands at extra cover and it is Naib  .who takes it, he had dropped Stirling early on in his innings. A wonderful knock from  .Stirling comes to an end.  .Paul Stirling c Gulbadin Naib b Naveen-ul-Haq 128 (132b 12x4 4x6 181m) SR: 96.96",Naveen-ul-Haq,Stirling,0.0,0,0,1,1,0.0,1,c Gulbadin Naib b Naveen-ul-Haq,0
"44.4 
1 
Naveen-ul-Haq to Delany, 1 run 
works it behind square leg.",44.4,1,1.0,"Naveen-ul-Haq to Delany, 1 run  .works it behind square leg.",Naveen-ul-Haq,Delany,1.0,0,0,1,1,1.0,0,,1
"44.5 
1 
Naveen-ul-Haq to Tucker, 1 run 
full toss on the legs and flicked away through the vacant midwicket.",44.5,1,1.0,"Naveen-ul-Haq to Tucker, 1 run  .full toss on the legs and flicked away through the vacant midwicket.",Naveen-ul-Haq,Tucker,1.0,0,0,1,1,1.0,0,,1
"44.6 
• 
Naveen-ul-Haq to Delany, no run 
good length delivery defended to the off side. 
end of over 454 runs • 1 wicket 
IRE: 228/5CRR: 5.06  
Gareth Delany1 (2b) 
Lorcan Tucker13 (14b 2x4) 
Naveen-ul-Haq 9-0-36-2 
Rashid Khan 9-1-42-1",44.6,0,0.0,"Naveen-ul-Haq to Delany, no run  .good length delivery defended to the off side.",Naveen-ul-Haq,Delany,0.0,0,0,1,1,0.0,0,,0
"45.1 
• 
Mujeeb to Tucker, no run 
defends on the track.",45.1,0,0.0,"Mujeeb to Tucker, no run  .defends on the track.",Mujeeb,Tucker,0.0,0,0,1,1,0.0,0,,0
"45.2 
• 
Mujeeb to Tucker, no run 
pushes it through a quicker delivery.",45.2,0,0.0,"Mujeeb to Tucker, no run  .pushes it through a quicker delivery.",Mujeeb,Tucker,0.0,0,0,1,1,0.0,0,,0
"45.3 
2 
Mujeeb to Tucker, 2 runs 
cuts it behind point, a misfield once again.",45.3,2,2.0,"Mujeeb to Tucker, 2 runs  .cuts it behind point, a misfield once again.",Mujeeb,Tucker,2.0,0,0,1,1,2.0,0,,1
"45.4 
2 
Mujeeb to Tucker, 2 runs 
sweeps behind square leg and another half stop.",45.4,2,2.0,"Mujeeb to Tucker, 2 runs  .sweeps behind square leg and another half stop.",Mujeeb,Tucker,2.0,0,0,1,1,2.0,0,,1
"45.5 
W 
Mujeeb to Tucker, OUT 
slog sweeps it high in the air to deep square leg and taken by Nabi. He did not have a go 
at it with a full swing. 
Lorcan Tucker c Mohammad Nabi b Mujeeb Ur Rahman 17 (19b 2x4 0x6 19m) SR: 
89.47 
Simi Singh comes in, it will be Delany on strike as they had crossed.",45.5,W,0.0,"Mujeeb to Tucker, OUT  .slog sweeps it high in the air to deep square leg and taken by Nabi. He did not have a go  .at it with a full swing.  .Lorcan Tucker c Mohammad Nabi b Mujeeb Ur Rahman 17 (19b 2x4 0x6 19m) SR:",Mujeeb,Tucker,0.0,0,0,1,1,0.0,1,c Mohammad Nabi b Mujeeb Ur Rahman,0
"45.6 
1 
Mujeeb to Delany, 1 run 
turns it through square leg. 
end of over 465 runs • 1 wicket 
IRE: 233/6CRR: 5.06  
Gareth Delany2 (3b) 
Simi Singh0 (0b) 
Mujeeb Ur Rahman 10-0-46-3 
Naveen-ul-Haq 9-0-36-2",45.6,1,1.0,"Mujeeb to Delany, 1 run  .turns it through square leg.",Mujeeb,Delany,1.0,0,0,1,1,1.0,0,,1
"46.1 
1 
Gulbadin to Delany, 1 run 
full on the legs and clipped away to deep square leg.",46.1,1,1.0,"Gulbadin to Delany, 1 run  .full on the legs and clipped away to deep square leg.",Gulbadin,Delany,1.0,0,0,1,1,1.0,0,,1
"46.2 
1 
Gulbadin to Simi Singh, 1 run 
worked through midwicket for a single.",46.2,1,1.0,"Gulbadin to Simi Singh, 1 run  .worked through midwicket for a single.",Gulbadin,Simi Singh,1.0,0,0,1,1,1.0,0,,1
"46.3 
• 
Gulbadin to Delany, no run 
fuller and driven to the off side to extra cover.",46.3,0,0.0,"Gulbadin to Delany, no run  .fuller and driven to the off side to extra cover.",Gulbadin,Delany,0.0,0,0,1,1,0.0,0,,0
"46.4 
1w 
Gulbadin to Delany, 1 wide 
short down the leg side.",46.4,1w,1.0,"Gulbadin to Delany, 1 wide  .short down the leg side.",Gulbadin,Delany,0.0,0,0,0,0,1.0,0,,1
"46.4 
1 
Gulbadin to Delany, 1 run 
driven along the ground to the sweeper cover.",46.4,1,1.0,"Gulbadin to Delany, 1 run  .driven along the ground to the sweeper cover.",Gulbadin,Delany,1.0,0,0,1,1,1.0,0,,1
"46.5 
1 
Gulbadin to Simi Singh, 1 run 
inside edges to the off side.",46.5,1,1.0,"Gulbadin to Simi Singh, 1 run  .inside edges to the off side.",Gulbadin,Simi Singh,1.0,0,0,1,1,1.0,0,,1
"46.6 
• 
Gulbadin to Delany, no run 
under edges to the keeper. 
end of over 475 runs  
IRE: 238/6CRR: 5.06  
Gareth Delany4 (7b) 
Simi Singh2 (2b) 
Gulbadin Naib 8-0-57-0 
Mujeeb Ur Rahman 10-0-46-3",46.6,0,0.0,"Gulbadin to Delany, no run  .under edges to the keeper.",Gulbadin,Delany,0.0,0,0,1,1,0.0,0,,0
"47.1 
1 
Rashid Khan to Simi Singh, 1 run 
pushes through covers to the sweeper.",47.1,1,1.0,"Rashid Khan to Simi Singh, 1 run  .pushes through covers to the sweeper.",Rashid Khan,Simi Singh,1.0,0,0,1,1,1.0,0,,1
"47.2 
1 
Rashid Khan to Delany, 1 run 
pushes to mid-on.",47.2,1,1.0,"Rashid Khan to Delany, 1 run  .pushes to mid-on.",Rashid Khan,Delany,1.0,0,0,1,1,1.0,0,,1
"47.3 
1 
Rashid Khan to Simi Singh, 1 run 
moves back and works it forward of square leg.",47.3,1,1.0,"Rashid Khan to Simi Singh, 1 run  .moves back and works it forward of square leg.",Rashid Khan,Simi Singh,1.0,0,0,1,1,1.0,0,,1
"47.4 
1 
Rashid Khan to Delany, 1 run 
tucks to the vacant midwicket.",47.4,1,1.0,"Rashid Khan to Delany, 1 run  .tucks to the vacant midwicket.",Rashid Khan,Delany,1.0,0,0,1,1,1.0,0,,1
"47.5 
2 
Rashid Khan to Simi Singh, 2 runs 
dropped by Rahmat Shah, tossed up and hit in the air down the ground to long off and 
another regulation catch dropped.",47.5,2,2.0,"Rashid Khan to Simi Singh, 2 runs  .dropped by Rahmat Shah, tossed up and hit in the air down the ground to long off and  .another regulation catch dropped.",Rashid Khan,Simi Singh,2.0,0,0,1,1,2.0,0,,1
"47.6 
1 
Rashid Khan to Simi Singh, 1 run 
turns it through the onside to the deep and Rashid is frustrated. 
end of over 487 runs  
IRE: 245/6CRR: 5.10  
Simi Singh7 (6b) 
Gareth Delany6 (9b) 
Rashid Khan 10-1-49-1 
Gulbadin Naib 8-0-57-0",47.6,1,1.0,"Rashid Khan to Simi Singh, 1 run  .turns it through the onside to the deep and Rashid is frustrated.",Rashid Khan,Simi Singh,1.0,0,0,1,1,1.0,0,,1
"48.1 
4 
Naveen-ul-Haq to Simi Singh, FOUR runs 
lovely footwork, down the track and drives it well to the left of mid-off to the fence.",48.1,4,4.0,"Naveen-ul-Haq to Simi Singh, FOUR runs  .lovely footwork, down the track and drives it well to the left of mid-off to the fence.",Naveen-ul-Haq,Simi Singh,4.0,1,0,1,1,4.0,0,,1
"48.2 
2 
Naveen-ul-Haq to Simi Singh, 2 runs 
on the legs and tucked to long leg.",48.2,2,2.0,"Naveen-ul-Haq to Simi Singh, 2 runs  .on the legs and tucked to long leg.",Naveen-ul-Haq,Simi Singh,2.0,0,0,1,1,2.0,0,,1
"48.3 
• 
Naveen-ul-Haq to Simi Singh, no run 
looking to steer it down, misses it and through to the keeper.",48.3,0,0.0,"Naveen-ul-Haq to Simi Singh, no run  .looking to steer it down, misses it and through to the keeper.",Naveen-ul-Haq,Simi Singh,0.0,0,0,1,1,0.0,0,,0
"48.4 
• 
Naveen-ul-Haq to Simi Singh, no run 
short slower bouncer, misses the upper cut. 
Shafiq: ""Why wear sunglasses if you don't feel comfortable with them? Dropped 
Catches!!! Just asking.""",48.4,0,0.0,"Naveen-ul-Haq to Simi Singh, no run  .short slower bouncer, misses the upper cut.",Naveen-ul-Haq,Simi Singh,0.0,0,0,1,1,0.0,0,,0
"48.5 
W 
Naveen-ul-Haq to Simi Singh, OUT 
short slower bouncer and Simi Singh looks to hook it and gets the glove and lobs up to 
the keeper. 
Simi Singh c †Rahmanullah Gurbaz b Naveen-ul-Haq 13 (11b 1x4 0x6 12m) SR: 118.18 
McBrine is the new batsman.",48.5,W,0.0,"Naveen-ul-Haq to Simi Singh, OUT  .short slower bouncer and Simi Singh looks to hook it and gets the glove and lobs up to  .the keeper.  .Simi Singh c †Rahmanullah Gurbaz b Naveen-ul-Haq 13 (11b 1x4 0x6 12m) SR: 118.18",Naveen-ul-Haq,Simi Singh,0.0,0,0,1,1,0.0,1,c †Rahmanullah Gurbaz b Naveen-ul-Haq,0
"48.6 
W 
Naveen-ul-Haq to McBrine, OUT 
two in two, round the wicket and knocks the top of off stump, McBrine looks to go big 
through the onside and he misses it. You miss I hit. 
Andy McBrine b Naveen-ul-Haq 0 (1b 0x4 0x6 1m) SR: 0 
end of over 496 runs • 2 wickets 
IRE: 251/8CRR: 5.12  
Gareth Delany6 (9b) 
Naveen-ul-Haq 10-0-42-4 
Rashid Khan 10-1-49-1",48.6,W,0.0,"Naveen-ul-Haq to McBrine, OUT  .two in two, round the wicket and knocks the top of off stump, McBrine looks to go big  .through the onside and he misses it. You miss I hit.  .Andy McBrine b Naveen-ul-Haq 0 (1b 0x4 0x6 1m) SR: 0",Naveen-ul-Haq,McBrine,0.0,0,0,1,1,0.0,1,b Naveen-ul-Haq,0
"49.1 
1 
Gulbadin to Delany, 1 run 
driven through the off side to the sweeper cover.",49.1,1,1.0,"Gulbadin to Delany, 1 run  .driven through the off side to the sweeper cover.",Gulbadin,Delany,1.0,0,0,1,1,1.0,0,,1
"49.2 
W 
Gulbadin to McCarthy, OUT 
swings it high in the air to deep midwicket and Rashid waits for it and takes it well. 
Barry McCarthy c Rashid Khan b Gulbadin Naib 0 (1b 0x4 0x6 2m) SR: 0 
Young is the new batsman. Delany is on strike",49.2,W,0.0,"Gulbadin to McCarthy, OUT  .swings it high in the air to deep midwicket and Rashid waits for it and takes it well.  .Barry McCarthy c Rashid Khan b Gulbadin Naib 0 (1b 0x4 0x6 2m) SR: 0",Gulbadin,McCarthy,0.0,0,0,1,1,0.0,1,c Rashid Khan b Gulbadin Naib,0
"49.3 
1w 
Gulbadin to Delany, 1 wide 
too wide outside the off stump.",49.3,1w,1.0,"Gulbadin to Delany, 1 wide  .too wide outside the off stump.",Gulbadin,Delany,0.0,0,0,0,0,1.0,0,,1
"49.3 
2 
Gulbadin to Delany, 2 runs 
drives square to deep backward point.",49.3,2,2.0,"Gulbadin to Delany, 2 runs  .drives square to deep backward point.",Gulbadin,Delany,2.0,0,0,1,1,2.0,0,,1
"49.4 
2 
Gulbadin to Delany, 2 runs 
moves across to the slower delivery and pushes through extra cover, almost a catch to 
the fielder, they scamper through for the second run. 
Rahmat Shah seems to have injured himself and he goes off the field.",49.4,2,2.0,"Gulbadin to Delany, 2 runs  .moves across to the slower delivery and pushes through extra cover, almost a catch to  .the fielder, they scamper through for the second run.  .Rahmat Shah seems to have injured himself and he goes off the field.",Gulbadin,Delany,2.0,0,0,1,1,2.0,0,,1
"49.5 
1 
Gulbadin to Delany, 1 run 
slower delivery, he moves to the off side and looks to go big, could only get it to square 
leg.",49.5,1,1.0,"Gulbadin to Delany, 1 run  .slower delivery, he moves to the off side and looks to go big, could only get it to square  .leg.",Gulbadin,Delany,1.0,0,0,1,1,1.0,0,,1
"49.6 
1lb 
Gulbadin to Young, 1 leg bye 
moves across to the off side and looks to ramp it, off the pad behind the wicket on the 
onside. 
Innings break:Irealnd's innings revolved around Paul Stirling. Ireland end up on 259, is it 
enough, we will find out, do join Debayan after the break. 
end of over 508 runs • 1 wicket 
IRE: 259/9CRR: 5.18  
Craig Young0 (1b) 
Gareth Delany12 (13b) 
Gulbadin Naib 9-0-64-1 
Naveen-ul-Haq 10-0-42-4 
Sponsored Headlines 
 
PCB slashes player match fees by 75% for National T20 Cup | ESPNcricinfoDiscover 
 
Virat Kohli bats for families' presence on India's tours | ESPNcricinfoDiscover 
 
Online Shopping Tools| 
Sponsored by TaboolaSponsored by Taboola 
Amazon Is Losing Money as Arizona Shoppers Are Canceling Prime for This Clever 
HackRead MoreSkip 
 
IPL 2025 - Shreyas Iyer wants to 'mark' himself at No. 3 in IPL 2025 | 
ESPNcricinfoDiscover 
 
IPL 2025 - RCB hunt for IPL glory continues with Rajat Patidar as captain and Virat Kohli 
as the talisman | ESPNcricinfoDiscover 
 
Flight Attendant Reveals How To Fly Business Class For The Price of 
EconomyAmericans, you'll want to check this out ASAPOnline Shopping Tools| 
SponsoredSponsored 
Undo 
 
Your Best Life Starts TodayBoost energy, mood, libido, and lean muscle with our 
powerful TRT Gel. Feel the difference, track your progress, and maximize your results 
with ease. Prescription products require an online consultation with a doctor. Results 
may vary.Maximus| 
SponsoredSponsored 
Learn More 
Undo 
 
Modular Whole Home Backup Power, Tailor Made For Every HomeEcoFlow DELTA Pro 
Ultra: Stackable, Space-Saving & Hassle-Free Home Batteries Up To 90kw. Good For 1-
Month Backup.Ecoflow| 
SponsoredSponsored 
Learn More 
Undo 
 
Your 2025 Horoscope Is So Detailed You'll Get Goosebumps!My Astrology| 
SponsoredSponsored 
Undo 
 
15 Most Beautiful Women EverToday's NYC| 
SponsoredSponsored 
Undo 
 
Jlo's Daughter Steals The Show With Her Mom's Iconic Green DressBridesBlush| 
SponsoredSponsored 
Undo 
 
Amazing Historical Photos That Show The Past Like Never BeforeBridesBlush| 
SponsoredSponsored 
Undo 
 
They were so beautiful before; look at them now; number 10 will Surprise youToday's 
NYC| 
SponsoredSponsored 
Undo 
 
Scarlett Johansson, 40, Shows Off Her Actual Size In A New PhotosThe Latest Article| 
SponsoredSponsored 
Undo 
 
After Years Of Working At CNN, This Is Erin Burnett's Annual SalaryFinance Nemo| 
SponsoredSponsored 
Undo 
 
Unbeatable Prices on TemuUnbeatable Prices on Quality ProductsTEMU| 
SponsoredSponsored 
Shop Now 
Undo 
 
Ending Soon | Buy Before 03/20Invest in Miso Robotics, Pioneers in AI-Powered Fast 
Food with the Revolutionary Flippy.Miso Robotics| 
SponsoredSponsored 
Learn More 
Undo 
Match Coverage 
All Match News 
 
Rahmat Shah's 103* trumps Paul Stirling's 128 as 
Afghanistan go 2-0 up 
Naveen-ul-Haq and Mujeeb Ur Rahman played key roles to restrict Ireland to 259 
 
 
 
Instant answers to T20 questions 
What is the highest total chased in men's T20 World Cups? 
Most sixes in an innings by a batter in men's T20 World Cups? 
Who has taken the most Powerplay wickets in men's T20 World Cups? 
Ask a question 
Afghanistan Innings 
Player Name 
R 
B 
Rahmanullah 
Gurbaz 
lbw 
31 
26 
Player Name 
R 
B 
Javed 
Ahmadi 
lbw 
16 
24 
Rahmat Shah not out 
103 109 
Hashmatullah 
Shahidi 
caught 
82 
100 
Asghar 
Afghan 
not out 
21 
13 
Extras 
(lb 1, w 6) 
Total 
260(3 wkts;",49.6,1lb,1.0,"Gulbadin to Young, 1 leg bye  .moves across to the off side and looks to ramp it, off the pad behind the wicket on the  .onside.  .Innings break:Irealnd's innings revolved around Paul Stirling. Ireland end up on 259, is it  .enough, we will find out, do join Debayan after the break.",Gulbadin,Young,0.0,0,0,1,1,0.0,0,,0
