raw_data,overs,runs,team_runs,commentary,bowler,batsman,batsman_runs,batsman_fours,batsman_sixes,batsman_bowls_faced,bowler_bowls_done,bowler_runs_given,bowler_wickets,dismissal,runs_given_bool
"0.1 
5w 
Little to Nissanka, 5 wide 
yikes. Length ball sprayed down the leg side, Tucker can't stop it and it goes for five 
wides to the fine leg boundary.",0.1,5w,5.0,"Little to Nissanka, 5 wide  .yikes. Length ball sprayed down the leg side, Tucker can't stop it and it goes for five  .wides to the fine leg boundary.",Little,Nissanka,0.0,0,0,0,0,5.0,0,,1
"0.1 
• 
Little to Nissanka, no run 
back of a length on seventh stump, goes onto the back foot tl slap to cover for none.",0.1,0,0.0,"Little to Nissanka, no run  .back of a length on seventh stump, goes onto the back foot tl slap to cover for none.",Little,Nissanka,0.0,0,0,1,1,0.0,0,,0
"0.2 
• 
Little to Nissanka, no run 
back of length on fourth stump, defended back down the pitch.",0.2,0,0.0,"Little to Nissanka, no run  .back of length on fourth stump, defended back down the pitch.",Little,Nissanka,0.0,0,0,1,1,0.0,0,,0
"0.3 
3w 
Little to Nissanka, 3 wide 
good length ball swinging down the leg side, this time Tucker gets a partial glove on it to 
slow it down toward deep fine leg and they run two to make it three wides.",0.3,3w,3.0,"Little to Nissanka, 3 wide  .good length ball swinging down the leg side, this time Tucker gets a partial glove on it to  .slow it down toward deep fine leg and they run two to make it three wides.",Little,Nissanka,0.0,0,0,0,0,3.0,0,,1
"0.3 
4 
Little to Nissanka, FOUR runs 
full and swinging into middle and leg, just a graceful flick in the air over backward 
square leg and bounces away to the rope.",0.3,4,4.0,"Little to Nissanka, FOUR runs  .full and swinging into middle and leg, just a graceful flick in the air over backward  .square leg and bounces away to the rope.",Little,Nissanka,4.0,1,0,1,1,4.0,0,,1
"0.4 
• 
Little to Nissanka, no run 
full on fourth stump, defended to midwicket.",0.4,0,0.0,"Little to Nissanka, no run  .full on fourth stump, defended to midwicket.",Little,Nissanka,0.0,0,0,1,1,0.0,0,,0
"0.5 
1 
Little to Nissanka, 1 run 
full on fourth stump, punched between extra cover and mid-off for one.",0.5,1,1.0,"Little to Nissanka, 1 run  .full on fourth stump, punched between extra cover and mid-off for one.",Little,Nissanka,1.0,0,0,1,1,1.0,0,,1
"0.6 
• 
Little to Dimuth Karunaratne, no run 
length ball on sixth stump, miscues a back foot punch into the covers for none. 
end of over 113 runs  
SL: 13/0CRR: 13.00  
Dimuth Karunaratne0 (1b) 
Pathum Nissanka5 (5b 1x4) 
Josh Little 1-0-13-0 
Mark Adair with the new ball from this end. Aborts his delivery after charging in the first 
time due to stumbling on his landing at the crease.",0.6,0,0.0,"Little to Dimuth Karunaratne, no run  .length ball on sixth stump, miscues a back foot punch into the covers for none.",Little,Dimuth Karunaratne,0.0,0,0,1,1,0.0,0,,0
"1.1 
3 
Adair to Nissanka, 3 runs 
juicy half-volley on eighth stump, Nissanka gets on a knee to drive through extra cover 
and it stops just short of the rope for three. Came off more of the toe of the bat.",1.1,3,3.0,"Adair to Nissanka, 3 runs  .juicy half-volley on eighth stump, Nissanka gets on a knee to drive through extra cover  .and it stops just short of the rope for three. Came off more of the toe of the bat.",Adair,Nissanka,3.0,0,0,1,1,3.0,0,,1
"1.2 
1 
Adair to Dimuth Karunaratne, 1 run 
back of a length on fourth stump, tap and run short of mid-off for one.",1.2,1,1.0,"Adair to Dimuth Karunaratne, 1 run  .back of a length on fourth stump, tap and run short of mid-off for one.",Adair,Dimuth Karunaratne,1.0,0,0,1,1,1.0,0,,1
"1.3 
• 
Adair to Nissanka, no run 
back of a length on fourth stump, defended.",1.3,0,0.0,"Adair to Nissanka, no run  .back of a length on fourth stump, defended.",Adair,Nissanka,0.0,0,0,1,1,0.0,0,,0
"1.4 
• 
Adair to Nissanka, no run 
full on the stumps, defended.",1.4,0,0.0,"Adair to Nissanka, no run  .full on the stumps, defended.",Adair,Nissanka,0.0,0,0,1,1,0.0,0,,0
"1.5 
• 
Adair to Nissanka, no run 
good length ball angled into off stump and Nissanka defends down the wrong line as it 
hits him above the knee high shaping toward middle and leg. LBW shout denied.",1.5,0,0.0,"Adair to Nissanka, no run  .good length ball angled into off stump and Nissanka defends down the wrong line as it  .hits him above the knee high shaping toward middle and leg. LBW shout denied.",Adair,Nissanka,0.0,0,0,1,1,0.0,0,,0
"1.6 
• 
Adair to Nissanka, no run 
good length ball on off stump, defended. 
end of over 24 runs  
SL: 17/0CRR: 8.50  
Pathum Nissanka8 (10b 1x4) 
Dimuth Karunaratne1 (2b) 
Mark Adair 1-0-4-0 
Josh Little 1-0-13-0",1.6,0,0.0,"Adair to Nissanka, no run  .good length ball on off stump, defended.",Adair,Nissanka,0.0,0,0,1,1,0.0,0,,0
"2.1 
1 
Little to Dimuth Karunaratne, 1 run 
back of a length on fifth stump, pulls this into the ground to midwicket for one.",2.1,1,1.0,"Little to Dimuth Karunaratne, 1 run  .back of a length on fifth stump, pulls this into the ground to midwicket for one.",Little,Dimuth Karunaratne,1.0,0,0,1,1,1.0,0,,1
"2.2 
1w 
Little to Nissanka, 1 wide 
full on the legs, flicks the pads on the way through to Tucker who gives to his left to 
take it.",2.2,1w,1.0,"Little to Nissanka, 1 wide  .full on the legs, flicks the pads on the way through to Tucker who gives to his left to  .take it.",Little,Nissanka,0.0,0,0,0,0,1.0,0,,1
"2.2 
4 
Little to Nissanka, FOUR runs 
short on fifth stump, goes to pull and a top edge swirls over Tucker to the fine leg rope.",2.2,4,4.0,"Little to Nissanka, FOUR runs  .short on fifth stump, goes to pull and a top edge swirls over Tucker to the fine leg rope.",Little,Nissanka,4.0,1,0,1,1,4.0,0,,1
"2.3 
• 
Little to Nissanka, no run 
fullish length ball angled across sixth stump, goes to drive and misses.",2.3,0,0.0,"Little to Nissanka, no run  .fullish length ball angled across sixth stump, goes to drive and misses.",Little,Nissanka,0.0,0,0,1,1,0.0,0,,0
"2.4 
4 
Little to Nissanka, FOUR runs 
overpitched on fourth stump, pumps a straight drive back down the pitch past Little's 
foot trying to kick this to stop it and splits mid-on and mid-off to the rope.",2.4,4,4.0,"Little to Nissanka, FOUR runs  .overpitched on fourth stump, pumps a straight drive back down the pitch past Little's  .foot trying to kick this to stop it and splits mid-on and mid-off to the rope.",Little,Nissanka,4.0,1,0,1,1,4.0,0,,1
"2.5 
• 
Little to Nissanka, no run 
back of a length on the stumps, defended to midwicket.",2.5,0,0.0,"Little to Nissanka, no run  .back of a length on the stumps, defended to midwicket.",Little,Nissanka,0.0,0,0,1,1,0.0,0,,0
"2.6 
4 
Little to Nissanka, FOUR runs 
overpitched again on fifth stump, this time a much crisper drive past the non-striker to 
the mid-off rope. 
end of over 314 runs  
SL: 31/0CRR: 10.33  
Pathum Nissanka20 (15b 4x4) 
Dimuth Karunaratne2 (3b) 
Josh Little 2-0-27-0 
Mark Adair 1-0-4-0 
Issue with the sightscreen is delaying the start of the fourth over.",2.6,4,4.0,"Little to Nissanka, FOUR runs  .overpitched again on fifth stump, this time a much crisper drive past the non-striker to  .the mid-off rope.",Little,Nissanka,4.0,1,0,1,1,4.0,0,,1
"3.1 
• 
Adair to Dimuth Karunaratne, no run 
full on fourth stump, punched back to Adair for none.",3.1,0,0.0,"Adair to Dimuth Karunaratne, no run  .full on fourth stump, punched back to Adair for none.",Adair,Dimuth Karunaratne,0.0,0,0,1,1,0.0,0,,0
"3.2 
• 
Adair to Dimuth Karunaratne, no run 
fullish length on the pads, late on a flick and a stifled lbw shout is denied.",3.2,0,0.0,"Adair to Dimuth Karunaratne, no run  .fullish length on the pads, late on a flick and a stifled lbw shout is denied.",Adair,Dimuth Karunaratne,0.0,0,0,1,1,0.0,0,,0
"3.3 
• 
Adair to Dimuth Karunaratne, no run 
fullish length on fifth stump, drives this for cover but picks out the fielder for one.",3.3,0,0.0,"Adair to Dimuth Karunaratne, no run  .fullish length on fifth stump, drives this for cover but picks out the fielder for one.",Adair,Dimuth Karunaratne,0.0,0,0,1,1,0.0,0,,0
"3.4 
• 
Adair to Dimuth Karunaratne, no run 
fullish length ball angled down the leg side, Adair appeals for caught behind as the flick 
is late. But umpire Brathwaite says not out.",3.4,0,0.0,"Adair to Dimuth Karunaratne, no run  .fullish length ball angled down the leg side, Adair appeals for caught behind as the flick  .is late. But umpire Brathwaite says not out.",Adair,Dimuth Karunaratne,0.0,0,0,1,1,0.0,0,,0
"3.5 
• 
Adair to Dimuth Karunaratne, no run 
good length ball on sixth stump seaming away to beat a back foot punch.",3.5,0,0.0,"Adair to Dimuth Karunaratne, no run  .good length ball on sixth stump seaming away to beat a back foot punch.",Adair,Dimuth Karunaratne,0.0,0,0,1,1,0.0,0,,0
"3.6 
• 
Adair to Dimuth Karunaratne, no run 
fullish length angled into the pads, goes to flick but is late, lbw shout denied. Hit outside 
off stump. 
end of over 4Maiden 
SL: 31/0CRR: 7.75  
Dimuth Karunaratne2 (9b) 
Pathum Nissanka20 (15b 4x4) 
Mark Adair 2-1-4-0 
Josh Little 2-0-27-0 
Barry McCarthy into the attack in the fifth over after two overs of filth with the new ball 
from Josh Little. Two slips in.",3.6,0,0.0,"Adair to Dimuth Karunaratne, no run  .fullish length angled into the pads, goes to flick but is late, lbw shout denied. Hit outside  .off stump.",Adair,Dimuth Karunaratne,0.0,0,0,1,1,0.0,0,,0
"4.1 
• 
McCarthy to Nissanka, no run 
short on seventh stump, toes a pull into the ground to midwicket for none.",4.1,0,0.0,"McCarthy to Nissanka, no run  .short on seventh stump, toes a pull into the ground to midwicket for none.",McCarthy,Nissanka,0.0,0,0,1,1,0.0,0,,0
"4.2 
• 
McCarthy to Nissanka, no run 
back of a length on seventh stump, defended to mid-off.",4.2,0,0.0,"McCarthy to Nissanka, no run  .back of a length on seventh stump, defended to mid-off.",McCarthy,Nissanka,0.0,0,0,1,1,0.0,0,,0
"4.3 
• 
McCarthy to Nissanka, no run 
back of a length on sixth stump, defended again to mid-off.",4.3,0,0.0,"McCarthy to Nissanka, no run  .back of a length on sixth stump, defended again to mid-off.",McCarthy,Nissanka,0.0,0,0,1,1,0.0,0,,0
"4.4 
• 
McCarthy to Nissanka, no run 
good length on fourth stump, miscues a drive and McCarthy intercepts this going to his 
right in his followthrough.",4.4,0,0.0,"McCarthy to Nissanka, no run  .good length on fourth stump, miscues a drive and McCarthy intercepts this going to his  .right in his followthrough.",McCarthy,Nissanka,0.0,0,0,1,1,0.0,0,,0
"4.5 
• 
McCarthy to Nissanka, no run 
back of a length on sixth stump, defended to cover.",4.5,0,0.0,"McCarthy to Nissanka, no run  .back of a length on sixth stump, defended to cover.",McCarthy,Nissanka,0.0,0,0,1,1,0.0,0,,0
"4.6 
• 
McCarthy to Nissanka, no run 
good length ball on fourth stump, defended. 
end of over 5Maiden 
SL: 31/0CRR: 6.20  
Pathum Nissanka20 (21b 4x4) 
Dimuth Karunaratne2 (9b) 
Barry McCarthy 1-1-0-0 
Mark Adair 2-1-4-0",4.6,0,0.0,"McCarthy to Nissanka, no run  .good length ball on fourth stump, defended.",McCarthy,Nissanka,0.0,0,0,1,1,0.0,0,,0
"5.1 
• 
Adair to Dimuth Karunaratne, no run 
fullish length angled in toward fourth stump, defended to mid-on for none.",5.1,0,0.0,"Adair to Dimuth Karunaratne, no run  .fullish length angled in toward fourth stump, defended to mid-on for none.",Adair,Dimuth Karunaratne,0.0,0,0,1,1,0.0,0,,0
"5.2 
2 
Adair to Dimuth Karunaratne, 2 runs 
back of a length on fifth stump, walks down the pitch to flick through square leg for two.",5.2,2,2.0,"Adair to Dimuth Karunaratne, 2 runs  .back of a length on fifth stump, walks down the pitch to flick through square leg for two.",Adair,Dimuth Karunaratne,2.0,0,0,1,1,2.0,0,,1
"5.3 
2 
Adair to Dimuth Karunaratne, 2 runs 
length ball on sixth stump, pulled wide of mid-on for two.",5.3,2,2.0,"Adair to Dimuth Karunaratne, 2 runs  .length ball on sixth stump, pulled wide of mid-on for two.",Adair,Dimuth Karunaratne,2.0,0,0,1,1,2.0,0,,1
"5.4 
• 
Adair to Dimuth Karunaratne, no run 
back of a length outside off, miscued into the covers for none.",5.4,0,0.0,"Adair to Dimuth Karunaratne, no run  .back of a length outside off, miscued into the covers for none.",Adair,Dimuth Karunaratne,0.0,0,0,1,1,0.0,0,,0
"5.5 
1 
Adair to Dimuth Karunaratne, 1 run 
fullish length on seventh stump, goes to drive on one knee and slices a drive wide of the 
slips to deep third man for one.",5.5,1,1.0,"Adair to Dimuth Karunaratne, 1 run  .fullish length on seventh stump, goes to drive on one knee and slices a drive wide of the  .slips to deep third man for one.",Adair,Dimuth Karunaratne,1.0,0,0,1,1,1.0,0,,1
"5.6 
• 
Adair to Nissanka, no run 
fullish length angled into the legs, lbw shout denied. Missing leg. 
end of over 65 runs  
SL: 36/0CRR: 6.00  
Pathum Nissanka20 (22b 4x4) 
Dimuth Karunaratne7 (14b) 
Mark Adair 3-1-9-0 
Barry McCarthy 1-1-0-0",5.6,0,0.0,"Adair to Nissanka, no run  .fullish length angled into the legs, lbw shout denied. Missing leg.",Adair,Nissanka,0.0,0,0,1,1,0.0,0,,0
"6.1 
1w 
McCarthy to Dimuth Karunaratne, 1 wide 
back of a length tailing past the hips and a flick, wife called.",6.1,1w,1.0,"McCarthy to Dimuth Karunaratne, 1 wide  .back of a length tailing past the hips and a flick, wife called.",McCarthy,Dimuth Karunaratne,0.0,0,0,0,0,1.0,0,,1
"6.1 
• 
McCarthy to Dimuth Karunaratne, no run 
good length ball angled across fifth stump, Karunaratne tries to drive this on the up 
through extra cover but is late.",6.1,0,0.0,"McCarthy to Dimuth Karunaratne, no run  .good length ball angled across fifth stump, Karunaratne tries to drive this on the up  .through extra cover but is late.",McCarthy,Dimuth Karunaratne,0.0,0,0,1,1,0.0,0,,0
"6.2 
4 
McCarthy to Dimuth Karunaratne, FOUR runs 
length ball on fourth stump, pulls this flat through square leg to the rope. That shot 
brings up 1000 career ODI runs for Karunaratne.",6.2,4,4.0,"McCarthy to Dimuth Karunaratne, FOUR runs  .length ball on fourth stump, pulls this flat through square leg to the rope. That shot  .brings up 1000 career ODI runs for Karunaratne.",McCarthy,Dimuth Karunaratne,4.0,1,0,1,1,4.0,0,,1
"6.3 
• 
McCarthy to Dimuth Karunaratne, no run 
back of a length on off stump, defended.",6.3,0,0.0,"McCarthy to Dimuth Karunaratne, no run  .back of a length on off stump, defended.",McCarthy,Dimuth Karunaratne,0.0,0,0,1,1,0.0,0,,0
"6.4 
• 
McCarthy to Dimuth Karunaratne, no run 
short on the body, goes to pull this and is hit on the ribs.",6.4,0,0.0,"McCarthy to Dimuth Karunaratne, no run  .short on the body, goes to pull this and is hit on the ribs.",McCarthy,Dimuth Karunaratne,0.0,0,0,1,1,0.0,0,,0
"6.5 
4 
McCarthy to Dimuth Karunaratne, FOUR runs 
overpitched on leg stump, flicked effortlessly to the rope.",6.5,4,4.0,"McCarthy to Dimuth Karunaratne, FOUR runs  .overpitched on leg stump, flicked effortlessly to the rope.",McCarthy,Dimuth Karunaratne,4.0,1,0,1,1,4.0,0,,1
"6.6 
1 
McCarthy to Dimuth Karunaratne, 1 run 
back of a length on the hips, flicked to deep fine leg for one. 
end of over 710 runs  
SL: 46/0CRR: 6.57  
Dimuth Karunaratne16 (20b 2x4) 
Pathum Nissanka20 (22b 4x4) 
Barry McCarthy 2-1-10-0 
Mark Adair 3-1-9-0",6.6,1,1.0,"McCarthy to Dimuth Karunaratne, 1 run  .back of a length on the hips, flicked to deep fine leg for one.",McCarthy,Dimuth Karunaratne,1.0,0,0,1,1,1.0,0,,1
"7.1 
• 
Adair to Dimuth Karunaratne, no run 
back of a length on leg stump, Karunaratne shuffles across and misses a flick. No wide 
called though as he went well past his stumps. All three were showing and it looked like 
the ball cleared over leg stump.",7.1,0,0.0,"Adair to Dimuth Karunaratne, no run  .back of a length on leg stump, Karunaratne shuffles across and misses a flick. No wide  .called though as he went well past his stumps. All three were showing and it looked like  .the ball cleared over leg stump.",Adair,Dimuth Karunaratne,0.0,0,0,1,1,0.0,0,,0
"7.2 
• 
Adair to Dimuth Karunaratne, no run 
back of a length on fifth stump, defended to midwicket.",7.2,0,0.0,"Adair to Dimuth Karunaratne, no run  .back of a length on fifth stump, defended to midwicket.",Adair,Dimuth Karunaratne,0.0,0,0,1,1,0.0,0,,0
"7.3 
1 
Adair to Dimuth Karunaratne, 1 run 
full on fourth stump, punched toward mid-on and a misfield by Campher allows the run.",7.3,1,1.0,"Adair to Dimuth Karunaratne, 1 run  .full on fourth stump, punched toward mid-on and a misfield by Campher allows the run.",Adair,Dimuth Karunaratne,1.0,0,0,1,1,1.0,0,,1
"7.4 
1lb 
Adair to Nissanka, 1 leg bye 
full and speared into the legs, another big lbw shout denied. Meanwhile they sneak a leg 
bye.",7.4,1lb,1.0,"Adair to Nissanka, 1 leg bye  .full and speared into the legs, another big lbw shout denied. Meanwhile they sneak a leg  .bye.",Adair,Nissanka,0.0,0,0,1,1,0.0,0,,0
"7.5 
• 
Adair to Dimuth Karunaratne, no run 
full into the legs and misses. Big lbw shout shook off quite quickly.",7.5,0,0.0,"Adair to Dimuth Karunaratne, no run  .full into the legs and misses. Big lbw shout shook off quite quickly.",Adair,Dimuth Karunaratne,0.0,0,0,1,1,0.0,0,,0
"7.6 
• 
Adair to Dimuth Karunaratne, no run 
bouncer on the body, can't get bat on this. 
end of over 82 runs  
SL: 48/0CRR: 6.00  
Dimuth Karunaratne17 (25b 2x4) 
Pathum Nissanka20 (23b 4x4) 
Mark Adair 4-1-10-0 
Barry McCarthy 2-1-10-0",7.6,0,0.0,"Adair to Dimuth Karunaratne, no run  .bouncer on the body, can't get bat on this.",Adair,Dimuth Karunaratne,0.0,0,0,1,1,0.0,0,,0
"8.1 
• 
McCarthy to Nissanka, no run 
length ball on sixth stump, goes to cut and chops it into the ground.",8.1,0,0.0,"McCarthy to Nissanka, no run  .length ball on sixth stump, goes to cut and chops it into the ground.",McCarthy,Nissanka,0.0,0,0,1,1,0.0,0,,0
"8.2 
• 
McCarthy to Nissanka, no run 
fullish length on fifth stump, driven on the up but straight to mid-off for none.",8.2,0,0.0,"McCarthy to Nissanka, no run  .fullish length on fifth stump, driven on the up but straight to mid-off for none.",McCarthy,Nissanka,0.0,0,0,1,1,0.0,0,,0
"8.3 
W 
McCarthy to Nissanka, OUT 
length ball on fourth stump, Nissanka tries to help this over midwicket with a pull but 
the timing is off and it is miscued gently to short midwicket where Delany backpedals 
three yards and takes a basic catch. 
Pathum Nissanka c Delany b McCarthy 20 (26b 4x4 0x6 42m) SR: 76.92 
See all photos",8.3,W,0.0,"McCarthy to Nissanka, OUT  .length ball on fourth stump, Nissanka tries to help this over midwicket with a pull but  .the timing is off and it is miscued gently to short midwicket where Delany backpedals  .three yards and takes a basic catch.  .Pathum Nissanka c Delany b McCarthy 20 (26b 4x4 0x6 42m) SR: 76.92",McCarthy,Nissanka,0.0,0,0,1,1,0.0,1,c Delany b McCarthy,0
"8.4 
W 
McCarthy to Kusal Mendis, OUT 
full and straight and McCarthy is on a hat-trick! Spears this in past a belated defensive 
stab down the wrong line and Mendis is hit in front of middle and off below the knee 
roll. Very straightforward lbw decision for Brathwaite. 
Kusal Mendis lbw b McCarthy 0 (1b 0x4 0x6 2m) SR: 0 
See all photos 
Mendis has done major damage to Ireland recently in the Test series so the Irish fans 
are going berserk from Dublin to Londonderry. 
Samarawickrama to face the hat-trick ball.",8.4,W,0.0,"McCarthy to Kusal Mendis, OUT  .full and straight and McCarthy is on a hat-trick! Spears this in past a belated defensive  .stab down the wrong line and Mendis is hit in front of middle and off below the knee  .roll. Very straightforward lbw decision for Brathwaite.  .Kusal Mendis lbw b McCarthy 0 (1b 0x4 0x6 2m) SR: 0",McCarthy,Kusal Mendis,0.0,0,0,1,1,0.0,1,lbw b McCarthy,0
"8.5 
4 
McCarthy to Samarawickrama, FOUR runs 
fullish length, half-volley really on fifth stump, and Samarawickrama doesn't hesitate to 
lean in to smoke a drive through cover to the rope.",8.5,4,4.0,"McCarthy to Samarawickrama, FOUR runs  .fullish length, half-volley really on fifth stump, and Samarawickrama doesn't hesitate to  .lean in to smoke a drive through cover to the rope.",McCarthy,Samarawickrama,4.0,1,0,1,1,4.0,0,,1
"8.6 
1w 
McCarthy to Samarawickrama, 1 wide 
fullish length ball tails well down leg, wide called.",8.6,1w,1.0,"McCarthy to Samarawickrama, 1 wide  .fullish length ball tails well down leg, wide called.",McCarthy,Samarawickrama,0.0,0,0,0,0,1.0,0,,1
"8.6 
• 
McCarthy to Samarawickrama, no run 
back of a length on fourth stump, defended to cover. 
end of over 95 runs • 2 wickets 
SL: 53/2CRR: 5.88  
Sadeera Samarawickrama4 (2b 1x4) 
Dimuth Karunaratne17 (25b 2x4) 
Barry McCarthy 3-1-15-2 
Mark Adair 4-1-10-0",8.6,0,0.0,"McCarthy to Samarawickrama, no run  .back of a length on fourth stump, defended to cover.",McCarthy,Samarawickrama,0.0,0,0,1,1,0.0,0,,0
"9.1 
• 
Adair to Dimuth Karunaratne, no run 
fullish length on fifth stump, miscues a drive to mid-on for none.",9.1,0,0.0,"Adair to Dimuth Karunaratne, no run  .fullish length on fifth stump, miscues a drive to mid-on for none.",Adair,Dimuth Karunaratne,0.0,0,0,1,1,0.0,0,,0
"9.2 
4 
Adair to Dimuth Karunaratne, FOUR runs 
short on sixth stump, shuffles across to pull behind square leg to the rope.",9.2,4,4.0,"Adair to Dimuth Karunaratne, FOUR runs  .short on sixth stump, shuffles across to pull behind square leg to the rope.",Adair,Dimuth Karunaratne,4.0,1,0,1,1,4.0,0,,1
"9.3 
1 
Adair to Dimuth Karunaratne, 1 run 
fullish length on seventh stump, drives firmly toward cover, fumble by Dockrell and they 
hurriedly take a single.",9.3,1,1.0,"Adair to Dimuth Karunaratne, 1 run  .fullish length on seventh stump, drives firmly toward cover, fumble by Dockrell and they  .hurriedly take a single.",Adair,Dimuth Karunaratne,1.0,0,0,1,1,1.0,0,,1
"9.4 
• 
Adair to Samarawickrama, no run 
length ball on sixth stump, goes to drive on the up but is beaten.",9.4,0,0.0,"Adair to Samarawickrama, no run  .length ball on sixth stump, goes to drive on the up but is beaten.",Adair,Samarawickrama,0.0,0,0,1,1,0.0,0,,0
"9.5 
• 
Adair to Samarawickrama, no run 
half-volley on fifth stump, driven firmly but straight to cover.",9.5,0,0.0,"Adair to Samarawickrama, no run  .half-volley on fifth stump, driven firmly but straight to cover.",Adair,Samarawickrama,0.0,0,0,1,1,0.0,0,,0
"9.6 
• 
Adair to Samarawickrama, no run 
fullish length on the stumps, flicked off an inside edge to square leg for none. 
end of over 105 runs  
SL: 58/2CRR: 5.80  
Sadeera Samarawickrama4 (5b 1x4) 
Dimuth Karunaratne22 (28b 3x4) 
Mark Adair 5-1-15-0 
Barry McCarthy 3-1-15-2",9.6,0,0.0,"Adair to Samarawickrama, no run  .fullish length on the stumps, flicked off an inside edge to square leg for none.",Adair,Samarawickrama,0.0,0,0,1,1,0.0,0,,0
"10.1 
1w 
McCarthy to Dimuth Karunaratne, 1 wide 
bouncer over off stump, given as a wide on height after being left alone.",10.1,1w,1.0,"McCarthy to Dimuth Karunaratne, 1 wide  .bouncer over off stump, given as a wide on height after being left alone.",McCarthy,Dimuth Karunaratne,0.0,0,0,0,0,1.0,0,,1
"10.1 
• 
McCarthy to Dimuth Karunaratne, no run 
back of a length on fourth stump, goes to pull and misses.",10.1,0,0.0,"McCarthy to Dimuth Karunaratne, no run  .back of a length on fourth stump, goes to pull and misses.",McCarthy,Dimuth Karunaratne,0.0,0,0,1,1,0.0,0,,0
"10.2 
2 
McCarthy to Dimuth Karunaratne, 2 runs 
length ball on fifth stump, pulls this not in control of the shot and just lands beyond mid-
on run-ing 30 yards to his left.",10.2,2,2.0,"McCarthy to Dimuth Karunaratne, 2 runs  .length ball on fifth stump, pulls this not in control of the shot and just lands beyond mid- .on run-ing 30 yards to his left.",McCarthy,Dimuth Karunaratne,2.0,0,0,1,1,2.0,0,,1
"10.3 
1 
McCarthy to Dimuth Karunaratne, 1 run 
good length on the legs, flicked to deep backward square leg for one.",10.3,1,1.0,"McCarthy to Dimuth Karunaratne, 1 run  .good length on the legs, flicked to deep backward square leg for one.",McCarthy,Dimuth Karunaratne,1.0,0,0,1,1,1.0,0,,1
"10.4 
• 
McCarthy to Samarawickrama, no run 
back of a length on fifth stump, defended to cover.",10.4,0,0.0,"McCarthy to Samarawickrama, no run  .back of a length on fifth stump, defended to cover.",McCarthy,Samarawickrama,0.0,0,0,1,1,0.0,0,,0
"10.5 
1 
McCarthy to Samarawickrama, 1 run 
length ball on seventh stump, cuts this to the sweeper for one.",10.5,1,1.0,"McCarthy to Samarawickrama, 1 run  .length ball on seventh stump, cuts this to the sweeper for one.",McCarthy,Samarawickrama,1.0,0,0,1,1,1.0,0,,1
"10.6 
1 
McCarthy to Dimuth Karunaratne, 1 run 
short on the stumps, pulls this flat along the ground behind square leg for one. 
end of over 116 runs  
SL: 64/2CRR: 5.81  
Dimuth Karunaratne26 (32b 3x4) 
Sadeera Samarawickrama5 (7b 1x4) 
Barry McCarthy 4-1-21-2 
Mark Adair 5-1-15-0 
Little with a chance to atone for his bad new ball spell. Comes on now replacing Henry.",10.6,1,1.0,"McCarthy to Dimuth Karunaratne, 1 run  .short on the stumps, pulls this flat along the ground behind square leg for one.",McCarthy,Dimuth Karunaratne,1.0,0,0,1,1,1.0,0,,1
"11.1 
1 
Little to Dimuth Karunaratne, 1 run 
good length ball stroked on the up back down the pitch for one.",11.1,1,1.0,"Little to Dimuth Karunaratne, 1 run  .good length ball stroked on the up back down the pitch for one.",Little,Dimuth Karunaratne,1.0,0,0,1,1,1.0,0,,1
"11.2 
2 
Little to Samarawickrama, 2 runs 
short on the hips, flicked to deep fine leg for two.",11.2,2,2.0,"Little to Samarawickrama, 2 runs  .short on the hips, flicked to deep fine leg for two.",Little,Samarawickrama,2.0,0,0,1,1,2.0,0,,1
"11.3 
2 
Little to Samarawickrama, 2 runs 
short on leg stump, paddle short arm pulls this to place it in the gap at backward square 
leg for two.",11.3,2,2.0,"Little to Samarawickrama, 2 runs  .short on leg stump, paddle short arm pulls this to place it in the gap at backward square  .leg for two.",Little,Samarawickrama,2.0,0,0,1,1,2.0,0,,1
"11.4 
4 
Little to Samarawickrama, FOUR runs 
edge! Back of a length on fourth stump, Samarawickrama goes to run this to deep third 
for one but gets it too fine and Tucker is very late reacting.",11.4,4,4.0,"Little to Samarawickrama, FOUR runs  .edge! Back of a length on fourth stump, Samarawickrama goes to run this to deep third  .for one but gets it too fine and Tucker is very late reacting.",Little,Samarawickrama,4.0,1,0,1,1,4.0,0,,1
"11.5 
• 
Little to Samarawickrama, no run 
fullish length on fifth stump, goes to drive and misses.",11.5,0,0.0,"Little to Samarawickrama, no run  .fullish length on fifth stump, goes to drive and misses.",Little,Samarawickrama,0.0,0,0,1,1,0.0,0,,0
"11.6 
• 
Little to Samarawickrama, no run 
back of a length on seventh stump, Samarawickrama is late trying to guide it to deep 
third man again for a single and can't get bat on it. 
end of over 129 runs  
SL: 73/2CRR: 6.08  
Sadeera Samarawickrama13 (12b 2x4) 
Dimuth Karunaratne27 (33b 3x4) 
Josh Little 3-0-36-0 
Barry McCarthy 4-1-21-2",11.6,0,0.0,"Little to Samarawickrama, no run  .back of a length on seventh stump, Samarawickrama is late trying to guide it to deep  .third man again for a single and can't get bat on it.",Little,Samarawickrama,0.0,0,0,1,1,0.0,0,,0
"12.1 
2 
McCarthy to Dimuth Karunaratne, 2 runs 
length ball on fourth stump, pulls this gently through the midwicket gap for two.",12.1,2,2.0,"McCarthy to Dimuth Karunaratne, 2 runs  .length ball on fourth stump, pulls this gently through the midwicket gap for two.",McCarthy,Dimuth Karunaratne,2.0,0,0,1,1,2.0,0,,1
"12.2 
• 
McCarthy to Dimuth Karunaratne, no run 
back of a length on off, defended to backward point for none.",12.2,0,0.0,"McCarthy to Dimuth Karunaratne, no run  .back of a length on off, defended to backward point for none.",McCarthy,Dimuth Karunaratne,0.0,0,0,1,1,0.0,0,,0
"12.3 
• 
McCarthy to Dimuth Karunaratne, no run 
fullish length on the stumps, defended to midwicket.",12.3,0,0.0,"McCarthy to Dimuth Karunaratne, no run  .fullish length on the stumps, defended to midwicket.",McCarthy,Dimuth Karunaratne,0.0,0,0,1,1,0.0,0,,0
"12.4 
• 
McCarthy to Dimuth Karunaratne, no run 
short on the body, pulled into the ground.",12.4,0,0.0,"McCarthy to Dimuth Karunaratne, no run  .short on the body, pulled into the ground.",McCarthy,Dimuth Karunaratne,0.0,0,0,1,1,0.0,0,,0
"12.5 
1 
McCarthy to Dimuth Karunaratne, 1 run 
back of a length on off, flicked to deep midwicket for one.",12.5,1,1.0,"McCarthy to Dimuth Karunaratne, 1 run  .back of a length on off, flicked to deep midwicket for one.",McCarthy,Dimuth Karunaratne,1.0,0,0,1,1,1.0,0,,1
"12.6 
3 
McCarthy to Samarawickrama, 3 runs 
short on sixth stump, pulled firmly through midwicket. Delany chases 25 yards from 
square leg to circle around and keep it from hitting the rope and saves a run with a 
diving effort. 
end of over 136 runs  
SL: 79/2CRR: 6.07  
Sadeera Samarawickrama16 (13b 2x4) 
Dimuth Karunaratne30 (38b 3x4) 
Barry McCarthy 5-1-27-2 
Josh Little 3-0-36-0 
Spin on. McBrine comes over the wicket. No slip.",12.6,3,3.0,"McCarthy to Samarawickrama, 3 runs  .short on sixth stump, pulled firmly through midwicket. Delany chases 25 yards from  .square leg to circle around and keep it from hitting the rope and saves a run with a  .diving effort.",McCarthy,Samarawickrama,3.0,0,0,1,1,3.0,0,,1
"13.1 
• 
McBrine to Samarawickrama, no run 
full on fifth stump, goes to flick and misses.",13.1,0,0.0,"McBrine to Samarawickrama, no run  .full on fifth stump, goes to flick and misses.",McBrine,Samarawickrama,0.0,0,0,1,1,0.0,0,,0
"13.2 
1 
McBrine to Samarawickrama, 1 run 
good length ball flicked down the ground to long-on for one.",13.2,1,1.0,"McBrine to Samarawickrama, 1 run  .good length ball flicked down the ground to long-on for one.",McBrine,Samarawickrama,1.0,0,0,1,1,1.0,0,,1
"13.3 
1 
McBrine to Dimuth Karunaratne, 1 run 
full on off, punched down the ground to long-on for one.",13.3,1,1.0,"McBrine to Dimuth Karunaratne, 1 run  .full on off, punched down the ground to long-on for one.",McBrine,Dimuth Karunaratne,1.0,0,0,1,1,1.0,0,,1
"13.4 
2 
McBrine to Samarawickrama, 2 runs 
full on sixth stump, shuffles across to flick through midwicket and placed well for two.",13.4,2,2.0,"McBrine to Samarawickrama, 2 runs  .full on sixth stump, shuffles across to flick through midwicket and placed well for two.",McBrine,Samarawickrama,2.0,0,0,1,1,2.0,0,,1
"13.5 
• 
McBrine to Samarawickrama, no run 
good length ball on fourth stump, tries to late dab cut this and misses.",13.5,0,0.0,"McBrine to Samarawickrama, no run  .good length ball on fourth stump, tries to late dab cut this and misses.",McBrine,Samarawickrama,0.0,0,0,1,1,0.0,0,,0
"13.6 
1 
McBrine to Samarawickrama, 1 run 
uses his feet to drive a fullish length ball from fifth stump through midwicket for one. 
Drinks taken. A disastrous opening couple of overs by Josh Little but Barry McCarthy 
helped right the ship for Ireland in the field. Honors even after the first hour overall. 
end of over 145 runs  
SL: 84/2CRR: 6.00  
Sadeera Samarawickrama20 (18b 2x4) 
Dimuth Karunaratne31 (39b 3x4) 
Andy McBrine 1-0-5-0 
Barry McCarthy 5-1-27-2 
Campher on after drinks for the first time today.",13.6,1,1.0,"McBrine to Samarawickrama, 1 run  .uses his feet to drive a fullish length ball from fifth stump through midwicket for one.  .Drinks taken. A disastrous opening couple of overs by Josh Little but Barry McCarthy  .helped right the ship for Ireland in the field. Honors even after the first hour overall.",McBrine,Samarawickrama,1.0,0,0,1,1,1.0,0,,1
"14.1 
1 
Campher to Samarawickrama, 1 run 
full on fifth stump, miscues a drive aiming for extra cover and it trickles toward mid-on 
for a single.",14.1,1,1.0,"Campher to Samarawickrama, 1 run  .full on fifth stump, miscues a drive aiming for extra cover and it trickles toward mid-on  .for a single.",Campher,Samarawickrama,1.0,0,0,1,1,1.0,0,,1
"14.2 
• 
Campher to Dimuth Karunaratne, no run 
back of a length on fifth stump, defended to mid-on.",14.2,0,0.0,"Campher to Dimuth Karunaratne, no run  .back of a length on fifth stump, defended to mid-on.",Campher,Dimuth Karunaratne,0.0,0,0,1,1,0.0,0,,0
"14.3 
2 
Campher to Dimuth Karunaratne, 2 runs 
short on middle, sits up to pull to deep backward square leg, fielded on a bounce for 
two.",14.3,2,2.0,"Campher to Dimuth Karunaratne, 2 runs  .short on middle, sits up to pull to deep backward square leg, fielded on a bounce for  .two.",Campher,Dimuth Karunaratne,2.0,0,0,1,1,2.0,0,,1
"14.4 
• 
Campher to Dimuth Karunaratne, no run 
full on off, driven firmly but picks out mid-on for none.",14.4,0,0.0,"Campher to Dimuth Karunaratne, no run  .full on off, driven firmly but picks out mid-on for none.",Campher,Dimuth Karunaratne,0.0,0,0,1,1,0.0,0,,0
"14.5 
2 
Campher to Dimuth Karunaratne, 2 runs 
good length pitching well outside leg, flicked wide of deep fine leg for two.",14.5,2,2.0,"Campher to Dimuth Karunaratne, 2 runs  .good length pitching well outside leg, flicked wide of deep fine leg for two.",Campher,Dimuth Karunaratne,2.0,0,0,1,1,2.0,0,,1
"14.6 
• 
Campher to Dimuth Karunaratne, no run 
back of a length on off, defended back to the bowler. 
Jan: ""Advantage with Sri Lanka because 1) they have two set batters and 2) Ireland have 
only 10 overs remaining from Adair and McCarthy. With Little looking unusable, 
Campher and Dockerell will need to bowl more than anticipated."" 
end of over 155 runs  
SL: 89/2CRR: 5.93  
Dimuth Karunaratne35 (44b 3x4) 
Sadeera Samarawickrama21 (19b 2x4) 
Curtis Campher 1-0-5-0 
Andy McBrine 1-0-5-0",14.6,0,0.0,"Campher to Dimuth Karunaratne, no run  .back of a length on off, defended back to the bowler.",Campher,Dimuth Karunaratne,0.0,0,0,1,1,0.0,0,,0
"15.1 
• 
McBrine to Samarawickrama, no run 
good length ball on fourth stump, slapped to cover for none.",15.1,0,0.0,"McBrine to Samarawickrama, no run  .good length ball on fourth stump, slapped to cover for none.",McBrine,Samarawickrama,0.0,0,0,1,1,0.0,0,,0
"15.2 
1 
McBrine to Samarawickrama, 1 run 
good length ball on off, flicked through midwicket for one.",15.2,1,1.0,"McBrine to Samarawickrama, 1 run  .good length ball on off, flicked through midwicket for one.",McBrine,Samarawickrama,1.0,0,0,1,1,1.0,0,,1
"15.3 
1 
McBrine to Dimuth Karunaratne, 1 run 
back of a length on fifth stump, slapped to cover sweeper for one.",15.3,1,1.0,"McBrine to Dimuth Karunaratne, 1 run  .back of a length on fifth stump, slapped to cover sweeper for one.",McBrine,Dimuth Karunaratne,1.0,0,0,1,1,1.0,0,,1
"15.4 
• 
McBrine to Samarawickrama, no run 
back of a length on middle, goes back to flick straight to midwicket for none.",15.4,0,0.0,"McBrine to Samarawickrama, no run  .back of a length on middle, goes back to flick straight to midwicket for none.",McBrine,Samarawickrama,0.0,0,0,1,1,0.0,0,,0
"15.5 
1 
McBrine to Samarawickrama, 1 run 
full on off, flicked to deep midwicket for one.",15.5,1,1.0,"McBrine to Samarawickrama, 1 run  .full on off, flicked to deep midwicket for one.",McBrine,Samarawickrama,1.0,0,0,1,1,1.0,0,,1
"15.6 
1 
McBrine to Dimuth Karunaratne, 1 run 
good length on middle, uses his feet to punch to long-on for one. 
end of over 164 runs  
SL: 93/2CRR: 5.81  
Dimuth Karunaratne37 (46b 3x4) 
Sadeera Samarawickrama23 (23b 2x4) 
Andy McBrine 2-0-9-0 
Curtis Campher 1-0-5-0",15.6,1,1.0,"McBrine to Dimuth Karunaratne, 1 run  .good length on middle, uses his feet to punch to long-on for one.",McBrine,Dimuth Karunaratne,1.0,0,0,1,1,1.0,0,,1
"16.1 
1 
Campher to Dimuth Karunaratne, 1 run 
slower bouncer on the legs, goes to pull and misses off the body before a carom goes 
to the off side for one.",16.1,1,1.0,"Campher to Dimuth Karunaratne, 1 run  .slower bouncer on the legs, goes to pull and misses off the body before a carom goes  .to the off side for one.",Campher,Dimuth Karunaratne,1.0,0,0,1,1,1.0,0,,1
"16.2 
• 
Campher to Samarawickrama, no run 
good length ball on fourth stump, defended behind point for none.",16.2,0,0.0,"Campher to Samarawickrama, no run  .good length ball on fourth stump, defended behind point for none.",Campher,Samarawickrama,0.0,0,0,1,1,0.0,0,,0
"16.3 
4 
Campher to Samarawickrama, FOUR runs 
length ball on fifth stump, goes to cut and a thick edge flies wide of the keeper to the 
deep third rope.",16.3,4,4.0,"Campher to Samarawickrama, FOUR runs  .length ball on fifth stump, goes to cut and a thick edge flies wide of the keeper to the  .deep third rope.",Campher,Samarawickrama,4.0,1,0,1,1,4.0,0,,1
"16.4 
1 
Campher to Samarawickrama, 1 run 
back of a length on fifth stump, cuts it this time and middles it to the point sweeper for 
one.",16.4,1,1.0,"Campher to Samarawickrama, 1 run  .back of a length on fifth stump, cuts it this time and middles it to the point sweeper for  .one.",Campher,Samarawickrama,1.0,0,0,1,1,1.0,0,,1
"16.5 
1 
Campher to Dimuth Karunaratne, 1 run 
fullish length ball driven to the cover sweeper for one.",16.5,1,1.0,"Campher to Dimuth Karunaratne, 1 run  .fullish length ball driven to the cover sweeper for one.",Campher,Dimuth Karunaratne,1.0,0,0,1,1,1.0,0,,1
"16.6 
1 
Campher to Samarawickrama, 1 run 
full on off, flicked to deep square leg for one. 
end of over 178 runs  
SL: 101/2CRR: 5.94  
Sadeera Samarawickrama29 (27b 3x4) 
Dimuth Karunaratne39 (48b 3x4) 
Curtis Campher 2-0-13-0 
Andy McBrine 2-0-9-0",16.6,1,1.0,"Campher to Samarawickrama, 1 run  .full on off, flicked to deep square leg for one.",Campher,Samarawickrama,1.0,0,0,1,1,1.0,0,,1
"17.1 
1 
McBrine to Samarawickrama, 1 run 
good length ball on off, flicked through midwicket for one.",17.1,1,1.0,"McBrine to Samarawickrama, 1 run  .good length ball on off, flicked through midwicket for one.",McBrine,Samarawickrama,1.0,0,0,1,1,1.0,0,,1
"17.2 
• 
McBrine to Dimuth Karunaratne, no run 
good length on fourth stump, goes back to flick to midwicket in the ring for none.",17.2,0,0.0,"McBrine to Dimuth Karunaratne, no run  .good length on fourth stump, goes back to flick to midwicket in the ring for none.",McBrine,Dimuth Karunaratne,0.0,0,0,1,1,0.0,0,,0
"17.3 
1 
McBrine to Dimuth Karunaratne, 1 run 
back of a length on the legs, flicked through midwicket for one.",17.3,1,1.0,"McBrine to Dimuth Karunaratne, 1 run  .back of a length on the legs, flicked through midwicket for one.",McBrine,Dimuth Karunaratne,1.0,0,0,1,1,1.0,0,,1
"17.4 
• 
McBrine to Samarawickrama, no run 
good length on middle, goes back to defend.",17.4,0,0.0,"McBrine to Samarawickrama, no run  .good length on middle, goes back to defend.",McBrine,Samarawickrama,0.0,0,0,1,1,0.0,0,,0
"17.5 
2 
McBrine to Samarawickrama, 2 runs 
good length on fifth stump, leans back from leg stump to cut wide of the sweeper for 
two. Sliding stop by Delany saves two runs.",17.5,2,2.0,"McBrine to Samarawickrama, 2 runs  .good length on fifth stump, leans back from leg stump to cut wide of the sweeper for  .two. Sliding stop by Delany saves two runs.",McBrine,Samarawickrama,2.0,0,0,1,1,2.0,0,,1
"17.6 
1 
McBrine to Samarawickrama, 1 run 
back of a length on fifth stump, shuffles across to flick through midwicket for one. 
Rakesh : ""Ireland should bring in Little now, which will tempt SL to go after him, which 
can break this partnership."" 
end of over 185 runs  
SL: 106/2CRR: 5.88  
Sadeera Samarawickrama33 (31b 3x4) 
Dimuth Karunaratne40 (50b 3x4) 
Andy McBrine 3-0-14-0 
Curtis Campher 2-0-13-0",17.6,1,1.0,"McBrine to Samarawickrama, 1 run  .back of a length on fifth stump, shuffles across to flick through midwicket for one.",McBrine,Samarawickrama,1.0,0,0,1,1,1.0,0,,1
"18.1 
1 
Campher to Samarawickrama, 1 run 
back of a length on fifth stump, guided to deep third for one.",18.1,1,1.0,"Campher to Samarawickrama, 1 run  .back of a length on fifth stump, guided to deep third for one.",Campher,Samarawickrama,1.0,0,0,1,1,1.0,0,,1
"18.2 
• 
Campher to Dimuth Karunaratne, no run 
good length on fourth stump, punched straight to Stirling at cover for none.",18.2,0,0.0,"Campher to Dimuth Karunaratne, no run  .good length on fourth stump, punched straight to Stirling at cover for none.",Campher,Dimuth Karunaratne,0.0,0,0,1,1,0.0,0,,0
"18.3 
4 
Campher to Dimuth Karunaratne, FOUR runs 
short on middle, pulled fiercely behind square leg, no chance for the boundary rider to 
stop it.",18.3,4,4.0,"Campher to Dimuth Karunaratne, FOUR runs  .short on middle, pulled fiercely behind square leg, no chance for the boundary rider to  .stop it.",Campher,Dimuth Karunaratne,4.0,1,0,1,1,4.0,0,,1
"18.4 
• 
Campher to Dimuth Karunaratne, no run 
short outside off on fifth stump, cuts this firmly but straight to backward point.",18.4,0,0.0,"Campher to Dimuth Karunaratne, no run  .short outside off on fifth stump, cuts this firmly but straight to backward point.",Campher,Dimuth Karunaratne,0.0,0,0,1,1,0.0,0,,0
"18.5 
• 
Campher to Dimuth Karunaratne, no run 
length ball on fifth stump, slapped to cover for none.",18.5,0,0.0,"Campher to Dimuth Karunaratne, no run  .length ball on fifth stump, slapped to cover for none.",Campher,Dimuth Karunaratne,0.0,0,0,1,1,0.0,0,,0
"18.6 
1 
Campher to Dimuth Karunaratne, 1 run 
length ball on sixth stump, tap and run for a dicey single into the covers. 
Surath : ""I am sure Ireland think tanks must be wondering why they haven't played 
McCarthy in these conditions in the previous games!"" Maybe not the think tanks, but I'm 
sure plenty of fans (and McCarthy relatives) are wondering. 
end of over 196 runs  
SL: 112/2CRR: 5.89  
Dimuth Karunaratne45 (55b 4x4) 
Sadeera Samarawickrama34 (32b 3x4) 
Curtis Campher 3-0-19-0 
Andy McBrine 3-0-14-0",18.6,1,1.0,"Campher to Dimuth Karunaratne, 1 run  .length ball on sixth stump, tap and run for a dicey single into the covers.",Campher,Dimuth Karunaratne,1.0,0,0,1,1,1.0,0,,1
"19.1 
1 
McBrine to Dimuth Karunaratne, 1 run 
full on off, driven along the ground to long-off for one.",19.1,1,1.0,"McBrine to Dimuth Karunaratne, 1 run  .full on off, driven along the ground to long-off for one.",McBrine,Dimuth Karunaratne,1.0,0,0,1,1,1.0,0,,1
"19.2 
1 
McBrine to Samarawickrama, 1 run 
fractionally short on middle, gets on a knee to pull flat to deep square leg for one.",19.2,1,1.0,"McBrine to Samarawickrama, 1 run  .fractionally short on middle, gets on a knee to pull flat to deep square leg for one.",McBrine,Samarawickrama,1.0,0,0,1,1,1.0,0,,1
"19.3 
1 
McBrine to Dimuth Karunaratne, 1 run 
full on fourth stump, punches this firmly to long-off for one.",19.3,1,1.0,"McBrine to Dimuth Karunaratne, 1 run  .full on fourth stump, punches this firmly to long-off for one.",McBrine,Dimuth Karunaratne,1.0,0,0,1,1,1.0,0,,1
"19.4 
4 
McBrine to Samarawickrama, FOUR runs 
back of a length on fifth stump, rocks back to punch through cover and a thick edge 
goes wide of the keeper through vacant slip to the rope.",19.4,4,4.0,"McBrine to Samarawickrama, FOUR runs  .back of a length on fifth stump, rocks back to punch through cover and a thick edge  .goes wide of the keeper through vacant slip to the rope.",McBrine,Samarawickrama,4.0,1,0,1,1,4.0,0,,1
"19.5 
1 
McBrine to Samarawickrama, 1 run 
full on middle, tickles this into midwicket for one.",19.5,1,1.0,"McBrine to Samarawickrama, 1 run  .full on middle, tickles this into midwicket for one.",McBrine,Samarawickrama,1.0,0,0,1,1,1.0,0,,1
"19.6 
1 
McBrine to Dimuth Karunaratne, 1 run 
fullish length on fifth stump, driven to long-off for one. 
end of over 209 runs  
SL: 121/2CRR: 6.05  
Dimuth Karunaratne48 (58b 4x4) 
Sadeera Samarawickrama40 (35b 4x4) 
Andy McBrine 4-0-23-0 
Curtis Campher 3-0-19-0 
Spin at both ends now. Dockrell into the attack for his left-armers.",19.6,1,1.0,"McBrine to Dimuth Karunaratne, 1 run  .fullish length on fifth stump, driven to long-off for one.",McBrine,Dimuth Karunaratne,1.0,0,0,1,1,1.0,0,,1
"20.1 
1 
Dockrell to Dimuth Karunaratne, 1 run 
full on sixth stump, driven to long-on for one.",20.1,1,1.0,"Dockrell to Dimuth Karunaratne, 1 run  .full on sixth stump, driven to long-on for one.",Dockrell,Dimuth Karunaratne,1.0,0,0,1,1,1.0,0,,1
"20.2 
• 
Dockrell to Samarawickrama, no run 
full on middle, defended back to Dockrell.",20.2,0,0.0,"Dockrell to Samarawickrama, no run  .full on middle, defended back to Dockrell.",Dockrell,Samarawickrama,0.0,0,0,1,1,0.0,0,,0
"20.3 
2 
Dockrell to Samarawickrama, 2 runs 
darted in quicker and flat on a good length on off, flicks this behind square leg for two.",20.3,2,2.0,"Dockrell to Samarawickrama, 2 runs  .darted in quicker and flat on a good length on off, flicks this behind square leg for two.",Dockrell,Samarawickrama,2.0,0,0,1,1,2.0,0,,1
"20.4 
2 
Dockrell to Samarawickrama, 2 runs 
good length on off, shuffles forward and flicks through toward deep midwicket for two.",20.4,2,2.0,"Dockrell to Samarawickrama, 2 runs  .good length on off, shuffles forward and flicks through toward deep midwicket for two.",Dockrell,Samarawickrama,2.0,0,0,1,1,2.0,0,,1
"20.5 
1 
Dockrell to Samarawickrama, 1 run 
good length ball on off, tap and run into short midwicket for one.",20.5,1,1.0,"Dockrell to Samarawickrama, 1 run  .good length ball on off, tap and run into short midwicket for one.",Dockrell,Samarawickrama,1.0,0,0,1,1,1.0,0,,1
"20.6 
1 
Dockrell to Dimuth Karunaratne, 1 run 
short on seventh stump, cuts this to deep cover for one. Another half-century for 
Karunaratne, five innings in a row.  
See all photos 
end of over 217 runs  
SL: 128/2CRR: 6.09  
Dimuth Karunaratne50 (60b 4x4) 
Sadeera Samarawickrama45 (39b 4x4) 
George Dockrell 1-0-7-0 
Andy McBrine 4-0-23-0",20.6,1,1.0,"Dockrell to Dimuth Karunaratne, 1 run  .short on seventh stump, cuts this to deep cover for one. Another half-century for  .Karunaratne, five innings in a row.   .See all photos",Dockrell,Dimuth Karunaratne,1.0,0,0,1,1,1.0,0,,1
"21.1 
1 
McBrine to Dimuth Karunaratne, 1 run 
full on middle, flicked away toward deep midwicket for one.",21.1,1,1.0,"McBrine to Dimuth Karunaratne, 1 run  .full on middle, flicked away toward deep midwicket for one.",McBrine,Dimuth Karunaratne,1.0,0,0,1,1,1.0,0,,1
"21.2 
• 
McBrine to Samarawickrama, no run 
full on fifth stump, chipped straight to short midwicket for none.",21.2,0,0.0,"McBrine to Samarawickrama, no run  .full on fifth stump, chipped straight to short midwicket for none.",McBrine,Samarawickrama,0.0,0,0,1,1,0.0,0,,0
"21.3 
1 
McBrine to Samarawickrama, 1 run 
quicker ball on a good length on leg stump, flicked to deep fine leg for one.",21.3,1,1.0,"McBrine to Samarawickrama, 1 run  .quicker ball on a good length on leg stump, flicked to deep fine leg for one.",McBrine,Samarawickrama,1.0,0,0,1,1,1.0,0,,1
"21.4 
1 
McBrine to Dimuth Karunaratne, 1 run 
good length on middle, goes back to chip to long-on for one.",21.4,1,1.0,"McBrine to Dimuth Karunaratne, 1 run  .good length on middle, goes back to chip to long-on for one.",McBrine,Dimuth Karunaratne,1.0,0,0,1,1,1.0,0,,1
"21.5 
2 
McBrine to Samarawickrama, 2 runs 
goes back to chip a good length ball from middle stump for one but they recognize the 
Irish boundary rider is not running in hard to collect and so the Sri Lankan pair hustle 
two.",21.5,2,2.0,"McBrine to Samarawickrama, 2 runs  .goes back to chip a good length ball from middle stump for one but they recognize the  .Irish boundary rider is not running in hard to collect and so the Sri Lankan pair hustle  .two.",McBrine,Samarawickrama,2.0,0,0,1,1,2.0,0,,1
"21.6 
3 
McBrine to Samarawickrama, 3 runs 
good length on fifth stump, cuts this just wide of short third for at least two. Diving stop 
on the rope by the point sweeper fielder running across to try to slap it back in. 
Regardless, it's a half-century up for Samawickrama off just 43 balls.  
See all photos 
end of over 228 runs  
SL: 136/2CRR: 6.18  
Sadeera Samarawickrama51 (43b 4x4) 
Dimuth Karunaratne52 (62b 4x4) 
Andy McBrine 5-0-31-0 
George Dockrell 1-0-7-0",21.6,3,3.0,"McBrine to Samarawickrama, 3 runs  .good length on fifth stump, cuts this just wide of short third for at least two. Diving stop  .on the rope by the point sweeper fielder running across to try to slap it back in.  .Regardless, it's a half-century up for Samawickrama off just 43 balls.   .See all photos",McBrine,Samarawickrama,3.0,0,0,1,1,3.0,0,,1
"22.1 
1 
Dockrell to Samarawickrama, 1 run 
good length ball on off, flicked through midwicket for one.",22.1,1,1.0,"Dockrell to Samarawickrama, 1 run  .good length ball on off, flicked through midwicket for one.",Dockrell,Samarawickrama,1.0,0,0,1,1,1.0,0,,1
"22.2 
4 
Dockrell to Dimuth Karunaratne, FOUR runs 
short on eighth stump, cuts this firmly and beats the sweeper to the rope.",22.2,4,4.0,"Dockrell to Dimuth Karunaratne, FOUR runs  .short on eighth stump, cuts this firmly and beats the sweeper to the rope.",Dockrell,Dimuth Karunaratne,4.0,1,0,1,1,4.0,0,,1
"22.3 
1 
Dockrell to Dimuth Karunaratne, 1 run 
good length on the hips, flicked to backward square leg for one.",22.3,1,1.0,"Dockrell to Dimuth Karunaratne, 1 run  .good length on the hips, flicked to backward square leg for one.",Dockrell,Dimuth Karunaratne,1.0,0,0,1,1,1.0,0,,1
"22.4 
1 
Dockrell to Samarawickrama, 1 run 
good length ball flighted on fourth stump, tap and run for a tight single.",22.4,1,1.0,"Dockrell to Samarawickrama, 1 run  .good length ball flighted on fourth stump, tap and run for a tight single.",Dockrell,Samarawickrama,1.0,0,0,1,1,1.0,0,,1
"22.5 
1 
Dockrell to Dimuth Karunaratne, 1 run 
full on the stumps, punched back toward the bowler who gets a hand to the ball but 
can't stop it fully and it trickles behind the umpire for one.",22.5,1,1.0,"Dockrell to Dimuth Karunaratne, 1 run  .full on the stumps, punched back toward the bowler who gets a hand to the ball but  .can't stop it fully and it trickles behind the umpire for one.",Dockrell,Dimuth Karunaratne,1.0,0,0,1,1,1.0,0,,1
"22.6 
• 
Dockrell to Samarawickrama, no run 
quicker ball darted down the leg side past a sweep, no wide called. 
end of over 238 runs  
SL: 144/2CRR: 6.26  
Sadeera Samarawickrama53 (46b 4x4) 
Dimuth Karunaratne58 (65b 5x4) 
George Dockrell 2-0-15-0 
Andy McBrine 5-0-31-0",22.6,0,0.0,"Dockrell to Samarawickrama, no run  .quicker ball darted down the leg side past a sweep, no wide called.",Dockrell,Samarawickrama,0.0,0,0,1,1,0.0,0,,0
"23.1 
1 
McBrine to Dimuth Karunaratne, 1 run 
fractionally short on off, pulls this to wide long-on for one.",23.1,1,1.0,"McBrine to Dimuth Karunaratne, 1 run  .fractionally short on off, pulls this to wide long-on for one.",McBrine,Dimuth Karunaratne,1.0,0,0,1,1,1.0,0,,1
"23.2 
1 
McBrine to Samarawickrama, 1 run 
good length ball on seventh stump, shuffles across to flick to deep backward square leg 
for one.",23.2,1,1.0,"McBrine to Samarawickrama, 1 run  .good length ball on seventh stump, shuffles across to flick to deep backward square leg  .for one.",McBrine,Samarawickrama,1.0,0,0,1,1,1.0,0,,1
"23.3 
1 
McBrine to Dimuth Karunaratne, 1 run 
good length ball on off, punched in the air to long-on for one.",23.3,1,1.0,"McBrine to Dimuth Karunaratne, 1 run  .good length ball on off, punched in the air to long-on for one.",McBrine,Dimuth Karunaratne,1.0,0,0,1,1,1.0,0,,1
"23.4 
• 
McBrine to Samarawickrama, no run 
full on middle, flicked to backward square leg for none.",23.4,0,0.0,"McBrine to Samarawickrama, no run  .full on middle, flicked to backward square leg for none.",McBrine,Samarawickrama,0.0,0,0,1,1,0.0,0,,0
"23.5 
1 
McBrine to Samarawickrama, 1 run 
good length ball on middle, flicked to long-on for one to bring up a 100-run partnership 
pofff just 91 balls.",23.5,1,1.0,"McBrine to Samarawickrama, 1 run  .good length ball on middle, flicked to long-on for one to bring up a 100-run partnership  .pofff just 91 balls.",McBrine,Samarawickrama,1.0,0,0,1,1,1.0,0,,1
"23.6 
1 
McBrine to Dimuth Karunaratne, 1 run 
full on eighth stump, drives this to the cover sweeper for one. 
end of over 245 runs  
SL: 149/2CRR: 6.20  
Dimuth Karunaratne61 (68b 5x4) 
Sadeera Samarawickrama55 (49b 4x4) 
Andy McBrine 6-0-36-0 
George Dockrell 2-0-15-0",23.6,1,1.0,"McBrine to Dimuth Karunaratne, 1 run  .full on eighth stump, drives this to the cover sweeper for one.",McBrine,Dimuth Karunaratne,1.0,0,0,1,1,1.0,0,,1
"24.1 
1 
Dockrell to Dimuth Karunaratne, 1 run 
good length on sixth stump, slices a cut to the point sweeper for one.",24.1,1,1.0,"Dockrell to Dimuth Karunaratne, 1 run  .good length on sixth stump, slices a cut to the point sweeper for one.",Dockrell,Dimuth Karunaratne,1.0,0,0,1,1,1.0,0,,1
"24.2 
1 
Dockrell to Samarawickrama, 1 run 
good length ball on off, backs away to guide behind point for one.",24.2,1,1.0,"Dockrell to Samarawickrama, 1 run  .good length ball on off, backs away to guide behind point for one.",Dockrell,Samarawickrama,1.0,0,0,1,1,1.0,0,,1
"24.3 
1 
Dockrell to Dimuth Karunaratne, 1 run 
good length ball on off, punched in the air to long-on for one.",24.3,1,1.0,"Dockrell to Dimuth Karunaratne, 1 run  .good length ball on off, punched in the air to long-on for one.",Dockrell,Dimuth Karunaratne,1.0,0,0,1,1,1.0,0,,1
"24.4 
• 
Dockrell to Samarawickrama, no run 
good length ball on middle, smothered on the front foot.",24.4,0,0.0,"Dockrell to Samarawickrama, no run  .good length ball on middle, smothered on the front foot.",Dockrell,Samarawickrama,0.0,0,0,1,1,0.0,0,,0
"24.5 
1 
Dockrell to Samarawickrama, 1 run 
quicker ball dragged down short on middle and flicked into midwicket for one.",24.5,1,1.0,"Dockrell to Samarawickrama, 1 run  .quicker ball dragged down short on middle and flicked into midwicket for one.",Dockrell,Samarawickrama,1.0,0,0,1,1,1.0,0,,1
"24.6 
4 
Dockrell to Dimuth Karunaratne, FOUR runs 
exquisite! Full on middle, Karunaratne spices things up with a reverse sweep middled 
perfectly behind point to the rope. 
end of over 258 runs  
SL: 157/2CRR: 6.28  
Dimuth Karunaratne67 (71b 6x4) 
Sadeera Samarawickrama57 (52b 4x4) 
George Dockrell 3-0-23-0 
Andy McBrine 6-0-36-0 
Gareth Delany being brought on for his legspin. Reminder that Ben White is out today 
after failing a fitness test in warm-ups.",24.6,4,4.0,"Dockrell to Dimuth Karunaratne, FOUR runs  .exquisite! Full on middle, Karunaratne spices things up with a reverse sweep middled  .perfectly behind point to the rope.",Dockrell,Dimuth Karunaratne,4.0,1,0,1,1,4.0,0,,1
"25.1 
1 
Delany to Samarawickrama, 1 run 
good length ball on the legs, flicked behind square for one.",25.1,1,1.0,"Delany to Samarawickrama, 1 run  .good length ball on the legs, flicked behind square for one.",Delany,Samarawickrama,1.0,0,0,1,1,1.0,0,,1
"25.2 
1 
Delany to Dimuth Karunaratne, 1 run 
good length ball on off, goes back to flick to long-on for two.",25.2,1,1.0,"Delany to Dimuth Karunaratne, 1 run  .good length ball on off, goes back to flick to long-on for two.",Delany,Dimuth Karunaratne,1.0,0,0,1,1,1.0,0,,1
"25.3 
1 
Delany to Samarawickrama, 1 run 
full on middle, driven past Delany off his hands into the covers for one.",25.3,1,1.0,"Delany to Samarawickrama, 1 run  .full on middle, driven past Delany off his hands into the covers for one.",Delany,Samarawickrama,1.0,0,0,1,1,1.0,0,,1
"25.4 
1 
Delany to Dimuth Karunaratne, 1 run 
good length ball on off, goes back to flick to the left of Delany into vacant midwicket for 
two.",25.4,1,1.0,"Delany to Dimuth Karunaratne, 1 run  .good length ball on off, goes back to flick to the left of Delany into vacant midwicket for  .two.",Delany,Dimuth Karunaratne,1.0,0,0,1,1,1.0,0,,1
"25.5 
1 
Delany to Samarawickrama, 1 run 
good length outside leg, pulls this delicately past short fine leg for one.",25.5,1,1.0,"Delany to Samarawickrama, 1 run  .good length outside leg, pulls this delicately past short fine leg for one.",Delany,Samarawickrama,1.0,0,0,1,1,1.0,0,,1
"25.6 
1 
Delany to Dimuth Karunaratne, 1 run 
full on sixth stump, shuffles across to paddle sweep this to short fine leg for one. 
end of over 266 runs  
SL: 163/2CRR: 6.26  
Dimuth Karunaratne70 (74b 6x4) 
Sadeera Samarawickrama60 (55b 4x4) 
Gareth Delany 1-0-6-0 
George Dockrell 3-0-23-0",25.6,1,1.0,"Delany to Dimuth Karunaratne, 1 run  .full on sixth stump, shuffles across to paddle sweep this to short fine leg for one.",Delany,Dimuth Karunaratne,1.0,0,0,1,1,1.0,0,,1
"26.1 
3 
Dockrell to Dimuth Karunaratne, 3 runs 
good length ball on off, steps forward to chip this very nonchalantly over wide long-on 
and they take three runs.",26.1,3,3.0,"Dockrell to Dimuth Karunaratne, 3 runs  .good length ball on off, steps forward to chip this very nonchalantly over wide long-on  .and they take three runs.",Dockrell,Dimuth Karunaratne,3.0,0,0,1,1,3.0,0,,1
"26.2 
• 
Dockrell to Samarawickrama, no run 
good length ball on middle darted in quicker, defended to cover for none.",26.2,0,0.0,"Dockrell to Samarawickrama, no run  .good length ball on middle darted in quicker, defended to cover for none.",Dockrell,Samarawickrama,0.0,0,0,1,1,0.0,0,,0
"26.3 
1 
Dockrell to Samarawickrama, 1 run 
good length ball on middle, tap and run through square leg for one.",26.3,1,1.0,"Dockrell to Samarawickrama, 1 run  .good length ball on middle, tap and run through square leg for one.",Dockrell,Samarawickrama,1.0,0,0,1,1,1.0,0,,1
"26.4 
1 
Dockrell to Dimuth Karunaratne, 1 run 
good length ball on fifth stump, stroked to long-on for one.",26.4,1,1.0,"Dockrell to Dimuth Karunaratne, 1 run  .good length ball on fifth stump, stroked to long-on for one.",Dockrell,Dimuth Karunaratne,1.0,0,0,1,1,1.0,0,,1
"26.5 
1 
Dockrell to Samarawickrama, 1 run 
full on middle, flicked wide of mid-on for one.",26.5,1,1.0,"Dockrell to Samarawickrama, 1 run  .full on middle, flicked wide of mid-on for one.",Dockrell,Samarawickrama,1.0,0,0,1,1,1.0,0,,1
"26.6 
4 
Dockrell to Dimuth Karunaratne, FOUR runs 
short on sixth stump, sits up for Karunaratne to flay high over cover and beats the 
sweeper to the rope. 
end of over 2710 runs  
SL: 173/2CRR: 6.40  
Dimuth Karunaratne78 (77b 7x4) 
Sadeera Samarawickrama62 (58b 4x4) 
George Dockrell 4-0-33-0 
Gareth Delany 1-0-6-0",26.6,4,4.0,"Dockrell to Dimuth Karunaratne, FOUR runs  .short on sixth stump, sits up for Karunaratne to flay high over cover and beats the  .sweeper to the rope.",Dockrell,Dimuth Karunaratne,4.0,1,0,1,1,4.0,0,,1
"27.1 
• 
Delany to Samarawickrama, no run 
good length ball skids on toward middle and hustles Samawickrama, who stabs it out 
late.",27.1,0,0.0,"Delany to Samarawickrama, no run  .good length ball skids on toward middle and hustles Samawickrama, who stabs it out  .late.",Delany,Samarawickrama,0.0,0,0,1,1,0.0,0,,0
"27.2 
1 
Delany to Samarawickrama, 1 run 
full on middle, flicked behind square leg for one.",27.2,1,1.0,"Delany to Samarawickrama, 1 run  .full on middle, flicked behind square leg for one.",Delany,Samarawickrama,1.0,0,0,1,1,1.0,0,,1
"27.3 
1 
Delany to Dimuth Karunaratne, 1 run 
good length on middle, goes back to flick to deep backward square leg for one.",27.3,1,1.0,"Delany to Dimuth Karunaratne, 1 run  .good length on middle, goes back to flick to deep backward square leg for one.",Delany,Dimuth Karunaratne,1.0,0,0,1,1,1.0,0,,1
"27.4 
• 
Delany to Samarawickrama, no run 
full on middle and charges but checks the shot to short midwicket for none.",27.4,0,0.0,"Delany to Samarawickrama, no run  .full on middle and charges but checks the shot to short midwicket for none.",Delany,Samarawickrama,0.0,0,0,1,1,0.0,0,,0
"27.5 
1 
Delany to Samarawickrama, 1 run 
short on the body, pulled to deep backward square leg for none.",27.5,1,1.0,"Delany to Samarawickrama, 1 run  .short on the body, pulled to deep backward square leg for none.",Delany,Samarawickrama,1.0,0,0,1,1,1.0,0,,1
"27.6 
1 
Delany to Dimuth Karunaratne, 1 run 
short on sixth stump, slapped to the sweeper for one. 
end of over 284 runs  
SL: 177/2CRR: 6.32  
Dimuth Karunaratne80 (79b 7x4) 
Sadeera Samarawickrama64 (62b 4x4) 
Gareth Delany 2-0-10-0 
George Dockrell 4-0-33-0",27.6,1,1.0,"Delany to Dimuth Karunaratne, 1 run  .short on sixth stump, slapped to the sweeper for one.",Delany,Dimuth Karunaratne,1.0,0,0,1,1,1.0,0,,1
"28.1 
1 
Little to Dimuth Karunaratne, 1 run 
short on fifth stump, pulled to deep midwicket for one.",28.1,1,1.0,"Little to Dimuth Karunaratne, 1 run  .short on fifth stump, pulled to deep midwicket for one.",Little,Dimuth Karunaratne,1.0,0,0,1,1,1.0,0,,1
"28.2 
2 
Little to Samarawickrama, 2 runs 
knee high full toss angled toward off stump, punched flat back over Little's head for 
two.",28.2,2,2.0,"Little to Samarawickrama, 2 runs  .knee high full toss angled toward off stump, punched flat back over Little's head for  .two.",Little,Samarawickrama,2.0,0,0,1,1,2.0,0,,1
"28.3 
• 
Little to Samarawickrama, no run 
length ball on sixth stump, slices a drive to backward point for none.",28.3,0,0.0,"Little to Samarawickrama, no run  .length ball on sixth stump, slices a drive to backward point for none.",Little,Samarawickrama,0.0,0,0,1,1,0.0,0,,0
"28.4 
• 
Little to Samarawickrama, no run 
back of a length on fourth stump, defended back to Little.",28.4,0,0.0,"Little to Samarawickrama, no run  .back of a length on fourth stump, defended back to Little.",Little,Samarawickrama,0.0,0,0,1,1,0.0,0,,0
"28.5 
1lb 
Little to Samarawickrama, 1 leg bye 
length ball on the legs, misses a flick and comes off the pads for an extra.",28.5,1lb,1.0,"Little to Samarawickrama, 1 leg bye  .length ball on the legs, misses a flick and comes off the pads for an extra.",Little,Samarawickrama,0.0,0,0,1,1,0.0,0,,0
"28.6 
2 
Little to Dimuth Karunaratne, 2 runs 
short on off, pulled to deep fine leg and they get it with sharp running. 
end of over 296 runs  
SL: 183/2CRR: 6.31  
Dimuth Karunaratne83 (81b 7x4) 
Sadeera Samarawickrama66 (66b 4x4) 
Josh Little 4-0-41-0 
Gareth Delany 2-0-10-0",28.6,2,2.0,"Little to Dimuth Karunaratne, 2 runs  .short on off, pulled to deep fine leg and they get it with sharp running.",Little,Dimuth Karunaratne,2.0,0,0,1,1,2.0,0,,1
"29.1 
1 
Delany to Samarawickrama, 1 run 
dropped! Floated full to encourage a drive, Samawickrama shuffles forward and chips 
this tamely to Adair at mid-on. He gets his balance wrong and does a bunny hop to 
snatch at the ball when he didn't need to and could have taken a catch with his feet 
planted on earth at head height. Instead with the bunny hop, he gropes at the ball 
around neck height. Gentle speed coming to him but he spills it very badly. 3/10 on 
difficulty. Another gaffe today for Ireland.",29.1,1,1.0,"Delany to Samarawickrama, 1 run  .dropped! Floated full to encourage a drive, Samawickrama shuffles forward and chips  .this tamely to Adair at mid-on. He gets his balance wrong and does a bunny hop to  .snatch at the ball when he didn't need to and could have taken a catch with his feet  .planted on earth at head height. Instead with the bunny hop, he gropes at the ball  .around neck height. Gentle speed coming to him but he spills it very badly. 3/10 on  .difficulty. Another gaffe today for Ireland.",Delany,Samarawickrama,1.0,0,0,1,1,1.0,0,,1
"29.2 
4 
Delany to Dimuth Karunaratne, FOUR runs 
Full on fourth stump, hammers a drive past the non-striker to the mid-off rope.",29.2,4,4.0,"Delany to Dimuth Karunaratne, FOUR runs  .Full on fourth stump, hammers a drive past the non-striker to the mid-off rope.",Delany,Dimuth Karunaratne,4.0,1,0,1,1,4.0,0,,1
"29.3 
1 
Delany to Dimuth Karunaratne, 1 run 
good length outside leg, flicked through midwicket for one.",29.3,1,1.0,"Delany to Dimuth Karunaratne, 1 run  .good length outside leg, flicked through midwicket for one.",Delany,Dimuth Karunaratne,1.0,0,0,1,1,1.0,0,,1
"29.4 
1 
Delany to Samarawickrama, 1 run 
good length outside leg, flicks a short arm jab pull to deep fine leg for one.",29.4,1,1.0,"Delany to Samarawickrama, 1 run  .good length outside leg, flicks a short arm jab pull to deep fine leg for one.",Delany,Samarawickrama,1.0,0,0,1,1,1.0,0,,1
"29.5 
1 
Delany to Dimuth Karunaratne, 1 run 
good length ball on fourth stump, shuffles across to flick through the leg side for one.",29.5,1,1.0,"Delany to Dimuth Karunaratne, 1 run  .good length ball on fourth stump, shuffles across to flick through the leg side for one.",Delany,Dimuth Karunaratne,1.0,0,0,1,1,1.0,0,,1
"29.6 
• 
Delany to Samarawickrama, no run 
good length ball on middle, googly spins in toward the pads, sounded like an inside 
edge onto the pads. LBW shout is denied. 
end of over 308 runs  
SL: 191/2CRR: 6.36  
Sadeera Samarawickrama68 (69b 4x4) 
Dimuth Karunaratne89 (84b 8x4) 
Gareth Delany 3-0-18-0 
Josh Little 4-0-41-0",29.6,0,0.0,"Delany to Samarawickrama, no run  .good length ball on middle, googly spins in toward the pads, sounded like an inside  .edge onto the pads. LBW shout is denied.",Delany,Samarawickrama,0.0,0,0,1,1,0.0,0,,0
"30.1 
1 
Little to Dimuth Karunaratne, 1 run 
short on sixth stump, cuts this to the sweeper for one.",30.1,1,1.0,"Little to Dimuth Karunaratne, 1 run  .short on sixth stump, cuts this to the sweeper for one.",Little,Dimuth Karunaratne,1.0,0,0,1,1,1.0,0,,1
"30.2 
1 
Little to Samarawickrama, 1 run 
good length on middle, flicked into midwicket for one.",30.2,1,1.0,"Little to Samarawickrama, 1 run  .good length on middle, flicked into midwicket for one.",Little,Samarawickrama,1.0,0,0,1,1,1.0,0,,1
"30.3 
1w 
Little to Dimuth Karunaratne, 1 wide 
bouncer over middle, too high to reach and wide called from the striker's end umpire.",30.3,1w,1.0,"Little to Dimuth Karunaratne, 1 wide  .bouncer over middle, too high to reach and wide called from the striker's end umpire.",Little,Dimuth Karunaratne,0.0,0,0,0,0,1.0,0,,1
"30.3 
1 
Little to Dimuth Karunaratne, 1 run 
short on the body, pulled to deep backward square leg for one.",30.3,1,1.0,"Little to Dimuth Karunaratne, 1 run  .short on the body, pulled to deep backward square leg for one.",Little,Dimuth Karunaratne,1.0,0,0,1,1,1.0,0,,1
"30.4 
• 
Little to Samarawickrama, no run 
full on fourth stump, pumps a drive straight to Stirling at cover for none.",30.4,0,0.0,"Little to Samarawickrama, no run  .full on fourth stump, pumps a drive straight to Stirling at cover for none.",Little,Samarawickrama,0.0,0,0,1,1,0.0,0,,0
"30.5 
• 
Little to Samarawickrama, no run 
back of a length on off stump, tries to steer this to deep third for one but is cramped for 
room and inside edges this just past the stumps trickling toward the keeper.",30.5,0,0.0,"Little to Samarawickrama, no run  .back of a length on off stump, tries to steer this to deep third for one but is cramped for  .room and inside edges this just past the stumps trickling toward the keeper.",Little,Samarawickrama,0.0,0,0,1,1,0.0,0,,0
"30.6 
1 
Little to Samarawickrama, 1 run 
good length ball on middle, flicked to deep midwicket for one. 
Dave: ""Something went horribly wrong for Ireland around the time they became a full 
ICC member. From beating West Indies, Pakistan, England, and others at 2007, 2011 
and 2015 World Cups to being a non-entity in qualifiers.. Sad to see."" 
Drinks. Well, Ireland are rapidly falling out of the game. That drop by Adair didn't help 
arrest the slide any. They've never beaten Sri Lanka in ODIs and are staring at a target in 
excess of 350 at this stage. Uphill battle for Ireland to stay in the tournament. If Sri 
Lanka win today, they'll clinch a spot in the Super Sixes not just for themselves but also 
for Scotland and Oman while Ireland will be KO'd. 
end of over 315 runs  
SL: 196/2CRR: 6.32  
Sadeera Samarawickrama70 (73b 4x4) 
Dimuth Karunaratne91 (86b 8x4) 
Josh Little 5-0-46-0 
Gareth Delany 3-0-18-0",30.6,1,1.0,"Little to Samarawickrama, 1 run  .good length ball on middle, flicked to deep midwicket for one.",Little,Samarawickrama,1.0,0,0,1,1,1.0,0,,1
"31.1 
1 
Delany to Samarawickrama, 1 run 
full on fourth stump, driven to the cover sweeper for one.",31.1,1,1.0,"Delany to Samarawickrama, 1 run  .full on fourth stump, driven to the cover sweeper for one.",Delany,Samarawickrama,1.0,0,0,1,1,1.0,0,,1
"31.2 
1 
Delany to Dimuth Karunaratne, 1 run 
full outside leg, flicked off the pads to short fine leg to bring up a 150-run partnership. 
Going at better than a run a ball between the pair too.",31.2,1,1.0,"Delany to Dimuth Karunaratne, 1 run  .full outside leg, flicked off the pads to short fine leg to bring up a 150-run partnership.  .Going at better than a run a ball between the pair too.",Delany,Dimuth Karunaratne,1.0,0,0,1,1,1.0,0,,1
"31.3 
1 
Delany to Samarawickrama, 1 run 
full on middle, flicked through square leg for one.",31.3,1,1.0,"Delany to Samarawickrama, 1 run  .full on middle, flicked through square leg for one.",Delany,Samarawickrama,1.0,0,0,1,1,1.0,0,,1
"31.4 
• 
Delany to Dimuth Karunaratne, no run 
full on off, driven back to Delany's left and knocked down to save a run.",31.4,0,0.0,"Delany to Dimuth Karunaratne, no run  .full on off, driven back to Delany's left and knocked down to save a run.",Delany,Dimuth Karunaratne,0.0,0,0,1,1,0.0,0,,0
"31.5 
1 
Delany to Dimuth Karunaratne, 1 run 
full on sixth stump, drives toward mid-off for one.",31.5,1,1.0,"Delany to Dimuth Karunaratne, 1 run  .full on sixth stump, drives toward mid-off for one.",Delany,Dimuth Karunaratne,1.0,0,0,1,1,1.0,0,,1
"31.6 
1 
Delany to Samarawickrama, 1 run 
full on fourth stump, punched to wide long-off for one. 
end of over 325 runs  
SL: 201/2CRR: 6.28  
Sadeera Samarawickrama73 (76b 4x4) 
Dimuth Karunaratne93 (89b 8x4) 
Gareth Delany 4-0-23-0 
Josh Little 5-0-46-0",31.6,1,1.0,"Delany to Samarawickrama, 1 run  .full on fourth stump, punched to wide long-off for one.",Delany,Samarawickrama,1.0,0,0,1,1,1.0,0,,1
"32.1 
• 
Little to Samarawickrama, no run 
back of a length on sixth stump, defended to midwicket for none.",32.1,0,0.0,"Little to Samarawickrama, no run  .back of a length on sixth stump, defended to midwicket for none.",Little,Samarawickrama,0.0,0,0,1,1,0.0,0,,0
"32.2 
1 
Little to Samarawickrama, 1 run 
length ball on fourth stump, pulled to deep fine leg for one.",32.2,1,1.0,"Little to Samarawickrama, 1 run  .length ball on fourth stump, pulled to deep fine leg for one.",Little,Samarawickrama,1.0,0,0,1,1,1.0,0,,1
"32.3 
1 
Little to Dimuth Karunaratne, 1 run 
back of a length on fourth stump, tapped into the covers for one.",32.3,1,1.0,"Little to Dimuth Karunaratne, 1 run  .back of a length on fourth stump, tapped into the covers for one.",Little,Dimuth Karunaratne,1.0,0,0,1,1,1.0,0,,1
"32.4 
3 
Little to Samarawickrama, 3 runs 
fullish length ball on sixth stump, drives this on the up shoveling this over extra cover 
for three before it's pulled back just before the rope following a good chance by 
Campher.",32.4,3,3.0,"Little to Samarawickrama, 3 runs  .fullish length ball on sixth stump, drives this on the up shoveling this over extra cover  .for three before it's pulled back just before the rope following a good chance by  .Campher.",Little,Samarawickrama,3.0,0,0,1,1,3.0,0,,1
"32.5 
1 
Little to Dimuth Karunaratne, 1 run 
short on middle, pulls this flat rolling the wrists over to keep this down to deep fine leg 
for one.",32.5,1,1.0,"Little to Dimuth Karunaratne, 1 run  .short on middle, pulls this flat rolling the wrists over to keep this down to deep fine leg  .for one.",Little,Dimuth Karunaratne,1.0,0,0,1,1,1.0,0,,1
"32.6 
2 
Little to Samarawickrama, 2 runs 
full on fifth stump, driven to the cover sweeper and they run a sharp two. 
end of over 338 runs  
SL: 209/2CRR: 6.33  
Sadeera Samarawickrama79 (80b 4x4) 
Dimuth Karunaratne95 (91b 8x4) 
Josh Little 6-0-54-0 
Gareth Delany 4-0-23-0",32.6,2,2.0,"Little to Samarawickrama, 2 runs  .full on fifth stump, driven to the cover sweeper and they run a sharp two.",Little,Samarawickrama,2.0,0,0,1,1,2.0,0,,1
"33.1 
• 
Delany to Dimuth Karunaratne, no run 
full on middle, flicks this off his feet on an inside edge for none.",33.1,0,0.0,"Delany to Dimuth Karunaratne, no run  .full on middle, flicks this off his feet on an inside edge for none.",Delany,Dimuth Karunaratne,0.0,0,0,1,1,0.0,0,,0
"33.2 
• 
Delany to Dimuth Karunaratne, no run 
full on the stumps, pushed gently back down the pitch for none.",33.2,0,0.0,"Delany to Dimuth Karunaratne, no run  .full on the stumps, pushed gently back down the pitch for none.",Delany,Dimuth Karunaratne,0.0,0,0,1,1,0.0,0,,0
"33.3 
1 
Delany to Dimuth Karunaratne, 1 run 
full on fifth stump, whips this to wide long-on for one.",33.3,1,1.0,"Delany to Dimuth Karunaratne, 1 run  .full on fifth stump, whips this to wide long-on for one.",Delany,Dimuth Karunaratne,1.0,0,0,1,1,1.0,0,,1
"33.4 
1 
Delany to Samarawickrama, 1 run 
charges and drives inside out for a ball on leg stump to long-off for one.",33.4,1,1.0,"Delany to Samarawickrama, 1 run  .charges and drives inside out for a ball on leg stump to long-off for one.",Delany,Samarawickrama,1.0,0,0,1,1,1.0,0,,1
"33.5 
1 
Delany to Dimuth Karunaratne, 1 run 
good length ball on off stump, punched to wide long-off for one.",33.5,1,1.0,"Delany to Dimuth Karunaratne, 1 run  .good length ball on off stump, punched to wide long-off for one.",Delany,Dimuth Karunaratne,1.0,0,0,1,1,1.0,0,,1
"33.6 
• 
Delany to Samarawickrama, no run 
back of a length on middle, defended to extra cover for none. 
end of over 343 runs  
SL: 212/2CRR: 6.23  
Sadeera Samarawickrama80 (82b 4x4) 
Dimuth Karunaratne97 (95b 8x4) 
Gareth Delany 5-0-26-0 
Josh Little 6-0-54-0 
McCarthy, the lone wicket-taker for Ireland, returns around the wicket to the lefty.",33.6,0,0.0,"Delany to Samarawickrama, no run  .back of a length on middle, defended to extra cover for none.",Delany,Samarawickrama,0.0,0,0,1,1,0.0,0,,0
"34.1 
1b 
McCarthy to Dimuth Karunaratne, 1 bye 
back of a length on fifth stump, Karunaratne pushes at this away from his body and 
misses but Tucker fumbles and they steal a bye.",34.1,1b,1.0,"McCarthy to Dimuth Karunaratne, 1 bye  .back of a length on fifth stump, Karunaratne pushes at this away from his body and  .misses but Tucker fumbles and they steal a bye.",McCarthy,Dimuth Karunaratne,0.0,0,0,1,1,0.0,0,,1
"34.2 
1 
McCarthy to Samarawickrama, 1 run 
back of a length on off, shuffles across and flicks to deep fine leg for one.",34.2,1,1.0,"McCarthy to Samarawickrama, 1 run  .back of a length on off, shuffles across and flicks to deep fine leg for one.",McCarthy,Samarawickrama,1.0,0,0,1,1,1.0,0,,1
"34.3 
• 
McCarthy to Dimuth Karunaratne, no run 
back of a length on middle, goes to pull and misses with the ball trickling dead just wide 
of the stumps.",34.3,0,0.0,"McCarthy to Dimuth Karunaratne, no run  .back of a length on middle, goes to pull and misses with the ball trickling dead just wide  .of the stumps.",McCarthy,Dimuth Karunaratne,0.0,0,0,1,1,0.0,0,,0
"34.4 
1 
McCarthy to Dimuth Karunaratne, 1 run 
full on fourth stump, chipped to mid-on for one. That takes him to a new career-high in 
ODIs, one more than a score against Australia.",34.4,1,1.0,"McCarthy to Dimuth Karunaratne, 1 run  .full on fourth stump, chipped to mid-on for one. That takes him to a new career-high in  .ODIs, one more than a score against Australia.",McCarthy,Dimuth Karunaratne,1.0,0,0,1,1,1.0,0,,1
"34.5 
• 
McCarthy to Samarawickrama, no run 
dropped! Slower ball lands full on fourth stump, Samawickrama is through the shot 
early and shovels this toward Campher at mid-off. He dives forward from the edge of 
the ring but the ball bursts through his hands at ankle height. It was a tough chance but 
was coming at a gentle pace and definitely carried. Nothing really going Ireland's way.",34.5,0,0.0,"McCarthy to Samarawickrama, no run  .dropped! Slower ball lands full on fourth stump, Samawickrama is through the shot  .early and shovels this toward Campher at mid-off. He dives forward from the edge of  .the ring but the ball bursts through his hands at ankle height. It was a tough chance but  .was coming at a gentle pace and definitely carried. Nothing really going Ireland's way.",McCarthy,Samarawickrama,0.0,0,0,1,1,0.0,0,,0
"34.6 
1 
McCarthy to Samarawickrama, 1 run 
good length ball on middle, flicked to deep fine leg for one. 
end of over 354 runs  
SL: 216/2CRR: 6.17  
Sadeera Samarawickrama82 (85b 4x4) 
Dimuth Karunaratne98 (98b 8x4) 
Barry McCarthy 6-1-30-2 
Gareth Delany 5-0-26-0",34.6,1,1.0,"McCarthy to Samarawickrama, 1 run  .good length ball on middle, flicked to deep fine leg for one.",McCarthy,Samarawickrama,1.0,0,0,1,1,1.0,0,,1
"35.1 
W 
Delany to Samarawickrama, OUT 
charges a full and wide juicy delivery but Samawickrama picks out the man at short 
cover blitzing a drive to Tector at head height. It was hit with plenty of juice on it, but 
straight to Tector. Didn't have to move his feet at all and reaches up to take this just 
above his forehead. So the drop moments earlier only costs Ireland one run. 
Sadeera Samarawickrama c Tector b Delany 82 (86b 4x4 0x6 115m) SR: 95.34 
Slip greets Asalanka's arrival.",35.1,W,0.0,"Delany to Samarawickrama, OUT  .charges a full and wide juicy delivery but Samawickrama picks out the man at short  .cover blitzing a drive to Tector at head height. It was hit with plenty of juice on it, but  .straight to Tector. Didn't have to move his feet at all and reaches up to take this just  .above his forehead. So the drop moments earlier only costs Ireland one run.  .Sadeera Samarawickrama c Tector b Delany 82 (86b 4x4 0x6 115m) SR: 95.34",Delany,Samarawickrama,0.0,0,0,1,1,0.0,1,c Tector b Delany,0
"35.2 
1 
Delany to Asalanka, 1 run 
full on fifth stump, slices a drive behind point for one.",35.2,1,1.0,"Delany to Asalanka, 1 run  .full on fifth stump, slices a drive behind point for one.",Delany,Asalanka,1.0,0,0,1,1,1.0,0,,1
"35.3 
1 
Delany to Dimuth Karunaratne, 1 run 
good length ball on middle, shuffles across to flick to long-on for one to move to 99. 
He's been taking his sweet time the last 20 runs or so. Might it cost Sri Lanka later on?",35.3,1,1.0,"Delany to Dimuth Karunaratne, 1 run  .good length ball on middle, shuffles across to flick to long-on for one to move to 99.  .He's been taking his sweet time the last 20 runs or so. Might it cost Sri Lanka later on?",Delany,Dimuth Karunaratne,1.0,0,0,1,1,1.0,0,,1
"35.4 
• 
Delany to Asalanka, no run 
full on the stumps, defended.",35.4,0,0.0,"Delany to Asalanka, no run  .full on the stumps, defended.",Delany,Asalanka,0.0,0,0,1,1,0.0,0,,0
"35.5 
6 
Delany to Asalanka, SIX runs 
full on fifth stump, gets on a knee to slog sweep this high and deep into the bleachers 
over midwicket.",35.5,6,6.0,"Delany to Asalanka, SIX runs  .full on fifth stump, gets on a knee to slog sweep this high and deep into the bleachers  .over midwicket.",Delany,Asalanka,6.0,0,1,1,1,6.0,0,,1
"35.6 
• 
Delany to Asalanka, no run 
back of a length on fifth stump, guided to cover for none. 
end of over 368 runs • 1 wicket 
SL: 224/3CRR: 6.22  
Charith Asalanka7 (4b 1x6) 
Dimuth Karunaratne99 (99b 8x4) 
Gareth Delany 6-0-34-1 
Barry McCarthy 6-1-30-2",35.6,0,0.0,"Delany to Asalanka, no run  .back of a length on fifth stump, guided to cover for none.",Delany,Asalanka,0.0,0,0,1,1,0.0,0,,0
"36.1 
1 
McCarthy to Dimuth Karunaratne, 1 run 
maiden ODI century for Karunaratne! Length ball on sixth stump, just opens the face to 
guide this to deep third for the single to bring up three figures. Modest celebrations with 
a simple smile and a brief bat raise to his teammates. 
See all photos 
Now that he's gotten to a 100, he might finally start playing aggressive shots again. 
Seven wickets in hand. Nothing to lose.",36.1,1,1.0,"McCarthy to Dimuth Karunaratne, 1 run  .maiden ODI century for Karunaratne! Length ball on sixth stump, just opens the face to  .guide this to deep third for the single to bring up three figures. Modest celebrations with  .a simple smile and a brief bat raise to his teammates.  .See all photos  .Now that he's gotten to a 100, he might finally start playing aggressive shots again.  .Seven wickets in hand. Nothing to lose.",McCarthy,Dimuth Karunaratne,1.0,0,0,1,1,1.0,0,,1
"36.2 
• 
McCarthy to Asalanka, no run 
bouncer over the stumps, ducked under.",36.2,0,0.0,"McCarthy to Asalanka, no run  .bouncer over the stumps, ducked under.",McCarthy,Asalanka,0.0,0,0,1,1,0.0,0,,0
"36.3 
1 
McCarthy to Asalanka, 1 run 
fullish length on fourth stump, tapped into the covers for one.",36.3,1,1.0,"McCarthy to Asalanka, 1 run  .fullish length on fourth stump, tapped into the covers for one.",McCarthy,Asalanka,1.0,0,0,1,1,1.0,0,,1
"36.4 
• 
McCarthy to Dimuth Karunaratne, no run 
short on the stumps, goes to pull but picks out mid-on for none.",36.4,0,0.0,"McCarthy to Dimuth Karunaratne, no run  .short on the stumps, goes to pull but picks out mid-on for none.",McCarthy,Dimuth Karunaratne,0.0,0,0,1,1,0.0,0,,0
"36.5 
3 
McCarthy to Dimuth Karunaratne, 3 runs 
short on fourth stump, pulled through wide midwicket. Dockrell gives chase along the 
rope covering 25 yards from deep square leg and puts in a great effort to try to save a 
run slapping this back into play.",36.5,3,3.0,"McCarthy to Dimuth Karunaratne, 3 runs  .short on fourth stump, pulled through wide midwicket. Dockrell gives chase along the  .rope covering 25 yards from deep square leg and puts in a great effort to try to save a  .run slapping this back into play.",McCarthy,Dimuth Karunaratne,3.0,0,0,1,1,3.0,0,,1
"36.6 
1 
McCarthy to Asalanka, 1 run 
short ball on fourth stump, pulls this off more of a top edge wide of deep fine leg for 
one. 
end of over 376 runs  
SL: 230/3CRR: 6.21  
Charith Asalanka9 (7b 1x6) 
Dimuth Karunaratne103 (102b 8x4) 
Barry McCarthy 7-1-36-2 
Gareth Delany 6-0-34-1",36.6,1,1.0,"McCarthy to Asalanka, 1 run  .short ball on fourth stump, pulls this off more of a top edge wide of deep fine leg for  .one.",McCarthy,Asalanka,1.0,0,0,1,1,1.0,0,,1
"37.1 
4 
Adair to Asalanka, FOUR runs 
full and wide, laces a lofted drive high over extra cover and reaches the rope on a few 
bounces.",37.1,4,4.0,"Adair to Asalanka, FOUR runs  .full and wide, laces a lofted drive high over extra cover and reaches the rope on a few  .bounces.",Adair,Asalanka,4.0,1,0,1,1,4.0,0,,1
"37.2 
1 
Adair to Asalanka, 1 run 
back of a length on off, shuffles across to flick to deep fine leg for one.",37.2,1,1.0,"Adair to Asalanka, 1 run  .back of a length on off, shuffles across to flick to deep fine leg for one.",Adair,Asalanka,1.0,0,0,1,1,1.0,0,,1
"37.3 
W 
Adair to Dimuth Karunaratne, OUT 
bullseye! Slower ball yorker, tired heave from Karunaratne. He swings past this as it 
rattle into middle and off stump halfway up. 
Dimuth Karunaratne b Adair 103 (103b 8x4 0x6 172m) SR: 100 
See all photos",37.3,W,0.0,"Adair to Dimuth Karunaratne, OUT  .bullseye! Slower ball yorker, tired heave from Karunaratne. He swings past this as it  .rattle into middle and off stump halfway up.  .Dimuth Karunaratne b Adair 103 (103b 8x4 0x6 172m) SR: 100",Adair,Dimuth Karunaratne,0.0,0,0,1,1,0.0,1,b Adair,0
"37.4 
1 
Adair to Dhananjaya, 1 run 
back of a length on sixth stump, pulled along the ground to deep midwicket for one.",37.4,1,1.0,"Adair to Dhananjaya, 1 run  .back of a length on sixth stump, pulled along the ground to deep midwicket for one.",Adair,Dhananjaya,1.0,0,0,1,1,1.0,0,,1
"37.5 
1 
Adair to Asalanka, 1 run 
good length ball guided to deep third man for one.",37.5,1,1.0,"Adair to Asalanka, 1 run  .good length ball guided to deep third man for one.",Adair,Asalanka,1.0,0,0,1,1,1.0,0,,1
"37.6 
• 
Adair to Dhananjaya, no run 
good length ball on sixth stump, taps this straight to point for none. 
end of over 387 runs • 1 wicket 
SL: 237/4CRR: 6.23  
Dhananjaya de Silva1 (2b) 
Charith Asalanka15 (10b 1x4 1x6) 
Mark Adair 6-1-22-1 
Barry McCarthy 7-1-36-2",37.6,0,0.0,"Adair to Dhananjaya, no run  .good length ball on sixth stump, taps this straight to point for none.",Adair,Dhananjaya,0.0,0,0,1,1,0.0,0,,0
"38.1 
1 
Delany to Asalanka, 1 run 
full outside leg stump, chipped into midwicket for a single.",38.1,1,1.0,"Delany to Asalanka, 1 run  .full outside leg stump, chipped into midwicket for a single.",Delany,Asalanka,1.0,0,0,1,1,1.0,0,,1
"38.2 
• 
Delany to Dhananjaya, no run 
full on middle and leg, blocked out into midwicket for none.",38.2,0,0.0,"Delany to Dhananjaya, no run  .full on middle and leg, blocked out into midwicket for none.",Delany,Dhananjaya,0.0,0,0,1,1,0.0,0,,0
"38.3 
1 
Delany to Dhananjaya, 1 run 
back of a length on middle, flicked wide of square leg for none.",38.3,1,1.0,"Delany to Dhananjaya, 1 run  .back of a length on middle, flicked wide of square leg for none.",Delany,Dhananjaya,1.0,0,0,1,1,1.0,0,,1
"38.4 
2 
Delany to Asalanka, 2 runs 
short on middle, pulls this gently through wide long-on for an easy two.",38.4,2,2.0,"Delany to Asalanka, 2 runs  .short on middle, pulls this gently through wide long-on for an easy two.",Delany,Asalanka,2.0,0,0,1,1,2.0,0,,1
"38.5 
• 
Delany to Asalanka, no run 
fullish length on fifth stump, opens the face trying to guide this fine past the keeper but 
gets too much bat on it and picks out short third on the ring for none.",38.5,0,0.0,"Delany to Asalanka, no run  .fullish length on fifth stump, opens the face trying to guide this fine past the keeper but  .gets too much bat on it and picks out short third on the ring for none.",Delany,Asalanka,0.0,0,0,1,1,0.0,0,,0
"38.6 
• 
Delany to Asalanka, no run 
full on fifth stump, driven to extra cover for none. 
end of over 394 runs  
SL: 241/4CRR: 6.17  
Charith Asalanka18 (14b 1x4 1x6) 
Dhananjaya de Silva2 (4b) 
Gareth Delany 7-0-38-1 
Mark Adair 6-1-22-1",38.6,0,0.0,"Delany to Asalanka, no run  .full on fifth stump, driven to extra cover for none.",Delany,Asalanka,0.0,0,0,1,1,0.0,0,,0
"39.1 
• 
Adair to Dhananjaya, no run 
length ball on seventh stump, flashes at this but is beaten.",39.1,0,0.0,"Adair to Dhananjaya, no run  .length ball on seventh stump, flashes at this but is beaten.",Adair,Dhananjaya,0.0,0,0,1,1,0.0,0,,0
"39.2 
1 
Adair to Dhananjaya, 1 run 
good length ball on fifth stump, opens the face to guide this to deep third for one.",39.2,1,1.0,"Adair to Dhananjaya, 1 run  .good length ball on fifth stump, opens the face to guide this to deep third for one.",Adair,Dhananjaya,1.0,0,0,1,1,1.0,0,,1
"39.3 
• 
Adair to Asalanka, no run 
short ball angled across seventh stump, can't get the cut shot to connect.",39.3,0,0.0,"Adair to Asalanka, no run  .short ball angled across seventh stump, can't get the cut shot to connect.",Adair,Asalanka,0.0,0,0,1,1,0.0,0,,0
"39.4 
• 
Adair to Asalanka, no run 
short and wide, goes to cut and can't reach or connect.",39.4,0,0.0,"Adair to Asalanka, no run  .short and wide, goes to cut and can't reach or connect.",Adair,Asalanka,0.0,0,0,1,1,0.0,0,,0
"39.5 
1 
Adair to Asalanka, 1 run 
length ball on seventh stump, sliced to deep point for one.",39.5,1,1.0,"Adair to Asalanka, 1 run  .length ball on seventh stump, sliced to deep point for one.",Adair,Asalanka,1.0,0,0,1,1,1.0,0,,1
"39.6 
4 
Adair to Dhananjaya, FOUR runs 
length ball on seventh stump, width to attack and it's flayed in the air behind point for 
none. 
end of over 406 runs  
SL: 247/4CRR: 6.17  
Dhananjaya de Silva7 (7b 1x4) 
Charith Asalanka19 (17b 1x4 1x6) 
Mark Adair 7-1-28-1 
Gareth Delany 7-0-38-1",39.6,4,4.0,"Adair to Dhananjaya, FOUR runs  .length ball on seventh stump, width to attack and it's flayed in the air behind point for  .none.",Adair,Dhananjaya,4.0,1,0,1,1,4.0,0,,1
"40.1 
2 
Delany to Asalanka, 2 runs 
full on off, sweeps this along the ground to deep fine leg for two.",40.1,2,2.0,"Delany to Asalanka, 2 runs  .full on off, sweeps this along the ground to deep fine leg for two.",Delany,Asalanka,2.0,0,0,1,1,2.0,0,,1
"40.2 
1 
Delany to Asalanka, 1 run 
full on seventh stump, slapped away toward cover for one.",40.2,1,1.0,"Delany to Asalanka, 1 run  .full on seventh stump, slapped away toward cover for one.",Delany,Asalanka,1.0,0,0,1,1,1.0,0,,1
"40.3 
• 
Delany to Dhananjaya, no run 
googly spins into the legs on a good length, flicked straight to square leg forn= non",40.3,0,0.0,"Delany to Dhananjaya, no run  .googly spins into the legs on a good length, flicked straight to square leg forn= non",Delany,Dhananjaya,0.0,0,0,1,1,0.0,0,,0
"40.4 
1 
Delany to Dhananjaya, 1 run 
good length on middle, goes back to punch to long-on for one.",40.4,1,1.0,"Delany to Dhananjaya, 1 run  .good length on middle, goes back to punch to long-on for one.",Delany,Dhananjaya,1.0,0,0,1,1,1.0,0,,1
"40.5 
1 
Delany to Asalanka, 1 run 
a touch short on fourth stump, shuffles across to pull flat to deep midwicket for non.",40.5,1,1.0,"Delany to Asalanka, 1 run  .a touch short on fourth stump, shuffles across to pull flat to deep midwicket for non.",Delany,Asalanka,1.0,0,0,1,1,1.0,0,,1
"40.6 
1 
Delany to Dhananjaya, 1 run 
good length ball well outside leg, flicked to deep square leg for one. 
end of over 416 runs  
SL: 253/4CRR: 6.17  
Dhananjaya de Silva9 (10b 1x4) 
Charith Asalanka23 (20b 1x4 1x6) 
Gareth Delany 8-0-44-1 
Mark Adair 7-1-28-1",40.6,1,1.0,"Delany to Dhananjaya, 1 run  .good length ball well outside leg, flicked to deep square leg for one.",Delany,Dhananjaya,1.0,0,0,1,1,1.0,0,,1
"41.1 
2 
Little to Dhananjaya, 2 runs 
back of a length on off stump, flicks this into a wide gap at deep backward square leg 
for two.",41.1,2,2.0,"Little to Dhananjaya, 2 runs  .back of a length on off stump, flicks this into a wide gap at deep backward square leg  .for two.",Little,Dhananjaya,2.0,0,0,1,1,2.0,0,,1
"41.2 
1 
Little to Dhananjaya, 1 run 
slower bouncer on fifth stump, pulled to deep midwicket for one.",41.2,1,1.0,"Little to Dhananjaya, 1 run  .slower bouncer on fifth stump, pulled to deep midwicket for one.",Little,Dhananjaya,1.0,0,0,1,1,1.0,0,,1
"41.3 
1 
Little to Asalanka, 1 run 
back of a length on fifth stump, sliced to deep third for one.",41.3,1,1.0,"Little to Asalanka, 1 run  .back of a length on fifth stump, sliced to deep third for one.",Little,Asalanka,1.0,0,0,1,1,1.0,0,,1
"41.4 
2 
Little to Dhananjaya, 2 runs 
length ball on fifth stump, pulled wide of deep midwicket for another two.",41.4,2,2.0,"Little to Dhananjaya, 2 runs  .length ball on fifth stump, pulled wide of deep midwicket for another two.",Little,Dhananjaya,2.0,0,0,1,1,2.0,0,,1
"41.5 
1 
Little to Dhananjaya, 1 run 
slower bouncer again on off, pulled to deep midwicket for one.",41.5,1,1.0,"Little to Dhananjaya, 1 run  .slower bouncer again on off, pulled to deep midwicket for one.",Little,Dhananjaya,1.0,0,0,1,1,1.0,0,,1
"41.6 
2 
Little to Asalanka, 2 runs 
full on fifth stump, pushed to long-on for what should be one, but Campher is slow 
coming off the rope and they pinch a tight second. 
end of over 429 runs  
SL: 262/4CRR: 6.23  
Charith Asalanka26 (22b 1x4 1x6) 
Dhananjaya de Silva15 (14b 1x4) 
Josh Little 7-0-63-0 
Gareth Delany 8-0-44-1",41.6,2,2.0,"Little to Asalanka, 2 runs  .full on fifth stump, pushed to long-on for what should be one, but Campher is slow  .coming off the rope and they pinch a tight second.",Little,Asalanka,2.0,0,0,1,1,2.0,0,,1
"42.1 
• 
Delany to Dhananjaya, no run 
short on middle and leg, pulls this straight to short fine leg for none.",42.1,0,0.0,"Delany to Dhananjaya, no run  .short on middle and leg, pulls this straight to short fine leg for none.",Delany,Dhananjaya,0.0,0,0,1,1,0.0,0,,0
"42.2 
• 
Delany to Dhananjaya, no run 
full on middle, goes to slog sweep this and",42.2,0,0.0,"Delany to Dhananjaya, no run  .full on middle, goes to slog sweep this and",Delany,Dhananjaya,0.0,0,0,1,1,0.0,0,,0
"42.3 
1 
Delany to Dhananjaya, 1 run 
length ball on seventh stump, chops a bottom edged by that dribbles toward point for 
one.",42.3,1,1.0,"Delany to Dhananjaya, 1 run  .length ball on seventh stump, chops a bottom edged by that dribbles toward point for  .one.",Delany,Dhananjaya,1.0,0,0,1,1,1.0,0,,1
"42.4 
1 
Delany to Asalanka, 1 run 
full on fifth stump, flicked through midwicket for one.",42.4,1,1.0,"Delany to Asalanka, 1 run  .full on fifth stump, flicked through midwicket for one.",Delany,Asalanka,1.0,0,0,1,1,1.0,0,,1
"42.5 
1 
Delany to Dhananjaya, 1 run 
fullish length on eighth stump, drives in the air to the cover sweeper for one.",42.5,1,1.0,"Delany to Dhananjaya, 1 run  .fullish length on eighth stump, drives in the air to the cover sweeper for one.",Delany,Dhananjaya,1.0,0,0,1,1,1.0,0,,1
"42.6 
1 
Delany to Asalanka, 1 run 
full on off, chips this into vacant midwicket for one. 
end of over 434 runs  
SL: 266/4CRR: 6.18  
Charith Asalanka28 (24b 1x4 1x6) 
Dhananjaya de Silva17 (18b 1x4) 
Gareth Delany 9-0-48-1 
Josh Little 7-0-63-0",42.6,1,1.0,"Delany to Asalanka, 1 run  .full on off, chips this into vacant midwicket for one.",Delany,Asalanka,1.0,0,0,1,1,1.0,0,,1
"43.1 
6 
Little to Asalanka, SIX runs 
length ball on off stump, sits up for Asalanka to lace this flat over the square leg rope 
into the bleacher crowd.",43.1,6,6.0,"Little to Asalanka, SIX runs  .length ball on off stump, sits up for Asalanka to lace this flat over the square leg rope  .into the bleacher crowd.",Little,Asalanka,6.0,0,1,1,1,6.0,0,,1
"43.2 
• 
Little to Asalanka, no run 
length ball on eighth stump, this time slaps straight to extra cover for none.",43.2,0,0.0,"Little to Asalanka, no run  .length ball on eighth stump, this time slaps straight to extra cover for none.",Little,Asalanka,0.0,0,0,1,1,0.0,0,,0
"43.3 
1w 
Little to Asalanka, 1 wide 
length ball almost off the pitch outside off, left alone and wide called.",43.3,1w,1.0,"Little to Asalanka, 1 wide  .length ball almost off the pitch outside off, left alone and wide called.",Little,Asalanka,0.0,0,0,0,0,1.0,0,,1
"43.3 
1w 
Little to Asalanka, 1 wide 
wide yorker now almost off the pitch, wide called.",43.3,1w,1.0,"Little to Asalanka, 1 wide  .wide yorker now almost off the pitch, wide called.",Little,Asalanka,0.0,0,0,0,0,1.0,0,,1
"43.3 
2 
Little to Asalanka, 2 runs 
short on the wide guideline, pulls this to wide long-on for another two on Campher. 
They've been picking on him regularly today.",43.3,2,2.0,"Little to Asalanka, 2 runs  .short on the wide guideline, pulls this to wide long-on for another two on Campher.  .They've been picking on him regularly today.",Little,Asalanka,2.0,0,0,1,1,2.0,0,,1
"43.4 
1 
Little to Asalanka, 1 run 
full on off, flicked through wide midwicket for one.",43.4,1,1.0,"Little to Asalanka, 1 run  .full on off, flicked through wide midwicket for one.",Little,Asalanka,1.0,0,0,1,1,1.0,0,,1
"43.5 
1nb 
Little to Dhananjaya, (no ball) 
Little misfires horribly searching for a wide yorker and instead sends a head height full 
toss on eighth stump. Dhananjaya tried to uppercut this over third man but it was out of 
reach.",43.5,1nb,1.0,"Little to Dhananjaya, (no ball)  .Little misfires horribly searching for a wide yorker and instead sends a head height full  .toss on eighth stump. Dhananjaya tried to uppercut this over third man but it was out of  .reach.",Little,Dhananjaya,0.0,0,0,1,0,1.0,0,,1
"43.5 
1w 
Little to Dhananjaya, 1 wide 
length ball tails past the hips and an attempted pull. Wide called.",43.5,1w,1.0,"Little to Dhananjaya, 1 wide  .length ball tails past the hips and an attempted pull. Wide called.",Little,Dhananjaya,0.0,0,0,0,0,1.0,0,,1
"43.5 
1 
Little to Dhananjaya, 1 run 
length ball on the stumps, pulled through the leg side to deep midwicket, fielder on a 
bounce for one.",43.5,1,1.0,"Little to Dhananjaya, 1 run  .length ball on the stumps, pulled through the leg side to deep midwicket, fielder on a  .bounce for one.",Little,Dhananjaya,1.0,0,0,1,1,1.0,0,,1
"43.6 
1 
Little to Asalanka, 1 run 
back of a length on seventh stump, pulled to deep midwicket for one. 
end of over 4415 runs  
SL: 281/4CRR: 6.38  
Charith Asalanka38 (29b 1x4 2x6) 
Dhananjaya de Silva18 (20b 1x4) 
Josh Little 8-0-78-0 
Gareth Delany 9-0-48-1",43.6,1,1.0,"Little to Asalanka, 1 run  .back of a length on seventh stump, pulled to deep midwicket for one.",Little,Asalanka,1.0,0,0,1,1,1.0,0,,1
"44.1 
W 
Delany to Asalanka, OUT 
charge from Asalanka to a flighted delivery full on middle. He makes good contact but 
its catching practice at deep midwicket. Campher takes a simple catch shuffling to his 
left hand side and takes the catch reaching up at head heigh 10 yards in from the rope. 
Charith Asalanka c Campher b Delany 38 (30b 1x4 2x6 45m) SR: 126.66",44.1,W,0.0,"Delany to Asalanka, OUT  .charge from Asalanka to a flighted delivery full on middle. He makes good contact but  .its catching practice at deep midwicket. Campher takes a simple catch shuffling to his  .left hand side and takes the catch reaching up at head heigh 10 yards in from the rope.  .Charith Asalanka c Campher b Delany 38 (30b 1x4 2x6 45m) SR: 126.66",Delany,Asalanka,0.0,0,0,1,1,0.0,1,c Campher b Delany,0
"44.2 
2 
Delany to Shanaka, 2 runs 
good length ball on the stumps, flicked through to deep midwicket for two.",44.2,2,2.0,"Delany to Shanaka, 2 runs  .good length ball on the stumps, flicked through to deep midwicket for two.",Delany,Shanaka,2.0,0,0,1,1,2.0,0,,1
"44.3 
• 
Delany to Shanaka, no run 
full on off, driven firmly back to Delany.",44.3,0,0.0,"Delany to Shanaka, no run  .full on off, driven firmly back to Delany.",Delany,Shanaka,0.0,0,0,1,1,0.0,0,,0
"44.4 
1 
Delany to Shanaka, 1 run 
full on middle, pushes this just wide of Delany to long-off for one.",44.4,1,1.0,"Delany to Shanaka, 1 run  .full on middle, pushes this just wide of Delany to long-off for one.",Delany,Shanaka,1.0,0,0,1,1,1.0,0,,1
"44.5 
1 
Delany to Dhananjaya, 1 run 
full on off, slogged along the ground to long-on for one.",44.5,1,1.0,"Delany to Dhananjaya, 1 run  .full on off, slogged along the ground to long-on for one.",Delany,Dhananjaya,1.0,0,0,1,1,1.0,0,,1
"44.6 
• 
Delany to Shanaka, no run 
floated up full on the wide guideline outside off, goes to drive and toe drags this into the 
keeper's feet. 
end of over 454 runs • 1 wicket 
SL: 285/5CRR: 6.33  
Dasun Shanaka3 (4b) 
Dhananjaya de Silva19 (21b 1x4) 
Gareth Delany 10-0-52-2 
Josh Little 8-0-78-0",44.6,0,0.0,"Delany to Shanaka, no run  .floated up full on the wide guideline outside off, goes to drive and toe drags this into the  .keeper's feet.",Delany,Shanaka,0.0,0,0,1,1,0.0,0,,0
"45.1 
1w 
Adair to Dhananjaya, 1 wide 
length ball hugging the wide guideline, Dhananjaya was backing away to create room 
then took himself out of reach for a shot. Looked like the ball passed inside the 
guideline.",45.1,1w,1.0,"Adair to Dhananjaya, 1 wide  .length ball hugging the wide guideline, Dhananjaya was backing away to create room  .then took himself out of reach for a shot. Looked like the ball passed inside the  .guideline.",Adair,Dhananjaya,0.0,0,0,0,0,1.0,0,,1
"45.1 
4 
Adair to Dhananjaya, FOUR runs 
slower ball back of a length on sixth stump, he keeps the hands back and cranks this 
flat over cover beating the sweeper to the rope.",45.1,4,4.0,"Adair to Dhananjaya, FOUR runs  .slower ball back of a length on sixth stump, he keeps the hands back and cranks this  .flat over cover beating the sweeper to the rope.",Adair,Dhananjaya,4.0,1,0,1,1,4.0,0,,1
"45.2 
1 
Adair to Dhananjaya, 1 run 
full on the stumps, guides this for a tap and run single behind point.",45.2,1,1.0,"Adair to Dhananjaya, 1 run  .full on the stumps, guides this for a tap and run single behind point.",Adair,Dhananjaya,1.0,0,0,1,1,1.0,0,,1
"45.3 
1w 
Adair to Shanaka, 1 wide 
slower bouncer balloons several yards over Shanaka. Left alone and wide called on 
height.",45.3,1w,1.0,"Adair to Shanaka, 1 wide  .slower bouncer balloons several yards over Shanaka. Left alone and wide called on  .height.",Adair,Shanaka,0.0,0,0,0,0,1.0,0,,1
"45.3 
1 
Adair to Shanaka, 1 run 
good length slower ball on the legs, flicked to short fine leg for one.",45.3,1,1.0,"Adair to Shanaka, 1 run  .good length slower ball on the legs, flicked to short fine leg for one.",Adair,Shanaka,1.0,0,0,1,1,1.0,0,,1
"45.4 
1 
Adair to Dhananjaya, 1 run 
full on middle, flicked to deep midwicket for a long single.",45.4,1,1.0,"Adair to Dhananjaya, 1 run  .full on middle, flicked to deep midwicket for a long single.",Adair,Dhananjaya,1.0,0,0,1,1,1.0,0,,1
"45.5 
1 
Adair to Shanaka, 1 run 
good length on off, guided behind point for one.",45.5,1,1.0,"Adair to Shanaka, 1 run  .good length on off, guided behind point for one.",Adair,Shanaka,1.0,0,0,1,1,1.0,0,,1
"45.6 
4 
Adair to Dhananjaya, FOUR runs 
goes for yorker on middle but doesn't get it full enough and instead it lands as a half-
volley on middle that is drilled back down the pitch through mid-off to the rope. 
end of over 4614 runs  
SL: 299/5CRR: 6.50  
Dhananjaya de Silva29 (25b 3x4) 
Dasun Shanaka5 (6b) 
Mark Adair 8-1-42-1 
Gareth Delany 10-0-52-2",45.6,4,4.0,"Adair to Dhananjaya, FOUR runs  .goes for yorker on middle but doesn't get it full enough and instead it lands as a half- .volley on middle that is drilled back down the pitch through mid-off to the rope.",Adair,Dhananjaya,4.0,1,0,1,1,4.0,0,,1
"46.1 
W 
McCarthy to Shanaka, OUT 
full on sixth stump, Shanaka drives hard at this and slices this toward Dockrell at deep 
backward point/deep third man and it flies all the way to Dockrell, who takes a simple 
catch three yards in from the rope at head height. 
Dasun Shanaka c Dockrell b McCarthy 5 (7b 0x4 0x6 11m) SR: 71.42",46.1,W,0.0,"McCarthy to Shanaka, OUT  .full on sixth stump, Shanaka drives hard at this and slices this toward Dockrell at deep  .backward point/deep third man and it flies all the way to Dockrell, who takes a simple  .catch three yards in from the rope at head height.  .Dasun Shanaka c Dockrell b McCarthy 5 (7b 0x4 0x6 11m) SR: 71.42",McCarthy,Shanaka,0.0,0,0,1,1,0.0,1,c Dockrell b McCarthy,0
"46.2 
1 
McCarthy to Hasaranga, 1 run 
good length slower ball on fourth stump, guided behind point for one.",46.2,1,1.0,"McCarthy to Hasaranga, 1 run  .good length slower ball on fourth stump, guided behind point for one.",McCarthy,Hasaranga,1.0,0,0,1,1,1.0,0,,1
"46.3 
1 
McCarthy to Dhananjaya, 1 run 
full on the wide guideline, chips this in the air toward extra cover barely clearing McBrine 
and it lands for just a single.",46.3,1,1.0,"McCarthy to Dhananjaya, 1 run  .full on the wide guideline, chips this in the air toward extra cover barely clearing McBrine  .and it lands for just a single.",McCarthy,Dhananjaya,1.0,0,0,1,1,1.0,0,,1
"46.4 
• 
McCarthy to Hasaranga, no run 
slower good length ball just inside the wide guideline, Hasaranga pushes at this but his 
timing is off and misses.",46.4,0,0.0,"McCarthy to Hasaranga, no run  .slower good length ball just inside the wide guideline, Hasaranga pushes at this but his  .timing is off and misses.",McCarthy,Hasaranga,0.0,0,0,1,1,0.0,0,,0
"46.5 
2 
McCarthy to Hasaranga, 2 runs 
length ball on eighth stump, slices this wide of Dockrell at deep third for two.",46.5,2,2.0,"McCarthy to Hasaranga, 2 runs  .length ball on eighth stump, slices this wide of Dockrell at deep third for two.",McCarthy,Hasaranga,2.0,0,0,1,1,2.0,0,,1
"46.6 
1 
McCarthy to Hasaranga, 1 run 
slower wide yorker is dragged out to the left of Tucker diving behind the stumps and 
trickles away for one. 
end of over 475 runs • 1 wicket 
SL: 304/6CRR: 6.46  
Wanindu Hasaranga4 (4b) 
Dhananjaya de Silva30 (26b 3x4) 
Barry McCarthy 8-1-41-3 
Mark Adair 8-1-42-1",46.6,1,1.0,"McCarthy to Hasaranga, 1 run  .slower wide yorker is dragged out to the left of Tucker diving behind the stumps and  .trickles away for one.",McCarthy,Hasaranga,1.0,0,0,1,1,1.0,0,,1
"47.1 
W 
Adair to Hasaranga, OUT 
well-directed short-ball! Hasaranga was backing away from leg stump trying to 
uppercut over short third but Adair bowled a bouncer that tied up his hands and he 
fought the ball off straight to the short third fielder. 
Wanindu Hasaranga c Little b Adair 4 (5b 0x4 0x6 5m) SR: 80",47.1,W,0.0,"Adair to Hasaranga, OUT  .well-directed short-ball! Hasaranga was backing away from leg stump trying to  .uppercut over short third but Adair bowled a bouncer that tied up his hands and he  .fought the ball off straight to the short third fielder.  .Wanindu Hasaranga c Little b Adair 4 (5b 0x4 0x6 5m) SR: 80",Adair,Hasaranga,0.0,0,0,1,1,0.0,1,c Little b Adair,0
"47.2 
• 
Adair to Theekshana, no run 
bouncer over middle stump, ducked under.",47.2,0,0.0,"Adair to Theekshana, no run  .bouncer over middle stump, ducked under.",Adair,Theekshana,0.0,0,0,1,1,0.0,0,,0
"47.3 
W 
Adair to Theekshana, OUT 
length ball on fourth stump, Theekshana goes for a bit heave and feathers an edge 
behind to Tucker. 
Maheesh Theekshana c †Tucker b Adair 0 (2b 0x4 0x6 3m) SR: 0 
Tremendous fightback in the last 5 overs from Ireland's death bowlers. They were 
looking at chasing 340-360 with 10 overs to go and now look like it may be closer to 
320.",47.3,W,0.0,"Adair to Theekshana, OUT  .length ball on fourth stump, Theekshana goes for a bit heave and feathers an edge  .behind to Tucker.  .Maheesh Theekshana c †Tucker b Adair 0 (2b 0x4 0x6 3m) SR: 0",Adair,Theekshana,0.0,0,0,1,1,0.0,1,c †Tucker b Adair,0
"47.4 
• 
Adair to Lahiru Kumara, no run 
short ball on the body, cramps him up and hits him in the body as he looks to fight it off.",47.4,0,0.0,"Adair to Lahiru Kumara, no run  .short ball on the body, cramps him up and hits him in the body as he looks to fight it off.",Adair,Lahiru Kumara,0.0,0,0,1,1,0.0,0,,0
"47.5 
4 
Adair to Lahiru Kumara, FOUR runs 
length ball wide outside off, Kumara throws his hands at this and slashes it over third 
man to the rope.",47.5,4,4.0,"Adair to Lahiru Kumara, FOUR runs  .length ball wide outside off, Kumara throws his hands at this and slashes it over third  .man to the rope.",Adair,Lahiru Kumara,4.0,1,0,1,1,4.0,0,,1
"47.6 
• 
Adair to Lahiru Kumara, no run 
short ball into the body again tucks up Kumara and fights it off with his hands. 
end of over 484 runs • 2 wickets 
SL: 308/8CRR: 6.41  
Lahiru Kumara4 (3b 1x4) 
Dhananjaya de Silva30 (26b 3x4) 
Mark Adair 9-1-46-3 
Barry McCarthy 8-1-41-3 
Ireland have been penalized for a slow over rate. An extra fielder has to come into the 
circle for the final two overs.",47.6,0,0.0,"Adair to Lahiru Kumara, no run  .short ball into the body again tucks up Kumara and fights it off with his hands.",Adair,Lahiru Kumara,0.0,0,0,1,1,0.0,0,,0
"48.1 
6 
McCarthy to Dhananjaya, SIX runs 
full on fourth stump, flicks this with his wrists high over square leg.",48.1,6,6.0,"McCarthy to Dhananjaya, SIX runs  .full on fourth stump, flicks this with his wrists high over square leg.",McCarthy,Dhananjaya,6.0,0,1,1,1,6.0,0,,1
"48.2 
2 
McCarthy to Dhananjaya, 2 runs 
full and wide on the guideline, lofts a square drive high and wide of the sweeper to run 
back for two.",48.2,2,2.0,"McCarthy to Dhananjaya, 2 runs  .full and wide on the guideline, lofts a square drive high and wide of the sweeper to run  .back for two.",McCarthy,Dhananjaya,2.0,0,0,1,1,2.0,0,,1
"48.3 
4 
McCarthy to Dhananjaya, FOUR runs 
low full toss on the wide guideline, shuffles far across and flicks this through backward 
square leg to the rope",48.3,4,4.0,"McCarthy to Dhananjaya, FOUR runs  .low full toss on the wide guideline, shuffles far across and flicks this through backward  .square leg to the rope",McCarthy,Dhananjaya,4.0,1,0,1,1,4.0,0,,1
"48.4 
• 
McCarthy to Dhananjaya, no run 
short on eighth stump, cuts this to deep third for what should be an easy single but 
Dhananjaya turns down the single. He wants 2s, 4s and 6s, unless he can get a single 
off the final ball.",48.4,0,0.0,"McCarthy to Dhananjaya, no run  .short on eighth stump, cuts this to deep third for what should be an easy single but  .Dhananjaya turns down the single. He wants 2s, 4s and 6s, unless he can get a single  .off the final ball.",McCarthy,Dhananjaya,0.0,0,0,1,1,0.0,0,,0
"48.5 
• 
McCarthy to Dhananjaya, no run 
full and way outside the guideline but Dhananjaya had set up outside off stump and the 
umpire gives McCarthy some leeway after a missed reverse scoop.",48.5,0,0.0,"McCarthy to Dhananjaya, no run  .full and way outside the guideline but Dhananjaya had set up outside off stump and the  .umpire gives McCarthy some leeway after a missed reverse scoop.",McCarthy,Dhananjaya,0.0,0,0,1,1,0.0,0,,0
"48.6 
1w 
McCarthy to Dhananjaya, 1 wide 
full and way outside the guideline again, another reverse scoop attempted but this time 
a wide is called. Dhananjaya kept his feet much tighter to the stumps this time and that 
helped him.",48.6,1w,1.0,"McCarthy to Dhananjaya, 1 wide  .full and way outside the guideline again, another reverse scoop attempted but this time  .a wide is called. Dhananjaya kept his feet much tighter to the stumps this time and that  .helped him.",McCarthy,Dhananjaya,0.0,0,0,0,0,1.0,0,,1
"48.6 
1w 
McCarthy to Dhananjaya, 1 wide 
full and practically off the pitch. Called a wide on field and replays show it barely landed 
inside the cut strip or else it would be a no ball.",48.6,1w,1.0,"McCarthy to Dhananjaya, 1 wide  .full and practically off the pitch. Called a wide on field and replays show it barely landed  .inside the cut strip or else it would be a no ball.",McCarthy,Dhananjaya,0.0,0,0,0,0,1.0,0,,1
"48.6 
1w 
McCarthy to Dhananjaya, 1 wide 
full and outside the wide guideline, Dhananjaya stretches across and doesn't play a shot 
hoping for a wide and gets the call. McCarthy isn't happy.",48.6,1w,1.0,"McCarthy to Dhananjaya, 1 wide  .full and outside the wide guideline, Dhananjaya stretches across and doesn't play a shot  .hoping for a wide and gets the call. McCarthy isn't happy.",McCarthy,Dhananjaya,0.0,0,0,0,0,1.0,0,,1
"48.6 
1b 
McCarthy to Dhananjaya, 1 bye 
fullish length ball on eighth stump, Dhananjaya heaves over the top of this but Kumara 
alertly runs a bye and Dhananjaya makes it to the bowler's end to have the strike for the 
final over. 
end of over 4916 runs  
SL: 324/8CRR: 6.61  
Dhananjaya de Silva42 (32b 4x4 1x6) 
Lahiru Kumara4 (3b 1x4) 
Barry McCarthy 9-1-56-3 
Mark Adair 9-1-46-3 
Adair is coming right arm around to Dhananjaya to cramp his angle.",48.6,1b,1.0,"McCarthy to Dhananjaya, 1 bye  .fullish length ball on eighth stump, Dhananjaya heaves over the top of this but Kumara  .alertly runs a bye and Dhananjaya makes it to the bowler's end to have the strike for the  .final over.",McCarthy,Dhananjaya,0.0,0,0,1,1,0.0,0,,1
"49.1 
• 
Adair to Dhananjaya, no run 
back of a length on the body, goes to pull and misses off the body.",49.1,0,0.0,"Adair to Dhananjaya, no run  .back of a length on the body, goes to pull and misses off the body.",Adair,Dhananjaya,0.0,0,0,1,1,0.0,0,,0
"49.2 
• 
Adair to Dhananjaya, no run 
short ball on the body, pulls to deep fine leg but they turn down a single because they 
wouldn't be able to come back for two and he wants to keep the strike.",49.2,0,0.0,"Adair to Dhananjaya, no run  .short ball on the body, pulls to deep fine leg but they turn down a single because they  .wouldn't be able to come back for two and he wants to keep the strike.",Adair,Dhananjaya,0.0,0,0,1,1,0.0,0,,0
"49.3 
1b 
Adair to Dhananjaya, 1 bye 
full delivery lands just outside leg stump, Dhananjaya clears the front leg for a big heave 
and misses. Tucker fumbles and they decide in favor of taking a bye even if it means 
putting Kumara on strike.",49.3,1b,1.0,"Adair to Dhananjaya, 1 bye  .full delivery lands just outside leg stump, Dhananjaya clears the front leg for a big heave  .and misses. Tucker fumbles and they decide in favor of taking a bye even if it means  .putting Kumara on strike.",Adair,Dhananjaya,0.0,0,0,1,1,0.0,0,,1
"49.4 
W 
Adair to Lahiru Kumara, OUT 
back of a length ball on off stump, skies a top edge over the pitch and Adair calls off 
everyone to take the catch himself. 
Lahiru Kumara c & b Adair 4 (4b 1x4 0x6 14m) SR: 100",49.4,W,0.0,"Adair to Lahiru Kumara, OUT  .back of a length ball on off stump, skies a top edge over the pitch and Adair calls off  .everyone to take the catch himself.  .Lahiru Kumara c & b Adair 4 (4b 1x4 0x6 14m) SR: 100",Adair,Lahiru Kumara,0.0,0,0,1,1,0.0,1,c & b Adair,0
"49.5 
W 
Adair to Rajitha, OUT 
length ball is slapped straight to Stirling at short extra cover. The pair set off for a run 
and Stirling first a one bounce throw at the stumps that misses but Campher very alertly 
backs up coming over from short midwicket and collects before running three yards to 
whip the bails off with Rajitha a yard short. 
Kasun Rajitha run out (Stirling/Campher) 0 (1b 0x4 0x6 3m) SR: 0 
12.58 pm A very topsy-turvy innings. But Ireland have momentum heading into the 
innings break after a wonderful final over by Adair that limits the damage. Ireland 
realistically could have been chasing 350+ but have saved themselves plenty of runs 
with some sharp death bowling. It was far from a crisp innings though. Josh Little's 
opening spell was forgettable and Sri Lanka seized on it to get off to an early flyer. In 
spite of Barry McCarthy's double-strike after coming on at first change, Karunaratne and 
Samawickrama put on a mammoth stand to put Sri Lanka in charge, culminating in 
Karunaratne's maiden ODI century. Sri Lanka will be favorites to chase but it's not an 
insurmountable total on a ground which has seen some high scores hauled in all 
tournament. Stay with us for the start of the reply when Rvel Zahid takes over in the 
central commentary position. 
Bilal: ""In the end BOTH Sri Lanka and Scotland innings had WAY TOO MANY similarities. 
Both ended with 320ish. Both innings had a century.Both innings had a half 
century.Both innings had a stand out bowler (who almost took the same number of 
wickets)Both innings ended with the teams ALL OUT.Both innings ended with a run out. 
This deserves to be posted, no?"" 
Players are making their way out in the middle. Opening batsmen are getting ready and 
vigorously swinging bat to loosen the shoulders. Andrew McBrine will be on strike and 
Kasun Rajitha will start the proceedings for Sri Lanka 
Sponsored Headlines 
 
PAK vs BAN 2025, PAK vs BAN 1st T20I Match Preview - Pakistan begin yet another era 
as bruised Bangladesh eye revivalDiscover 
 
IPL 2025, LSG vs RCB 70th Match Match Report, May 27, 2025 - Jitesh 85* trumps Pant 
118* as RCB make Qualifier 1Discover 
 
HomeBuddy |  
Sponsored by TaboolaSponsored by Taboola 
Here's The Estimated Cost for a 1-day Gutter Guards InstallationRead MoreSkip 
 
Test squad - Why India picked Karun Nair and Arshdeep Singh and left out Sarfaraz 
Khan and Mohammed Shami | ESPNcricinfoDiscover 
 
UAE vs BAN Cricket Scorecard, 2nd T20I at Sharjah, May 19, 2025Discover 
Watch for More Information 
Read More 
Ad 
|  
Sponsored  
 
Ask a Pro: ""How Long Does $1.5M Last in Retirement?""Get a Complimentary Intro Call 
With a Wealth AdvisorSmartAsset |  
SponsoredSponsored 
Click Here 
Undo 
 
Take the scenic route in OregonPlan your trip to Oregon's outdoors for hiking trails, 
sweeping views and grand adventures.Travel Oregon |  
SponsoredSponsored 
Learn More 
Undo 
 
Venture onto Oregon’s trailsFrom family-friendly loops to multi-day treks, Oregon’s got 
every kind of trail. Plan your adventure today.Travel Oregon |  
SponsoredSponsored 
Learn More 
Undo 
 
Write Better, Work Smarter With This Desktop AppImprove grammar, word choice, and 
sentence structure everywhere you work. Write better with Grammarly.Grammarly |  
SponsoredSponsored 
Install Now 
Undo 
 
Arizona: Govt Will Cover The Cost Of Solar For Eligible Homeowners In These Zip 
CodesIf you pay more than $99/month for power and own a home, you better read 
this.Energy Bill Cruncher |  
SponsoredSponsored 
Learn More 
Undo 
 
5 Strategies to Potentially Reduce RMD Taxes After Age 73These 5 strategies can 
potentially reduce RMD taxes after age 73.SmartAsset |  
SponsoredSponsored 
Learn More 
Undo 
 
Your Best Life Starts TodayBoost energy, mood, and lean muscle with our powerful TRT 
Gel. Feel the difference, track your progress, and maximize your results with ease. 
Prescription products require an online consultation with a doctor. Results may 
vary.Maximus |  
SponsoredSponsored 
Learn More 
Undo 
 
Use an AI Writing Tool That Actually Understands Your VoiceImprove grammar, word 
choice, and sentence structure everywhere you work. Write better with 
Grammarly.Grammarly |  
SponsoredSponsored 
Install Now 
Undo 
 
Here's The Estimated Cost of a 1-day Gutter Guards InstallationHomeBuddy |  
SponsoredSponsored 
Undo 
Sponsored  
 
Price Out Your New Pool [It's FREE]Wondering how much a new pool will cost? Find out 
in minutes with our custom pool cost estimator. Check it out.Shasta Pools & Spas |  
SponsoredSponsored 
Get Quote 
Undo 
 
Here's The Average Price of a 6-Hour Gutter Guards UpgradeThanks to this smart gutter 
upgrade its never been easier to prevent clogs and water damage and keep your home 
protected year-round.Homebuddy.com |  
SponsoredSponsored 
Read More 
Undo 
 
How Much to Upgrade Your Backyard? [Price It]Wondering how much a new pool will 
cost? Find out in minutes with our custom pool cost estimator. Check it out.Shasta 
Pools & Spas |  
SponsoredSponsored 
Get Quote 
Undo 
Unmute 
Language 
English 
Match Coverage 
All Match News 
 
Elimination pushes Irish cricket further into the fringes 
They must now pick themselves up for a qualifying event for the T20 World Cup, but the 
fact remains: missing the ODI World Cup hits their finances and following 
 
 
 
Karunaratne ton, Hasaranga five-for knock Ireland out 
Sri Lanka sail through into the Super Six stage, along with Scotland and Oman 
 
 
 
Instant answers to T20 questions 
What is the lowest team total in the IPL? 
Which batter has hit the most sixes in an innings in the IPL? 
Which team has scored the most runs in death overs in an IPL match? 
Ask a question 
Ireland Innings 
Player Name 
R 
B 
AR 
McBrine caught 
17 21 
PR 
Stirling 
caught 
6 
11 
A 
Balbirnie lbw 
12 13 
HT 
Tector 
lbw 
33 35 
LJ 
Tucker 
bowled 
0 
5 
C 
Campher caught 
39 31 
GH 
Dockrell not out 
26 34 
GJ 
Delany 
bowled 
19 8 
MR Adair caught 
4 
2 
BJ 
McCarthy caught 
5 
12 
Player Name 
R 
B 
JB Little caught 
20 14 
Extras 
(b 4, lb 4, w 3) 
Total 
192(10 wkts; 31 ovs) 
Player Name 
O M R W Econ 
CAK Rajitha 5 1 22 1",49.5,W,0.0,"Adair to Rajitha, OUT  .length ball is slapped straight to Stirling at short extra cover. The pair set off for a run  .and Stirling first a one bounce throw at the stumps that misses but Campher very alertly  .backs up coming over from short midwicket and collects before running three yards to  .whip the bails off with Rajitha a yard short.  .Kasun Rajitha run out (Stirling/Campher) 0 (1b 0x4 0x6 3m) SR: 0",Adair,Rajitha,0.0,0,0,1,1,0.0,0,run out (Stirling/Campher),0
