raw_data,overs,runs,team_runs,commentary,bowler,batsman,batsman_runs,batsman_fours,batsman_sixes,batsman_bowls_faced,bowler_bowls_done,bowler_runs_given,bowler_wickets,dismissal,runs_given_bool
"0.1 
1w 
McCarthy to Gurbaz, 1 wide 
full, down the leg side, and he looks to whip this away, but cannot get across to it",0.1,1w,1.0,"McCarthy to Gurbaz, 1 wide  .full, down the leg side, and he looks to whip this away, but cannot get across to it",McCarthy,Gurbaz,0.0,0,0,0,0,1.0,0,,1
"0.1 
• 
McCarthy to Gurbaz, no run 
length, just outside off, and he shuffles across and leaves",0.1,0,0.0,"McCarthy to Gurbaz, no run  .length, just outside off, and he shuffles across and leaves",McCarthy,Gurbaz,0.0,0,0,1,1,0.0,0,,0
"0.2 
• 
McCarthy to Gurbaz, no run 
fuller, just around off, and he defends",0.2,0,0.0,"McCarthy to Gurbaz, no run  .fuller, just around off, and he defends",McCarthy,Gurbaz,0.0,0,0,1,1,0.0,0,,0
"0.3 
• 
McCarthy to Gurbaz, no run 
length, some movement off the seam back into Gurbaz, who shuffles across to defend",0.3,0,0.0,"McCarthy to Gurbaz, no run  .length, some movement off the seam back into Gurbaz, who shuffles across to defend",McCarthy,Gurbaz,0.0,0,0,1,1,0.0,0,,0
"0.4 
• 
McCarthy to Gurbaz, no run 
full, shapes in from around off, and he drives to mid-on",0.4,0,0.0,"McCarthy to Gurbaz, no run  .full, shapes in from around off, and he drives to mid-on",McCarthy,Gurbaz,0.0,0,0,1,1,0.0,0,,0
"0.5 
• 
McCarthy to Gurbaz, no run 
full, driven to mid-off. Gurbaz sets off for a single, and Kevin O'Brien is quick to move 
across to his right and cut this off. Gurbaz is sent back",0.5,0,0.0,"McCarthy to Gurbaz, no run  .full, driven to mid-off. Gurbaz sets off for a single, and Kevin O'Brien is quick to move  .across to his right and cut this off. Gurbaz is sent back",McCarthy,Gurbaz,0.0,0,0,1,1,0.0,0,,0
"0.6 
• 
McCarthy to Gurbaz, no run 
length, around off, defended to cover 
end of over 11 run  
AFG: 1/0CRR: 1.00  
Rahmanullah Gurbaz0 (6b) 
Javed Ahmadi0 (0b) 
Barry McCarthy 1-0-1-0 
Craig Young to share the new ball. Gurbaz has to go for a change of bat, in the 
meantime. Two slips for Ahmadi",0.6,0,0.0,"McCarthy to Gurbaz, no run  .length, around off, defended to cover",McCarthy,Gurbaz,0.0,0,0,1,1,0.0,0,,0
"1.1 
2 
Young to Javed, 2 runs 
length, but width on offer, and he punches this through the cover-point region, up on his 
toes",1.1,2,2.0,"Young to Javed, 2 runs  .length, but width on offer, and he punches this through the cover-point region, up on his  .toes",Young,Javed,2.0,0,0,1,1,2.0,0,,1
"1.2 
• 
Young to Javed, no run 
short of a length, slapped off the back foot, but he cannot beat cover",1.2,0,0.0,"Young to Javed, no run  .short of a length, slapped off the back foot, but he cannot beat cover",Young,Javed,0.0,0,0,1,1,0.0,0,,0
"1.3 
• 
Young to Javed, no run 
length, outside off, swings away and he leaves 
DanCric: ""I think batting first is wrong! Didnt the fog bring alot of moisture? Oh well we'll 
see..."" --- Possibly also a sign that Afghanistan want to bring their spinners into play 
once the pitch dries up a bit",1.3,0,0.0,"Young to Javed, no run  .length, outside off, swings away and he leaves",Young,Javed,0.0,0,0,1,1,0.0,0,,0
"1.4 
• 
Young to Javed, no run 
short, outside off, and he leaves as it goes through at a good height to the keeper",1.4,0,0.0,"Young to Javed, no run  .short, outside off, and he leaves as it goes through at a good height to the keeper",Young,Javed,0.0,0,0,1,1,0.0,0,,0
"1.5 
• 
Young to Javed, no run 
back of a length, angles into him, and he defends",1.5,0,0.0,"Young to Javed, no run  .back of a length, angles into him, and he defends",Young,Javed,0.0,0,0,1,1,0.0,0,,0
"1.6 
• 
Young to Javed, no run 
length, stretches forward to defend one 
end of over 22 runs  
AFG: 3/0CRR: 1.50  
Javed Ahmadi2 (6b) 
Rahmanullah Gurbaz0 (6b) 
Craig Young 1-0-2-0 
Barry McCarthy 1-0-1-0",1.6,0,0.0,"Young to Javed, no run  .length, stretches forward to defend one",Young,Javed,0.0,0,0,1,1,0.0,0,,0
"2.1 
• 
McCarthy to Gurbaz, no run 
length, pinning him back with the angle coming into him, and he defends",2.1,0,0.0,"McCarthy to Gurbaz, no run  .length, pinning him back with the angle coming into him, and he defends",McCarthy,Gurbaz,0.0,0,0,1,1,0.0,0,,0
"2.2 
• 
McCarthy to Gurbaz, no run 
length, straightens into him from outside off, and he defends towards short mid-wicket",2.2,0,0.0,"McCarthy to Gurbaz, no run  .length, straightens into him from outside off, and he defends towards short mid-wicket",McCarthy,Gurbaz,0.0,0,0,1,1,0.0,0,,0
"2.3 
6 
McCarthy to Gurbaz, SIX runs 
short, and he pulls this a long way towards deep square leg. First runs in ODI cricket for 
Gurbaz, and in some style! 
The ropes have been brought in a fair distance for this match, but that was still going to 
go over the fence. Requires Simi Singh to go fetch the ball from the grass banks beyond 
square leg",2.3,6,6.0,"McCarthy to Gurbaz, SIX runs  .short, and he pulls this a long way towards deep square leg. First runs in ODI cricket for  .Gurbaz, and in some style!  .The ropes have been brought in a fair distance for this match, but that was still going to  .go over the fence. Requires Simi Singh to go fetch the ball from the grass banks beyond  .square leg",McCarthy,Gurbaz,6.0,0,1,1,1,6.0,0,,1
"2.4 
• 
McCarthy to Gurbaz, no run 
length, around off, defended towards cover 
Edrees Nawabi: ""Javed Ahmadi has been given many opportunities where he hasn't 
have a tangible performance so far, he better score some runs or there are many 
talented young guns have been waiting for opportunities."" --- Sifat Khawry echoes the 
same sentiment",2.4,0,0.0,"McCarthy to Gurbaz, no run  .length, around off, defended towards cover",McCarthy,Gurbaz,0.0,0,0,1,1,0.0,0,,0
"2.5 
4 
McCarthy to Gurbaz, FOUR runs 
length, takes the edge, but goes past second slip. Nippy pace, angles in and straightens 
a touch. Perhaps Gurbaz could have let that pass, but it flies off the edge, and goes just 
to the right of second slip and runs away to third man",2.5,4,4.0,"McCarthy to Gurbaz, FOUR runs  .length, takes the edge, but goes past second slip. Nippy pace, angles in and straightens  .a touch. Perhaps Gurbaz could have let that pass, but it flies off the edge, and goes just  .to the right of second slip and runs away to third man",McCarthy,Gurbaz,4.0,1,0,1,1,4.0,0,,1
"2.6 
• 
McCarthy to Gurbaz, no run 
leaves one outside off 
end of over 310 runs  
AFG: 13/0CRR: 4.33  
Rahmanullah Gurbaz10 (12b 1x4 1x6) 
Javed Ahmadi2 (6b) 
Barry McCarthy 2-0-11-0 
Craig Young 1-0-2-0",2.6,0,0.0,"McCarthy to Gurbaz, no run  .leaves one outside off",McCarthy,Gurbaz,0.0,0,0,1,1,0.0,0,,0
"3.1 
• 
Young to Javed, no run 
back of a length, defended to backward point",3.1,0,0.0,"Young to Javed, no run  .back of a length, defended to backward point",Young,Javed,0.0,0,0,1,1,0.0,0,,0
"3.2 
• 
Young to Javed, no run 
length, outside off, a bit of movement off the seam away, and he shoulders arms to this",3.2,0,0.0,"Young to Javed, no run  .length, outside off, a bit of movement off the seam away, and he shoulders arms to this",Young,Javed,0.0,0,0,1,1,0.0,0,,0
"3.3 
• 
Young to Javed, no run 
length, outside off, and he leaves as it swings away 
George Macphers: ""There aren't that many people who have started off their career with 
a maximum. This young cricketer will be somebody to look out for during his cricketing 
career. """,3.3,0,0.0,"Young to Javed, no run  .length, outside off, and he leaves as it swings away",Young,Javed,0.0,0,0,1,1,0.0,0,,0
"3.4 
• 
Young to Javed, no run 
defends one pitched closer to the stumps",3.4,0,0.0,"Young to Javed, no run  .defends one pitched closer to the stumps",Young,Javed,0.0,0,0,1,1,0.0,0,,0
"3.5 
• 
Young to Javed, no run 
length, angles in towards him from around off, and he defends to point",3.5,0,0.0,"Young to Javed, no run  .length, angles in towards him from around off, and he defends to point",Young,Javed,0.0,0,0,1,1,0.0,0,,0
"3.6 
• 
Young to Javed, no run 
short, down the leg side, and he leaves 
end of over 4Maiden 
AFG: 13/0CRR: 3.25  
Javed Ahmadi2 (12b) 
Rahmanullah Gurbaz10 (12b 1x4 1x6) 
Craig Young 2-1-2-0 
Barry McCarthy 2-0-11-0",3.6,0,0.0,"Young to Javed, no run  .short, down the leg side, and he leaves",Young,Javed,0.0,0,0,1,1,0.0,0,,0
"4.1 
• 
McCarthy to Gurbaz, no run 
length, around off, and he defends towards cover",4.1,0,0.0,"McCarthy to Gurbaz, no run  .length, around off, and he defends towards cover",McCarthy,Gurbaz,0.0,0,0,1,1,0.0,0,,0
"4.2 
4 
McCarthy to Gurbaz, FOUR runs 
short, and he swivel-pulls this after a little shuffle across. Timed superbly, as he gets it 
away with a couple of bounce to the deep square leg fence. Fast hands, steady hand",4.2,4,4.0,"McCarthy to Gurbaz, FOUR runs  .short, and he swivel-pulls this after a little shuffle across. Timed superbly, as he gets it  .away with a couple of bounce to the deep square leg fence. Fast hands, steady hand",McCarthy,Gurbaz,4.0,1,0,1,1,4.0,0,,1
"4.3 
• 
McCarthy to Gurbaz, no run 
length, angles into him, and he defends",4.3,0,0.0,"McCarthy to Gurbaz, no run  .length, angles into him, and he defends",McCarthy,Gurbaz,0.0,0,0,1,1,0.0,0,,0
"4.4 
4 
McCarthy to Gurbaz, FOUR runs 
length, but strays down the pads, and he is able to work this through to fine leg. There's 
a deep backward square leg in place, but stands no chance against a fast outfield",4.4,4,4.0,"McCarthy to Gurbaz, FOUR runs  .length, but strays down the pads, and he is able to work this through to fine leg. There's  .a deep backward square leg in place, but stands no chance against a fast outfield",McCarthy,Gurbaz,4.0,1,0,1,1,4.0,0,,1
"4.5 
• 
McCarthy to Gurbaz, no run 
length, angles back into him from outside off, and he defends",4.5,0,0.0,"McCarthy to Gurbaz, no run  .length, angles back into him from outside off, and he defends",McCarthy,Gurbaz,0.0,0,0,1,1,0.0,0,,0
"4.6 
• 
McCarthy to Gurbaz, no run 
length, angles back in, and he defends towards short mid-wicket 
end of over 58 runs  
AFG: 21/0CRR: 4.20  
Rahmanullah Gurbaz18 (18b 3x4 1x6) 
Javed Ahmadi2 (12b) 
Barry McCarthy 3-0-19-0 
Craig Young 2-1-2-0",4.6,0,0.0,"McCarthy to Gurbaz, no run  .length, angles back in, and he defends towards short mid-wicket",McCarthy,Gurbaz,0.0,0,0,1,1,0.0,0,,0
"5.1 
1 
Young to Javed, 1 run 
length, and he looks to push forward to defend. Gets it off the inner edge towards fine 
leg 
Fine leg moves inside the circle, and square leg goes deep",5.1,1,1.0,"Young to Javed, 1 run  .length, and he looks to push forward to defend. Gets it off the inner edge towards fine  .leg  .Fine leg moves inside the circle, and square leg goes deep",Young,Javed,1.0,0,0,1,1,1.0,0,,1
"5.2 
1 
Young to Gurbaz, 1 run 
length, around off, and he dabs this towards square leg and they pinch a quick single",5.2,1,1.0,"Young to Gurbaz, 1 run  .length, around off, and he dabs this towards square leg and they pinch a quick single",Young,Gurbaz,1.0,0,0,1,1,1.0,0,,1
"5.3 
4 
Young to Javed, FOUR runs 
short, and he goes back and swings this away in front of square on the on side. Well 
controlled pull that fetches four 
The short ball hasn't worked for the Irish new ball bowlers. They don't have the pace nor 
enough support from this pitch",5.3,4,4.0,"Young to Javed, FOUR runs  .short, and he goes back and swings this away in front of square on the on side. Well  .controlled pull that fetches four  .The short ball hasn't worked for the Irish new ball bowlers. They don't have the pace nor  .enough support from this pitch",Young,Javed,4.0,1,0,1,1,4.0,0,,1
"5.4 
• 
Young to Javed, no run 
fuller length, and strikes Ahmadi as he shapes to flick it off his hips. Appeal from the 
bowler, but the line was always going from middle down leg",5.4,0,0.0,"Young to Javed, no run  .fuller length, and strikes Ahmadi as he shapes to flick it off his hips. Appeal from the  .bowler, but the line was always going from middle down leg",Young,Javed,0.0,0,0,1,1,0.0,0,,0
"5.5 
1 
Young to Javed, 1 run 
shimmies down the pitch and converts a length ball into one that he can work off his 
legs towards square leg",5.5,1,1.0,"Young to Javed, 1 run  .shimmies down the pitch and converts a length ball into one that he can work off his  .legs towards square leg",Young,Javed,1.0,0,0,1,1,1.0,0,,1
"5.6 
• 
Young to Gurbaz, no run 
length, around leg and middle, defended to mid-on 
Noorullah Mayar: ""Modern cricket is of the players that play their natural game. 
Welcome to the natural cricket arena young boy @Rahmanullah Gurbaz -- the next ABD 
to the cricket"" 
end of over 67 runs  
AFG: 28/0CRR: 4.66  
Rahmanullah Gurbaz19 (20b 3x4 1x6) 
Javed Ahmadi8 (16b 1x4) 
Craig Young 3-1-9-0 
Barry McCarthy 3-0-19-0",5.6,0,0.0,"Young to Gurbaz, no run  .length, around leg and middle, defended to mid-on",Young,Gurbaz,0.0,0,0,1,1,0.0,0,,0
"6.1 
• 
McCarthy to Javed, no run 
length, and he stretches forward to defend 
Kashif : ""Any idea at which pace they are bowling or they usually bowl, Ireland pacers? "" -
--- The broadcast has no speed gun, but I would think both bowlers are at about 130-135 
kph",6.1,0,0.0,"McCarthy to Javed, no run  .length, and he stretches forward to defend",McCarthy,Javed,0.0,0,0,1,1,0.0,0,,0
"6.2 
• 
McCarthy to Javed, no run 
defended to cover with a forward press",6.2,0,0.0,"McCarthy to Javed, no run  .defended to cover with a forward press",McCarthy,Javed,0.0,0,0,1,1,0.0,0,,0
"6.3 
1 
McCarthy to Javed, 1 run 
skips down the wicket again. Forces the bowler to shorten his length, and then he just 
works it away towards deep backward square leg",6.3,1,1.0,"McCarthy to Javed, 1 run  .skips down the wicket again. Forces the bowler to shorten his length, and then he just  .works it away towards deep backward square leg",McCarthy,Javed,1.0,0,0,1,1,1.0,0,,1
"6.4 
1 
McCarthy to Gurbaz, 1 run 
short, and he looks to pull, and dropped by Tucker behind the wicket! Seemed to have 
caught a bit of glove and then popped up, but to the left of the keeper. He goes across 
and gets his gloves, but cannot catch it clean",6.4,1,1.0,"McCarthy to Gurbaz, 1 run  .short, and he looks to pull, and dropped by Tucker behind the wicket! Seemed to have  .caught a bit of glove and then popped up, but to the left of the keeper. He goes across  .and gets his gloves, but cannot catch it clean",McCarthy,Gurbaz,1.0,0,0,1,1,1.0,0,,1
"6.5 
4lb 
McCarthy to Javed, 4 leg byes 
fuller, and he looks to flick this away. Loud appeal for leg before, but the ball has run 
away through the vacant first slip region for four. What's happened here? Ireland 
seemed keen on reviewing this, but the standing umpire didn't seem too sure about the 
time left for them to do so. If the umpire has not given a signal initially, it would mean he 
gave it as runs, but he has now indicated this is four leg byes! 
The Ireland players are understandably displeased. Stirlign having a word with the 
umpire about the absence of a clock and the need to communicate time left",6.5,4lb,4.0,"McCarthy to Javed, 4 leg byes  .fuller, and he looks to flick this away. Loud appeal for leg before, but the ball has run  .away through the vacant first slip region for four. What's happened here? Ireland  .seemed keen on reviewing this, but the standing umpire didn't seem too sure about the  .time left for them to do so. If the umpire has not given a signal initially, it would mean he  .gave it as runs, but he has now indicated this is four leg byes!  .The Ireland players are understandably displeased. Stirlign having a word with the  .umpire about the absence of a clock and the need to communicate time left",McCarthy,Javed,0.0,0,0,1,1,0.0,0,,0
"6.6 
4 
McCarthy to Javed, FOUR runs 
insult to injury! A length ball, just outside off, and Ahmadi plonks his front foot and 
swings this over the mid-off region for an emphatic boundary 
end of over 710 runs  
AFG: 38/0CRR: 5.42  
Javed Ahmadi13 (21b 2x4) 
Rahmanullah Gurbaz20 (21b 3x4 1x6) 
Barry McCarthy 4-0-25-0 
Craig Young 3-1-9-0 
Sahak: ""Gurbaz has already played in APL, BPL, LPL and t20I for afghanistan, and he has 
proved his worth. He is our Mohammad shahzad with much less kilos.""",6.6,4,4.0,"McCarthy to Javed, FOUR runs  .insult to injury! A length ball, just outside off, and Ahmadi plonks his front foot and  .swings this over the mid-off region for an emphatic boundary",McCarthy,Javed,4.0,1,0,1,1,4.0,0,,1
"7.1 
• 
Young to Gurbaz, no run 
fullish length, and he looks to flick this away but ends up inside-edging it into his body 
The replays indicate the leg-before shout against Ahmadi would have been not out 
anyway, withe ball going over the stumps",7.1,0,0.0,"Young to Gurbaz, no run  .fullish length, and he looks to flick this away but ends up inside-edging it into his body  .The replays indicate the leg-before shout against Ahmadi would have been not out  .anyway, withe ball going over the stumps",Young,Gurbaz,0.0,0,0,1,1,0.0,0,,0
"7.2 
6 
Young to Gurbaz, SIX runs 
short, and swatted away over deep backward square leg again",7.2,6,6.0,"Young to Gurbaz, SIX runs  .short, and swatted away over deep backward square leg again",Young,Gurbaz,6.0,0,1,1,1,6.0,0,,1
"7.3 
• 
Young to Gurbaz, no run 
fullish length, and he moves across to flick this. Strikes him on the pad, but impact may 
have been outside off 
The umpires are now manually counting down the 15 seconds. This is hilarious!",7.3,0,0.0,"Young to Gurbaz, no run  .fullish length, and he moves across to flick this. Strikes him on the pad, but impact may  .have been outside off  .The umpires are now manually counting down the 15 seconds. This is hilarious!",Young,Gurbaz,0.0,0,0,1,1,0.0,0,,0
"7.4 
• 
Young to Gurbaz, no run 
fullish, and he shuffles across and tries to shovel it over mid-wicket. Keeps it along the 
ground though, and short mid-wicket can cut this off",7.4,0,0.0,"Young to Gurbaz, no run  .fullish, and he shuffles across and tries to shovel it over mid-wicket. Keeps it along the  .ground though, and short mid-wicket can cut this off",Young,Gurbaz,0.0,0,0,1,1,0.0,0,,0
"7.5 
• 
Young to Gurbaz, no run 
length, and he defends towards point 
Mustafa Moudi: ""Fun Fact: Among the Bottom 4 of both the Teams, The Oldest Player is 
the one whose Last name is YOUNG..When I dug deeper, a Player Called Chris OLD(Eng) 
made his International Debut against India in 1972 when he was actually the Youngest 
among Bottom 4 of both the sides !!"" --- Just the kind of useless trivia that us quiz fans 
feast on. Thanks!",7.5,0,0.0,"Young to Gurbaz, no run  .length, and he defends towards point",Young,Gurbaz,0.0,0,0,1,1,0.0,0,,0
"7.6 
4 
Young to Gurbaz, FOUR runs 
full, on the pads, and worked away towards that deep square leg region again. The line 
and length have been inconsistent from the new ball bowlers, and Gurbaz in particular 
has made them pay 
First look now at Simi Singh 
end of over 810 runs  
AFG: 48/0CRR: 6.00  
Rahmanullah Gurbaz30 (27b 4x4 2x6) 
Javed Ahmadi13 (21b 2x4) 
Craig Young 4-1-19-0 
Barry McCarthy 4-0-25-0 
Slip in place",7.6,4,4.0,"Young to Gurbaz, FOUR runs  .full, on the pads, and worked away towards that deep square leg region again. The line  .and length have been inconsistent from the new ball bowlers, and Gurbaz in particular  .has made them pay  .First look now at Simi Singh",Young,Gurbaz,4.0,1,0,1,1,4.0,0,,1
"8.1 
• 
Simi Singh to Javed, no run 
length, around off and middle, defended",8.1,0,0.0,"Simi Singh to Javed, no run  .length, around off and middle, defended",Simi Singh,Javed,0.0,0,0,1,1,0.0,0,,0
"8.2 
• 
Simi Singh to Javed, no run 
length, turns back from around off, and he defends to cover",8.2,0,0.0,"Simi Singh to Javed, no run  .length, turns back from around off, and he defends to cover",Simi Singh,Javed,0.0,0,0,1,1,0.0,0,,0
"8.3 
• 
Simi Singh to Javed, no run 
the swing was never too far away! Fails to make contact, though, to one thrown a touch 
wider",8.3,0,0.0,"Simi Singh to Javed, no run  .the swing was never too far away! Fails to make contact, though, to one thrown a touch  .wider",Simi Singh,Javed,0.0,0,0,1,1,0.0,0,,0
"8.4 
• 
Simi Singh to Javed, no run 
straighter line, driven hard to cover",8.4,0,0.0,"Simi Singh to Javed, no run  .straighter line, driven hard to cover",Simi Singh,Javed,0.0,0,0,1,1,0.0,0,,0
"8.5 
• 
Simi Singh to Javed, no run 
length, good stride forward to defend",8.5,0,0.0,"Simi Singh to Javed, no run  .length, good stride forward to defend",Simi Singh,Javed,0.0,0,0,1,1,0.0,0,,0
"8.6 
• 
Simi Singh to Javed, no run 
length, defended back to the bowler 
Ahsan Waziri : ""There is no singles and doubles ... still dot balls issue for Afghan cricket 
we playing 25 overs in 50 overs matches .... why coaching staff not realizing this issue "" 
Varahan: ""Kiddish stuff on the manual clock! Is this the level of importance given to an 
ODI? Isn't it protocol to have a timer if DRS is there?"" --- I think it has to do with the 
absence of a big screen operation. That is what is common to most cricket matches 
elsewhere 
Curtis Campher into the attack now 
end of over 9Maiden 
AFG: 48/0CRR: 5.33  
Javed Ahmadi13 (27b 2x4) 
Rahmanullah Gurbaz30 (27b 4x4 2x6) 
Simi Singh 1-1-0-0 
Craig Young 4-1-19-0",8.6,0,0.0,"Simi Singh to Javed, no run  .length, defended back to the bowler",Simi Singh,Javed,0.0,0,0,1,1,0.0,0,,0
"9.1 
• 
Campher to Gurbaz, no run 
length, around off, and he presses forward to defend",9.1,0,0.0,"Campher to Gurbaz, no run  .length, around off, and he presses forward to defend",Campher,Gurbaz,0.0,0,0,1,1,0.0,0,,0
"9.2 
6 
Campher to Gurbaz, SIX runs 
length, around middle an dleg, and he has just dismissed this from his presence. Swings 
across the line, and does so with his head tilitng. Not from the coaching manual, really, 
but it has travelled a long way over mid-wicket",9.2,6,6.0,"Campher to Gurbaz, SIX runs  .length, around middle an dleg, and he has just dismissed this from his presence. Swings  .across the line, and does so with his head tilitng. Not from the coaching manual, really,  .but it has travelled a long way over mid-wicket",Campher,Gurbaz,6.0,0,1,1,1,6.0,0,,1
"9.3 
4 
Campher to Gurbaz, FOUR runs 
driven through extra cover. Campher overcompensates a bit, but Gurbaz is upto it",9.3,4,4.0,"Campher to Gurbaz, FOUR runs  .driven through extra cover. Campher overcompensates a bit, but Gurbaz is upto it",Campher,Gurbaz,4.0,1,0,1,1,4.0,0,,1
"9.4 
• 
Campher to Gurbaz, no run 
length, around off, and he stretches forward to defend",9.4,0,0.0,"Campher to Gurbaz, no run  .length, around off, and he stretches forward to defend",Campher,Gurbaz,0.0,0,0,1,1,0.0,0,,0
"9.5 
• 
Campher to Gurbaz, no run 
length, and he stretches forward to defend one down the pitch",9.5,0,0.0,"Campher to Gurbaz, no run  .length, and he stretches forward to defend one down the pitch",Campher,Gurbaz,0.0,0,0,1,1,0.0,0,,0
"9.6 
1 
Campher to Gurbaz, 1 run 
length, outside off, steered to third man to retain strike 
Noorullah Mayar: ""How many openers in the international cricket has smashed a six to 
open their international one day cricket scoring account on their debuts? Do we have 
any stats?"" ---- Too specific as a query, especially because it was his first scoring shot, 
but not off the first ball he faced. I do remember Yusuf Pathan getting off the mark on 
debut, in the T20 World Cup final in 2007, with a massive six 
end of over 1011 runs  
AFG: 59/0CRR: 5.90  
Rahmanullah Gurbaz41 (33b 5x4 3x6) 
Javed Ahmadi13 (27b 2x4) 
Curtis Campher 1-0-11-0 
Simi Singh 1-1-0-0",9.6,1,1.0,"Campher to Gurbaz, 1 run  .length, outside off, steered to third man to retain strike",Campher,Gurbaz,1.0,0,0,1,1,1.0,0,,1
"10.1 
1 
Simi Singh to Gurbaz, 1 run 
fuller, around leg and middle, and now that the field is spread, he can work it towards 
deep square leg",10.1,1,1.0,"Simi Singh to Gurbaz, 1 run  .fuller, around leg and middle, and now that the field is spread, he can work it towards  .deep square leg",Simi Singh,Gurbaz,1.0,0,0,1,1,1.0,0,,1
"10.2 
1 
Simi Singh to Javed, 1 run 
a bit shorter in length, and gives ample time to him to go back and work it towards 
square leg",10.2,1,1.0,"Simi Singh to Javed, 1 run  .a bit shorter in length, and gives ample time to him to go back and work it towards  .square leg",Simi Singh,Javed,1.0,0,0,1,1,1.0,0,,1
"10.3 
1 
Simi Singh to Gurbaz, 1 run 
length, worked with the turn towards deep square leg",10.3,1,1.0,"Simi Singh to Gurbaz, 1 run  .length, worked with the turn towards deep square leg",Simi Singh,Gurbaz,1.0,0,0,1,1,1.0,0,,1
"10.4 
• 
Simi Singh to Javed, no run 
length, defends with a forward press 
Vivaan : ""Gurbaz is playing at a really good pace but if you see 38 off his 40 runs have 
come off boundaries and so he has spent 23 dots in 32 ball he could have reached 50 if 
he would have rotated strike"" --- To be fair, they are looking for those singles now. This 
has been quite sensible to be honest from these two",10.4,0,0.0,"Simi Singh to Javed, no run  .length, defends with a forward press",Simi Singh,Javed,0.0,0,0,1,1,0.0,0,,0
"10.5 
1 
Simi Singh to Javed, 1 run 
driven to deep mid-off, who is about three-quarters of the way to the boundary",10.5,1,1.0,"Simi Singh to Javed, 1 run  .driven to deep mid-off, who is about three-quarters of the way to the boundary",Simi Singh,Javed,1.0,0,0,1,1,1.0,0,,1
"10.6 
1 
Simi Singh to Gurbaz, 1 run 
tickles this around the corner with the turn and pinches a single before short fine leg 
can get across to it 
end of over 115 runs  
AFG: 64/0CRR: 5.81  
Rahmanullah Gurbaz44 (36b 5x4 3x6) 
Javed Ahmadi15 (30b 2x4) 
Simi Singh 2-1-5-0 
Curtis Campher 1-0-11-0 
Vivaan : ""Rishabh pant got off the mark in test cricket with a straight six off Moeen Ali"" --
- He would, wouldn't he?",10.6,1,1.0,"Simi Singh to Gurbaz, 1 run  .tickles this around the corner with the turn and pinches a single before short fine leg  .can get across to it",Simi Singh,Gurbaz,1.0,0,0,1,1,1.0,0,,1
"11.1 
• 
Campher to Gurbaz, no run 
length, gets behind the line and defends this",11.1,0,0.0,"Campher to Gurbaz, no run  .length, gets behind the line and defends this",Campher,Gurbaz,0.0,0,0,1,1,0.0,0,,0
"11.2 
6 
Campher to Gurbaz, SIX runs 
short, and pulled away nonchalantly towards deep square leg 
Half-century on debut for Gurbaz. The promise of many more to come. Clean striking 
when he's got a hold of the ball",11.2,6,6.0,"Campher to Gurbaz, SIX runs  .short, and pulled away nonchalantly towards deep square leg  .Half-century on debut for Gurbaz. The promise of many more to come. Clean striking  .when he's got a hold of the ball",Campher,Gurbaz,6.0,0,1,1,1,6.0,0,,1
"11.3 
• 
Campher to Gurbaz, no run 
length, worked towards short mid-wicket",11.3,0,0.0,"Campher to Gurbaz, no run  .length, worked towards short mid-wicket",Campher,Gurbaz,0.0,0,0,1,1,0.0,0,,0
"11.4 
4 
Campher to Gurbaz, FOUR runs 
edged, but through the vacant slips region through to third man. Just a bit of width, and 
he does well to open the face of the bat. Runs off the edge, and that's why it goes in the 
air to begin with",11.4,4,4.0,"Campher to Gurbaz, FOUR runs  .edged, but through the vacant slips region through to third man. Just a bit of width, and  .he does well to open the face of the bat. Runs off the edge, and that's why it goes in the  .air to begin with",Campher,Gurbaz,4.0,1,0,1,1,4.0,0,,1
"11.5 
• 
Campher to Gurbaz, no run 
defends a length ball around off",11.5,0,0.0,"Campher to Gurbaz, no run  .defends a length ball around off",Campher,Gurbaz,0.0,0,0,1,1,0.0,0,,0
"11.6 
1 
Campher to Gurbaz, 1 run 
length, on the pads, and he can work this to the left of square leg for a quick single 
Dropped on 19, but he's played really well for his half-century. How long can Gurbaz 
keep this going? It's definitely setting a good foundation for a big score 
end of over 1211 runs  
AFG: 75/0CRR: 6.25  
Rahmanullah Gurbaz55 (42b 6x4 4x6) 
Javed Ahmadi15 (30b 2x4) 
Curtis Campher 2-0-22-0 
Simi Singh 2-1-5-0",11.6,1,1.0,"Campher to Gurbaz, 1 run  .length, on the pads, and he can work this to the left of square leg for a quick single  .Dropped on 19, but he's played really well for his half-century. How long can Gurbaz  .keep this going? It's definitely setting a good foundation for a big score",Campher,Gurbaz,1.0,0,0,1,1,1.0,0,,1
"12.1 
• 
Simi Singh to Gurbaz, no run 
length, presses forward to defend",12.1,0,0.0,"Simi Singh to Gurbaz, no run  .length, presses forward to defend",Simi Singh,Gurbaz,0.0,0,0,1,1,0.0,0,,0
"12.2 
1 
Simi Singh to Gurbaz, 1 run 
defends with a forward press. It drops towards short leg, and they scamper through for 
a quick single",12.2,1,1.0,"Simi Singh to Gurbaz, 1 run  .defends with a forward press. It drops towards short leg, and they scamper through for  .a quick single",Simi Singh,Gurbaz,1.0,0,0,1,1,1.0,0,,1
"12.3 
2 
Simi Singh to Javed, 2 runs 
goes back and looks to cut this. Off the edge, but safe, as it goes over the third man 
region. Won't go for four, though, as point gets across to cut it off",12.3,2,2.0,"Simi Singh to Javed, 2 runs  .goes back and looks to cut this. Off the edge, but safe, as it goes over the third man  .region. Won't go for four, though, as point gets across to cut it off",Simi Singh,Javed,2.0,0,0,1,1,2.0,0,,1
"12.4 
1 
Simi Singh to Javed, 1 run 
ah, lucky there! The ball stops a bit as he looks to defend, and it flies off the bat, just 
eluding short mid-wicket",12.4,1,1.0,"Simi Singh to Javed, 1 run  .ah, lucky there! The ball stops a bit as he looks to defend, and it flies off the bat, just  .eluding short mid-wicket",Simi Singh,Javed,1.0,0,0,1,1,1.0,0,,1
"12.5 
• 
Simi Singh to Gurbaz, no run 
defends off the back foot, playing it with the turn towards short mid-wicket",12.5,0,0.0,"Simi Singh to Gurbaz, no run  .defends off the back foot, playing it with the turn towards short mid-wicket",Simi Singh,Gurbaz,0.0,0,0,1,1,0.0,0,,0
"12.6 
• 
Simi Singh to Gurbaz, no run 
length, defends with a forward press 
Naby: ""@Vivaan: Pant had hit that six off Adil Rashid. Not Moeen. "" 
Much: ""I much prefer opening batters getting a lot of dots early being cautious. Too 
many times I've seen earlier wickets in ODIs, especially from Afghanistan. These guys 
are doing fantastic "" 
end of over 134 runs  
AFG: 79/0CRR: 6.07  
Rahmanullah Gurbaz56 (46b 6x4 4x6) 
Javed Ahmadi18 (32b 2x4) 
Simi Singh 3-1-9-0 
Curtis Campher 2-0-22-0 
Andy McBrine gets a go, in his 50th ODI for Ireland",12.6,0,0.0,"Simi Singh to Gurbaz, no run  .length, defends with a forward press",Simi Singh,Gurbaz,0.0,0,0,1,1,0.0,0,,0
"13.1 
• 
McBrine to Javed, no run 
length, angles in from around off, and he defends",13.1,0,0.0,"McBrine to Javed, no run  .length, angles in from around off, and he defends",McBrine,Javed,0.0,0,0,1,1,0.0,0,,0
"13.2 
• 
McBrine to Javed, no run 
length, around off, defends back to the bowler",13.2,0,0.0,"McBrine to Javed, no run  .length, around off, defends back to the bowler",McBrine,Javed,0.0,0,0,1,1,0.0,0,,0
"13.3 
• 
McBrine to Javed, no run 
length, goes back to try and work this around the corner. The keeper is quick to chase it, 
forcing Gurbaz to turn down the option of a single",13.3,0,0.0,"McBrine to Javed, no run  .length, goes back to try and work this around the corner. The keeper is quick to chase it,  .forcing Gurbaz to turn down the option of a single",McBrine,Javed,0.0,0,0,1,1,0.0,0,,0
"13.4 
• 
McBrine to Javed, no run 
length, line from around off into him, and forces a defensive block",13.4,0,0.0,"McBrine to Javed, no run  .length, line from around off into him, and forces a defensive block",McBrine,Javed,0.0,0,0,1,1,0.0,0,,0
"13.5 
1 
McBrine to Javed, 1 run 
worked off his pads towards square leg",13.5,1,1.0,"McBrine to Javed, 1 run  .worked off his pads towards square leg",McBrine,Javed,1.0,0,0,1,1,1.0,0,,1
"13.6 
1 
McBrine to Gurbaz, 1 run 
skips down the wicket, and works this towards deep mid-wicket for a single 
end of over 142 runs  
AFG: 81/0CRR: 5.78  
Rahmanullah Gurbaz57 (47b 6x4 4x6) 
Javed Ahmadi19 (37b 2x4) 
Andy McBrine 1-0-2-0 
Simi Singh 3-1-9-0",13.6,1,1.0,"McBrine to Gurbaz, 1 run  .skips down the wicket, and works this towards deep mid-wicket for a single",McBrine,Gurbaz,1.0,0,0,1,1,1.0,0,,1
"14.1 
• 
Simi Singh to Gurbaz, no run 
length, defended off the back foot",14.1,0,0.0,"Simi Singh to Gurbaz, no run  .length, defended off the back foot",Simi Singh,Gurbaz,0.0,0,0,1,1,0.0,0,,0
"14.2 
2 
Simi Singh to Gurbaz, 2 runs 
fullish, around leg and middle, swept away towards fine leg. Deep backward square leg 
will get across to it, but cannot prevent an easy two 
Abhijato: ""Don't mean to get too far ahead here, but these two are setting up a great 
platform for Rashid Khan to launch his sixes from in the death overs ...""",14.2,2,2.0,"Simi Singh to Gurbaz, 2 runs  .fullish, around leg and middle, swept away towards fine leg. Deep backward square leg  .will get across to it, but cannot prevent an easy two",Simi Singh,Gurbaz,2.0,0,0,1,1,2.0,0,,1
"14.3 
• 
Simi Singh to Gurbaz, no run 
length, some turn on this across Gurbaz, who flicks towards square leg",14.3,0,0.0,"Simi Singh to Gurbaz, no run  .length, some turn on this across Gurbaz, who flicks towards square leg",Simi Singh,Gurbaz,0.0,0,0,1,1,0.0,0,,0
"14.4 
• 
Simi Singh to Gurbaz, no run 
length, around off, defended down the wicket to the bowler",14.4,0,0.0,"Simi Singh to Gurbaz, no run  .length, around off, defended down the wicket to the bowler",Simi Singh,Gurbaz,0.0,0,0,1,1,0.0,0,,0
"14.5 
1 
Simi Singh to Gurbaz, 1 run 
swung across the line towards Campher at deep backward square leg",14.5,1,1.0,"Simi Singh to Gurbaz, 1 run  .swung across the line towards Campher at deep backward square leg",Simi Singh,Gurbaz,1.0,0,0,1,1,1.0,0,,1
"14.6 
2 
Simi Singh to Javed, 2 runs 
goes back and cuts this towards third man. Plays it late, and keeps it down, and picks 
up two before point can cut this off 
end of over 155 runs  
AFG: 86/0CRR: 5.73  
Javed Ahmadi21 (38b 2x4) 
Rahmanullah Gurbaz60 (52b 6x4 4x6) 
Simi Singh 4-1-14-0 
Andy McBrine 1-0-2-0",14.6,2,2.0,"Simi Singh to Javed, 2 runs  .goes back and cuts this towards third man. Plays it late, and keeps it down, and picks  .up two before point can cut this off",Simi Singh,Javed,2.0,0,0,1,1,2.0,0,,1
"15.1 
• 
McBrine to Gurbaz, no run 
works this with the turn towards square leg",15.1,0,0.0,"McBrine to Gurbaz, no run  .works this with the turn towards square leg",McBrine,Gurbaz,0.0,0,0,1,1,0.0,0,,0
"15.2 
• 
McBrine to Gurbaz, no run 
length, defended towards short mid-wicket",15.2,0,0.0,"McBrine to Gurbaz, no run  .length, defended towards short mid-wicket",McBrine,Gurbaz,0.0,0,0,1,1,0.0,0,,0
"15.3 
1w 
McBrine to Gurbaz, 1 wide 
big turn, from outside off, down the leg side, and called a wide. That will enthuse 
spinners on both sides",15.3,1w,1.0,"McBrine to Gurbaz, 1 wide  .big turn, from outside off, down the leg side, and called a wide. That will enthuse  .spinners on both sides",McBrine,Gurbaz,0.0,0,0,0,0,1.0,0,,1
"15.3 
• 
McBrine to Gurbaz, no run 
skips down the wicket, but cannot get it away. Appeal for leg before, as it strikes his 
pads, but he had taken a massive stride forward",15.3,0,0.0,"McBrine to Gurbaz, no run  .skips down the wicket, but cannot get it away. Appeal for leg before, as it strikes his  .pads, but he had taken a massive stride forward",McBrine,Gurbaz,0.0,0,0,1,1,0.0,0,,0
"15.4 
• 
McBrine to Gurbaz, no run 
driven back to the bowler",15.4,0,0.0,"McBrine to Gurbaz, no run  .driven back to the bowler",McBrine,Gurbaz,0.0,0,0,1,1,0.0,0,,0
"15.5 
1 
McBrine to Gurbaz, 1 run 
played late, with the turn, towards deep square leg",15.5,1,1.0,"McBrine to Gurbaz, 1 run  .played late, with the turn, towards deep square leg",McBrine,Gurbaz,1.0,0,0,1,1,1.0,0,,1
"15.6 
• 
McBrine to Javed, no run 
length, defended towards square leg 
end of over 162 runs  
AFG: 88/0CRR: 5.50  
Javed Ahmadi21 (39b 2x4) 
Rahmanullah Gurbaz61 (57b 6x4 4x6) 
Andy McBrine 2-0-4-0 
Simi Singh 4-1-14-0",15.6,0,0.0,"McBrine to Javed, no run  .length, defended towards square leg",McBrine,Javed,0.0,0,0,1,1,0.0,0,,0
"16.1 
• 
Simi Singh to Gurbaz, no run 
defends from the crease",16.1,0,0.0,"Simi Singh to Gurbaz, no run  .defends from the crease",Simi Singh,Gurbaz,0.0,0,0,1,1,0.0,0,,0
"16.2 
• 
Simi Singh to Gurbaz, no run 
sharp turn, and he comes down the wicket after it pops up towards short mid-wicket. 
Sent back, even with a loud leg before appeal going around 
Shahab: ""What is the highest score for a debutant of Afghanistan???"" --- Gurbaz is right 
now 10 runs away from breaking Usman Ghani's record",16.2,0,0.0,"Simi Singh to Gurbaz, no run  .sharp turn, and he comes down the wicket after it pops up towards short mid-wicket.  .Sent back, even with a loud leg before appeal going around",Simi Singh,Gurbaz,0.0,0,0,1,1,0.0,0,,0
"16.3 
• 
Simi Singh to Gurbaz, no run 
defends one turning into him",16.3,0,0.0,"Simi Singh to Gurbaz, no run  .defends one turning into him",Simi Singh,Gurbaz,0.0,0,0,1,1,0.0,0,,0
"16.4 
1 
Simi Singh to Gurbaz, 1 run 
sweeps from outside off, and finds the man at deep backward square in the process, 
but along the gorund",16.4,1,1.0,"Simi Singh to Gurbaz, 1 run  .sweeps from outside off, and finds the man at deep backward square in the process,  .but along the gorund",Simi Singh,Gurbaz,1.0,0,0,1,1,1.0,0,,1
"16.5 
• 
Simi Singh to Javed, no run 
goes back to swat this away, but cannot beat cover",16.5,0,0.0,"Simi Singh to Javed, no run  .goes back to swat this away, but cannot beat cover",Simi Singh,Javed,0.0,0,0,1,1,0.0,0,,0
"16.6 
2 
Simi Singh to Javed, 2 runs 
runs this off the edge towards third man, and will pick up another easy two 
end of over 173 runs  
AFG: 91/0CRR: 5.35  
Javed Ahmadi23 (41b 2x4) 
Rahmanullah Gurbaz62 (61b 6x4 4x6) 
Simi Singh 5-1-17-0 
Andy McBrine 2-0-4-0 
Final over before drinks 
Kevin Joshi: ""A query on statsguru gives 206 players who hit at least 1 six on their 
debut... A closer look reveals that- Tim Southee (NZ) and Muddasar Bukhari (NL) scored 
exactly six runs on their debut with a six...""",16.6,2,2.0,"Simi Singh to Javed, 2 runs  .runs this off the edge towards third man, and will pick up another easy two",Simi Singh,Javed,2.0,0,0,1,1,2.0,0,,1
"17.1 
• 
McBrine to Gurbaz, no run 
length, worked away towards short fine leg, but no runs available for that",17.1,0,0.0,"McBrine to Gurbaz, no run  .length, worked away towards short fine leg, but no runs available for that",McBrine,Gurbaz,0.0,0,0,1,1,0.0,0,,0
"17.2 
• 
McBrine to Gurbaz, no run 
full, flicked towards short mid-wicket",17.2,0,0.0,"McBrine to Gurbaz, no run  .full, flicked towards short mid-wicket",McBrine,Gurbaz,0.0,0,0,1,1,0.0,0,,0
"17.3 
1 
McBrine to Gurbaz, 1 run 
length, tapped towards square leg. A clean pickup by short mid-wicket, moving swiftly to 
his right, could have troubled Ahmadi going to the striking end, but he cannot get the 
ball",17.3,1,1.0,"McBrine to Gurbaz, 1 run  .length, tapped towards square leg. A clean pickup by short mid-wicket, moving swiftly to  .his right, could have troubled Ahmadi going to the striking end, but he cannot get the  .ball",McBrine,Gurbaz,1.0,0,0,1,1,1.0,0,,1
"17.4 
• 
McBrine to Javed, no run 
sharp turn, and defended",17.4,0,0.0,"McBrine to Javed, no run  .sharp turn, and defended",McBrine,Javed,0.0,0,0,1,1,0.0,0,,0
"17.5 
2b 
McBrine to Javed, 2 byes 
tries a reverse sweep, and given as byes as it runs away towards third man. Probably 
brushed the keeper's gloves along the way then?",17.5,2b,2.0,"McBrine to Javed, 2 byes  .tries a reverse sweep, and given as byes as it runs away towards third man. Probably  .brushed the keeper's gloves along the way then?",McBrine,Javed,0.0,0,0,1,1,0.0,0,,1
"17.6 
• 
McBrine to Javed, no run 
goes for a wild swipe across the line, but fails to make contact with it 
That's drinks, and time for me to drop out of comms for a bit, and Binoy George to 
replace me 
end of over 183 runs  
AFG: 94/0CRR: 5.22  
Javed Ahmadi23 (44b 2x4) 
Rahmanullah Gurbaz63 (64b 6x4 4x6) 
Andy McBrine 3-0-5-0 
Simi Singh 5-1-17-0 
Thanks Debayan. Afghanistan moving on steadily, Simi Singh to continue",17.6,0,0.0,"McBrine to Javed, no run  .goes for a wild swipe across the line, but fails to make contact with it  .That's drinks, and time for me to drop out of comms for a bit, and Binoy George to  .replace me",McBrine,Javed,0.0,0,0,1,1,0.0,0,,0
"18.1 
1 
Simi Singh to Gurbaz, 1 run 
spins into him, stays in the crease and works through forward of square leg to the deep.",18.1,1,1.0,"Simi Singh to Gurbaz, 1 run  .spins into him, stays in the crease and works through forward of square leg to the deep.",Simi Singh,Gurbaz,1.0,0,0,1,1,1.0,0,,1
"18.2 
• 
Simi Singh to Javed, no run 
stays back and works to the onside.",18.2,0,0.0,"Simi Singh to Javed, no run  .stays back and works to the onside.",Simi Singh,Javed,0.0,0,0,1,1,0.0,0,,0
"18.3 
• 
Simi Singh to Javed, no run 
waits for the turn and works to square leg.",18.3,0,0.0,"Simi Singh to Javed, no run  .waits for the turn and works to square leg.",Simi Singh,Javed,0.0,0,0,1,1,0.0,0,,0
"18.4 
• 
Simi Singh to Javed, no run 
stays back and blocks to the onside.",18.4,0,0.0,"Simi Singh to Javed, no run  .stays back and blocks to the onside.",Simi Singh,Javed,0.0,0,0,1,1,0.0,0,,0
"18.5 
• 
Simi Singh to Javed, no run 
sweeps and gets an inside edge onto the pads.",18.5,0,0.0,"Simi Singh to Javed, no run  .sweeps and gets an inside edge onto the pads.",Simi Singh,Javed,0.0,0,0,1,1,0.0,0,,0
"18.6 
6 
Simi Singh to Javed, SIX runs 
a tad short and Javed rocks back and pulls well over the midwicket fence. 
end of over 197 runs  
AFG: 101/0CRR: 5.31  
Javed Ahmadi29 (49b 2x4 1x6) 
Rahmanullah Gurbaz64 (65b 6x4 4x6) 
Simi Singh 6-1-24-0 
Andy McBrine 3-0-5-0",18.6,6,6.0,"Simi Singh to Javed, SIX runs  .a tad short and Javed rocks back and pulls well over the midwicket fence.",Simi Singh,Javed,6.0,0,1,1,1,6.0,0,,1
"19.1 
1 
McBrine to Gurbaz, 1 run 
moves back and drives down to long on.",19.1,1,1.0,"McBrine to Gurbaz, 1 run  .moves back and drives down to long on.",McBrine,Gurbaz,1.0,0,0,1,1,1.0,0,,1
"19.2 
1 
McBrine to Javed, 1 run 
hits it down the ground to long on.",19.2,1,1.0,"McBrine to Javed, 1 run  .hits it down the ground to long on.",McBrine,Javed,1.0,0,0,1,1,1.0,0,,1
"19.3 
• 
McBrine to Gurbaz, no run 
tighter line this time, defends down the track.",19.3,0,0.0,"McBrine to Gurbaz, no run  .tighter line this time, defends down the track.",McBrine,Gurbaz,0.0,0,0,1,1,0.0,0,,0
"19.4 
• 
McBrine to Gurbaz, no run 
turns in and off the pad to short fine leg. 
McBrine comes round the wicket.",19.4,0,0.0,"McBrine to Gurbaz, no run  .turns in and off the pad to short fine leg.  .McBrine comes round the wicket.",McBrine,Gurbaz,0.0,0,0,1,1,0.0,0,,0
"19.5 
• 
McBrine to Gurbaz, no run 
turn and bounce, goes through the batsman's leg.",19.5,0,0.0,"McBrine to Gurbaz, no run  .turn and bounce, goes through the batsman's leg.",McBrine,Gurbaz,0.0,0,0,1,1,0.0,0,,0
"19.6 
1 
McBrine to Gurbaz, 1 run 
tucks it behind square leg and picks up a single. 
end of over 203 runs  
AFG: 104/0CRR: 5.20  
Rahmanullah Gurbaz66 (70b 6x4 4x6) 
Javed Ahmadi30 (50b 2x4 1x6) 
Andy McBrine 4-0-8-0 
Simi Singh 6-1-24-0",19.6,1,1.0,"McBrine to Gurbaz, 1 run  .tucks it behind square leg and picks up a single.",McBrine,Gurbaz,1.0,0,0,1,1,1.0,0,,1
"20.1 
• 
Simi Singh to Gurbaz, no run 
stays back to a fuller delivery and works to the onside.",20.1,0,0.0,"Simi Singh to Gurbaz, no run  .stays back to a fuller delivery and works to the onside.",Simi Singh,Gurbaz,0.0,0,0,1,1,0.0,0,,0
"20.2 
6 
Simi Singh to Gurbaz, SIX runs 
down the track and hits it well high over the bowler and over the fence, fantastic shot.",20.2,6,6.0,"Simi Singh to Gurbaz, SIX runs  .down the track and hits it well high over the bowler and over the fence, fantastic shot.",Simi Singh,Gurbaz,6.0,0,1,1,1,6.0,0,,1
"20.3 
• 
Simi Singh to Gurbaz, no run 
stays in the crease and pushes down the track.",20.3,0,0.0,"Simi Singh to Gurbaz, no run  .stays in the crease and pushes down the track.",Simi Singh,Gurbaz,0.0,0,0,1,1,0.0,0,,0
"20.4 
1 
Simi Singh to Gurbaz, 1 run 
down the leg side and works it forward of square leg.",20.4,1,1.0,"Simi Singh to Gurbaz, 1 run  .down the leg side and works it forward of square leg.",Simi Singh,Gurbaz,1.0,0,0,1,1,1.0,0,,1
"20.5 
6 
Simi Singh to Javed, SIX runs 
in the slot and he launches it over the bowler and over the fence, for the second time in 
the over.",20.5,6,6.0,"Simi Singh to Javed, SIX runs  .in the slot and he launches it over the bowler and over the fence, for the second time in  .the over.",Simi Singh,Javed,6.0,0,1,1,1,6.0,0,,1
"20.6 
1 
Simi Singh to Javed, 1 run 
moves back and works it forward of square leg to the deep, fielder running in to field the 
ball. 
end of over 2114 runs  
AFG: 118/0CRR: 5.61  
Javed Ahmadi37 (52b 2x4 2x6) 
Rahmanullah Gurbaz73 (74b 6x4 5x6) 
Simi Singh 7-1-38-0 
Andy McBrine 4-0-8-0",20.6,1,1.0,"Simi Singh to Javed, 1 run  .moves back and works it forward of square leg to the deep, fielder running in to field the  .ball.",Simi Singh,Javed,1.0,0,0,1,1,1.0,0,,1
"21.1 
• 
McBrine to Javed, no run 
stays back and defends.",21.1,0,0.0,"McBrine to Javed, no run  .stays back and defends.",McBrine,Javed,0.0,0,0,1,1,0.0,0,,0
"21.2 
1 
McBrine to Javed, 1 run 
tucks it to square leg and picks up a single.",21.2,1,1.0,"McBrine to Javed, 1 run  .tucks it to square leg and picks up a single.",McBrine,Javed,1.0,0,0,1,1,1.0,0,,1
"21.3 
• 
McBrine to Gurbaz, no run 
plays with soft hands behind point.",21.3,0,0.0,"McBrine to Gurbaz, no run  .plays with soft hands behind point.",McBrine,Gurbaz,0.0,0,0,1,1,0.0,0,,0
"21.4 
• 
McBrine to Gurbaz, no run 
quick arm action from McBrine, blocks to the onside.",21.4,0,0.0,"McBrine to Gurbaz, no run  .quick arm action from McBrine, blocks to the onside.",McBrine,Gurbaz,0.0,0,0,1,1,0.0,0,,0
"21.5 
1 
McBrine to Gurbaz, 1 run 
makes room and cuts down the ground on the off side.",21.5,1,1.0,"McBrine to Gurbaz, 1 run  .makes room and cuts down the ground on the off side.",McBrine,Gurbaz,1.0,0,0,1,1,1.0,0,,1
"21.6 
W 
McBrine to Javed, OUT 
Ahmadi has fallen to the pressure being applied, slog sweeps in the air to deep 
midwicket and taken by Simi Singh. 
Javed Ahmadi c Simi Singh b McBrine 38 (55b 2x4 2x6 85m) SR: 69.09 
end of over 222 runs • 1 wicket 
AFG: 120/1CRR: 5.45  
Rahmanullah Gurbaz74 (77b 6x4 5x6) 
Andy McBrine 5-0-10-1 
Simi Singh 7-1-38-0 
Rahmat Shah is the new batsman. Paul Stirling comes on",21.6,W,0.0,"McBrine to Javed, OUT  .Ahmadi has fallen to the pressure being applied, slog sweeps in the air to deep  .midwicket and taken by Simi Singh.  .Javed Ahmadi c Simi Singh b McBrine 38 (55b 2x4 2x6 85m) SR: 69.09",McBrine,Javed,0.0,0,0,1,1,0.0,1,c Simi Singh b McBrine,0
"22.1 
• 
Stirling to Gurbaz, no run 
works to the onside.",22.1,0,0.0,"Stirling to Gurbaz, no run  .works to the onside.",Stirling,Gurbaz,0.0,0,0,1,1,0.0,0,,0
"22.2 
• 
Stirling to Gurbaz, no run 
defends down the track.",22.2,0,0.0,"Stirling to Gurbaz, no run  .defends down the track.",Stirling,Gurbaz,0.0,0,0,1,1,0.0,0,,0
"22.3 
2 
Stirling to Gurbaz, 2 runs 
down the track and pushes at a wider delivery and finds the edge down to thirdman.",22.3,2,2.0,"Stirling to Gurbaz, 2 runs  .down the track and pushes at a wider delivery and finds the edge down to thirdman.",Stirling,Gurbaz,2.0,0,0,1,1,2.0,0,,1
"22.4 
• 
Stirling to Gurbaz, no run 
pushes to the onside.",22.4,0,0.0,"Stirling to Gurbaz, no run  .pushes to the onside.",Stirling,Gurbaz,0.0,0,0,1,1,0.0,0,,0
"22.5 
6 
Stirling to Gurbaz, SIX runs 
down the track and hits it high over the long off fielder for a six. Gurbaz continues the 
good work.",22.5,6,6.0,"Stirling to Gurbaz, SIX runs  .down the track and hits it high over the long off fielder for a six. Gurbaz continues the  .good work.",Stirling,Gurbaz,6.0,0,1,1,1,6.0,0,,1
"22.6 
• 
Stirling to Gurbaz, no run 
turned to the onside. 
Javed Ahmadi had completed 1000 runs in ODI before he got out. 
end of over 238 runs  
AFG: 128/1CRR: 5.56  
Rahmanullah Gurbaz82 (83b 6x4 6x6) 
Rahmat Shah0 (0b) 
Paul Stirling 1-0-8-0 
Andy McBrine 5-0-10-1",22.6,0,0.0,"Stirling to Gurbaz, no run  .turned to the onside.  .Javed Ahmadi had completed 1000 runs in ODI before he got out.",Stirling,Gurbaz,0.0,0,0,1,1,0.0,0,,0
"23.1 
• 
McBrine to Rahmat, no run 
stays back and defends.",23.1,0,0.0,"McBrine to Rahmat, no run  .stays back and defends.",McBrine,Rahmat,0.0,0,0,1,1,0.0,0,,0
"23.2 
• 
McBrine to Rahmat, no run 
few paces out and blocks to the onside.",23.2,0,0.0,"McBrine to Rahmat, no run  .few paces out and blocks to the onside.",McBrine,Rahmat,0.0,0,0,1,1,0.0,0,,0
"23.3 
1 
McBrine to Rahmat, 1 run 
stays and works to the onside, the midwicket fielder does well but could not prevent the 
single.",23.3,1,1.0,"McBrine to Rahmat, 1 run  .stays and works to the onside, the midwicket fielder does well but could not prevent the  .single.",McBrine,Rahmat,1.0,0,0,1,1,1.0,0,,1
"23.4 
• 
McBrine to Gurbaz, no run 
lovely delivery, plays forward and beats the outside edge.",23.4,0,0.0,"McBrine to Gurbaz, no run  .lovely delivery, plays forward and beats the outside edge.",McBrine,Gurbaz,0.0,0,0,1,1,0.0,0,,0
"23.5 
1w 
McBrine to Gurbaz, 1 wide 
sharp spin down the leg side.",23.5,1w,1.0,"McBrine to Gurbaz, 1 wide  .sharp spin down the leg side.",McBrine,Gurbaz,0.0,0,0,0,0,1.0,0,,1
"23.5 
• 
McBrine to Gurbaz, no run 
moves back and blocks to the onside.",23.5,0,0.0,"McBrine to Gurbaz, no run  .moves back and blocks to the onside.",McBrine,Gurbaz,0.0,0,0,1,1,0.0,0,,0
"23.6 
• 
McBrine to Gurbaz, no run 
comes round the wicket and blocked back to the bowler. 
end of over 242 runs  
AFG: 130/1CRR: 5.41  
Rahmanullah Gurbaz82 (86b 6x4 6x6) 
Rahmat Shah1 (3b) 
Andy McBrine 6-0-12-1 
Paul Stirling 1-0-8-0",23.6,0,0.0,"McBrine to Gurbaz, no run  .comes round the wicket and blocked back to the bowler.",McBrine,Gurbaz,0.0,0,0,1,1,0.0,0,,0
"24.1 
• 
Stirling to Rahmat, no run 
defended watchfully to the off side.",24.1,0,0.0,"Stirling to Rahmat, no run  .defended watchfully to the off side.",Stirling,Rahmat,0.0,0,0,1,1,0.0,0,,0
"24.2 
1 
Stirling to Rahmat, 1 run 
fuller and worked through the onside to the deep midwicket.",24.2,1,1.0,"Stirling to Rahmat, 1 run  .fuller and worked through the onside to the deep midwicket.",Stirling,Rahmat,1.0,0,0,1,1,1.0,0,,1
"24.3 
• 
Stirling to Gurbaz, no run 
uses his feet and pushes it back to the bowler.",24.3,0,0.0,"Stirling to Gurbaz, no run  .uses his feet and pushes it back to the bowler.",Stirling,Gurbaz,0.0,0,0,1,1,0.0,0,,0
"24.4 
1 
Stirling to Gurbaz, 1 run 
pushes down the ground through mid-on.",24.4,1,1.0,"Stirling to Gurbaz, 1 run  .pushes down the ground through mid-on.",Stirling,Gurbaz,1.0,0,0,1,1,1.0,0,,1
"24.5 
1 
Stirling to Rahmat, 1 run 
uses his feet and drives down the ground to long on.",24.5,1,1.0,"Stirling to Rahmat, 1 run  .uses his feet and drives down the ground to long on.",Stirling,Rahmat,1.0,0,0,1,1,1.0,0,,1
"24.6 
• 
Stirling to Gurbaz, no run 
few paces out and turns to the onside. 
end of over 253 runs  
AFG: 133/1CRR: 5.32  
Rahmanullah Gurbaz83 (89b 6x4 6x6) 
Rahmat Shah3 (6b) 
Paul Stirling 2-0-11-0 
Andy McBrine 6-0-12-1 
McBrine to continue.",24.6,0,0.0,"Stirling to Gurbaz, no run  .few paces out and turns to the onside.",Stirling,Gurbaz,0.0,0,0,1,1,0.0,0,,0
"25.1 
• 
McBrine to Rahmat, no run 
turned to the onside, fielded at leg slip.",25.1,0,0.0,"McBrine to Rahmat, no run  .turned to the onside, fielded at leg slip.",McBrine,Rahmat,0.0,0,0,1,1,0.0,0,,0
"25.2 
• 
McBrine to Rahmat, no run 
moves back and defends down the track.",25.2,0,0.0,"McBrine to Rahmat, no run  .moves back and defends down the track.",McBrine,Rahmat,0.0,0,0,1,1,0.0,0,,0
"25.3 
W 
McBrine to Rahmat, OUT 
straight to the fielder at backward square leg. It was flat and and turning, sweeps with 
turn to McCarthy, who did not have to move anywhere. 
Rahmat Shah c McCarthy b McBrine 3 (9b 0x4 0x6 12m) SR: 33.33 
The skipper walks in.",25.3,W,0.0,"McBrine to Rahmat, OUT  .straight to the fielder at backward square leg. It was flat and and turning, sweeps with  .turn to McCarthy, who did not have to move anywhere.  .Rahmat Shah c McCarthy b McBrine 3 (9b 0x4 0x6 12m) SR: 33.33",McBrine,Rahmat,0.0,0,0,1,1,0.0,1,c McCarthy b McBrine,0
"25.4 
• 
McBrine to Asghar, no run 
turns into him, he stays back to play it.",25.4,0,0.0,"McBrine to Asghar, no run  .turns into him, he stays back to play it.",McBrine,Asghar,0.0,0,0,1,1,0.0,0,,0
"25.5 
2 
McBrine to Asghar, 2 runs 
turns it with the spin to deep backward square leg.",25.5,2,2.0,"McBrine to Asghar, 2 runs  .turns it with the spin to deep backward square leg.",McBrine,Asghar,2.0,0,0,1,1,2.0,0,,1
"25.6 
4 
McBrine to Asghar, FOUR runs 
sweeps hard this time and gets it to the backward square leg fence. 
end of over 266 runs • 1 wicket 
AFG: 139/2CRR: 5.34  
Asghar Afghan6 (3b 1x4) 
Rahmanullah Gurbaz83 (89b 6x4 6x6) 
Andy McBrine 7-0-18-2 
Paul Stirling 2-0-11-0",25.6,4,4.0,"McBrine to Asghar, FOUR runs  .sweeps hard this time and gets it to the backward square leg fence.",McBrine,Asghar,4.0,1,0,1,1,4.0,0,,1
"26.1 
• 
Stirling to Gurbaz, no run 
turns it forward of square leg, the fielder in quickly to prevent a single.",26.1,0,0.0,"Stirling to Gurbaz, no run  .turns it forward of square leg, the fielder in quickly to prevent a single.",Stirling,Gurbaz,0.0,0,0,1,1,0.0,0,,0
"26.2 
6 
Stirling to Gurbaz, SIX runs 
down the track and he launches it over cow corner, wonderful strike.",26.2,6,6.0,"Stirling to Gurbaz, SIX runs  .down the track and he launches it over cow corner, wonderful strike.",Stirling,Gurbaz,6.0,0,1,1,1,6.0,0,,1
"26.3 
• 
Stirling to Gurbaz, no run 
defends to the off side.",26.3,0,0.0,"Stirling to Gurbaz, no run  .defends to the off side.",Stirling,Gurbaz,0.0,0,0,1,1,0.0,0,,0
"26.4 
1w 
Stirling to Gurbaz, 1 wide 
fires in the delivery wide outside the off stump.",26.4,1w,1.0,"Stirling to Gurbaz, 1 wide  .fires in the delivery wide outside the off stump.",Stirling,Gurbaz,0.0,0,0,0,0,1.0,0,,1
"26.4 
• 
Stirling to Gurbaz, no run 
round arm action, driven to the off side to extra cover.",26.4,0,0.0,"Stirling to Gurbaz, no run  .round arm action, driven to the off side to extra cover.",Stirling,Gurbaz,0.0,0,0,1,1,0.0,0,,0
"26.5 
• 
Stirling to Gurbaz, no run 
flighted delivery and defended down the track.",26.5,0,0.0,"Stirling to Gurbaz, no run  .flighted delivery and defended down the track.",Stirling,Gurbaz,0.0,0,0,1,1,0.0,0,,0
"26.6 
• 
Stirling to Gurbaz, no run 
stays back and strikes the pad, may be high, turned down by the umpire. 
end of over 277 runs  
AFG: 146/2CRR: 5.40  
Rahmanullah Gurbaz89 (95b 6x4 7x6) 
Asghar Afghan6 (3b 1x4) 
Paul Stirling 3-0-18-0 
Andy McBrine 7-0-18-2",26.6,0,0.0,"Stirling to Gurbaz, no run  .stays back and strikes the pad, may be high, turned down by the umpire.",Stirling,Gurbaz,0.0,0,0,1,1,0.0,0,,0
"27.1 
W 
McBrine to Asghar, OUT 
few paces out, sweeps and in the process loses his balance, taken by the fielder at leg 
slip. Ireland appeal, turned down by the umpire, they review it. Ultra edge shows a spike, 
off the glove to the fielder. 
Asghar Afghan c O'Brien b McBrine 6 (4b 1x4 0x6 7m) SR: 150",27.1,W,0.0,"McBrine to Asghar, OUT  .few paces out, sweeps and in the process loses his balance, taken by the fielder at leg  .slip. Ireland appeal, turned down by the umpire, they review it. Ultra edge shows a spike,  .off the glove to the fielder.  .Asghar Afghan c O'Brien b McBrine 6 (4b 1x4 0x6 7m) SR: 150",McBrine,Asghar,0.0,0,0,1,1,0.0,1,c O'Brien b McBrine,0
"27.2 
• 
McBrine to M Nabi, no run 
stays back and pushes to the onside.",27.2,0,0.0,"McBrine to M Nabi, no run  .stays back and pushes to the onside.",McBrine,M Nabi,0.0,0,0,1,1,0.0,0,,0
"27.3 
1 
McBrine to M Nabi, 1 run 
moves back and punches through mid-on.",27.3,1,1.0,"McBrine to M Nabi, 1 run  .moves back and punches through mid-on.",McBrine,M Nabi,1.0,0,0,1,1,1.0,0,,1
"27.4 
• 
McBrine to Gurbaz, no run 
defended back to the bowler.",27.4,0,0.0,"McBrine to Gurbaz, no run  .defended back to the bowler.",McBrine,Gurbaz,0.0,0,0,1,1,0.0,0,,0
"27.5 
• 
McBrine to Gurbaz, no run 
defended to the off side.",27.5,0,0.0,"McBrine to Gurbaz, no run  .defended to the off side.",McBrine,Gurbaz,0.0,0,0,1,1,0.0,0,,0
"27.6 
1 
McBrine to Gurbaz, 1 run 
stays back and works it behind square leg to the deep. 
end of over 282 runs • 1 wicket 
AFG: 148/3CRR: 5.28  
Rahmanullah Gurbaz90 (98b 6x4 7x6) 
Mohammad Nabi1 (2b) 
Andy McBrine 8-0-20-3 
Paul Stirling 3-0-18-0 
Kevin O'Brien comes on",27.6,1,1.0,"McBrine to Gurbaz, 1 run  .stays back and works it behind square leg to the deep.",McBrine,Gurbaz,1.0,0,0,1,1,1.0,0,,1
"28.1 
• 
K O'Brien to Gurbaz, no run 
short of a length, punches to the off side to short extra cover.",28.1,0,0.0,"K O'Brien to Gurbaz, no run  .short of a length, punches to the off side to short extra cover.",K O'Brien,Gurbaz,0.0,0,0,1,1,0.0,0,,0
"28.2 
1 
K O'Brien to Gurbaz, 1 run 
punches to the left of short extra cover.",28.2,1,1.0,"K O'Brien to Gurbaz, 1 run  .punches to the left of short extra cover.",K O'Brien,Gurbaz,1.0,0,0,1,1,1.0,0,,1
"28.3 
2 
K O'Brien to M Nabi, 2 runs 
down the leg side and chips in the air to deep backward square leg.",28.3,2,2.0,"K O'Brien to M Nabi, 2 runs  .down the leg side and chips in the air to deep backward square leg.",K O'Brien,M Nabi,2.0,0,0,1,1,2.0,0,,1
"28.4 
• 
K O'Brien to M Nabi, no run 
tight line on the off stump, defended to the onside.",28.4,0,0.0,"K O'Brien to M Nabi, no run  .tight line on the off stump, defended to the onside.",K O'Brien,M Nabi,0.0,0,0,1,1,0.0,0,,0
"28.5 
• 
K O'Brien to M Nabi, no run 
works to the onside to short midwicket.",28.5,0,0.0,"K O'Brien to M Nabi, no run  .works to the onside to short midwicket.",K O'Brien,M Nabi,0.0,0,0,1,1,0.0,0,,0
"28.6 
• 
K O'Brien to M Nabi, no run 
punches to the off side, to end a good over. 
end of over 293 runs  
AFG: 151/3CRR: 5.20  
Mohammad Nabi3 (6b) 
Rahmanullah Gurbaz91 (100b 6x4 7x6) 
Kevin O'Brien 1-0-3-0 
Andy McBrine 8-0-20-3",28.6,0,0.0,"K O'Brien to M Nabi, no run  .punches to the off side, to end a good over.",K O'Brien,M Nabi,0.0,0,0,1,1,0.0,0,,0
"29.1 
• 
McBrine to Gurbaz, no run 
defends on the front foot to the onside.",29.1,0,0.0,"McBrine to Gurbaz, no run  .defends on the front foot to the onside.",McBrine,Gurbaz,0.0,0,0,1,1,0.0,0,,0
"29.2 
1 
McBrine to Gurbaz, 1 run 
moves back and works it forward of square leg.",29.2,1,1.0,"McBrine to Gurbaz, 1 run  .moves back and works it forward of square leg.",McBrine,Gurbaz,1.0,0,0,1,1,1.0,0,,1
"29.3 
W 
McBrine to M Nabi, OUT 
spins in and flicks it straight to Kevin at leg slip, second player to fall at that position. 
Mohammad Nabi c O'Brien b McBrine 3 (7b 0x4 0x6 11m) SR: 42.85 
Gurbaz standing strong while wickets keep tumbling at the other end. 
Gulbadin Naib comes in.",29.3,W,0.0,"McBrine to M Nabi, OUT  .spins in and flicks it straight to Kevin at leg slip, second player to fall at that position.  .Mohammad Nabi c O'Brien b McBrine 3 (7b 0x4 0x6 11m) SR: 42.85",McBrine,M Nabi,0.0,0,0,1,1,0.0,1,c O'Brien b McBrine,0
"29.4 
5w 
McBrine to Gulbadin, 5 wide 
spins down the leg side and goes to the fence for wides.",29.4,5w,5.0,"McBrine to Gulbadin, 5 wide  .spins down the leg side and goes to the fence for wides.",McBrine,Gulbadin,0.0,0,0,0,0,5.0,0,,1
"29.4 
• 
McBrine to Gulbadin, no run 
tossed up wider, drives and misses.",29.4,0,0.0,"McBrine to Gulbadin, no run  .tossed up wider, drives and misses.",McBrine,Gulbadin,0.0,0,0,1,1,0.0,0,,0
"29.5 
• 
McBrine to Gulbadin, no run 
comes forward and plays with an angled bat to point.",29.5,0,0.0,"McBrine to Gulbadin, no run  .comes forward and plays with an angled bat to point.",McBrine,Gulbadin,0.0,0,0,1,1,0.0,0,,0
"29.6 
2 
McBrine to Gulbadin, 2 runs 
tossed up wide, drives away from his body to deep cover. 
end of over 308 runs • 1 wicket 
AFG: 159/4CRR: 5.30  
Gulbadin Naib2 (3b) 
Rahmanullah Gurbaz92 (102b 6x4 7x6) 
Andy McBrine 9-0-28-4 
Kevin O'Brien 1-0-3-0",29.6,2,2.0,"McBrine to Gulbadin, 2 runs  .tossed up wide, drives away from his body to deep cover.",McBrine,Gulbadin,2.0,0,0,1,1,2.0,0,,1
"30.1 
• 
K O'Brien to Gurbaz, no run 
slower on a good length, blocked to the onside.",30.1,0,0.0,"K O'Brien to Gurbaz, no run  .slower on a good length, blocked to the onside.",K O'Brien,Gurbaz,0.0,0,0,1,1,0.0,0,,0
"30.2 
1 
K O'Brien to Gurbaz, 1 run 
looks to pull and splices it in the air to mid-on.",30.2,1,1.0,"K O'Brien to Gurbaz, 1 run  .looks to pull and splices it in the air to mid-on.",K O'Brien,Gurbaz,1.0,0,0,1,1,1.0,0,,1
"30.3 
• 
K O'Brien to Gulbadin, no run 
punches it to short extra cover.",30.3,0,0.0,"K O'Brien to Gulbadin, no run  .punches it to short extra cover.",K O'Brien,Gulbadin,0.0,0,0,1,1,0.0,0,,0
"30.4 
• 
K O'Brien to Gulbadin, no run 
pushes to the onside to mid-on.",30.4,0,0.0,"K O'Brien to Gulbadin, no run  .pushes to the onside to mid-on.",K O'Brien,Gulbadin,0.0,0,0,1,1,0.0,0,,0
"30.5 
• 
K O'Brien to Gulbadin, no run 
nice tight off stump line, defended to the off side.",30.5,0,0.0,"K O'Brien to Gulbadin, no run  .nice tight off stump line, defended to the off side.",K O'Brien,Gulbadin,0.0,0,0,1,1,0.0,0,,0
"30.6 
• 
K O'Brien to Gulbadin, no run 
chops it into the ground to the off side, no timing. 
end of over 311 run  
AFG: 160/4CRR: 5.16  
Gulbadin Naib2 (7b) 
Rahmanullah Gurbaz93 (104b 6x4 7x6) 
Kevin O'Brien 2-0-4-0 
Andy McBrine 9-0-28-4 
McBrine into his last over",30.6,0,0.0,"K O'Brien to Gulbadin, no run  .chops it into the ground to the off side, no timing.",K O'Brien,Gulbadin,0.0,0,0,1,1,0.0,0,,0
"31.1 
1 
McBrine to Gurbaz, 1 run 
pushes to the onside to mid-on.",31.1,1,1.0,"McBrine to Gurbaz, 1 run  .pushes to the onside to mid-on.",McBrine,Gurbaz,1.0,0,0,1,1,1.0,0,,1
"31.2 
• 
McBrine to Gulbadin, no run 
moves back and works to the onside.",31.2,0,0.0,"McBrine to Gulbadin, no run  .moves back and works to the onside.",McBrine,Gulbadin,0.0,0,0,1,1,0.0,0,,0
"31.3 
• 
McBrine to Gulbadin, no run 
stays back and defends down the track.",31.3,0,0.0,"McBrine to Gulbadin, no run  .stays back and defends down the track.",McBrine,Gulbadin,0.0,0,0,1,1,0.0,0,,0
"31.4 
• 
McBrine to Gulbadin, no run 
fuller and blocked back down the track. 
Slip, leg slip and short midwicket",31.4,0,0.0,"McBrine to Gulbadin, no run  .fuller and blocked back down the track.  .Slip, leg slip and short midwicket",McBrine,Gulbadin,0.0,0,0,1,1,0.0,0,,0
"31.5 
• 
McBrine to Gulbadin, no run 
defends to the onside.",31.5,0,0.0,"McBrine to Gulbadin, no run  .defends to the onside.",McBrine,Gulbadin,0.0,0,0,1,1,0.0,0,,0
"31.6 
W 
McBrine to Gulbadin, OUT 
coming round the wicket and plays forward and takes the edge to Kevin at leg slip, who 
takes it low down in front of him. A fifer for McBrine, wonderful stuff. 
Gulbadin Naib c O'Brien b McBrine 2 (12b 0x4 0x6 10m) SR: 16.66 
What a turn around by McBrine and Ireland bowlers. 
end of over 321 run • 1 wicket 
AFG: 161/5CRR: 5.03  
Rahmanullah Gurbaz94 (105b 6x4 7x6) 
Andy McBrine 10-0-29-5 
Kevin O'Brien 2-0-4-0",31.6,W,0.0,"McBrine to Gulbadin, OUT  .coming round the wicket and plays forward and takes the edge to Kevin at leg slip, who  .takes it low down in front of him. A fifer for McBrine, wonderful stuff.  .Gulbadin Naib c O'Brien b McBrine 2 (12b 0x4 0x6 10m) SR: 16.66",McBrine,Gulbadin,0.0,0,0,1,1,0.0,1,c O'Brien b McBrine,0
"32.1 
• 
K O'Brien to Gurbaz, no run 
good length delivery defended to the onside.",32.1,0,0.0,"K O'Brien to Gurbaz, no run  .good length delivery defended to the onside.",K O'Brien,Gurbaz,0.0,0,0,1,1,0.0,0,,0
"32.2 
• 
K O'Brien to Gurbaz, no run 
pushes to the off side.",32.2,0,0.0,"K O'Brien to Gurbaz, no run  .pushes to the off side.",K O'Brien,Gurbaz,0.0,0,0,1,1,0.0,0,,0
"32.3 
• 
K O'Brien to Gurbaz, no run 
good length delivery defended to the onside.",32.3,0,0.0,"K O'Brien to Gurbaz, no run  .good length delivery defended to the onside.",K O'Brien,Gurbaz,0.0,0,0,1,1,0.0,0,,0
"32.4 
• 
K O'Brien to Gurbaz, no run 
outside edges as there is some extra bounce, it was slower delivery which jumped up.",32.4,0,0.0,"K O'Brien to Gurbaz, no run  .outside edges as there is some extra bounce, it was slower delivery which jumped up.",K O'Brien,Gurbaz,0.0,0,0,1,1,0.0,0,,0
"32.5 
1 
K O'Brien to Gurbaz, 1 run 
pushes in the air through mid-on to the deep.",32.5,1,1.0,"K O'Brien to Gurbaz, 1 run  .pushes in the air through mid-on to the deep.",K O'Brien,Gurbaz,1.0,0,0,1,1,1.0,0,,1
"32.6 
• 
K O'Brien to Zadran, no run 
fuller and driven to mid-off. 
end of over 331 run  
AFG: 162/5CRR: 4.90  
Najibullah Zadran0 (1b) 
Rahmanullah Gurbaz95 (110b 6x4 7x6) 
Kevin O'Brien 3-0-5-0 
Andy McBrine 10-0-29-5 
Stirling is back.",32.6,0,0.0,"K O'Brien to Zadran, no run  .fuller and driven to mid-off.",K O'Brien,Zadran,0.0,0,0,1,1,0.0,0,,0
"33.1 
• 
Stirling to Gurbaz, no run 
works to the onside to short midwicket, the fielder does well diving to his right.",33.1,0,0.0,"Stirling to Gurbaz, no run  .works to the onside to short midwicket, the fielder does well diving to his right.",Stirling,Gurbaz,0.0,0,0,1,1,0.0,0,,0
"33.2 
1 
Stirling to Gurbaz, 1 run 
punches down the ground to long on.",33.2,1,1.0,"Stirling to Gurbaz, 1 run  .punches down the ground to long on.",Stirling,Gurbaz,1.0,0,0,1,1,1.0,0,,1
"33.3 
1 
Stirling to Zadran, 1 run 
punches down the ground to long off.",33.3,1,1.0,"Stirling to Zadran, 1 run  .punches down the ground to long off.",Stirling,Zadran,1.0,0,0,1,1,1.0,0,,1
"33.4 
3 
Stirling to Gurbaz, 3 runs 
waits for the turn and works it behind square leg, coming back for the second, a wild 
throw, they get an overthrow.",33.4,3,3.0,"Stirling to Gurbaz, 3 runs  .waits for the turn and works it behind square leg, coming back for the second, a wild  .throw, they get an overthrow.",Stirling,Gurbaz,3.0,0,0,1,1,3.0,0,,1
"33.5 
• 
Stirling to Zadran, no run 
comes forward and defends.",33.5,0,0.0,"Stirling to Zadran, no run  .comes forward and defends.",Stirling,Zadran,0.0,0,0,1,1,0.0,0,,0
"33.6 
• 
Stirling to Zadran, no run 
defended down the track. 
McBrine recorded the sixth-best figures in ODIs for Ireland, just three days after Simi 
Singh got the second-best. 
end of over 345 runs  
AFG: 167/5CRR: 4.91  
Najibullah Zadran1 (4b) 
Rahmanullah Gurbaz99 (113b 6x4 7x6) 
Paul Stirling 4-0-23-0 
Kevin O'Brien 3-0-5-0",33.6,0,0.0,"Stirling to Zadran, no run  .defended down the track.  .McBrine recorded the sixth-best figures in ODIs for Ireland, just three days after Simi  .Singh got the second-best.",Stirling,Zadran,0.0,0,0,1,1,0.0,0,,0
"34.1 
• 
K O'Brien to Gurbaz, no run 
plays to the onside and looking for a single, Najibullah from non-striker takes off, sent 
back in time.",34.1,0,0.0,"K O'Brien to Gurbaz, no run  .plays to the onside and looking for a single, Najibullah from non-striker takes off, sent  .back in time.",K O'Brien,Gurbaz,0.0,0,0,1,1,0.0,0,,0
"34.2 
1 
K O'Brien to Gurbaz, 1 run 
that is a 100 on debut for Gurbaz, sixteenth player to score a century on debut. Works 
it behind square leg to bring it up.",34.2,1,1.0,"K O'Brien to Gurbaz, 1 run  .that is a 100 on debut for Gurbaz, sixteenth player to score a century on debut. Works  .it behind square leg to bring it up.",K O'Brien,Gurbaz,1.0,0,0,1,1,1.0,0,,1
"34.3 
• 
K O'Brien to Zadran, no run 
stays back and defends to the onside.",34.3,0,0.0,"K O'Brien to Zadran, no run  .stays back and defends to the onside.",K O'Brien,Zadran,0.0,0,0,1,1,0.0,0,,0
"34.4 
• 
K O'Brien to Zadran, no run 
cuts and misses, there was no room for a cut.",34.4,0,0.0,"K O'Brien to Zadran, no run  .cuts and misses, there was no room for a cut.",K O'Brien,Zadran,0.0,0,0,1,1,0.0,0,,0
"34.5 
• 
K O'Brien to Zadran, no run 
slower one floated outside the off stump, drives and misses.",34.5,0,0.0,"K O'Brien to Zadran, no run  .slower one floated outside the off stump, drives and misses.",K O'Brien,Zadran,0.0,0,0,1,1,0.0,0,,0
"34.6 
• 
K O'Brien to Zadran, no run 
stays back and plays to cover. 
Time for drinks break, Handing it back to Debayan. 
Thanks Binoy. At one stage, it looked like Afghanistan were headed for 300+, but since 
then Rahmanullah Gurbaz has resembled the lone boy on the burning deck for them. 
Fabulous batting from him, though, as Matt Roller reminds me that he's the first Afghan 
to get a century on debut. Matt adds that these are the most sixes on ODI debut for a 
man. 
end of over 351 run  
AFG: 168/5CRR: 4.80  
Najibullah Zadran1 (8b) 
Rahmanullah Gurbaz100 (115b 6x4 7x6) 
Kevin O'Brien 4-0-6-0 
Paul Stirling 4-0-23-0 
Here's Delaney",34.6,0,0.0,"K O'Brien to Zadran, no run  .stays back and plays to cover.  .Time for drinks break, Handing it back to Debayan.  .Thanks Binoy. At one stage, it looked like Afghanistan were headed for 300+, but since  .then Rahmanullah Gurbaz has resembled the lone boy on the burning deck for them.  .Fabulous batting from him, though, as Matt Roller reminds me that he's the first Afghan  .to get a century on debut. Matt adds that these are the most sixes on ODI debut for a  .man.",K O'Brien,Zadran,0.0,0,0,1,1,0.0,0,,0
"35.1 
1 
Delany to Gurbaz, 1 run 
worked away through midwicket",35.1,1,1.0,"Delany to Gurbaz, 1 run  .worked away through midwicket",Delany,Gurbaz,1.0,0,0,1,1,1.0,0,,1
"35.2 
• 
Delany to Zadran, no run 
length, from around the wicket, with a slip in place, and he defends",35.2,0,0.0,"Delany to Zadran, no run  .length, from around the wicket, with a slip in place, and he defends",Delany,Zadran,0.0,0,0,1,1,0.0,0,,0
"35.3 
1 
Delany to Zadran, 1 run 
worked through the mid-wicket region",35.3,1,1.0,"Delany to Zadran, 1 run  .worked through the mid-wicket region",Delany,Zadran,1.0,0,0,1,1,1.0,0,,1
"35.4 
2 
Delany to Gurbaz, 2 runs 
goes back and slaps this away towards deep mid-wicket. Fielder from deep square leg 
comes across and stops this from crossing the boundary rope",35.4,2,2.0,"Delany to Gurbaz, 2 runs  .goes back and slaps this away towards deep mid-wicket. Fielder from deep square leg  .comes across and stops this from crossing the boundary rope",Delany,Gurbaz,2.0,0,0,1,1,2.0,0,,1
"35.5 
• 
Delany to Gurbaz, no run 
goes back and cuts hard, but cannot beat point",35.5,0,0.0,"Delany to Gurbaz, no run  .goes back and cuts hard, but cannot beat point",Delany,Gurbaz,0.0,0,0,1,1,0.0,0,,0
"35.6 
1 
Delany to Gurbaz, 1 run 
cut away towards point. A misfield, but they do not risk going for the single 
end of over 365 runs  
AFG: 173/5CRR: 4.80  
Rahmanullah Gurbaz104 (119b 6x4 7x6) 
Najibullah Zadran2 (10b) 
Gareth Delany 1-0-5-0 
Kevin O'Brien 4-0-6-0",35.6,1,1.0,"Delany to Gurbaz, 1 run  .cut away towards point. A misfield, but they do not risk going for the single",Delany,Gurbaz,1.0,0,0,1,1,1.0,0,,1
"36.1 
4 
K O'Brien to Gurbaz, FOUR runs 
slashed away to third man. Lucky, as he loses all shape in trying to go down the ground. 
It flies off the edge, past the keeper 
Sahak: ""Can you please give the link for highest individual scores on debut"" --- Hmm, I 
wonder if a 43-year-old record could be in danger",36.1,4,4.0,"K O'Brien to Gurbaz, FOUR runs  .slashed away to third man. Lucky, as he loses all shape in trying to go down the ground.  .It flies off the edge, past the keeper",K O'Brien,Gurbaz,4.0,1,0,1,1,4.0,0,,1
"36.2 
6 
K O'Brien to Gurbaz, SIX runs 
short, and swatted away over deep square leg. Man in the deep, but he can only watch it 
sail over his head",36.2,6,6.0,"K O'Brien to Gurbaz, SIX runs  .short, and swatted away over deep square leg. Man in the deep, but he can only watch it  .sail over his head",K O'Brien,Gurbaz,6.0,0,1,1,1,6.0,0,,1
"36.3 
1 
K O'Brien to Gurbaz, 1 run 
worked off his pads towards deep square leg",36.3,1,1.0,"K O'Brien to Gurbaz, 1 run  .worked off his pads towards deep square leg",K O'Brien,Gurbaz,1.0,0,0,1,1,1.0,0,,1
"36.4 
• 
K O'Brien to Zadran, no run 
length, just around off, and he defends",36.4,0,0.0,"K O'Brien to Zadran, no run  .length, just around off, and he defends",K O'Brien,Zadran,0.0,0,0,1,1,0.0,0,,0
"36.5 
• 
K O'Brien to Zadran, no run 
fuller, around off, driven towards mid-off 
Dave: ""Stirling, of all people, has Ireland's best ODI bowling figures? He's also got the 
highest batting score, surely that's unique!""",36.5,0,0.0,"K O'Brien to Zadran, no run  .fuller, around off, driven towards mid-off",K O'Brien,Zadran,0.0,0,0,1,1,0.0,0,,0
"36.6 
2 
K O'Brien to Zadran, 2 runs 
full, slower ball, and he looks to go down the cricket and ends up skying this. Just 
beyond the reach of mid-off, going all the way back towards long-off. Difficult chance, 
over his shoulder. Not sure if he got to it on time 
end of over 3713 runs  
AFG: 186/5CRR: 5.02  
Najibullah Zadran4 (13b) 
Rahmanullah Gurbaz115 (122b 7x4 8x6) 
Kevin O'Brien 5-0-19-0 
Gareth Delany 1-0-5-0",36.6,2,2.0,"K O'Brien to Zadran, 2 runs  .full, slower ball, and he looks to go down the cricket and ends up skying this. Just  .beyond the reach of mid-off, going all the way back towards long-off. Difficult chance,  .over his shoulder. Not sure if he got to it on time",K O'Brien,Zadran,2.0,0,0,1,1,2.0,0,,1
"37.1 
6 
Delany to Gurbaz, SIX runs 
makes some room, and goes inside out this time, with the turn, over extra cover. Terrific 
timing 
hadi: ""just saw the ropes, wow they've been brought in by atleast 15 meteres? Quite 
unfair isn't it. Nothing to take away from the young man, but it has helped him hit 8 
sixes!"" --- Indeed, and Ireland will take heart from that",37.1,6,6.0,"Delany to Gurbaz, SIX runs  .makes some room, and goes inside out this time, with the turn, over extra cover. Terrific  .timing",Delany,Gurbaz,6.0,0,1,1,1,6.0,0,,1
"37.2 
2 
Delany to Gurbaz, 2 runs 
wrong 'un, and he goes back to play this towards deep mid-wicket. Some swift running 
fetches them two",37.2,2,2.0,"Delany to Gurbaz, 2 runs  .wrong 'un, and he goes back to play this towards deep mid-wicket. Some swift running  .fetches them two",Delany,Gurbaz,2.0,0,0,1,1,2.0,0,,1
"37.3 
4 
Delany to Gurbaz, FOUR runs 
length, around off, and he cuts this hard. Off the edge, and runs away towards third man 
This is already the second-best score on debut in ODIs",37.3,4,4.0,"Delany to Gurbaz, FOUR runs  .length, around off, and he cuts this hard. Off the edge, and runs away towards third man  .This is already the second-best score on debut in ODIs",Delany,Gurbaz,4.0,1,0,1,1,4.0,0,,1
"37.4 
• 
Delany to Gurbaz, no run 
fuller, smacked back towards the bowler",37.4,0,0.0,"Delany to Gurbaz, no run  .fuller, smacked back towards the bowler",Delany,Gurbaz,0.0,0,0,1,1,0.0,0,,0
"37.5 
W 
Delany to Gurbaz, OUT 
short, and this time the entertainment comes to an end, as he holes out to deep square 
leg! Gurbaz will be annoyed with himself, because it's a loose ball. Sits up on the pitch a 
bit, and he fancies his chances of going over deep square leg, but cannot clear the man 
posted there 
Rahmanullah Gurbaz c Simi Singh b Delany 127 (127b 8x4 9x6 154m) SR: 100 
Walks off to a standing ovation from his teammates. Great innings, but that wicket has 
probably again brightened Ireland's prospects of keeping Afghanistan down to a 
manageable total here 
The other debutant Omarzai comes in",37.5,W,0.0,"Delany to Gurbaz, OUT  .short, and this time the entertainment comes to an end, as he holes out to deep square  .leg! Gurbaz will be annoyed with himself, because it's a loose ball. Sits up on the pitch a  .bit, and he fancies his chances of going over deep square leg, but cannot clear the man  .posted there  .Rahmanullah Gurbaz c Simi Singh b Delany 127 (127b 8x4 9x6 154m) SR: 100",Delany,Gurbaz,0.0,0,0,1,1,0.0,1,c Simi Singh b Delany,0
"37.6 
• 
Delany to Azmatullah, no run 
defended with a forward press 
end of over 3812 runs • 1 wicket 
AFG: 198/6CRR: 5.21  
Azmatullah Omarzai0 (1b) 
Najibullah Zadran4 (13b) 
Gareth Delany 2-0-17-1 
Kevin O'Brien 5-0-19-0 
Tawhid Rehan: ""O Mr. Binoy and Debyan, is there any restrictions to publish my 
comment?? I also find the stats before Matt Roller Did"" --- Hi Tawhid. No such thing. 
Sometimes it can be tough to keep up with both describing the action, and catching all 
the comments 
Abhijato: ""@Dave - Maybe Ryan ten Doeschate too?""",37.6,0,0.0,"Delany to Azmatullah, no run  .defended with a forward press",Delany,Azmatullah,0.0,0,0,1,1,0.0,0,,0
"38.1 
4 
McCarthy to Zadran, FOUR runs 
slower ball, and he is able to guide this past short third man. Runs it off the edge, and 
quite deliberately so, to keep it fine",38.1,4,4.0,"McCarthy to Zadran, FOUR runs  .slower ball, and he is able to guide this past short third man. Runs it off the edge, and  .quite deliberately so, to keep it fine",McCarthy,Zadran,4.0,1,0,1,1,4.0,0,,1
"38.2 
• 
McCarthy to Zadran, no run 
short, angles across him, and he leaves 
Dr saeed : ""Just really sad to see our trusted players like nabi and rahmat shah playing 
very carelessly and never gave us thinking to rely on them. Hatts off kid gurbaz your 
hundred Ton is really vital for us despite 4 wickets for nothing.""",38.2,0,0.0,"McCarthy to Zadran, no run  .short, angles across him, and he leaves",McCarthy,Zadran,0.0,0,0,1,1,0.0,0,,0
"38.3 
• 
McCarthy to Zadran, no run 
length, defended towards cover 
MohammadAsif Ha: ""Omarzai the second debutant is also a dangerman once he's 
settled."" 
Comes around the wicket",38.3,0,0.0,"McCarthy to Zadran, no run  .length, defended towards cover",McCarthy,Zadran,0.0,0,0,1,1,0.0,0,,0
"38.4 
• 
McCarthy to Zadran, no run 
dug in short, and he ducks out of the way",38.4,0,0.0,"McCarthy to Zadran, no run  .dug in short, and he ducks out of the way",McCarthy,Zadran,0.0,0,0,1,1,0.0,0,,0
"38.5 
3 
McCarthy to Zadran, 3 runs 
fuller, possibly a change of pace, and he goes over extra cover. The man from long-off 
goes across and pulls this back from the boundary rope 
Dezz: ""Simple suggestion for cricinfo - you have 1 commentator describing the action, 
and another looking after the comments. Could even have the comments as a separate 
section between 'Live' "" 
They are just checking if Kevin O'Brien did enough to pull the ball back before his body 
touched the boundary rope. The TV umpire seems satisfied enough",38.5,3,3.0,"McCarthy to Zadran, 3 runs  .fuller, possibly a change of pace, and he goes over extra cover. The man from long-off  .goes across and pulls this back from the boundary rope",McCarthy,Zadran,3.0,0,0,1,1,3.0,0,,1
"38.6 
• 
McCarthy to Azmatullah, no run 
short of a length, decent pace, and beats an attempted swat through point 
end of over 397 runs  
AFG: 205/6CRR: 5.25  
Azmatullah Omarzai0 (2b) 
Najibullah Zadran11 (18b 1x4) 
Barry McCarthy 5-0-32-0 
Gareth Delany 2-0-17-1 
Simi Singh on for his eighth over",38.6,0,0.0,"McCarthy to Azmatullah, no run  .short of a length, decent pace, and beats an attempted swat through point",McCarthy,Azmatullah,0.0,0,0,1,1,0.0,0,,0
"39.1 
• 
Simi Singh to Zadran, no run 
length, defended, with a slip hovering just around the corner",39.1,0,0.0,"Simi Singh to Zadran, no run  .length, defended, with a slip hovering just around the corner",Simi Singh,Zadran,0.0,0,0,1,1,0.0,0,,0
"39.2 
• 
Simi Singh to Zadran, no run 
defends one close to his body",39.2,0,0.0,"Simi Singh to Zadran, no run  .defends one close to his body",Simi Singh,Zadran,0.0,0,0,1,1,0.0,0,,0
"39.3 
• 
Simi Singh to Zadran, no run 
goes for the reverse. Good bowling from Simi, who pitches it a little wider of leg, and he 
ends up playing it on to his pad",39.3,0,0.0,"Simi Singh to Zadran, no run  .goes for the reverse. Good bowling from Simi, who pitches it a little wider of leg, and he  .ends up playing it on to his pad",Simi Singh,Zadran,0.0,0,0,1,1,0.0,0,,0
"39.4 
• 
Simi Singh to Zadran, no run 
defended towards short mid-wicket",39.4,0,0.0,"Simi Singh to Zadran, no run  .defended towards short mid-wicket",Simi Singh,Zadran,0.0,0,0,1,1,0.0,0,,0
"39.5 
• 
Simi Singh to Zadran, no run 
fuller, and he defends with a forward press",39.5,0,0.0,"Simi Singh to Zadran, no run  .fuller, and he defends with a forward press",Simi Singh,Zadran,0.0,0,0,1,1,0.0,0,,0
"39.6 
• 
Simi Singh to Zadran, no run 
defends a straighter one 
Mark: ""Ireland have come back into this very well. It was not looking good at 130-1."" --- 
No doubt about it. The pitch has assisted spin well, and anything in excess of 260 would 
have made things quite difficult. As of now, Ireland very much in this contest 
end of over 40Maiden 
AFG: 205/6CRR: 5.12  
Najibullah Zadran11 (24b 1x4) 
Azmatullah Omarzai0 (2b) 
Simi Singh 8-2-38-0 
Barry McCarthy 5-0-32-0",39.6,0,0.0,"Simi Singh to Zadran, no run  .defends a straighter one",Simi Singh,Zadran,0.0,0,0,1,1,0.0,0,,0
"40.1 
• 
McCarthy to Azmatullah, no run 
fuller, driven to mid-on 
Tawhid Rehan: ""Comment Between Commentary, likes creams inside a sandwich or 
butter inside the Bread "" ---- Someone call the fire brigade. Tawhid is ON FIRE!",40.1,0,0.0,"McCarthy to Azmatullah, no run  .fuller, driven to mid-on",McCarthy,Azmatullah,0.0,0,0,1,1,0.0,0,,0
"40.2 
• 
McCarthy to Azmatullah, no run 
fullish, driven back to the bowler 
Great lines lately from Ireland. Nothing for the batsmen to work with",40.2,0,0.0,"McCarthy to Azmatullah, no run  .fullish, driven back to the bowler  .Great lines lately from Ireland. Nothing for the batsmen to work with",McCarthy,Azmatullah,0.0,0,0,1,1,0.0,0,,0
"40.3 
• 
McCarthy to Azmatullah, no run 
length, cuts back in from outside off, and he can only defend towards cover-point",40.3,0,0.0,"McCarthy to Azmatullah, no run  .length, cuts back in from outside off, and he can only defend towards cover-point",McCarthy,Azmatullah,0.0,0,0,1,1,0.0,0,,0
"40.4 
• 
McCarthy to Azmatullah, no run 
fuller, driven to mid-on",40.4,0,0.0,"McCarthy to Azmatullah, no run  .fuller, driven to mid-on",McCarthy,Azmatullah,0.0,0,0,1,1,0.0,0,,0
"40.5 
• 
McCarthy to Azmatullah, no run 
length, cuts back into him, and he can only defend",40.5,0,0.0,"McCarthy to Azmatullah, no run  .length, cuts back into him, and he can only defend",McCarthy,Azmatullah,0.0,0,0,1,1,0.0,0,,0
"40.6 
1 
McCarthy to Azmatullah, 1 run 
drives this firmly towards long-on. First runs for Omarzai 
end of over 411 run  
AFG: 206/6CRR: 5.02  
Azmatullah Omarzai1 (8b) 
Najibullah Zadran11 (24b 1x4) 
Barry McCarthy 6-0-33-0 
Simi Singh 8-2-38-0 
Dylan: ""Given how much the spinners have done here, and with Rashid and Mujeeb in 
the team, I'd still say Afghanistan are favourites"" --- Yes, there won't be a lot of loose 
balls to target, one would imagine. Some entertainment ahead in the second half of this 
game",40.6,1,1.0,"McCarthy to Azmatullah, 1 run  .drives this firmly towards long-on. First runs for Omarzai",McCarthy,Azmatullah,1.0,0,0,1,1,1.0,0,,1
"41.1 
1 
Simi Singh to Azmatullah, 1 run 
length, driven towards long-on",41.1,1,1.0,"Simi Singh to Azmatullah, 1 run  .length, driven towards long-on",Simi Singh,Azmatullah,1.0,0,0,1,1,1.0,0,,1
"41.2 
1 
Simi Singh to Zadran, 1 run 
length, driven wide of point with a little forward press",41.2,1,1.0,"Simi Singh to Zadran, 1 run  .length, driven wide of point with a little forward press",Simi Singh,Zadran,1.0,0,0,1,1,1.0,0,,1
"41.3 
W 
Simi Singh to Azmatullah, OUT 
Simi joins in the fun! Length ball, tucks him up, and just stops on him as he looks to 
drive down the wicket. Goes off the inner part of the bat and goes quickly to the right of 
the bowler, who snaps it up gleefully 
Azmatullah Omarzai c & b Simi Singh 2 (10b 0x4 0x6 18m) SR: 20 
Cameron: ""I see you say the pitch assists spin, and then I look at Afghanistan's bowling 
lineup.... Ireland must be shaking in their boots "" 
""I think i have lucky day today as my comment was published just before the start of 
this match and just sent in a comment in the BBL and it was published there too.. so Mr. 
Tawhid Rehan keep knocking the door either the door will open eventually or it will be 
broken down..."" --- Thanks, Amir Ali. You make getting a comment published sound akin 
to being selected to the national team of your choosing! 
Here's Rashid Khan. Needs to bat through this period, ideally",41.3,W,0.0,"Simi Singh to Azmatullah, OUT  .Simi joins in the fun! Length ball, tucks him up, and just stops on him as he looks to  .drive down the wicket. Goes off the inner part of the bat and goes quickly to the right of  .the bowler, who snaps it up gleefully  .Azmatullah Omarzai c & b Simi Singh 2 (10b 0x4 0x6 18m) SR: 20",Simi Singh,Azmatullah,0.0,0,0,1,1,0.0,1,c & b Simi Singh,0
"41.4 
1 
Simi Singh to Rashid Khan, 1 run 
length, goes back and works this past short mid-wicket for a single",41.4,1,1.0,"Simi Singh to Rashid Khan, 1 run  .length, goes back and works this past short mid-wicket for a single",Simi Singh,Rashid Khan,1.0,0,0,1,1,1.0,0,,1
"41.5 
• 
Simi Singh to Zadran, no run 
length, driven to cover",41.5,0,0.0,"Simi Singh to Zadran, no run  .length, driven to cover",Simi Singh,Zadran,0.0,0,0,1,1,0.0,0,,0
"41.6 
• 
Simi Singh to Zadran, no run 
shorter in length, and he tries to work this towards mid-on, but the bowler fields low to 
his left 
end of over 423 runs • 1 wicket 
AFG: 209/7CRR: 4.97  
Najibullah Zadran12 (27b 1x4) 
Rashid Khan1 (1b) 
Simi Singh 9-2-41-1 
Barry McCarthy 6-0-33-0 
Kamal Andiwal: ""Against the expectations, Afg batsmen who face world class spinners 
in the nets, have been completely clueless against the spin! what has gone wrong ?"" --- I 
think to begin with, you have to give credit to the Ireland bowlers, particular McBrine and 
Simi Singh. Then the lack of rotation of strike has probably also played a part",41.6,0,0.0,"Simi Singh to Zadran, no run  .shorter in length, and he tries to work this towards mid-on, but the bowler fields low to  .his left",Simi Singh,Zadran,0.0,0,0,1,1,0.0,0,,0
"42.1 
• 
McCarthy to Rashid Khan, no run 
length, defends back down the wicket",42.1,0,0.0,"McCarthy to Rashid Khan, no run  .length, defends back down the wicket",McCarthy,Rashid Khan,0.0,0,0,1,1,0.0,0,,0
"42.2 
1 
McCarthy to Rashid Khan, 1 run 
drives one firmly towards deep point",42.2,1,1.0,"McCarthy to Rashid Khan, 1 run  .drives one firmly towards deep point",McCarthy,Rashid Khan,1.0,0,0,1,1,1.0,0,,1
"42.3 
1 
McCarthy to Zadran, 1 run 
short, and it hurries on to Najib, who tries to swat it away. Off the toe-end of the bat, but 
it lands safely near square leg",42.3,1,1.0,"McCarthy to Zadran, 1 run  .short, and it hurries on to Najib, who tries to swat it away. Off the toe-end of the bat, but  .it lands safely near square leg",McCarthy,Zadran,1.0,0,0,1,1,1.0,0,,1
"42.4 
1 
McCarthy to Rashid Khan, 1 run 
fuller, played towards deep mid-wicket with a little shuffle across the stumps",42.4,1,1.0,"McCarthy to Rashid Khan, 1 run  .fuller, played towards deep mid-wicket with a little shuffle across the stumps",McCarthy,Rashid Khan,1.0,0,0,1,1,1.0,0,,1
"42.5 
1 
McCarthy to Zadran, 1 run 
short again, and he is somehow able to play this close to his body and push it down to 
the left of the bowler. They scamper through for a single",42.5,1,1.0,"McCarthy to Zadran, 1 run  .short again, and he is somehow able to play this close to his body and push it down to  .the left of the bowler. They scamper through for a single",McCarthy,Zadran,1.0,0,0,1,1,1.0,0,,1
"42.6 
• 
McCarthy to Rashid Khan, no run 
length, just around off, nipping back in, and Rashid Khan defends 
end of over 434 runs  
AFG: 213/7CRR: 4.95  
Rashid Khan3 (5b) 
Najibullah Zadran14 (29b 1x4) 
Barry McCarthy 7-0-37-0 
Simi Singh 9-2-41-1",42.6,0,0.0,"McCarthy to Rashid Khan, no run  .length, just around off, nipping back in, and Rashid Khan defends",McCarthy,Rashid Khan,0.0,0,0,1,1,0.0,0,,0
"43.1 
• 
Simi Singh to Zadran, no run 
length, and he gets into a pre-meditated reverse sweep. Nails it, but straight to point",43.1,0,0.0,"Simi Singh to Zadran, no run  .length, and he gets into a pre-meditated reverse sweep. Nails it, but straight to point",Simi Singh,Zadran,0.0,0,0,1,1,0.0,0,,0
"43.2 
1 
Simi Singh to Zadran, 1 run 
length, driven towards point for a single",43.2,1,1.0,"Simi Singh to Zadran, 1 run  .length, driven towards point for a single",Simi Singh,Zadran,1.0,0,0,1,1,1.0,0,,1
"43.3 
• 
Simi Singh to Rashid Khan, no run 
length, pushed to point",43.3,0,0.0,"Simi Singh to Rashid Khan, no run  .length, pushed to point",Simi Singh,Rashid Khan,0.0,0,0,1,1,0.0,0,,0
"43.4 
1 
Simi Singh to Rashid Khan, 1 run 
driven towards sweeper cover",43.4,1,1.0,"Simi Singh to Rashid Khan, 1 run  .driven towards sweeper cover",Simi Singh,Rashid Khan,1.0,0,0,1,1,1.0,0,,1
"43.5 
1 
Simi Singh to Zadran, 1 run 
driven towards sweeper cover",43.5,1,1.0,"Simi Singh to Zadran, 1 run  .driven towards sweeper cover",Simi Singh,Zadran,1.0,0,0,1,1,1.0,0,,1
"43.6 
1 
Simi Singh to Rashid Khan, 1 run 
looks to sweep, and gets a top edge, but it lands well short of deep backward square leg 
end of over 444 runs  
AFG: 217/7CRR: 4.93  
Rashid Khan5 (8b) 
Najibullah Zadran16 (32b 1x4) 
Simi Singh 10-2-45-1 
Barry McCarthy 7-0-37-0",43.6,1,1.0,"Simi Singh to Rashid Khan, 1 run  .looks to sweep, and gets a top edge, but it lands well short of deep backward square leg",Simi Singh,Rashid Khan,1.0,0,0,1,1,1.0,0,,1
"44.1 
• 
McCarthy to Rashid Khan, no run 
backs away to play this through the off side, but he follows him with a full ball. 
Defended in the end",44.1,0,0.0,"McCarthy to Rashid Khan, no run  .backs away to play this through the off side, but he follows him with a full ball.  .Defended in the end",McCarthy,Rashid Khan,0.0,0,0,1,1,0.0,0,,0
"44.2 
• 
McCarthy to Rashid Khan, no run 
played to point, and he has come a long way, but the throw from the man at point is a bit 
wayward. He has ample time to scamper back even as the return from the man backing 
up is used to whip the bails off",44.2,0,0.0,"McCarthy to Rashid Khan, no run  .played to point, and he has come a long way, but the throw from the man at point is a bit  .wayward. He has ample time to scamper back even as the return from the man backing  .up is used to whip the bails off",McCarthy,Rashid Khan,0.0,0,0,1,1,0.0,0,,0
"44.3 
2 
McCarthy to Rashid Khan, 2 runs 
worked fine off his pads with a glance",44.3,2,2.0,"McCarthy to Rashid Khan, 2 runs  .worked fine off his pads with a glance",McCarthy,Rashid Khan,2.0,0,0,1,1,2.0,0,,1
"44.4 
1 
McCarthy to Rashid Khan, 1 run 
length, driven towards mid-off, and they take a quick single",44.4,1,1.0,"McCarthy to Rashid Khan, 1 run  .length, driven towards mid-off, and they take a quick single",McCarthy,Rashid Khan,1.0,0,0,1,1,1.0,0,,1
"44.5 
• 
McCarthy to Zadran, no run 
short, goes across the batsman from around the wicket. Najib wants to run this past the 
keeper, but cannot make any contact",44.5,0,0.0,"McCarthy to Zadran, no run  .short, goes across the batsman from around the wicket. Najib wants to run this past the  .keeper, but cannot make any contact",McCarthy,Zadran,0.0,0,0,1,1,0.0,0,,0
"44.6 
1 
McCarthy to Zadran, 1 run 
short, and he swipes at it towards deep mid-wicket 
MohammadAsif Ha: ""Najib might have a big plan after over 45. "" --- Yes, one of these 
guys probably has to take a few risks now 
end of over 454 runs  
AFG: 221/7CRR: 4.91  
Najibullah Zadran17 (34b 1x4) 
Rashid Khan8 (12b) 
Barry McCarthy 8-0-41-0 
Simi Singh 10-2-45-1 
Campher is back, replacing Simi Singh",44.6,1,1.0,"McCarthy to Zadran, 1 run  .short, and he swipes at it towards deep mid-wicket",McCarthy,Zadran,1.0,0,0,1,1,1.0,0,,1
"45.1 
1 
Campher to Zadran, 1 run 
short in length, swatted away towards sweeper cover",45.1,1,1.0,"Campher to Zadran, 1 run  .short in length, swatted away towards sweeper cover",Campher,Zadran,1.0,0,0,1,1,1.0,0,,1
"45.2 
1 
Campher to Rashid Khan, 1 run 
length, and he drops it towrads square leg and sets off for a quick single",45.2,1,1.0,"Campher to Rashid Khan, 1 run  .length, and he drops it towrads square leg and sets off for a quick single",Campher,Rashid Khan,1.0,0,0,1,1,1.0,0,,1
"45.3 
1w 
Campher to Zadran, 1 wide 
length, strays down the pads, and will have to rebowl this",45.3,1w,1.0,"Campher to Zadran, 1 wide  .length, strays down the pads, and will have to rebowl this",Campher,Zadran,0.0,0,0,0,0,1.0,0,,1
"45.3 
1w 
Campher to Zadran, 1 wide 
fullish, down the leg side, and he will have to bowl this again 
Hamed: ""@kamal I think lack of intent from Afghanistan also play a role.. We know 
Omerzai is agrisive so he should have been given a role.... Anyhow this partnership is 
important so both need to be careful here to target at least that 250 mark. """,45.3,1w,1.0,"Campher to Zadran, 1 wide  .fullish, down the leg side, and he will have to bowl this again",Campher,Zadran,0.0,0,0,0,0,1.0,0,,1
"45.3 
1 
Campher to Zadran, 1 run 
length, worked with his wrists towards deep mid-wicket. Wanted to go for two, but has 
to settle for one as a fielder moves in quickly to stop that",45.3,1,1.0,"Campher to Zadran, 1 run  .length, worked with his wrists towards deep mid-wicket. Wanted to go for two, but has  .to settle for one as a fielder moves in quickly to stop that",Campher,Zadran,1.0,0,0,1,1,1.0,0,,1
"45.4 
4 
Campher to Rashid Khan, FOUR runs 
in the slot, and he heaves this through the extra cover region, and gets four. Uses a bit 
of a shuffle to get closer to the line of the ball, and that gives him better leverage on it",45.4,4,4.0,"Campher to Rashid Khan, FOUR runs  .in the slot, and he heaves this through the extra cover region, and gets four. Uses a bit  .of a shuffle to get closer to the line of the ball, and that gives him better leverage on it",Campher,Rashid Khan,4.0,1,0,1,1,4.0,0,,1
"45.5 
1w 
Campher to Rashid Khan, 1 wide 
length, outside off, and given a wide",45.5,1w,1.0,"Campher to Rashid Khan, 1 wide  .length, outside off, and given a wide",Campher,Rashid Khan,0.0,0,0,0,0,1.0,0,,1
"45.5 
6 
Campher to Rashid Khan, SIX runs 
slogs this over mid-wicket! Another shimmy across the crease, and then uses the full 
swing of the bat to slap this through the leg side. Bad bowling, in terms of bowling 
length at this stage",45.5,6,6.0,"Campher to Rashid Khan, SIX runs  .slogs this over mid-wicket! Another shimmy across the crease, and then uses the full  .swing of the bat to slap this through the leg side. Bad bowling, in terms of bowling  .length at this stage",Campher,Rashid Khan,6.0,0,1,1,1,6.0,0,,1
"45.6 
1 
Campher to Rashid Khan, 1 run 
length, defends towards point and pinches a single 
end of over 4617 runs  
AFG: 238/7CRR: 5.17  
Rashid Khan20 (16b 1x4 1x6) 
Najibullah Zadran19 (36b 1x4) 
Curtis Campher 3-0-39-0 
Barry McCarthy 8-0-41-0 
Young is back",45.6,1,1.0,"Campher to Rashid Khan, 1 run  .length, defends towards point and pinches a single",Campher,Rashid Khan,1.0,0,0,1,1,1.0,0,,1
"46.1 
1 
Young to Rashid Khan, 1 run 
length, and he defends towards cover 
Sivakumar S: ""Hamed: 250 mark????? I think they will go more than that Rashid -4,6,...."" -
-- Varahan reckons that's a winning total today",46.1,1,1.0,"Young to Rashid Khan, 1 run  .length, and he defends towards cover",Young,Rashid Khan,1.0,0,0,1,1,1.0,0,,1
"46.2 
2 
Young to Zadran, 2 runs 
slower ball, and he works it off his hips towards deep square leg. Immediate call for two 
from Rashid Khan, and Najib does well to get home quite safely",46.2,2,2.0,"Young to Zadran, 2 runs  .slower ball, and he works it off his hips towards deep square leg. Immediate call for two  .from Rashid Khan, and Najib does well to get home quite safely",Young,Zadran,2.0,0,0,1,1,2.0,0,,1
"46.3 
• 
Young to Zadran, no run 
short, angles across him, and he looks to flog this towards mid-wicket, but fails to make 
contact",46.3,0,0.0,"Young to Zadran, no run  .short, angles across him, and he looks to flog this towards mid-wicket, but fails to make  .contact",Young,Zadran,0.0,0,0,1,1,0.0,0,,0
"46.4 
• 
Young to Zadran, no run 
slower ball, pitched up, and patted back to the bowler 
Mausique Ahmed: ""Thinking about BBL, all three aces Rashid, Nabi and Mujeeb in same 
team, what is going to happen when they will be bowling.. """,46.4,0,0.0,"Young to Zadran, no run  .slower ball, pitched up, and patted back to the bowler",Young,Zadran,0.0,0,0,1,1,0.0,0,,0
"46.5 
6 
Young to Zadran, SIX runs 
short, and he hooks this away. Seems to have taken a top edge, but he has cleared the 
boundary at deep square leg, quite comfortably! 
SARTAJ SAFI SAF: ""285 is the target "" --- Not out of reach, I will give you that",46.5,6,6.0,"Young to Zadran, SIX runs  .short, and he hooks this away. Seems to have taken a top edge, but he has cleared the  .boundary at deep square leg, quite comfortably!",Young,Zadran,6.0,0,1,1,1,6.0,0,,1
"46.6 
1 
Young to Zadran, 1 run 
length, works it off his hips towards square leg. Only one available this time 
end of over 4710 runs  
AFG: 248/7CRR: 5.27  
Najibullah Zadran28 (41b 1x4 1x6) 
Rashid Khan21 (17b 1x4 1x6) 
Craig Young 5-1-29-0 
Curtis Campher 3-0-39-0 
Mohammad Khan: ""I am used to jumping into the commentary page that I had to Google 
about how to comment on ESPNCricinfo. Afghanistan batting still have a long way to 
go. One man show will take us no where. "" ---- Presumably 45 seconds of your life that 
you will never get back now",46.6,1,1.0,"Young to Zadran, 1 run  .length, works it off his hips towards square leg. Only one available this time",Young,Zadran,1.0,0,0,1,1,1.0,0,,1
"47.1 
1 
McCarthy to Zadran, 1 run 
short, around off, and he somehow heaves it away towards square leg",47.1,1,1.0,"McCarthy to Zadran, 1 run  .short, around off, and he somehow heaves it away towards square leg",McCarthy,Zadran,1.0,0,0,1,1,1.0,0,,1
"47.2 
6 
McCarthy to Rashid Khan, SIX runs 
short ball, and he looks for a slap through the off side. Sweeper cover gets across and 
drops this. Delaney has actually parried it on beyond the fence",47.2,6,6.0,"McCarthy to Rashid Khan, SIX runs  .short ball, and he looks for a slap through the off side. Sweeper cover gets across and  .drops this. Delaney has actually parried it on beyond the fence",McCarthy,Rashid Khan,6.0,0,1,1,1,6.0,0,,1
"47.3 
• 
McCarthy to Rashid Khan, no run 
slower ball, and he looks to go through the leg side, but gets an inside edge towards 
short fine leg",47.3,0,0.0,"McCarthy to Rashid Khan, no run  .slower ball, and he looks to go through the leg side, but gets an inside edge towards  .short fine leg",McCarthy,Rashid Khan,0.0,0,0,1,1,0.0,0,,0
"47.4 
1 
McCarthy to Rashid Khan, 1 run 
change of pace, and he skips down the wicket to a short ball. Ends up playing what you 
might call a forehand top spin, towards mid-off. Will get him a single",47.4,1,1.0,"McCarthy to Rashid Khan, 1 run  .change of pace, and he skips down the wicket to a short ball. Ends up playing what you  .might call a forehand top spin, towards mid-off. Will get him a single",McCarthy,Rashid Khan,1.0,0,0,1,1,1.0,0,,1
"47.5 
W 
McCarthy to Zadran, OUT 
slow off-cutter, wide outside off, and he has ended up guiding this straight to short third 
man. Ends a remarkably painful innings from Najib. Took his time against spin, and then 
seemed all at sea against the short lengths from the seamers 
Najibullah Zadran c Young b McCarthy 29 (43b 1x4 1x6 74m) SR: 67.44 
Mujeeb is the new man in",47.5,W,0.0,"McCarthy to Zadran, OUT  .slow off-cutter, wide outside off, and he has ended up guiding this straight to short third  .man. Ends a remarkably painful innings from Najib. Took his time against spin, and then  .seemed all at sea against the short lengths from the seamers  .Najibullah Zadran c Young b McCarthy 29 (43b 1x4 1x6 74m) SR: 67.44",McCarthy,Zadran,0.0,0,0,1,1,0.0,1,c Young b McCarthy,0
"47.6 
• 
McCarthy to Mujeeb, no run 
length, defended towards square leg. There was a single on offer, but Rashid opts not to 
take it 
MAnish: ""Please give the last two overs to Andy Balbirnie and Harry Tecor. Make 
everyone bowl except the wicketkeeper."" --- No such luck, Young continues 
end of over 488 runs • 1 wicket 
AFG: 256/8CRR: 5.33  
Mujeeb Ur Rahman0 (1b) 
Rashid Khan28 (20b 1x4 2x6) 
Barry McCarthy 9-0-49-1 
Craig Young 5-1-29-0",47.6,0,0.0,"McCarthy to Mujeeb, no run  .length, defended towards square leg. There was a single on offer, but Rashid opts not to  .take it",McCarthy,Mujeeb,0.0,0,0,1,1,0.0,0,,0
"48.1 
6 
Young to Rashid Khan, SIX runs 
length, and he swings across the line, and just gets it over deep mid-wicket. Tector 
again gets his fingertips to it, but can only see it over the rope",48.1,6,6.0,"Young to Rashid Khan, SIX runs  .length, and he swings across the line, and just gets it over deep mid-wicket. Tector  .again gets his fingertips to it, but can only see it over the rope",Young,Rashid Khan,6.0,0,1,1,1,6.0,0,,1
"48.2 
2 
Young to Rashid Khan, 2 runs 
there's the helicopter, and he skews this over extra cover. The man in the circle gets 
across to it after a bounce, but cannot prevent the single",48.2,2,2.0,"Young to Rashid Khan, 2 runs  .there's the helicopter, and he skews this over extra cover. The man in the circle gets  .across to it after a bounce, but cannot prevent the single",Young,Rashid Khan,2.0,0,0,1,1,2.0,0,,1
"48.3 
• 
Young to Rashid Khan, no run 
yorker, and goes between Rashid's legs as he looks to swat it away through square leg",48.3,0,0.0,"Young to Rashid Khan, no run  .yorker, and goes between Rashid's legs as he looks to swat it away through square leg",Young,Rashid Khan,0.0,0,0,1,1,0.0,0,,0
"48.4 
1 
Young to Rashid Khan, 1 run 
down the wicket, slapped towards long-on",48.4,1,1.0,"Young to Rashid Khan, 1 run  .down the wicket, slapped towards long-on",Young,Rashid Khan,1.0,0,0,1,1,1.0,0,,1
"48.5 
1 
Young to Mujeeb, 1 run 
slower ball, and he looks to drive this towards long-on. Just gets it to the right of the 
bowler, but wide enough to pinch a single",48.5,1,1.0,"Young to Mujeeb, 1 run  .slower ball, and he looks to drive this towards long-on. Just gets it to the right of the  .bowler, but wide enough to pinch a single",Young,Mujeeb,1.0,0,0,1,1,1.0,0,,1
"48.6 
1 
Young to Rashid Khan, 1 run 
dropped by the keeper! Rashid winds up for a big slog across the line. Takes the 
outside edge, and he gets his gloves to it, but cannot hold on 
Mark: ""This game has gone away from Ireland like an express train in the last few overs. 
This already looks to be a huge target and Rashid Khan looks set on making it bigger 
still."" 
end of over 4911 runs  
AFG: 267/8CRR: 5.44  
Rashid Khan38 (25b 1x4 3x6) 
Mujeeb Ur Rahman1 (2b) 
Craig Young 6-1-40-0 
Barry McCarthy 9-0-49-1",48.6,1,1.0,"Young to Rashid Khan, 1 run  .dropped by the keeper! Rashid winds up for a big slog across the line. Takes the  .outside edge, and he gets his gloves to it, but cannot hold on",Young,Rashid Khan,1.0,0,0,1,1,1.0,0,,1
"49.1 
1w 
McCarthy to Rashid Khan, 1 wide 
very, very slow, loopy ball. Rashid backs away and looks to play it over fine leg. Called a 
wide, which looks like a harsh call, on line",49.1,1w,1.0,"McCarthy to Rashid Khan, 1 wide  .very, very slow, loopy ball. Rashid backs away and looks to play it over fine leg. Called a  .wide, which looks like a harsh call, on line",McCarthy,Rashid Khan,0.0,0,0,0,0,1.0,0,,1
"49.1 
6 
McCarthy to Rashid Khan, SIX runs 
oh, that's a shot and a half! Backs away, and whacks a length ball way over long-off",49.1,6,6.0,"McCarthy to Rashid Khan, SIX runs  .oh, that's a shot and a half! Backs away, and whacks a length ball way over long-off",McCarthy,Rashid Khan,6.0,0,1,1,1,6.0,0,,1
"49.2 
6 
McCarthy to Rashid Khan, SIX runs 
have six more, says Rashid! This time he goes over cow corner. Fifty off just 27 balls 
for Rashid Khan! 
Yella: ""Debutant makes a century and Rashid is whacking the ball. Ireland did not put 
enough pressure after taking 5 wickets in a trot. I am disappointed at how Afghanistan 
is taking away the game. """,49.2,6,6.0,"McCarthy to Rashid Khan, SIX runs  .have six more, says Rashid! This time he goes over cow corner. Fifty off just 27 balls  .for Rashid Khan!",McCarthy,Rashid Khan,6.0,0,1,1,1,6.0,0,,1
"49.3 
4 
McCarthy to Rashid Khan, FOUR runs 
fuller length, and he runs this through the backward point region with a slightly open 
face of the bat. Smart shot again",49.3,4,4.0,"McCarthy to Rashid Khan, FOUR runs  .fuller length, and he runs this through the backward point region with a slightly open  .face of the bat. Smart shot again",McCarthy,Rashid Khan,4.0,1,0,1,1,4.0,0,,1
"49.4 
• 
McCarthy to Rashid Khan, no run 
yorker, dug away towards cover, and he chooses to stay on strike 
Sharat Verma: ""17 sixes by Afg batsmen this innings. What's the record in an ODI for 
maximum sixes in an innings?"" --- No, far from the record",49.4,0,0.0,"McCarthy to Rashid Khan, no run  .yorker, dug away towards cover, and he chooses to stay on strike",McCarthy,Rashid Khan,0.0,0,0,1,1,0.0,0,,0
"49.5 
1W 
McCarthy to Rashid Khan, 1 run, OUT 
worked through square leg. Wants to scamper a second, but Simi Singh's throw from 
the deep square leg has Rashid well short. He's just about halfway through the pitch on 
his return, when Tucker whips the stump off 
Rashid Khan run out (Simi Singh/†Tucker) 55 (30b 2x4 5x6 40m) SR: 183.33 
Naveen faces up for the last ball",49.5,1W,1.0,"McCarthy to Rashid Khan, 1 run, OUT  .worked through square leg. Wants to scamper a second, but Simi Singh's throw from  .the deep square leg has Rashid well short. He's just about halfway through the pitch on  .his return, when Tucker whips the stump off  .Rashid Khan run out (Simi Singh/†Tucker) 55 (30b 2x4 5x6 40m) SR: 183.33",McCarthy,Rashid Khan,0.0,0,0,1,1,0.0,0,run out (Simi Singh/†Tucker),1
"49.6 
2 
McCarthy to Naveen-ul-Haq, 2 runs 
short, and he is able to hook it away somehow. It lands well short of deep square leg, 
and they come back for the second. There's a big dive at the end, and that's what saves 
him! Sums up their resillience in this batting effort 
We'll be back with the Ireland chase shortly 
2.07 pm So there you have it. Afghanistan, in the end, put up an imposing total thanks 
largely to Rashid Khan. Gurbaz and Ahmadi appeared to have set the platform for a 
300+ total as openers, but the efforts of Andy McBrine in the middle would have raised 
Irish visions of restricting Afghanistan to a total around 240 or so, perhaps even bowl 
them out for 230! However, Gurbaz with a fantastic century on debut -- he fell when in 
sight of perhaps even going past Desmond Haynes' ODI record for most runs in his first 
game -- and then Rashid Khan's pyrotechnics mean Afghanistan must be counted as 
favourites at the break. 
 
 
2.32 pm We aren't far away from the resumption of play here in Abu Dhabi 
Celine Kuwait: ""Let's see how the Chief Tormentor (courtesy: Roller) troubles Ireland 
now!"" 
Thomas Scott: ""Ireland have used 8 bowlers, is that a record?"" --- One short of the  
Stirling and KOB have come out to open. Seam to start with, in the shape of Naveen-ul-
Haq. Third man and fine leg out in the deep, with two slips in place 
end of over 5020 runs • 1 wicket 
AFG: 287/9CRR: 5.74  
Naveen-ul-Haq2 (1b) 
Mujeeb Ur Rahman1 (2b) 
Barry McCarthy 10-0-69-1 
Craig Young 6-1-40-0 
Sponsored Headlines 
 
DC-W vs MI-W Cricket Scorecard, Final at Mumbai, March 15, 2025Discover 
 
Leicestershire sign Shan Masood on all-format deal | ESPNcricinfoDiscover 
 
Online Shopping Tools| 
Sponsored by TaboolaSponsored by Taboola 
Flight Attendant Reveals How To Fly Business Class For The Price of EconomyRead 
MoreSkip 
 
NZ vs Pak - Khushdil Shah fined for collision with Zakary Foulkes in Christchurch | 
ESPNcricinfoDiscover 
 
Grace Harris joins Surrey Women for Vitality Blast | ESPNcricinfoDiscover 
Interested in learning more? Watch this video! 
READ MORE 
Ad 
|  
Sponsored  
 
Amazon Is Losing Money as Arizona Shoppers Are Canceling Prime for This Clever 
HackThink you're getting the best deal when you shop online? Don't buy a single thing 
until you try this - you won't regret it.Online Shopping Tools| 
SponsoredSponsored 
Undo 
 
Beyond Text Generation: An AI Tool That Helps You Write BetterImprove grammar, word 
choice, and sentence structure everywhere you work. Write better with 
Grammarly.Grammarly| 
SponsoredSponsored 
Install Now 
Undo 
 
Unbeatable Prices on TemuStep in 2025 a whole new way.TEMU| 
SponsoredSponsored 
Shop Now 
Undo 
 
Brandi Passante's Is So Thin Now & Looks Like A Model.Lawyers Favorite| 
SponsoredSponsored 
Undo 
 
Women Over 60 Are Raving About This 2 Min Routine To Feel Years YoungerTerra 
Marre| 
SponsoredSponsored 
Undo 
 
Your 2025 Horoscope Is So Detailed You'll Get Goosebumps!My Astrology| 
SponsoredSponsored 
Undo 
 
Scarlett Johansson, 40, Shows Off Her Actual Size In A New PhotosThe Latest Article| 
SponsoredSponsored 
Undo 
 
15 Most Beautiful Women EverToday's NYC| 
SponsoredSponsored 
Undo 
 
After Years Of Working At CNN, This Is Erin Burnett's Annual SalaryFinance Nemo| 
SponsoredSponsored 
Undo 
 
Neurologists Amazed: These Barefoot Shoes Help Seniors Lose Weight and Live a Life 
with Less PainBarefoot Shoes are the Ultimate Weight Loss Tool for 2025.Barefoot 
Vitality| 
SponsoredSponsored 
Learn More 
Undo 
 
3 Ways Japanese Use Turmeric to Drop WeightGood Health News| 
SponsoredSponsored 
Undo 
 
Sore Knees After 60 Comes Down To 1 Thing (Stop Doing This)Joints ache? Avoid this 
""healthy"" habit and watch what happens...Arthrozene| 
SponsoredSponsored 
Learn More 
Undo 
Match Coverage 
All Match News 
 
Rahmanullah Gurbaz's debut hundred helps Afghanistan 
hold off Ireland 
Rashid Khan blasts 55 off 30 and takes two wickets as Lorcan Tucker, Andy McBrine 
career-bests go in vain 
 
 
 
How will Ireland cope with Rashid Khan's threat? 
No bowler has more international wickets against one team at a better average than 
Khan against Ireland 
 
 
 
Instant answers to T20 questions 
What is the highest total chased in men's T20 World Cups? 
Most sixes in an innings by a batter in men's T20 World Cups? 
Who has taken the most Powerplay wickets in men's T20 World Cups? 
Ask a question 
Ireland Innings 
Player Name 
R 
B 
PR 
Stirling 
lbw 
39 40 
KJ 
O'Brien 
lbw 
1 
7 
A 
Balbirnie caught 
15 18 
HT 
Tector 
caught 
28 37 
C 
Campher lbw 
39 53 
LJ 
Tucker 
stumped 
83 96 
GJ 
Delany 
caught 
5 
11 
Simi 
Singh 
stumped 
23 20 
AR 
McBrine caught 
2 
4 
Player Name 
R 
B 
BJ 
McCarthy not out 
5 
5 
CA 
Young 
not out 
12 11 
Extras 
(b 2, nb 2, w 15) 
Total 
271(9 wkts; 50 ovs) 
Player Name 
O M R W Econ 
Naveen-ul-Haq 9 0 68 3 
7.55 
(1 
nb) 
Mujeeb Ur Rahman 10 0 40 2 
4 
Gulbadin Naib 7 0 36 1 5.14 
Mohammad Nabi 10 0 45 1",49.6,2,2.0,"McCarthy to Naveen-ul-Haq, 2 runs  .short, and he is able to hook it away somehow. It lands well short of deep square leg,  .and they come back for the second. There's a big dive at the end, and that's what saves  .him! Sums up their resillience in this batting effort  .We'll be back with the Ireland chase shortly  .2.07 pm So there you have it. Afghanistan, in the end, put up an imposing total thanks  .largely to Rashid Khan. Gurbaz and Ahmadi appeared to have set the platform for a  .300+ total as openers, but the efforts of Andy McBrine in the middle would have raised  .Irish visions of restricting Afghanistan to a total around 240 or so, perhaps even bowl  .them out for 230! However, Gurbaz with a fantastic century on debut -- he fell when in  .sight of perhaps even going past Desmond Haynes' ODI record for most runs in his first  .game -- and then Rashid Khan's pyrotechnics mean Afghanistan must be counted as  .favourites at the break.  .  .  .2.32 pm We aren't far away from the resumption of play here in Abu Dhabi",McCarthy,Naveen-ul-Haq,2.0,0,0,1,1,2.0,0,,1
