raw_data,overs,runs,team_runs,commentary,bowler,batsman,batsman_runs,batsman_fours,batsman_sixes,batsman_bowls_faced,bowler_bowls_done,bowler_runs_given,bowler_wickets,dismissal,runs_given_bool
"0.1 
• 
Little to Tamim, no run 
Aims for the yorker and spears it very full on middle and leg, Tamim manages to keep it 
out to the on side.",0.1,0,0.0,"Little to Tamim, no run  .Aims for the yorker and spears it very full on middle and leg, Tamim manages to keep it  .out to the on side.",Little,Tamim,0.0,0,0,1,1,0.0,0,,0
"0.2 
• 
Little to Tamim, no run 
Beauts! Lands it on a length outside off and gets it to move away. Tamim is squared up 
in defense and fortunately misses it by a whisker.",0.2,0,0.0,"Little to Tamim, no run  .Beauts! Lands it on a length outside off and gets it to move away. Tamim is squared up  .in defense and fortunately misses it by a whisker.",Little,Tamim,0.0,0,0,1,1,0.0,0,,0
"0.3 
• 
Little to Tamim, no run 
Huge appeal! Not given. Angles it in and gets it to go straight on. Tamim hops and 
misses his flick. Looked a bit too high real-time. Yep, high as well as missing leg.",0.3,0,0.0,"Little to Tamim, no run  .Huge appeal! Not given. Angles it in and gets it to go straight on. Tamim hops and  .misses his flick. Looked a bit too high real-time. Yep, high as well as missing leg.",Little,Tamim,0.0,0,0,1,1,0.0,0,,0
"0.4 
1 
Little to Tamim, 1 run 
Angles it on the pads on a length, flicked away to fine leg.",0.4,1,1.0,"Little to Tamim, 1 run  .Angles it on the pads on a length, flicked away to fine leg.",Little,Tamim,1.0,0,0,1,1,1.0,0,,1
"0.5 
• 
Little to Litton Das, no run 
Very full on middle and leg, Litton is almost yorked - like he was in the first ODI. 
Manages to dig this to the on side.",0.5,0,0.0,"Little to Litton Das, no run  .Very full on middle and leg, Litton is almost yorked - like he was in the first ODI.  .Manages to dig this to the on side.",Little,Litton Das,0.0,0,0,1,1,0.0,0,,0
"0.6 
• 
Little to Litton Das, no run 
Beaten on the inside! Walks down to disrupt the bowler but is beaten on the inswing. 
end of over 11 run  
BAN: 1/0CRR: 1.00 • RRR: 7.27 • Need 320 runs from 44 overs 
Litton Das0 (2b) 
Tamim Iqbal1 (4b) 
Josh Little 1-0-1-0 
Mark Adair to run in from the other end. From over the wicket with two slips.",0.6,0,0.0,"Little to Litton Das, no run  .Beaten on the inside! Walks down to disrupt the bowler but is beaten on the inswing.",Little,Litton Das,0.0,0,0,1,1,0.0,0,,0
"1.1 
• 
Adair to Tamim, no run 
Gone? No says the umpire. Balbirnie opts to review the lbw call against Tamim. Adair 
bowls it in line of the stumps, Tamim goes across to flick - with his front foot going 
across the stumps - but misses on the inside. Is it high? Yes, height the factor and 
Ireland lose a review early. Apart from the bounce, looked pretty adjacent.",1.1,0,0.0,"Adair to Tamim, no run  .Gone? No says the umpire. Balbirnie opts to review the lbw call against Tamim. Adair  .bowls it in line of the stumps, Tamim goes across to flick - with his front foot going  .across the stumps - but misses on the inside. Is it high? Yes, height the factor and  .Ireland lose a review early. Apart from the bounce, looked pretty adjacent.",Adair,Tamim,0.0,0,0,1,1,0.0,0,,0
"1.2 
• 
Adair to Tamim, no run 
On a length around leg and middle, gets forward and defends it to the on side.",1.2,0,0.0,"Adair to Tamim, no run  .On a length around leg and middle, gets forward and defends it to the on side.",Adair,Tamim,0.0,0,0,1,1,0.0,0,,0
"1.3 
• 
Adair to Tamim, no run 
Full and swinging in a touch, he flicks it towards square leg, with his bat turning in his 
hand.",1.3,0,0.0,"Adair to Tamim, no run  .Full and swinging in a touch, he flicks it towards square leg, with his bat turning in his  .hand.",Adair,Tamim,0.0,0,0,1,1,0.0,0,,0
"1.4 
2 
Adair to Tamim, 2 runs 
Fuller around middle and leg, Tamim leans into it again and flicks it past square leg this 
time.",1.4,2,2.0,"Adair to Tamim, 2 runs  .Fuller around middle and leg, Tamim leans into it again and flicks it past square leg this  .time.",Adair,Tamim,2.0,0,0,1,1,2.0,0,,1
"1.5 
3 
Adair to Tamim, 3 runs 
Full and outside off, now Tamim drives it through covers. The timing is good but there 
isn't enough power. It slows down in the outfield and he gets three.",1.5,3,3.0,"Adair to Tamim, 3 runs  .Full and outside off, now Tamim drives it through covers. The timing is good but there  .isn't enough power. It slows down in the outfield and he gets three.",Adair,Tamim,3.0,0,0,1,1,3.0,0,,1
"1.6 
1 
Adair to Litton Das, 1 run 
Back of a length ball outside off, Litton glides it to deep third by opening the bat face. 
end of over 26 runs  
BAN: 7/0CRR: 3.50 • RRR: 7.30 • Need 314 runs from 43 overs 
Litton Das1 (3b) 
Tamim Iqbal6 (9b) 
Mark Adair 1-0-6-0 
Josh Little 1-0-1-0",1.6,1,1.0,"Adair to Litton Das, 1 run  .Back of a length ball outside off, Litton glides it to deep third by opening the bat face.",Adair,Litton Das,1.0,0,0,1,1,1.0,0,,1
"2.1 
• 
Little to Litton Das, no run 
Angling away on a length, Litton looks to defend anticipating an inswing but it carries on 
with the line.",2.1,0,0.0,"Little to Litton Das, no run  .Angling away on a length, Litton looks to defend anticipating an inswing but it carries on  .with the line.",Little,Litton Das,0.0,0,0,1,1,0.0,0,,0
"2.2 
1 
Little to Litton Das, 1 run 
Length ball angling away, glides it to deep third.",2.2,1,1.0,"Little to Litton Das, 1 run  .Length ball angling away, glides it to deep third.",Little,Litton Das,1.0,0,0,1,1,1.0,0,,1
"2.3 
1 
Little to Tamim, 1 run 
Bowls it short and angles it down leg, Tamim gets inside the line and tucks it fine. Fine 
leg gets around, slides and keeps them to one.",2.3,1,1.0,"Little to Tamim, 1 run  .Bowls it short and angles it down leg, Tamim gets inside the line and tucks it fine. Fine  .leg gets around, slides and keeps them to one.",Little,Tamim,1.0,0,0,1,1,1.0,0,,1
"2.4 
• 
Little to Litton Das, no run 
Very full outside off, opens the face to guide it to backward point.",2.4,0,0.0,"Little to Litton Das, no run  .Very full outside off, opens the face to guide it to backward point.",Little,Litton Das,0.0,0,0,1,1,0.0,0,,0
"2.5 
• 
Little to Litton Das, no run 
Length ball around leg and leaves him away a touch. Litton gets his bottom hand off 
while fending it to the off side.",2.5,0,0.0,"Little to Litton Das, no run  .Length ball around leg and leaves him away a touch. Litton gets his bottom hand off  .while fending it to the off side.",Little,Litton Das,0.0,0,0,1,1,0.0,0,,0
"2.6 
• 
Little to Litton Das, no run 
Full and outside off, he gets his front foot out and lifts his bat to let it be. 
end of over 32 runs  
BAN: 9/0CRR: 3.00 • RRR: 7.42 • Need 312 runs from 42 overs 
Litton Das2 (8b) 
Tamim Iqbal7 (10b) 
Josh Little 2-0-3-0 
Mark Adair 1-0-6-0",2.6,0,0.0,"Little to Litton Das, no run  .Full and outside off, he gets his front foot out and lifts his bat to let it be.",Little,Litton Das,0.0,0,0,1,1,0.0,0,,0
"3.1 
• 
Adair to Tamim, no run 
Full and slanting away outside off, he lunges and lets it be.",3.1,0,0.0,"Adair to Tamim, no run  .Full and slanting away outside off, he lunges and lets it be.",Adair,Tamim,0.0,0,0,1,1,0.0,0,,0
"3.2 
• 
Adair to Tamim, no run 
Length ball on the legs, he misses his flick.",3.2,0,0.0,"Adair to Tamim, no run  .Length ball on the legs, he misses his flick.",Adair,Tamim,0.0,0,0,1,1,0.0,0,,0
"3.3 
W 
Adair to Tamim, OUT 
Soft, soft dismissal! Tamim can't believe it. Full on the pads, it was almost in the hit-me 
region. Tamim obliges with a flick but finds Dockrell< who takes a sharp catch to his 
right at forward square leg. He cannot believe it he found the fielder there. Ireland have 
an early wicket. 
Tamim Iqbal c Dockrell b Adair 7 (13b 0x4 0x6 16m) SR: 53.84 
See all photos 
Najmul Hossain Shanto is the next batter in.",3.3,W,0.0,"Adair to Tamim, OUT  .Soft, soft dismissal! Tamim can't believe it. Full on the pads, it was almost in the hit-me  .region. Tamim obliges with a flick but finds Dockrell< who takes a sharp catch to his  .right at forward square leg. He cannot believe it he found the fielder there. Ireland have  .an early wicket.  .Tamim Iqbal c Dockrell b Adair 7 (13b 0x4 0x6 16m) SR: 53.84",Adair,Tamim,0.0,0,0,1,1,0.0,1,c Dockrell b Adair,0
"3.4 
• 
Adair to Shanto, no run 
Angles it across him on a length, he covers the stumps and lets that be.",3.4,0,0.0,"Adair to Shanto, no run  .Angles it across him on a length, he covers the stumps and lets that be.",Adair,Shanto,0.0,0,0,1,1,0.0,0,,0
"3.5 
• 
Adair to Shanto, no run 
Once again outside off, angling away on a length. Gets outside the line and shoulders 
arms. 
Around the stumps.",3.5,0,0.0,"Adair to Shanto, no run  .Once again outside off, angling away on a length. Gets outside the line and shoulders  .arms.  .Around the stumps.",Adair,Shanto,0.0,0,0,1,1,0.0,0,,0
"3.6 
• 
Adair to Shanto, no run 
Bowls it full outside off, defended towards cover. 
end of over 4Wicket maiden 
BAN: 9/1CRR: 2.25 • RRR: 7.60 • Need 312 runs from 41 overs 
Najmul Hossain Shanto0 (3b) 
Litton Das2 (8b) 
Mark Adair 2-1-6-1 
Josh Little 2-0-3-0",3.6,0,0.0,"Adair to Shanto, no run  .Bowls it full outside off, defended towards cover.",Adair,Shanto,0.0,0,0,1,1,0.0,0,,0
"4.1 
• 
Little to Litton Das, no run 
Bowls a hard length that slants away, Litton fishes at that but gets beaten.",4.1,0,0.0,"Little to Litton Das, no run  .Bowls a hard length that slants away, Litton fishes at that but gets beaten.",Little,Litton Das,0.0,0,0,1,1,0.0,0,,0
"4.2 
4 
Little to Litton Das, FOUR runs 
Wasn't in control but Litton gets the boundary. Short and in line of the stumps. It climbs 
more but Litton swivels and pulls well enough to clear midwicket. 
That shot probably damaged Litton's bat and he has a change of willow now.",4.2,4,4.0,"Little to Litton Das, FOUR runs  .Wasn't in control but Litton gets the boundary. Short and in line of the stumps. It climbs  .more but Litton swivels and pulls well enough to clear midwicket.  .That shot probably damaged Litton's bat and he has a change of willow now.",Little,Litton Das,4.0,1,0,1,1,4.0,0,,1
"4.3 
1 
Little to Litton Das, 1 run 
Short again, angling away, slaps away through covers. Didn't time it too well and gets 
just one.",4.3,1,1.0,"Little to Litton Das, 1 run  .Short again, angling away, slaps away through covers. Didn't time it too well and gets  .just one.",Little,Litton Das,1.0,0,0,1,1,1.0,0,,1
"4.4 
• 
Little to Shanto, no run 
Short around off, pulled on the bounce to midwicket.",4.4,0,0.0,"Little to Shanto, no run  .Short around off, pulled on the bounce to midwicket.",Little,Shanto,0.0,0,0,1,1,0.0,0,,0
"4.5 
• 
Little to Shanto, no run 
Fuller around off, defends towards cover-point.",4.5,0,0.0,"Little to Shanto, no run  .Fuller around off, defends towards cover-point.",Little,Shanto,0.0,0,0,1,1,0.0,0,,0
"4.6 
1 
Little to Shanto, 1 run 
Shortish and angling in to him, he taps it to the on side and gets to the other end. 
end of over 56 runs  
BAN: 15/1CRR: 3.00 • RRR: 7.65 • Need 306 runs from 40 overs 
Najmul Hossain Shanto1 (6b) 
Litton Das7 (11b 1x4) 
Josh Little 3-0-9-0 
Mark Adair 2-1-6-1",4.6,1,1.0,"Little to Shanto, 1 run  .Shortish and angling in to him, he taps it to the on side and gets to the other end.",Little,Shanto,1.0,0,0,1,1,1.0,0,,1
"5.1 
• 
Adair to Shanto, no run 
Fullish and angling away, cut to backward point where Tector leaps and fields. 
What should Bangladesh's approach be? 
950 votes 
Attack, attack, atttack! 
Start steady and attack later",5.1,0,0.0,"Adair to Shanto, no run  .Fullish and angling away, cut to backward point where Tector leaps and fields.  .What should Bangladesh's approach be?  .950 votes  .Attack, attack, atttack!  .Start steady and attack later",Adair,Shanto,0.0,0,0,1,1,0.0,0,,0
"5.2 
4 
Adair to Shanto, FOUR runs 
Use of the feet and he gets the desired result. Slinks down the track to convert the 
length ball into a full one, and hits it over mid-on.",5.2,4,4.0,"Adair to Shanto, FOUR runs  .Use of the feet and he gets the desired result. Slinks down the track to convert the  .length ball into a full one, and hits it over mid-on.",Adair,Shanto,4.0,1,0,1,1,4.0,0,,1
"5.3 
1w 
Adair to Shanto, 1 wide 
Angles it away on a length, he has a swish but misses. Wide called.",5.3,1w,1.0,"Adair to Shanto, 1 wide  .Angles it away on a length, he has a swish but misses. Wide called.",Adair,Shanto,0.0,0,0,0,0,1.0,0,,1
"5.3 
• 
Adair to Shanto, no run 
Full on middle and leg, almost gets into a tangle as he defends it to mid-on.",5.3,0,0.0,"Adair to Shanto, no run  .Full on middle and leg, almost gets into a tangle as he defends it to mid-on.",Adair,Shanto,0.0,0,0,1,1,0.0,0,,0
"5.4 
4 
Adair to Shanto, FOUR runs 
Stand and deliver! Length ball leaving him outside off, Shanto gets on his toes, frees his 
arms to thrash it through cover. 
Around the stumps",5.4,4,4.0,"Adair to Shanto, FOUR runs  .Stand and deliver! Length ball leaving him outside off, Shanto gets on his toes, frees his  .arms to thrash it through cover.  .Around the stumps",Adair,Shanto,4.0,1,0,1,1,4.0,0,,1
"5.5 
1w 
Adair to Shanto, 1 wide 
Bowls it on a length and down leg, he misses the flick.",5.5,1w,1.0,"Adair to Shanto, 1 wide  .Bowls it on a length and down leg, he misses the flick.",Adair,Shanto,0.0,0,0,0,0,1.0,0,,1
"5.5 
• 
Adair to Shanto, no run 
Length ball on the pads, worked away to square leg.",5.5,0,0.0,"Adair to Shanto, no run  .Length ball on the pads, worked away to square leg.",Adair,Shanto,0.0,0,0,1,1,0.0,0,,0
"5.6 
• 
Adair to Shanto, no run 
Angles it on off from wide of the crease, Shanto hops and keeps it out towards 
midwicket. 
end of over 610 runs  
BAN: 25/1CRR: 4.16 • RRR: 7.58 • Need 296 runs from 39 overs 
Najmul Hossain Shanto9 (12b 2x4) 
Litton Das7 (11b 1x4) 
Mark Adair 3-1-16-1 
Josh Little 3-0-9-0",5.6,0,0.0,"Adair to Shanto, no run  .Angles it on off from wide of the crease, Shanto hops and keeps it out towards  .midwicket.",Adair,Shanto,0.0,0,0,1,1,0.0,0,,0
"6.1 
4 
Little to Litton Das, FOUR runs 
Cracked away off the back foot! Little angles this away on a length, Litton goes deep in 
his crease and punches it square of the wicket. Tector dives to his right at backward 
point, gets a hand but fails to stop the boundary.",6.1,4,4.0,"Little to Litton Das, FOUR runs  .Cracked away off the back foot! Little angles this away on a length, Litton goes deep in  .his crease and punches it square of the wicket. Tector dives to his right at backward  .point, gets a hand but fails to stop the boundary.",Little,Litton Das,4.0,1,0,1,1,4.0,0,,1
"6.2 
6 
Little to Litton Das, SIX runs 
Litton has well and truly arrived! Back of a length on the stumps, he quickly transfers his 
weight back and heaves it well over deep midwicket. This time he was down the track 
as well. Another ball, please!",6.2,6,6.0,"Little to Litton Das, SIX runs  .Litton has well and truly arrived! Back of a length on the stumps, he quickly transfers his  .weight back and heaves it well over deep midwicket. This time he was down the track  .as well. Another ball, please!",Little,Litton Das,6.0,0,1,1,1,6.0,0,,1
"6.3 
• 
Little to Litton Das, no run 
Length ball at 141 kph, in line of the stumps. Litton comes down but defends it back.",6.3,0,0.0,"Little to Litton Das, no run  .Length ball at 141 kph, in line of the stumps. Litton comes down but defends it back.",Little,Litton Das,0.0,0,0,1,1,0.0,0,,0
"6.4 
• 
Little to Litton Das, no run 
Full and outside off, he comes forward and drives it to cover.",6.4,0,0.0,"Little to Litton Das, no run  .Full and outside off, he comes forward and drives it to cover.",Little,Litton Das,0.0,0,0,1,1,0.0,0,,0
"6.5 
1 
Little to Litton Das, 1 run 
On middle and leg on a length, he tucks it behind square on the leg side for one.",6.5,1,1.0,"Little to Litton Das, 1 run  .On middle and leg on a length, he tucks it behind square on the leg side for one.",Little,Litton Das,1.0,0,0,1,1,1.0,0,,1
"6.6 
• 
Little to Shanto, no run 
Fullish around off, defends it back to the bowler. 
end of over 711 runs  
BAN: 36/1CRR: 5.14 • RRR: 7.50 • Need 285 runs from 38 overs 
Najmul Hossain Shanto9 (13b 2x4) 
Litton Das18 (16b 2x4 1x6) 
Josh Little 4-0-20-0 
Mark Adair 3-1-16-1 
Time for a change in the attack. Graham Hume is brought on now, replacing Adair. Two 
slips in, over the wicket.",6.6,0,0.0,"Little to Shanto, no run  .Fullish around off, defends it back to the bowler.",Little,Shanto,0.0,0,0,1,1,0.0,0,,0
"7.1 
1 
Hume to Litton Das, 1 run 
Starts with a full ball around off and middle, Litton pushes it towards mid-on with soft 
hands.",7.1,1,1.0,"Hume to Litton Das, 1 run  .Starts with a full ball around off and middle, Litton pushes it towards mid-on with soft  .hands.",Hume,Litton Das,1.0,0,0,1,1,1.0,0,,1
"7.2 
• 
Hume to Shanto, no run 
Length ball around middle, Shanto slinks down to heave it away but gets an inside edge 
and the ball rolls to the on side next to the pitch.",7.2,0,0.0,"Hume to Shanto, no run  .Length ball around middle, Shanto slinks down to heave it away but gets an inside edge  .and the ball rolls to the on side next to the pitch.",Hume,Shanto,0.0,0,0,1,1,0.0,0,,0
"7.3 
• 
Hume to Shanto, no run 
Full and outside off, he goes for the drive but gets an inside edge onto his pads.",7.3,0,0.0,"Hume to Shanto, no run  .Full and outside off, he goes for the drive but gets an inside edge onto his pads.",Hume,Shanto,0.0,0,0,1,1,0.0,0,,0
"7.4 
• 
Hume to Shanto, no run 
This one is pushed towards midwicket.",7.4,0,0.0,"Hume to Shanto, no run  .This one is pushed towards midwicket.",Hume,Shanto,0.0,0,0,1,1,0.0,0,,0
"7.5 
• 
Hume to Shanto, no run 
Again on a length, keeps it out towards square leg.",7.5,0,0.0,"Hume to Shanto, no run  .Again on a length, keeps it out towards square leg.",Hume,Shanto,0.0,0,0,1,1,0.0,0,,0
"7.6 
• 
Hume to Shanto, no run 
Huge appeal for caught behind. Only the bowler and the wicketkeeper are on. Balbirnie 
at first slip doesn't think so and there is non further discussion about the review. Angled 
away on a length, he pushes at it away from the body. Nothing on Ultra Edge either. 
end of over 81 run  
BAN: 37/1CRR: 4.62 • RRR: 7.67 • Need 284 runs from 37 overs 
Najmul Hossain Shanto9 (18b 2x4) 
Litton Das19 (17b 2x4 1x6) 
Graham Hume 1-0-1-0 
Josh Little 4-0-20-0 
Change of ends for Adair.",7.6,0,0.0,"Hume to Shanto, no run  .Huge appeal for caught behind. Only the bowler and the wicketkeeper are on. Balbirnie  .at first slip doesn't think so and there is non further discussion about the review. Angled  .away on a length, he pushes at it away from the body. Nothing on Ultra Edge either.",Hume,Shanto,0.0,0,0,1,1,0.0,0,,0
"8.1 
• 
Adair to Litton Das, no run 
Fuller on middle and leg, drives it to mid-on.",8.1,0,0.0,"Adair to Litton Das, no run  .Fuller on middle and leg, drives it to mid-on.",Adair,Litton Das,0.0,0,0,1,1,0.0,0,,0
"8.2 
1 
Adair to Litton Das, 1 run 
Full and outside off, push-drives it wide of mid-off and scampers through.",8.2,1,1.0,"Adair to Litton Das, 1 run  .Full and outside off, push-drives it wide of mid-off and scampers through.",Adair,Litton Das,1.0,0,0,1,1,1.0,0,,1
"8.3 
1 
Adair to Shanto, 1 run 
Shortish ball, worked away to square leg for one.",8.3,1,1.0,"Adair to Shanto, 1 run  .Shortish ball, worked away to square leg for one.",Adair,Shanto,1.0,0,0,1,1,1.0,0,,1
"8.4 
1 
Adair to Litton Das, 1 run 
Fuller on middle and leg, worked awya to midwicket for one.",8.4,1,1.0,"Adair to Litton Das, 1 run  .Fuller on middle and leg, worked awya to midwicket for one.",Adair,Litton Das,1.0,0,0,1,1,1.0,0,,1
"8.5 
• 
Adair to Shanto, no run 
He misses the flick and gets rapped on the pads.",8.5,0,0.0,"Adair to Shanto, no run  .He misses the flick and gets rapped on the pads.",Adair,Shanto,0.0,0,0,1,1,0.0,0,,0
"8.6 
• 
Adair to Shanto, no run 
Full on middle and leg, defended to the on side. 
Powerplay done, and so is my stint. Time for Ekanth to have a go for a while now. 
 
Thanks, Suds 
end of over 93 runs  
BAN: 40/1CRR: 4.44 • RRR: 7.80 • Need 281 runs from 36 overs 
Najmul Hossain Shanto10 (21b 2x4) 
Litton Das21 (20b 2x4 1x6) 
Mark Adair 4-1-19-1 
Graham Hume 1-0-1-0",8.6,0,0.0,"Adair to Shanto, no run  .Full on middle and leg, defended to the on side.  .Powerplay done, and so is my stint. Time for Ekanth to have a go for a while now.  .  .Thanks, Suds",Adair,Shanto,0.0,0,0,1,1,0.0,0,,0
"9.1 
W 
Hume to Litton Das, OUT 
Litton is nicked off trying to play the cover drive. Hume bowled in the in-between length 
around sixth stump, Litton took a small stride across and focused on holding his shape 
and punching the ball through but driving the on the up turned out to be expensive. 
Outside edge was found, easy catch for Tucker. Hume was over the moon, Litton was 
frozen for a while before making his way back. 
Litton Das c †Tucker b Hume 21 (21b 2x4 1x6 45m) SR: 100 
See all photos 
Two slips",9.1,W,0.0,"Hume to Litton Das, OUT  .Litton is nicked off trying to play the cover drive. Hume bowled in the in-between length  .around sixth stump, Litton took a small stride across and focused on holding his shape  .and punching the ball through but driving the on the up turned out to be expensive.  .Outside edge was found, easy catch for Tucker. Hume was over the moon, Litton was  .frozen for a while before making his way back.  .Litton Das c †Tucker b Hume 21 (21b 2x4 1x6 45m) SR: 100",Hume,Litton Das,0.0,0,0,1,1,0.0,1,c †Tucker b Hume,0
"9.2 
1w 
Hume to Shakib, 1 wide 
Wide outside off but Shakib chases first ball, he reached out and tried to slap it square. 
Beaten",9.2,1w,1.0,"Hume to Shakib, 1 wide  .Wide outside off but Shakib chases first ball, he reached out and tried to slap it square.  .Beaten",Hume,Shakib,0.0,0,0,0,0,1.0,0,,1
"9.2 
• 
Hume to Shakib, no run 
Takes a step or two in front and nurdles the length ball towards midwicket",9.2,0,0.0,"Hume to Shakib, no run  .Takes a step or two in front and nurdles the length ball towards midwicket",Hume,Shakib,0.0,0,0,1,1,0.0,0,,0
"9.3 
• 
Hume to Shakib, no run 
Length around off at 122kph, blocked to the bowler 
rahman: ""Go away Ekanth! you're bad luck for bd :'( (just kidding btw)"" :p",9.3,0,0.0,"Hume to Shakib, no run  .Length around off at 122kph, blocked to the bowler",Hume,Shakib,0.0,0,0,1,1,0.0,0,,0
"9.4 
• 
Hume to Shakib, no run 
Fullish ball outside off, pushed to cover",9.4,0,0.0,"Hume to Shakib, no run  .Fullish ball outside off, pushed to cover",Hume,Shakib,0.0,0,0,1,1,0.0,0,,0
"9.5 
4 
Hume to Shakib, FOUR runs 
Pitched up, width offered and Shakib latches onto a powerful cover drive. A 123kph ball 
did not challenge Shakib, he thrashed it along the ground",9.5,4,4.0,"Hume to Shakib, FOUR runs  .Pitched up, width offered and Shakib latches onto a powerful cover drive. A 123kph ball  .did not challenge Shakib, he thrashed it along the ground",Hume,Shakib,4.0,1,0,1,1,4.0,0,,1
"9.6 
1w 
Hume to Shakib, 1 wide 
Shapes in but goes down leg. Landed around a length and beat the attempted flick",9.6,1w,1.0,"Hume to Shakib, 1 wide  .Shapes in but goes down leg. Landed around a length and beat the attempted flick",Hume,Shakib,0.0,0,0,0,0,1.0,0,,1
"9.6 
• 
Hume to Shakib, no run 
Shakib takes a step across and Hume aims for middle and leg, ball beats the flick and 
hits the pad. Goes to the leg side. 
end of over 106 runs • 1 wicket 
BAN: 46/2CRR: 4.60 • RRR: 7.85 • Need 275 runs from 35 overs 
Shakib Al Hasan4 (5b 1x4) 
Najmul Hossain Shanto10 (21b 2x4) 
Graham Hume 2-0-7-1 
Mark Adair 4-1-19-1 
Two slips",9.6,0,0.0,"Hume to Shakib, no run  .Shakib takes a step across and Hume aims for middle and leg, ball beats the flick and  .hits the pad. Goes to the leg side.",Hume,Shakib,0.0,0,0,1,1,0.0,0,,0
"10.1 
1 
Adair to Shanto, 1 run 
Length outside off, the 130kph ball is steered to deep third",10.1,1,1.0,"Adair to Shanto, 1 run  .Length outside off, the 130kph ball is steered to deep third",Adair,Shanto,1.0,0,0,1,1,1.0,0,,1
"10.2 
• 
Adair to Shakib, no run 
Into the pitch just outside off, worked back to the bowler with a horizontal-bat shot",10.2,0,0.0,"Adair to Shakib, no run  .Into the pitch just outside off, worked back to the bowler with a horizontal-bat shot",Adair,Shakib,0.0,0,0,1,1,0.0,0,,0
"10.3 
• 
Adair to Shakib, no run 
Pitched up on off at 126kph, defended towards cover 
Vinod Rajpal: ""Stay there Eknath.... would love to see Ireland WIN !""",10.3,0,0.0,"Adair to Shakib, no run  .Pitched up on off at 126kph, defended towards cover",Adair,Shakib,0.0,0,0,1,1,0.0,0,,0
"10.4 
• 
Adair to Shakib, no run 
Dug in, the angle away beats Shakib's pull. Landed around fourth stump and came 
around head-height, Shakib swivelled completely as he went through the shot",10.4,0,0.0,"Adair to Shakib, no run  .Dug in, the angle away beats Shakib's pull. Landed around fourth stump and came  .around head-height, Shakib swivelled completely as he went through the shot",Adair,Shakib,0.0,0,0,1,1,0.0,0,,0
"10.5 
• 
Adair to Shakib, no run 
Almost finds the outside edge. Length just outside off, Shakib took a step down to 
negate the movement but it went away with the angle nonetheless and beat the full-
faced defence",10.5,0,0.0,"Adair to Shakib, no run  .Almost finds the outside edge. Length just outside off, Shakib took a step down to  .negate the movement but it went away with the angle nonetheless and beat the full- .faced defence",Adair,Shakib,0.0,0,0,1,1,0.0,0,,0
"10.6 
4 
Adair to Shakib, FOUR runs 
Shortish ball rises to around neck-height but Shakib is able to rock back and pull the 
130kph ball into the ground and get it in the gap along square leg. Adair's troubling 
Shakib while pitching up or bowling length but the batter's latching onto short stuff. Very 
Test-y contest 
Abhi: ""Shakib key for BD, If Ireland get Shakib, I think it's their game to lose then"" 
end of over 115 runs  
BAN: 51/2CRR: 4.63 • RRR: 7.94 • Need 270 runs from 34 overs 
Shakib Al Hasan8 (10b 2x4) 
Najmul Hossain Shanto11 (22b 2x4) 
Mark Adair 5-1-24-1 
Graham Hume 2-0-7-1 
McBrine comes on",10.6,4,4.0,"Adair to Shakib, FOUR runs  .Shortish ball rises to around neck-height but Shakib is able to rock back and pull the  .130kph ball into the ground and get it in the gap along square leg. Adair's troubling  .Shakib while pitching up or bowling length but the batter's latching onto short stuff. Very  .Test-y contest",Adair,Shakib,4.0,1,0,1,1,4.0,0,,1
"11.1 
1 
McBrine to Shanto, 1 run 
Backs away and drives the overpitched ball around leg to long-off 
Slip in",11.1,1,1.0,"McBrine to Shanto, 1 run  .Backs away and drives the overpitched ball around leg to long-off  .Slip in",McBrine,Shanto,1.0,0,0,1,1,1.0,0,,1
"11.2 
1 
McBrine to Shakib, 1 run 
Nudges a length ball behind square and calls early for the single",11.2,1,1.0,"McBrine to Shakib, 1 run  .Nudges a length ball behind square and calls early for the single",McBrine,Shakib,1.0,0,0,1,1,1.0,0,,1
"11.3 
1 
McBrine to Shanto, 1 run 
Length ball spins in from around the wicket at 85kph, flicked to deep-backward square",11.3,1,1.0,"McBrine to Shanto, 1 run  .Length ball spins in from around the wicket at 85kph, flicked to deep-backward square",McBrine,Shanto,1.0,0,0,1,1,1.0,0,,1
"11.4 
1 
McBrine to Shakib, 1 run 
Length outside off at 91kph, driven to the right of cover. Tector there dives almost over 
it and can't stop it",11.4,1,1.0,"McBrine to Shakib, 1 run  .Length outside off at 91kph, driven to the right of cover. Tector there dives almost over  .it and can't stop it",McBrine,Shakib,1.0,0,0,1,1,1.0,0,,1
"11.5 
• 
McBrine to Shanto, no run 
Punches the length ball from outside off to midwicket",11.5,0,0.0,"McBrine to Shanto, no run  .Punches the length ball from outside off to midwicket",McBrine,Shanto,0.0,0,0,1,1,0.0,0,,0
"11.6 
• 
McBrine to Shanto, no run 
Length ball spins into leg stump, Shanto might have inside edged the flick onto pad. 
Whether he did or not, the lbw appeal was stifled 
Sajid: ""RRR is around 8. BD players have to keep up with the rate otherwise the game is 
over before you know!"" 
end of over 124 runs  
BAN: 55/2CRR: 4.58 • RRR: 8.06 • Need 266 runs from 33 overs 
Najmul Hossain Shanto13 (26b 2x4) 
Shakib Al Hasan10 (12b 2x4) 
Andy McBrine 1-0-4-0 
Mark Adair 5-1-24-1",11.6,0,0.0,"McBrine to Shanto, no run  .Length ball spins into leg stump, Shanto might have inside edged the flick onto pad.  .Whether he did or not, the lbw appeal was stifled",McBrine,Shanto,0.0,0,0,1,1,0.0,0,,0
"12.1 
1 
Hume to Shakib, 1 run 
Length on off, Shakib gets the flick finer than he intended but is able to rotate strike. He 
seemed to have been a bit late in closing the bat face but played it gently",12.1,1,1.0,"Hume to Shakib, 1 run  .Length on off, Shakib gets the flick finer than he intended but is able to rotate strike. He  .seemed to have been a bit late in closing the bat face but played it gently",Hume,Shakib,1.0,0,0,1,1,1.0,0,,1
"12.2 
4 
Hume to Shanto, FOUR runs 
Unlike Shakib, Shanto is able to hit Hume off a full length. Shanto charged and slapped 
it from seventh stump to the right of the umpire, who swayed away to let it go",12.2,4,4.0,"Hume to Shanto, FOUR runs  .Unlike Shakib, Shanto is able to hit Hume off a full length. Shanto charged and slapped  .it from seventh stump to the right of the umpire, who swayed away to let it go",Hume,Shanto,4.0,1,0,1,1,4.0,0,,1
"12.3 
4 
Hume to Shanto, FOUR runs 
Now Shanto hits Hume off a shortish length, charges and pulls it from just outside off 
through the gap at deep square leg",12.3,4,4.0,"Hume to Shanto, FOUR runs  .Now Shanto hits Hume off a shortish length, charges and pulls it from just outside off  .through the gap at deep square leg",Hume,Shanto,4.0,1,0,1,1,4.0,0,,1
"12.4 
• 
Hume to Shanto, no run 
Length just outside off, flicked to square leg 
Shariar: ""How relaxed South African fans feeling right now?""",12.4,0,0.0,"Hume to Shanto, no run  .Length just outside off, flicked to square leg",Hume,Shanto,0.0,0,0,1,1,0.0,0,,0
"12.5 
1 
Hume to Shanto, 1 run 
Charges, Hume holds his length back. The 123kph ball is tucked off the hips to deep 
square leg",12.5,1,1.0,"Hume to Shanto, 1 run  .Charges, Hume holds his length back. The 123kph ball is tucked off the hips to deep  .square leg",Hume,Shanto,1.0,0,0,1,1,1.0,0,,1
"12.6 
1 
Hume to Shakib, 1 run 
Length just down leg, easy glance for Shakib to deep fine leg 
Drinks 
Sajid: ""@Shariar, Its also the proud and legacy! SA is a too bigger team to play Qualifier! 
I think they needed that dudgeon to be more careful about the ODIs! "" 
end of over 1311 runs  
BAN: 66/2CRR: 5.07 • RRR: 7.96 • Need 255 runs from 32 overs 
Shakib Al Hasan12 (14b 2x4) 
Najmul Hossain Shanto22 (30b 4x4) 
Graham Hume 3-0-18-1 
Andy McBrine 1-0-4-0",12.6,1,1.0,"Hume to Shakib, 1 run  .Length just down leg, easy glance for Shakib to deep fine leg  .Drinks",Hume,Shakib,1.0,0,0,1,1,1.0,0,,1
"13.1 
• 
McBrine to Shakib, no run 
Pushes a full back back to the bowler",13.1,0,0.0,"McBrine to Shakib, no run  .Pushes a full back back to the bowler",McBrine,Shakib,0.0,0,0,1,1,0.0,0,,0
"13.2 
1 
McBrine to Shakib, 1 run 
Length around off, clipped towards midwicket",13.2,1,1.0,"McBrine to Shakib, 1 run  .Length around off, clipped towards midwicket",McBrine,Shakib,1.0,0,0,1,1,1.0,0,,1
"13.3 
4 
McBrine to Shanto, FOUR runs 
Shovels the length ball down leg behind square, hard and along the turf for four",13.3,4,4.0,"McBrine to Shanto, FOUR runs  .Shovels the length ball down leg behind square, hard and along the turf for four",McBrine,Shanto,4.0,1,0,1,1,4.0,0,,1
"13.4 
• 
McBrine to Shanto, no run 
Nudges the fullish ball to the leg side 
Sajid: ""Hume reminds me of Syed Rasel of Bangladesh! """,13.4,0,0.0,"McBrine to Shanto, no run  .Nudges the fullish ball to the leg side",McBrine,Shanto,0.0,0,0,1,1,0.0,0,,0
"13.5 
1 
McBrine to Shanto, 1 run 
Shanto rocks back and tries to pull it over square leg, gets a top edge and it doesn't 
carry to the deep",13.5,1,1.0,"McBrine to Shanto, 1 run  .Shanto rocks back and tries to pull it over square leg, gets a top edge and it doesn't  .carry to the deep",McBrine,Shanto,1.0,0,0,1,1,1.0,0,,1
"13.6 
• 
McBrine to Shakib, no run 
Takes a couple of steps down and pushes it off a length to cover 
end of over 146 runs  
BAN: 72/2CRR: 5.14 • RRR: 8.03 • Need 249 runs from 31 overs 
Shakib Al Hasan13 (17b 2x4) 
Najmul Hossain Shanto27 (33b 5x4) 
Andy McBrine 2-0-10-0 
Graham Hume 3-0-18-1",13.6,0,0.0,"McBrine to Shakib, no run  .Takes a couple of steps down and pushes it off a length to cover",McBrine,Shakib,0.0,0,0,1,1,0.0,0,,0
"14.1 
• 
Hume to Shanto, no run 
Length around off, flicked to midwicket",14.1,0,0.0,"Hume to Shanto, no run  .Length around off, flicked to midwicket",Hume,Shanto,0.0,0,0,1,1,0.0,0,,0
"14.2 
4 
Hume to Shanto, FOUR runs 
Pulls the shortish ball that doesn't rise by crouching, swivels and turns 90 degrees as he 
helps it along the ground, behind square",14.2,4,4.0,"Hume to Shanto, FOUR runs  .Pulls the shortish ball that doesn't rise by crouching, swivels and turns 90 degrees as he  .helps it along the ground, behind square",Hume,Shanto,4.0,1,0,1,1,4.0,0,,1
"14.3 
6 
Hume to Shanto, SIX runs 
Clubbed over wide long-on for a massive six. He charged and hit it off a length, clean 
swing, hit it on the move. Absolutely bashed it. Crowd is noisy again",14.3,6,6.0,"Hume to Shanto, SIX runs  .Clubbed over wide long-on for a massive six. He charged and hit it off a length, clean  .swing, hit it on the move. Absolutely bashed it. Crowd is noisy again",Hume,Shanto,6.0,0,1,1,1,6.0,0,,1
"14.4 
2 
Hume to Shanto, 2 runs 
Length ball is clipped behind square, Shanto calls for two and pushes, they're able to 
make it 
Crowd cheer as bowler runs up",14.4,2,2.0,"Hume to Shanto, 2 runs  .Length ball is clipped behind square, Shanto calls for two and pushes, they're able to  .make it  .Crowd cheer as bowler runs up",Hume,Shanto,2.0,0,0,1,1,2.0,0,,1
"14.5 
1 
Hume to Shanto, 1 run 
Back of length at the hips. The 125kph ball is flicked to deep fine leg.",14.5,1,1.0,"Hume to Shanto, 1 run  .Back of length at the hips. The 125kph ball is flicked to deep fine leg.",Hume,Shanto,1.0,0,0,1,1,1.0,0,,1
"14.6 
1 
Hume to Shakib, 1 run 
Length outside off, dabbed to deep third 
Shanto has not just taken pressure off Shakib, who was troubled by Hume, but has also 
probably led to Hume potentially being taken out of the attack. He read the lengths 
better and was able to handle it better too, unlike Shakib, who was a bit tentative 
against Hume 
end of over 1514 runs  
BAN: 86/2CRR: 5.73 • RRR: 7.83 • Need 235 runs from 30 overs 
Shakib Al Hasan14 (18b 2x4) 
Najmul Hossain Shanto40 (38b 6x4 1x6) 
Graham Hume 4-0-32-1 
Andy McBrine 2-0-10-0 
Around",14.6,1,1.0,"Hume to Shakib, 1 run  .Length outside off, dabbed to deep third  .Shanto has not just taken pressure off Shakib, who was troubled by Hume, but has also  .probably led to Hume potentially being taken out of the attack. He read the lengths  .better and was able to handle it better too, unlike Shakib, who was a bit tentative  .against Hume",Hume,Shakib,1.0,0,0,1,1,1.0,0,,1
"15.1 
• 
McBrine to Shakib, no run 
Length outside off, chopped to point",15.1,0,0.0,"McBrine to Shakib, no run  .Length outside off, chopped to point",McBrine,Shakib,0.0,0,0,1,1,0.0,0,,0
"15.2 
• 
McBrine to Shakib, no run 
Length on middle and leg at 92kph, punched to cover",15.2,0,0.0,"McBrine to Shakib, no run  .Length on middle and leg at 92kph, punched to cover",McBrine,Shakib,0.0,0,0,1,1,0.0,0,,0
"15.3 
• 
McBrine to Shakib, no run 
Length just outside off, McBrine keeps it flat. Punched back to the bowler",15.3,0,0.0,"McBrine to Shakib, no run  .Length just outside off, McBrine keeps it flat. Punched back to the bowler",McBrine,Shakib,0.0,0,0,1,1,0.0,0,,0
"15.4 
4 
McBrine to Shakib, FOUR runs 
Shakib moves across, bends his upper body and tucks it off the back foot behind square 
leg. Fielder was in the ring and it went in the gap to the right. Fifty partnership up too",15.4,4,4.0,"McBrine to Shakib, FOUR runs  .Shakib moves across, bends his upper body and tucks it off the back foot behind square  .leg. Fielder was in the ring and it went in the gap to the right. Fifty partnership up too",McBrine,Shakib,4.0,1,0,1,1,4.0,0,,1
"15.5 
4 
McBrine to Shakib, FOUR runs 
Swept, deep square runs to the left and is beaten on the race. The crowd's cheer behind 
gets louder as the ball goes over the cushion. It was a full ball that was hit along the 
ground",15.5,4,4.0,"McBrine to Shakib, FOUR runs  .Swept, deep square runs to the left and is beaten on the race. The crowd's cheer behind  .gets louder as the ball goes over the cushion. It was a full ball that was hit along the  .ground",McBrine,Shakib,4.0,1,0,1,1,4.0,0,,1
"15.6 
4 
McBrine to Shakib, FOUR runs 
Shakib makes room and pumps the overpitched loopy ball over mid-off. Lands deep in 
the outfield and trickles past the ropes 
end of over 1612 runs  
BAN: 98/2CRR: 6.12 • RRR: 7.68 • Need 223 runs from 29 overs 
Shakib Al Hasan26 (24b 5x4) 
Najmul Hossain Shanto40 (38b 6x4 1x6) 
Andy McBrine 3-0-22-0 
Graham Hume 4-0-32-1 
Four fours and a six in the last two overs. Shakib's breaking through as well. Can 
Campher stem the flow?",15.6,4,4.0,"McBrine to Shakib, FOUR runs  .Shakib makes room and pumps the overpitched loopy ball over mid-off. Lands deep in  .the outfield and trickles past the ropes",McBrine,Shakib,4.0,1,0,1,1,4.0,0,,1
"16.1 
• 
Campher to Shanto, no run 
Length outside off at 130kph, blocked to cover",16.1,0,0.0,"Campher to Shanto, no run  .Length outside off at 130kph, blocked to cover",Campher,Shanto,0.0,0,0,1,1,0.0,0,,0
"16.2 
2 
Campher to Shanto, 2 runs 
Cutter on a fullish length over leg stump, flicked along the ground to the right of deep 
midwicket",16.2,2,2.0,"Campher to Shanto, 2 runs  .Cutter on a fullish length over leg stump, flicked along the ground to the right of deep  .midwicket",Campher,Shanto,2.0,0,0,1,1,2.0,0,,1
"16.3 
1 
Campher to Shanto, 1 run 
Short just outside off, pulled from shoulder-height off the middle of the bat to deep 
square leg",16.3,1,1.0,"Campher to Shanto, 1 run  .Short just outside off, pulled from shoulder-height off the middle of the bat to deep  .square leg",Campher,Shanto,1.0,0,0,1,1,1.0,0,,1
"16.4 
• 
Campher to Shakib, no run 
Extra bounce finds Shakib's gloves as he tries the cut shot. It was on a back of length 
just outside off, Shakib had to jump a bit to adjust there. Got the ball to point 
Faruq: ""Can't tell if this is Ireland's home or simply BD playing in Mirpur! Immense 
support! """,16.4,0,0.0,"Campher to Shakib, no run  .Extra bounce finds Shakib's gloves as he tries the cut shot. It was on a back of length  .just outside off, Shakib had to jump a bit to adjust there. Got the ball to point",Campher,Shakib,0.0,0,0,1,1,0.0,0,,0
"16.5 
• 
Campher to Shakib, no run 
Back of length around fifth stump, worked into the pitch in front",16.5,0,0.0,"Campher to Shakib, no run  .Back of length around fifth stump, worked into the pitch in front",Campher,Shakib,0.0,0,0,1,1,0.0,0,,0
"16.6 
W 
Campher to Shakib, OUT 
Softy! Chipped straight to point. Almost looked like Shakib giving catching practice. He 
stayed still, opened the face and tried to spoon it off the back foot. The bat went from 
low to high, so he wasn't trying to hit it along the ground. It popped up at an easy height 
for Dockrell to take, who went low to the left and took it over his right shoulder. Bonus 
wicket 
Shakib Al Hasan c Dockrell b Campher 26 (27b 5x4 0x6 35m) SR: 96.29 
end of over 173 runs • 1 wicket 
BAN: 101/3CRR: 5.94 • RRR: 7.85 • Need 220 runs from 28 overs 
Najmul Hossain Shanto43 (41b 6x4 1x6) 
Curtis Campher 1-0-3-1 
Andy McBrine 3-0-22-0 
Around",16.6,W,0.0,"Campher to Shakib, OUT  .Softy! Chipped straight to point. Almost looked like Shakib giving catching practice. He  .stayed still, opened the face and tried to spoon it off the back foot. The bat went from  .low to high, so he wasn't trying to hit it along the ground. It popped up at an easy height  .for Dockrell to take, who went low to the left and took it over his right shoulder. Bonus  .wicket  .Shakib Al Hasan c Dockrell b Campher 26 (27b 5x4 0x6 35m) SR: 96.29",Campher,Shakib,0.0,0,0,1,1,0.0,1,c Dockrell b Campher,0
"17.1 
1 
McBrine to Shanto, 1 run 
Length on middle at 93kph, punched to wide long-on",17.1,1,1.0,"McBrine to Shanto, 1 run  .Length on middle at 93kph, punched to wide long-on",McBrine,Shanto,1.0,0,0,1,1,1.0,0,,1
"17.2 
• 
McBrine to Towhid Hridoy, no run 
Hridoy tries to work the fullish ball away to long-on but closes the face a bit too early, 
goes off the outside-half towards mid-off",17.2,0,0.0,"McBrine to Towhid Hridoy, no run  .Hridoy tries to work the fullish ball away to long-on but closes the face a bit too early,  .goes off the outside-half towards mid-off",McBrine,Towhid Hridoy,0.0,0,0,1,1,0.0,0,,0
"17.3 
• 
McBrine to Towhid Hridoy, no run 
This time he works the fullish ball to the bowler's right",17.3,0,0.0,"McBrine to Towhid Hridoy, no run  .This time he works the fullish ball to the bowler's right",McBrine,Towhid Hridoy,0.0,0,0,1,1,0.0,0,,0
"17.4 
1 
McBrine to Towhid Hridoy, 1 run 
Slaps the quicker length ball to deep point",17.4,1,1.0,"McBrine to Towhid Hridoy, 1 run  .Slaps the quicker length ball to deep point",McBrine,Towhid Hridoy,1.0,0,0,1,1,1.0,0,,1
"17.5 
1 
McBrine to Shanto, 1 run 
Redirects the length ball just outside off to deep midwicket off the back foot",17.5,1,1.0,"McBrine to Shanto, 1 run  .Redirects the length ball just outside off to deep midwicket off the back foot",McBrine,Shanto,1.0,0,0,1,1,1.0,0,,1
"17.6 
1 
McBrine to Towhid Hridoy, 1 run 
Tossed up on a full length at 88kph, punched off the front foot to long-on 
end of over 184 runs  
BAN: 105/3CRR: 5.83 • RRR: 8.00 • Need 216 runs from 27 overs 
Towhid Hridoy2 (4b) 
Najmul Hossain Shanto45 (43b 6x4 1x6) 
Andy McBrine 4-0-26-0 
Curtis Campher 1-0-3-1 
Slip in. Over the wicket",17.6,1,1.0,"McBrine to Towhid Hridoy, 1 run  .Tossed up on a full length at 88kph, punched off the front foot to long-on",McBrine,Towhid Hridoy,1.0,0,0,1,1,1.0,0,,1
"18.1 
1 
Campher to Towhid Hridoy, 1 run 
Hridoy charges and, as Alan Wilkins calls it, canes the wide length ball to deep point. 
That sped off the bat and raced along the ground to the fielder",18.1,1,1.0,"Campher to Towhid Hridoy, 1 run  .Hridoy charges and, as Alan Wilkins calls it, canes the wide length ball to deep point.  .That sped off the bat and raced along the ground to the fielder",Campher,Towhid Hridoy,1.0,0,0,1,1,1.0,0,,1
"18.2 
1 
Campher to Shanto, 1 run 
Helps the length ball angling down to the pad to deep fine leg",18.2,1,1.0,"Campher to Shanto, 1 run  .Helps the length ball angling down to the pad to deep fine leg",Campher,Shanto,1.0,0,0,1,1,1.0,0,,1
"18.3 
1 
Campher to Towhid Hridoy, 1 run 
Hridoy goes for the big shot again, gets an outside edge this time. 
Shabbir: ""What is the temperature of the ground?"" Sodding cold!, says Andrew Miller. 
Officially 12 degrees but there's a wind and general dankness. A few players are 
covered in blankets",18.3,1,1.0,"Campher to Towhid Hridoy, 1 run  .Hridoy goes for the big shot again, gets an outside edge this time.",Campher,Towhid Hridoy,1.0,0,0,1,1,1.0,0,,1
"18.4 
1 
Campher to Shanto, 1 run 
Back of length at the stumps, whipped to deep midwicket",18.4,1,1.0,"Campher to Shanto, 1 run  .Back of length at the stumps, whipped to deep midwicket",Campher,Shanto,1.0,0,0,1,1,1.0,0,,1
"18.5 
4 
Campher to Towhid Hridoy, FOUR runs 
Back of length outside off, outside edge off the punchy open-faced back-foot drive goes 
over the gap to the right of slip",18.5,4,4.0,"Campher to Towhid Hridoy, FOUR runs  .Back of length outside off, outside edge off the punchy open-faced back-foot drive goes  .over the gap to the right of slip",Campher,Towhid Hridoy,4.0,1,0,1,1,4.0,0,,1
"18.6 
• 
Campher to Towhid Hridoy, no run 
Hridoy lets go of the length ball outside off 
end of over 198 runs  
BAN: 113/3CRR: 5.94 • RRR: 8.00 • Need 208 runs from 26 overs 
Towhid Hridoy8 (8b 1x4) 
Najmul Hossain Shanto47 (45b 6x4 1x6) 
Curtis Campher 2-0-11-1 
Andy McBrine 4-0-26-0 
Around",18.6,0,0.0,"Campher to Towhid Hridoy, no run  .Hridoy lets go of the length ball outside off",Campher,Towhid Hridoy,0.0,0,0,1,1,0.0,0,,0
"19.1 
1 
McBrine to Shanto, 1 run 
Length outside off at 91kph, punched to long-off",19.1,1,1.0,"McBrine to Shanto, 1 run  .Length outside off at 91kph, punched to long-off",McBrine,Shanto,1.0,0,0,1,1,1.0,0,,1
"19.2 
1 
McBrine to Towhid Hridoy, 1 run 
Length on leg, clipped to deep-backward square 
Shanto fixes his grip and puts his gloves back and takes guard",19.2,1,1.0,"McBrine to Towhid Hridoy, 1 run  .Length on leg, clipped to deep-backward square  .Shanto fixes his grip and puts his gloves back and takes guard",McBrine,Towhid Hridoy,1.0,0,0,1,1,1.0,0,,1
"19.3 
• 
McBrine to Shanto, no run 
Length just outside off, nudged to the left of the bowler",19.3,0,0.0,"McBrine to Shanto, no run  .Length just outside off, nudged to the left of the bowler",McBrine,Shanto,0.0,0,0,1,1,0.0,0,,0
"19.4 
1 
McBrine to Shanto, 1 run 
Flicks the length ball off the back foot to deep square leg",19.4,1,1.0,"McBrine to Shanto, 1 run  .Flicks the length ball off the back foot to deep square leg",McBrine,Shanto,1.0,0,0,1,1,1.0,0,,1
"19.5 
1 
McBrine to Towhid Hridoy, 1 run 
Length outside off, opens the face and pats it to point",19.5,1,1.0,"McBrine to Towhid Hridoy, 1 run  .Length outside off, opens the face and pats it to point",McBrine,Towhid Hridoy,1.0,0,0,1,1,1.0,0,,1
"19.6 
1 
McBrine to Shanto, 1 run 
Length at the stumps, punched to long-on to bring up fifty. Raises his bat, subdued 
celebrations. Crowd give a round of applause 
end of over 205 runs  
BAN: 118/3CRR: 5.90 • RRR: 8.12 • Need 203 runs from 25 overs 
Najmul Hossain Shanto50 (49b 6x4 1x6) 
Towhid Hridoy10 (10b 1x4) 
Andy McBrine 5-0-31-0 
Curtis Campher 2-0-11-1",19.6,1,1.0,"McBrine to Shanto, 1 run  .Length at the stumps, punched to long-on to bring up fifty. Raises his bat, subdued  .celebrations. Crowd give a round of applause",McBrine,Shanto,1.0,0,0,1,1,1.0,0,,1
"20.1 
1 
Campher to Shanto, 1 run 
Pulls the shortish ball in the air, deep square runs to the right. Goes on the bounce to 
him. Came from a back of length and went just outside off",20.1,1,1.0,"Campher to Shanto, 1 run  .Pulls the shortish ball in the air, deep square runs to the right. Goes on the bounce to  .him. Came from a back of length and went just outside off",Campher,Shanto,1.0,0,0,1,1,1.0,0,,1
"20.2 
2 
Campher to Towhid Hridoy, 2 runs 
Tector dives to the left and palms it in, but is his left hand in contact with the cushion 
and the ball at the same time? Third umpire is checking, he's close but the third ump 
says he can't see movement of the toblerone from front-on. What about from above and 
behind? None there either. Two it is. It was sliced away and Tector came in from deep 
point to the left",20.2,2,2.0,"Campher to Towhid Hridoy, 2 runs  .Tector dives to the left and palms it in, but is his left hand in contact with the cushion  .and the ball at the same time? Third umpire is checking, he's close but the third ump  .says he can't see movement of the toblerone from front-on. What about from above and  .behind? None there either. Two it is. It was sliced away and Tector came in from deep  .point to the left",Campher,Towhid Hridoy,2.0,0,0,1,1,2.0,0,,1
"20.3 
• 
Campher to Towhid Hridoy, no run 
Length outside off, opens the face and the ball goes off the sticker to point",20.3,0,0.0,"Campher to Towhid Hridoy, no run  .Length outside off, opens the face and the ball goes off the sticker to point",Campher,Towhid Hridoy,0.0,0,0,1,1,0.0,0,,0
"20.4 
2 
Campher to Towhid Hridoy, 2 runs 
Punched to cover, fielder charges from the deep as the batters try and push, fielder 
fumbles and they take two easily",20.4,2,2.0,"Campher to Towhid Hridoy, 2 runs  .Punched to cover, fielder charges from the deep as the batters try and push, fielder  .fumbles and they take two easily",Campher,Towhid Hridoy,2.0,0,0,1,1,2.0,0,,1
"20.5 
1 
Campher to Towhid Hridoy, 1 run 
Length on fourth stump at 128kph, punched to mid-on",20.5,1,1.0,"Campher to Towhid Hridoy, 1 run  .Length on fourth stump at 128kph, punched to mid-on",Campher,Towhid Hridoy,1.0,0,0,1,1,1.0,0,,1
"20.6 
2 
Campher to Shanto, 2 runs 
They push again for two, this time after Shanto flicks the back-of-length ball off his hips, 
towards fine leg. Fielder had to slide around the ball and palm it in, in the outfield, which 
allowed enough time 
end of over 218 runs  
BAN: 126/3CRR: 6.00 • RRR: 8.12 • Need 195 runs from 24 overs 
Najmul Hossain Shanto53 (51b 6x4 1x6) 
Towhid Hridoy15 (14b 1x4) 
Curtis Campher 3-0-19-1 
Andy McBrine 5-0-31-0 
McBrine from over the wicket",20.6,2,2.0,"Campher to Shanto, 2 runs  .They push again for two, this time after Shanto flicks the back-of-length ball off his hips,  .towards fine leg. Fielder had to slide around the ball and palm it in, in the outfield, which  .allowed enough time",Campher,Shanto,2.0,0,0,1,1,2.0,0,,1
"21.1 
1 
McBrine to Towhid Hridoy, 1 run 
Clips the length ball to deep square leg, the call to push can't be gone through as it went 
straight towards the fielder",21.1,1,1.0,"McBrine to Towhid Hridoy, 1 run  .Clips the length ball to deep square leg, the call to push can't be gone through as it went  .straight towards the fielder",McBrine,Towhid Hridoy,1.0,0,0,1,1,1.0,0,,1
"21.2 
4 
McBrine to Shanto, FOUR runs 
Low bullet, calls Allan Donald on air, over midwicket. That was a slog sweep that came 
off a cannon. It landed on a fullish length outside off. It was slow, Shanto sat across 
and muscled it. Fielder leapt but had no chance due to the speed 
Around",21.2,4,4.0,"McBrine to Shanto, FOUR runs  .Low bullet, calls Allan Donald on air, over midwicket. That was a slog sweep that came  .off a cannon. It landed on a fullish length outside off. It was slow, Shanto sat across  .and muscled it. Fielder leapt but had no chance due to the speed  .Around",McBrine,Shanto,4.0,1,0,1,1,4.0,0,,1
"21.3 
2 
McBrine to Shanto, 2 runs 
Goes across and works the length ball behind square",21.3,2,2.0,"McBrine to Shanto, 2 runs  .Goes across and works the length ball behind square",McBrine,Shanto,2.0,0,0,1,1,2.0,0,,1
"21.4 
• 
McBrine to Shanto, no run 
Length outside off, punched off the back foot to the left of the bowler",21.4,0,0.0,"McBrine to Shanto, no run  .Length outside off, punched off the back foot to the left of the bowler",McBrine,Shanto,0.0,0,0,1,1,0.0,0,,0
"21.5 
1 
McBrine to Shanto, 1 run 
Clips the length ball off the hip to deep square leg",21.5,1,1.0,"McBrine to Shanto, 1 run  .Clips the length ball off the hip to deep square leg",McBrine,Shanto,1.0,0,0,1,1,1.0,0,,1
"21.6 
1 
McBrine to Towhid Hridoy, 1 run 
Length on leg, clipped to long leg 
end of over 229 runs  
BAN: 135/3CRR: 6.13 • RRR: 8.08 • Need 186 runs from 23 overs 
Towhid Hridoy17 (16b 1x4) 
Najmul Hossain Shanto60 (55b 7x4 1x6) 
Andy McBrine 6-0-40-0 
Curtis Campher 3-0-19-1 
Little returns",21.6,1,1.0,"McBrine to Towhid Hridoy, 1 run  .Length on leg, clipped to long leg",McBrine,Towhid Hridoy,1.0,0,0,1,1,1.0,0,,1
"22.1 
• 
Little to Towhid Hridoy, no run 
Yorker around off, jammed into the ground towards mid-on",22.1,0,0.0,"Little to Towhid Hridoy, no run  .Yorker around off, jammed into the ground towards mid-on",Little,Towhid Hridoy,0.0,0,0,1,1,0.0,0,,0
"22.2 
1 
Little to Towhid Hridoy, 1 run 
Keeps a bit low and hits Hridoy on the pad. Did it pitch in line and was there a tickle? 
Balbirnie discusses with team-mates and time runs out for the review. Replay shows it 
was a length ball that beat the flick and might have gone too high.",22.2,1,1.0,"Little to Towhid Hridoy, 1 run  .Keeps a bit low and hits Hridoy on the pad. Did it pitch in line and was there a tickle?  .Balbirnie discusses with team-mates and time runs out for the review. Replay shows it  .was a length ball that beat the flick and might have gone too high.",Little,Towhid Hridoy,1.0,0,0,1,1,1.0,0,,1
"22.3 
4 
Little to Shanto, FOUR runs 
Down the pitch, Shanto pulls it across the line. Gets it to the left of deep midwicket. it's 
in the gap and Shanto's proactivity brings four",22.3,4,4.0,"Little to Shanto, FOUR runs  .Down the pitch, Shanto pulls it across the line. Gets it to the left of deep midwicket. it's  .in the gap and Shanto's proactivity brings four",Little,Shanto,4.0,1,0,1,1,4.0,0,,1
"22.4 
4 
Little to Shanto, FOUR runs 
And four more, this was into the pitch again. Shanto swivelled and helped it from middle 
stump. Went to the right of deep fine leg for four more 
Mamun: ""Shanto and Hridoy keep me awake after 22 Over, I am watching from 
Bangladesh. It is 11.45 PM here in my country.""",22.4,4,4.0,"Little to Shanto, FOUR runs  .And four more, this was into the pitch again. Shanto swivelled and helped it from middle  .stump. Went to the right of deep fine leg for four more",Little,Shanto,4.0,1,0,1,1,4.0,0,,1
"22.5 
• 
Little to Shanto, no run 
Length outside off at 133kph, defended to point",22.5,0,0.0,"Little to Shanto, no run  .Length outside off at 133kph, defended to point",Little,Shanto,0.0,0,0,1,1,0.0,0,,0
"22.6 
1 
Little to Shanto, 1 run 
Little misses the yorker, the low full-toss on middle and leg is flicked to deep square leg 
end of over 2310 runs  
BAN: 145/3CRR: 6.30 • RRR: 7.95 • Need 175 runs from 22 overs 
Najmul Hossain Shanto69 (59b 9x4 1x6) 
Towhid Hridoy18 (18b 1x4) 
Josh Little 5-0-30-0 
Andy McBrine 6-0-40-0",22.6,1,1.0,"Little to Shanto, 1 run  .Little misses the yorker, the low full-toss on middle and leg is flicked to deep square leg",Little,Shanto,1.0,0,0,1,1,1.0,0,,1
"23.1 
1 
McBrine to Shanto, 1 run 
Length on fourth stump, flicked to deep midwicket",23.1,1,1.0,"McBrine to Shanto, 1 run  .Length on fourth stump, flicked to deep midwicket",McBrine,Shanto,1.0,0,0,1,1,1.0,0,,1
"23.2 
1 
McBrine to Towhid Hridoy, 1 run 
RIses off a length and takes the outside edge. Hridoy checked his shot as he tried to 
block it straight and the ball went to point",23.2,1,1.0,"McBrine to Towhid Hridoy, 1 run  .RIses off a length and takes the outside edge. Hridoy checked his shot as he tried to  .block it straight and the ball went to point",McBrine,Towhid Hridoy,1.0,0,0,1,1,1.0,0,,1
"23.3 
1 
McBrine to Shanto, 1 run 
Turns it off a length to square leg",23.3,1,1.0,"McBrine to Shanto, 1 run  .Turns it off a length to square leg",McBrine,Shanto,1.0,0,0,1,1,1.0,0,,1
"23.4 
4 
McBrine to Towhid Hridoy, FOUR runs 
Slightly short and it sits up, Hridoy rises with the bounce and chops it in the gap at 
backward point 
David : ""This is where Ireland's lack of bowling depth comes back to bite us.""",23.4,4,4.0,"McBrine to Towhid Hridoy, FOUR runs  .Slightly short and it sits up, Hridoy rises with the bounce and chops it in the gap at  .backward point",McBrine,Towhid Hridoy,4.0,1,0,1,1,4.0,0,,1
"23.5 
1 
McBrine to Towhid Hridoy, 1 run 
Clipped to deep square leg off the pad. Push, push is the call but the fielder runs in and 
is quick on the throw",23.5,1,1.0,"McBrine to Towhid Hridoy, 1 run  .Clipped to deep square leg off the pad. Push, push is the call but the fielder runs in and  .is quick on the throw",McBrine,Towhid Hridoy,1.0,0,0,1,1,1.0,0,,1
"23.6 
1 
McBrine to Shanto, 1 run 
Flicks the length ball on off to deep midwicket 
Sanny: ""This game is anything but over...if Shanto can bat on for another 10 overs there 
is still Mushfiq to come..."" 
end of over 249 runs  
BAN: 154/3CRR: 6.41 • RRR: 7.90 • Need 166 runs from 21 overs 
Najmul Hossain Shanto72 (62b 9x4 1x6) 
Towhid Hridoy24 (21b 2x4) 
Andy McBrine 7-0-49-0 
Josh Little 5-0-30-0",23.6,1,1.0,"McBrine to Shanto, 1 run  .Flicks the length ball on off to deep midwicket",McBrine,Shanto,1.0,0,0,1,1,1.0,0,,1
"24.1 
6 
Little to Shanto, SIX runs 
Lofted on-drive, holds the pose with the hgh elbow. Was indeed picturesque. He walked 
towards the fullish ball and hit it through the line",24.1,6,6.0,"Little to Shanto, SIX runs  .Lofted on-drive, holds the pose with the hgh elbow. Was indeed picturesque. He walked  .towards the fullish ball and hit it through the line",Little,Shanto,6.0,0,1,1,1,6.0,0,,1
"24.2 
• 
Little to Shanto, no run 
Leading edge and the ball doesn't rise at all. Lands just outside the cut strip on the off 
side and goes towards the bowler. Back of length ball was angling in and Shanto tried to 
clip it, closed the face but did it gently",24.2,0,0.0,"Little to Shanto, no run  .Leading edge and the ball doesn't rise at all. Lands just outside the cut strip on the off  .side and goes towards the bowler. Back of length ball was angling in and Shanto tried to  .clip it, closed the face but did it gently",Little,Shanto,0.0,0,0,1,1,0.0,0,,0
"24.3 
1 
Little to Shanto, 1 run 
Helps the shortish ball with a pull to deep fine leg",24.3,1,1.0,"Little to Shanto, 1 run  .Helps the shortish ball with a pull to deep fine leg",Little,Shanto,1.0,0,0,1,1,1.0,0,,1
"24.4 
• 
Little to Towhid Hridoy, no run 
Back of length outside off, punched to cover point",24.4,0,0.0,"Little to Towhid Hridoy, no run  .Back of length outside off, punched to cover point",Little,Towhid Hridoy,0.0,0,0,1,1,0.0,0,,0
"24.5 
1lb 
Little to Towhid Hridoy, 1 leg bye 
Length on leg, beats the flick. Deflects off the pad behind square",24.5,1lb,1.0,"Little to Towhid Hridoy, 1 leg bye  .Length on leg, beats the flick. Deflects off the pad behind square",Little,Towhid Hridoy,0.0,0,0,1,1,0.0,0,,0
"24.6 
• 
Little to Shanto, no run 
Punches the length ball from outside off towards midwicket 
Mak: ""BD must not haste. Still plenty of game to be played. One collapse and Ire is back 
in the game"" 
end of over 258 runs  
BAN: 162/3CRR: 6.48 • RRR: 7.90 • Need 158 runs from 20 overs 
Najmul Hossain Shanto79 (66b 9x4 2x6) 
Towhid Hridoy24 (23b 2x4) 
Josh Little 6-0-37-0 
Andy McBrine 7-0-49-0 
Dockrell on. Allan Donald, on air, says Bangladesh are looking to win games like this 
specifically where they are in front, and that Shanto will like to stay in till the end.",24.6,0,0.0,"Little to Shanto, no run  .Punches the length ball from outside off towards midwicket",Little,Shanto,0.0,0,0,1,1,0.0,0,,0
"25.1 
• 
Dockrell to Towhid Hridoy, no run 
Enticed by flight, it's on a length and jumps up outside off. Hridoy tries to slash it over 
cover but is beaten all ends up",25.1,0,0.0,"Dockrell to Towhid Hridoy, no run  .Enticed by flight, it's on a length and jumps up outside off. Hridoy tries to slash it over  .cover but is beaten all ends up",Dockrell,Towhid Hridoy,0.0,0,0,1,1,0.0,0,,0
"25.2 
• 
Dockrell to Towhid Hridoy, no run 
Length outside off, patted to point",25.2,0,0.0,"Dockrell to Towhid Hridoy, no run  .Length outside off, patted to point",Dockrell,Towhid Hridoy,0.0,0,0,1,1,0.0,0,,0
"25.3 
4 
Dockrell to Towhid Hridoy, FOUR runs 
Too short, bit of width offered. Hridoy punches it through cover",25.3,4,4.0,"Dockrell to Towhid Hridoy, FOUR runs  .Too short, bit of width offered. Hridoy punches it through cover",Dockrell,Towhid Hridoy,4.0,1,0,1,1,4.0,0,,1
"25.4 
• 
Dockrell to Towhid Hridoy, no run 
Almost yorker length, Hridoy tries to drive through cover but jams it in front",25.4,0,0.0,"Dockrell to Towhid Hridoy, no run  .Almost yorker length, Hridoy tries to drive through cover but jams it in front",Dockrell,Towhid Hridoy,0.0,0,0,1,1,0.0,0,,0
"25.5 
1lb 
Dockrell to Towhid Hridoy, 1 leg bye 
Length down leg, Hridoy goes back and is beaten on the flick. Goes off the pad behind 
square",25.5,1lb,1.0,"Dockrell to Towhid Hridoy, 1 leg bye  .Length down leg, Hridoy goes back and is beaten on the flick. Goes off the pad behind  .square",Dockrell,Towhid Hridoy,0.0,0,0,1,1,0.0,0,,0
"25.6 
1 
Dockrell to Shanto, 1 run 
That was juicy slow with some shortness too. Shanto goes back and cuts the 88kph ball 
to deep point 
Asif Inzamam : ""Hridoy has struck only three fours and still scoring more than a ball. His 
ability to rotate strike makes him the middle order Bangladesh was searching for long "" 
end of over 266 runs  
BAN: 168/3CRR: 6.46 • RRR: 8.00 • Need 152 runs from 19 overs 
Najmul Hossain Shanto80 (67b 9x4 2x6) 
Towhid Hridoy28 (28b 3x4) 
George Dockrell 1-0-5-0 
Josh Little 6-0-37-0 
Adair from over the wicket",25.6,1,1.0,"Dockrell to Shanto, 1 run  .That was juicy slow with some shortness too. Shanto goes back and cuts the 88kph ball  .to deep point",Dockrell,Shanto,1.0,0,0,1,1,1.0,0,,1
"26.1 
4 
Adair to Shanto, FOUR runs 
Adair pitches up and goes on leg stump, picked up easily by Shanto. Chips it over 
midwicket and there's no one behind the in-fielder.",26.1,4,4.0,"Adair to Shanto, FOUR runs  .Adair pitches up and goes on leg stump, picked up easily by Shanto. Chips it over  .midwicket and there's no one behind the in-fielder.",Adair,Shanto,4.0,1,0,1,1,4.0,0,,1
"26.2 
1 
Adair to Shanto, 1 run 
Slow on leg stump, the length ball is nudged just behind square. Man from the deep 
runs in quickly to deny the second 
Mizan: ""Still it's a t20 match. BD should have miles to go..."" Yes, but they're also well 
ahead for now",26.2,1,1.0,"Adair to Shanto, 1 run  .Slow on leg stump, the length ball is nudged just behind square. Man from the deep  .runs in quickly to deny the second",Adair,Shanto,1.0,0,0,1,1,1.0,0,,1
"26.3 
• 
Adair to Towhid Hridoy, no run 
Fullish ball around off, nudged towards midwicket. Hridoy presses forward in 
anticipation for the single but the fielder is sharp as well.",26.3,0,0.0,"Adair to Towhid Hridoy, no run  .Fullish ball around off, nudged towards midwicket. Hridoy presses forward in  .anticipation for the single but the fielder is sharp as well.",Adair,Towhid Hridoy,0.0,0,0,1,1,0.0,0,,0
"26.4 
6 
Adair to Towhid Hridoy, SIX runs 
Slow and short, Hridoy was standing deep in the crease and mashed it over midwicket.",26.4,6,6.0,"Adair to Towhid Hridoy, SIX runs  .Slow and short, Hridoy was standing deep in the crease and mashed it over midwicket.",Adair,Towhid Hridoy,6.0,0,1,1,1,6.0,0,,1
"26.5 
• 
Adair to Towhid Hridoy, no run 
Hridoy lets it go and then practices a hard cut. Adair has a word as well, the batter 
smiles. Ball was short and wide",26.5,0,0.0,"Adair to Towhid Hridoy, no run  .Hridoy lets it go and then practices a hard cut. Adair has a word as well, the batter  .smiles. Ball was short and wide",Adair,Towhid Hridoy,0.0,0,0,1,1,0.0,0,,0
"26.6 
• 
Adair to Towhid Hridoy, no run 
Nudges the back of length ball to midwicket 
141 needed off 18 overs, asking rate is 7.8. Here's Suds to shepherd you through 
end of over 2711 runs  
BAN: 179/3CRR: 6.62 • RRR: 7.83 • Need 141 runs from 18 overs 
Towhid Hridoy34 (32b 3x4 1x6) 
Najmul Hossain Shanto85 (69b 10x4 2x6) 
Mark Adair 6-1-35-1 
George Dockrell 1-0-5-0",26.6,0,0.0,"Adair to Towhid Hridoy, no run  .Nudges the back of length ball to midwicket  .141 needed off 18 overs, asking rate is 7.8. Here's Suds to shepherd you through",Adair,Towhid Hridoy,0.0,0,0,1,1,0.0,0,,0
"27.1 
1 
Dockrell to Shanto, 1 run 
Shortish around off, goes back and slashes it through cover-point.",27.1,1,1.0,"Dockrell to Shanto, 1 run  .Shortish around off, goes back and slashes it through cover-point.",Dockrell,Shanto,1.0,0,0,1,1,1.0,0,,1
"27.2 
• 
Dockrell to Towhid Hridoy, no run 
Flights it above the eyeline and bowls it full around off, pushes it back to the bowler.",27.2,0,0.0,"Dockrell to Towhid Hridoy, no run  .Flights it above the eyeline and bowls it full around off, pushes it back to the bowler.",Dockrell,Towhid Hridoy,0.0,0,0,1,1,0.0,0,,0
"27.3 
• 
Dockrell to Towhid Hridoy, no run 
On a length this time, goes back and pushes it back. Dockrell gets into a tangle with he 
non-striker while trying it to field.",27.3,0,0.0,"Dockrell to Towhid Hridoy, no run  .On a length this time, goes back and pushes it back. Dockrell gets into a tangle with he  .non-striker while trying it to field.",Dockrell,Towhid Hridoy,0.0,0,0,1,1,0.0,0,,0
"27.4 
• 
Dockrell to Towhid Hridoy, no run 
Once again goes back and pushes it back to the bowler.",27.4,0,0.0,"Dockrell to Towhid Hridoy, no run  .Once again goes back and pushes it back to the bowler.",Dockrell,Towhid Hridoy,0.0,0,0,1,1,0.0,0,,0
"27.5 
1 
Dockrell to Towhid Hridoy, 1 run 
Now manages to play this through covers off the back foot to get off strike.",27.5,1,1.0,"Dockrell to Towhid Hridoy, 1 run  .Now manages to play this through covers off the back foot to get off strike.",Dockrell,Towhid Hridoy,1.0,0,0,1,1,1.0,0,,1
"27.6 
4 
Dockrell to Shanto, FOUR runs 
Hops away before the ball is bowled, manages to find the boundary. Dockrell bowled it 
quick into the surface on a length around middle and leg. Shanto quickly used the depth 
of the crease to pull and beat deep midwicket. 
end of over 286 runs  
BAN: 185/3CRR: 6.60 • RRR: 7.94 • Need 135 runs from 17 overs 
Najmul Hossain Shanto90 (71b 11x4 2x6) 
Towhid Hridoy35 (36b 3x4 1x6) 
George Dockrell 2-0-11-0 
Mark Adair 6-1-35-1",27.6,4,4.0,"Dockrell to Shanto, FOUR runs  .Hops away before the ball is bowled, manages to find the boundary. Dockrell bowled it  .quick into the surface on a length around middle and leg. Shanto quickly used the depth  .of the crease to pull and beat deep midwicket.",Dockrell,Shanto,4.0,1,0,1,1,4.0,0,,1
"28.1 
• 
Adair to Towhid Hridoy, no run 
Charges down early, Adair bowls it on a length outside off. Hridoy has an ungainly heave 
but misses. Adair has some words to say to the batter.",28.1,0,0.0,"Adair to Towhid Hridoy, no run  .Charges down early, Adair bowls it on a length outside off. Hridoy has an ungainly heave  .but misses. Adair has some words to say to the batter.",Adair,Towhid Hridoy,0.0,0,0,1,1,0.0,0,,0
"28.2 
• 
Adair to Towhid Hridoy, no run 
Length ball aimed at the top of off, gets his bat down hurriedly to play it towards 
midwicket.",28.2,0,0.0,"Adair to Towhid Hridoy, no run  .Length ball aimed at the top of off, gets his bat down hurriedly to play it towards  .midwicket.",Adair,Towhid Hridoy,0.0,0,0,1,1,0.0,0,,0
"28.3 
1 
Adair to Towhid Hridoy, 1 run 
Short around off and middle, pulled away through backward square leg. The fielder in 
the deep gets to his right, dives and keeps it to one.",28.3,1,1.0,"Adair to Towhid Hridoy, 1 run  .Short around off and middle, pulled away through backward square leg. The fielder in  .the deep gets to his right, dives and keeps it to one.",Adair,Towhid Hridoy,1.0,0,0,1,1,1.0,0,,1
"28.4 
1 
Adair to Shanto, 1 run 
Slower one outside leg, he works it away through midwicket.",28.4,1,1.0,"Adair to Shanto, 1 run  .Slower one outside leg, he works it away through midwicket.",Adair,Shanto,1.0,0,0,1,1,1.0,0,,1
"28.5 
• 
Adair to Towhid Hridoy, no run 
Back of a length outside off, he arches back and chops it to backward point.",28.5,0,0.0,"Adair to Towhid Hridoy, no run  .Back of a length outside off, he arches back and chops it to backward point.",Adair,Towhid Hridoy,0.0,0,0,1,1,0.0,0,,0
"28.6 
1 
Adair to Towhid Hridoy, 1 run 
Short and angling down leg, he hops and pulls it to fine leg, who is square. 
Drinks are on the field now. 
If a wicket falls, which of these batters is likely to be dismissed? 
1.8K votes 
Not Towhid Hridoy 
Not Najmul Hossain Shanto 
end of over 293 runs  
BAN: 188/3CRR: 6.48 • RRR: 8.25 • Need 132 runs from 96b 
Towhid Hridoy37 (41b 3x4 1x6) 
Najmul Hossain Shanto91 (72b 11x4 2x6) 
Mark Adair 7-1-38-1 
George Dockrell 2-0-11-0 
132 off 96. Gettable. Dockrell continues.",28.6,1,1.0,"Adair to Towhid Hridoy, 1 run  .Short and angling down leg, he hops and pulls it to fine leg, who is square.  .Drinks are on the field now.  .If a wicket falls, which of these batters is likely to be dismissed?  .1.8K votes  .Not Towhid Hridoy  .Not Najmul Hossain Shanto",Adair,Towhid Hridoy,1.0,0,0,1,1,1.0,0,,1
"29.1 
1 
Dockrell to Towhid Hridoy, 1 run 
Slower through the air, full outside off, pushes it towards covers with soft hands for a 
quick one.",29.1,1,1.0,"Dockrell to Towhid Hridoy, 1 run  .Slower through the air, full outside off, pushes it towards covers with soft hands for a  .quick one.",Dockrell,Towhid Hridoy,1.0,0,0,1,1,1.0,0,,1
"29.2 
1 
Dockrell to Shanto, 1 run 
On a length outside off, goes straight on, he goes back and punches it to long-on.",29.2,1,1.0,"Dockrell to Shanto, 1 run  .On a length outside off, goes straight on, he goes back and punches it to long-on.",Dockrell,Shanto,1.0,0,0,1,1,1.0,0,,1
"29.3 
1lb 
Dockrell to Towhid Hridoy, 1 leg bye 
Flighted but full on the pads. He misses the sweep and it goes off his pads towards 
short fine leg. A polite enquiry.",29.3,1lb,1.0,"Dockrell to Towhid Hridoy, 1 leg bye  .Flighted but full on the pads. He misses the sweep and it goes off his pads towards  .short fine leg. A polite enquiry.",Dockrell,Towhid Hridoy,0.0,0,0,1,1,0.0,0,,0
"29.4 
1 
Dockrell to Shanto, 1 run 
Shortish outside off, he goes back and cuts it through point.",29.4,1,1.0,"Dockrell to Shanto, 1 run  .Shortish outside off, he goes back and cuts it through point.",Dockrell,Shanto,1.0,0,0,1,1,1.0,0,,1
"29.5 
• 
Dockrell to Towhid Hridoy, no run 
Floated fuller on off, deadbats it back towards the bowler.",29.5,0,0.0,"Dockrell to Towhid Hridoy, no run  .Floated fuller on off, deadbats it back towards the bowler.",Dockrell,Towhid Hridoy,0.0,0,0,1,1,0.0,0,,0
"29.6 
2 
Dockrell to Towhid Hridoy, 2 runs 
Drops it on a length outside off, he goes back, cuts it through backward point for a 
brace. 
end of over 306 runs  
BAN: 194/3CRR: 6.46 • RRR: 8.40 • Need 126 runs from 90b 
Towhid Hridoy40 (45b 3x4 1x6) 
Najmul Hossain Shanto93 (74b 11x4 2x6) 
George Dockrell 3-0-16-0 
Mark Adair 7-1-38-1 
Nabil: ""Towhid is almost batting scared. Did not go after dockrells loopy deliveries 
refused a double in the last over. He needs to have an attacking mindset in this 
situation"" To be honest i think he has complemented Shanto quite well. 
Here's Hume. Over the wicket to Shanto.",29.6,2,2.0,"Dockrell to Towhid Hridoy, 2 runs  .Drops it on a length outside off, he goes back, cuts it through backward point for a  .brace.",Dockrell,Towhid Hridoy,2.0,0,0,1,1,2.0,0,,1
"30.1 
1 
Hume to Shanto, 1 run 
Fuller on middle and leg, whips it through midwicket.",30.1,1,1.0,"Hume to Shanto, 1 run  .Fuller on middle and leg, whips it through midwicket.",Hume,Shanto,1.0,0,0,1,1,1.0,0,,1
"30.2 
6 
Hume to Towhid Hridoy, SIX runs 
Humongous! Steady base, fluid bat swing, maximum result. Hume bowls it full on 
middle and leg, Hridoy is standing deep in his crease. Has his eyes on the ball and picks 
it up for a biggie over deep midwicket. 
A mini conference between Hume, Adair and Balbirnie as the ball is retrieved.",30.2,6,6.0,"Hume to Towhid Hridoy, SIX runs  .Humongous! Steady base, fluid bat swing, maximum result. Hume bowls it full on  .middle and leg, Hridoy is standing deep in his crease. Has his eyes on the ball and picks  .it up for a biggie over deep midwicket.  .A mini conference between Hume, Adair and Balbirnie as the ball is retrieved.",Hume,Towhid Hridoy,6.0,0,1,1,1,6.0,0,,1
"30.3 
1 
Hume to Towhid Hridoy, 1 run 
Outside off this time, Hridoy comes down but miscues it off the inner half to long-on.",30.3,1,1.0,"Hume to Towhid Hridoy, 1 run  .Outside off this time, Hridoy comes down but miscues it off the inner half to long-on.",Hume,Towhid Hridoy,1.0,0,0,1,1,1.0,0,,1
"30.4 
1 
Hume to Shanto, 1 run 
On a length on middle and leg, worked away through square leg. It was bowled at 112 
kph.",30.4,1,1.0,"Hume to Shanto, 1 run  .On a length on middle and leg, worked away through square leg. It was bowled at 112  .kph.",Hume,Shanto,1.0,0,0,1,1,1.0,0,,1
"30.5 
2 
Hume to Towhid Hridoy, 2 runs 
Excellent running! Hridoy dives and makes it in, the throw from deep cover was a tad 
weak, too. He goes back to punch the 112 kph delivery through cover. Tector's throw to 
the keeper on the bounce allowed him to get back in. 
Mid-on goes back, third comes in.",30.5,2,2.0,"Hume to Towhid Hridoy, 2 runs  .Excellent running! Hridoy dives and makes it in, the throw from deep cover was a tad  .weak, too. He goes back to punch the 112 kph delivery through cover. Tector's throw to  .the keeper on the bounce allowed him to get back in.  .Mid-on goes back, third comes in.",Hume,Towhid Hridoy,2.0,0,0,1,1,2.0,0,,1
"30.6 
1 
Hume to Towhid Hridoy, 1 run 
Half-century for Hridoy and Bangladesh are well in this. Shortish delivery, hops and pulls 
it all along the ground through midwicket to get to the landmark. 
end of over 3112 runs  
BAN: 206/3CRR: 6.64 • RRR: 8.14 • Need 114 runs from 84b 
Towhid Hridoy50 (49b 3x4 2x6) 
Najmul Hossain Shanto95 (76b 11x4 2x6) 
Graham Hume 5-0-44-1 
George Dockrell 3-0-16-0",30.6,1,1.0,"Hume to Towhid Hridoy, 1 run  .Half-century for Hridoy and Bangladesh are well in this. Shortish delivery, hops and pulls  .it all along the ground through midwicket to get to the landmark.",Hume,Towhid Hridoy,1.0,0,0,1,1,1.0,0,,1
"31.1 
1 
Dockrell to Towhid Hridoy, 1 run 
Drops it on a length around off, he gets down and nails the sweep to deep square leg.",31.1,1,1.0,"Dockrell to Towhid Hridoy, 1 run  .Drops it on a length around off, he gets down and nails the sweep to deep square leg.",Dockrell,Towhid Hridoy,1.0,0,0,1,1,1.0,0,,1
"31.2 
1 
Dockrell to Shanto, 1 run 
Floated full outside off, gets forward to wrist it away through midwicket.",31.2,1,1.0,"Dockrell to Shanto, 1 run  .Floated full outside off, gets forward to wrist it away through midwicket.",Dockrell,Shanto,1.0,0,0,1,1,1.0,0,,1
"31.3 
1 
Dockrell to Towhid Hridoy, 1 run 
On a length outside off, goes back and whips it through point.",31.3,1,1.0,"Dockrell to Towhid Hridoy, 1 run  .On a length outside off, goes back and whips it through point.",Dockrell,Towhid Hridoy,1.0,0,0,1,1,1.0,0,,1
"31.4 
• 
Dockrell to Shanto, no run 
Excellent footwork! Kicks the ball away from the stumps, in time. Dockrell lands it on a 
length well outside off, Shanto looks to slash it away but gets an inside edge and the 
ball is almost headed at the stumps.",31.4,0,0.0,"Dockrell to Shanto, no run  .Excellent footwork! Kicks the ball away from the stumps, in time. Dockrell lands it on a  .length well outside off, Shanto looks to slash it away but gets an inside edge and the  .ball is almost headed at the stumps.",Dockrell,Shanto,0.0,0,0,1,1,0.0,0,,0
"31.5 
1 
Dockrell to Shanto, 1 run 
Fuller on middle and leg, worked away to the on side.",31.5,1,1.0,"Dockrell to Shanto, 1 run  .Fuller on middle and leg, worked away to the on side.",Dockrell,Shanto,1.0,0,0,1,1,1.0,0,,1
"31.6 
4 
Dockrell to Towhid Hridoy, FOUR runs 
Spoils the over with an excellent shot. Quicker one on a length on middle and leg, Hridoy 
gets inside the line and pulls it through backward square leg. 
end of over 328 runs  
BAN: 214/3CRR: 6.68 • RRR: 8.15 • Need 106 runs from 78b 
Towhid Hridoy56 (52b 4x4 2x6) 
Najmul Hossain Shanto97 (79b 11x4 2x6) 
George Dockrell 4-0-24-0 
Graham Hume 5-0-44-1",31.6,4,4.0,"Dockrell to Towhid Hridoy, FOUR runs  .Spoils the over with an excellent shot. Quicker one on a length on middle and leg, Hridoy  .gets inside the line and pulls it through backward square leg.",Dockrell,Towhid Hridoy,4.0,1,0,1,1,4.0,0,,1
"32.1 
1 
Hume to Shanto, 1 run 
On a length on middle and leg, goes back and works it through square leg.",32.1,1,1.0,"Hume to Shanto, 1 run  .On a length on middle and leg, goes back and works it through square leg.",Hume,Shanto,1.0,0,0,1,1,1.0,0,,1
"32.2 
6 
Hume to Towhid Hridoy, SIX runs 
Free swing of the bat for a maximum result. And maximum cheers at Chelmsford, too! A 
length ball in the slot on off and middle, he whips it way over deep midwicket. 
The fourth ump is out with the box of balls again!",32.2,6,6.0,"Hume to Towhid Hridoy, SIX runs  .Free swing of the bat for a maximum result. And maximum cheers at Chelmsford, too! A  .length ball in the slot on off and middle, he whips it way over deep midwicket.  .The fourth ump is out with the box of balls again!",Hume,Towhid Hridoy,6.0,0,1,1,1,6.0,0,,1
"32.3 
4 
Hume to Towhid Hridoy, FOUR runs 
And Hridoy now gives the charge. Slinks down to the length ball, converts it into a 
hittable length. Moves leg side as he does so and smacks it over mid-off.",32.3,4,4.0,"Hume to Towhid Hridoy, FOUR runs  .And Hridoy now gives the charge. Slinks down to the length ball, converts it into a  .hittable length. Moves leg side as he does so and smacks it over mid-off.",Hume,Towhid Hridoy,4.0,1,0,1,1,4.0,0,,1
"32.4 
1 
Hume to Towhid Hridoy, 1 run 
Aims for the yorker and bowls a low full toss on the pads, whipped to deep square leg.",32.4,1,1.0,"Hume to Towhid Hridoy, 1 run  .Aims for the yorker and bowls a low full toss on the pads, whipped to deep square leg.",Hume,Towhid Hridoy,1.0,0,0,1,1,1.0,0,,1
"32.5 
• 
Hume to Shanto, no run 
Banged in short at 113 kph, Shanto looks to pull but is early into it, Wears it on his body.",32.5,0,0.0,"Hume to Shanto, no run  .Banged in short at 113 kph, Shanto looks to pull but is early into it, Wears it on his body.",Hume,Shanto,0.0,0,0,1,1,0.0,0,,0
"32.6 
1 
Hume to Shanto, 1 run 
Length ball on the pads, flicks it through square leg to move to 99. 
end of over 3313 runs  
BAN: 227/3CRR: 6.87 • RRR: 7.75 • Need 93 runs from 72b 
Najmul Hossain Shanto99 (82b 11x4 2x6) 
Towhid Hridoy67 (55b 5x4 3x6) 
Graham Hume 6-0-57-1 
George Dockrell 4-0-24-0",32.6,1,1.0,"Hume to Shanto, 1 run  .Length ball on the pads, flicks it through square leg to move to 99.",Hume,Shanto,1.0,0,0,1,1,1.0,0,,1
"33.1 
2 
Dockrell to Shanto, 2 runs 
A maiden ODI hundred for Shanto! He completes the second run, hops with his helmet 
off and points it towards the dressing room. Gets a warm hug from his partner before 
acknowledging the applause from the spectators. Got a short ball outside off, which he 
went back and pulled through midwicket. A good sliding stop in the deep kept it to just 
two. 
See all photos",33.1,2,2.0,"Dockrell to Shanto, 2 runs  .A maiden ODI hundred for Shanto! He completes the second run, hops with his helmet  .off and points it towards the dressing room. Gets a warm hug from his partner before  .acknowledging the applause from the spectators. Got a short ball outside off, which he  .went back and pulled through midwicket. A good sliding stop in the deep kept it to just  .two.  .See all photos",Dockrell,Shanto,2.0,0,0,1,1,2.0,0,,1
"33.2 
1 
Dockrell to Shanto, 1 run 
Quicker one on a length around off, he goes back to knock it down to long-on.",33.2,1,1.0,"Dockrell to Shanto, 1 run  .Quicker one on a length around off, he goes back to knock it down to long-on.",Dockrell,Shanto,1.0,0,0,1,1,1.0,0,,1
"33.3 
• 
Dockrell to Towhid Hridoy, no run 
Flights it and bowls it full around off and middle, chipped towards cover.",33.3,0,0.0,"Dockrell to Towhid Hridoy, no run  .Flights it and bowls it full around off and middle, chipped towards cover.",Dockrell,Towhid Hridoy,0.0,0,0,1,1,0.0,0,,0
"33.4 
1 
Dockrell to Towhid Hridoy, 1 run 
Comes down and pushes it wide of midwicket for one.",33.4,1,1.0,"Dockrell to Towhid Hridoy, 1 run  .Comes down and pushes it wide of midwicket for one.",Dockrell,Towhid Hridoy,1.0,0,0,1,1,1.0,0,,1
"33.5 
1 
Dockrell to Shanto, 1 run 
Bowls it quick on a length, he backs away and slaps it through covers. 
Vinod rajpal: ""Shanto's maiden century in this super chase and he will remember this as 
his one of the best !""",33.5,1,1.0,"Dockrell to Shanto, 1 run  .Bowls it quick on a length, he backs away and slaps it through covers.",Dockrell,Shanto,1.0,0,0,1,1,1.0,0,,1
"33.6 
W 
Dockrell to Towhid Hridoy, OUT 
Dockrell breaks through, end of Hridoy's enterprising knock. Shortish on the stumps, he 
goes back to pull it over midwicket, only ends up skying it. Campher settles under it and 
pouches it safely. 
Towhid Hridoy c Campher b Dockrell 68 (58b 5x4 3x6 75m) SR: 117.24 
end of over 345 runs • 1 wicket 
BAN: 232/4CRR: 6.82 • RRR: 8.00 • Need 88 runs from 66b 
Najmul Hossain Shanto103 (85b 11x4 2x6) 
George Dockrell 5-0-29-1 
Graham Hume 6-0-57-1 
Orup Ovilashi: ""Like the way Hridoy spiced up hitting boundaries as Shanto has to slow 
down to reach his ton. The chemistry between these two batters!"" 
Shanto is down on the field getting some attention, cramps perhaps, as Mushfiqur 
Rahim walks to the centre. Shanto is lying flat on his back, getting a massage on his 
groin, from the looks of it. 
Campher is back on now.",33.6,W,0.0,"Dockrell to Towhid Hridoy, OUT  .Dockrell breaks through, end of Hridoy's enterprising knock. Shortish on the stumps, he  .goes back to pull it over midwicket, only ends up skying it. Campher settles under it and  .pouches it safely.  .Towhid Hridoy c Campher b Dockrell 68 (58b 5x4 3x6 75m) SR: 117.24",Dockrell,Towhid Hridoy,0.0,0,0,1,1,0.0,1,c Campher b Dockrell,0
"34.1 
4 
Campher to Shanto, FOUR runs 
Finds the gap like there is a map in his mind. It is the slower one on a length around leg 
and middle, he swivels and nails the pull through square leg.",34.1,4,4.0,"Campher to Shanto, FOUR runs  .Finds the gap like there is a map in his mind. It is the slower one on a length around leg  .and middle, he swivels and nails the pull through square leg.",Campher,Shanto,4.0,1,0,1,1,4.0,0,,1
"34.2 
1 
Campher to Shanto, 1 run 
Slower one on a length outside off, slaps it to deep cover-point. 
nafio: ""So satisfying to see how shanto matured as a batter. Will be the trumpcard of 
Bangladeshi top order in the coming world cup."" 
Stirling at slip, a wide one.",34.2,1,1.0,"Campher to Shanto, 1 run  .Slower one on a length outside off, slaps it to deep cover-point.",Campher,Shanto,1.0,0,0,1,1,1.0,0,,1
"34.3 
1 
Campher to Mushfiqur, 1 run 
Length ball on middle and leg, tucks it through square leg to get going.",34.3,1,1.0,"Campher to Mushfiqur, 1 run  .Length ball on middle and leg, tucks it through square leg to get going.",Campher,Mushfiqur,1.0,0,0,1,1,1.0,0,,1
"34.4 
1 
Campher to Shanto, 1 run 
Bangs it short again, he is up for it and pulls it all along the ground to deep midwicket.",34.4,1,1.0,"Campher to Shanto, 1 run  .Bangs it short again, he is up for it and pulls it all along the ground to deep midwicket.",Campher,Shanto,1.0,0,0,1,1,1.0,0,,1
"34.5 
1 
Campher to Mushfiqur, 1 run 
On middle and leg, worked away through backward square leg.",34.5,1,1.0,"Campher to Mushfiqur, 1 run  .On middle and leg, worked away through backward square leg.",Campher,Mushfiqur,1.0,0,0,1,1,1.0,0,,1
"34.6 
1w 
Campher to Shanto, 1 wide 
Full and down leg, Shanto moves inside and looks to tickle it fine but misses.",34.6,1w,1.0,"Campher to Shanto, 1 wide  .Full and down leg, Shanto moves inside and looks to tickle it fine but misses.",Campher,Shanto,0.0,0,0,0,0,1.0,0,,1
"34.6 
• 
Campher to Shanto, no run 
Full on middle and leg, looks to flick it away but gets an inside edge onto his front pad. 
end of over 359 runs  
BAN: 241/4CRR: 6.88 • RRR: 7.90 • Need 79 runs from 60b 
Najmul Hossain Shanto109 (89b 12x4 2x6) 
Mushfiqur Rahim2 (2b) 
Curtis Campher 4-0-28-1 
George Dockrell 5-0-29-1 
CK: ""Shanto had a strike rate of 68.4 before this match. A person who has BPL centuries 
on his name very unlikely SR. However, he is finding his feet in International cricket very 
recently. The investment of BCB is paying off. There was lot of criticism regarding his 
inclusion in the team previously.""",34.6,0,0.0,"Campher to Shanto, no run  .Full on middle and leg, looks to flick it away but gets an inside edge onto his front pad.",Campher,Shanto,0.0,0,0,1,1,0.0,0,,0
"35.1 
• 
Dockrell to Mushfiqur, no run 
Fuller on middle and off, lunges and blocks.",35.1,0,0.0,"Dockrell to Mushfiqur, no run  .Fuller on middle and off, lunges and blocks.",Dockrell,Mushfiqur,0.0,0,0,1,1,0.0,0,,0
"35.2 
4 
Dockrell to Mushfiqur, FOUR runs 
Lands it on a length on middle and leg, Mushfiqur gets inside the line and sweeps it 
through short fine leg.",35.2,4,4.0,"Dockrell to Mushfiqur, FOUR runs  .Lands it on a length on middle and leg, Mushfiqur gets inside the line and sweeps it  .through short fine leg.",Dockrell,Mushfiqur,4.0,1,0,1,1,4.0,0,,1
"35.3 
1 
Dockrell to Mushfiqur, 1 run 
Fuller on middle, pats it with soft hands to the off side for a quick one. 
Zayan: ""I love how the way Bangladesh has been maintaining the 7.8-8.0 required run 
rate the whole innings...""",35.3,1,1.0,"Dockrell to Mushfiqur, 1 run  .Fuller on middle, pats it with soft hands to the off side for a quick one.",Dockrell,Mushfiqur,1.0,0,0,1,1,1.0,0,,1
"35.4 
1 
Dockrell to Shanto, 1 run 
Shortish and outside off, goes back and slaps it through cover-point.",35.4,1,1.0,"Dockrell to Shanto, 1 run  .Shortish and outside off, goes back and slaps it through cover-point.",Dockrell,Shanto,1.0,0,0,1,1,1.0,0,,1
"35.5 
• 
Dockrell to Mushfiqur, no run 
A bit of a mix-up but no damage done. Quicker and angling into leg, Mushfiqur goes 
back and chops it towards point. Both are ball-watching and Shanto is halfway down. 
Mushfiqur responds late, sees Shanto already aborting and goes back in. The fielder 
couldn't collect the ball on first go.",35.5,0,0.0,"Dockrell to Mushfiqur, no run  .A bit of a mix-up but no damage done. Quicker and angling into leg, Mushfiqur goes  .back and chops it towards point. Both are ball-watching and Shanto is halfway down.  .Mushfiqur responds late, sees Shanto already aborting and goes back in. The fielder  .couldn't collect the ball on first go.",Dockrell,Mushfiqur,0.0,0,0,1,1,0.0,0,,0
"35.6 
1 
Dockrell to Mushfiqur, 1 run 
Now goes back and slaps it through covers to keep strike. 
end of over 367 runs  
BAN: 248/4CRR: 6.88 • RRR: 8.00 • Need 72 runs from 54b 
Mushfiqur Rahim8 (7b 1x4) 
Najmul Hossain Shanto110 (90b 12x4 2x6) 
George Dockrell 6-0-36-1 
Curtis Campher 4-0-28-1 
Final powerplay of the match. Bangladesh need 72 off 54 balls. Shanto very well in. 
Whose century will finish on the losing side? 
1.6K votes 
Harry Tector 
Najmul Hossain Shanto",35.6,1,1.0,"Dockrell to Mushfiqur, 1 run  .Now goes back and slaps it through covers to keep strike.",Dockrell,Mushfiqur,1.0,0,0,1,1,1.0,0,,1
"36.1 
1 
Campher to Mushfiqur, 1 run 
Makes room to the length ball outside off and chips it over cover.",36.1,1,1.0,"Campher to Mushfiqur, 1 run  .Makes room to the length ball outside off and chips it over cover.",Campher,Mushfiqur,1.0,0,0,1,1,1.0,0,,1
"36.2 
1 
Campher to Shanto, 1 run 
Short in length, pulled to deep midwicket.",36.2,1,1.0,"Campher to Shanto, 1 run  .Short in length, pulled to deep midwicket.",Campher,Shanto,1.0,0,0,1,1,1.0,0,,1
"36.3 
1 
Campher to Mushfiqur, 1 run 
Fuller outside off, pushes it through cover for one.",36.3,1,1.0,"Campher to Mushfiqur, 1 run  .Fuller outside off, pushes it through cover for one.",Campher,Mushfiqur,1.0,0,0,1,1,1.0,0,,1
"36.4 
6 
Campher to Shanto, SIX runs 
Fetch that! Shanto's strokeplay has been a revelation today. Sees a slow, length ball 
outside off, uses the natural width on offer and hits it high and long over the 
sightscreen. Another ball, please!",36.4,6,6.0,"Campher to Shanto, SIX runs  .Fetch that! Shanto's strokeplay has been a revelation today. Sees a slow, length ball  .outside off, uses the natural width on offer and hits it high and long over the  .sightscreen. Another ball, please!",Campher,Shanto,6.0,0,1,1,1,6.0,0,,1
"36.5 
W 
Campher to Shanto, OUT 
And finally Campher's short-ball tactics work! Tector slipped while taking that catch at 
deep square leg but managed to hang on. Has his hands in his mouth. Campher bowled 
it short, and as it has been all evening, Shanto is not shy of playing the pull. Does so far 
too well this time and that brings his downfall. 
Najmul Hossain Shanto c Tector b Campher 117 (93b 12x4 3x6 156m) SR: 125.8 
Mehidy Hasan Miraz, who bowled all of two overs in the game, is out to bat with 
Bangladesh needing 63 off 49.",36.5,W,0.0,"Campher to Shanto, OUT  .And finally Campher's short-ball tactics work! Tector slipped while taking that catch at  .deep square leg but managed to hang on. Has his hands in his mouth. Campher bowled  .it short, and as it has been all evening, Shanto is not shy of playing the pull. Does so far  .too well this time and that brings his downfall.  .Najmul Hossain Shanto c Tector b Campher 117 (93b 12x4 3x6 156m) SR: 125.8",Campher,Shanto,0.0,0,0,1,1,0.0,1,c Tector b Campher,0
"36.6 
• 
Campher to Mehidy Hasan Miraz, no run 
Spears it full and straight on off and middle, gets his bat down to defend it back 
towards the bowler. 
end of over 379 runs • 1 wicket 
BAN: 257/5CRR: 6.94 • RRR: 7.87 • Need 63 runs from 48b 
Mehidy Hasan Miraz0 (1b) 
Mushfiqur Rahim10 (9b 1x4) 
Curtis Campher 5-0-37-2 
George Dockrell 6-0-36-1 
A longish chat between Dockrell and Balbirnie before the former hands over his sweater 
to the umpire.",36.6,0,0.0,"Campher to Mehidy Hasan Miraz, no run  .Spears it full and straight on off and middle, gets his bat down to defend it back  .towards the bowler.",Campher,Mehidy Hasan Miraz,0.0,0,0,1,1,0.0,0,,0
"37.1 
1 
Dockrell to Mushfiqur, 1 run 
Slow in pace angling it well into leg. He backs away and chops it through cover-point. 
Little warming up now",37.1,1,1.0,"Dockrell to Mushfiqur, 1 run  .Slow in pace angling it well into leg. He backs away and chops it through cover-point.  .Little warming up now",Dockrell,Mushfiqur,1.0,0,0,1,1,1.0,0,,1
"37.2 
1w 
Dockrell to Mehidy Hasan Miraz, 1 wide 
Fires it down leg, he misses the flick. Well taken by Tucker.",37.2,1w,1.0,"Dockrell to Mehidy Hasan Miraz, 1 wide  .Fires it down leg, he misses the flick. Well taken by Tucker.",Dockrell,Mehidy Hasan Miraz,0.0,0,0,0,0,1.0,0,,1
"37.2 
1 
Dockrell to Mehidy Hasan Miraz, 1 run 
Lovely ball, lands it on a length outside off. He looks to get forward and push it through 
the off side but gets a thick inside edge past leg stump to short fine leg.",37.2,1,1.0,"Dockrell to Mehidy Hasan Miraz, 1 run  .Lovely ball, lands it on a length outside off. He looks to get forward and push it through  .the off side but gets a thick inside edge past leg stump to short fine leg.",Dockrell,Mehidy Hasan Miraz,1.0,0,0,1,1,1.0,0,,1
"37.3 
1 
Dockrell to Mushfiqur, 1 run 
Fuller outside off, driven through cover.",37.3,1,1.0,"Dockrell to Mushfiqur, 1 run  .Fuller outside off, driven through cover.",Dockrell,Mushfiqur,1.0,0,0,1,1,1.0,0,,1
"37.4 
• 
Dockrell to Mehidy Hasan Miraz, no run 
Fuller around off, flatter too, driven back to the bowler. 
Fahim: ""What I love about this match is we've been treated to two great innings. Both 
have sublime strokeplay mixed with some excellent controlled aggression. Ireland and 
Bangladesh have come a long way in the past decade.""",37.4,0,0.0,"Dockrell to Mehidy Hasan Miraz, no run  .Fuller around off, flatter too, driven back to the bowler.",Dockrell,Mehidy Hasan Miraz,0.0,0,0,1,1,0.0,0,,0
"37.5 
2 
Dockrell to Mehidy Hasan Miraz, 2 runs 
Flatter and on a length on middle and leg, goes back, works it through forward square 
leg and calls for two straightaway. Makes it in as Tector had a long way to run in from 
deep square leg.",37.5,2,2.0,"Dockrell to Mehidy Hasan Miraz, 2 runs  .Flatter and on a length on middle and leg, goes back, works it through forward square  .leg and calls for two straightaway. Makes it in as Tector had a long way to run in from  .deep square leg.",Dockrell,Mehidy Hasan Miraz,2.0,0,0,1,1,2.0,0,,1
"37.6 
1 
Dockrell to Mehidy Hasan Miraz, 1 run 
Fuller outside off, gets forward to place it towards cover for one. 
end of over 387 runs  
BAN: 264/5CRR: 6.94 • RRR: 8.00 • Need 56 runs from 42b 
Mehidy Hasan Miraz4 (5b) 
Mushfiqur Rahim12 (11b 1x4) 
George Dockrell 7-0-43-1 
Curtis Campher 5-0-37-2 
Josh Little is back into the attack.",37.6,1,1.0,"Dockrell to Mehidy Hasan Miraz, 1 run  .Fuller outside off, gets forward to place it towards cover for one.",Dockrell,Mehidy Hasan Miraz,1.0,0,0,1,1,1.0,0,,1
"38.1 
1w 
Little to Mehidy Hasan Miraz, 1 wide 
Length ball down leg, he looks to flick it but lets it be.",38.1,1w,1.0,"Little to Mehidy Hasan Miraz, 1 wide  .Length ball down leg, he looks to flick it but lets it be.",Little,Mehidy Hasan Miraz,0.0,0,0,0,0,1.0,0,,1
"38.1 
4 
Little to Mehidy Hasan Miraz, FOUR runs 
Outside edge but just wide of Tucker! Full and angling away, Mehidy goes hard at that 
for the drive through the off side. Gets a thick edge and it flies away. Little can little 
believe that. 
Around the stumps now.",38.1,4,4.0,"Little to Mehidy Hasan Miraz, FOUR runs  .Outside edge but just wide of Tucker! Full and angling away, Mehidy goes hard at that  .for the drive through the off side. Gets a thick edge and it flies away. Little can little  .believe that.  .Around the stumps now.",Little,Mehidy Hasan Miraz,4.0,1,0,1,1,4.0,0,,1
"38.2 
4 
Little to Mehidy Hasan Miraz, FOUR runs 
This is authoritative. Short in length outside off, he stays leg side of the ball and carves 
it well wide of backward point. It is enough to beat deep third to his right.",38.2,4,4.0,"Little to Mehidy Hasan Miraz, FOUR runs  .This is authoritative. Short in length outside off, he stays leg side of the ball and carves  .it well wide of backward point. It is enough to beat deep third to his right.",Little,Mehidy Hasan Miraz,4.0,1,0,1,1,4.0,0,,1
"38.3 
2 
Little to Mehidy Hasan Miraz, 2 runs 
Full and outside off, drives it through cover and shouts ""do, do (two, two)"". Tector gets 
to the ball but takes his eyes off and misfields, to concede two.",38.3,2,2.0,"Little to Mehidy Hasan Miraz, 2 runs",Little,Mehidy Hasan Miraz,2.0,0,0,1,1,2.0,0,,1
"38.4 
1 
Little to Mehidy Hasan Miraz, 1 run 
Full outside off, pushes it to mid-off and hares to the other end.",38.4,1,1.0,"Little to Mehidy Hasan Miraz, 1 run  .Full outside off, pushes it to mid-off and hares to the other end.",Little,Mehidy Hasan Miraz,1.0,0,0,1,1,1.0,0,,1
"38.5 
1 
Little to Mushfiqur, 1 run 
Short and outside off, Mrushfiqur expected it to come to him quicker but there was a bit 
of an extra bounce. Ends up guiding it to deep third.",38.5,1,1.0,"Little to Mushfiqur, 1 run  .Short and outside off, Mrushfiqur expected it to come to him quicker but there was a bit  .of an extra bounce. Ends up guiding it to deep third.",Little,Mushfiqur,1.0,0,0,1,1,1.0,0,,1
"38.6 
• 
Little to Mehidy Hasan Miraz, no run 
Full outside off, pushes it straight to cover. 
end of over 3913 runs  
BAN: 277/5CRR: 7.10 • RRR: 7.16 • Need 43 runs from 36b 
Mehidy Hasan Miraz15 (10b 2x4) 
Mushfiqur Rahim13 (12b 1x4) 
Josh Little 7-0-50-0 
George Dockrell 7-0-43-1",38.6,0,0.0,"Little to Mehidy Hasan Miraz, no run  .Full outside off, pushes it straight to cover.",Little,Mehidy Hasan Miraz,0.0,0,0,1,1,0.0,0,,0
"39.1 
4 
Dockrell to Mushfiqur, FOUR runs 
Gorgeous! Flighed ball, full length just around off. Mushfiqur just makes a bit of room 
and slaps it well over extra cover.",39.1,4,4.0,"Dockrell to Mushfiqur, FOUR runs  .Gorgeous! Flighed ball, full length just around off. Mushfiqur just makes a bit of room  .and slaps it well over extra cover.",Dockrell,Mushfiqur,4.0,1,0,1,1,4.0,0,,1
"39.2 
1 
Dockrell to Mushfiqur, 1 run 
Quicker on the pads, tucked away to short fine leg.",39.2,1,1.0,"Dockrell to Mushfiqur, 1 run  .Quicker on the pads, tucked away to short fine leg.",Dockrell,Mushfiqur,1.0,0,0,1,1,1.0,0,,1
"39.3 
4 
Dockrell to Mehidy Hasan Miraz, FOUR runs 
Hume makes a hash of a routine fielding effort in the deep. Lets the ball through his 
hands and kicks it away for four. It was bowled slower through the air on a length 
outside off, Mehidy went back and cut it past backward point.",39.3,4,4.0,"Dockrell to Mehidy Hasan Miraz, FOUR runs  .Hume makes a hash of a routine fielding effort in the deep. Lets the ball through his  .hands and kicks it away for four. It was bowled slower through the air on a length  .outside off, Mehidy went back and cut it past backward point.",Dockrell,Mehidy Hasan Miraz,4.0,1,0,1,1,4.0,0,,1
"39.4 
W 
Dockrell to Mehidy Hasan Miraz, OUT 
Is it plumb? Looks to be so and the umpire thinks so too. Bowled on a length on middle 
and leg, it was the arm ball to which Mehidy went deep in his crease but missed his 
flick. Is rapped on the pads. Hawk-Eye shows that it is clipping the stumps. Bangladesh 
retain the review but lose a wicket. 
Mehidy Hasan Miraz lbw b Dockrell 19 (12b 3x4 0x6 15m) SR: 158.33 
Taijul Islam is in at No. 8. Slip in now.",39.4,W,0.0,"Dockrell to Mehidy Hasan Miraz, OUT  .Is it plumb? Looks to be so and the umpire thinks so too. Bowled on a length on middle  .and leg, it was the arm ball to which Mehidy went deep in his crease but missed his  .flick. Is rapped on the pads. Hawk-Eye shows that it is clipping the stumps. Bangladesh  .retain the review but lose a wicket.  .Mehidy Hasan Miraz lbw b Dockrell 19 (12b 3x4 0x6 15m) SR: 158.33",Dockrell,Mehidy Hasan Miraz,0.0,0,0,1,1,0.0,1,lbw b Dockrell,0
"39.5 
• 
Dockrell to Taijul, no run 
Bowls it on a length around off, he gets behind it and blocks.",39.5,0,0.0,"Dockrell to Taijul, no run  .Bowls it on a length around off, he gets behind it and blocks.",Dockrell,Taijul,0.0,0,0,1,1,0.0,0,,0
"39.6 
• 
Dockrell to Taijul, no run 
Floated fuller outside off, gets forward and bunts it. 
end of over 409 runs • 1 wicket 
BAN: 286/6CRR: 7.15 • RRR: 6.80 • Need 34 runs from 30b 
Taijul Islam0 (2b) 
Mushfiqur Rahim18 (14b 2x4) 
George Dockrell 8-0-52-2 
Josh Little 7-0-50-0",39.6,0,0.0,"Dockrell to Taijul, no run  .Floated fuller outside off, gets forward and bunts it.",Dockrell,Taijul,0.0,0,0,1,1,0.0,0,,0
"40.1 
4 
Little to Mushfiqur, FOUR runs 
Crunched through covers! Little bowls it full and outside off. Mushfiqur leans into it and 
it races away.",40.1,4,4.0,"Little to Mushfiqur, FOUR runs  .Crunched through covers! Little bowls it full and outside off. Mushfiqur leans into it and  .it races away.",Little,Mushfiqur,4.0,1,0,1,1,4.0,0,,1
"40.2 
1 
Little to Mushfiqur, 1 run 
Length ball just going away outside off, guides it wide of backward point for one. 
Slip in for Taijul. Over the wicket. Mid-off in the ring. Slip goes out now as Stirling goes 
to cover.",40.2,1,1.0,"Little to Mushfiqur, 1 run  .Length ball just going away outside off, guides it wide of backward point for one.  .Slip in for Taijul. Over the wicket. Mid-off in the ring. Slip goes out now as Stirling goes  .to cover.",Little,Mushfiqur,1.0,0,0,1,1,1.0,0,,1
"40.3 
• 
Little to Taijul, no run 
Length ball outside off, he stabs it to backward point. 
Mid-off and mid-on both in place.",40.3,0,0.0,"Little to Taijul, no run  .Length ball outside off, he stabs it to backward point.  .Mid-off and mid-on both in place.",Little,Taijul,0.0,0,0,1,1,0.0,0,,0
"40.4 
1 
Little to Taijul, 1 run 
Outside off on a length, he chops it to deep third. 
Mushfiqur walks away very late, almost after LIttle was into his delivery stride. He 
perhaps spotted backward point moving.",40.4,1,1.0,"Little to Taijul, 1 run  .Outside off on a length, he chops it to deep third.  .Mushfiqur walks away very late, almost after LIttle was into his delivery stride. He  .perhaps spotted backward point moving.",Little,Taijul,1.0,0,0,1,1,1.0,0,,1
"40.5 
1 
Little to Mushfiqur, 1 run 
Fuller outside off, drives it through point.",40.5,1,1.0,"Little to Mushfiqur, 1 run  .Fuller outside off, drives it through point.",Little,Mushfiqur,1.0,0,0,1,1,1.0,0,,1
"40.6 
• 
Little to Taijul, no run 
Fuller on off, defended towards cover. 
end of over 417 runs  
BAN: 293/6CRR: 7.14 • RRR: 6.75 • Need 27 runs from 24b 
Taijul Islam1 (5b) 
Mushfiqur Rahim24 (17b 3x4) 
Josh Little 8-0-57-0 
George Dockrell 8-0-52-2 
Vinod Rajpal: ""Anyone for TIE ?"" 
What's your hunch? 
4.4K votes 
Easy, Bangladesh 
Have hopes on Ireland 
Dockrell to bowl his final over.",40.6,0,0.0,"Little to Taijul, no run  .Fuller on off, defended towards cover.",Little,Taijul,0.0,0,0,1,1,0.0,0,,0
"41.1 
1 
Dockrell to Mushfiqur, 1 run 
Flights it full on middle, turns it through midwicket. 
Slip back for Taijul",41.1,1,1.0,"Dockrell to Mushfiqur, 1 run  .Flights it full on middle, turns it through midwicket.  .Slip back for Taijul",Dockrell,Mushfiqur,1.0,0,0,1,1,1.0,0,,1
"41.2 
• 
Dockrell to Taijul, no run 
Is Mushfiqur run-out? He doesn't seem happy at Taijul but there were a few voices 
around the stump mic that sounded ""He's in!"" Taijul got across and whipped it towards 
mid-on but there was no run on. Mushfiqur had come down in search of one and had to 
retreat. Dockrell collected the throw and perhaps searched for the stumps for a split 
second before disturbing them. It is very tight. The bat was out of the crease when the 
stumps were disturbed but it slid past the crease when the bails were fully dislodged. 
And that prompted the umpire to rule it in the batter's favour. Ireland not pleased, the 
crowd is.",41.2,0,0.0,"Dockrell to Taijul, no run  .Is Mushfiqur run-out? He doesn't seem happy at Taijul but there were a few voices",Dockrell,Taijul,0.0,0,0,1,1,0.0,0,,0
"41.3 
2 
Dockrell to Taijul, 2 runs 
Thick edge well past slip! He looks to turn it across but manages to get it away from 
Stirling at slip and short third.",41.3,2,2.0,"Dockrell to Taijul, 2 runs  .Thick edge well past slip! He looks to turn it across but manages to get it away from  .Stirling at slip and short third.",Dockrell,Taijul,2.0,0,0,1,1,2.0,0,,1
"41.4 
1 
Dockrell to Taijul, 1 run 
Dropped! And hopefully Stirling is alright. It bounced off a length, Taijul went back to 
cut but got a top edge onto the right cheek of Stirling at slip. Didn't have enough time to 
react and it goes down. 
See all photos 
A concussion check now. Looks to be alright. 
A chat between Dockrell and Balbirnie now.",41.4,1,1.0,"Dockrell to Taijul, 1 run  .Dropped! And hopefully Stirling is alright. It bounced off a length, Taijul went back to  .cut but got a top edge onto the right cheek of Stirling at slip. Didn't have enough time to  .react and it goes down.  .See all photos  .A concussion check now. Looks to be alright.  .A chat between Dockrell and Balbirnie now.",Dockrell,Taijul,1.0,0,0,1,1,1.0,0,,1
"41.5 
1 
Dockrell to Mushfiqur, 1 run 
Flatter and angling into leg, he goes back and cuts it to backward point, where Hume 
fails to stop that. 
Stirling back at slip.",41.5,1,1.0,"Dockrell to Mushfiqur, 1 run  .Flatter and angling into leg, he goes back and cuts it to backward point, where Hume  .fails to stop that.  .Stirling back at slip.",Dockrell,Mushfiqur,1.0,0,0,1,1,1.0,0,,1
"41.6 
1 
Dockrell to Taijul, 1 run 
Shortish outside off, he goes back and pulls it through mid-on to keep strike. 
end of over 426 runs  
BAN: 299/6CRR: 7.11 • RRR: 7.00 • Need 21 runs from 18b 
Taijul Islam5 (9b) 
Mushfiqur Rahim26 (19b 3x4) 
George Dockrell 9-0-58-2 
Josh Little 8-0-57-0 
Sertajur Rahman: ""I am sensing a tie.That should be the perfect result for this nailbiting 
match.."" 
Mark Adair is brought back.",41.6,1,1.0,"Dockrell to Taijul, 1 run  .Shortish outside off, he goes back and pulls it through mid-on to keep strike.",Dockrell,Taijul,1.0,0,0,1,1,1.0,0,,1
"42.1 
1 
Adair to Taijul, 1 run 
Short and into the body, pulled to deep square leg. 
Around the stumps",42.1,1,1.0,"Adair to Taijul, 1 run  .Short and into the body, pulled to deep square leg.  .Around the stumps",Adair,Taijul,1.0,0,0,1,1,1.0,0,,1
"42.2 
2 
Adair to Mushfiqur, 2 runs 
Short in length, Mushfiqur pulls it through midwicket and runs two.",42.2,2,2.0,"Adair to Mushfiqur, 2 runs  .Short in length, Mushfiqur pulls it through midwicket and runs two.",Adair,Mushfiqur,2.0,0,0,1,1,2.0,0,,1
"42.3 
1 
Adair to Mushfiqur, 1 run 
Very full on middle and leg, whips it through forward square leg.",42.3,1,1.0,"Adair to Mushfiqur, 1 run  .Very full on middle and leg, whips it through forward square leg.",Adair,Mushfiqur,1.0,0,0,1,1,1.0,0,,1
"42.4 
2 
Adair to Taijul, 2 runs 
Well done from Hume at deep third ropes. Gets quickly around to keep it down to two. 
The umpire wants to have another look. Taijul managed to glide the length ball angling 
away with its line. All's well.",42.4,2,2.0,"Adair to Taijul, 2 runs  .Well done from Hume at deep third ropes. Gets quickly around to keep it down to two.  .The umpire wants to have another look. Taijul managed to glide the length ball angling  .away with its line. All's well.",Adair,Taijul,2.0,0,0,1,1,2.0,0,,1
"42.5 
1w 
Adair to Taijul, 1 wide 
Banged in short around off, he misses the pull. Wide called.",42.5,1w,1.0,"Adair to Taijul, 1 wide  .Banged in short around off, he misses the pull. Wide called.",Adair,Taijul,0.0,0,0,0,0,1.0,0,,1
"42.5 
1 
Adair to Taijul, 1 run 
Full toss on the stumps, pushes it to mid-off for a quick one. 
Adair brings third in. square leg goes out. Long-on in place too.",42.5,1,1.0,"Adair to Taijul, 1 run  .Full toss on the stumps, pushes it to mid-off for a quick one.  .Adair brings third in. square leg goes out. Long-on in place too.",Adair,Taijul,1.0,0,0,1,1,1.0,0,,1
"42.6 
1 
Adair to Mushfiqur, 1 run 
Banged short, he pulls. It was in the air for a short while and went to deep backward 
square leg. 
end of over 439 runs  
BAN: 308/6CRR: 7.16 • RRR: 6.00 • Need 12 runs from 12b 
Mushfiqur Rahim30 (22b 3x4) 
Taijul Islam9 (12b) 
Mark Adair 8-1-47-1 
George Dockrell 9-0-58-2 
What's your hunch? 
4.4K votes 
Easy, Bangladesh 
Have hopes on Ireland 
A run-a-ball 12 needed. Mushfiqur on strike. Little to bowl the penultimate over of this 
lonnnggg game. Left-arm round.",42.6,1,1.0,"Adair to Mushfiqur, 1 run  .Banged short, he pulls. It was in the air for a short while and went to deep backward  .square leg.",Adair,Mushfiqur,1.0,0,0,1,1,1.0,0,,1
"43.1 
1 
Little to Mushfiqur, 1 run 
Bowls it on a back of a length, takes pace off. Mushy goes back and steers it to deep 
third. 
asQ: ""Will there be super over, if TIE?"" Yes.",43.1,1,1.0,"Little to Mushfiqur, 1 run  .Bowls it on a back of a length, takes pace off. Mushy goes back and steers it to deep  .third.",Little,Mushfiqur,1.0,0,0,1,1,1.0,0,,1
"43.2 
W 
Little to Taijul, OUT 
Pinned in front! Little is on the money and bowls it full and straight in line of the 
stumps. Taijul looks to flick it away but is beaten for pace. The umpire takes no time in 
raising his finger. Taijul thought about the review but didn't get support from Mushfiqur. 
Taijul Islam lbw b Little 9 (13b 0x4 0x6 27m) SR: 69.23 
Shoriful Islam is the new batter in. 11 needed off 10",43.2,W,0.0,"Little to Taijul, OUT  .Pinned in front! Little is on the money and bowls it full and straight in line of the  .stumps. Taijul looks to flick it away but is beaten for pace. The umpire takes no time in  .raising his finger. Taijul thought about the review but didn't get support from Mushfiqur.  .Taijul Islam lbw b Little 9 (13b 0x4 0x6 27m) SR: 69.23",Little,Taijul,0.0,0,0,1,1,0.0,1,lbw b Little,0
"43.3 
4 
Little to Shoriful Islam, FOUR runs 
Tonks it straight back where it came from. Shoriful knows what's coming - full and 
straight ball. Little misses his yorker and bowls a full one on off and middle. Shoriful 
clears his right leg and smacks it back over the bowler. 
Mid-on goes back, deep midwicket comes in.",43.3,4,4.0,"Little to Shoriful Islam, FOUR runs  .Tonks it straight back where it came from. Shoriful knows what's coming - full and  .straight ball. Little misses his yorker and bowls a full one on off and middle. Shoriful  .clears his right leg and smacks it back over the bowler.  .Mid-on goes back, deep midwicket comes in.",Little,Shoriful Islam,4.0,1,0,1,1,4.0,0,,1
"43.4 
• 
Little to Shoriful Islam, no run 
Slower one on a length, he goes for the heave but misses it. 
Boby: ""Whenever I am seeing ""Little to Mushfiqur"", my brain automatically reading it 
""Little Mushfiqur"". What a Little Master Bangladesh have produced! """,43.4,0,0.0,"Little to Shoriful Islam, no run  .Slower one on a length, he goes for the heave but misses it.",Little,Shoriful Islam,0.0,0,0,1,1,0.0,0,,0
"43.5 
1b 
Little to Shoriful Islam, 1 bye 
Full and outside off, he misses the ball. Mushfiqur runs for the by and Tucker, perhaps 
didn't expect that, and throws it loopily to the bowler.",43.5,1b,1.0,"Little to Shoriful Islam, 1 bye  .Full and outside off, he misses the ball. Mushfiqur runs for the by and Tucker, perhaps  .didn't expect that, and throws it loopily to the bowler.",Little,Shoriful Islam,0.0,0,0,1,1,0.0,0,,1
"43.6 
1 
Little to Mushfiqur, 1 run 
Slower one, back of a length, he pulls it through square leg to keep strike. 
end of over 447 runs • 1 wicket 
BAN: 315/7CRR: 7.15 • RRR: 5.00 • Need 5 runs from 6b 
Mushfiqur Rahim32 (24b 3x4) 
Shoriful Islam4 (3b 1x4) 
Josh Little 9-0-63-1 
Mark Adair 8-1-47-1 
Super Over??? 
3.7K votes 
No, get done with it 
Bring it onnn! 
Five needed off six. More importantly for Bangladesh, Mushfiqur is on strike. Adair has 
the ball in hand. Third in, mid-on out, mid-off in. Around the stumps",43.6,1,1.0,"Little to Mushfiqur, 1 run  .Slower one, back of a length, he pulls it through square leg to keep strike.",Little,Mushfiqur,1.0,0,0,1,1,1.0,0,,1
"44.1 
• 
Adair to Mushfiqur, no run 
Full and outside off, drilled to mid-off! 
Now long-off in place, third comes in.",44.1,0,0.0,"Adair to Mushfiqur, no run  .Full and outside off, drilled to mid-off!  .Now long-off in place, third comes in.",Adair,Mushfiqur,0.0,0,0,1,1,0.0,0,,0
"44.2 
• 
Adair to Mushfiqur, no run 
Perfect yorker on middle and off, he can only dig it out towards the non-striker. Two 
dots, excellent. 
Mushfiqur is caught at deep backward square leg, but is it a high full toss?",44.2,0,0.0,"Adair to Mushfiqur, no run  .Perfect yorker on middle and off, he can only dig it out towards the non-striker. Two  .dots, excellent.  .Mushfiqur is caught at deep backward square leg, but is it a high full toss?",Adair,Mushfiqur,0.0,0,0,1,1,0.0,0,,0
"44.3 
1nb 
Adair to Mushfiqur, (no ball) 
It is all happening! Is it a no-ball? A high full toss, Mushfiqur pulls it straight down deep 
backward square leg fielder's throat. The umpires converge and take it upstairs. The 
batter is crouching when he makes contact but is it high enough? The umpire thinks it 
is above waist high and has ruled it no-ball. 
See all photos 
Free hit. And Mushfiqur is on strike, too. Four balls, four runs needed. The field won't 
change since it is the same batter on strike.",44.3,1nb,1.0,"Adair to Mushfiqur, (no ball)  .It is all happening! Is it a no-ball? A high full toss, Mushfiqur pulls it straight down deep  .backward square leg fielder's throat. The umpires converge and take it upstairs. The  .batter is crouching when he makes contact but is it high enough? The umpire thinks it  .is above waist high and has ruled it no-ball.  .See all photos  .Free hit. And Mushfiqur is on strike, too. Four balls, four runs needed. The field won't  .change since it is the same batter on strike.",Adair,Mushfiqur,0.0,0,0,1,0,1.0,0,,1
"44.3 
4 
Adair to Mushfiqur, FOUR runs 
And Mushfiqur does it for Bangladesh! Makes that life count. Glimmer of hope is 
enough for the veteran. Gets across off and ramps the length ball well over the 
wicketkeeper's head. Joy in the Bangladesh camp, not so in the Irish camp. 
Previous 
Next 
See all photos 
Shovik: ""I'm loving Mushfiqur in this finisher's role. A few heartbreaks in the past have 
moulded him into a commendable finisher, really clinical. "" 
8:50pm And so, a long, never-ending match has finished in a thriller! And it was down to 
the experienced Mushfiqur to get them over the line. It never seemed as if his heroics 
would be needed when Shanto was going out all guns blazing along with Hridoy. The 
pair never let the required run rate go out of hand and kept Bangladesh in the game. But 
once they both fell - with Shanto having scored a fantastic, maiden ODI ton - the game 
was open. Ireland squeezed in some economical overs and took it to the last over. Adair 
almost did it by dismissing Mushfiqur, only for it to be a waist-high no-ball. And rest, as 
they say, is history. Bangladesh are 1-0 up with a game to go. Presentations soon. 
nzbsz: ""10 points and Bangladesh moved to the third position in the point table. Another 
10 won't change it much but the morale will be high. "" 
Andy Balbirnie, Ireland Captain: Hard one to pinpoint, will sit down tomorrow and look 
at it. It's a tough ground to defend, credit to them for the chase. We can take a lot of 
confidence. When you have a good score, you're in the game. Can't fault batters. 
Shoutout to Tector. I wouldn't look too much into him making tons in losing causes. 
He'll score more in wins. Bangladesh have a great team. We were good but not enough. 
We entertained the crowd, hope to do it on Sunday. 
Tamim Iqbal, Bangladesh Captain: The support is unbelievable when we played in 
England. I remember our crowd outnumbered England in 2017, it's special. Due to the 
ground dimensions and the wicket, we thought it was chaseable. It's not a ground where 
you need to look for a boundary all the time, they will come. Kudos to Shanto. If Towhid 
keeps performing the way he does, he will be gold. 
Najmul Hossain Shanto, POTM: I feel very happy, it was nice. I think Hridoy batted well. 
His intent helped me. It's pretty cold but we can't control conditions. We just focus on 
our game. We didn't feel we were outside Bangladesh, thanks to the crowd. Hopefully 
they can come in the next match as well. He later thanks the crowd for coming in 
Bangla, his native tongue. 
Bangladesh take a 1-0 lead but both teams continued to breathe life into the ODI format 
and entertained a vociferous crowd in Chelmsford. The game was curtailed and it went 
overtime but delivered top-quality cricket that signal exciting times ahead. We'll do this 
all over again in a couple of days, see you then. Goodbye for now from me, Ekanth, my 
co-commentator, S Sudarshanan, and our scorers, Binoy George and Chandan Duorah. 
Sponsored Headlines 
 
Pakistan beat Bangladesh, Pakistan won by 37 runsDiscover 
 
Ban E vs SA E - Tshepo Ntuli and Ripon Mondol clash in heated on-field scuffle in Dhaka 
| ESPNcricinfoDiscover 
 
Rise of Cultures |  
Sponsored by TaboolaSponsored by Taboola 
Learn More 
Build your civilization through the agesRead MoreSkip 
 
Ipl 2025 LSG vs RCB orange and purple cap leaderboard mitchell marsh virat kohli | 
ESPNcricinfoDiscover 
 
England beat Zimbabwe, England won by an innings and 45 runsDiscover 
Watch to Learn More 
Read More 
Ad 
|  
Sponsored  
 
Ask a Pro: ""How Long Does $1.5M Last in Retirement?""Get a Complimentary Intro Call 
With a Wealth AdvisorSmartAsset |  
SponsoredSponsored 
Click Here 
Undo 
 
Spruce up your space with a HELOCOpen the door to exciting home improvements with 
Desert Financial, Arizona’s #1 HELOC provider.Desert Financial Credit Union |  
SponsoredSponsored 
Apply Now 
Undo 
 
Urologists Can’t Believe How Fast This Trick WorksThe Modern Gent |  
SponsoredSponsored 
Undo 
 
Tempe Players Reveal: Free Spins Are The Secret To Big WinsTest Your 
Luckjackpota.com |  
SponsoredSponsored 
Undo 
 
What Toyota Did to the New RAV4 Will Blow Your MindTheDaddest |  
SponsoredSponsored 
Undo 
 
Avoid These 3 Things If You're Constipated Or BloatedMake this 15-second trick at 
home every nightHealthy Gut |  
SponsoredSponsored 
Learn More 
Undo 
 
Your Best Life Starts TodayBoost energy, mood, libido, and lean muscle with our 
powerful TRT Gel. Feel the difference, track your progress, and maximize your results 
with ease. Prescription products require an online consultation with a doctor. Results 
may vary.Maximus |  
SponsoredSponsored 
Learn More 
Undo 
 
Perfect for casual daily playTravel through time from Stone Age to VikingsRise of 
Cultures |  
SponsoredSponsored 
Learn More 
Undo 
 
Take the scenic route in OregonPlan your trip to Oregon's outdoors for hiking trails, 
sweeping views and grand adventures.Travel Oregon |  
SponsoredSponsored 
Learn More 
Undo 
 
Write Better, Work Smarter With This Desktop AppImprove grammar, word choice, and 
sentence structure everywhere you work. Write better with Grammarly.Grammarly |  
SponsoredSponsored 
Install Now 
Undo 
 
More in your wallet, less on your mind with an auto refiWhen you refinance, you could 
get lower monthly payments. That means more money, miles and memories.Desert 
Financial Credit Union |  
SponsoredSponsored 
Learn More 
Undo 
 
Invest at $2.80/Share While You CanThe Chance to Make the Most of a $1.3T 
Opportunity Ends Soon. Learn How to Take Advantage Here.Pacaso |  
SponsoredSponsored 
Learn More 
Undo 
Language 
English 
Match Coverage 
All Match News 
 
Does Chris Gayle have the best career strike rate in the 
IPL? 
And who has faced the most dot balls before getting off the mark in an IPL chase? 
 
 
 
Bangladesh enhance their ODI credentials with dramatic 
Chelmsford win 
The team will be pleased to see their young batters taking leading roles and the tail 
finally generating some runs 
 
 
 
Andrew Balbirnie: Harry Tector can become 'one of the 
greats of Irish cricket'  
Mighty innings containing ten sixes continues impressive run of form for 23-year-old  
 
 
 
Najmul Hossain Shanto century, Mushfiqur Rahim 
finishing see Bangladesh to victory 
Harry Tector's career-best innings goes in vain as Ireland fall to final-over defeat 
 
 
 
Instant answers to T20 questions 
What is the lowest team total in the IPL? 
Which batter has hit the most sixes in an innings in the IPL? 
Which team has scored the most runs in death overs in an IPL match? 
Ask a question 
Bangladesh Innings 
Player Name 
R 
B 
Tamim 
Iqbal 
caught 
7 
13 
Litton Das caught 
21 
21 
Najmul 
Hossain 
Shanto 
caught 
117 
93 
Shakib Al 
Hasan 
caught 
26 
27 
Towhid 
Hridoy 
caught 
68 
58 
Mushfiqur 
Rahim 
not out 
36 
28 
Mehidy 
Hasan 
Miraz 
lbw 
19 
12 
Taijul 
Islam 
lbw 
9 
13 
Shoriful 
Islam 
not out 
4 
3 
Player Name 
R 
B 
Extras 
(b 1, lb 3, nb 1, w 8) 
Total 
320(7 wkts;",44.3,4,4.0,"Adair to Mushfiqur, FOUR runs  .And Mushfiqur does it for Bangladesh! Makes that life count. Glimmer of hope is  .enough for the veteran. Gets across off and ramps the length ball well over the  .wicketkeeper's head. Joy in the Bangladesh camp, not so in the Irish camp.  .Previous  .Next  .See all photos",Adair,Mushfiqur,4.0,1,0,1,1,4.0,0,,1
