raw_data,overs,runs,team_runs,commentary,bowler,batsman,batsman_runs,batsman_fours,batsman_sixes,batsman_bowls_faced,bowler_bowls_done,bowler_runs_given,bowler_wickets,dismissal,runs_given_bool
"0.1 
• 
Taskin to Gurbaz, no run 
Back of a length outside off at 136kph, Gurbaz pulls to mid-on",0.1,0,0.0,"Taskin to Gurbaz, no run  .Back of a length outside off at 136kph, Gurbaz pulls to mid-on",Taskin,Gurbaz,0.0,0,0,1,1,0.0,0,,0
"0.2 
• 
Taskin to Gurbaz, no run 
Full outside off, Gurbaz presses forward but shoulders arms",0.2,0,0.0,"Taskin to Gurbaz, no run  .Full outside off, Gurbaz presses forward but shoulders arms",Taskin,Gurbaz,0.0,0,0,1,1,0.0,0,,0
"0.3 
1 
Taskin to Gurbaz, 1 run 
On a length around off, Gurbaz drops it towards midwicket for a quick single to get 
Afghanistan's chase off the mark 
Aruna: ""So as a Sri Lankan I should either hope for Afghans to win or to be completely 
crushed. Right?"" Sounds about right.",0.3,1,1.0,"Taskin to Gurbaz, 1 run  .On a length around off, Gurbaz drops it towards midwicket for a quick single to get  .Afghanistan's chase off the mark",Taskin,Gurbaz,1.0,0,0,1,1,1.0,0,,1
"0.4 
• 
Taskin to Ibrahim Zadran, no run 
Length ball, wide of off and left alone by Zadran 
Afsha Afghan: ""My eight sense says that Afghanistan chase would end in 45 overs, 
winning or losing."" Let's see how this pans out!",0.4,0,0.0,"Taskin to Ibrahim Zadran, no run  .Length ball, wide of off and left alone by Zadran",Taskin,Ibrahim Zadran,0.0,0,0,1,1,0.0,0,,0
"0.5 
• 
Taskin to Ibrahim Zadran, no run 
Back of a length on off and he punches it towards point. They take off for a run but 
Zadran is sent back and he has to put in a dive as the throw at the striker's end goes 
wide",0.5,0,0.0,"Taskin to Ibrahim Zadran, no run  .Back of a length on off and he punches it towards point. They take off for a run but  .Zadran is sent back and he has to put in a dive as the throw at the striker's end goes  .wide",Taskin,Ibrahim Zadran,0.0,0,0,1,1,0.0,0,,0
"0.6 
• 
Taskin to Ibrahim Zadran, no run 
On a length on middle and off, Zadran defends 
end of over 11 run  
AFG: 1/0CRR: 1.00 • RRR: 6.81 • Need 334 runs from 49 overs 
Ibrahim Zadran0 (3b) 
Rahmanullah Gurbaz1 (3b) 
Taskin Ahmed 1-0-1-0 
Left-arm quick Shoriful Islam from the other end. From over the wicket",0.6,0,0.0,"Taskin to Ibrahim Zadran, no run  .On a length on middle and off, Zadran defends",Taskin,Ibrahim Zadran,0.0,0,0,1,1,0.0,0,,0
"1.1 
• 
Shoriful Islam to Gurbaz, no run 
Length ball outside off and angling away from the batter, who leaves it alone",1.1,0,0.0,"Shoriful Islam to Gurbaz, no run  .Length ball outside off and angling away from the batter, who leaves it alone",Shoriful Islam,Gurbaz,0.0,0,0,1,1,0.0,0,,0
"1.2 
• 
Shoriful Islam to Gurbaz, no run 
Bangladesh are up in appeal as Gurbaz misses his flick to a ball that pitches on a length 
on leg and straightens. Not given and they don't review",1.2,0,0.0,"Shoriful Islam to Gurbaz, no run  .Bangladesh are up in appeal as Gurbaz misses his flick to a ball that pitches on a length  .on leg and straightens. Not given and they don't review",Shoriful Islam,Gurbaz,0.0,0,0,1,1,0.0,0,,0
"1.3 
• 
Shoriful Islam to Gurbaz, no run 
Full on middle, he inside edges it onto his pads. Shoriful getting some inward movement 
Replays show that had Bangladesh reviewed that LBW shout, DRS would have returned 
three reds with the ball crashing into leg stump!",1.3,0,0.0,"Shoriful Islam to Gurbaz, no run  .Full on middle, he inside edges it onto his pads. Shoriful getting some inward movement  .Replays show that had Bangladesh reviewed that LBW shout, DRS would have returned  .three reds with the ball crashing into leg stump!",Shoriful Islam,Gurbaz,0.0,0,0,1,1,0.0,0,,0
"1.4 
W 
Shoriful Islam to Gurbaz, OUT 
But maybe it matters not! Gurbaz misses his flick again and this time it's given. Gurbaz 
reviews, though. This is full on middle and leg and swinging in. Was there any bat? 
Nope. It's umpire's call on wickets, with the ball clipping the leg bail according to ball 
tracking, so Gurbaz has to go! The non-review does not cost Bangladesh any runs as 
Gurbaz is gone two balls later and Shoriful has provided a huge breakthrough 
Rahmanullah Gurbaz lbw b Shoriful Islam 1 (7b 0x4 0x6 10m) SR: 14.28 
Rahmat Shah is in at No. 3",1.4,W,0.0,"Shoriful Islam to Gurbaz, OUT  .But maybe it matters not! Gurbaz misses his flick again and this time it's given. Gurbaz  .reviews, though. This is full on middle and leg and swinging in. Was there any bat?  .Nope. It's umpire's call on wickets, with the ball clipping the leg bail according to ball  .tracking, so Gurbaz has to go! The non-review does not cost Bangladesh any runs as  .Gurbaz is gone two balls later and Shoriful has provided a huge breakthrough  .Rahmanullah Gurbaz lbw b Shoriful Islam 1 (7b 0x4 0x6 10m) SR: 14.28",Shoriful Islam,Gurbaz,0.0,0,0,1,1,0.0,1,lbw b Shoriful Islam,0
"1.5 
• 
Shoriful Islam to Rahmat, no run 
Full on off, he clips it square off the inside half of the bat 
gurbaz: ""damn, i was manifesting gurbaz to score 200 and here he is gone on 0. uff "" 
Well, one not zero, if that's any consolation!",1.5,0,0.0,"Shoriful Islam to Rahmat, no run  .Full on off, he clips it square off the inside half of the bat",Shoriful Islam,Rahmat,0.0,0,0,1,1,0.0,0,,0
"1.6 
• 
Shoriful Islam to Rahmat, no run 
Fuller side of good length outside off and seaming in, Rahmat leaves it alone and 
Shoriful starts off with a wicket maiden! 
end of over 2Wicket maiden 
AFG: 1/1CRR: 0.50 • RRR: 6.95 • Need 334 runs from 48 overs 
Rahmat Shah0 (2b) 
Ibrahim Zadran0 (3b) 
Shoriful Islam 1-1-0-1 
Taskin Ahmed 1-0-1-0",1.6,0,0.0,"Shoriful Islam to Rahmat, no run  .Fuller side of good length outside off and seaming in, Rahmat leaves it alone and  .Shoriful starts off with a wicket maiden!",Shoriful Islam,Rahmat,0.0,0,0,1,1,0.0,0,,0
"2.1 
• 
Taskin to Ibrahim Zadran, no run 
Full and wide, swinging away, Zadran swishes at it away from his body and is beaten",2.1,0,0.0,"Taskin to Ibrahim Zadran, no run  .Full and wide, swinging away, Zadran swishes at it away from his body and is beaten",Taskin,Ibrahim Zadran,0.0,0,0,1,1,0.0,0,,0
"2.2 
• 
Taskin to Ibrahim Zadran, no run 
Length ball outside off sits up nicely and Zadran punches it to cover point",2.2,0,0.0,"Taskin to Ibrahim Zadran, no run  .Length ball outside off sits up nicely and Zadran punches it to cover point",Taskin,Ibrahim Zadran,0.0,0,0,1,1,0.0,0,,0
"2.3 
4 
Taskin to Ibrahim Zadran, FOUR runs 
Lovely stroke. Great placement. It's fuller and closer to off and Zadran opens the face to 
drive it square on the off side, perfectly bisecting cover point and backward point",2.3,4,4.0,"Taskin to Ibrahim Zadran, FOUR runs  .Lovely stroke. Great placement. It's fuller and closer to off and Zadran opens the face to  .drive it square on the off side, perfectly bisecting cover point and backward point",Taskin,Ibrahim Zadran,4.0,1,0,1,1,4.0,0,,1
"2.4 
4 
Taskin to Ibrahim Zadran, FOUR runs 
Stand and deliver! Stands tall on his back foot and punches this length ball through the 
point region. Back-to-back boundaries through the same area for Zadran",2.4,4,4.0,"Taskin to Ibrahim Zadran, FOUR runs  .Stand and deliver! Stands tall on his back foot and punches this length ball through the  .point region. Back-to-back boundaries through the same area for Zadran",Taskin,Ibrahim Zadran,4.0,1,0,1,1,4.0,0,,1
"2.5 
1 
Taskin to Ibrahim Zadran, 1 run 
Full and straight on middle, he parries it through midwicket for a single. They wanted a 
second but decided against it late",2.5,1,1.0,"Taskin to Ibrahim Zadran, 1 run  .Full and straight on middle, he parries it through midwicket for a single. They wanted a  .second but decided against it late",Taskin,Ibrahim Zadran,1.0,0,0,1,1,1.0,0,,1
"2.6 
• 
Taskin to Rahmat, no run 
Full on off, he clips it to square leg and wants a single, but is turned away by Zadran 
end of over 39 runs  
AFG: 10/1CRR: 3.33 • RRR: 6.91 • Need 325 runs from 47 overs 
Rahmat Shah0 (3b) 
Ibrahim Zadran9 (8b 2x4) 
Taskin Ahmed 2-0-10-0 
Shoriful Islam 1-1-0-1 
""Zadran to make 171, get to 1000 ODI runs and win the game."" Abhijit with a brave 
prediction.",2.6,0,0.0,"Taskin to Rahmat, no run  .Full on off, he clips it to square leg and wants a single, but is turned away by Zadran",Taskin,Rahmat,0.0,0,0,1,1,0.0,0,,0
"3.1 
1 
Shoriful Islam to Ibrahim Zadran, 1 run 
On a length on leg, Zadran nudges it through midwicket for a single. Shoriful concedes 
his first run",3.1,1,1.0,"Shoriful Islam to Ibrahim Zadran, 1 run  .On a length on leg, Zadran nudges it through midwicket for a single. Shoriful concedes  .his first run",Shoriful Islam,Ibrahim Zadran,1.0,0,0,1,1,1.0,0,,1
"3.2 
• 
Shoriful Islam to Rahmat, no run 
Bangs it in short on middle and leg, Rahmat sways out of the way and drops his hands 
as the ball goes across him",3.2,0,0.0,"Shoriful Islam to Rahmat, no run  .Bangs it in short on middle and leg, Rahmat sways out of the way and drops his hands  .as the ball goes across him",Shoriful Islam,Rahmat,0.0,0,0,1,1,0.0,0,,0
"3.3 
1 
Shoriful Islam to Rahmat, 1 run 
Full on middle and off, Rahmat clips it to mid-on for a quick single",3.3,1,1.0,"Shoriful Islam to Rahmat, 1 run  .Full on middle and off, Rahmat clips it to mid-on for a quick single",Shoriful Islam,Rahmat,1.0,0,0,1,1,1.0,0,,1
"3.4 
• 
Shoriful Islam to Ibrahim Zadran, no run 
Full on off, Zadran punches it out to mid-off 
Rifat: ""Everyone seems to be making predictions. So, here's min Afghanistan all out for 
240.""",3.4,0,0.0,"Shoriful Islam to Ibrahim Zadran, no run  .Full on off, Zadran punches it out to mid-off",Shoriful Islam,Ibrahim Zadran,0.0,0,0,1,1,0.0,0,,0
"3.5 
• 
Shoriful Islam to Ibrahim Zadran, no run 
Full outside off at 136kph, played out gently to cover 
Irfan Rahman: ""@Abhijeet. Here is a bolder prediction. Afghanistan wont make 171 let 
alone Zadran""",3.5,0,0.0,"Shoriful Islam to Ibrahim Zadran, no run  .Full outside off at 136kph, played out gently to cover",Shoriful Islam,Ibrahim Zadran,0.0,0,0,1,1,0.0,0,,0
"3.6 
• 
Shoriful Islam to Ibrahim Zadran, no run 
Zadran defends a length ball back to the bowler 
end of over 42 runs  
AFG: 12/1CRR: 3.00 • RRR: 7.02 • Need 323 runs from 46 overs 
Ibrahim Zadran10 (12b 2x4) 
Rahmat Shah1 (5b) 
Shoriful Islam 2-1-2-1 
Taskin Ahmed 2-0-10-0",3.6,0,0.0,"Shoriful Islam to Ibrahim Zadran, no run  .Zadran defends a length ball back to the bowler",Shoriful Islam,Ibrahim Zadran,0.0,0,0,1,1,0.0,0,,0
"4.1 
• 
Taskin to Rahmat, no run 
Bouncer outside off and Rahmat sways out of the way",4.1,0,0.0,"Taskin to Rahmat, no run  .Bouncer outside off and Rahmat sways out of the way",Taskin,Rahmat,0.0,0,0,1,1,0.0,0,,0
"4.2 
• 
Taskin to Rahmat, no run 
On a length outside off, parried to backward point",4.2,0,0.0,"Taskin to Rahmat, no run  .On a length outside off, parried to backward point",Taskin,Rahmat,0.0,0,0,1,1,0.0,0,,0
"4.3 
• 
Taskin to Rahmat, no run 
Dug in short and he plays a gentle pull along the ground to midwicket",4.3,0,0.0,"Taskin to Rahmat, no run  .Dug in short and he plays a gentle pull along the ground to midwicket",Taskin,Rahmat,0.0,0,0,1,1,0.0,0,,0
"4.4 
• 
Taskin to Rahmat, no run",4.4,0,0.0,"Taskin to Rahmat, no run",Taskin,Rahmat,0.0,0,0,1,1,0.0,0,,0
"4.5 
1 
Taskin to Rahmat, 1 run 
Rahmat runs a length ball down to deep third's right for a single",4.5,1,1.0,"Taskin to Rahmat, 1 run  .Rahmat runs a length ball down to deep third's right for a single",Taskin,Rahmat,1.0,0,0,1,1,1.0,0,,1
"4.6 
4 
Taskin to Ibrahim Zadran, FOUR runs 
Full and wide and Zadran reaches out to slap it through cover for four! Gets it just past 
the fielder 
end of over 55 runs  
AFG: 17/1CRR: 3.40 • RRR: 7.06 • Need 318 runs from 45 overs 
Ibrahim Zadran14 (13b 3x4) 
Rahmat Shah2 (10b) 
Taskin Ahmed 3-0-15-0 
Shoriful Islam 2-1-2-1",4.6,4,4.0,"Taskin to Ibrahim Zadran, FOUR runs  .Full and wide and Zadran reaches out to slap it through cover for four! Gets it just past  .the fielder",Taskin,Ibrahim Zadran,4.0,1,0,1,1,4.0,0,,1
"5.1 
• 
Shoriful Islam to Rahmat, no run 
Flung full outside off and he drives to cover 
Nouman: ""Everyone is talking about runs, I'm predicting shakib to take 3 wickets.""",5.1,0,0.0,"Shoriful Islam to Rahmat, no run  .Flung full outside off and he drives to cover",Shoriful Islam,Rahmat,0.0,0,0,1,1,0.0,0,,0
"5.2 
• 
Shoriful Islam to Rahmat, no run 
Dug in short on middle, Rahmat leaves it alone",5.2,0,0.0,"Shoriful Islam to Rahmat, no run  .Dug in short on middle, Rahmat leaves it alone",Shoriful Islam,Rahmat,0.0,0,0,1,1,0.0,0,,0
"5.3 
• 
Shoriful Islam to Rahmat, no run 
Full and wide, left alone",5.3,0,0.0,"Shoriful Islam to Rahmat, no run  .Full and wide, left alone",Shoriful Islam,Rahmat,0.0,0,0,1,1,0.0,0,,0
"5.4 
4 
Shoriful Islam to Rahmat, FOUR runs 
Threads the needle with a lovely cover drive! It's full just outside off and he caresses a 
drive between cover and mid-off",5.4,4,4.0,"Shoriful Islam to Rahmat, FOUR runs  .Threads the needle with a lovely cover drive! It's full just outside off and he caresses a  .drive between cover and mid-off",Shoriful Islam,Rahmat,4.0,1,0,1,1,4.0,0,,1
"5.5 
• 
Shoriful Islam to Rahmat, no run 
On a length on off, punched to cover off the back foot",5.5,0,0.0,"Shoriful Islam to Rahmat, no run  .On a length on off, punched to cover off the back foot",Shoriful Islam,Rahmat,0.0,0,0,1,1,0.0,0,,0
"5.6 
1 
Shoriful Islam to Rahmat, 1 run 
Short on leg, he swivels and pulls to deep backward square 
end of over 65 runs  
AFG: 22/1CRR: 3.66 • RRR: 7.11 • Need 313 runs from 44 overs 
Rahmat Shah7 (16b 1x4) 
Ibrahim Zadran14 (13b 3x4) 
Shoriful Islam 3-1-7-1 
Taskin Ahmed 3-0-15-0 
Jawad: ""Has zazai been playing for AFG..? Havent seen him for a long time"" Right now 
he is in the CPL, playing for Guyana Amazon Warriors. 
Here's Hasan Mahmud",5.6,1,1.0,"Shoriful Islam to Rahmat, 1 run  .Short on leg, he swivels and pulls to deep backward square",Shoriful Islam,Rahmat,1.0,0,0,1,1,1.0,0,,1
"6.1 
• 
Hasan Mahmud to Rahmat, no run 
Length ball outside off, punched to cover point",6.1,0,0.0,"Hasan Mahmud to Rahmat, no run  .Length ball outside off, punched to cover point",Hasan Mahmud,Rahmat,0.0,0,0,1,1,0.0,0,,0
"6.2 
• 
Hasan Mahmud to Rahmat, no run 
Full on a fourth-fifth stump line and he drives it back to the bowler. And then there's a bit 
of an argument as Mahmud threw the ball right back at Rahmat, who had to evade that. 
The Asia Cup is rarely short of drama, and can this spark a new rivalry? Hmm...",6.2,0,0.0,"Hasan Mahmud to Rahmat, no run  .Full on a fourth-fifth stump line and he drives it back to the bowler. And then there's a bit  .of an argument as Mahmud threw the ball right back at Rahmat, who had to evade that.  .The Asia Cup is rarely short of drama, and can this spark a new rivalry? Hmm...",Hasan Mahmud,Rahmat,0.0,0,0,1,1,0.0,0,,0
"6.3 
• 
Hasan Mahmud to Rahmat, no run 
On a length outside off, punched to backward point",6.3,0,0.0,"Hasan Mahmud to Rahmat, no run  .On a length outside off, punched to backward point",Hasan Mahmud,Rahmat,0.0,0,0,1,1,0.0,0,,0
"6.4 
• 
Hasan Mahmud to Rahmat, no run 
Bumper on off, Shah stays under it",6.4,0,0.0,"Hasan Mahmud to Rahmat, no run  .Bumper on off, Shah stays under it",Hasan Mahmud,Rahmat,0.0,0,0,1,1,0.0,0,,0
"6.5 
• 
Hasan Mahmud to Rahmat, no run 
Full around off, he drives to mid-on",6.5,0,0.0,"Hasan Mahmud to Rahmat, no run  .Full around off, he drives to mid-on",Hasan Mahmud,Rahmat,0.0,0,0,1,1,0.0,0,,0
"6.6 
• 
Hasan Mahmud to Rahmat, no run 
Short around off again, Rahmat sways away 
end of over 7Maiden 
AFG: 22/1CRR: 3.14 • RRR: 7.27 • Need 313 runs from 43 overs 
Rahmat Shah7 (22b 1x4) 
Ibrahim Zadran14 (13b 3x4) 
Hasan Mahmud 1-1-0-0 
Shoriful Islam 3-1-7-1",6.6,0,0.0,"Hasan Mahmud to Rahmat, no run  .Short around off again, Rahmat sways away",Hasan Mahmud,Rahmat,0.0,0,0,1,1,0.0,0,,0
"7.1 
• 
Shoriful Islam to Ibrahim Zadran, no run 
Fires it full and across Zadran, who looks for an expansive drive but misses",7.1,0,0.0,"Shoriful Islam to Ibrahim Zadran, no run  .Fires it full and across Zadran, who looks for an expansive drive but misses",Shoriful Islam,Ibrahim Zadran,0.0,0,0,1,1,0.0,0,,0
"7.2 
• 
Shoriful Islam to Ibrahim Zadran, no run 
Full on middle and leg, he gets an inside edge onto his pad and the ball rolls towards 
point. They decide against the single",7.2,0,0.0,"Shoriful Islam to Ibrahim Zadran, no run  .Full on middle and leg, he gets an inside edge onto his pad and the ball rolls towards  .point. They decide against the single",Shoriful Islam,Ibrahim Zadran,0.0,0,0,1,1,0.0,0,,0
"7.3 
• 
Shoriful Islam to Ibrahim Zadran, no run 
Full on off at 137kph, Zadran drives to cover",7.3,0,0.0,"Shoriful Islam to Ibrahim Zadran, no run  .Full on off at 137kph, Zadran drives to cover",Shoriful Islam,Ibrahim Zadran,0.0,0,0,1,1,0.0,0,,0
"7.4 
1 
Shoriful Islam to Ibrahim Zadran, 1 run 
Full on leg and he whips it away to deep square along the ground 
DaWolf: ""A lot of dot balls already considering the size of the target. Run rate steadily 
climbing. Not looking good for Afghanistan unless things change.""",7.4,1,1.0,"Shoriful Islam to Ibrahim Zadran, 1 run  .Full on leg and he whips it away to deep square along the ground",Shoriful Islam,Ibrahim Zadran,1.0,0,0,1,1,1.0,0,,1
"7.5 
• 
Shoriful Islam to Rahmat, no run 
Bouncer on leg and Rahmat sways away",7.5,0,0.0,"Shoriful Islam to Rahmat, no run  .Bouncer on leg and Rahmat sways away",Shoriful Islam,Rahmat,0.0,0,0,1,1,0.0,0,,0
"7.6 
• 
Shoriful Islam to Rahmat, no run 
Full outside off, he clips it to midwicket 
end of over 81 run  
AFG: 23/1CRR: 2.87 • RRR: 7.42 • Need 312 runs from 42 overs 
Rahmat Shah7 (24b 1x4) 
Ibrahim Zadran15 (17b 3x4) 
Shoriful Islam 4-1-8-1 
Hasan Mahmud 1-1-0-0",7.6,0,0.0,"Shoriful Islam to Rahmat, no run  .Full outside off, he clips it to midwicket",Shoriful Islam,Rahmat,0.0,0,0,1,1,0.0,0,,0
"8.1 
• 
Hasan Mahmud to Ibrahim Zadran, no run 
Pitched up outside off and he plays a nice cover drive but it goes to the fielder",8.1,0,0.0,"Hasan Mahmud to Ibrahim Zadran, no run  .Pitched up outside off and he plays a nice cover drive but it goes to the fielder",Hasan Mahmud,Ibrahim Zadran,0.0,0,0,1,1,0.0,0,,0
"8.2 
• 
Hasan Mahmud to Ibrahim Zadran, no run 
Another cover drive goes to the fielder as Hasan Mahmud pitches it up around off again",8.2,0,0.0,"Hasan Mahmud to Ibrahim Zadran, no run  .Another cover drive goes to the fielder as Hasan Mahmud pitches it up around off again",Hasan Mahmud,Ibrahim Zadran,0.0,0,0,1,1,0.0,0,,0
"8.3 
4 
Hasan Mahmud to Ibrahim Zadran, FOUR runs 
Cracking drive. This time it's full and a little wider, Zadran waits on it and opens the face 
of the bat to drive it behind point",8.3,4,4.0,"Hasan Mahmud to Ibrahim Zadran, FOUR runs  .Cracking drive. This time it's full and a little wider, Zadran waits on it and opens the face  .of the bat to drive it behind point",Hasan Mahmud,Ibrahim Zadran,4.0,1,0,1,1,4.0,0,,1
"8.4 
• 
Hasan Mahmud to Ibrahim Zadran, no run 
On a length around off, he punches to cover",8.4,0,0.0,"Hasan Mahmud to Ibrahim Zadran, no run  .On a length around off, he punches to cover",Hasan Mahmud,Ibrahim Zadran,0.0,0,0,1,1,0.0,0,,0
"8.5 
1 
Hasan Mahmud to Ibrahim Zadran, 1 run 
Full on off, he flicks it away to deep square leg",8.5,1,1.0,"Hasan Mahmud to Ibrahim Zadran, 1 run  .Full on off, he flicks it away to deep square leg",Hasan Mahmud,Ibrahim Zadran,1.0,0,0,1,1,1.0,0,,1
"8.6 
4 
Hasan Mahmud to Rahmat, FOUR runs 
Lovely on-drive! Pitched up on off and he meets it with the full face of the bat and 
pushes it past the bowler's right. Easy on the eyes 
end of over 99 runs  
AFG: 32/1CRR: 3.55 • RRR: 7.39 • Need 303 runs from 41 overs 
Rahmat Shah11 (25b 2x4) 
Ibrahim Zadran20 (22b 4x4) 
Hasan Mahmud 2-1-9-0 
Shoriful Islam 4-1-8-1 
Spin into the attack for the first time from Bangladesh. It's the skipper, Shakib Al Hasan",8.6,4,4.0,"Hasan Mahmud to Rahmat, FOUR runs  .Lovely on-drive! Pitched up on off and he meets it with the full face of the bat and  .pushes it past the bowler's right. Easy on the eyes",Hasan Mahmud,Rahmat,4.0,1,0,1,1,4.0,0,,1
"9.1 
1 
Shakib to Ibrahim Zadran, 1 run 
Length ball on off, he punches to mid-off where the fielder fumbles allowing an easy 
single",9.1,1,1.0,"Shakib to Ibrahim Zadran, 1 run  .Length ball on off, he punches to mid-off where the fielder fumbles allowing an easy  .single",Shakib,Ibrahim Zadran,1.0,0,0,1,1,1.0,0,,1
"9.2 
• 
Shakib to Rahmat, no run 
Length ball on off, he goes back to punch to cover",9.2,0,0.0,"Shakib to Rahmat, no run  .Length ball on off, he goes back to punch to cover",Shakib,Rahmat,0.0,0,0,1,1,0.0,0,,0
"9.3 
4 
Shakib to Rahmat, FOUR runs 
Nicely played! Length ball is coming in and he just waits on it before nudging it past 
midwicket",9.3,4,4.0,"Shakib to Rahmat, FOUR runs  .Nicely played! Length ball is coming in and he just waits on it before nudging it past  .midwicket",Shakib,Rahmat,4.0,1,0,1,1,4.0,0,,1
"9.4 
• 
Shakib to Rahmat, no run",9.4,0,0.0,"Shakib to Rahmat, no run",Shakib,Rahmat,0.0,0,0,1,1,0.0,0,,0
"9.5 
• 
Shakib to Rahmat, no run 
On a lenth around off, he punches to cover",9.5,0,0.0,"Shakib to Rahmat, no run  .On a lenth around off, he punches to cover",Shakib,Rahmat,0.0,0,0,1,1,0.0,0,,0
"9.6 
• 
Shakib to Rahmat, no run 
Clipped to midwicket 
end of over 105 runs  
AFG: 37/1CRR: 3.70 • RRR: 7.45 • Need 298 runs from 40 overs 
Rahmat Shah15 (30b 3x4) 
Ibrahim Zadran21 (23b 4x4) 
Shakib Al Hasan 1-0-5-0 
Hasan Mahmud 2-1-9-0 
So Afghanistan have reached 37 after 10 overs. They need to start picking up the pace",9.6,0,0.0,"Shakib to Rahmat, no run  .Clipped to midwicket",Shakib,Rahmat,0.0,0,0,1,1,0.0,0,,0
"10.1 
• 
Hasan Mahmud to Ibrahim Zadran, no run 
Length ball outside off beats the outside edge 
Wajid Jawaid: ""Error 404: Not found- the Afghanistan team that takes the field in 
matches against Pakistan.""",10.1,0,0.0,"Hasan Mahmud to Ibrahim Zadran, no run  .Length ball outside off beats the outside edge",Hasan Mahmud,Ibrahim Zadran,0.0,0,0,1,1,0.0,0,,0
"10.2 
• 
Hasan Mahmud to Ibrahim Zadran, no run 
Full outside off, he drives gently to mid-off",10.2,0,0.0,"Hasan Mahmud to Ibrahim Zadran, no run  .Full outside off, he drives gently to mid-off",Hasan Mahmud,Ibrahim Zadran,0.0,0,0,1,1,0.0,0,,0
"10.3 
4 
Hasan Mahmud to Ibrahim Zadran, FOUR runs 
That's short and that's pulled away behind square! Swivels and places it wide of deep 
fine leg",10.3,4,4.0,"Hasan Mahmud to Ibrahim Zadran, FOUR runs  .That's short and that's pulled away behind square! Swivels and places it wide of deep  .fine leg",Hasan Mahmud,Ibrahim Zadran,4.0,1,0,1,1,4.0,0,,1
"10.4 
1 
Hasan Mahmud to Ibrahim Zadran, 1 run 
Full outside off, hint of seam movement back in as Ibrahim looks to drive and gets an 
inside edge down to deep fine",10.4,1,1.0,"Hasan Mahmud to Ibrahim Zadran, 1 run  .Full outside off, hint of seam movement back in as Ibrahim looks to drive and gets an  .inside edge down to deep fine",Hasan Mahmud,Ibrahim Zadran,1.0,0,0,1,1,1.0,0,,1
"10.5 
• 
Hasan Mahmud to Rahmat, no run 
Full around off, he drives it back to mid-off",10.5,0,0.0,"Hasan Mahmud to Rahmat, no run  .Full around off, he drives it back to mid-off",Hasan Mahmud,Rahmat,0.0,0,0,1,1,0.0,0,,0
"10.6 
• 
Hasan Mahmud to Rahmat, no run 
Bouncer just outside off, Rahmat sways out of the line 
end of over 115 runs  
AFG: 42/1CRR: 3.81 • RRR: 7.51 • Need 293 runs from 39 overs 
Rahmat Shah15 (32b 3x4) 
Ibrahim Zadran26 (27b 5x4) 
Hasan Mahmud 3-1-14-0 
Shakib Al Hasan 1-0-5-0",10.6,0,0.0,"Hasan Mahmud to Rahmat, no run  .Bouncer just outside off, Rahmat sways out of the line",Hasan Mahmud,Rahmat,0.0,0,0,1,1,0.0,0,,0
"11.1 
1 
Shakib to Ibrahim Zadran, 1 run 
Drives the full delivery out to long-off",11.1,1,1.0,"Shakib to Ibrahim Zadran, 1 run  .Drives the full delivery out to long-off",Shakib,Ibrahim Zadran,1.0,0,0,1,1,1.0,0,,1
"11.2 
• 
Shakib to Rahmat, no run 
On a length just outside off and he punches it straight of cover who runs to his right to 
stop that",11.2,0,0.0,"Shakib to Rahmat, no run  .On a length just outside off and he punches it straight of cover who runs to his right to  .stop that",Shakib,Rahmat,0.0,0,0,1,1,0.0,0,,0
"11.3 
• 
Shakib to Rahmat, no run 
Cut to backward point",11.3,0,0.0,"Shakib to Rahmat, no run  .Cut to backward point",Shakib,Rahmat,0.0,0,0,1,1,0.0,0,,0
"11.4 
• 
Shakib to Rahmat, no run 
Flicks it to midwicket",11.4,0,0.0,"Shakib to Rahmat, no run  .Flicks it to midwicket",Shakib,Rahmat,0.0,0,0,1,1,0.0,0,,0
"11.5 
• 
Shakib to Rahmat, no run 
Rahmat misses his sweep and Shakib is up in appeal. This was tossed full on leg. Turns 
out he had gloved it after all",11.5,0,0.0,"Shakib to Rahmat, no run  .Rahmat misses his sweep and Shakib is up in appeal. This was tossed full on leg. Turns  .out he had gloved it after all",Shakib,Rahmat,0.0,0,0,1,1,0.0,0,,0
"11.6 
1 
Shakib to Rahmat, 1 run 
Tossed up full and he drives it out to long-off 
end of over 122 runs  
AFG: 44/1CRR: 3.66 • RRR: 7.65 • Need 291 runs from 38 overs 
Rahmat Shah16 (37b 3x4) 
Ibrahim Zadran27 (28b 5x4) 
Shakib Al Hasan 2-0-7-0 
Hasan Mahmud 3-1-14-0",11.6,1,1.0,"Shakib to Rahmat, 1 run  .Tossed up full and he drives it out to long-off",Shakib,Rahmat,1.0,0,0,1,1,1.0,0,,1
"12.1 
• 
Hasan Mahmud to Rahmat, no run 
On a length just outside off, he punches to cover",12.1,0,0.0,"Hasan Mahmud to Rahmat, no run  .On a length just outside off, he punches to cover",Hasan Mahmud,Rahmat,0.0,0,0,1,1,0.0,0,,0
"12.2 
1 
Hasan Mahmud to Rahmat, 1 run 
Full and wide, he drives it square to the fielder in the deep",12.2,1,1.0,"Hasan Mahmud to Rahmat, 1 run  .Full and wide, he drives it square to the fielder in the deep",Hasan Mahmud,Rahmat,1.0,0,0,1,1,1.0,0,,1
"12.3 
• 
Hasan Mahmud to Ibrahim Zadran, no run 
Length ball on off, defended back to the bowler",12.3,0,0.0,"Hasan Mahmud to Ibrahim Zadran, no run  .Length ball on off, defended back to the bowler",Hasan Mahmud,Ibrahim Zadran,0.0,0,0,1,1,0.0,0,,0
"12.4 
• 
Hasan Mahmud to Ibrahim Zadran, no run 
On a length outside off, steered to backward point",12.4,0,0.0,"Hasan Mahmud to Ibrahim Zadran, no run  .On a length outside off, steered to backward point",Hasan Mahmud,Ibrahim Zadran,0.0,0,0,1,1,0.0,0,,0
"12.5 
4 
Hasan Mahmud to Ibrahim Zadran, FOUR runs 
Zadran gets a four with another open-face drive behind point! Deep third was running in 
but couldn't get there",12.5,4,4.0,"Hasan Mahmud to Ibrahim Zadran, FOUR runs  .Zadran gets a four with another open-face drive behind point! Deep third was running in  .but couldn't get there",Hasan Mahmud,Ibrahim Zadran,4.0,1,0,1,1,4.0,0,,1
"12.6 
1 
Hasan Mahmud to Ibrahim Zadran, 1 run 
Length ball on off and he punches in front of cover point for a single. Brings the fifty up 
for Afghanistan 
end of over 136 runs  
AFG: 50/1CRR: 3.84 • RRR: 7.70 • Need 285 runs from 37 overs 
Ibrahim Zadran32 (32b 6x4) 
Rahmat Shah17 (39b 3x4) 
Hasan Mahmud 4-1-20-0 
Shakib Al Hasan 2-0-7-0",12.6,1,1.0,"Hasan Mahmud to Ibrahim Zadran, 1 run  .Length ball on off and he punches in front of cover point for a single. Brings the fifty up  .for Afghanistan",Hasan Mahmud,Ibrahim Zadran,1.0,0,0,1,1,1.0,0,,1
"13.1 
1 
Shakib to Ibrahim Zadran, 1 run 
Full on off, he drives to wide long-off",13.1,1,1.0,"Shakib to Ibrahim Zadran, 1 run  .Full on off, he drives to wide long-off",Shakib,Ibrahim Zadran,1.0,0,0,1,1,1.0,0,,1
"13.2 
• 
Shakib to Rahmat, no run 
Full on leg, he clips it through midwicket",13.2,0,0.0,"Shakib to Rahmat, no run  .Full on leg, he clips it through midwicket",Shakib,Rahmat,0.0,0,0,1,1,0.0,0,,0
"13.3 
1 
Shakib to Rahmat, 1 run 
Tossed up around off, it's driven out to wide long-off",13.3,1,1.0,"Shakib to Rahmat, 1 run  .Tossed up around off, it's driven out to wide long-off",Shakib,Rahmat,1.0,0,0,1,1,1.0,0,,1
"13.4 
1 
Shakib to Ibrahim Zadran, 1 run 
Tossed up outside off and he hits a cover drive to the sweeper",13.4,1,1.0,"Shakib to Ibrahim Zadran, 1 run  .Tossed up outside off and he hits a cover drive to the sweeper",Shakib,Ibrahim Zadran,1.0,0,0,1,1,1.0,0,,1
"13.5 
4 
Shakib to Rahmat, FOUR runs 
Driven just past Shakib and Rahmat picks up four! This is full and he dances down to hit 
it uppishly past the bowler. Long-off was quite wide and he ran across and tried to stop 
it but the ball rolls onto the rope",13.5,4,4.0,"Shakib to Rahmat, FOUR runs  .Driven just past Shakib and Rahmat picks up four! This is full and he dances down to hit  .it uppishly past the bowler. Long-off was quite wide and he ran across and tried to stop  .it but the ball rolls onto the rope",Shakib,Rahmat,4.0,1,0,1,1,4.0,0,,1
"13.6 
4 
Shakib to Rahmat, FOUR runs 
Swept behind square for back-to-back boundaries now. This was tossed up on leg and 
he nailed the sweep 
end of over 1411 runs  
AFG: 61/1CRR: 4.35 • RRR: 7.61 • Need 274 runs from 36 overs 
Rahmat Shah26 (43b 5x4) 
Ibrahim Zadran34 (34b 6x4) 
Shakib Al Hasan 3-0-18-0 
Hasan Mahmud 4-1-20-0 
Afif Hossein is on to bowl. Around the wicket",13.6,4,4.0,"Shakib to Rahmat, FOUR runs  .Swept behind square for back-to-back boundaries now. This was tossed up on leg and  .he nailed the sweep",Shakib,Rahmat,4.0,1,0,1,1,4.0,0,,1
"14.1 
4 
Afif to Ibrahim Zadran, FOUR runs 
On a length outside off and Zadran imperiously slaps this away through cover for four",14.1,4,4.0,"Afif to Ibrahim Zadran, FOUR runs  .On a length outside off and Zadran imperiously slaps this away through cover for four",Afif,Ibrahim Zadran,4.0,1,0,1,1,4.0,0,,1
"14.2 
1 
Afif to Ibrahim Zadran, 1 run 
Tossed up full on leg, he comes forward and drives it down to long-on",14.2,1,1.0,"Afif to Ibrahim Zadran, 1 run  .Tossed up full on leg, he comes forward and drives it down to long-on",Afif,Ibrahim Zadran,1.0,0,0,1,1,1.0,0,,1
"14.3 
• 
Afif to Rahmat, no run 
Full on off, driven down the ground to mid-off",14.3,0,0.0,"Afif to Rahmat, no run  .Full on off, driven down the ground to mid-off",Afif,Rahmat,0.0,0,0,1,1,0.0,0,,0
"14.4 
• 
Afif to Rahmat, no run 
Full on middle, eased to midwicket",14.4,0,0.0,"Afif to Rahmat, no run  .Full on middle, eased to midwicket",Afif,Rahmat,0.0,0,0,1,1,0.0,0,,0
"14.5 
1 
Afif to Rahmat, 1 run 
Short-ish outside off and he cuts it away to deep point",14.5,1,1.0,"Afif to Rahmat, 1 run  .Short-ish outside off and he cuts it away to deep point",Afif,Rahmat,1.0,0,0,1,1,1.0,0,,1
"14.6 
• 
Afif to Ibrahim Zadran, no run 
Tossed up on off and Zadran can only drive it back to the bowler. Reacts with 
frustration on not hitting that better 
end of over 156 runs  
AFG: 67/1CRR: 4.46 • RRR: 7.65 • Need 268 runs from 35 overs 
Ibrahim Zadran39 (37b 7x4) 
Rahmat Shah27 (46b 5x4) 
Afif Hossain 1-0-6-0 
Shakib Al Hasan 3-0-18-0 
Taskin returns",14.6,0,0.0,"Afif to Ibrahim Zadran, no run  .Tossed up on off and Zadran can only drive it back to the bowler. Reacts with  .frustration on not hitting that better",Afif,Ibrahim Zadran,0.0,0,0,1,1,0.0,0,,0
"15.1 
• 
Taskin to Rahmat, no run 
On a length on off, he fends towards midwicket",15.1,0,0.0,"Taskin to Rahmat, no run  .On a length on off, he fends towards midwicket",Taskin,Rahmat,0.0,0,0,1,1,0.0,0,,0
"15.2 
• 
Taskin to Rahmat, no run 
Full outside off and angling in, Rahmat clips it to midwicket 
Strategically_p: ""Any update on Miraz? Will he bowl?"" Not on the field so far, so looks 
unlikely.",15.2,0,0.0,"Taskin to Rahmat, no run  .Full outside off and angling in, Rahmat clips it to midwicket",Taskin,Rahmat,0.0,0,0,1,1,0.0,0,,0
"15.3 
1 
Taskin to Rahmat, 1 run 
Dug in short outside off but Rahmat just stabs at it and is able to dab it down to deep 
third",15.3,1,1.0,"Taskin to Rahmat, 1 run  .Dug in short outside off but Rahmat just stabs at it and is able to dab it down to deep  .third",Taskin,Rahmat,1.0,0,0,1,1,1.0,0,,1
"15.4 
1w 
Taskin to Ibrahim Zadran, 1 wide 
Bouncer outside off, left alone. But that was too high and called wide",15.4,1w,1.0,"Taskin to Ibrahim Zadran, 1 wide  .Bouncer outside off, left alone. But that was too high and called wide",Taskin,Ibrahim Zadran,0.0,0,0,0,0,1.0,0,,1
"15.4 
• 
Taskin to Ibrahim Zadran, no run 
Length ball on off, he nudges it down",15.4,0,0.0,"Taskin to Ibrahim Zadran, no run  .Length ball on off, he nudges it down",Taskin,Ibrahim Zadran,0.0,0,0,1,1,0.0,0,,0
"15.5 
1 
Taskin to Ibrahim Zadran, 1 run 
Length ball outside off, punched gently to sweeper cover",15.5,1,1.0,"Taskin to Ibrahim Zadran, 1 run  .Length ball outside off, punched gently to sweeper cover",Taskin,Ibrahim Zadran,1.0,0,0,1,1,1.0,0,,1
"15.6 
2 
Taskin to Rahmat, 2 runs 
On a length outside off and he punches it to the sweeper's right for two 
And with that, it's time for drinks. Bangladesh have kept the runs under control, but will 
want wickets soon. With Mehidy possibly unable to bowl, they may feel a little light in 
the department 
end of over 165 runs  
AFG: 72/1CRR: 4.50 • RRR: 7.73 • Need 263 runs from 34 overs 
Rahmat Shah30 (50b 5x4) 
Ibrahim Zadran40 (39b 7x4) 
Taskin Ahmed 4-0-20-0 
Afif Hossain 1-0-6-0 
Scratch that! Mehidy Hasan Miraz is back and he is into the attack! And because it was 
an on-field injury, he can bowl straight away.",15.6,2,2.0,"Taskin to Rahmat, 2 runs  .On a length outside off and he punches it to the sweeper's right for two  .And with that, it's time for drinks. Bangladesh have kept the runs under control, but will  .want wickets soon. With Mehidy possibly unable to bowl, they may feel a little light in  .the department",Taskin,Rahmat,2.0,0,0,1,1,2.0,0,,1
"16.1 
1 
Mehidy Hasan Miraz to Ibrahim Zadran, 1 run 
On a length on middle and off, tucked square for a single",16.1,1,1.0,"Mehidy Hasan Miraz to Ibrahim Zadran, 1 run  .On a length on middle and off, tucked square for a single",Mehidy Hasan Miraz,Ibrahim Zadran,1.0,0,0,1,1,1.0,0,,1
"16.2 
1 
Mehidy Hasan Miraz to Rahmat, 1 run 
Length ball on off, he clips it away square 
Shakib is off the field now and Mushfiqur is deputising in his absence",16.2,1,1.0,"Mehidy Hasan Miraz to Rahmat, 1 run  .Length ball on off, he clips it away square  .Shakib is off the field now and Mushfiqur is deputising in his absence",Mehidy Hasan Miraz,Rahmat,1.0,0,0,1,1,1.0,0,,1
"16.3 
1 
Mehidy Hasan Miraz to Ibrahim Zadran, 1 run 
Length ball spinning in from outside off, he punches it out to deep point",16.3,1,1.0,"Mehidy Hasan Miraz to Ibrahim Zadran, 1 run  .Length ball spinning in from outside off, he punches it out to deep point",Mehidy Hasan Miraz,Ibrahim Zadran,1.0,0,0,1,1,1.0,0,,1
"16.4 
• 
Mehidy Hasan Miraz to Rahmat, no run 
Full on leg, he goes for the flick and misses 
Aeman: ""Great to see Mehdi fit and back in action.""",16.4,0,0.0,"Mehidy Hasan Miraz to Rahmat, no run  .Full on leg, he goes for the flick and misses",Mehidy Hasan Miraz,Rahmat,0.0,0,0,1,1,0.0,0,,0
"16.5 
• 
Mehidy Hasan Miraz to Rahmat, no run",16.5,0,0.0,"Mehidy Hasan Miraz to Rahmat, no run",Mehidy Hasan Miraz,Rahmat,0.0,0,0,1,1,0.0,0,,0
"16.6 
1 
Mehidy Hasan Miraz to Rahmat, 1 run 
Length ball ending up on leg is clipped away to deep square 
end of over 174 runs  
AFG: 76/1CRR: 4.47 • RRR: 7.84 • Need 259 runs from 33 overs 
Rahmat Shah32 (54b 5x4) 
Ibrahim Zadran42 (41b 7x4) 
Mehidy Hasan Miraz 1-0-4-0 
Taskin Ahmed 4-0-20-0",16.6,1,1.0,"Mehidy Hasan Miraz to Rahmat, 1 run  .Length ball ending up on leg is clipped away to deep square",Mehidy Hasan Miraz,Rahmat,1.0,0,0,1,1,1.0,0,,1
"17.1 
1w 
Taskin to Rahmat, 1 wide 
Bouncer on off and Mushfiqur has to leap to his left to stop that from running away. 
Called wide for height",17.1,1w,1.0,"Taskin to Rahmat, 1 wide  .Bouncer on off and Mushfiqur has to leap to his left to stop that from running away.  .Called wide for height",Taskin,Rahmat,0.0,0,0,0,0,1.0,0,,1
"17.1 
1 
Taskin to Rahmat, 1 run 
Length ball outside off, he runs it to deep point",17.1,1,1.0,"Taskin to Rahmat, 1 run  .Length ball outside off, he runs it to deep point",Taskin,Rahmat,1.0,0,0,1,1,1.0,0,,1
"17.2 
• 
Taskin to Ibrahim Zadran, no run 
On a length on off, he punches it to point",17.2,0,0.0,"Taskin to Ibrahim Zadran, no run  .On a length on off, he punches it to point",Taskin,Ibrahim Zadran,0.0,0,0,1,1,0.0,0,,0
"17.3 
1 
Taskin to Ibrahim Zadran, 1 run 
Pitched up and he drives to the sweeper's right",17.3,1,1.0,"Taskin to Ibrahim Zadran, 1 run  .Pitched up and he drives to the sweeper's right",Taskin,Ibrahim Zadran,1.0,0,0,1,1,1.0,0,,1
"17.4 
• 
Taskin to Rahmat, no run 
Full around off, defended back to the bowler's left",17.4,0,0.0,"Taskin to Rahmat, no run  .Full around off, defended back to the bowler's left",Taskin,Rahmat,0.0,0,0,1,1,0.0,0,,0
"17.5 
W 
Taskin to Rahmat, OUT 
Bowled 'im! It's a back-of-length offcutter and the lack of bounce does Rahmat Shah in 
as he looks to swing across the line. Taskin gets the breakthrough 
Rahmat Shah b Taskin Ahmed 33 (57b 5x4 0x6 66m) SR: 57.89 
Hashmatullah Shahidi is in at No. 4",17.5,W,0.0,"Taskin to Rahmat, OUT  .Bowled 'im! It's a back-of-length offcutter and the lack of bounce does Rahmat Shah in  .as he looks to swing across the line. Taskin gets the breakthrough  .Rahmat Shah b Taskin Ahmed 33 (57b 5x4 0x6 66m) SR: 57.89",Taskin,Rahmat,0.0,0,0,1,1,0.0,1,b Taskin Ahmed,0
"17.6 
• 
Taskin to Hashmatullah, no run 
Full outside off and going across, Shahidi leaves it alone 
end of over 183 runs • 1 wicket 
AFG: 79/2CRR: 4.38 • RRR: 8.00 • Need 256 runs from 32 overs 
Hashmatullah Shahidi0 (1b) 
Ibrahim Zadran43 (43b 7x4) 
Taskin Ahmed 5-0-23-1 
Mehidy Hasan Miraz 1-0-4-0",17.6,0,0.0,"Taskin to Hashmatullah, no run  .Full outside off and going across, Shahidi leaves it alone",Taskin,Hashmatullah,0.0,0,0,1,1,0.0,0,,0
"18.1 
1 
Mehidy Hasan Miraz to Ibrahim Zadran, 1 run 
Tossed up full on middle and off, he clips it away through midwicket",18.1,1,1.0,"Mehidy Hasan Miraz to Ibrahim Zadran, 1 run  .Tossed up full on middle and off, he clips it away through midwicket",Mehidy Hasan Miraz,Ibrahim Zadran,1.0,0,0,1,1,1.0,0,,1
"18.2 
1 
Mehidy Hasan Miraz to Hashmatullah, 1 run 
Tossed up outside off, Shahidi pushes it square on the off side for a quick single",18.2,1,1.0,"Mehidy Hasan Miraz to Hashmatullah, 1 run  .Tossed up outside off, Shahidi pushes it square on the off side for a quick single",Mehidy Hasan Miraz,Hashmatullah,1.0,0,0,1,1,1.0,0,,1
"18.3 
1 
Mehidy Hasan Miraz to Ibrahim Zadran, 1 run 
Tossed up on a length on leg, he nudges it square and gets another single",18.3,1,1.0,"Mehidy Hasan Miraz to Ibrahim Zadran, 1 run  .Tossed up on a length on leg, he nudges it square and gets another single",Mehidy Hasan Miraz,Ibrahim Zadran,1.0,0,0,1,1,1.0,0,,1
"18.4 
• 
Mehidy Hasan Miraz to Hashmatullah, no run 
On a length around off, he punches it square",18.4,0,0.0,"Mehidy Hasan Miraz to Hashmatullah, no run  .On a length around off, he punches it square",Mehidy Hasan Miraz,Hashmatullah,0.0,0,0,1,1,0.0,0,,0
"18.5 
• 
Mehidy Hasan Miraz to Hashmatullah, no run 
Tossed up around off, he drives it back to the bowler",18.5,0,0.0,"Mehidy Hasan Miraz to Hashmatullah, no run  .Tossed up around off, he drives it back to the bowler",Mehidy Hasan Miraz,Hashmatullah,0.0,0,0,1,1,0.0,0,,0
"18.6 
• 
Mehidy Hasan Miraz to Hashmatullah, no run 
On a length outside off, he looks to slap it away on the off side but gets an inside edge 
onto his boots 
end of over 193 runs  
AFG: 82/2CRR: 4.31 • RRR: 8.16 • Need 253 runs from 31 overs 
Hashmatullah Shahidi1 (5b) 
Ibrahim Zadran45 (45b 7x4) 
Mehidy Hasan Miraz 2-0-7-0 
Taskin Ahmed 5-0-23-1",18.6,0,0.0,"Mehidy Hasan Miraz to Hashmatullah, no run  .On a length outside off, he looks to slap it away on the off side but gets an inside edge  .onto his boots",Mehidy Hasan Miraz,Hashmatullah,0.0,0,0,1,1,0.0,0,,0
"19.1 
• 
Taskin to Ibrahim Zadran, no run 
On a length on off, he nudges to midwicket",19.1,0,0.0,"Taskin to Ibrahim Zadran, no run  .On a length on off, he nudges to midwicket",Taskin,Ibrahim Zadran,0.0,0,0,1,1,0.0,0,,0
"19.2 
• 
Taskin to Ibrahim Zadran, no run 
Full on off and he drives it back to the bowler on the bounce and Taskin gets a hand to it 
to deflect it to cover",19.2,0,0.0,"Taskin to Ibrahim Zadran, no run  .Full on off and he drives it back to the bowler on the bounce and Taskin gets a hand to it  .to deflect it to cover",Taskin,Ibrahim Zadran,0.0,0,0,1,1,0.0,0,,0
"19.3 
4 
Taskin to Ibrahim Zadran, FOUR runs 
Pulled away through midwicket for four! Dug in short around off and Zadran can stretch 
his arms pull through the gap",19.3,4,4.0,"Taskin to Ibrahim Zadran, FOUR runs  .Pulled away through midwicket for four! Dug in short around off and Zadran can stretch  .his arms pull through the gap",Taskin,Ibrahim Zadran,4.0,1,0,1,1,4.0,0,,1
"19.4 
• 
Taskin to Ibrahim Zadran, no run 
On a length outside off, he steers it to backward point",19.4,0,0.0,"Taskin to Ibrahim Zadran, no run  .On a length outside off, he steers it to backward point",Taskin,Ibrahim Zadran,0.0,0,0,1,1,0.0,0,,0
"19.5 
• 
Taskin to Ibrahim Zadran, no run 
On a length on off, Zadran defends back to the bowler",19.5,0,0.0,"Taskin to Ibrahim Zadran, no run  .On a length on off, Zadran defends back to the bowler",Taskin,Ibrahim Zadran,0.0,0,0,1,1,0.0,0,,0
"19.6 
• 
Taskin to Ibrahim Zadran, no run 
Length ball outside off, he steers to backward point 
end of over 204 runs  
AFG: 86/2CRR: 4.30 • RRR: 8.30 • Need 249 runs from 30 overs 
Ibrahim Zadran49 (51b 8x4) 
Hashmatullah Shahidi1 (5b) 
Taskin Ahmed 6-0-27-1 
Mehidy Hasan Miraz 2-0-7-0",19.6,0,0.0,"Taskin to Ibrahim Zadran, no run  .Length ball outside off, he steers to backward point",Taskin,Ibrahim Zadran,0.0,0,0,1,1,0.0,0,,0
"20.1 
1 
Mehidy Hasan Miraz to Hashmatullah, 1 run 
Drives down the ground to long-off",20.1,1,1.0,"Mehidy Hasan Miraz to Hashmatullah, 1 run  .Drives down the ground to long-off",Mehidy Hasan Miraz,Hashmatullah,1.0,0,0,1,1,1.0,0,,1
"20.2 
1 
Mehidy Hasan Miraz to Ibrahim Zadran, 1 run 
Full on leg, he nudges it square and gets to a well deserved fifty!",20.2,1,1.0,"Mehidy Hasan Miraz to Ibrahim Zadran, 1 run  .Full on leg, he nudges it square and gets to a well deserved fifty!",Mehidy Hasan Miraz,Ibrahim Zadran,1.0,0,0,1,1,1.0,0,,1
"20.3 
1 
Mehidy Hasan Miraz to Hashmatullah, 1 run 
Tossed up full outside off, Shahidi drives it out to the sweeper cover",20.3,1,1.0,"Mehidy Hasan Miraz to Hashmatullah, 1 run  .Tossed up full outside off, Shahidi drives it out to the sweeper cover",Mehidy Hasan Miraz,Hashmatullah,1.0,0,0,1,1,1.0,0,,1
"20.4 
• 
Mehidy Hasan Miraz to Ibrahim Zadran, no run 
Zadran looks to drive this full delivery but it comes off the inside half to midwicket",20.4,0,0.0,"Mehidy Hasan Miraz to Ibrahim Zadran, no run  .Zadran looks to drive this full delivery but it comes off the inside half to midwicket",Mehidy Hasan Miraz,Ibrahim Zadran,0.0,0,0,1,1,0.0,0,,0
"20.5 
• 
Mehidy Hasan Miraz to Ibrahim Zadran, no run 
Length ball on off, he punches it back to the bowler",20.5,0,0.0,"Mehidy Hasan Miraz to Ibrahim Zadran, no run  .Length ball on off, he punches it back to the bowler",Mehidy Hasan Miraz,Ibrahim Zadran,0.0,0,0,1,1,0.0,0,,0
"20.6 
1 
Mehidy Hasan Miraz to Ibrahim Zadran, 1 run 
Tossed up on off, Zadran drives past the non-striker to long-on 
end of over 214 runs  
AFG: 90/2CRR: 4.28 • RRR: 8.44 • Need 245 runs from 29 overs 
Ibrahim Zadran51 (55b 8x4) 
Hashmatullah Shahidi3 (7b) 
Mehidy Hasan Miraz 3-0-11-0 
Taskin Ahmed 6-0-27-1 
Shoriful returns. Around the wicket",20.6,1,1.0,"Mehidy Hasan Miraz to Ibrahim Zadran, 1 run  .Tossed up on off, Zadran drives past the non-striker to long-on",Mehidy Hasan Miraz,Ibrahim Zadran,1.0,0,0,1,1,1.0,0,,1
"21.1 
• 
Shoriful Islam to Ibrahim Zadran, no run 
Angles a length ball into Zadran from outside off and he tucks it away to midwicket",21.1,0,0.0,"Shoriful Islam to Ibrahim Zadran, no run  .Angles a length ball into Zadran from outside off and he tucks it away to midwicket",Shoriful Islam,Ibrahim Zadran,0.0,0,0,1,1,0.0,0,,0
"21.2 
1 
Shoriful Islam to Ibrahim Zadran, 1 run 
Full outside off, Zadran swings hard and the ball comes off te inside edge to deep 
backward square",21.2,1,1.0,"Shoriful Islam to Ibrahim Zadran, 1 run  .Full outside off, Zadran swings hard and the ball comes off te inside edge to deep  .backward square",Shoriful Islam,Ibrahim Zadran,1.0,0,0,1,1,1.0,0,,1
"21.3 
• 
Shoriful Islam to Hashmatullah, no run 
Full on middle, he nudges it to midwicket",21.3,0,0.0,"Shoriful Islam to Hashmatullah, no run  .Full on middle, he nudges it to midwicket",Shoriful Islam,Hashmatullah,0.0,0,0,1,1,0.0,0,,0
"21.4 
1w 
Shoriful Islam to Hashmatullah, 1 wide 
Bumper on off, he ducks under it as it seams in sharply. It's called wide",21.4,1w,1.0,"Shoriful Islam to Hashmatullah, 1 wide  .Bumper on off, he ducks under it as it seams in sharply. It's called wide",Shoriful Islam,Hashmatullah,0.0,0,0,0,0,1.0,0,,1
"21.4 
• 
Shoriful Islam to Hashmatullah, no run 
Short outside off, he goes for the pull and misses",21.4,0,0.0,"Shoriful Islam to Hashmatullah, no run  .Short outside off, he goes for the pull and misses",Shoriful Islam,Hashmatullah,0.0,0,0,1,1,0.0,0,,0
"21.5 
• 
Shoriful Islam to Hashmatullah, no run 
On a length outside off and it seams away as Shahidi looks to cut",21.5,0,0.0,"Shoriful Islam to Hashmatullah, no run  .On a length outside off and it seams away as Shahidi looks to cut",Shoriful Islam,Hashmatullah,0.0,0,0,1,1,0.0,0,,0
"21.6 
1 
Shoriful Islam to Hashmatullah, 1 run 
ON a length on off, he nudges it towards midwicket and hares off for a quick single 
end of over 223 runs  
AFG: 93/2CRR: 4.22 • RRR: 8.64 • Need 242 runs from 28 overs 
Hashmatullah Shahidi4 (11b) 
Ibrahim Zadran52 (57b 8x4) 
Shoriful Islam 5-1-11-1 
Mehidy Hasan Miraz 3-0-11-0 
Shakib into the attack now",21.6,1,1.0,"Shoriful Islam to Hashmatullah, 1 run  .ON a length on off, he nudges it towards midwicket and hares off for a quick single",Shoriful Islam,Hashmatullah,1.0,0,0,1,1,1.0,0,,1
"22.1 
• 
Shakib to Hashmatullah, no run 
Full outside off, driven to the bowler's left",22.1,0,0.0,"Shakib to Hashmatullah, no run  .Full outside off, driven to the bowler's left",Shakib,Hashmatullah,0.0,0,0,1,1,0.0,0,,0
"22.2 
• 
Shakib to Hashmatullah, no run 
Length ball punched to cover",22.2,0,0.0,"Shakib to Hashmatullah, no run  .Length ball punched to cover",Shakib,Hashmatullah,0.0,0,0,1,1,0.0,0,,0
"22.3 
1 
Shakib to Hashmatullah, 1 run 
On a length on off, Shahidi clips it straight of short fine leg for a single 
Mike: ""At what point do Afghanistan throw caution into the wind and try to counter 
attack? The RR is creeping up at an alarming rate"" That's the question. Because the 
asking rate is close to 9 now",22.3,1,1.0,"Shakib to Hashmatullah, 1 run  .On a length on off, Shahidi clips it straight of short fine leg for a single",Shakib,Hashmatullah,1.0,0,0,1,1,1.0,0,,1
"22.4 
4 
Shakib to Ibrahim Zadran, FOUR runs 
Oh, glorious! This is pitched up and Zadran plays a picture-perfect cover drive that was 
placed too straight of the sweeper",22.4,4,4.0,"Shakib to Ibrahim Zadran, FOUR runs  .Oh, glorious! This is pitched up and Zadran plays a picture-perfect cover drive that was  .placed too straight of the sweeper",Shakib,Ibrahim Zadran,4.0,1,0,1,1,4.0,0,,1
"22.5 
• 
Shakib to Ibrahim Zadran, no run 
Defends back to the bowler",22.5,0,0.0,"Shakib to Ibrahim Zadran, no run  .Defends back to the bowler",Shakib,Ibrahim Zadran,0.0,0,0,1,1,0.0,0,,0
"22.6 
• 
Shakib to Ibrahim Zadran, no run 
Goes for another cover drive but smashed straight to the fielder at cover. This was 
shorter in length and Zadran played more of a slap than a drive on this occasion, but 
can't get the placement right 
end of over 235 runs  
AFG: 98/2CRR: 4.26 • RRR: 8.77 • Need 237 runs from 27 overs 
Ibrahim Zadran56 (60b 9x4) 
Hashmatullah Shahidi5 (14b) 
Shakib Al Hasan 4-0-23-0 
Shoriful Islam 5-1-11-1",22.6,0,0.0,"Shakib to Ibrahim Zadran, no run  .Goes for another cover drive but smashed straight to the fielder at cover. This was  .shorter in length and Zadran played more of a slap than a drive on this occasion, but  .can't get the placement right",Shakib,Ibrahim Zadran,0.0,0,0,1,1,0.0,0,,0
"23.1 
• 
Shoriful Islam to Hashmatullah, no run 
Shahidi goes fishing after a bouncer outside off but can't connect",23.1,0,0.0,"Shoriful Islam to Hashmatullah, no run  .Shahidi goes fishing after a bouncer outside off but can't connect",Shoriful Islam,Hashmatullah,0.0,0,0,1,1,0.0,0,,0
"23.2 
1w 
Shoriful Islam to Hashmatullah, 1 wide 
Bouncer outside off and this time it's called wide 
Shoriful is incensed as someone moves across the sight screen causing Shahidi to pull 
away last-second. The quick will have to reload and go again",23.2,1w,1.0,"Shoriful Islam to Hashmatullah, 1 wide  .Bouncer outside off and this time it's called wide  .Shoriful is incensed as someone moves across the sight screen causing Shahidi to pull  .away last-second. The quick will have to reload and go again",Shoriful Islam,Hashmatullah,0.0,0,0,0,0,1.0,0,,1
"23.2 
• 
Shoriful Islam to Hashmatullah, no run 
On a length outside off and nipping away as he pokes at it",23.2,0,0.0,"Shoriful Islam to Hashmatullah, no run  .On a length outside off and nipping away as he pokes at it",Shoriful Islam,Hashmatullah,0.0,0,0,1,1,0.0,0,,0
"23.3 
1 
Shoriful Islam to Hashmatullah, 1 run 
On a length outside off and he cuts to backward point",23.3,1,1.0,"Shoriful Islam to Hashmatullah, 1 run  .On a length outside off and he cuts to backward point",Shoriful Islam,Hashmatullah,1.0,0,0,1,1,1.0,0,,1
"23.4 
• 
Shoriful Islam to Ibrahim Zadran, no run 
Full outside off and he blocks to point",23.4,0,0.0,"Shoriful Islam to Ibrahim Zadran, no run  .Full outside off and he blocks to point",Shoriful Islam,Ibrahim Zadran,0.0,0,0,1,1,0.0,0,,0
"23.5 
1 
Shoriful Islam to Ibrahim Zadran, 1 run 
Back of a length on off and angling further in and he miscues a pull through square leg. 
He is lucky that doesn't go to a fielder",23.5,1,1.0,"Shoriful Islam to Ibrahim Zadran, 1 run  .Back of a length on off and angling further in and he miscues a pull through square leg.  .He is lucky that doesn't go to a fielder",Shoriful Islam,Ibrahim Zadran,1.0,0,0,1,1,1.0,0,,1
"23.6 
• 
Shoriful Islam to Hashmatullah, no run 
Length ball outside off and he can just steer it to backward point 
end of over 243 runs  
AFG: 101/2CRR: 4.20 • RRR: 9.00 • Need 234 runs from 26 overs 
Hashmatullah Shahidi6 (18b) 
Ibrahim Zadran57 (62b 9x4) 
Shoriful Islam 6-1-14-1 
Shakib Al Hasan 4-0-23-0 
Shakib",23.6,0,0.0,"Shoriful Islam to Hashmatullah, no run  .Length ball outside off and he can just steer it to backward point",Shoriful Islam,Hashmatullah,0.0,0,0,1,1,0.0,0,,0
"24.1 
1 
Shakib to Ibrahim Zadran, 1 run 
Zadran leans forward and sweeps a full delivery wide of long-on",24.1,1,1.0,"Shakib to Ibrahim Zadran, 1 run  .Zadran leans forward and sweeps a full delivery wide of long-on",Shakib,Ibrahim Zadran,1.0,0,0,1,1,1.0,0,,1
"24.2 
4 
Shakib to Hashmatullah, FOUR runs 
Top-edged beyond short fine and Shahidi gets a boundary. It's a length ball that he tries 
to swivel and pull but the ball lobs up and carries over the fielder",24.2,4,4.0,"Shakib to Hashmatullah, FOUR runs  .Top-edged beyond short fine and Shahidi gets a boundary. It's a length ball that he tries  .to swivel and pull but the ball lobs up and carries over the fielder",Shakib,Hashmatullah,4.0,1,0,1,1,4.0,0,,1
"24.3 
2 
Shakib to Hashmatullah, 2 runs 
Nothing lucky about this shot. It's short again outside off and he cuts it straight of short 
third. He picks up two",24.3,2,2.0,"Shakib to Hashmatullah, 2 runs  .Nothing lucky about this shot. It's short again outside off and he cuts it straight of short  .third. He picks up two",Shakib,Hashmatullah,2.0,0,0,1,1,2.0,0,,1
"24.4 
1 
Shakib to Hashmatullah, 1 run 
Full on off and he drives it down to long-on",24.4,1,1.0,"Shakib to Hashmatullah, 1 run  .Full on off and he drives it down to long-on",Shakib,Hashmatullah,1.0,0,0,1,1,1.0,0,,1
"24.5 
1 
Shakib to Ibrahim Zadran, 1 run 
Goes across and sweeps hard and it goes to deep midwicket on the bounce. He fetched 
that from outside off",24.5,1,1.0,"Shakib to Ibrahim Zadran, 1 run  .Goes across and sweeps hard and it goes to deep midwicket on the bounce. He fetched  .that from outside off",Shakib,Ibrahim Zadran,1.0,0,0,1,1,1.0,0,,1
"24.6 
• 
Shakib to Hashmatullah, no run 
Tucks a length ball to midwicket 
Halfway through the chase, Afghanistan have lost just two wickets but need to up their 
scoring rate 
end of over 259 runs  
AFG: 110/2CRR: 4.40 • RRR: 9.00 • Need 225 runs from 25 overs 
Hashmatullah Shahidi13 (22b 1x4) 
Ibrahim Zadran59 (64b 9x4) 
Shakib Al Hasan 5-0-32-0 
Shoriful Islam 6-1-14-1 
Hasan Mahmud replaces Shoriful",24.6,0,0.0,"Shakib to Hashmatullah, no run  .Tucks a length ball to midwicket  .Halfway through the chase, Afghanistan have lost just two wickets but need to up their  .scoring rate",Shakib,Hashmatullah,0.0,0,0,1,1,0.0,0,,0
"25.1 
• 
Hasan Mahmud to Ibrahim Zadran, no run 
Zadran tries to smack a length ball around off down the ground but can only get it out to 
mid-off",25.1,0,0.0,"Hasan Mahmud to Ibrahim Zadran, no run  .Zadran tries to smack a length ball around off down the ground but can only get it out to  .mid-off",Hasan Mahmud,Ibrahim Zadran,0.0,0,0,1,1,0.0,0,,0
"25.2 
1 
Hasan Mahmud to Ibrahim Zadran, 1 run 
Full around off, he drives to cover",25.2,1,1.0,"Hasan Mahmud to Ibrahim Zadran, 1 run  .Full around off, he drives to cover",Hasan Mahmud,Ibrahim Zadran,1.0,0,0,1,1,1.0,0,,1
"25.3 
1 
Hasan Mahmud to Hashmatullah, 1 run 
Length ball angles in from outside off, he clips it in front of midwicket for a single",25.3,1,1.0,"Hasan Mahmud to Hashmatullah, 1 run  .Length ball angles in from outside off, he clips it in front of midwicket for a single",Hasan Mahmud,Hashmatullah,1.0,0,0,1,1,1.0,0,,1
"25.4 
1 
Hasan Mahmud to Ibrahim Zadran, 1 run 
Quick single to mid-off. Direct hit would have had Zadran in trouble. This was full on off, 
and he took off after playing the drive",25.4,1,1.0,"Hasan Mahmud to Ibrahim Zadran, 1 run  .Quick single to mid-off. Direct hit would have had Zadran in trouble. This was full on off,  .and he took off after playing the drive",Hasan Mahmud,Ibrahim Zadran,1.0,0,0,1,1,1.0,0,,1
"25.5 
1 
Hasan Mahmud to Hashmatullah, 1 run 
Short outside off, he looks for the cut but under-edges it onto his boot and to short third",25.5,1,1.0,"Hasan Mahmud to Hashmatullah, 1 run  .Short outside off, he looks for the cut but under-edges it onto his boot and to short third",Hasan Mahmud,Hashmatullah,1.0,0,0,1,1,1.0,0,,1
"25.6 
1 
Hasan Mahmud to Ibrahim Zadran, 1 run 
Length ball outside off, he looks to drive but gets an inside edge to his left for a single 
end of over 265 runs  
AFG: 115/2CRR: 4.42 • RRR: 9.16 • Need 220 runs from 24 overs 
Ibrahim Zadran62 (68b 9x4) 
Hashmatullah Shahidi15 (24b 1x4) 
Hasan Mahmud 5-1-25-0 
Shakib Al Hasan 5-0-32-0",25.6,1,1.0,"Hasan Mahmud to Ibrahim Zadran, 1 run  .Length ball outside off, he looks to drive but gets an inside edge to his left for a single",Hasan Mahmud,Ibrahim Zadran,1.0,0,0,1,1,1.0,0,,1
"26.1 
4 
Mehidy Hasan Miraz to Ibrahim Zadran, FOUR runs 
Swung away in the gap. Full on le and Zadran whips it away square. The fielder in the 
deep was too fine and can't stop that",26.1,4,4.0,"Mehidy Hasan Miraz to Ibrahim Zadran, FOUR runs  .Swung away in the gap. Full on le and Zadran whips it away square. The fielder in the  .deep was too fine and can't stop that",Mehidy Hasan Miraz,Ibrahim Zadran,4.0,1,0,1,1,4.0,0,,1
"26.2 
6 
Mehidy Hasan Miraz to Ibrahim Zadran, SIX runs 
Hammered over deep midwicket! Tossed up full on off and he gets down and slog-
sweeps it. Cleanly off the middle",26.2,6,6.0,"Mehidy Hasan Miraz to Ibrahim Zadran, SIX runs  .Hammered over deep midwicket! Tossed up full on off and he gets down and slog- .sweeps it. Cleanly off the middle",Mehidy Hasan Miraz,Ibrahim Zadran,6.0,0,1,1,1,6.0,0,,1
"26.3 
1 
Mehidy Hasan Miraz to Ibrahim Zadran, 1 run 
Eases it to long-on for a single",26.3,1,1.0,"Mehidy Hasan Miraz to Ibrahim Zadran, 1 run  .Eases it to long-on for a single",Mehidy Hasan Miraz,Ibrahim Zadran,1.0,0,0,1,1,1.0,0,,1
"26.4 
1w 
Mehidy Hasan Miraz to Hashmatullah, 1 wide 
Tossed up on off, he walks across and looks to sweep but it goes down leg",26.4,1w,1.0,"Mehidy Hasan Miraz to Hashmatullah, 1 wide  .Tossed up on off, he walks across and looks to sweep but it goes down leg",Mehidy Hasan Miraz,Hashmatullah,0.0,0,0,0,0,1.0,0,,1
"26.4 
• 
Mehidy Hasan Miraz to Hashmatullah, no run 
Shahidi drives a length ball back to the bowler",26.4,0,0.0,"Mehidy Hasan Miraz to Hashmatullah, no run  .Shahidi drives a length ball back to the bowler",Mehidy Hasan Miraz,Hashmatullah,0.0,0,0,1,1,0.0,0,,0
"26.5 
1 
Mehidy Hasan Miraz to Hashmatullah, 1 run 
Full ball outside off comes in with the angle, he nudges it in front of square leg for a 
quick single",26.5,1,1.0,"Mehidy Hasan Miraz to Hashmatullah, 1 run  .Full ball outside off comes in with the angle, he nudges it in front of square leg for a  .quick single",Mehidy Hasan Miraz,Hashmatullah,1.0,0,0,1,1,1.0,0,,1
"26.6 
1 
Mehidy Hasan Miraz to Ibrahim Zadran, 1 run 
Drives the full delivery down to long-on 
end of over 2714 runs  
AFG: 129/2CRR: 4.77 • RRR: 8.95 • Need 206 runs from 23 overs 
Ibrahim Zadran74 (72b 10x4 1x6) 
Hashmatullah Shahidi16 (26b 1x4) 
Mehidy Hasan Miraz 4-0-25-0 
Hasan Mahmud 5-1-25-0",26.6,1,1.0,"Mehidy Hasan Miraz to Ibrahim Zadran, 1 run  .Drives the full delivery down to long-on",Mehidy Hasan Miraz,Ibrahim Zadran,1.0,0,0,1,1,1.0,0,,1
"27.1 
1 
Hasan Mahmud to Ibrahim Zadran, 1 run 
Length ball outside off and Zadran stands tall and punches it square but deep point is 
there to stop it",27.1,1,1.0,"Hasan Mahmud to Ibrahim Zadran, 1 run  .Length ball outside off and Zadran stands tall and punches it square but deep point is  .there to stop it",Hasan Mahmud,Ibrahim Zadran,1.0,0,0,1,1,1.0,0,,1
"27.2 
1 
Hasan Mahmud to Hashmatullah, 1 run 
On a length outside off, he steers it to deep third",27.2,1,1.0,"Hasan Mahmud to Hashmatullah, 1 run  .On a length outside off, he steers it to deep third",Hasan Mahmud,Hashmatullah,1.0,0,0,1,1,1.0,0,,1
"27.3 
W 
Hasan Mahmud to Ibrahim Zadran, OUT 
What a catch by Mushfiqur! Mahmud pitches it on a length on the fifth stump line and it 
bounces to take the outside edge as Zadran pushes at it. Mushfiqur dives at full stretch 
to his right and grabs it 
Ibrahim Zadran c †Mushfiqur Rahim b Hasan Mahmud 75 (74b 10x4 1x6 118m) SR: 
101.35 
One Zadran replaces the other, with Najibullah coming out to bat",27.3,W,0.0,"Hasan Mahmud to Ibrahim Zadran, OUT  .What a catch by Mushfiqur! Mahmud pitches it on a length on the fifth stump line and it  .bounces to take the outside edge as Zadran pushes at it. Mushfiqur dives at full stretch  .to his right and grabs it  .Ibrahim Zadran c †Mushfiqur Rahim b Hasan Mahmud 75 (74b 10x4 1x6 118m) SR:",Hasan Mahmud,Ibrahim Zadran,0.0,0,0,1,1,0.0,1,c †Mushfiqur Rahim b Hasan Mahmud,0
"27.4 
1 
Hasan Mahmud to Zadran, 1 run 
Nudges a length ball square on the leg side for his first run",27.4,1,1.0,"Hasan Mahmud to Zadran, 1 run  .Nudges a length ball square on the leg side for his first run",Hasan Mahmud,Zadran,1.0,0,0,1,1,1.0,0,,1
"27.5 
4 
Hasan Mahmud to Hashmatullah, FOUR runs 
Shahidi with a cut behind point for four. This is barely back of a length but wide enough 
and he plays it off the back foot past backward point",27.5,4,4.0,"Hasan Mahmud to Hashmatullah, FOUR runs  .Shahidi with a cut behind point for four. This is barely back of a length but wide enough  .and he plays it off the back foot past backward point",Hasan Mahmud,Hashmatullah,4.0,1,0,1,1,4.0,0,,1
"27.6 
2 
Hasan Mahmud to Hashmatullah, 2 runs 
Full just outside off and he clips it away in front of square for a brace 
end of over 289 runs • 1 wicket 
AFG: 138/3CRR: 4.92 • RRR: 8.95 • Need 197 runs from 22 overs 
Hashmatullah Shahidi23 (29b 2x4) 
Najibullah Zadran1 (1b) 
Hasan Mahmud 6-1-34-1 
Mehidy Hasan Miraz 4-0-25-0 
Dar: ""This catch reminds me great Dujon.""",27.6,2,2.0,"Hasan Mahmud to Hashmatullah, 2 runs  .Full just outside off and he clips it away in front of square for a brace",Hasan Mahmud,Hashmatullah,2.0,0,0,1,1,2.0,0,,1
"28.1 
• 
Mehidy Hasan Miraz to Zadran, no run 
Driven back to the bowler's right",28.1,0,0.0,"Mehidy Hasan Miraz to Zadran, no run  .Driven back to the bowler's right",Mehidy Hasan Miraz,Zadran,0.0,0,0,1,1,0.0,0,,0
"28.2 
1 
Mehidy Hasan Miraz to Zadran, 1 run 
Full on middle, he steers it square on the off side for a quick run",28.2,1,1.0,"Mehidy Hasan Miraz to Zadran, 1 run  .Full on middle, he steers it square on the off side for a quick run",Mehidy Hasan Miraz,Zadran,1.0,0,0,1,1,1.0,0,,1
"28.3 
• 
Mehidy Hasan Miraz to Hashmatullah, no run 
On a length, punched to point",28.3,0,0.0,"Mehidy Hasan Miraz to Hashmatullah, no run  .On a length, punched to point",Mehidy Hasan Miraz,Hashmatullah,0.0,0,0,1,1,0.0,0,,0
"28.4 
• 
Mehidy Hasan Miraz to Hashmatullah, no run 
Length ball outside off eased to point again 
Sajid: ""Catch of the tournament?"" Definitely in with a shout for that title! Don't think there 
has been a better one yet in the competition",28.4,0,0.0,"Mehidy Hasan Miraz to Hashmatullah, no run  .Length ball outside off eased to point again",Mehidy Hasan Miraz,Hashmatullah,0.0,0,0,1,1,0.0,0,,0
"28.5 
1 
Mehidy Hasan Miraz to Hashmatullah, 1 run 
Eases it to long-on for a single",28.5,1,1.0,"Mehidy Hasan Miraz to Hashmatullah, 1 run  .Eases it to long-on for a single",Mehidy Hasan Miraz,Hashmatullah,1.0,0,0,1,1,1.0,0,,1
"28.6 
• 
Mehidy Hasan Miraz to Zadran, no run 
Full on middle, he defends 
And here's Madushka to take you through to the end of the game 
end of over 292 runs  
AFG: 140/3CRR: 4.82 • RRR: 9.28 • Need 195 runs from 21 overs 
Najibullah Zadran2 (4b) 
Hashmatullah Shahidi24 (32b 2x4) 
Mehidy Hasan Miraz 5-0-27-0 
Hasan Mahmud 6-1-34-1 
Thanks Abhimanyu. So that last wicket is definitely going set Afghanistan back even 
further as Ibrahim was looking to up the ante. These two really can't afford too many 
more dot balls, required rate above 9 now. 
And just a reminder, ball-by-ball commentary for the Afghanistan vs Bangladesh match 
is also available in Hindi and in Tamil. 
Not to forget, if you're in the USA, you can watch the Afghanistan vs Bangladesh match 
LIVE on ESPN+ in English and in Hindi.",28.6,0,0.0,"Mehidy Hasan Miraz to Zadran, no run  .Full on middle, he defends  .And here's Madushka to take you through to the end of the game",Mehidy Hasan Miraz,Zadran,0.0,0,0,1,1,0.0,0,,0
"29.1 
• 
Hasan Mahmud to Hashmatullah, no run 
back of a length on the stumps, knocked off the back foot straight to short midwicket",29.1,0,0.0,"Hasan Mahmud to Hashmatullah, no run  .back of a length on the stumps, knocked off the back foot straight to short midwicket",Hasan Mahmud,Hashmatullah,0.0,0,0,1,1,0.0,0,,0
"29.2 
4 
Hasan Mahmud to Hashmatullah, FOUR runs 
Good intent! Skips down the track, gets to the pitch outside off and slaps it down the 
ground",29.2,4,4.0,"Hasan Mahmud to Hashmatullah, FOUR runs  .Good intent! Skips down the track, gets to the pitch outside off and slaps it down the  .ground",Hasan Mahmud,Hashmatullah,4.0,1,0,1,1,4.0,0,,1
"29.3 
• 
Hasan Mahmud to Hashmatullah, no run 
bouncer outside off, left alone",29.3,0,0.0,"Hasan Mahmud to Hashmatullah, no run  .bouncer outside off, left alone",Hasan Mahmud,Hashmatullah,0.0,0,0,1,1,0.0,0,,0
"29.4 
1w 
Hasan Mahmud to Hashmatullah, 1 wide 
slides too far down leg",29.4,1w,1.0,"Hasan Mahmud to Hashmatullah, 1 wide  .slides too far down leg",Hasan Mahmud,Hashmatullah,0.0,0,0,0,0,1.0,0,,1
"29.4 
4 
Hasan Mahmud to Hashmatullah, FOUR runs 
Uses the pace and bounce smartly! This was short of a length on off, he makes room 
and just cuts it late over backward point",29.4,4,4.0,"Hasan Mahmud to Hashmatullah, FOUR runs  .Uses the pace and bounce smartly! This was short of a length on off, he makes room  .and just cuts it late over backward point",Hasan Mahmud,Hashmatullah,4.0,1,0,1,1,4.0,0,,1
"29.5 
1 
Hasan Mahmud to Hashmatullah, 1 run 
back of a length ball one the pads, 121kph, tucked behind square leg for one",29.5,1,1.0,"Hasan Mahmud to Hashmatullah, 1 run  .back of a length ball one the pads, 121kph, tucked behind square leg for one",Hasan Mahmud,Hashmatullah,1.0,0,0,1,1,1.0,0,,1
"29.6 
1 
Hasan Mahmud to Zadran, 1 run 
Nearly chops on! This was back of a length again, angling away from off. Najibullah 
looks to cut but it's a little to close to him and he inside edges it down to fine leg 
end of over 3011 runs  
AFG: 151/3CRR: 5.03 • RRR: 9.20 • Need 184 runs from 20 overs 
Najibullah Zadran3 (5b) 
Hashmatullah Shahidi33 (37b 4x4) 
Hasan Mahmud 7-1-45-1 
Mehidy Hasan Miraz 5-0-27-0 
184 needed them from the final 20 overs. If this were a T20, on this track, Afghanistan 
might fancy themselves",29.6,1,1.0,"Hasan Mahmud to Zadran, 1 run  .Nearly chops on! This was back of a length again, angling away from off. Najibullah  .looks to cut but it's a little to close to him and he inside edges it down to fine leg",Hasan Mahmud,Zadran,1.0,0,0,1,1,1.0,0,,1
"30.1 
• 
Mehidy Hasan Miraz to Zadran, no run 
short of a length outside off, chopped straight to short extra cover",30.1,0,0.0,"Mehidy Hasan Miraz to Zadran, no run  .short of a length outside off, chopped straight to short extra cover",Mehidy Hasan Miraz,Zadran,0.0,0,0,1,1,0.0,0,,0
"30.2 
1 
Mehidy Hasan Miraz to Zadran, 1 run 
makes room and cuts this squarer down to sweeper cover",30.2,1,1.0,"Mehidy Hasan Miraz to Zadran, 1 run  .makes room and cuts this squarer down to sweeper cover",Mehidy Hasan Miraz,Zadran,1.0,0,0,1,1,1.0,0,,1
"30.3 
1 
Mehidy Hasan Miraz to Hashmatullah, 1 run 
full on off, driven into the covers",30.3,1,1.0,"Mehidy Hasan Miraz to Hashmatullah, 1 run  .full on off, driven into the covers",Mehidy Hasan Miraz,Hashmatullah,1.0,0,0,1,1,1.0,0,,1
"30.4 
1 
Mehidy Hasan Miraz to Zadran, 1 run 
length ball on off, makes room and again finds the man at sweeper with the cut",30.4,1,1.0,"Mehidy Hasan Miraz to Zadran, 1 run  .length ball on off, makes room and again finds the man at sweeper with the cut",Mehidy Hasan Miraz,Zadran,1.0,0,0,1,1,1.0,0,,1
"30.5 
• 
Mehidy Hasan Miraz to Hashmatullah, no run 
full on the stumps, looks to whip it onside but scuffed to short midwicket",30.5,0,0.0,"Mehidy Hasan Miraz to Hashmatullah, no run  .full on the stumps, looks to whip it onside but scuffed to short midwicket",Mehidy Hasan Miraz,Hashmatullah,0.0,0,0,1,1,0.0,0,,0
"30.6 
1 
Mehidy Hasan Miraz to Hashmatullah, 1 run 
poked off length towards backward point for a quick single. Direct hit at the striker's end 
but the batter is well safe 
end of over 314 runs  
AFG: 155/3CRR: 5.00 • RRR: 9.47 • Need 180 runs from 19 overs 
Hashmatullah Shahidi35 (40b 4x4) 
Najibullah Zadran5 (8b) 
Mehidy Hasan Miraz 6-0-31-0 
Hasan Mahmud 7-1-45-1 
Basharat Khatta: ""Perfect T20 chase for Afghanistan.""",30.6,1,1.0,"Mehidy Hasan Miraz to Hashmatullah, 1 run  .poked off length towards backward point for a quick single. Direct hit at the striker's end  .but the batter is well safe",Mehidy Hasan Miraz,Hashmatullah,1.0,0,0,1,1,1.0,0,,1
"31.1 
• 
Shakib to Hashmatullah, no run 
good length on off, pushed through flat. Tucked straight to short midwicket",31.1,0,0.0,"Shakib to Hashmatullah, no run  .good length on off, pushed through flat. Tucked straight to short midwicket",Shakib,Hashmatullah,0.0,0,0,1,1,0.0,0,,0
"31.2 
1 
Shakib to Hashmatullah, 1 run 
stays back and nudges this square on the onside for a quick single 
Surely they must target the left-arm spinner with two leftie's at the crease?",31.2,1,1.0,"Shakib to Hashmatullah, 1 run  .stays back and nudges this square on the onside for a quick single  .Surely they must target the left-arm spinner with two leftie's at the crease?",Shakib,Hashmatullah,1.0,0,0,1,1,1.0,0,,1
"31.3 
1 
Shakib to Zadran, 1 run 
full on the stumps, eased down to long-on",31.3,1,1.0,"Shakib to Zadran, 1 run  .full on the stumps, eased down to long-on",Shakib,Zadran,1.0,0,0,1,1,1.0,0,,1
"31.4 
1 
Shakib to Hashmatullah, 1 run 
comes down the track but Shakib holds it back a touch. Doesn't get to the pitch so opts 
to drive it to long-on",31.4,1,1.0,"Shakib to Hashmatullah, 1 run  .comes down the track but Shakib holds it back a touch. Doesn't get to the pitch so opts  .to drive it to long-on",Shakib,Hashmatullah,1.0,0,0,1,1,1.0,0,,1
"31.5 
• 
Shakib to Zadran, no run 
worked straight to square leg off the back foot",31.5,0,0.0,"Shakib to Zadran, no run  .worked straight to square leg off the back foot",Shakib,Zadran,0.0,0,0,1,1,0.0,0,,0
"31.6 
1lb 
Shakib to Zadran, 1 leg bye 
goes back once more and looks to work it onside, gets it behind square for one 
end of over 324 runs  
AFG: 159/3CRR: 4.96 • RRR: 9.77 • Need 176 runs from 18 overs 
Najibullah Zadran6 (11b) 
Hashmatullah Shahidi37 (43b 4x4) 
Shakib Al Hasan 6-0-35-0 
Mehidy Hasan Miraz 6-0-31-0 
Thejus: ""Afghanistan should take the game as close as possible even if they don't win. 
NRR is going to be key as even if they lose here and win against SL, they can go through 
because of the hefty loss of Bangladesh against SL."" 
Irs: ""I think Afghanistan playing for 279 and hoping that they can beat SL."" 
Bangladesh were 177 for 2 at the same point in their innings, but the difference was that 
they really unleashed in the final overs.",31.6,1lb,1.0,"Shakib to Zadran, 1 leg bye  .goes back once more and looks to work it onside, gets it behind square for one",Shakib,Zadran,0.0,0,0,1,1,0.0,0,,0
"32.1 
• 
Shamim Hossain to Zadran, no run 
good length on the stumps, defended back towards the bowler",32.1,0,0.0,"Shamim Hossain to Zadran, no run  .good length on the stumps, defended back towards the bowler",Shamim Hossain,Zadran,0.0,0,0,1,1,0.0,0,,0
"32.2 
1 
Shamim Hossain to Zadran, 1 run 
comes down the track and cracks this hard, but straight to deep extra cover",32.2,1,1.0,"Shamim Hossain to Zadran, 1 run  .comes down the track and cracks this hard, but straight to deep extra cover",Shamim Hossain,Zadran,1.0,0,0,1,1,1.0,0,,1
"32.3 
4 
Shamim Hossain to Hashmatullah, FOUR runs 
Finds the gap this time though! Goes for the sweep this time and gets it fine of the man 
at deep square leg",32.3,4,4.0,"Shamim Hossain to Hashmatullah, FOUR runs  .Finds the gap this time though! Goes for the sweep this time and gets it fine of the man  .at deep square leg",Shamim Hossain,Hashmatullah,4.0,1,0,1,1,4.0,0,,1
"32.4 
2lb 
Shamim Hossain to Hashmatullah, 2 leg byes 
looks to make room, but this is fired in on the pads. Deflects fine off the back pad and 
through the batter's legs. There was a half-hearted appeal for lbw, but this was clearly 
sliding down leg 
Sajid: ""@Khatta: I don't think it's the same as chasing 180 in T20. First of all, you are 3 
wks down. So you don't have all 10 wks in hand. 2nd of all, both the balls are 15 overs 
old, not brand new! """,32.4,2lb,2.0,"Shamim Hossain to Hashmatullah, 2 leg byes  .looks to make room, but this is fired in on the pads. Deflects fine off the back pad and  .through the batter's legs. There was a half-hearted appeal for lbw, but this was clearly  .sliding down leg",Shamim Hossain,Hashmatullah,0.0,0,0,1,1,0.0,0,,0
"32.5 
4 
Shamim Hossain to Hashmatullah, FOUR runs 
Delightful dab! This was fizzed in outside off but Shahidi uses the pace and guides it 
past backward point",32.5,4,4.0,"Shamim Hossain to Hashmatullah, FOUR runs  .Delightful dab! This was fizzed in outside off but Shahidi uses the pace and guides it  .past backward point",Shamim Hossain,Hashmatullah,4.0,1,0,1,1,4.0,0,,1
"32.6 
1 
Shamim Hossain to Hashmatullah, 1 run 
goes back to one pushed through on the stumps, nudged towards midwicket for a 
single 
end of over 3312 runs  
AFG: 171/3CRR: 5.18 • RRR: 9.64 • Need 164 runs from 17 overs 
Hashmatullah Shahidi46 (47b 6x4) 
Najibullah Zadran7 (13b) 
Shamim Hossain 1-0-10-0 
Shakib Al Hasan 6-0-35-0",32.6,1,1.0,"Shamim Hossain to Hashmatullah, 1 run  .goes back to one pushed through on the stumps, nudged towards midwicket for a  .single",Shamim Hossain,Hashmatullah,1.0,0,0,1,1,1.0,0,,1
"33.1 
1w 
Shakib to Hashmatullah, 1 wide 
full down leg, 90kph, goes for the sweep and misses",33.1,1w,1.0,"Shakib to Hashmatullah, 1 wide  .full down leg, 90kph, goes for the sweep and misses",Shakib,Hashmatullah,0.0,0,0,0,0,1.0,0,,1
"33.1 
• 
Shakib to Hashmatullah, no run 
full on off, 90kph, pushed back towards Shakib",33.1,0,0.0,"Shakib to Hashmatullah, no run  .full on off, 90kph, pushed back towards Shakib",Shakib,Hashmatullah,0.0,0,0,1,1,0.0,0,,0
"33.2 
• 
Shakib to Hashmatullah, no run 
good length outside off, 88kph, looks for the reverse and misses",33.2,0,0.0,"Shakib to Hashmatullah, no run  .good length outside off, 88kph, looks for the reverse and misses",Shakib,Hashmatullah,0.0,0,0,1,1,0.0,0,,0
"33.3 
1 
Shakib to Hashmatullah, 1 run 
full on the pads, nudged square on the onside for one",33.3,1,1.0,"Shakib to Hashmatullah, 1 run  .full on the pads, nudged square on the onside for one",Shakib,Hashmatullah,1.0,0,0,1,1,1.0,0,,1
"33.4 
• 
Shakib to Zadran, no run 
good length on the stumps, back foot push back to Shakib",33.4,0,0.0,"Shakib to Zadran, no run  .good length on the stumps, back foot push back to Shakib",Shakib,Zadran,0.0,0,0,1,1,0.0,0,,0
"33.5 
4 
Shakib to Zadran, FOUR runs 
Fantastic shot! This was pushed through flat down leg, but Najibullah makes room and 
punches this with a vertical bat through extra cover",33.5,4,4.0,"Shakib to Zadran, FOUR runs  .Fantastic shot! This was pushed through flat down leg, but Najibullah makes room and  .punches this with a vertical bat through extra cover",Shakib,Zadran,4.0,1,0,1,1,4.0,0,,1
"33.6 
• 
Shakib to Zadran, no run 
Beats the outside edge! Pushed through by Shakib outside off, the batter looks to cut 
but is beaten 
end of over 346 runs  
AFG: 177/3CRR: 5.20 • RRR: 9.87 • Need 158 runs from 96b 
Najibullah Zadran11 (16b 1x4) 
Hashmatullah Shahidi47 (50b 6x4) 
Shakib Al Hasan 7-0-41-0 
Shamim Hossain 1-0-10-0 
Mehedy back into the attack",33.6,0,0.0,"Shakib to Zadran, no run  .Beats the outside edge! Pushed through by Shakib outside off, the batter looks to cut  .but is beaten",Shakib,Zadran,0.0,0,0,1,1,0.0,0,,0
"34.1 
1 
Mehidy Hasan Miraz to Hashmatullah, 1 run 
short of a length outside off, chopped to point for a tight single. Direct hit might have 
had him there at the striker's end",34.1,1,1.0,"Mehidy Hasan Miraz to Hashmatullah, 1 run  .short of a length outside off, chopped to point for a tight single. Direct hit might have  .had him there at the striker's end",Mehidy Hasan Miraz,Hashmatullah,1.0,0,0,1,1,1.0,0,,1
"34.2 
• 
Mehidy Hasan Miraz to Zadran, no run 
good length on the stumps, 92kph, driven back to the bowler",34.2,0,0.0,"Mehidy Hasan Miraz to Zadran, no run  .good length on the stumps, 92kph, driven back to the bowler",Mehidy Hasan Miraz,Zadran,0.0,0,0,1,1,0.0,0,,0
"34.3 
• 
Mehidy Hasan Miraz to Zadran, no run 
makes room and looks to punch this through the covers, but finds the man in the ring",34.3,0,0.0,"Mehidy Hasan Miraz to Zadran, no run  .makes room and looks to punch this through the covers, but finds the man in the ring",Mehidy Hasan Miraz,Zadran,0.0,0,0,1,1,0.0,0,,0
"34.4 
4 
Mehidy Hasan Miraz to Zadran, FOUR runs 
Fortune favours the brave! Charges down the track, doesn't get to the pitch but gives it 
big heave anyway. Ends up getting a fine inside edge that runs down the fine leg 
boundary",34.4,4,4.0,"Mehidy Hasan Miraz to Zadran, FOUR runs  .Fortune favours the brave! Charges down the track, doesn't get to the pitch but gives it  .big heave anyway. Ends up getting a fine inside edge that runs down the fine leg  .boundary",Mehidy Hasan Miraz,Zadran,4.0,1,0,1,1,4.0,0,,1
"34.5 
1 
Mehidy Hasan Miraz to Zadran, 1 run 
length ball outside off, punched down to wide long-off",34.5,1,1.0,"Mehidy Hasan Miraz to Zadran, 1 run  .length ball outside off, punched down to wide long-off",Mehidy Hasan Miraz,Zadran,1.0,0,0,1,1,1.0,0,,1
"34.6 
1 
Mehidy Hasan Miraz to Hashmatullah, 1 run 
length ball on leg, goes back and punches this towards deep midwicket for one 
end of over 357 runs  
AFG: 184/3CRR: 5.25 • RRR: 10.06 • Need 151 runs from 90b 
Hashmatullah Shahidi49 (52b 6x4) 
Najibullah Zadran16 (20b 2x4) 
Mehidy Hasan Miraz 7-0-38-0 
Shakib Al Hasan 7-0-41-0",34.6,1,1.0,"Mehidy Hasan Miraz to Hashmatullah, 1 run  .length ball on leg, goes back and punches this towards deep midwicket for one",Mehidy Hasan Miraz,Hashmatullah,1.0,0,0,1,1,1.0,0,,1
"35.1 
5w 
Shoriful Islam to Hashmatullah, 5 wide 
Oh dear, oh dear, gifted runs! Poor start from Shoriful who bowls this wide down leg 
and keeps swinging away from the keeper",35.1,5w,5.0,"Shoriful Islam to Hashmatullah, 5 wide  .Oh dear, oh dear, gifted runs! Poor start from Shoriful who bowls this wide down leg  .and keeps swinging away from the keeper",Shoriful Islam,Hashmatullah,0.0,0,0,0,0,5.0,0,,1
"35.1 
• 
Shoriful Islam to Hashmatullah, no run 
back of a length on off, looks to drop and run but this nearly bounces back on to the 
stumps",35.1,0,0.0,"Shoriful Islam to Hashmatullah, no run  .back of a length on off, looks to drop and run but this nearly bounces back on to the  .stumps",Shoriful Islam,Hashmatullah,0.0,0,0,1,1,0.0,0,,0
"35.2 
1w 
Shoriful Islam to Hashmatullah, 1 wide 
Bouncer, but this is deemed too short. Ends up going over the batter, who tries to 
feather an uppercut over the keeper but misses",35.2,1w,1.0,"Shoriful Islam to Hashmatullah, 1 wide  .Bouncer, but this is deemed too short. Ends up going over the batter, who tries to  .feather an uppercut over the keeper but misses",Shoriful Islam,Hashmatullah,0.0,0,0,0,0,1.0,0,,1
"35.2 
1 
Shoriful Islam to Hashmatullah, 1 run 
good length outside off, dabbed down to third man and that's fifty up for the skipper! 
Vital innings",35.2,1,1.0,"Shoriful Islam to Hashmatullah, 1 run  .good length outside off, dabbed down to third man and that's fifty up for the skipper!  .Vital innings",Shoriful Islam,Hashmatullah,1.0,0,0,1,1,1.0,0,,1
"35.3 
• 
Shoriful Islam to Zadran, no run 
back of a length on off, looks to open the face and guide this behind square buy can 
only get it as far as point",35.3,0,0.0,"Shoriful Islam to Zadran, no run  .back of a length on off, looks to open the face and guide this behind square buy can  .only get it as far as point",Shoriful Islam,Zadran,0.0,0,0,1,1,0.0,0,,0
"35.4 
• 
Shoriful Islam to Zadran, no run 
Cracking delivery! This was on a back of a length on off, 131kph, and pitches and 
shapes away. Has Najibullah fishing as it goes past the outside edge",35.4,0,0.0,"Shoriful Islam to Zadran, no run  .Cracking delivery! This was on a back of a length on off, 131kph, and pitches and  .shapes away. Has Najibullah fishing as it goes past the outside edge",Shoriful Islam,Zadran,0.0,0,0,1,1,0.0,0,,0
"35.5 
1w 
Shoriful Islam to Zadran, 1 wide 
Another wide in the over, down leg once more but this time Mushfiqur is able to reach it 
Waza: ""Have a strange feeling Bangladesh being complacent might just loose here with 
Afghans batting deep""",35.5,1w,1.0,"Shoriful Islam to Zadran, 1 wide  .Another wide in the over, down leg once more but this time Mushfiqur is able to reach it",Shoriful Islam,Zadran,0.0,0,0,0,0,1.0,0,,1
"35.5 
• 
Shoriful Islam to Zadran, no run 
Swing and a miss! This was shaping away outside off, and Najibullah wafts at it without 
much conviction",35.5,0,0.0,"Shoriful Islam to Zadran, no run  .Swing and a miss! This was shaping away outside off, and Najibullah wafts at it without  .much conviction",Shoriful Islam,Zadran,0.0,0,0,1,1,0.0,0,,0
"35.6 
1 
Shoriful Islam to Zadran, 1 run 
good length outside off, more shape away. Pokes at it and gets a thick edge down to 
third man, who does well to gather and keep it to one 
end of over 369 runs  
AFG: 193/3CRR: 5.36 • RRR: 10.14 • Need 142 runs from 84b 
Najibullah Zadran17 (24b 2x4) 
Hashmatullah Shahidi50 (54b 6x4) 
Shoriful Islam 7-1-23-1 
Mehidy Hasan Miraz 7-0-38-0",35.6,1,1.0,"Shoriful Islam to Zadran, 1 run  .good length outside off, more shape away. Pokes at it and gets a thick edge down to  .third man, who does well to gather and keep it to one",Shoriful Islam,Zadran,1.0,0,0,1,1,1.0,0,,1
"36.1 
W 
Mehidy Hasan Miraz to Zadran, OUT 
Bat or ball, you can't keep this man out of it! Najibulah swings across the line and 
misses a straight one from Mehidy as this clatters into off stump 
Najibullah Zadran b Mehidy Hasan Miraz 17 (25b 2x4 0x6 35m) SR: 68 
That was a pretty scratchy innings from Najibullah, will Nabi provide a better foil for 
Hashmatullah? 
Over the wicket now",36.1,W,0.0,"Mehidy Hasan Miraz to Zadran, OUT  .Bat or ball, you can't keep this man out of it! Najibulah swings across the line and  .misses a straight one from Mehidy as this clatters into off stump  .Najibullah Zadran b Mehidy Hasan Miraz 17 (25b 2x4 0x6 35m) SR: 68",Mehidy Hasan Miraz,Zadran,0.0,0,0,1,1,0.0,1,b Mehidy Hasan Miraz,0
"36.2 
2w 
Mehidy Hasan Miraz to M Nabi, 2 wide 
full, but drifts down leg. Looks to paddle this but don't think he gets anything on it. Goes 
through Mushfiqur as well 
back around",36.2,2w,2.0,"Mehidy Hasan Miraz to M Nabi, 2 wide  .full, but drifts down leg. Looks to paddle this but don't think he gets anything on it. Goes  .through Mushfiqur as well  .back around",Mehidy Hasan Miraz,M Nabi,0.0,0,0,0,0,2.0,0,,1
"36.2 
• 
Mehidy Hasan Miraz to Hashmatullah, no run 
good length on off, punched to short extra cover",36.2,0,0.0,"Mehidy Hasan Miraz to Hashmatullah, no run  .good length on off, punched to short extra cover",Mehidy Hasan Miraz,Hashmatullah,0.0,0,0,1,1,0.0,0,,0
"36.3 
• 
Mehidy Hasan Miraz to Hashmatullah, no run 
looks to make room but Mehidy follows him, driven back to the bowler",36.3,0,0.0,"Mehidy Hasan Miraz to Hashmatullah, no run  .looks to make room but Mehidy follows him, driven back to the bowler",Mehidy Hasan Miraz,Hashmatullah,0.0,0,0,1,1,0.0,0,,0
"36.4 
• 
Mehidy Hasan Miraz to Hashmatullah, no run 
good length on off, inside edge on to the boot",36.4,0,0.0,"Mehidy Hasan Miraz to Hashmatullah, no run  .good length on off, inside edge on to the boot",Mehidy Hasan Miraz,Hashmatullah,0.0,0,0,1,1,0.0,0,,0
"36.5 
1 
Mehidy Hasan Miraz to Hashmatullah, 1 run 
good length on middle and leg, 88kph, worked square on the onside for one 
over the wicket",36.5,1,1.0,"Mehidy Hasan Miraz to Hashmatullah, 1 run  .good length on middle and leg, 88kph, worked square on the onside for one  .over the wicket",Mehidy Hasan Miraz,Hashmatullah,1.0,0,0,1,1,1.0,0,,1
"36.6 
• 
Mehidy Hasan Miraz to M Nabi, no run 
full on off, driven to Mehidy's right where he dives low and saves the single 
end of over 373 runs • 1 wicket 
AFG: 196/4CRR: 5.29 • RRR: 10.69 • Need 139 runs from 78b 
Mohammad Nabi0 (1b) 
Hashmatullah Shahidi51 (58b 6x4) 
Mehidy Hasan Miraz 8-0-41-1 
Shoriful Islam 7-1-23-1 
Alim: ""@Madushka What is the difference of runs need to qualify next round for 
Bangladesh"" I believe Afghanistan need to score less than 279.",36.6,0,0.0,"Mehidy Hasan Miraz to M Nabi, no run  .full on off, driven to Mehidy's right where he dives low and saves the single",Mehidy Hasan Miraz,M Nabi,0.0,0,0,1,1,0.0,0,,0
"37.1 
• 
Shoriful Islam to Hashmatullah, no run 
length ball on the stumps, defended towards short midwicket",37.1,0,0.0,"Shoriful Islam to Hashmatullah, no run  .length ball on the stumps, defended towards short midwicket",Shoriful Islam,Hashmatullah,0.0,0,0,1,1,0.0,0,,0
"37.2 
W 
Shoriful Islam to Hashmatullah, OUT 
Is that the game?! The skipper is gone! This was full and swinging away outside off, 
Hashmatullah looks to tonk this over long-on but gets a thick edge that flies right down 
third man's throat 
Hashmatullah Shahidi c Hasan Mahmud b Shoriful Islam 51 (60b 6x4 0x6 82m) SR: 85",37.2,W,0.0,"Shoriful Islam to Hashmatullah, OUT  .Is that the game?! The skipper is gone! This was full and swinging away outside off,  .Hashmatullah looks to tonk this over long-on but gets a thick edge that flies right down  .third man's throat  .Hashmatullah Shahidi c Hasan Mahmud b Shoriful Islam 51 (60b 6x4 0x6 82m) SR: 85",Shoriful Islam,Hashmatullah,0.0,0,0,1,1,0.0,1,c Hasan Mahmud b Shoriful Islam,0
"37.3 
• 
Shoriful Islam to Gulbadin, no run 
length ball outside off, chopped into the turf straight to gully",37.3,0,0.0,"Shoriful Islam to Gulbadin, no run  .length ball outside off, chopped into the turf straight to gully",Shoriful Islam,Gulbadin,0.0,0,0,1,1,0.0,0,,0
"37.4 
• 
Shoriful Islam to Gulbadin, no run 
play and a miss! Back of a length outside off, shapes away from the right hander",37.4,0,0.0,"Shoriful Islam to Gulbadin, no run  .play and a miss! Back of a length outside off, shapes away from the right hander",Shoriful Islam,Gulbadin,0.0,0,0,1,1,0.0,0,,0
"37.5 
1 
Shoriful Islam to Gulbadin, 1 run 
full outside off, slashed hard but it's brilliantly fielded by short extra cover",37.5,1,1.0,"Shoriful Islam to Gulbadin, 1 run  .full outside off, slashed hard but it's brilliantly fielded by short extra cover",Shoriful Islam,Gulbadin,1.0,0,0,1,1,1.0,0,,1
"37.6 
• 
Shoriful Islam to M Nabi, no run 
nips in from outside off, huge appeal for leg before as this strikes the back pad. This 
looked to be striking outside the line, but Shoriful convinces his skipper to take the 
review. No bat involved, and it looks to be heading towards the stumps, but is the 
impact in line? Impact is umpire's call so it stays not out. Definitely worth a review in the 
end. 
end of over 381 run • 1 wicket 
AFG: 197/5CRR: 5.18 • RRR: 11.50 • Need 138 runs from 72b 
Mohammad Nabi0 (2b) 
Gulbadin Naib1 (3b) 
Shoriful Islam 8-1-24-2 
Mehidy Hasan Miraz 8-0-41-1",37.6,0,0.0,"Shoriful Islam to M Nabi, no run  .nips in from outside off, huge appeal for leg before as this strikes the back pad. This  .looked to be striking outside the line, but Shoriful convinces his skipper to take the  .review. No bat involved, and it looks to be heading towards the stumps, but is the  .impact in line? Impact is umpire's call so it stays not out. Definitely worth a review in the  .end.",Shoriful Islam,M Nabi,0.0,0,0,1,1,0.0,0,,0
"38.1 
• 
Shakib to Gulbadin, no run 
good length on off, front foot push to point",38.1,0,0.0,"Shakib to Gulbadin, no run  .good length on off, front foot push to point",Shakib,Gulbadin,0.0,0,0,1,1,0.0,0,,0
"38.2 
• 
Shakib to Gulbadin, no run 
length on off, slapped to short extra cover",38.2,0,0.0,"Shakib to Gulbadin, no run  .length on off, slapped to short extra cover",Shakib,Gulbadin,0.0,0,0,1,1,0.0,0,,0
"38.3 
1 
Shakib to Gulbadin, 1 run 
full on the stumps, driven down the ground for one",38.3,1,1.0,"Shakib to Gulbadin, 1 run  .full on the stumps, driven down the ground for one",Shakib,Gulbadin,1.0,0,0,1,1,1.0,0,,1
"38.4 
• 
Shakib to M Nabi, no run 
good length outside off, pushed towards short extra",38.4,0,0.0,"Shakib to M Nabi, no run  .good length outside off, pushed towards short extra",Shakib,M Nabi,0.0,0,0,1,1,0.0,0,,0
"38.5 
1 
Shakib to M Nabi, 1 run 
driven in the air but between point and short extra cover. Sweeper collects",38.5,1,1.0,"Shakib to M Nabi, 1 run  .driven in the air but between point and short extra cover. Sweeper collects",Shakib,M Nabi,1.0,0,0,1,1,1.0,0,,1
"38.6 
1 
Shakib to Gulbadin, 1 run 
good length on the stumps, back foot push down to long-on 
end of over 393 runs  
AFG: 200/5CRR: 5.12 • RRR: 12.27 • Need 135 runs from 66b 
Gulbadin Naib3 (7b) 
Mohammad Nabi1 (4b) 
Shakib Al Hasan 8-0-44-0 
Shoriful Islam 8-1-24-2",38.6,1,1.0,"Shakib to Gulbadin, 1 run  .good length on the stumps, back foot push down to long-on",Shakib,Gulbadin,1.0,0,0,1,1,1.0,0,,1
"39.1 
6 
Shoriful Islam to Gulbadin, SIX runs 
Walloped! This was in the slot outside off and he frees his arms, just smacks this over 
long-on",39.1,6,6.0,"Shoriful Islam to Gulbadin, SIX runs  .Walloped! This was in the slot outside off and he frees his arms, just smacks this over  .long-on",Shoriful Islam,Gulbadin,6.0,0,1,1,1,6.0,0,,1
"39.2 
• 
Shoriful Islam to Gulbadin, no run 
goes back to short of a length now, again looks to heave this but gets an inside edge to 
midwicket",39.2,0,0.0,"Shoriful Islam to Gulbadin, no run  .goes back to short of a length now, again looks to heave this but gets an inside edge to  .midwicket",Shoriful Islam,Gulbadin,0.0,0,0,1,1,0.0,0,,0
"39.3 
4 
Shoriful Islam to Gulbadin, FOUR runs 
Slapped through the covers! This was a good length ball, but he almost flat bats it on 
the up between extra cover and cover",39.3,4,4.0,"Shoriful Islam to Gulbadin, FOUR runs  .Slapped through the covers! This was a good length ball, but he almost flat bats it on  .the up between extra cover and cover",Shoriful Islam,Gulbadin,4.0,1,0,1,1,4.0,0,,1
"39.4 
• 
Shoriful Islam to Gulbadin, no run 
swing and a miss as he looks for that long-on boundary again. Beaten on the outside 
edge",39.4,0,0.0,"Shoriful Islam to Gulbadin, no run  .swing and a miss as he looks for that long-on boundary again. Beaten on the outside  .edge",Shoriful Islam,Gulbadin,0.0,0,0,1,1,0.0,0,,0
"39.5 
2 
Shoriful Islam to Gulbadin, 2 runs 
Short ball pulled well in front of square, but deep midwicket does well to run around and 
save the boundary",39.5,2,2.0,"Shoriful Islam to Gulbadin, 2 runs  .Short ball pulled well in front of square, but deep midwicket does well to run around and  .save the boundary",Shoriful Islam,Gulbadin,2.0,0,0,1,1,2.0,0,,1
"39.6 
W 
Shoriful Islam to Gulbadin, OUT 
Shoriful gets the last laugh! And he lets out a guttural scream! This was a back of a 
length delivery that Gulbadin drags on to the base of the stumps as he looks to swipe 
this across the line 
Gulbadin Naib b Shoriful Islam 15 (13b 1x4 1x6 11m) SR: 115.38 
end of over 4012 runs • 1 wicket 
AFG: 212/6CRR: 5.30 • RRR: 12.30 • Need 123 runs from 60b 
Mohammad Nabi1 (4b) 
Shoriful Islam 9-1-36-3 
Shakib Al Hasan 8-0-44-0 
Sadman Hasan: ""The Asia Cup format should be a 6-team participating directly in the 
main event, with everyone playing each other once. No matter who gets eliminated from 
this group, it is safe to say it will be incredibly unfair to them. All three teams are quality 
sides with little separating them. It might be a controversial take, but in my opinion, ACC 
using the Asia Cup as a proxy event to make India-Pakistan games as many times as 
possible is doing a great disservice to the other teams."" 
Janet is the new man, but he's off strike",39.6,W,0.0,"Shoriful Islam to Gulbadin, OUT  .Shoriful gets the last laugh! And he lets out a guttural scream! This was a back of a  .length delivery that Gulbadin drags on to the base of the stumps as he looks to swipe  .this across the line  .Gulbadin Naib b Shoriful Islam 15 (13b 1x4 1x6 11m) SR: 115.38",Shoriful Islam,Gulbadin,0.0,0,0,1,1,0.0,1,b Shoriful Islam,0
"40.1 
2 
Taskin to M Nabi, 2 runs 
good length outside off, pace-off. Opens the face and runs this down to deep backward 
point for a couple",40.1,2,2.0,"Taskin to M Nabi, 2 runs  .good length outside off, pace-off. Opens the face and runs this down to deep backward  .point for a couple",Taskin,M Nabi,2.0,0,0,1,1,2.0,0,,1
"40.2 
W 
Taskin to M Nabi, OUT 
Quality take in the deep! This was short of a length and Nabi goes for the pull. He gets 
the height but not the distance. Afif at deep square leg, waits and waits and eventually 
holds on as the ball drops back down from orbit 
Mohammad Nabi c Afif Hossain b Taskin Ahmed 3 (6b 0x4 0x6 21m) SR: 50 
While the optimism of a late charge made sense on this track, this was always the more 
likely outcome as Afghanistan let the required rate soar",40.2,W,0.0,"Taskin to M Nabi, OUT  .Quality take in the deep! This was short of a length and Nabi goes for the pull. He gets  .the height but not the distance. Afif at deep square leg, waits and waits and eventually  .holds on as the ball drops back down from orbit  .Mohammad Nabi c Afif Hossain b Taskin Ahmed 3 (6b 0x4 0x6 21m) SR: 50",Taskin,M Nabi,0.0,0,0,1,1,0.0,1,c Afif Hossain b Taskin Ahmed,0
"40.3 
• 
Taskin to Rashid Khan, no run 
back of a length outside off, play and a miss",40.3,0,0.0,"Taskin to Rashid Khan, no run  .back of a length outside off, play and a miss",Taskin,Rashid Khan,0.0,0,0,1,1,0.0,0,,0
"40.4 
4 
Taskin to Rashid Khan, FOUR runs 
Rashid though is a capable striker of the ball, and this shows he's more than just a 
slogger! Back of a length on off, he just opens the face and punches this behind point. 
The timing is exquisite",40.4,4,4.0,"Taskin to Rashid Khan, FOUR runs  .Rashid though is a capable striker of the ball, and this shows he's more than just a  .slogger! Back of a length on off, he just opens the face and punches this behind point.  .The timing is exquisite",Taskin,Rashid Khan,4.0,1,0,1,1,4.0,0,,1
"40.5 
• 
Taskin to Rashid Khan, no run 
Great response from Taskin! Bangs this in short as it whizzes past Rashid's head",40.5,0,0.0,"Taskin to Rashid Khan, no run  .Great response from Taskin! Bangs this in short as it whizzes past Rashid's head",Taskin,Rashid Khan,0.0,0,0,1,1,0.0,0,,0
"40.6 
1 
Taskin to Rashid Khan, 1 run 
Short ball, top edged but it falls short of deep midwicket 
end of over 417 runs • 1 wicket 
AFG: 219/7CRR: 5.34 • RRR: 12.88 • Need 116 runs from 54b 
Rashid Khan5 (4b 1x4) 
Karim Janat0 (0b) 
Taskin Ahmed 7-0-34-2 
Shoriful Islam 9-1-36-3 
Saad: ""@Sadman - I second that, completely agree with that!""",40.6,1,1.0,"Taskin to Rashid Khan, 1 run  .Short ball, top edged but it falls short of deep midwicket",Taskin,Rashid Khan,1.0,0,0,1,1,1.0,0,,1
"41.1 
• 
Hasan Mahmud to Rashid Khan, no run 
back of a length outside off, pace-off. Looks to swat this onside and misses",41.1,0,0.0,"Hasan Mahmud to Rashid Khan, no run  .back of a length outside off, pace-off. Looks to swat this onside and misses",Hasan Mahmud,Rashid Khan,0.0,0,0,1,1,0.0,0,,0
"41.2 
1 
Hasan Mahmud to Rashid Khan, 1 run 
back of a length on the stumps, nudged towards midwicket for one 
Jobayed Ome: ""Brilliant captaincy from Shakib. Using the pressure of RRR, He is using 
the fast bowlers to tempt the Afghan """,41.2,1,1.0,"Hasan Mahmud to Rashid Khan, 1 run  .back of a length on the stumps, nudged towards midwicket for one",Hasan Mahmud,Rashid Khan,1.0,0,0,1,1,1.0,0,,1
"41.3 
1 
Hasan Mahmud to Karim Janat, 1 run 
back of a length on the stumps, tucked square on the onside for one",41.3,1,1.0,"Hasan Mahmud to Karim Janat, 1 run  .back of a length on the stumps, tucked square on the onside for one",Hasan Mahmud,Karim Janat,1.0,0,0,1,1,1.0,0,,1
"41.4 
W 
Hasan Mahmud to Rashid Khan, OUT 
Direct hit gets the man! This was short and the pull was scuffed to mid-on. The non-
striker is backing up, not too far but far enough that he has to scamper back. But the 
throw is excellent and he's a few inches short 
Karim Janat run out (sub [Anamul Haque]) 1 (1b 0x4 0x6 9m) SR: 100",41.4,W,0.0,"Hasan Mahmud to Rashid Khan, OUT  .Direct hit gets the man! This was short and the pull was scuffed to mid-on. The non- .striker is backing up, not too far but far enough that he has to scamper back. But the  .throw is excellent and he's a few inches short  .Karim Janat run out (sub [Anamul Haque]) 1 (1b 0x4 0x6 9m) SR: 100",Hasan Mahmud,Rashid Khan,0.0,0,0,1,1,0.0,0,run out (sub [Anamul Haque]),0
"41.5 
6 
Hasan Mahmud to Rashid Khan, SIX runs 
Gets a hold of this does Rashid! Short around head height and he just clobbers this 
hook over deep midwicket",41.5,6,6.0,"Hasan Mahmud to Rashid Khan, SIX runs  .Gets a hold of this does Rashid! Short around head height and he just clobbers this  .hook over deep midwicket",Hasan Mahmud,Rashid Khan,6.0,0,1,1,1,6.0,0,,1
"41.6 
4 
Hasan Mahmud to Rashid Khan, FOUR runs 
This is four, but possibly an even better stroke! Waits for the slower ball, and just times 
this pull to perfection towards cow corner 
end of over 4212 runs • 1 wicket 
AFG: 231/8CRR: 5.50 • RRR: 13.00 • Need 104 runs from 48b 
Rashid Khan16 (9b 2x4 1x6) 
Mujeeb Ur Rahman0 (0b) 
Hasan Mahmud 8-1-57-1 
Taskin Ahmed 7-0-34-2",41.6,4,4.0,"Hasan Mahmud to Rashid Khan, FOUR runs  .This is four, but possibly an even better stroke! Waits for the slower ball, and just times  .this pull to perfection towards cow corner",Hasan Mahmud,Rashid Khan,4.0,1,0,1,1,4.0,0,,1
"42.1 
1 
Taskin to Mujeeb, 1 run 
short ball, pulled down to wide long-on",42.1,1,1.0,"Taskin to Mujeeb, 1 run  .short ball, pulled down to wide long-on",Taskin,Mujeeb,1.0,0,0,1,1,1.0,0,,1
"42.2 
1w 
Taskin to Rashid Khan, 1 wide 
too far wide outside off. Rashid moves towards the offside but he still can't reach this",42.2,1w,1.0,"Taskin to Rashid Khan, 1 wide  .too far wide outside off. Rashid moves towards the offside but he still can't reach this",Taskin,Rashid Khan,0.0,0,0,0,0,1.0,0,,1
"42.2 
4 
Taskin to Rashid Khan, FOUR runs 
His hit the leather off that! My word he hit that hard. This was full and straight, Rashid 
leans back and nearly takes off Taskin's feet as he smacks this back down the ground",42.2,4,4.0,"Taskin to Rashid Khan, FOUR runs  .His hit the leather off that! My word he hit that hard. This was full and straight, Rashid  .leans back and nearly takes off Taskin's feet as he smacks this back down the ground",Taskin,Rashid Khan,4.0,1,0,1,1,4.0,0,,1
"42.3 
1 
Taskin to Rashid Khan, 1 run 
Slower ball, but another clobbered pull. This one is cut off by deep square leg",42.3,1,1.0,"Taskin to Rashid Khan, 1 run  .Slower ball, but another clobbered pull. This one is cut off by deep square leg",Taskin,Rashid Khan,1.0,0,0,1,1,1.0,0,,1
"42.4 
• 
Taskin to Mujeeb, no run 
bouncer, Mujeeb sways out of the way",42.4,0,0.0,"Taskin to Mujeeb, no run  .bouncer, Mujeeb sways out of the way",Taskin,Mujeeb,0.0,0,0,1,1,0.0,0,,0
"42.5 
1 
Taskin to Mujeeb, 1 run 
short ball on the body, fended off towards midwicket for one",42.5,1,1.0,"Taskin to Mujeeb, 1 run  .short ball on the body, fended off towards midwicket for one",Taskin,Mujeeb,1.0,0,0,1,1,1.0,0,,1
"42.6 
1 
Taskin to Rashid Khan, 1 run 
good length outside off, swatted towards wide mid-off for one 
end of over 439 runs  
AFG: 240/8CRR: 5.58 • RRR: 13.57 • Need 95 runs from 42b 
Rashid Khan22 (12b 3x4 1x6) 
Mujeeb Ur Rahman2 (3b) 
Taskin Ahmed 8-0-43-2 
Hasan Mahmud 8-1-57-1 
Ahid: ""The way Rashid is batting and Mujeeb batted against Pakistan (in SL), this a 
Afghanistan's match to lose "" --- I think you might have missed the bit where the 
requirement is 95 runs with 2 wickets and 42 balls remaining.",42.6,1,1.0,"Taskin to Rashid Khan, 1 run  .good length outside off, swatted towards wide mid-off for one",Taskin,Rashid Khan,1.0,0,0,1,1,1.0,0,,1
"43.1 
1 
Hasan Mahmud to Rashid Khan, 1 run 
low full toss, chipped towards deep midwicket",43.1,1,1.0,"Hasan Mahmud to Rashid Khan, 1 run  .low full toss, chipped towards deep midwicket",Hasan Mahmud,Rashid Khan,1.0,0,0,1,1,1.0,0,,1
"43.2 
• 
Hasan Mahmud to Mujeeb, no run 
Swing and a miss! Back of a length outside off, 132kph, seaming away",43.2,0,0.0,"Hasan Mahmud to Mujeeb, no run  .Swing and a miss! Back of a length outside off, 132kph, seaming away",Hasan Mahmud,Mujeeb,0.0,0,0,1,1,0.0,0,,0
"43.3 
1 
Hasan Mahmud to Mujeeb, 1 run 
good yorker, 136kph, dug out to wide mid-off for one 
SamC: ""Those 3 hits from Rashid has got the required rate under 6....if you know what I 
mean!""",43.3,1,1.0,"Hasan Mahmud to Mujeeb, 1 run  .good yorker, 136kph, dug out to wide mid-off for one",Hasan Mahmud,Mujeeb,1.0,0,0,1,1,1.0,0,,1
"43.4 
1 
Hasan Mahmud to Rashid Khan, 1 run 
short ball, pulled in front of square for one",43.4,1,1.0,"Hasan Mahmud to Rashid Khan, 1 run  .short ball, pulled in front of square for one",Hasan Mahmud,Rashid Khan,1.0,0,0,1,1,1.0,0,,1
"43.5 
• 
Hasan Mahmud to Mujeeb, no run 
short of a length outside off, 129kph, Mujeeb swings across the line and misses",43.5,0,0.0,"Hasan Mahmud to Mujeeb, no run  .short of a length outside off, 129kph, Mujeeb swings across the line and misses",Hasan Mahmud,Mujeeb,0.0,0,0,1,1,0.0,0,,0
"43.6 
1 
Hasan Mahmud to Mujeeb, 1 run 
full on off, stays in the crease and works this towards midwicket for one 
end of over 444 runs  
AFG: 244/8CRR: 5.54 • RRR: 15.16 • Need 91 runs from 36b 
Mujeeb Ur Rahman4 (7b) 
Rashid Khan24 (14b 3x4 1x6) 
Hasan Mahmud 9-1-61-1 
Taskin Ahmed 8-0-43-2 
Zeeshan Anjum: ""I think Afghanistan clearly looking off that NRR and someone has 
conveyed them the message regarding 270 runs to be safe even after loosing this one."" 
279, but yes.",43.6,1,1.0,"Hasan Mahmud to Mujeeb, 1 run  .full on off, stays in the crease and works this towards midwicket for one",Hasan Mahmud,Mujeeb,1.0,0,0,1,1,1.0,0,,1
"44.1 
W 
Taskin to Mujeeb, OUT 
Clattered over deep midwicket! And, wait a minute, has he hit his own wicket?! Yes he 
has! Six and out, would you believe it! Mujeeb has gone so deep in his crease to swing 
at this that he's stepped on the stumps. 
Mujeeb Ur Rahman hit wicket b Taskin Ahmed 4 (8b 0x4 0x6 11m) SR: 50 
Isaac Marshall: ""Also they would still have to win against Sri Lanka, not exactly safe!""",44.1,W,0.0,"Taskin to Mujeeb, OUT  .Clattered over deep midwicket! And, wait a minute, has he hit his own wicket?! Yes he  .has! Six and out, would you believe it! Mujeeb has gone so deep in his crease to swing  .at this that he's stepped on the stumps.  .Mujeeb Ur Rahman hit wicket b Taskin Ahmed 4 (8b 0x4 0x6 11m) SR: 50",Taskin,Mujeeb,0.0,0,0,1,1,0.0,1,hit wicket b Taskin Ahmed,0
"44.2 
1 
Taskin to Fazalhaq Farooqi, 1 run 
short of a length on the body, fended down towards fine leg",44.2,1,1.0,"Taskin to Fazalhaq Farooqi, 1 run  .short of a length on the body, fended down towards fine leg",Taskin,Fazalhaq Farooqi,1.0,0,0,1,1,1.0,0,,1
"44.3 
W 
Taskin to Rashid Khan, OUT 
And that's that! Rashid goes for another big hit but only manages to top edge it to mid-
off! Bangladesh win by 89 runs! 
Rashid Khan c Shakib Al Hasan b Taskin Ahmed 24 (15b 3x4 1x6 22m) SR: 160 
10.14pm So Bangladesh have done what they set out to do, they've beaten Afghanistan 
by such a margin that their NRR is strong enough that they won't end in last position 
regardless of the outcome of the SL-Afghan game, and thus have qualified for the 
Super 4s! 
This was a win built on the shoulders of Najmul Hossain Shanto and Mehidy Hasan 
Miraz, whose centuries laid the platform for their massive total. Then with the ball, the 
bowlers kept things tight, especially the spinners through the middle overs, before a 
flurry of wickets at the death owing to scoreboard pressure sealed Afghanistan's fate. 
What this means for Afghanistan is that they will require a big win against Sri Lanka in 
Lahore on Tuesday if they're to qualify to the next round. 
Getting a few questions regarding the qualification criteria, let me try and explain it as 
best as I can. Essentially, if SL lose tomorrow by a small margin they may remain above 
Bangladesh but Afghanistan can't go above Bangladesh. If Afghanistan win heavy to 
qualify, they may end up going above Bangladesh's NRR but they will impact SL's NRR 
so heavily that it will go below Bangladesh's. Basically, there is no scenario where BOTH 
Afghanistan and SL can end on a high NRR than Bangladesh. 
Alright then, time now for the post-match presentation. 
Catch of the Match goes to Mushfiqur Rahim 
Mehidy Hasan Miraz gets an award for the most sixes. He is also named Player of the 
Match: ""I'm really happy. I think the team management believe in me. It was an excellent 
wicket, the ball was coming on easy so I just tried to strike through the line. It was an 
excellent partnership with Shanto."" 
Shakib Al Hasan: We played very well all-round. It wasn't easy for the fielders to play 50 
overs and come and bat, so we were really lucky to win the toss. [Mehidy promotion] He 
got his chance up the order and proved himself, we always knew he had the ability. We 
executed our plans really well, the fast bowlers especially bowled their heart out. This 
wasn't an easy wicket to bowl on."" 
10.40pm And that is that from us. We have Nepal taking on India tomorrow in Pallekele, 
be sure to join us for that. But until then on behalf of Abhimanyu, this Madushka signing 
out! 
Sponsored Headlines 
 
ipl 2025 - ऑरेंज कैप पाने से एक बड़े शॉट से दूर virat kohli | ESPNcricinfoDiscover 
 
Ben Curran talks about brothers Tom and Sam and representing Zimbabwe: 'Everyone's 
got their own path' | ESPNcricinfoDiscover 
 
Wolf & Shepherd |  
Sponsored by TaboolaSponsored by Taboola 
Shop Now 
Business sneakers CEOs Actually Swear ByRead MoreSkip 
 
IPL playoffs से पहले tim david के चोिटल होने का ख़तरा | ESPNcricinfoDiscover 
 
IPL 2025 - who is best placed to finish in the top two - MI, RCB, GT, PBKS? | 
ESPNcricinfoDiscover 
Watch this Video to Learn More 
Read More 
Ad 
|  
Sponsored  
 
Your Best Life Starts TodayBoost energy, mood, and lean muscle with our powerful TRT 
Gel. Feel the difference, track your progress, and maximize your results with ease. 
Prescription products require an online consultation with a doctor. Results may 
vary.Maximus |  
SponsoredSponsored 
Learn More 
Undo 
 
I Replaced My Sonicare Toothbrush with TAO. I Love It!Discover the revolutionary sonic 
toothbrush with 40,000 brush strokes per minute and UV sanitizing technology. Includes 
market-leading cleaning power, self-charging base, and automatic germ protection. 
Now with 55% off limited-time offer!Taoclean |  
SponsoredSponsored 
Learn More 
Undo 
 
Amazon Is Losing Money as Arizona Shoppers Are Canceling Prime for This Clever 
HackThis simple trick can save tons of money on Amazon, but most Prime members 
are ignoring it.Online Shopping Tools |  
SponsoredSponsored 
Undo 
 
The Business Sneaker Loved by CEOs and NFL StarsPremium full-grain leather and 
marathon running shoe technology providing first class comfort all day long. Loved and 
worn by NFL athletes and coaches. Shoes much more comfortable than traditional 
dress shoes.Wolf & Shepherd |  
SponsoredSponsored 
Shop Now 
Undo 
 
Using Glucometer? See The main Enemy of Sugar Spikesharmonyessencehub |  
SponsoredSponsored 
Undo 
 
Costco Shoppers Say This Fat-Burning Patch Triggers Weight Loss ""Unlike Any 
Other""Shocking results without diets or lifestyle changesHealth Advice Today |  
SponsoredSponsored 
Undo 
 
Cinnamon: The Greatest Enemy of Blood SugarMagazine Glyco |  
SponsoredSponsored 
Learn More 
Undo 
 
Meet The Real Enemy Of Neuropathy & Nerve Pain (Its Not Vitamin B)Nerve Pain? Try 
This Odd Morning Routine (Neurologists Stunned!)Health & Family |  
SponsoredSponsored 
Learn More 
Undo 
 
Seniors Can Now Fly Business Class For the Price Of EconomyAmericans, you'll want to 
check this out ASAPInsider | Travel Deals |  
SponsoredSponsored 
Undo 
 
Experts: These Shoes Are the Best Thing You Can Do for Your Body After 50Barefoot 
Shoes are the Ultimate Health Trend for 2025!Barefoot Vitality |  
SponsoredSponsored 
Learn More 
Undo 
 
Neurologists Amazed: These Barefoot Shoes Help Seniors Lose Weight and Live a Life 
with Less PainBarefoot Shoes are the Ultimate Weight Loss Tool for 2025.Barefoot 
Vitality |  
SponsoredSponsored 
Learn More 
Undo 
 
Why I Finally Replaced My Electric Toothbrush After 5 YearsDiscover the revolutionary 
sonic toothbrush with 40,000 brush strokes per minute and UV sanitizing technology. 
Includes market-leading cleaning power, self-charging base, and automatic germ 
protection. Now with 55% off limited-time offer!Taoclean |  
SponsoredSponsored 
Learn More 
Undo 
Language 
English 
Match Coverage 
All Match News 
 
Mehidy and Shanto flex leadership credentials in 
partnership for the ages 
They took Bangladesh into the Super Fours with a 194-run stand that showcased their 
best individual qualities 
 
 
 
Mehidy, Shanto power Bangladesh into the Super Fours 
The pair scored centuries to set up a match-winning total of 334 
 
 
 
Afghanistan's middle order in focus as Bangladesh enter 
knockout territory 
Afghanistan are opening their campaign while Bangladesh are already staring at the 
prospect of elimination 
 
 
 
Instant answers to T20 questions 
What is the lowest team total in the IPL? 
Which batter has hit the most sixes in an innings in the IPL? 
Which team has scored the most runs in death overs in an IPL match? 
Ask a question 
Videos 
All Match Videos 
 
 
1:21 
Jaffer: 'Kind of a complete game for Bangladesh' 
 
 
 
1:37 
Where did Afghanistan falter in their chase? 
 
 
 
1:33 
What went wrong for Rashid and Farooqi? 
 
Afghanistan Innings 
Player Name 
R 
B 
Rahmanullah 
Gurbaz 
lbw 
1 
7 
Ibrahim 
Zadran 
caught 
75 74 
Rahmat Shah bowled 
33 57 
Hashmatullah 
Shahidi 
caught 
51 60 
Najibullah 
Zadran 
bowled 
17 25 
Mohammad 
Nabi 
caught 
3 
6 
Gulbadin 
Naib 
bowled 
15 13 
Karim Janat 
run out 
1 
1 
Rashid Khan caught 
24 15 
Mujeeb Ur 
Rahman 
hit wicket 
4 
8 
Fazalhaq 
Farooqi 
not out 
1 
1 
Extras 
(lb 3, w 17) 
Total 
245(10 wkts;",44.3,W,0.0,"Taskin to Rashid Khan, OUT  .And that's that! Rashid goes for another big hit but only manages to top edge it to mid- .off! Bangladesh win by 89 runs!  .Rashid Khan c Shakib Al Hasan b Taskin Ahmed 24 (15b 3x4 1x6 22m) SR: 160",Taskin,Rashid Khan,0.0,0,0,1,1,0.0,1,c Shakib Al Hasan b Taskin Ahmed,0
