raw_data,overs,runs,team_runs,commentary,bowler,batsman,batsman_runs,batsman_fours,batsman_sixes,batsman_bowls_faced,bowler_bowls_done,bowler_runs_given,bowler_wickets,dismissal,runs_given_bool
"0.1 
1w 
Tanzim Hasan Sakib to Rohit Sharma, 1 wide 
starts off with a wide down the leg side 
Two slips in place",0.1,1w,1.0,"Tanzim Hasan Sakib to Rohit Sharma, 1 wide  .starts off with a wide down the leg side  .Two slips in place",Tanzim Hasan Sakib,Rohit Sharma,0.0,0,0,0,0,1.0,0,,1
"0.1 
• 
Tanzim Hasan Sakib to Rohit Sharma, no run 
on a length, shape away, defended in front of off 
Tanzim has whippy, outswingers' action",0.1,0,0.0,"Tanzim Hasan Sakib to Rohit Sharma, no run  .on a length, shape away, defended in front of off  .Tanzim has whippy, outswingers' action",Tanzim Hasan Sakib,Rohit Sharma,0.0,0,0,1,1,0.0,0,,0
"0.2 
1w 
Tanzim Hasan Sakib to Rohit Sharma, 1 wide 
drags this short, and wide. Sharma goes for the cut but can't catch up with it",0.2,1w,1.0,"Tanzim Hasan Sakib to Rohit Sharma, 1 wide  .drags this short, and wide. Sharma goes for the cut but can't catch up with it",Tanzim Hasan Sakib,Rohit Sharma,0.0,0,0,0,0,1.0,0,,1
"0.2 
W 
Tanzim Hasan Sakib to Rohit Sharma, OUT 
big fish. Rohit Sharma for a duck. Teasing wide delivery. Rohit has a drive at it. Early into 
the shot so he kind of checks his shot. Ends up lobbing it up to cover-point 
Rohit Sharma c Anamul Haque b Tanzim Hasan Sakib 0 (2b 0x4 0x6 3m) SR: 0 
See all photos 
In comes Tilak Varma at No. 3. This is no soft debut. Just the one slip now",0.2,W,0.0,"Tanzim Hasan Sakib to Rohit Sharma, OUT  .big fish. Rohit Sharma for a duck. Teasing wide delivery. Rohit has a drive at it. Early into  .the shot so he kind of checks his shot. Ends up lobbing it up to cover-point  .Rohit Sharma c Anamul Haque b Tanzim Hasan Sakib 0 (2b 0x4 0x6 3m) SR: 0",Tanzim Hasan Sakib,Rohit Sharma,0.0,0,0,1,1,0.0,1,c Anamul Haque b Tanzim Hasan Sakib,0
"0.3 
• 
Tanzim Hasan Sakib to Tilak Varma, no run 
short of a length, good carry, into the ribs, 137ks. Fended down",0.3,0,0.0,"Tanzim Hasan Sakib to Tilak Varma, no run  .short of a length, good carry, into the ribs, 137ks. Fended down",Tanzim Hasan Sakib,Tilak Varma,0.0,0,0,1,1,0.0,0,,0
"0.4 
• 
Tanzim Hasan Sakib to Tilak Varma, no run 
beats the inside edge. Seam movement back in from a good length just outside off. The 
bounce takes it above the off stump",0.4,0,0.0,"Tanzim Hasan Sakib to Tilak Varma, no run  .beats the inside edge. Seam movement back in from a good length just outside off. The  .bounce takes it above the off stump",Tanzim Hasan Sakib,Tilak Varma,0.0,0,0,1,1,0.0,0,,0
"0.5 
1w 
Tanzim Hasan Sakib to Tilak Varma, 1 wide 
nice swing back in but starts too straight",0.5,1w,1.0,"Tanzim Hasan Sakib to Tilak Varma, 1 wide  .nice swing back in but starts too straight",Tanzim Hasan Sakib,Tilak Varma,0.0,0,0,0,0,1.0,0,,1
"0.5 
• 
Tanzim Hasan Sakib to Tilak Varma, no run 
on a length, this one keeps going with the angle. Left alone 
Gus: ""India's plan: Lose today's match and push Pak to the bottom of the table, below 
Ban. The Ind vs. Pak mind games for the world cup have already begun!""",0.5,0,0.0,"Tanzim Hasan Sakib to Tilak Varma, no run  .on a length, this one keeps going with the angle. Left alone",Tanzim Hasan Sakib,Tilak Varma,0.0,0,0,1,1,0.0,0,,0
"0.6 
• 
Tanzim Hasan Sakib to Tilak Varma, no run 
again shape back in, cramps him up. Pushed to leg 
""Is that a little Mashrafe Mortaza I see in that action?"" Shawn, a bit, yes 
end of over 13 runs • 1 wicket 
IND: 3/1CRR: 3.00 • RRR: 5.36 • Need 263 runs from 49 overs 
Tilak Varma0 (4b) 
Shubman Gill0 (0b) 
Tanzim Hasan Sakib 1-0-3-1 
Mustafizur Rahman has the second new ball",0.6,0,0.0,"Tanzim Hasan Sakib to Tilak Varma, no run  .again shape back in, cramps him up. Pushed to leg",Tanzim Hasan Sakib,Tilak Varma,0.0,0,0,1,1,0.0,0,,0
"1.1 
• 
Mustafizur to Gill, no run 
slight shape back in for him too. Pushed to mid-on",1.1,0,0.0,"Mustafizur to Gill, no run  .slight shape back in for him too. Pushed to mid-on",Mustafizur,Gill,0.0,0,0,1,1,0.0,0,,0
"1.2 
• 
Mustafizur to Gill, no run 
inswing, middle and leg, full, pushed to mid-on",1.2,0,0.0,"Mustafizur to Gill, no run  .inswing, middle and leg, full, pushed to mid-on",Mustafizur,Gill,0.0,0,0,1,1,0.0,0,,0
"1.3 
1 
Mustafizur to Gill, 1 run 
full again, outside off, pushed wide of mid-off 
Just one wide slip for Varma too",1.3,1,1.0,"Mustafizur to Gill, 1 run  .full again, outside off, pushed wide of mid-off  .Just one wide slip for Varma too",Mustafizur,Gill,1.0,0,0,1,1,1.0,0,,1
"1.4 
1 
Mustafizur to Tilak Varma, 1 run 
wow some seam movement and extra bounce, goes off the shoulder of his bat for a 
single",1.4,1,1.0,"Mustafizur to Tilak Varma, 1 run  .wow some seam movement and extra bounce, goes off the shoulder of his bat for a  .single",Mustafizur,Tilak Varma,1.0,0,0,1,1,1.0,0,,1
"1.5 
4 
Mustafizur to Gill, FOUR runs 
beautiful off-drive. Gets a stride in and just punches this full ball straight of mid-off for 
four",1.5,4,4.0,"Mustafizur to Gill, FOUR runs  .beautiful off-drive. Gets a stride in and just punches this full ball straight of mid-off for  .four",Mustafizur,Gill,4.0,1,0,1,1,4.0,0,,1
"1.6 
4 
Mustafizur to Gill, FOUR runs 
this one seams away like an offcutter. Gill is squared up as he defends but the edge 
goes wide of slip and fine deep third 
end of over 210 runs  
IND: 13/1CRR: 6.50 • RRR: 5.27 • Need 253 runs from 48 overs 
Shubman Gill9 (5b 2x4) 
Tilak Varma1 (5b) 
Mustafizur Rahman 1-0-10-0 
Tanzim Hasan Sakib 1-0-3-1",1.6,4,4.0,"Mustafizur to Gill, FOUR runs  .this one seams away like an offcutter. Gill is squared up as he defends but the edge  .goes wide of slip and fine deep third",Mustafizur,Gill,4.0,1,0,1,1,4.0,0,,1
"2.1 
• 
Tanzim Hasan Sakib to Tilak Varma, no run 
good carry from just short of a length. Left alone outside off 
Adarsh: ""@ Gus: Well, going by India's history in ODI World Cups, Bangladesh has been a 
bigger threat than Pakistan. Some of us still haven't forgotten 2007.""",2.1,0,0.0,"Tanzim Hasan Sakib to Tilak Varma, no run  .good carry from just short of a length. Left alone outside off",Tanzim Hasan Sakib,Tilak Varma,0.0,0,0,1,1,0.0,0,,0
"2.2 
4 
Tanzim Hasan Sakib to Tilak Varma, FOUR runs 
superb timing. Just tucked away off the hip, and it flies along to the square leg 
boundary. Long leg stands no chance",2.2,4,4.0,"Tanzim Hasan Sakib to Tilak Varma, FOUR runs  .superb timing. Just tucked away off the hip, and it flies along to the square leg  .boundary. Long leg stands no chance",Tanzim Hasan Sakib,Tilak Varma,4.0,1,0,1,1,4.0,0,,1
"2.3 
• 
Tanzim Hasan Sakib to Tilak Varma, no run 
on a length, around off, angles away, left alone without actually covering the line of off",2.3,0,0.0,"Tanzim Hasan Sakib to Tilak Varma, no run  .on a length, around off, angles away, left alone without actually covering the line of off",Tanzim Hasan Sakib,Tilak Varma,0.0,0,0,1,1,0.0,0,,0
"2.4 
W 
Tanzim Hasan Sakib to Tilak Varma, OUT 
oh he had done that last ball too. Leaving the ball alone without getting his front foot all 
the way across. And his guard is also on leg. The ball shapes in nicely to hit the top of 
off. Tilak is stunned, but he will know his mistake when he watches the replay 
Tilak Varma b Tanzim Hasan Sakib 5 (9b 1x4 0x6 10m) SR: 55.55 
See all photos 
KL Rahul comes in at No. 4. Two slips for him",2.4,W,0.0,"Tanzim Hasan Sakib to Tilak Varma, OUT  .oh he had done that last ball too. Leaving the ball alone without getting his front foot all  .the way across. And his guard is also on leg. The ball shapes in nicely to hit the top of  .off. Tilak is stunned, but he will know his mistake when he watches the replay  .Tilak Varma b Tanzim Hasan Sakib 5 (9b 1x4 0x6 10m) SR: 55.55",Tanzim Hasan Sakib,Tilak Varma,0.0,0,0,1,1,0.0,1,b Tanzim Hasan Sakib,0
"2.5 
• 
Tanzim Hasan Sakib to Rahul, no run 
short of a length, around off, defended from the crease",2.5,0,0.0,"Tanzim Hasan Sakib to Rahul, no run  .short of a length, around off, defended from the crease",Tanzim Hasan Sakib,Rahul,0.0,0,0,1,1,0.0,0,,0
"2.6 
• 
Tanzim Hasan Sakib to Rahul, no run 
stays back to punch this length ball to cover-point 
end of over 34 runs • 1 wicket 
IND: 17/2CRR: 5.66 • RRR: 5.29 • Need 249 runs from 47 overs 
KL Rahul0 (2b) 
Shubman Gill9 (5b 2x4) 
Tanzim Hasan Sakib 2-0-7-2 
Mustafizur Rahman 1-0-10-0 
AJ: ""Deja vu. Tanzim also picked up Tilak's wicket in the U19 WC final.""",2.6,0,0.0,"Tanzim Hasan Sakib to Rahul, no run  .stays back to punch this length ball to cover-point",Tanzim Hasan Sakib,Rahul,0.0,0,0,1,1,0.0,0,,0
"3.1 
• 
Mustafizur to Gill, no run 
short of a length, cutting away, a bit of a leading edge back to the bowler",3.1,0,0.0,"Mustafizur to Gill, no run  .short of a length, cutting away, a bit of a leading edge back to the bowler",Mustafizur,Gill,0.0,0,0,1,1,0.0,0,,0
"3.2 
1 
Mustafizur to Gill, 1 run 
slower ball, middle and leg, offcutter, dropped into the covers for one 
Around the wicket",3.2,1,1.0,"Mustafizur to Gill, 1 run  .slower ball, middle and leg, offcutter, dropped into the covers for one  .Around the wicket",Mustafizur,Gill,1.0,0,0,1,1,1.0,0,,1
"3.3 
• 
Mustafizur to Rahul, no run 
full, outside off, left alone",3.3,0,0.0,"Mustafizur to Rahul, no run  .full, outside off, left alone",Mustafizur,Rahul,0.0,0,0,1,1,0.0,0,,0
"3.4 
• 
Mustafizur to Rahul, no run 
on a length, angling in, pushed to cover",3.4,0,0.0,"Mustafizur to Rahul, no run  .on a length, angling in, pushed to cover",Mustafizur,Rahul,0.0,0,0,1,1,0.0,0,,0
"3.5 
• 
Mustafizur to Rahul, no run 
on a length, angling in towards top of off. Defended 
Goes back over the wicket",3.5,0,0.0,"Mustafizur to Rahul, no run  .on a length, angling in towards top of off. Defended  .Goes back over the wicket",Mustafizur,Rahul,0.0,0,0,1,1,0.0,0,,0
"3.6 
4 
Mustafizur to Rahul, FOUR runs 
lovely shot. This is just short of a length, but he has gone deep in the crease to create 
his own length and cut it through point for four 
end of over 45 runs  
IND: 22/2CRR: 5.50 • RRR: 5.30 • Need 244 runs from 46 overs 
KL Rahul4 (6b 1x4) 
Shubman Gill10 (7b 2x4) 
Mustafizur Rahman 2-0-15-0 
Tanzim Hasan Sakib 2-0-7-2",3.6,4,4.0,"Mustafizur to Rahul, FOUR runs  .lovely shot. This is just short of a length, but he has gone deep in the crease to create  .his own length and cut it through point for four",Mustafizur,Rahul,4.0,1,0,1,1,4.0,0,,1
"4.1 
• 
Tanzim Hasan Sakib to Gill, no run 
unplayable. Seam movement away from him against the angle, and extra bounce. Gill is 
squared up. Beaten",4.1,0,0.0,"Tanzim Hasan Sakib to Gill, no run  .unplayable. Seam movement away from him against the angle, and extra bounce. Gill is  .squared up. Beaten",Tanzim Hasan Sakib,Gill,0.0,0,0,1,1,0.0,0,,0
"4.2 
1w 
Tanzim Hasan Sakib to Gill, 1 wide 
short and wide, goes for the cut, can't catch up",4.2,1w,1.0,"Tanzim Hasan Sakib to Gill, 1 wide  .short and wide, goes for the cut, can't catch up",Tanzim Hasan Sakib,Gill,0.0,0,0,0,0,1.0,0,,1
"4.2 
• 
Tanzim Hasan Sakib to Gill, no run 
short of a length, outside off, Gill looks to punch it, but is beaten",4.2,0,0.0,"Tanzim Hasan Sakib to Gill, no run  .short of a length, outside off, Gill looks to punch it, but is beaten",Tanzim Hasan Sakib,Gill,0.0,0,0,1,1,0.0,0,,0
"4.3 
• 
Tanzim Hasan Sakib to Gill, no run 
short of a length, outside off, pushes with an open face to point",4.3,0,0.0,"Tanzim Hasan Sakib to Gill, no run  .short of a length, outside off, pushes with an open face to point",Tanzim Hasan Sakib,Gill,0.0,0,0,1,1,0.0,0,,0
"4.4 
• 
Tanzim Hasan Sakib to Gill, no run 
thick outside edge. Holds its line in front of off. Short of a length and good carry again. 
The edge falls safe well in front of point",4.4,0,0.0,"Tanzim Hasan Sakib to Gill, no run  .thick outside edge. Holds its line in front of off. Short of a length and good carry again.  .The edge falls safe well in front of point",Tanzim Hasan Sakib,Gill,0.0,0,0,1,1,0.0,0,,0
"4.5 
• 
Tanzim Hasan Sakib to Gill, no run 
on a good length, Gill stays on the crease and defends 
Cover-point is a few paces in",4.5,0,0.0,"Tanzim Hasan Sakib to Gill, no run  .on a good length, Gill stays on the crease and defends  .Cover-point is a few paces in",Tanzim Hasan Sakib,Gill,0.0,0,0,1,1,0.0,0,,0
"4.6 
• 
Tanzim Hasan Sakib to Gill, no run 
short of a length, just outside off, defended 
end of over 51 run  
IND: 23/2CRR: 4.60 • RRR: 5.40 • Need 243 runs from 45 overs 
Shubman Gill10 (13b 2x4) 
KL Rahul4 (6b 1x4) 
Tanzim Hasan Sakib 3-0-8-2 
Mustafizur Rahman 2-0-15-0 
Interesting. Early spin. Nasum Ahmed with his left-arm spin with a ball that is only two 
overs old. One slip in place",4.6,0,0.0,"Tanzim Hasan Sakib to Gill, no run  .short of a length, just outside off, defended",Tanzim Hasan Sakib,Gill,0.0,0,0,1,1,0.0,0,,0
"5.1 
• 
Nasum to Rahul, no run 
Rahul gets the length to cut, but the ball turns quite a bit so he ends up just keeping it 
out",5.1,0,0.0,"Nasum to Rahul, no run  .Rahul gets the length to cut, but the ball turns quite a bit so he ends up just keeping it  .out",Nasum,Rahul,0.0,0,0,1,1,0.0,0,,0
"5.2 
• 
Nasum to Rahul, no run 
manages to cut it this time but can't beat backward point 
""Oopar hi bhalo"" is the cry, asking him to pitch it up",5.2,0,0.0,"Nasum to Rahul, no run  .manages to cut it this time but can't beat backward point",Nasum,Rahul,0.0,0,0,1,1,0.0,0,,0
"5.3 
1 
Nasum to Rahul, 1 run 
pushed to long-off for one",5.3,1,1.0,"Nasum to Rahul, 1 run  .pushed to long-off for one",Nasum,Rahul,1.0,0,0,1,1,1.0,0,,1
"5.4 
• 
Nasum to Gill, no run 
right forward to defend this",5.4,0,0.0,"Nasum to Gill, no run  .right forward to defend this",Nasum,Gill,0.0,0,0,1,1,0.0,0,,0
"5.5 
• 
Nasum to Gill, no run 
another big stride in, defends it towards point",5.5,0,0.0,"Nasum to Gill, no run  .another big stride in, defends it towards point",Nasum,Gill,0.0,0,0,1,1,0.0,0,,0
"5.6 
• 
Nasum to Gill, no run 
pushed back to the bowler 
end of over 61 run  
IND: 24/2CRR: 4.00 • RRR: 5.50 • Need 242 runs from 44 overs 
Shubman Gill10 (16b 2x4) 
KL Rahul5 (9b 1x4) 
Nasum Ahmed 1-0-1-0 
Tanzim Hasan Sakib 3-0-8-2",5.6,0,0.0,"Nasum to Gill, no run  .pushed back to the bowler",Nasum,Gill,0.0,0,0,1,1,0.0,0,,0
"6.1 
• 
Tanzim Hasan Sakib to Rahul, no run 
on a length, angling in towards top of off. Defended",6.1,0,0.0,"Tanzim Hasan Sakib to Rahul, no run  .on a length, angling in towards top of off. Defended",Tanzim Hasan Sakib,Rahul,0.0,0,0,1,1,0.0,0,,0
"6.2 
• 
Tanzim Hasan Sakib to Rahul, no run 
beaten. Seam movement away from just short of a length, defeating his attempt to 
punch it through cover",6.2,0,0.0,"Tanzim Hasan Sakib to Rahul, no run  .beaten. Seam movement away from just short of a length, defeating his attempt to  .punch it through cover",Tanzim Hasan Sakib,Rahul,0.0,0,0,1,1,0.0,0,,0
"6.3 
1 
Tanzim Hasan Sakib to Rahul, 1 run 
on a length, pushed between mid-off and cover for a single",6.3,1,1.0,"Tanzim Hasan Sakib to Rahul, 1 run  .on a length, pushed between mid-off and cover for a single",Tanzim Hasan Sakib,Rahul,1.0,0,0,1,1,1.0,0,,1
"6.4 
1w 
Tanzim Hasan Sakib to Gill, 1 wide 
wide down the leg side",6.4,1w,1.0,"Tanzim Hasan Sakib to Gill, 1 wide  .wide down the leg side",Tanzim Hasan Sakib,Gill,0.0,0,0,0,0,1.0,0,,1
"6.4 
1 
Tanzim Hasan Sakib to Gill, 1 run 
short of a length, outside off, pushed wide of mid-off for a single",6.4,1,1.0,"Tanzim Hasan Sakib to Gill, 1 run  .short of a length, outside off, pushed wide of mid-off for a single",Tanzim Hasan Sakib,Gill,1.0,0,0,1,1,1.0,0,,1
"6.5 
• 
Tanzim Hasan Sakib to Rahul, no run 
huge huge shout, not given, and they have reviewed with one second to go. What a 
superb delivery. On a length, pitching and seaming away against the angle, beats the 
outside edge, kisses the pad. Top of the knee roll. Height is a question here. Just 
missing the top of off stump. Everything else good with it",6.5,0,0.0,"Tanzim Hasan Sakib to Rahul, no run  .huge huge shout, not given, and they have reviewed with one second to go. What a  .superb delivery. On a length, pitching and seaming away against the angle, beats the  .outside edge, kisses the pad. Top of the knee roll. Height is a question here. Just  .missing the top of off stump. Everything else good with it",Tanzim Hasan Sakib,Rahul,0.0,0,0,1,1,0.0,0,,0
"6.6 
• 
Tanzim Hasan Sakib to Rahul, no run 
stays back to defend a length ball 
end of over 73 runs  
IND: 27/2CRR: 3.85 • RRR: 5.55 • Need 239 runs from 43 overs 
KL Rahul6 (14b 1x4) 
Shubman Gill11 (17b 2x4) 
Tanzim Hasan Sakib 4-0-11-2 
Nasum Ahmed 1-0-1-0",6.6,0,0.0,"Tanzim Hasan Sakib to Rahul, no run  .stays back to defend a length ball",Tanzim Hasan Sakib,Rahul,0.0,0,0,1,1,0.0,0,,0
"7.1 
• 
Nasum to Gill, no run 
pitching it up, middle and off, defended back to him",7.1,0,0.0,"Nasum to Gill, no run  .pitching it up, middle and off, defended back to him",Nasum,Gill,0.0,0,0,1,1,0.0,0,,0
"7.2 
• 
Nasum to Gill, no run 
again, on a good length, stump to stump. Defended back to him 
It is not turning. Gill might just loft him down the ground",7.2,0,0.0,"Nasum to Gill, no run  .again, on a good length, stump to stump. Defended back to him  .It is not turning. Gill might just loft him down the ground",Nasum,Gill,0.0,0,0,1,1,0.0,0,,0
"7.3 
4 
Nasum to Gill, FOUR runs 
well, perhaps Nasum is anticipating that too as he shortens the length a touch. It is 
enough for Gill to go back and late-cut it between backward point and cover-point",7.3,4,4.0,"Nasum to Gill, FOUR runs  .well, perhaps Nasum is anticipating that too as he shortens the length a touch. It is  .enough for Gill to go back and late-cut it between backward point and cover-point",Nasum,Gill,4.0,1,0,1,1,4.0,0,,1
"7.4 
1 
Nasum to Gill, 1 run 
Gill leaves the crease now, gets an inside edge for a single",7.4,1,1.0,"Nasum to Gill, 1 run  .Gill leaves the crease now, gets an inside edge for a single",Nasum,Gill,1.0,0,0,1,1,1.0,0,,1
"7.5 
4 
Nasum to Rahul, FOUR runs 
stays back to a length ball, uses all his pace to open the face and guide it past short 
third for four. Excellent shot",7.5,4,4.0,"Nasum to Rahul, FOUR runs  .stays back to a length ball, uses all his pace to open the face and guide it past short  .third for four. Excellent shot",Nasum,Rahul,4.0,1,0,1,1,4.0,0,,1
"7.6 
2w 
Nasum to Rahul, 2 wide 
wide down the leg side. They also run an extra 
Gill has withdrawn out of this quite late. Some movement behind the arm. Nasum is too 
far into the action to not let go of the ball. Has to be collected form the boundary",7.6,2w,2.0,"Nasum to Rahul, 2 wide  .wide down the leg side. They also run an extra  .Gill has withdrawn out of this quite late. Some movement behind the arm. Nasum is too  .far into the action to not let go of the ball. Has to be collected form the boundary",Nasum,Rahul,0.0,0,0,0,0,2.0,0,,1
"7.6 
• 
Nasum to Gill, no run 
well forward to defend. Hard hands on the defence 
end of over 811 runs  
IND: 38/2CRR: 4.75 • RRR: 5.42 • Need 228 runs from 42 overs 
Shubman Gill16 (22b 3x4) 
KL Rahul10 (15b 2x4) 
Nasum Ahmed 2-0-12-0 
Tanzim Hasan Sakib 4-0-11-2 
Tanzim into his fifth over",7.6,0,0.0,"Nasum to Gill, no run  .well forward to defend. Hard hands on the defence",Nasum,Gill,0.0,0,0,1,1,0.0,0,,0
"8.1 
• 
Tanzim Hasan Sakib to Rahul, no run 
on a length, top of off, defended to cover",8.1,0,0.0,"Tanzim Hasan Sakib to Rahul, no run  .on a length, top of off, defended to cover",Tanzim Hasan Sakib,Rahul,0.0,0,0,1,1,0.0,0,,0
"8.2 
• 
Tanzim Hasan Sakib to Rahul, no run 
straighter this time, Rahul has to be alert to keep this out",8.2,0,0.0,"Tanzim Hasan Sakib to Rahul, no run  .straighter this time, Rahul has to be alert to keep this out",Tanzim Hasan Sakib,Rahul,0.0,0,0,1,1,0.0,0,,0
"8.3 
• 
Tanzim Hasan Sakib to Rahul, no run 
nips back in, Rahul is hurried into the defensive shot",8.3,0,0.0,"Tanzim Hasan Sakib to Rahul, no run  .nips back in, Rahul is hurried into the defensive shot",Tanzim Hasan Sakib,Rahul,0.0,0,0,1,1,0.0,0,,0
"8.4 
• 
Tanzim Hasan Sakib to Rahul, no run 
slower ball, full, Rahul early into the drive, hit on the inner half of the bat",8.4,0,0.0,"Tanzim Hasan Sakib to Rahul, no run  .slower ball, full, Rahul early into the drive, hit on the inner half of the bat",Tanzim Hasan Sakib,Rahul,0.0,0,0,1,1,0.0,0,,0
"8.5 
• 
Tanzim Hasan Sakib to Rahul, no run 
short of a length, tight line, giving nothing away. Defended",8.5,0,0.0,"Tanzim Hasan Sakib to Rahul, no run  .short of a length, tight line, giving nothing away. Defended",Tanzim Hasan Sakib,Rahul,0.0,0,0,1,1,0.0,0,,0
"8.6 
• 
Tanzim Hasan Sakib to Rahul, no run 
seam movement back in, hits the pad, but Rahul has got himself outside the line 
Tanzim 5-1-11-2. What a debut he is having 
end of over 9Maiden 
IND: 38/2CRR: 4.22 • RRR: 5.56 • Need 228 runs from 41 overs 
KL Rahul10 (21b 2x4) 
Shubman Gill16 (22b 3x4) 
Tanzim Hasan Sakib 5-1-11-2 
Nasum Ahmed 2-0-12-0 
Moving his bowlers around. Shakib brings himself on",8.6,0,0.0,"Tanzim Hasan Sakib to Rahul, no run  .seam movement back in, hits the pad, but Rahul has got himself outside the line  .Tanzim 5-1-11-2. What a debut he is having",Tanzim Hasan Sakib,Rahul,0.0,0,0,1,1,0.0,0,,0
"9.1 
• 
Shakib to Gill, no run 
hits the inside edge right away. Gill defends, the ball doesn't turn",9.1,0,0.0,"Shakib to Gill, no run  .hits the inside edge right away. Gill defends, the ball doesn't turn",Shakib,Gill,0.0,0,0,1,1,0.0,0,,0
"9.2 
• 
Shakib to Gill, no run 
tight on the stumps again, Gill defends",9.2,0,0.0,"Shakib to Gill, no run  .tight on the stumps again, Gill defends",Shakib,Gill,0.0,0,0,1,1,0.0,0,,0
"9.3 
• 
Shakib to Gill, no run 
flatter, Gill goes back to cut, but can't beat point",9.3,0,0.0,"Shakib to Gill, no run  .flatter, Gill goes back to cut, but can't beat point",Shakib,Gill,0.0,0,0,1,1,0.0,0,,0
"9.4 
3 
Shakib to Gill, 3 runs 
looking to press forward but equally quick to rock back as he sees a flatter trajectory. 
And then taps the length ball on top of its head and guides it past short third. Big dive 
from Shamim as he gives it chase",9.4,3,3.0,"Shakib to Gill, 3 runs  .looking to press forward but equally quick to rock back as he sees a flatter trajectory.  .And then taps the length ball on top of its head and guides it past short third. Big dive  .from Shamim as he gives it chase",Shakib,Gill,3.0,0,0,1,1,3.0,0,,1
"9.5 
• 
Shakib to Rahul, no run 
full, middle and leg, slight turn. Defended",9.5,0,0.0,"Shakib to Rahul, no run  .full, middle and leg, slight turn. Defended",Shakib,Rahul,0.0,0,0,1,1,0.0,0,,0
"9.6 
1 
Shakib to Rahul, 1 run 
half-volley, driven down to long-off for one 
First powerplay over 
end of over 104 runs  
IND: 42/2CRR: 4.20 • RRR: 5.60 • Need 224 runs from 40 overs 
KL Rahul11 (23b 2x4) 
Shubman Gill19 (26b 3x4) 
Shakib Al Hasan 1-0-4-0 
Tanzim Hasan Sakib 5-1-11-2 
Tanzim into his sixth",9.6,1,1.0,"Shakib to Rahul, 1 run  .half-volley, driven down to long-off for one  .First powerplay over",Shakib,Rahul,1.0,0,0,1,1,1.0,0,,1
"10.1 
1 
Tanzim Hasan Sakib to Rahul, 1 run 
sharp bouncer, gets big on him, but Rahul manages to keep it down and pull it in front of 
square",10.1,1,1.0,"Tanzim Hasan Sakib to Rahul, 1 run  .sharp bouncer, gets big on him, but Rahul manages to keep it down and pull it in front of  .square",Tanzim Hasan Sakib,Rahul,1.0,0,0,1,1,1.0,0,,1
"10.2 
1 
Tanzim Hasan Sakib to Gill, 1 run 
short of a length, outside off, runs it down to deep third",10.2,1,1.0,"Tanzim Hasan Sakib to Gill, 1 run  .short of a length, outside off, runs it down to deep third",Tanzim Hasan Sakib,Gill,1.0,0,0,1,1,1.0,0,,1
"10.3 
• 
Tanzim Hasan Sakib to Rahul, no run 
on a length, top of off, defended from the crease",10.3,0,0.0,"Tanzim Hasan Sakib to Rahul, no run  .on a length, top of off, defended from the crease",Tanzim Hasan Sakib,Rahul,0.0,0,0,1,1,0.0,0,,0
"10.4 
• 
Tanzim Hasan Sakib to Rahul, no run 
well forward to defend this length ball",10.4,0,0.0,"Tanzim Hasan Sakib to Rahul, no run  .well forward to defend this length ball",Tanzim Hasan Sakib,Rahul,0.0,0,0,1,1,0.0,0,,0
"10.5 
1 
Tanzim Hasan Sakib to Rahul, 1 run 
short of a length, outside off, runs it down to deep third for a single",10.5,1,1.0,"Tanzim Hasan Sakib to Rahul, 1 run  .short of a length, outside off, runs it down to deep third for a single",Tanzim Hasan Sakib,Rahul,1.0,0,0,1,1,1.0,0,,1
"10.6 
1 
Tanzim Hasan Sakib to Gill, 1 run 
nearly a wicket with what could be the last ball of this spell. Slower ball, Gill looks to cut 
it because he has the length, but the ball kicks at him and takes a bit of a top edge. Wide 
of the diving backward point 
end of over 114 runs  
IND: 46/2CRR: 4.18 • RRR: 5.64 • Need 220 runs from 39 overs 
Shubman Gill21 (28b 3x4) 
KL Rahul13 (27b 2x4) 
Tanzim Hasan Sakib 6-1-15-2 
Shakib Al Hasan 1-0-4-0 
Shakib continues with a slip",10.6,1,1.0,"Tanzim Hasan Sakib to Gill, 1 run  .nearly a wicket with what could be the last ball of this spell. Slower ball, Gill looks to cut  .it because he has the length, but the ball kicks at him and takes a bit of a top edge. Wide  .of the diving backward point",Tanzim Hasan Sakib,Gill,1.0,0,0,1,1,1.0,0,,1
"11.1 
1 
Shakib to Gill, 1 run 
on a length, outside off, cut away to deep cover",11.1,1,1.0,"Shakib to Gill, 1 run  .on a length, outside off, cut away to deep cover",Shakib,Gill,1.0,0,0,1,1,1.0,0,,1
"11.2 
1 
Shakib to Rahul, 1 run 
stays back to a pretty straight length ball, and still manages to punch it down to long-off 
for one",11.2,1,1.0,"Shakib to Rahul, 1 run  .stays back to a pretty straight length ball, and still manages to punch it down to long-off  .for one",Shakib,Rahul,1.0,0,0,1,1,1.0,0,,1
"11.3 
2 
Shakib to Gill, 2 runs 
nicely punched past midwicket for a couple. Again, the benefits of staying back 
Mustafa: ""I think all these 2 need to do is carry on defensively till the 30th over, then let 
SKY/Ishan/Jaddu/Axar do the T20 thing they do!""",11.3,2,2.0,"Shakib to Gill, 2 runs  .nicely punched past midwicket for a couple. Again, the benefits of staying back",Shakib,Gill,2.0,0,0,1,1,2.0,0,,1
"11.4 
4 
Shakib to Gill, FOUR runs 
lovely shot. By staying back and using the depth of the crease again and again, they 
have made Shakib overpitch. And then he drives it through extra cover for four",11.4,4,4.0,"Shakib to Gill, FOUR runs  .lovely shot. By staying back and using the depth of the crease again and again, they  .have made Shakib overpitch. And then he drives it through extra cover for four",Shakib,Gill,4.0,1,0,1,1,4.0,0,,1
"11.5 
• 
Shakib to Gill, no run 
now he is full without letting him a drive. Defended",11.5,0,0.0,"Shakib to Gill, no run  .now he is full without letting him a drive. Defended",Shakib,Gill,0.0,0,0,1,1,0.0,0,,0
"11.6 
• 
Shakib to Gill, no run 
flatter, quicker, but still full. Defended 
end of over 128 runs  
IND: 54/2CRR: 4.50 • RRR: 5.57 • Need 212 runs from 38 overs 
Shubman Gill28 (33b 4x4) 
KL Rahul14 (28b 2x4) 
Shakib Al Hasan 2-0-12-0 
Tanzim Hasan Sakib 6-1-15-2 
Tanzim finally gets a break. Mustafizur comes back. Over the wicket",11.6,0,0.0,"Shakib to Gill, no run  .flatter, quicker, but still full. Defended",Shakib,Gill,0.0,0,0,1,1,0.0,0,,0
"12.1 
1w 
Mustafizur to Rahul, 1 wide 
short of a length, well down the leg side. Called a wide",12.1,1w,1.0,"Mustafizur to Rahul, 1 wide  .short of a length, well down the leg side. Called a wide",Mustafizur,Rahul,0.0,0,0,0,0,1.0,0,,1
"12.1 
• 
Mustafizur to Rahul, no run 
on a length, middle and leg, angling towards off, punched to long-off",12.1,0,0.0,"Mustafizur to Rahul, no run  .on a length, middle and leg, angling towards off, punched to long-off",Mustafizur,Rahul,0.0,0,0,1,1,0.0,0,,0
"12.2 
1 
Mustafizur to Rahul, 1 run 
walks at him, Fizz angles it across him, takes a thick edge to deep third 
Catching man is a gully",12.2,1,1.0,"Mustafizur to Rahul, 1 run  .walks at him, Fizz angles it across him, takes a thick edge to deep third  .Catching man is a gully",Mustafizur,Rahul,1.0,0,0,1,1,1.0,0,,1
"12.3 
2 
Mustafizur to Gill, 2 runs 
short of a length, into the body, tucked away fine of fine leg for two",12.3,2,2.0,"Mustafizur to Gill, 2 runs  .short of a length, into the body, tucked away fine of fine leg for two",Mustafizur,Gill,2.0,0,0,1,1,2.0,0,,1
"12.4 
• 
Mustafizur to Gill, no run 
on a length, top of off, defended back to him",12.4,0,0.0,"Mustafizur to Gill, no run  .on a length, top of off, defended back to him",Mustafizur,Gill,0.0,0,0,1,1,0.0,0,,0
"12.5 
2 
Mustafizur to Gill, 2 runs 
short of a length, outside off, opens the face to guide it between gully and backward 
point",12.5,2,2.0,"Mustafizur to Gill, 2 runs  .short of a length, outside off, opens the face to guide it between gully and backward  .point",Mustafizur,Gill,2.0,0,0,1,1,2.0,0,,1
"12.6 
4 
Mustafizur to Gill, FOUR runs 
another lovely shot from Gill. Short of a length, outside off, the field is set square and 
behind, but he punches it in front and through extra cover 
end of over 1310 runs  
IND: 64/2CRR: 4.92 • RRR: 5.45 • Need 202 runs from 37 overs 
Shubman Gill36 (37b 5x4) 
KL Rahul15 (30b 2x4) 
Mustafizur Rahman 3-0-25-0 
Shakib Al Hasan 2-0-12-0 
Mahedi Hasan now with his offspin",12.6,4,4.0,"Mustafizur to Gill, FOUR runs  .another lovely shot from Gill. Short of a length, outside off, the field is set square and  .behind, but he punches it in front and through extra cover",Mustafizur,Gill,4.0,1,0,1,1,4.0,0,,1
"13.1 
1 
Mahedi Hasan to Rahul, 1 run 
flat offbreak, punched down to long-on for one",13.1,1,1.0,"Mahedi Hasan to Rahul, 1 run  .flat offbreak, punched down to long-on for one",Mahedi Hasan,Rahul,1.0,0,0,1,1,1.0,0,,1
"13.2 
• 
Mahedi Hasan to Gill, no run 
flat, on a length, outside off. Defended",13.2,0,0.0,"Mahedi Hasan to Gill, no run  .flat, on a length, outside off. Defended",Mahedi Hasan,Gill,0.0,0,0,1,1,0.0,0,,0
"13.3 
• 
Mahedi Hasan to Gill, no run 
flights this one, Gill is forward to defend",13.3,0,0.0,"Mahedi Hasan to Gill, no run  .flights this one, Gill is forward to defend",Mahedi Hasan,Gill,0.0,0,0,1,1,0.0,0,,0
"13.4 
• 
Mahedi Hasan to Gill, no run 
stays back to defend this flat length ball",13.4,0,0.0,"Mahedi Hasan to Gill, no run  .stays back to defend this flat length ball",Mahedi Hasan,Gill,0.0,0,0,1,1,0.0,0,,0
"13.5 
• 
Mahedi Hasan to Gill, no run 
down the wicket, but gets too close to this. Defends it back to him",13.5,0,0.0,"Mahedi Hasan to Gill, no run  .down the wicket, but gets too close to this. Defends it back to him",Mahedi Hasan,Gill,0.0,0,0,1,1,0.0,0,,0
"13.6 
• 
Mahedi Hasan to Gill, no run 
pushes this one through, Gill goes back to open the face, but can't place it past short 
third 
Time for a drinks break 
end of over 141 run  
IND: 65/2CRR: 4.64 • RRR: 5.58 • Need 201 runs from 36 overs 
Shubman Gill36 (42b 5x4) 
KL Rahul16 (31b 2x4) 
Mahedi Hasan 1-0-1-0 
Mustafizur Rahman 3-0-25-0 
Fizz goes around the wicket",13.6,0,0.0,"Mahedi Hasan to Gill, no run  .pushes this one through, Gill goes back to open the face, but can't place it past short  .third  .Time for a drinks break",Mahedi Hasan,Gill,0.0,0,0,1,1,0.0,0,,0
"14.1 
• 
Mustafizur to Rahul, no run 
on a length, angling in towards top of off. Defended to leg",14.1,0,0.0,"Mustafizur to Rahul, no run  .on a length, angling in towards top of off. Defended to leg",Mustafizur,Rahul,0.0,0,0,1,1,0.0,0,,0
"14.2 
• 
Mustafizur to Rahul, no run 
pitched up, Rahul tries a drive, gets an inside edge. Just gets too close to it",14.2,0,0.0,"Mustafizur to Rahul, no run  .pitched up, Rahul tries a drive, gets an inside edge. Just gets too close to it",Mustafizur,Rahul,0.0,0,0,1,1,0.0,0,,0
"14.3 
1 
Mustafizur to Rahul, 1 run 
short of a length, punched to sweeper on the off side for a single",14.3,1,1.0,"Mustafizur to Rahul, 1 run  .short of a length, punched to sweeper on the off side for a single",Mustafizur,Rahul,1.0,0,0,1,1,1.0,0,,1
"14.4 
4 
Mustafizur to Gill, FOUR runs 
ooof. What a shot. He has manufactured this. I was expecting him to stride forward to a 
length ball, but he has stayed back, leant back, and late-cut this past backward point 
and square of deep third",14.4,4,4.0,"Mustafizur to Gill, FOUR runs  .ooof. What a shot. He has manufactured this. I was expecting him to stride forward to a  .length ball, but he has stayed back, leant back, and late-cut this past backward point  .and square of deep third",Mustafizur,Gill,4.0,1,0,1,1,4.0,0,,1
"14.5 
1 
Mustafizur to Gill, 1 run 
runs this one down to deep third for a single",14.5,1,1.0,"Mustafizur to Gill, 1 run  .runs this one down to deep third for a single",Mustafizur,Gill,1.0,0,0,1,1,1.0,0,,1
"14.6 
• 
Mustafizur to Rahul, no run 
on a length, angling in, defended to mid-on 
end of over 156 runs  
IND: 71/2CRR: 4.73 • RRR: 5.57 • Need 195 runs from 35 overs 
KL Rahul17 (35b 2x4) 
Shubman Gill41 (44b 6x4) 
Mustafizur Rahman 4-0-31-0 
Mahedi Hasan 1-0-1-0",14.6,0,0.0,"Mustafizur to Rahul, no run  .on a length, angling in, defended to mid-on",Mustafizur,Rahul,0.0,0,0,1,1,0.0,0,,0
"15.1 
• 
Mahedi Hasan to Gill, no run 
slight shimmy down, not close to the pitch of this offbreak, defends to leg",15.1,0,0.0,"Mahedi Hasan to Gill, no run  .slight shimmy down, not close to the pitch of this offbreak, defends to leg",Mahedi Hasan,Gill,0.0,0,0,1,1,0.0,0,,0
"15.2 
• 
Mahedi Hasan to Gill, no run 
stays back to turn this length ball to square leg",15.2,0,0.0,"Mahedi Hasan to Gill, no run  .stays back to turn this length ball to square leg",Mahedi Hasan,Gill,0.0,0,0,1,1,0.0,0,,0
"15.3 
1 
Mahedi Hasan to Gill, 1 run 
is looking to press down, but stays on the crease, lets the ball turn, and tickles it behind 
square on the leg side",15.3,1,1.0,"Mahedi Hasan to Gill, 1 run  .is looking to press down, but stays on the crease, lets the ball turn, and tickles it behind  .square on the leg side",Mahedi Hasan,Gill,1.0,0,0,1,1,1.0,0,,1
"15.4 
1 
Mahedi Hasan to Rahul, 1 run 
shuffles a long way across to sweep. He is right in front as the line is straight. Manages 
to get the bat down in time",15.4,1,1.0,"Mahedi Hasan to Rahul, 1 run  .shuffles a long way across to sweep. He is right in front as the line is straight. Manages  .to get the bat down in time",Mahedi Hasan,Rahul,1.0,0,0,1,1,1.0,0,,1
"15.5 
• 
Mahedi Hasan to Gill, no run 
again pressing forward but prepared to stay back if the trajectory is flat",15.5,0,0.0,"Mahedi Hasan to Gill, no run  .again pressing forward but prepared to stay back if the trajectory is flat",Mahedi Hasan,Gill,0.0,0,0,1,1,0.0,0,,0
"15.6 
• 
Mahedi Hasan to Gill, no run 
a bit of flight, defended to leg 
end of over 162 runs  
IND: 73/2CRR: 4.56 • RRR: 5.67 • Need 193 runs from 34 overs 
Shubman Gill42 (49b 6x4) 
KL Rahul18 (36b 2x4) 
Mahedi Hasan 2-0-3-0 
Mustafizur Rahman 4-0-31-0 
Spin at both ends Nasum is here. A slip in place",15.6,0,0.0,"Mahedi Hasan to Gill, no run  .a bit of flight, defended to leg",Mahedi Hasan,Gill,0.0,0,0,1,1,0.0,0,,0
"16.1 
• 
Nasum to Rahul, no run 
on a length, middle and leg, defended back to him",16.1,0,0.0,"Nasum to Rahul, no run  .on a length, middle and leg, defended back to him",Nasum,Rahul,0.0,0,0,1,1,0.0,0,,0
"16.2 
1 
Nasum to Rahul, 1 run 
stays beside the line and pushes this into then covers for a single",16.2,1,1.0,"Nasum to Rahul, 1 run  .stays beside the line and pushes this into then covers for a single",Nasum,Rahul,1.0,0,0,1,1,1.0,0,,1
"16.3 
• 
Nasum to Gill, no run 
slow in the air, 81ks, flighted on off, defended",16.3,0,0.0,"Nasum to Gill, no run  .slow in the air, 81ks, flighted on off, defended",Nasum,Gill,0.0,0,0,1,1,0.0,0,,0
"16.4 
• 
Nasum to Gill, no run 
again even slower, 78ks, and Gill defends again",16.4,0,0.0,"Nasum to Gill, no run  .again even slower, 78ks, and Gill defends again",Nasum,Gill,0.0,0,0,1,1,0.0,0,,0
"16.5 
• 
Nasum to Gill, no run 
keeps teasing him without giving him the drive. At 86ks, on a length, defended back to 
him",16.5,0,0.0,"Nasum to Gill, no run  .keeps teasing him without giving him the drive. At 86ks, on a length, defended back to  .him",Nasum,Gill,0.0,0,0,1,1,0.0,0,,0
"16.6 
• 
Nasum to Gill, no run 
leading edge as he looks to work this drifting delivery to leg 
A testing over 
end of over 171 run  
IND: 74/2CRR: 4.35 • RRR: 5.81 • Need 192 runs from 33 overs 
Shubman Gill42 (53b 6x4) 
KL Rahul19 (38b 2x4) 
Nasum Ahmed 3-0-13-0 
Mahedi Hasan 2-0-3-0 
They are struggling to get a hang of Mahedi, an offspinner bowling to two right-hand 
batters without any mystery ball",16.6,0,0.0,"Nasum to Gill, no run  .leading edge as he looks to work this drifting delivery to leg  .A testing over",Nasum,Gill,0.0,0,0,1,1,0.0,0,,0
"17.1 
W 
Mahedi Hasan to Rahul, OUT 
and just reward for Mahedi. Rahul tries to break free by giving him the charge but gets 
too close to the pitch of the ball. He has timed this well but drilled it straight to 
midwicket. Good tight bowling has built up to this dismissal 
KL Rahul c Shamim Hossain b Mahedi Hasan 19 (39b 2x4 0x6 58m) SR: 48.71 
See all photos 
Ishan Kishan comes in at No. 5. Another opportunity for him to make himself 
undroppable come World Cup",17.1,W,0.0,"Mahedi Hasan to Rahul, OUT  .and just reward for Mahedi. Rahul tries to break free by giving him the charge but gets  .too close to the pitch of the ball. He has timed this well but drilled it straight to  .midwicket. Good tight bowling has built up to this dismissal  .KL Rahul c Shamim Hossain b Mahedi Hasan 19 (39b 2x4 0x6 58m) SR: 48.71",Mahedi Hasan,Rahul,0.0,0,0,1,1,0.0,1,c Shamim Hossain b Mahedi Hasan,0
"17.2 
• 
Mahedi Hasan to Ishan, no run 
on a length, some turn away, pushed back to him",17.2,0,0.0,"Mahedi Hasan to Ishan, no run  .on a length, some turn away, pushed back to him",Mahedi Hasan,Ishan,0.0,0,0,1,1,0.0,0,,0
"17.3 
• 
Mahedi Hasan to Ishan, no run 
pushes this one through. No turn. Cramps him up",17.3,0,0.0,"Mahedi Hasan to Ishan, no run  .pushes this one through. No turn. Cramps him up",Mahedi Hasan,Ishan,0.0,0,0,1,1,0.0,0,,0
"17.4 
• 
Mahedi Hasan to Ishan, no run 
on a length, middle and off, turn away, defended",17.4,0,0.0,"Mahedi Hasan to Ishan, no run  .on a length, middle and off, turn away, defended",Mahedi Hasan,Ishan,0.0,0,0,1,1,0.0,0,,0
"17.5 
• 
Mahedi Hasan to Ishan, no run 
flatter and quicker, punched down to mid-off",17.5,0,0.0,"Mahedi Hasan to Ishan, no run  .flatter and quicker, punched down to mid-off",Mahedi Hasan,Ishan,0.0,0,0,1,1,0.0,0,,0
"17.6 
• 
Mahedi Hasan to Ishan, no run 
piling on the dots here. A wicket maiden. The slowest and the highest ball of the over at 
81ks. Kishan looks to drive but this is not full enough. Does well to keep it down to mid-
off 
end of over 18Wicket maiden 
IND: 74/3CRR: 4.11 • RRR: 6.00 • Need 192 runs from 32 overs 
Ishan Kishan0 (5b) 
Shubman Gill42 (53b 6x4) 
Mahedi Hasan 3-1-3-1 
Nasum Ahmed 3-0-13-0",17.6,0,0.0,"Mahedi Hasan to Ishan, no run  .piling on the dots here. A wicket maiden. The slowest and the highest ball of the over at  .81ks. Kishan looks to drive but this is not full enough. Does well to keep it down to mid- .off",Mahedi Hasan,Ishan,0.0,0,0,1,1,0.0,0,,0
"18.1 
1 
Nasum to Gill, 1 run 
goes back to punch a length ball to deep cover for a single 
A slip and a leg slip",18.1,1,1.0,"Nasum to Gill, 1 run  .goes back to punch a length ball to deep cover for a single  .A slip and a leg slip",Nasum,Gill,1.0,0,0,1,1,1.0,0,,1
"18.2 
1 
Nasum to Ishan, 1 run 
hard hands on a full ball, gets a thick inside edge for a single 
No slip for Gill",18.2,1,1.0,"Nasum to Ishan, 1 run  .hard hands on a full ball, gets a thick inside edge for a single  .No slip for Gill",Nasum,Ishan,1.0,0,0,1,1,1.0,0,,1
"18.3 
2 
Nasum to Gill, 2 runs 
stays back to push this length ball wide of cover, and gets an overthrow too",18.3,2,2.0,"Nasum to Gill, 2 runs  .stays back to push this length ball wide of cover, and gets an overthrow too",Nasum,Gill,2.0,0,0,1,1,2.0,0,,1
"18.4 
1 
Nasum to Gill, 1 run 
extra bounce, but Gill manages to keep this down and push it to deep cover 
Around the wicket",18.4,1,1.0,"Nasum to Gill, 1 run  .extra bounce, but Gill manages to keep this down and push it to deep cover  .Around the wicket",Nasum,Gill,1.0,0,0,1,1,1.0,0,,1
"18.5 
1 
Nasum to Ishan, 1 run 
on a length, middle and leg, punches it to deep midwicket for one",18.5,1,1.0,"Nasum to Ishan, 1 run  .on a length, middle and leg, punches it to deep midwicket for one",Nasum,Ishan,1.0,0,0,1,1,1.0,0,,1
"18.6 
1 
Nasum to Gill, 1 run 
again turn. Gill does well to use soft hands, and it runs off the thick edge for a single 
past slip 
end of over 197 runs  
IND: 81/3CRR: 4.26 • RRR: 5.96 • Need 185 runs from 31 overs 
Shubman Gill47 (57b 6x4) 
Ishan Kishan2 (7b) 
Nasum Ahmed 4-0-20-0 
Mahedi Hasan 3-1-3-1",18.6,1,1.0,"Nasum to Gill, 1 run  .again turn. Gill does well to use soft hands, and it runs off the thick edge for a single  .past slip",Nasum,Gill,1.0,0,0,1,1,1.0,0,,1
"19.1 
• 
Mahedi Hasan to Gill, no run 
sharp turn from a good length, Gill does well to keep it down",19.1,0,0.0,"Mahedi Hasan to Gill, no run  .sharp turn from a good length, Gill does well to keep it down",Mahedi Hasan,Gill,0.0,0,0,1,1,0.0,0,,0
"19.2 
• 
Mahedi Hasan to Gill, no run 
pushed through this time, punched down the ground, but Mahedi dives across to his 
right to keep Gill on strike",19.2,0,0.0,"Mahedi Hasan to Gill, no run  .pushed through this time, punched down the ground, but Mahedi dives across to his  .right to keep Gill on strike",Mahedi Hasan,Gill,0.0,0,0,1,1,0.0,0,,0
"19.3 
1 
Mahedi Hasan to Gill, 1 run 
down the wicket, close to its pitch, drives it to long-on for a single",19.3,1,1.0,"Mahedi Hasan to Gill, 1 run  .down the wicket, close to its pitch, drives it to long-on for a single",Mahedi Hasan,Gill,1.0,0,0,1,1,1.0,0,,1
"19.4 
• 
Mahedi Hasan to Ishan, no run 
looks to cut this flatter delivery but finds the man at point",19.4,0,0.0,"Mahedi Hasan to Ishan, no run  .looks to cut this flatter delivery but finds the man at point",Mahedi Hasan,Ishan,0.0,0,0,1,1,0.0,0,,0
"19.5 
1 
Mahedi Hasan to Ishan, 1 run 
soft hands, places this length ball wide of short cover, runs through for one",19.5,1,1.0,"Mahedi Hasan to Ishan, 1 run  .soft hands, places this length ball wide of short cover, runs through for one",Mahedi Hasan,Ishan,1.0,0,0,1,1,1.0,0,,1
"19.6 
6 
Mahedi Hasan to Gill, SIX runs 
Gill has seen Rahul perish trying to take Mahedi on but he has done the same an over 
later. You just can't let an offspinner keep bowling to right-hand batters with ease. Down 
the wicket, close to the ball, and lofts it over deep midwicket for six. It brings up his fifty 
too 
See all photos 
end of over 208 runs  
IND: 89/3CRR: 4.45 • RRR: 5.90 • Need 177 runs from 30 overs 
Shubman Gill54 (61b 6x4 1x6) 
Ishan Kishan3 (9b) 
Mahedi Hasan 4-1-11-1 
Nasum Ahmed 4-0-20-0",19.6,6,6.0,"Mahedi Hasan to Gill, SIX runs  .Gill has seen Rahul perish trying to take Mahedi on but he has done the same an over  .later. You just can't let an offspinner keep bowling to right-hand batters with ease. Down  .the wicket, close to the ball, and lofts it over deep midwicket for six. It brings up his fifty  .too  .See all photos",Mahedi Hasan,Gill,6.0,0,1,1,1,6.0,0,,1
"20.1 
1 
Nasum to Ishan, 1 run 
runs this length ball fine of short third for a single",20.1,1,1.0,"Nasum to Ishan, 1 run  .runs this length ball fine of short third for a single",Nasum,Ishan,1.0,0,0,1,1,1.0,0,,1
"20.2 
• 
Nasum to Gill, no run 
full, middle and turn, still turns enough to take the leading edge towards cover. Along 
the ground",20.2,0,0.0,"Nasum to Gill, no run  .full, middle and turn, still turns enough to take the leading edge towards cover. Along  .the ground",Nasum,Gill,0.0,0,0,1,1,0.0,0,,0
"20.3 
• 
Nasum to Gill, no run 
stays back to defend this length ball",20.3,0,0.0,"Nasum to Gill, no run  .stays back to defend this length ball",Nasum,Gill,0.0,0,0,1,1,0.0,0,,0
"20.4 
• 
Nasum to Gill, no run 
opens the face on this one but has timed it too well to take a single to point",20.4,0,0.0,"Nasum to Gill, no run  .opens the face on this one but has timed it too well to take a single to point",Nasum,Gill,0.0,0,0,1,1,0.0,0,,0
"20.5 
• 
Nasum to Gill, no run 
flighted, middle and off, defended with an open face",20.5,0,0.0,"Nasum to Gill, no run  .flighted, middle and off, defended with an open face",Nasum,Gill,0.0,0,0,1,1,0.0,0,,0
"20.6 
1 
Nasum to Gill, 1 run 
inside edge. Don't think Gill had an idea about this. Half-forward, not close to the pitch 
of the ball, trying to use his hands to cover the turn, but the ball goes straight on. Lucky 
to get some bat on it. Takes a single to short fine leg 
end of over 212 runs  
IND: 91/3CRR: 4.33 • RRR: 6.03 • Need 175 runs from 29 overs 
Shubman Gill55 (66b 6x4 1x6) 
Ishan Kishan4 (10b) 
Nasum Ahmed 5-0-22-0 
Mahedi Hasan 4-1-11-1 
Now Mehidy replaces Mahedi",20.6,1,1.0,"Nasum to Gill, 1 run  .inside edge. Don't think Gill had an idea about this. Half-forward, not close to the pitch  .of the ball, trying to use his hands to cover the turn, but the ball goes straight on. Lucky  .to get some bat on it. Takes a single to short fine leg",Nasum,Gill,1.0,0,0,1,1,1.0,0,,1
"21.1 
• 
Mehidy Hasan Miraz to Gill, no run 
full, just outside off, defended",21.1,0,0.0,"Mehidy Hasan Miraz to Gill, no run  .full, just outside off, defended",Mehidy Hasan Miraz,Gill,0.0,0,0,1,1,0.0,0,,0
"21.2 
1 
Mehidy Hasan Miraz to Gill, 1 run 
flat, outside off, he lets it turn and then runs it fine of short third for a single",21.2,1,1.0,"Mehidy Hasan Miraz to Gill, 1 run  .flat, outside off, he lets it turn and then runs it fine of short third for a single",Mehidy Hasan Miraz,Gill,1.0,0,0,1,1,1.0,0,,1
"21.3 
• 
Mehidy Hasan Miraz to Ishan, no run 
has a late waft at this offbreak. For a long time it looks like he is leaving this slow 
o0ffbreak alone, but then at the last moment he decides to run it down. Lucky not to 
edge it",21.3,0,0.0,"Mehidy Hasan Miraz to Ishan, no run  .has a late waft at this offbreak. For a long time it looks like he is leaving this slow  .o0ffbreak alone, but then at the last moment he decides to run it down. Lucky not to  .edge it",Mehidy Hasan Miraz,Ishan,0.0,0,0,1,1,0.0,0,,0
"21.4 
1 
Mehidy Hasan Miraz to Ishan, 1 run 
stays slow, pushed into the covers",21.4,1,1.0,"Mehidy Hasan Miraz to Ishan, 1 run  .stays slow, pushed into the covers",Mehidy Hasan Miraz,Ishan,1.0,0,0,1,1,1.0,0,,1
"21.5 
• 
Mehidy Hasan Miraz to Gill, no run 
sharp offbreak, into the pads, does well to play it down into the leg side",21.5,0,0.0,"Mehidy Hasan Miraz to Gill, no run  .sharp offbreak, into the pads, does well to play it down into the leg side",Mehidy Hasan Miraz,Gill,0.0,0,0,1,1,0.0,0,,0
"21.6 
1 
Mehidy Hasan Miraz to Gill, 1 run 
just a touch short, and he has pulled this to deep square leg for one 
end of over 223 runs  
IND: 94/3CRR: 4.27 • RRR: 6.14 • Need 172 runs from 28 overs 
Shubman Gill57 (70b 6x4 1x6) 
Ishan Kishan5 (12b) 
Mehidy Hasan Miraz 1-0-3-0 
Nasum Ahmed 5-0-22-0 
Shakib brings himself on now",21.6,1,1.0,"Mehidy Hasan Miraz to Gill, 1 run  .just a touch short, and he has pulled this to deep square leg for one",Mehidy Hasan Miraz,Gill,1.0,0,0,1,1,1.0,0,,1
"22.1 
• 
Shakib to Gill, no run 
on a length, some turn away, defended to cover",22.1,0,0.0,"Shakib to Gill, no run  .on a length, some turn away, defended to cover",Shakib,Gill,0.0,0,0,1,1,0.0,0,,0
"22.2 
• 
Shakib to Gill, no run 
pushed through, no turn, punched to cover",22.2,0,0.0,"Shakib to Gill, no run  .pushed through, no turn, punched to cover",Shakib,Gill,0.0,0,0,1,1,0.0,0,,0
"22.3 
• 
Shakib to Gill, no run 
nice turn from a good length. Bounce too. Gill defends with soft hands and an open face",22.3,0,0.0,"Shakib to Gill, no run  .nice turn from a good length. Bounce too. Gill defends with soft hands and an open face",Shakib,Gill,0.0,0,0,1,1,0.0,0,,0
"22.4 
• 
Shakib to Gill, no run 
gets the length to cut but can't beat the man at point",22.4,0,0.0,"Shakib to Gill, no run  .gets the length to cut but can't beat the man at point",Shakib,Gill,0.0,0,0,1,1,0.0,0,,0
"22.5 
• 
Shakib to Gill, no run 
flighted outside off, defended off the front foot",22.5,0,0.0,"Shakib to Gill, no run  .flighted outside off, defended off the front foot",Shakib,Gill,0.0,0,0,1,1,0.0,0,,0
"22.6 
• 
Shakib to Gill, no run 
slow in the air again, 84ks, Gill defends again. Not a straightforward pitch if Gill is being 
this cautious 
end of over 23Maiden 
IND: 94/3CRR: 4.08 • RRR: 6.37 • Need 172 runs from 27 overs 
Shubman Gill57 (76b 6x4 1x6) 
Ishan Kishan5 (12b) 
Shakib Al Hasan 3-1-12-0 
Mehidy Hasan Miraz 1-0-3-0 
A slip for Kishan",22.6,0,0.0,"Shakib to Gill, no run  .slow in the air again, 84ks, Gill defends again. Not a straightforward pitch if Gill is being  .this cautious",Shakib,Gill,0.0,0,0,1,1,0.0,0,,0
"23.1 
• 
Mehidy Hasan Miraz to Ishan, no run 
on a length, quick, angling in, pushed back to the bowler",23.1,0,0.0,"Mehidy Hasan Miraz to Ishan, no run  .on a length, quick, angling in, pushed back to the bowler",Mehidy Hasan Miraz,Ishan,0.0,0,0,1,1,0.0,0,,0
"23.2 
• 
Mehidy Hasan Miraz to Ishan, no run 
down the wicket but ends up yorking himself up. Plays this to midwicket along thr 
ground",23.2,0,0.0,"Mehidy Hasan Miraz to Ishan, no run  .down the wicket but ends up yorking himself up. Plays this to midwicket along thr  .ground",Mehidy Hasan Miraz,Ishan,0.0,0,0,1,1,0.0,0,,0
"23.3 
W 
Mehidy Hasan Miraz to Ishan, OUT 
given out lbw trying to reverse-sweep. He has reviewed it. The pressure has built dot 
upon dot, and Kishan has not looked comfortable. He tries to break free with a reverse-
sweep, Mehidy stays flat and straight, beats him, hits the knee roll. He is dead in front. 
Takes a review with him 
Ishan Kishan lbw b Mehidy Hasan Miraz 5 (15b 0x4 0x6 21m) SR: 33.33 
See all photos 
Suryakumar Yadav in at No. 6. India in all sorts here. A slip and a leg slip",23.3,W,0.0,"Mehidy Hasan Miraz to Ishan, OUT  .given out lbw trying to reverse-sweep. He has reviewed it. The pressure has built dot  .upon dot, and Kishan has not looked comfortable. He tries to break free with a reverse- .sweep, Mehidy stays flat and straight, beats him, hits the knee roll. He is dead in front.  .Takes a review with him  .Ishan Kishan lbw b Mehidy Hasan Miraz 5 (15b 0x4 0x6 21m) SR: 33.33",Mehidy Hasan Miraz,Ishan,0.0,0,0,1,1,0.0,1,lbw b Mehidy Hasan Miraz,0
"23.4 
4 
Mehidy Hasan Miraz to Suryakumar, FOUR runs 
sweep first ball. The powerful regulation sweep, using his pace, and gets four for it. It is 
a pretty straight delivery so the bat has to come down in time, which it does",23.4,4,4.0,"Mehidy Hasan Miraz to Suryakumar, FOUR runs  .sweep first ball. The powerful regulation sweep, using his pace, and gets four for it. It is  .a pretty straight delivery so the bat has to come down in time, which it does",Mehidy Hasan Miraz,Suryakumar,4.0,1,0,1,1,4.0,0,,1
"23.5 
• 
Mehidy Hasan Miraz to Suryakumar, no run 
on a length, turning into the pads, defended",23.5,0,0.0,"Mehidy Hasan Miraz to Suryakumar, no run  .on a length, turning into the pads, defended",Mehidy Hasan Miraz,Suryakumar,0.0,0,0,1,1,0.0,0,,0
"23.6 
• 
Mehidy Hasan Miraz to Suryakumar, no run 
hit on the outer half of the bat as he defends one 
end of over 244 runs • 1 wicket 
IND: 98/4CRR: 4.08 • RRR: 6.46 • Need 168 runs from 26 overs 
Suryakumar Yadav4 (3b 1x4) 
Shubman Gill57 (76b 6x4 1x6) 
Mehidy Hasan Miraz 2-0-7-1 
Shakib Al Hasan 3-1-12-0",23.6,0,0.0,"Mehidy Hasan Miraz to Suryakumar, no run  .hit on the outer half of the bat as he defends one",Mehidy Hasan Miraz,Suryakumar,0.0,0,0,1,1,0.0,0,,0
"24.1 
6 
Shakib to Gill, SIX runs 
lovely shot. Gill is playing some other game meanwhile. Down the wicket, just the right 
distance between himself and the pitch of the ball for him to chip it over wide long-off. 
Uses his wrists to do so",24.1,6,6.0,"Shakib to Gill, SIX runs  .lovely shot. Gill is playing some other game meanwhile. Down the wicket, just the right  .distance between himself and the pitch of the ball for him to chip it over wide long-off.  .Uses his wrists to do so",Shakib,Gill,6.0,0,1,1,1,6.0,0,,1
"24.2 
1 
Shakib to Gill, 1 run 
cuts this one to deep cover for a single",24.2,1,1.0,"Shakib to Gill, 1 run  .cuts this one to deep cover for a single",Shakib,Gill,1.0,0,0,1,1,1.0,0,,1
"24.3 
• 
Shakib to Suryakumar, no run 
inner half of the bat as he defends. Doesn't get the turn he is expecting",24.3,0,0.0,"Shakib to Suryakumar, no run  .inner half of the bat as he defends. Doesn't get the turn he is expecting",Shakib,Suryakumar,0.0,0,0,1,1,0.0,0,,0
"24.4 
• 
Shakib to Suryakumar, no run 
slows this one up and gets turn on it. Beats him. The veteran in his work here",24.4,0,0.0,"Shakib to Suryakumar, no run  .slows this one up and gets turn on it. Beats him. The veteran in his work here",Shakib,Suryakumar,0.0,0,0,1,1,0.0,0,,0
"24.5 
• 
Shakib to Suryakumar, no run 
he has got himself outside the line, I think, but Shakib has reviewed the not-out 
decision. He is looking to shuffle across and work this length ball behind square on the 
leg side, and he misses it completely. However, he has moved across so far that he is 
outside the line of off when he is hit on the pad. Review wasted",24.5,0,0.0,"Shakib to Suryakumar, no run  .he has got himself outside the line, I think, but Shakib has reviewed the not-out  .decision. He is looking to shuffle across and work this length ball behind square on the  .leg side, and he misses it completely. However, he has moved across so far that he is  .outside the line of off when he is hit on the pad. Review wasted",Shakib,Suryakumar,0.0,0,0,1,1,0.0,0,,0
"24.6 
1 
Shakib to Suryakumar, 1 run 
pushes this one through but stays full, driven down to long-off for one 
Agrawal to take you to the end of what is building up to be a thriller 
end of over 258 runs  
IND: 106/4CRR: 4.24 • RRR: 6.40 • Need 160 runs from 25 overs 
Suryakumar Yadav5 (7b 1x4) 
Shubman Gill64 (78b 6x4 2x6) 
Shakib Al Hasan 4-1-20-0 
Mehidy Hasan Miraz 2-0-7-1 
Thanks Monga. Bangladesh on top, but India still have Jadeja and Axar to come.",24.6,1,1.0,"Shakib to Suryakumar, 1 run  .pushes this one through but stays full, driven down to long-off for one  .Agrawal to take you to the end of what is building up to be a thriller",Shakib,Suryakumar,1.0,0,0,1,1,1.0,0,,1
"25.1 
1 
Mehidy Hasan Miraz to Suryakumar, 1 run 
chips this short of a length ball outside off by getting across, for a single to deep square",25.1,1,1.0,"Mehidy Hasan Miraz to Suryakumar, 1 run  .chips this short of a length ball outside off by getting across, for a single to deep square",Mehidy Hasan Miraz,Suryakumar,1.0,0,0,1,1,1.0,0,,1
"25.2 
1 
Mehidy Hasan Miraz to Gill, 1 run 
on a length on middle, but gets good bounce. Turned behind to fine leg",25.2,1,1.0,"Mehidy Hasan Miraz to Gill, 1 run  .on a length on middle, but gets good bounce. Turned behind to fine leg",Mehidy Hasan Miraz,Gill,1.0,0,0,1,1,1.0,0,,1
"25.3 
1 
Mehidy Hasan Miraz to Suryakumar, 1 run 
much fuller on off, and tucked to deep square again",25.3,1,1.0,"Mehidy Hasan Miraz to Suryakumar, 1 run  .much fuller on off, and tucked to deep square again",Mehidy Hasan Miraz,Suryakumar,1.0,0,0,1,1,1.0,0,,1
"25.4 
• 
Mehidy Hasan Miraz to Gill, no run 
full ball on off, and blocked with his head down",25.4,0,0.0,"Mehidy Hasan Miraz to Gill, no run  .full ball on off, and blocked with his head down",Mehidy Hasan Miraz,Gill,0.0,0,0,1,1,0.0,0,,0
"25.5 
• 
Mehidy Hasan Miraz to Gill, no run 
looks to sweep this full ball outside off, but ends up missing, and is hit on his stomach",25.5,0,0.0,"Mehidy Hasan Miraz to Gill, no run  .looks to sweep this full ball outside off, but ends up missing, and is hit on his stomach",Mehidy Hasan Miraz,Gill,0.0,0,0,1,1,0.0,0,,0
"25.6 
• 
Mehidy Hasan Miraz to Gill, no run 
ah, nice turn and bounce. On a length, turning into leg while bouncing considerably. 
Punched back to the bowler 
end of over 263 runs  
IND: 109/4CRR: 4.19 • RRR: 6.54 • Need 157 runs from 24 overs 
Shubman Gill65 (82b 6x4 2x6) 
Suryakumar Yadav7 (9b 1x4) 
Mehidy Hasan Miraz 3-0-10-1 
Shakib Al Hasan 4-1-20-0 
Shakib will continue, with a slip",25.6,0,0.0,"Mehidy Hasan Miraz to Gill, no run  .ah, nice turn and bounce. On a length, turning into leg while bouncing considerably.  .Punched back to the bowler",Mehidy Hasan Miraz,Gill,0.0,0,0,1,1,0.0,0,,0
"26.1 
• 
Shakib to Suryakumar, no run 
another loud appeal for leg before wicket, but not given. And they don't have reviews 
either. Tossed up on a length on middle, and turning away, as Surya looked to sweep 
but was hit high 
""How dare you forgot Lord!!"" --- Hope I'm not punished by Him, Vijay",26.1,0,0.0,"Shakib to Suryakumar, no run  .another loud appeal for leg before wicket, but not given. And they don't have reviews  .either. Tossed up on a length on middle, and turning away, as Surya looked to sweep  .but was hit high",Shakib,Suryakumar,0.0,0,0,1,1,0.0,0,,0
"26.2 
• 
Shakib to Suryakumar, no run 
now there's an appeal for a caught and bowled, and again it's turned down. The 
Bangladesh players gather, as both umpires also get together. And inevitably, this goes 
to the third umpire. It was loopy, and a low full toss on leg. And replays show 
Suryakumar pushed forward, only for the ball to bounce just after hitting. So not out",26.2,0,0.0,"Shakib to Suryakumar, no run  .now there's an appeal for a caught and bowled, and again it's turned down. The  .Bangladesh players gather, as both umpires also get together. And inevitably, this goes  .to the third umpire. It was loopy, and a low full toss on leg. And replays show  .Suryakumar pushed forward, only for the ball to bounce just after hitting. So not out",Shakib,Suryakumar,0.0,0,0,1,1,0.0,0,,0
"26.3 
1 
Shakib to Suryakumar, 1 run 
short of a length, coming on with the angle into off. Punched to deep point",26.3,1,1.0,"Shakib to Suryakumar, 1 run  .short of a length, coming on with the angle into off. Punched to deep point",Shakib,Suryakumar,1.0,0,0,1,1,1.0,0,,1
"26.4 
1 
Shakib to Gill, 1 run 
now Shakib is up in appeal for another leg-before chance, but probably there was 
nothing at all. Short and quick, angled into off, as Gill slapped that from close to the 
stumps to point, where a misfield allowed a single",26.4,1,1.0,"Shakib to Gill, 1 run  .now Shakib is up in appeal for another leg-before chance, but probably there was  .nothing at all. Short and quick, angled into off, as Gill slapped that from close to the  .stumps to point, where a misfield allowed a single",Shakib,Gill,1.0,0,0,1,1,1.0,0,,1
"26.5 
1 
Shakib to Suryakumar, 1 run 
gets down to sweep this full ball outside off to fine leg 
Almost every ball has been an event this over",26.5,1,1.0,"Shakib to Suryakumar, 1 run  .gets down to sweep this full ball outside off to fine leg  .Almost every ball has been an event this over",Shakib,Suryakumar,1.0,0,0,1,1,1.0,0,,1
"26.6 
1 
Shakib to Gill, 1 run 
short and outside off. Cut away to deep point 
end of over 274 runs  
IND: 113/4CRR: 4.18 • RRR: 6.65 • Need 153 runs from 23 overs 
Shubman Gill67 (84b 6x4 2x6) 
Suryakumar Yadav9 (13b 1x4) 
Shakib Al Hasan 5-1-24-0 
Mehidy Hasan Miraz 3-0-10-1 
Nasum back from around the stumps",26.6,1,1.0,"Shakib to Gill, 1 run  .short and outside off. Cut away to deep point",Shakib,Gill,1.0,0,0,1,1,1.0,0,,1
"27.1 
• 
Nasum to Gill, no run 
full and on the stumps. Blocked down by Gill 
Nishank: ""It was not even 1 tip 1 hand, that catch appeal""",27.1,0,0.0,"Nasum to Gill, no run  .full and on the stumps. Blocked down by Gill",Nasum,Gill,0.0,0,0,1,1,0.0,0,,0
"27.2 
• 
Nasum to Gill, no run 
goes wide of the crease, and short just outside off. Pushed to point",27.2,0,0.0,"Nasum to Gill, no run  .goes wide of the crease, and short just outside off. Pushed to point",Nasum,Gill,0.0,0,0,1,1,0.0,0,,0
"27.3 
• 
Nasum to Gill, no run 
fuller and flatter, angled into off. Tucked to cover this time for another dot",27.3,0,0.0,"Nasum to Gill, no run  .fuller and flatter, angled into off. Tucked to cover this time for another dot",Nasum,Gill,0.0,0,0,1,1,0.0,0,,0
"27.4 
1 
Nasum to Gill, 1 run 
nudges this full ball on off to long-on",27.4,1,1.0,"Nasum to Gill, 1 run  .nudges this full ball on off to long-on",Nasum,Gill,1.0,0,0,1,1,1.0,0,,1
"27.5 
• 
Nasum to Suryakumar, no run 
turns away off a length outside off, and is stabbed to point 
""",27.5,0,0.0,"Nasum to Suryakumar, no run  .turns away off a length outside off, and is stabbed to point",Nasum,Suryakumar,0.0,0,0,1,1,0.0,0,,0
"27.6 
1 
Nasum to Suryakumar, 1 run 
another one on a length, but much closer to off. Punched to deep point 
end of over 282 runs  
IND: 115/4CRR: 4.10 • RRR: 6.86 • Need 151 runs from 22 overs 
Suryakumar Yadav10 (15b 1x4) 
Shubman Gill68 (88b 6x4 2x6) 
Nasum Ahmed 6-0-24-0 
Shakib Al Hasan 5-1-24-0 
India's required rate nearing seven an over",27.6,1,1.0,"Nasum to Suryakumar, 1 run  .another one on a length, but much closer to off. Punched to deep point",Nasum,Suryakumar,1.0,0,0,1,1,1.0,0,,1
"28.1 
2b 
Shakib to Suryakumar, 2 byes 
attempts another sweep, but they eventually bag a few byes after three fielders chase 
the ball towards deep third. The ball was tossed up, on a length and slow outside off, as 
Surya looked to sweep but missed",28.1,2b,2.0,"Shakib to Suryakumar, 2 byes  .attempts another sweep, but they eventually bag a few byes after three fielders chase  .the ball towards deep third. The ball was tossed up, on a length and slow outside off, as  .Surya looked to sweep but missed",Shakib,Suryakumar,0.0,0,0,1,1,0.0,0,,1
"28.2 
• 
Shakib to Suryakumar, no run 
this turns away rather sharply off a shortish length outside off, and is pushed to cover 
on the bounce. He lost his bottom hand there, perhaps because the ball may have stuck 
in the pitch",28.2,0,0.0,"Shakib to Suryakumar, no run  .this turns away rather sharply off a shortish length outside off, and is pushed to cover  .on the bounce. He lost his bottom hand there, perhaps because the ball may have stuck  .in the pitch",Shakib,Suryakumar,0.0,0,0,1,1,0.0,0,,0
"28.3 
• 
Shakib to Suryakumar, no run 
quicker and flatter, on a length around off. Blocked down",28.3,0,0.0,"Shakib to Suryakumar, no run  .quicker and flatter, on a length around off. Blocked down",Shakib,Suryakumar,0.0,0,0,1,1,0.0,0,,0
"28.4 
• 
Shakib to Suryakumar, no run 
another attempted sweep which is missed, and hence another dot ball for India. But 
there's an appeal for stumping, and it goes up to the TV umpire again. Slow, full and 
tossed up on middle and off, as it turned away with Surya being beaten on the sweep. 
There's no bat involved, so he will check the stumping chance. And replays show the 
foot is behind the line, so it's not out",28.4,0,0.0,"Shakib to Suryakumar, no run  .another attempted sweep which is missed, and hence another dot ball for India. But  .there's an appeal for stumping, and it goes up to the TV umpire again. Slow, full and  .tossed up on middle and off, as it turned away with Surya being beaten on the sweep.  .There's no bat involved, so he will check the stumping chance. And replays show the  .foot is behind the line, so it's not out",Shakib,Suryakumar,0.0,0,0,1,1,0.0,0,,0
"28.5 
• 
Shakib to Suryakumar, no run 
full and flat on off. Tapped back by Surya",28.5,0,0.0,"Shakib to Suryakumar, no run  .full and flat on off. Tapped back by Surya",Shakib,Suryakumar,0.0,0,0,1,1,0.0,0,,0
"28.6 
• 
Shakib to Suryakumar, no run 
this is quite full on middle, and pushed to midwicket 
end of over 29Maiden 
IND: 117/4CRR: 4.03 • RRR: 7.09 • Need 149 runs from 21 overs 
Suryakumar Yadav10 (21b 1x4) 
Shubman Gill68 (88b 6x4 2x6) 
Shakib Al Hasan 6-2-24-0 
Nasum Ahmed 6-0-24-0 
Mahedi returns",28.6,0,0.0,"Shakib to Suryakumar, no run  .this is quite full on middle, and pushed to midwicket",Shakib,Suryakumar,0.0,0,0,1,1,0.0,0,,0
"29.1 
1 
Mahedi Hasan to Gill, 1 run 
short and outside off. Slapped to deep point 
DJ: ""@Waqar Sourav, You must be some player. Bowling like Ganguly and Batting like 
Waqar is hard to find."" --- Perhaps so rare that no country could discover him",29.1,1,1.0,"Mahedi Hasan to Gill, 1 run  .short and outside off. Slapped to deep point",Mahedi Hasan,Gill,1.0,0,0,1,1,1.0,0,,1
"29.2 
4 
Mahedi Hasan to Suryakumar, FOUR runs 
nails this sweep to long leg, beating the man at fine leg to his left. The ball was fired 
very fast and full on the stumps, as Surya still risked the sweep and bagged four",29.2,4,4.0,"Mahedi Hasan to Suryakumar, FOUR runs  .nails this sweep to long leg, beating the man at fine leg to his left. The ball was fired  .very fast and full on the stumps, as Surya still risked the sweep and bagged four",Mahedi Hasan,Suryakumar,4.0,1,0,1,1,4.0,0,,1
"29.3 
1 
Mahedi Hasan to Suryakumar, 1 run 
gets across, and punches this shortish ball outside off to long-on",29.3,1,1.0,"Mahedi Hasan to Suryakumar, 1 run  .gets across, and punches this shortish ball outside off to long-on",Mahedi Hasan,Suryakumar,1.0,0,0,1,1,1.0,0,,1
"29.4 
1 
Mahedi Hasan to Gill, 1 run 
short again outside off, and pushed to deep point. The call was for two, but there was 
hardly a chance there",29.4,1,1.0,"Mahedi Hasan to Gill, 1 run  .short again outside off, and pushed to deep point. The call was for two, but there was  .hardly a chance there",Mahedi Hasan,Gill,1.0,0,0,1,1,1.0,0,,1
"29.5 
• 
Mahedi Hasan to Suryakumar, no run 
short outside off, and he gets across to tuck this back to the bowler",29.5,0,0.0,"Mahedi Hasan to Suryakumar, no run  .short outside off, and he gets across to tuck this back to the bowler",Mahedi Hasan,Suryakumar,0.0,0,0,1,1,0.0,0,,0
"29.6 
2 
Mahedi Hasan to Suryakumar, 2 runs 
this is quite full and wide of off, as he leans into a drive to deep backward point. A 
misfield allows an extra run 
end of over 309 runs  
IND: 126/4CRR: 4.20 • RRR: 7.00 • Need 140 runs from 20 overs 
Suryakumar Yadav17 (25b 2x4) 
Shubman Gill70 (90b 6x4 2x6) 
Mahedi Hasan 5-1-20-1 
Shakib Al Hasan 6-2-24-0 
Adarsh: ""20 overs remaining now. SKY can start thinking he's playing his favourite 
format.""",29.6,2,2.0,"Mahedi Hasan to Suryakumar, 2 runs  .this is quite full and wide of off, as he leans into a drive to deep backward point. A  .misfield allows an extra run",Mahedi Hasan,Suryakumar,2.0,0,0,1,1,2.0,0,,1
"30.1 
1 
Shakib to Gill, 1 run 
short and slow outside off. Turns away, and is slapped to deep point 
Still a slip for Surya",30.1,1,1.0,"Shakib to Gill, 1 run  .short and slow outside off. Turns away, and is slapped to deep point  .Still a slip for Surya",Shakib,Gill,1.0,0,0,1,1,1.0,0,,1
"30.2 
4 
Shakib to Suryakumar, FOUR runs 
a late dab past slip, and four to deep third! Surya finding his touch here with a few 
fours. Short of a length outside off, and he waits for it to arrive before helping it away 
Slip vanishes",30.2,4,4.0,"Shakib to Suryakumar, FOUR runs  .a late dab past slip, and four to deep third! Surya finding his touch here with a few  .fours. Short of a length outside off, and he waits for it to arrive before helping it away  .Slip vanishes",Shakib,Suryakumar,4.0,1,0,1,1,4.0,0,,1
"30.3 
• 
Shakib to Suryakumar, no run 
ah, this is angled in, and is loopy and fullish on middle and off. Blocked down",30.3,0,0.0,"Shakib to Suryakumar, no run  .ah, this is angled in, and is loopy and fullish on middle and off. Blocked down",Shakib,Suryakumar,0.0,0,0,1,1,0.0,0,,0
"30.4 
• 
Shakib to Suryakumar, no run 
beaten again. On a length, and going on with the angle from around the wicket, as it 
pitches outside off, and Surya looks to slash but misses",30.4,0,0.0,"Shakib to Suryakumar, no run  .beaten again. On a length, and going on with the angle from around the wicket, as it  .pitches outside off, and Surya looks to slash but misses",Shakib,Suryakumar,0.0,0,0,1,1,0.0,0,,0
"30.5 
• 
Shakib to Suryakumar, no run 
fullish on off again, and pushed to cover",30.5,0,0.0,"Shakib to Suryakumar, no run  .fullish on off again, and pushed to cover",Shakib,Suryakumar,0.0,0,0,1,1,0.0,0,,0
"30.6 
2 
Shakib to Suryakumar, 2 runs 
top edges a sweep off this full ball outside off, as he gets across the stumps. The ball 
falls short of the fine-leg fielder running forward, and spins away, thus allowing a 
second run, and frustration from Shakib 
end of over 317 runs  
IND: 133/4CRR: 4.29 • RRR: 7.00 • Need 133 runs from 19 overs 
Suryakumar Yadav23 (30b 3x4) 
Shubman Gill71 (91b 6x4 2x6) 
Shakib Al Hasan 7-2-31-0 
Mahedi Hasan 5-1-20-1",30.6,2,2.0,"Shakib to Suryakumar, 2 runs  .top edges a sweep off this full ball outside off, as he gets across the stumps. The ball  .falls short of the fine-leg fielder running forward, and spins away, thus allowing a  .second run, and frustration from Shakib",Shakib,Suryakumar,2.0,0,0,1,1,2.0,0,,1
"31.1 
1 
Nasum to Gill, 1 run 
full ball on middle, and nudged wide of short fine leg",31.1,1,1.0,"Nasum to Gill, 1 run  .full ball on middle, and nudged wide of short fine leg",Nasum,Gill,1.0,0,0,1,1,1.0,0,,1
"31.2 
1 
Nasum to Suryakumar, 1 run 
once more he looks to sweep a full ball on middle and leg, and gets it to short fine off 
the bottom of the bat",31.2,1,1.0,"Nasum to Suryakumar, 1 run  .once more he looks to sweep a full ball on middle and leg, and gets it to short fine off  .the bottom of the bat",Nasum,Suryakumar,1.0,0,0,1,1,1.0,0,,1
"31.3 
1 
Nasum to Gill, 1 run 
the extra-cover fielder turns around and runs forward, dives to catch it, but the ball falls 
beyond. Gill skipped down a bit, and looked to flick this length ball outside off, only to 
get a leading edge",31.3,1,1.0,"Nasum to Gill, 1 run  .the extra-cover fielder turns around and runs forward, dives to catch it, but the ball falls  .beyond. Gill skipped down a bit, and looked to flick this length ball outside off, only to  .get a leading edge",Nasum,Gill,1.0,0,0,1,1,1.0,0,,1
"31.4 
1 
Nasum to Suryakumar, 1 run 
a late cut to deep backward point, as he lets this shortish ball turn away outside off",31.4,1,1.0,"Nasum to Suryakumar, 1 run  .a late cut to deep backward point, as he lets this shortish ball turn away outside off",Nasum,Suryakumar,1.0,0,0,1,1,1.0,0,,1
"31.5 
• 
Nasum to Gill, no run 
pushes this to cover now",31.5,0,0.0,"Nasum to Gill, no run  .pushes this to cover now",Nasum,Gill,0.0,0,0,1,1,0.0,0,,0
"31.6 
• 
Nasum to Gill, no run 
short ball outside off, and punched to cover-point 
end of over 324 runs  
IND: 137/4CRR: 4.28 • RRR: 7.16 • Need 129 runs from 18 overs 
Shubman Gill73 (95b 6x4 2x6) 
Suryakumar Yadav25 (32b 3x4) 
Nasum Ahmed 7-0-28-0 
Shakib Al Hasan 7-2-31-0 
Shakib into his sixth over of the spell",31.6,0,0.0,"Nasum to Gill, no run  .short ball outside off, and punched to cover-point",Nasum,Gill,0.0,0,0,1,1,0.0,0,,0
"32.1 
1 
Shakib to Suryakumar, 1 run 
full on off, and another aerial sweep to fine leg's left",32.1,1,1.0,"Shakib to Suryakumar, 1 run  .full on off, and another aerial sweep to fine leg's left",Shakib,Suryakumar,1.0,0,0,1,1,1.0,0,,1
"32.2 
• 
Shakib to Gill, no run 
looks to cut this short ball just outside off, but is beaten",32.2,0,0.0,"Shakib to Gill, no run  .looks to cut this short ball just outside off, but is beaten",Shakib,Gill,0.0,0,0,1,1,0.0,0,,0
"32.3 
1 
Shakib to Gill, 1 run 
some turn away off a length on off, as it is punched to long-off",32.3,1,1.0,"Shakib to Gill, 1 run  .some turn away off a length on off, as it is punched to long-off",Shakib,Gill,1.0,0,0,1,1,1.0,0,,1
"32.4 
W 
Shakib to Suryakumar, OUT 
bowled him! This was almost coming, considering how Surya has consistently looked to 
sweep anything and everything Shakib has been throwing at him. Shakib dangled one up 
on a length again on middle and off, getting it to turn away considerably - like he has 
almost each time he has slowed down his pace. Surya was into his sweep early, and the 
ball tickled the off stump 
Suryakumar Yadav b Shakib Al Hasan 26 (34b 3x4 0x6 37m) SR: 76.47 
See all photos 
Time for drinks 
Saravanan: ""Promote Axar, and India are winning this"" 
Jadeja at No. 7, with India's required rate at 7.32. Shakib from around.",32.4,W,0.0,"Shakib to Suryakumar, OUT  .bowled him! This was almost coming, considering how Surya has consistently looked to  .sweep anything and everything Shakib has been throwing at him. Shakib dangled one up  .on a length again on middle and off, getting it to turn away considerably - like he has  .almost each time he has slowed down his pace. Surya was into his sweep early, and the  .ball tickled the off stump  .Suryakumar Yadav b Shakib Al Hasan 26 (34b 3x4 0x6 37m) SR: 76.47",Shakib,Suryakumar,0.0,0,0,1,1,0.0,1,b Shakib Al Hasan,0
"32.5 
1 
Shakib to Jadeja, 1 run 
short of a length on off, and punched to long-on",32.5,1,1.0,"Shakib to Jadeja, 1 run  .short of a length on off, and punched to long-on",Shakib,Jadeja,1.0,0,0,1,1,1.0,0,,1
"32.6 
1 
Shakib to Gill, 1 run 
length ball and wide of off. Turns further away, as Gill stabs away from his body to play 
to deep point 
end of over 334 runs • 1 wicket 
IND: 141/5CRR: 4.27 • RRR: 7.35 • Need 125 runs from 17 overs 
Shubman Gill75 (98b 6x4 2x6) 
Ravindra Jadeja1 (1b) 
Shakib Al Hasan 8-2-35-1 
Nasum Ahmed 7-0-28-0 
Mehidy brought back, possibly for the left-hander Jadeja",32.6,1,1.0,"Shakib to Gill, 1 run  .length ball and wide of off. Turns further away, as Gill stabs away from his body to play  .to deep point",Shakib,Gill,1.0,0,0,1,1,1.0,0,,1
"33.1 
1 
Mehidy Hasan Miraz to Gill, 1 run 
short of a length, turning into middle and leg. Clipped to deep square 
From around to Jadeja, with a slip",33.1,1,1.0,"Mehidy Hasan Miraz to Gill, 1 run  .short of a length, turning into middle and leg. Clipped to deep square  .From around to Jadeja, with a slip",Mehidy Hasan Miraz,Gill,1.0,0,0,1,1,1.0,0,,1
"33.2 
1 
Mehidy Hasan Miraz to Jadeja, 1 run 
full and tossed up on off. Driven to long-off",33.2,1,1.0,"Mehidy Hasan Miraz to Jadeja, 1 run  .full and tossed up on off. Driven to long-off",Mehidy Hasan Miraz,Jadeja,1.0,0,0,1,1,1.0,0,,1
"33.3 
1 
Mehidy Hasan Miraz to Gill, 1 run 
skips down, and nudges this length ball outside off to long-on",33.3,1,1.0,"Mehidy Hasan Miraz to Gill, 1 run  .skips down, and nudges this length ball outside off to long-on",Mehidy Hasan Miraz,Gill,1.0,0,0,1,1,1.0,0,,1
"33.4 
1 
Mehidy Hasan Miraz to Jadeja, 1 run 
length ball, hinting to turn away to middle and off. Clipped to deep square 
Javed Parvez: ""Live by the sweep, die by the sweep. The short summary of SKY's 
innings today""",33.4,1,1.0,"Mehidy Hasan Miraz to Jadeja, 1 run  .length ball, hinting to turn away to middle and off. Clipped to deep square",Mehidy Hasan Miraz,Jadeja,1.0,0,0,1,1,1.0,0,,1
"33.5 
• 
Mehidy Hasan Miraz to Gill, no run 
a mix-up, but the throw to the keeper is wide! Gill smashed this full ball outside off to 
mid-off, after which Anamul dived to his right to stop that",33.5,0,0.0,"Mehidy Hasan Miraz to Gill, no run  .a mix-up, but the throw to the keeper is wide! Gill smashed this full ball outside off to  .mid-off, after which Anamul dived to his right to stop that",Mehidy Hasan Miraz,Gill,0.0,0,0,1,1,0.0,0,,0
"33.6 
1 
Mehidy Hasan Miraz to Gill, 1 run 
short again, turning in. Clipped to deep square again too 
end of over 345 runs  
IND: 146/5CRR: 4.29 • RRR: 7.50 • Need 120 runs from 96b 
Shubman Gill78 (102b 6x4 2x6) 
Ravindra Jadeja3 (3b) 
Mehidy Hasan Miraz 4-0-15-1 
Shakib Al Hasan 8-2-35-1",33.6,1,1.0,"Mehidy Hasan Miraz to Gill, 1 run  .short again, turning in. Clipped to deep square again too",Mehidy Hasan Miraz,Gill,1.0,0,0,1,1,1.0,0,,1
"34.1 
• 
Shakib to Gill, no run 
length on off, turns away. Poked to point with the turn",34.1,0,0.0,"Shakib to Gill, no run  .length on off, turns away. Poked to point with the turn",Shakib,Gill,0.0,0,0,1,1,0.0,0,,0
"34.2 
1 
Shakib to Gill, 1 run 
shorter around off, and punched to long-off",34.2,1,1.0,"Shakib to Gill, 1 run  .shorter around off, and punched to long-off",Shakib,Gill,1.0,0,0,1,1,1.0,0,,1
"34.3 
1 
Shakib to Jadeja, 1 run 
on a length on middle and leg, turning into leg. Swiped to fine leg by Jadeja",34.3,1,1.0,"Shakib to Jadeja, 1 run  .on a length on middle and leg, turning into leg. Swiped to fine leg by Jadeja",Shakib,Jadeja,1.0,0,0,1,1,1.0,0,,1
"34.4 
• 
Shakib to Gill, no run 
short of a length on the stumps, and punched to midwicket",34.4,0,0.0,"Shakib to Gill, no run  .short of a length on the stumps, and punched to midwicket",Shakib,Gill,0.0,0,0,1,1,0.0,0,,0
"34.5 
1 
Shakib to Gill, 1 run 
jumps out, and lofts this length ball outside off on a few bounces to long-off",34.5,1,1.0,"Shakib to Gill, 1 run  .jumps out, and lofts this length ball outside off on a few bounces to long-off",Shakib,Gill,1.0,0,0,1,1,1.0,0,,1
"34.6 
• 
Shakib to Jadeja, no run 
shorter side of a length outside off, turns in and bounces well to finish on middle. 
Dabbed behind square 
end of over 353 runs  
IND: 149/5CRR: 4.25 • RRR: 7.80 • Need 117 runs from 90b 
Ravindra Jadeja4 (5b) 
Shubman Gill80 (106b 6x4 2x6) 
Shakib Al Hasan 9-2-38-1 
Mehidy Hasan Miraz 4-0-15-1",34.6,0,0.0,"Shakib to Jadeja, no run  .shorter side of a length outside off, turns in and bounces well to finish on middle.  .Dabbed behind square",Shakib,Jadeja,0.0,0,0,1,1,0.0,0,,0
"35.1 
• 
Mehidy Hasan Miraz to Gill, no run 
short of a length outside off, turning in a bit. Dabbed down from deep in the crease 
Maruf: ""Gill looks like he is on a mission. His batting has been so commendable on a 
difficult pitch against a difficult bowling line!"" --- I am just glad that a comment related 
to anyone and anything other than Suryakumar Yadav even arrived",35.1,0,0.0,"Mehidy Hasan Miraz to Gill, no run  .short of a length outside off, turning in a bit. Dabbed down from deep in the crease",Mehidy Hasan Miraz,Gill,0.0,0,0,1,1,0.0,0,,0
"35.2 
• 
Mehidy Hasan Miraz to Gill, no run 
reverse sweeps this full ball on middle and off to short third. A bit of risk there from Gill",35.2,0,0.0,"Mehidy Hasan Miraz to Gill, no run  .reverse sweeps this full ball on middle and off to short third. A bit of risk there from Gill",Mehidy Hasan Miraz,Gill,0.0,0,0,1,1,0.0,0,,0
"35.3 
6 
Mehidy Hasan Miraz to Gill, SIX runs 
six over the leaping long-on fielder! He skipped down the pitch, and went lofting with 
the line of the ball around middle and off. Six crucial runs",35.3,6,6.0,"Mehidy Hasan Miraz to Gill, SIX runs  .six over the leaping long-on fielder! He skipped down the pitch, and went lofting with  .the line of the ball around middle and off. Six crucial runs",Mehidy Hasan Miraz,Gill,6.0,0,1,1,1,6.0,0,,1
"35.4 
1 
Mehidy Hasan Miraz to Gill, 1 run 
full ball on off, and clipped to deep backward square",35.4,1,1.0,"Mehidy Hasan Miraz to Gill, 1 run  .full ball on off, and clipped to deep backward square",Mehidy Hasan Miraz,Gill,1.0,0,0,1,1,1.0,0,,1
"35.5 
1 
Mehidy Hasan Miraz to Jadeja, 1 run 
quite full and just outside off. Pushed off the inside half of the bat towards mid-on, from 
where there is an appeal for run-out at the striker's end. But the third umpire sees that 
Gill is well in",35.5,1,1.0,"Mehidy Hasan Miraz to Jadeja, 1 run  .quite full and just outside off. Pushed off the inside half of the bat towards mid-on, from  .where there is an appeal for run-out at the striker's end. But the third umpire sees that  .Gill is well in",Mehidy Hasan Miraz,Jadeja,1.0,0,0,1,1,1.0,0,,1
"35.6 
6 
Mehidy Hasan Miraz to Gill, SIX runs 
this is a huge six! Once again Gill is down the pitch at this length ball, which is outside 
off. And he just sends that blazing off his bat over the bowler's head 
end of over 3614 runs  
IND: 163/5CRR: 4.52 • RRR: 7.35 • Need 103 runs from 84b 
Shubman Gill93 (111b 6x4 4x6) 
Ravindra Jadeja5 (6b) 
Mehidy Hasan Miraz 5-0-29-1 
Shakib Al Hasan 9-2-38-1 
Nasum back",35.6,6,6.0,"Mehidy Hasan Miraz to Gill, SIX runs  .this is a huge six! Once again Gill is down the pitch at this length ball, which is outside  .off. And he just sends that blazing off his bat over the bowler's head",Mehidy Hasan Miraz,Gill,6.0,0,1,1,1,6.0,0,,1
"36.1 
1 
Nasum to Jadeja, 1 run 
full outside off, and nudged to long-on",36.1,1,1.0,"Nasum to Jadeja, 1 run  .full outside off, and nudged to long-on",Nasum,Jadeja,1.0,0,0,1,1,1.0,0,,1
"36.2 
• 
Nasum to Gill, no run 
short outside off, and hacked to short third on the bounce",36.2,0,0.0,"Nasum to Gill, no run  .short outside off, and hacked to short third on the bounce",Nasum,Gill,0.0,0,0,1,1,0.0,0,,0
"36.3 
1 
Nasum to Gill, 1 run 
this is slow and dipping on a full length on off. He taps on the off side, and takes off 
Aarav Tibrewala: ""This situation has created a perfect opportunity for Jadeja to return to 
form with the bat""",36.3,1,1.0,"Nasum to Gill, 1 run  .this is slow and dipping on a full length on off. He taps on the off side, and takes off",Nasum,Gill,1.0,0,0,1,1,1.0,0,,1
"36.4 
1 
Nasum to Jadeja, 1 run 
length ball outside off, and turning into middle and leg. Swiped to fine leg",36.4,1,1.0,"Nasum to Jadeja, 1 run  .length ball outside off, and turning into middle and leg. Swiped to fine leg",Nasum,Jadeja,1.0,0,0,1,1,1.0,0,,1
"36.5 
3 
Nasum to Gill, 3 runs 
leading edge, and there's no slip to gobble that. Closes the bat face to clip this fullish 
ball on middle and leg, even as the ball turns away sharply",36.5,3,3.0,"Nasum to Gill, 3 runs  .leading edge, and there's no slip to gobble that. Closes the bat face to clip this fullish  .ball on middle and leg, even as the ball turns away sharply",Nasum,Gill,3.0,0,0,1,1,3.0,0,,1
"36.6 
• 
Nasum to Jadeja, no run 
shortish and quicker just outside off. Blocked from deep in the crease 
end of over 376 runs  
IND: 169/5CRR: 4.56 • RRR: 7.46 • Need 97 runs from 78b 
Ravindra Jadeja7 (9b) 
Shubman Gill97 (114b 6x4 4x6) 
Nasum Ahmed 8-0-34-0 
Mehidy Hasan Miraz 5-0-29-1 
Shaik: ""I ask everyone to not jinx anything about Gill or Jadeja plz!!"" 
Gill on 97, and Mustafizur is back from around the wicket",36.6,0,0.0,"Nasum to Jadeja, no run  .shortish and quicker just outside off. Blocked from deep in the crease",Nasum,Jadeja,0.0,0,0,1,1,0.0,0,,0
"37.1 
1 
Mustafizur to Gill, 1 run 
on a short of a length a bit wide of off. A flat-batted dab to deep third 
From over to Jadeja",37.1,1,1.0,"Mustafizur to Gill, 1 run  .on a short of a length a bit wide of off. A flat-batted dab to deep third  .From over to Jadeja",Mustafizur,Gill,1.0,0,0,1,1,1.0,0,,1
"37.2 
• 
Mustafizur to Jadeja, no run 
full ball angling into off. Pushed back to the bowler",37.2,0,0.0,"Mustafizur to Jadeja, no run  .full ball angling into off. Pushed back to the bowler",Mustafizur,Jadeja,0.0,0,0,1,1,0.0,0,,0
"37.3 
• 
Mustafizur to Jadeja, no run 
length ball on off, and driven down to mid-on. He doesn't look pleased with that shot 
though",37.3,0,0.0,"Mustafizur to Jadeja, no run  .length ball on off, and driven down to mid-on. He doesn't look pleased with that shot  .though",Mustafizur,Jadeja,0.0,0,0,1,1,0.0,0,,0
"37.4 
W 
Mustafizur to Jadeja, OUT 
swings and misses! Jadeja looked to go big by heaving across the line, but was beaten 
as his middle stump was uprooted. It wasn't a slower ball or a change of pace either, 
with Mustafizur going on the shorter side of a length, while angling it into the left-
hander. The ball came in, Jadeja missed, and bang went the middle stump 
Ravindra Jadeja b Mustafizur Rahman 7 (12b 0x4 0x6 19m) SR: 58.33 
See all photos 
Axar in",37.4,W,0.0,"Mustafizur to Jadeja, OUT  .swings and misses! Jadeja looked to go big by heaving across the line, but was beaten  .as his middle stump was uprooted. It wasn't a slower ball or a change of pace either,  .with Mustafizur going on the shorter side of a length, while angling it into the left- .hander. The ball came in, Jadeja missed, and bang went the middle stump  .Ravindra Jadeja b Mustafizur Rahman 7 (12b 0x4 0x6 19m) SR: 58.33",Mustafizur,Jadeja,0.0,0,0,1,1,0.0,1,b Mustafizur Rahman,0
"37.5 
1 
Mustafizur to Axar Patel, 1 run 
gets half an outside edge, as he looks to clip this length ball angling in. The ball went 
aerially towards cover, but wide of the fielder 
Harshil: ""There you go... Jadeja Jinxed..!!""",37.5,1,1.0,"Mustafizur to Axar Patel, 1 run  .gets half an outside edge, as he looks to clip this length ball angling in. The ball went  .aerially towards cover, but wide of the fielder",Mustafizur,Axar Patel,1.0,0,0,1,1,1.0,0,,1
"37.6 
• 
Mustafizur to Gill, no run 
ah, looks to poke away from his body but is beaten. Good bounce and carry off a length 
around seventh stump, as Gill played and missed 
end of over 382 runs • 1 wicket 
IND: 171/6CRR: 4.50 • RRR: 7.91 • Need 95 runs from 72b 
Shubman Gill98 (116b 6x4 4x6) 
Axar Patel1 (1b) 
Mustafizur Rahman 5-0-33-1 
Nasum Ahmed 8-0-34-0 
Another 95 needed from 72, and Tanzim is back",37.6,0,0.0,"Mustafizur to Gill, no run  .ah, looks to poke away from his body but is beaten. Good bounce and carry off a length  .around seventh stump, as Gill played and missed",Mustafizur,Gill,0.0,0,0,1,1,0.0,0,,0
"38.1 
1 
Tanzim Hasan Sakib to Axar Patel, 1 run 
fuller side of a length on off, and just a gentle push to mid-off for a hurried single",38.1,1,1.0,"Tanzim Hasan Sakib to Axar Patel, 1 run  .fuller side of a length on off, and just a gentle push to mid-off for a hurried single",Tanzim Hasan Sakib,Axar Patel,1.0,0,0,1,1,1.0,0,,1
"38.2 
2 
Tanzim Hasan Sakib to Gill, 2 runs 
change of pace, as he goes quite full on off. Gill flicks to deep square, and brings up his 
hundred by running two rapidly. Gill's terrific year in ODIs continues 
See all photos",38.2,2,2.0,"Tanzim Hasan Sakib to Gill, 2 runs  .change of pace, as he goes quite full on off. Gill flicks to deep square, and brings up his  .hundred by running two rapidly. Gill's terrific year in ODIs continues  .See all photos",Tanzim Hasan Sakib,Gill,2.0,0,0,1,1,2.0,0,,1
"38.3 
• 
Tanzim Hasan Sakib to Gill, no run 
fullish ball on off, and blocked to cover 
Tawfiq: ""Just need to get Shubman out, and BD will win""",38.3,0,0.0,"Tanzim Hasan Sakib to Gill, no run  .fullish ball on off, and blocked to cover",Tanzim Hasan Sakib,Gill,0.0,0,0,1,1,0.0,0,,0
"38.4 
4 
Tanzim Hasan Sakib to Gill, FOUR runs 
lofted over mid-off, and the ball rolls into the boundary. He opened the face of the bat to 
almost slice that full ball outside off, and saw that the fielder was inside the circle",38.4,4,4.0,"Tanzim Hasan Sakib to Gill, FOUR runs  .lofted over mid-off, and the ball rolls into the boundary. He opened the face of the bat to  .almost slice that full ball outside off, and saw that the fielder was inside the circle",Tanzim Hasan Sakib,Gill,4.0,1,0,1,1,4.0,0,,1
"38.5 
4 
Tanzim Hasan Sakib to Gill, FOUR runs 
pulled to deep square leg! A very commanding shot off that short ball rising nicely on 
middle stump, as he plays more of a short-arm pull in typical Gill fashion",38.5,4,4.0,"Tanzim Hasan Sakib to Gill, FOUR runs  .pulled to deep square leg! A very commanding shot off that short ball rising nicely on  .middle stump, as he plays more of a short-arm pull in typical Gill fashion",Tanzim Hasan Sakib,Gill,4.0,1,0,1,1,4.0,0,,1
"38.6 
1 
Tanzim Hasan Sakib to Gill, 1 run 
direct hit at the bowler's end! But Bangladesh aren't all that excited, and the third 
umpire again confirms that Gill is easily in. This ball was full and wide - and a slower ball 
too - as he pushed to mid-off, and ran immediately 
end of over 3912 runs  
IND: 183/6CRR: 4.69 • RRR: 7.54 • Need 83 runs from 66b 
Shubman Gill109 (121b 8x4 4x6) 
Axar Patel2 (2b) 
Tanzim Hasan Sakib 7-1-27-2 
Mustafizur Rahman 5-0-33-1",38.6,1,1.0,"Tanzim Hasan Sakib to Gill, 1 run  .direct hit at the bowler's end! But Bangladesh aren't all that excited, and the third  .umpire again confirms that Gill is easily in. This ball was full and wide - and a slower ball  .too - as he pushed to mid-off, and ran immediately",Tanzim Hasan Sakib,Gill,1.0,0,0,1,1,1.0,0,,1
"39.1 
1 
Mustafizur to Gill, 1 run 
short of a length, angled into off. A late tap to deep third from very close to the stumps",39.1,1,1.0,"Mustafizur to Gill, 1 run  .short of a length, angled into off. A late tap to deep third from very close to the stumps",Mustafizur,Gill,1.0,0,0,1,1,1.0,0,,1
"39.2 
• 
Mustafizur to Axar Patel, no run 
on a length on off, and nudged to the man at short midwicket",39.2,0,0.0,"Mustafizur to Axar Patel, no run  .on a length on off, and nudged to the man at short midwicket",Mustafizur,Axar Patel,0.0,0,0,1,1,0.0,0,,0
"39.3 
1w 
Mustafizur to Axar Patel, 1 wide 
slower ball, but it goes wrong. He bowled at 104kph, angling it into the batter, but 
pitched it full and outside leg. Axar let it go, and it was called wide",39.3,1w,1.0,"Mustafizur to Axar Patel, 1 wide  .slower ball, but it goes wrong. He bowled at 104kph, angling it into the batter, but  .pitched it full and outside leg. Axar let it go, and it was called wide",Mustafizur,Axar Patel,0.0,0,0,0,0,1.0,0,,1
"39.3 
• 
Mustafizur to Axar Patel, no run 
short of a length, shaping back in to cramp Axar for room. Punched to cover",39.3,0,0.0,"Mustafizur to Axar Patel, no run  .short of a length, shaping back in to cramp Axar for room. Punched to cover",Mustafizur,Axar Patel,0.0,0,0,1,1,0.0,0,,0
"39.4 
• 
Mustafizur to Axar Patel, no run 
chops this short of a length ball angling in to the point fielder",39.4,0,0.0,"Mustafizur to Axar Patel, no run  .chops this short of a length ball angling in to the point fielder",Mustafizur,Axar Patel,0.0,0,0,1,1,0.0,0,,0
"39.5 
2 
Mustafizur to Axar Patel, 2 runs 
slapped to deep point's left, as he got this short and wide ball outside off",39.5,2,2.0,"Mustafizur to Axar Patel, 2 runs  .slapped to deep point's left, as he got this short and wide ball outside off",Mustafizur,Axar Patel,2.0,0,0,1,1,2.0,0,,1
"39.6 
1 
Mustafizur to Axar Patel, 1 run 
goes wide of the crease, and again bowls short while angling it in. Punched to deep 
point again 
end of over 405 runs  
IND: 188/6CRR: 4.70 • RRR: 7.80 • Need 78 runs from 60b 
Axar Patel5 (7b) 
Shubman Gill110 (122b 8x4 4x6) 
Mustafizur Rahman 6-0-38-1 
Tanzim Hasan Sakib 7-1-27-2 
Five fielders now allowed on the boundary. And with that, Shakib is back.",39.6,1,1.0,"Mustafizur to Axar Patel, 1 run  .goes wide of the crease, and again bowls short while angling it in. Punched to deep  .point again",Mustafizur,Axar Patel,1.0,0,0,1,1,1.0,0,,1
"40.1 
1 
Shakib to Axar Patel, 1 run 
turns in off a length, and ends on leg stump. Pushed to long-on 
Over the wicket to Gill too",40.1,1,1.0,"Shakib to Axar Patel, 1 run  .turns in off a length, and ends on leg stump. Pushed to long-on  .Over the wicket to Gill too",Shakib,Axar Patel,1.0,0,0,1,1,1.0,0,,1
"40.2 
1 
Shakib to Gill, 1 run 
short and outside off, and hacked to deep point 
Kapil Verma: ""India's trivia - Jadeja not batting well and Axar not bowling well."" --- I think 
Axar did well today even if he didn't take a lot of wickets, as he got considerable turn 
and bounce off the pitch. It were probably just one or two bad overs that made 
everything look bad",40.2,1,1.0,"Shakib to Gill, 1 run  .short and outside off, and hacked to deep point",Shakib,Gill,1.0,0,0,1,1,1.0,0,,1
"40.3 
1 
Shakib to Axar Patel, 1 run 
short and a bit wide of off. Slapped to deep point to keep ticking 
Now from around to Gill",40.3,1,1.0,"Shakib to Axar Patel, 1 run  .short and a bit wide of off. Slapped to deep point to keep ticking  .Now from around to Gill",Shakib,Axar Patel,1.0,0,0,1,1,1.0,0,,1
"40.4 
1 
Shakib to Gill, 1 run 
short ball on the stumps, and pushed to long-on",40.4,1,1.0,"Shakib to Gill, 1 run  .short ball on the stumps, and pushed to long-on",Shakib,Gill,1.0,0,0,1,1,1.0,0,,1
"40.5 
1 
Shakib to Axar Patel, 1 run 
a mistimed slice lands between long-off running forward, and the cover fielder turning 
back and running too. Some luck for Axar and India here. He went lofting at this full ball 
outside off, but instead sent it up sailing high",40.5,1,1.0,"Shakib to Axar Patel, 1 run  .a mistimed slice lands between long-off running forward, and the cover fielder turning  .back and running too. Some luck for Axar and India here. He went lofting at this full ball  .outside off, but instead sent it up sailing high",Shakib,Axar Patel,1.0,0,0,1,1,1.0,0,,1
"40.6 
2lb 
Shakib to Gill, 2 leg byes 
short ball on leg, and tickled behind the wicket for two more, even if they are leg byes 
end of over 417 runs  
IND: 195/6CRR: 4.75 • RRR: 7.88 • Need 71 runs from 54b 
Shubman Gill112 (125b 8x4 4x6) 
Axar Patel8 (10b) 
Shakib Al Hasan 10-2-43-1 
Mustafizur Rahman 6-0-38-1 
Mahedi back from around",40.6,2lb,2.0,"Shakib to Gill, 2 leg byes  .short ball on leg, and tickled behind the wicket for two more, even if they are leg byes",Shakib,Gill,0.0,0,0,1,1,0.0,0,,0
"41.1 
• 
Mahedi Hasan to Axar Patel, no run 
quite full on middle, and driven back to the bowler",41.1,0,0.0,"Mahedi Hasan to Axar Patel, no run  .quite full on middle, and driven back to the bowler",Mahedi Hasan,Axar Patel,0.0,0,0,1,1,0.0,0,,0
"41.2 
2w 
Mahedi Hasan to Axar Patel, 2 wide 
full ball fired outside leg, far from his attempted swipe. They run to bag another, as it's a 
wide 
Stays around to Gill",41.2,2w,2.0,"Mahedi Hasan to Axar Patel, 2 wide  .full ball fired outside leg, far from his attempted swipe. They run to bag another, as it's a  .wide  .Stays around to Gill",Mahedi Hasan,Axar Patel,0.0,0,0,0,0,2.0,0,,1
"41.2 
• 
Mahedi Hasan to Gill, no run 
looks to reverse this length ball angled away, but is beaten 
From over now",41.2,0,0.0,"Mahedi Hasan to Gill, no run  .looks to reverse this length ball angled away, but is beaten  .From over now",Mahedi Hasan,Gill,0.0,0,0,1,1,0.0,0,,0
"41.3 
• 
Mahedi Hasan to Gill, no run 
very full on middle and off, and pushed to midwicket 
Again from around",41.3,0,0.0,"Mahedi Hasan to Gill, no run  .very full on middle and off, and pushed to midwicket  .Again from around",Mahedi Hasan,Gill,0.0,0,0,1,1,0.0,0,,0
"41.4 
1 
Mahedi Hasan to Gill, 1 run 
on a length on middle and off, and clipped wide of midwicket",41.4,1,1.0,"Mahedi Hasan to Gill, 1 run  .on a length on middle and off, and clipped wide of midwicket",Mahedi Hasan,Gill,1.0,0,0,1,1,1.0,0,,1
"41.5 
• 
Mahedi Hasan to Axar Patel, no run 
backs away, and hacks this short ball around off to the point fielder",41.5,0,0.0,"Mahedi Hasan to Axar Patel, no run  .backs away, and hacks this short ball around off to the point fielder",Mahedi Hasan,Axar Patel,0.0,0,0,1,1,0.0,0,,0
"41.6 
• 
Mahedi Hasan to Axar Patel, no run 
turns away off a length, and finishes outside off. Nudged to midwicket for another dot 
end of over 423 runs  
IND: 198/6CRR: 4.71 • RRR: 8.50 • Need 68 runs from 48b 
Axar Patel8 (13b) 
Shubman Gill113 (128b 8x4 4x6) 
Mahedi Hasan 6-1-23-1 
Shakib Al Hasan 10-2-43-1 
Required rate now 8.50. Nasum replaces Shakib.",41.6,0,0.0,"Mahedi Hasan to Axar Patel, no run  .turns away off a length, and finishes outside off. Nudged to midwicket for another dot",Mahedi Hasan,Axar Patel,0.0,0,0,1,1,0.0,0,,0
"42.1 
1 
Nasum to Gill, 1 run 
full and tossed up on middle. Driven to long-off",42.1,1,1.0,"Nasum to Gill, 1 run  .full and tossed up on middle. Driven to long-off",Nasum,Gill,1.0,0,0,1,1,1.0,0,,1
"42.2 
• 
Nasum to Axar Patel, no run 
short outside off, and swatted to cover",42.2,0,0.0,"Nasum to Axar Patel, no run  .short outside off, and swatted to cover",Nasum,Axar Patel,0.0,0,0,1,1,0.0,0,,0
"42.3 
1 
Nasum to Axar Patel, 1 run 
full on off, and a hoick across the line to deep backward square 
Thalaivaa: ""Take it deep... Channel your inner Dhoni, Mr Gill""",42.3,1,1.0,"Nasum to Axar Patel, 1 run  .full on off, and a hoick across the line to deep backward square",Nasum,Axar Patel,1.0,0,0,1,1,1.0,0,,1
"42.4 
1 
Nasum to Gill, 1 run 
short ball angled into off. Punched to extra cover",42.4,1,1.0,"Nasum to Gill, 1 run  .short ball angled into off. Punched to extra cover",Nasum,Gill,1.0,0,0,1,1,1.0,0,,1
"42.5 
1 
Nasum to Axar Patel, 1 run 
turns into leg off a length, and is nudged to midwicket, who is sitting right on the edge 
of the circle",42.5,1,1.0,"Nasum to Axar Patel, 1 run  .turns into leg off a length, and is nudged to midwicket, who is sitting right on the edge  .of the circle",Nasum,Axar Patel,1.0,0,0,1,1,1.0,0,,1
"42.6 
• 
Nasum to Gill, no run 
full and slower on off. Pushed to extra cover for another dot 
end of over 434 runs  
IND: 202/6CRR: 4.69 • RRR: 9.14 • Need 64 runs from 42b 
Shubman Gill115 (131b 8x4 4x6) 
Axar Patel10 (16b) 
Nasum Ahmed 9-0-38-0 
Mahedi Hasan 6-1-23-1",42.6,0,0.0,"Nasum to Gill, no run  .full and slower on off. Pushed to extra cover for another dot",Nasum,Gill,0.0,0,0,1,1,0.0,0,,0
"43.1 
• 
Mahedi Hasan to Axar Patel, no run 
straightens off a length on middle, and is tucked down to the on side",43.1,0,0.0,"Mahedi Hasan to Axar Patel, no run  .straightens off a length on middle, and is tucked down to the on side",Mahedi Hasan,Axar Patel,0.0,0,0,1,1,0.0,0,,0
"43.2 
1 
Mahedi Hasan to Axar Patel, 1 run 
leading edge to point, as he looked to clip this length ball angled into middle and leg",43.2,1,1.0,"Mahedi Hasan to Axar Patel, 1 run  .leading edge to point, as he looked to clip this length ball angled into middle and leg",Mahedi Hasan,Axar Patel,1.0,0,0,1,1,1.0,0,,1
"43.3 
6 
Mahedi Hasan to Gill, SIX runs 
massive six over deep midwicket! The sound off the was enough signal as to where the 
ball was going. He saw this full ball on middle and off, and cleared his front leg to heave 
that across for six 
Back from over to Gill",43.3,6,6.0,"Mahedi Hasan to Gill, SIX runs  .massive six over deep midwicket! The sound off the was enough signal as to where the  .ball was going. He saw this full ball on middle and off, and cleared his front leg to heave  .that across for six  .Back from over to Gill",Mahedi Hasan,Gill,6.0,0,1,1,1,6.0,0,,1
"43.4 
W 
Mahedi Hasan to Gill, OUT 
taken by long-off! The change in angle works, as does the change in line from Mahedi. 
He tossed it up, and bowled full and wide of off. Gill went after another big hit, in the 
process flat-batting his attempted loft over long-off. The fielder moved a bit to his right, 
and gobbled that to shock India 
Shubman Gill c Towhid Hridoy b Mahedi Hasan 121 (133b 8x4 5x6 185m) SR: 90.97 
""Lord save us!"" --- He is here now, Aditya. But before He faces a ball, the bails are the 
striker's end are being inspected. And there will be a delay, as they are changed.",43.4,W,0.0,"Mahedi Hasan to Gill, OUT  .taken by long-off! The change in angle works, as does the change in line from Mahedi.  .He tossed it up, and bowled full and wide of off. Gill went after another big hit, in the  .process flat-batting his attempted loft over long-off. The fielder moved a bit to his right,  .and gobbled that to shock India  .Shubman Gill c Towhid Hridoy b Mahedi Hasan 121 (133b 8x4 5x6 185m) SR: 90.97",Mahedi Hasan,Gill,0.0,0,0,1,1,0.0,1,c Towhid Hridoy b Mahedi Hasan,0
"43.5 
• 
Mahedi Hasan to Thakur, no run 
full ball on off, with a hint of turn in. Nudged behind square",43.5,0,0.0,"Mahedi Hasan to Thakur, no run  .full ball on off, with a hint of turn in. Nudged behind square",Mahedi Hasan,Thakur,0.0,0,0,1,1,0.0,0,,0
"43.6 
1 
Mahedi Hasan to Thakur, 1 run 
sweeps this full ball on off to fine leg to get off the mark 
end of over 448 runs • 1 wicket 
IND: 210/7CRR: 4.77 • RRR: 9.33 • Need 56 runs from 36b 
Shardul Thakur1 (2b) 
Axar Patel11 (18b) 
Mahedi Hasan 7-1-31-2 
Nasum Ahmed 9-0-38-0 
India's last recognised pair now faces a required rate of 9.33",43.6,1,1.0,"Mahedi Hasan to Thakur, 1 run  .sweeps this full ball on off to fine leg to get off the mark",Mahedi Hasan,Thakur,1.0,0,0,1,1,1.0,0,,1
"44.1 
1 
Nasum to Thakur, 1 run 
turns away, and stays low off a length outside off. Swatted to long-off",44.1,1,1.0,"Nasum to Thakur, 1 run  .turns away, and stays low off a length outside off. Swatted to long-off",Nasum,Thakur,1.0,0,0,1,1,1.0,0,,1
"44.2 
6 
Nasum to Axar Patel, SIX runs 
pulled over deep midwicket! Axar finally gets one away, and it's a big one too. Short of a 
length, and turning into him, as he goes deep in the crease to smoke that",44.2,6,6.0,"Nasum to Axar Patel, SIX runs  .pulled over deep midwicket! Axar finally gets one away, and it's a big one too. Short of a  .length, and turning into him, as he goes deep in the crease to smoke that",Nasum,Axar Patel,6.0,0,1,1,1,6.0,0,,1
"44.3 
1w 
Nasum to Axar Patel, 1 wide 
ah, missed stumping! Litton possibly blinded by Axar skipping down. He came out, and 
Nasum bowled full outside leg. Litton failed to grab, and Axar was in even as Litton 
couldn't really collect it. Wide called. And in the process, Axar seems to have hurt his 
right hand. The physio uses the spray on his palm and behind it. And hang on, even 
Litton seems to be down, with the Bangladesh physio also rushing out 
From around now",44.3,1w,1.0,"Nasum to Axar Patel, 1 wide  .ah, missed stumping! Litton possibly blinded by Axar skipping down. He came out, and  .Nasum bowled full outside leg. Litton failed to grab, and Axar was in even as Litton  .couldn't really collect it. Wide called. And in the process, Axar seems to have hurt his  .right hand. The physio uses the spray on his palm and behind it. And hang on, even  .Litton seems to be down, with the Bangladesh physio also rushing out  .From around now",Nasum,Axar Patel,0.0,0,0,0,0,1.0,0,,1
"44.3 
• 
Nasum to Axar Patel, no run 
animated appeal for leg before, but not given. No reviews left for Bangladesh. Full ball 
on leg, as Axar looked to sweep but missed",44.3,0,0.0,"Nasum to Axar Patel, no run  .animated appeal for leg before, but not given. No reviews left for Bangladesh. Full ball  .on leg, as Axar looked to sweep but missed",Nasum,Axar Patel,0.0,0,0,1,1,0.0,0,,0
"44.4 
• 
Nasum to Axar Patel, no run 
fuller and quicker on the stumps, and driven back",44.4,0,0.0,"Nasum to Axar Patel, no run  .fuller and quicker on the stumps, and driven back",Nasum,Axar Patel,0.0,0,0,1,1,0.0,0,,0
"44.5 
4 
Nasum to Axar Patel, FOUR runs 
ah, just wide of the long-on fielder! Axar has found his touch in this over. Nasum went 
wide of the crease, and bowled a low full toss. Axar swept that hard, and in the gap 
between long-on and deep midwicket",44.5,4,4.0,"Nasum to Axar Patel, FOUR runs  .ah, just wide of the long-on fielder! Axar has found his touch in this over. Nasum went  .wide of the crease, and bowled a low full toss. Axar swept that hard, and in the gap  .between long-on and deep midwicket",Nasum,Axar Patel,4.0,1,0,1,1,4.0,0,,1
"44.6 
• 
Nasum to Axar Patel, no run 
full and on leg, swept to short fine leg 
end of over 4512 runs  
IND: 222/7CRR: 4.93 • RRR: 8.80 • Need 44 runs from 30b 
Axar Patel21 (23b 1x4 1x6) 
Shardul Thakur2 (3b) 
Nasum Ahmed 10-0-50-0 
Mahedi Hasan 7-1-31-2 
Rafail Ahamed S: ""That miss by Liton would be the turning point if India could go on and 
win the match from here!"" --- Fair, but an advancing Axar seemed to be in his way too, 
and hence blocking his vision",44.6,0,0.0,"Nasum to Axar Patel, no run  .full and on leg, swept to short fine leg",Nasum,Axar Patel,0.0,0,0,1,1,0.0,0,,0
"45.1 
1 
Mahedi Hasan to Thakur, 1 run 
full toss on off, and swung away to deep midwicket",45.1,1,1.0,"Mahedi Hasan to Thakur, 1 run  .full toss on off, and swung away to deep midwicket",Mahedi Hasan,Thakur,1.0,0,0,1,1,1.0,0,,1
"45.2 
1lb 
Mahedi Hasan to Axar Patel, 1 leg bye 
slower, and angling into the batter off a full length. He pushed at it, but it took his pad to 
short third",45.2,1lb,1.0,"Mahedi Hasan to Axar Patel, 1 leg bye  .slower, and angling into the batter off a full length. He pushed at it, but it took his pad to  .short third",Mahedi Hasan,Axar Patel,0.0,0,0,1,1,0.0,0,,0
"45.3 
1 
Mahedi Hasan to Thakur, 1 run 
the slog sweep has the ball landing between three fielders, bouncing in front of deep 
square rushing forward. He saw this full ball on off, and went for it across the line",45.3,1,1.0,"Mahedi Hasan to Thakur, 1 run  .the slog sweep has the ball landing between three fielders, bouncing in front of deep  .square rushing forward. He saw this full ball on off, and went for it across the line",Mahedi Hasan,Thakur,1.0,0,0,1,1,1.0,0,,1
"45.4 
1 
Mahedi Hasan to Axar Patel, 1 run 
skips down, and hammers this length ball down to long-on. And, and... the throw from 
the fielder hits him bang on his left wrist. So the physio is here again with his magic 
spray 
Axar's left wrist is taped, as there is a break in play",45.4,1,1.0,"Mahedi Hasan to Axar Patel, 1 run  .skips down, and hammers this length ball down to long-on. And, and... the throw from  .the fielder hits him bang on his left wrist. So the physio is here again with his magic  .spray  .Axar's left wrist is taped, as there is a break in play",Mahedi Hasan,Axar Patel,1.0,0,0,1,1,1.0,0,,1
"45.5 
1 
Mahedi Hasan to Thakur, 1 run 
full and flat on middle. Flicked to deep square, as Axar sends Thakur back 
Fahim: ""Oh god, I'm getting Dinesh Kartik flashbacks. *Groans deeply*""",45.5,1,1.0,"Mahedi Hasan to Thakur, 1 run  .full and flat on middle. Flicked to deep square, as Axar sends Thakur back",Mahedi Hasan,Thakur,1.0,0,0,1,1,1.0,0,,1
"45.6 
1 
Mahedi Hasan to Axar Patel, 1 run 
full on the stumps, and quicker too. Pushed to long-off 
end of over 466 runs  
IND: 228/7CRR: 4.95 • RRR: 9.50 • Need 38 runs from 24b 
Axar Patel23 (26b 1x4 1x6) 
Shardul Thakur5 (6b) 
Mahedi Hasan 8-1-36-2 
Nasum Ahmed 10-0-50-0 
India need 38 off 24. Required rate 9.50. Mustafizur back.",45.6,1,1.0,"Mahedi Hasan to Axar Patel, 1 run  .full on the stumps, and quicker too. Pushed to long-off",Mahedi Hasan,Axar Patel,1.0,0,0,1,1,1.0,0,,1
"46.1 
2 
Mustafizur to Axar Patel, 2 runs 
short of a length on off, and swiped to deep midwicket. That is some urgent running, 
and they pinch two",46.1,2,2.0,"Mustafizur to Axar Patel, 2 runs  .short of a length on off, and swiped to deep midwicket. That is some urgent running,  .and they pinch two",Mustafizur,Axar Patel,2.0,0,0,1,1,2.0,0,,1
"46.2 
1 
Mustafizur to Axar Patel, 1 run 
very full and just outside off, as Mustafizur went wide of the crease. Drilled to long-on by 
Axar",46.2,1,1.0,"Mustafizur to Axar Patel, 1 run  .very full and just outside off, as Mustafizur went wide of the crease. Drilled to long-on by  .Axar",Mustafizur,Axar Patel,1.0,0,0,1,1,1.0,0,,1
"46.3 
• 
Mustafizur to Thakur, no run 
slower ball, and full on off. Tucked back to the bowler 
Rajan: ""Good test for India's tail!! Warm up for such situations in World Cup!!"" --- But the 
fact is that India's tail in the World Cup might not be this short",46.3,0,0.0,"Mustafizur to Thakur, no run  .slower ball, and full on off. Tucked back to the bowler",Mustafizur,Thakur,0.0,0,0,1,1,0.0,0,,0
"46.4 
2 
Mustafizur to Thakur, 2 runs 
the mid-on fielder turns around and runs, and the ball drops beyond him. Thakur looked 
to swipe this length ball on off, but mistimed it",46.4,2,2.0,"Mustafizur to Thakur, 2 runs  .the mid-on fielder turns around and runs, and the ball drops beyond him. Thakur looked  .to swipe this length ball on off, but mistimed it",Mustafizur,Thakur,2.0,0,0,1,1,2.0,0,,1
"46.5 
• 
Mustafizur to Thakur, no run 
looks to hoick across the line, but is beaten. It was bowled at only 109kph, and on a 
length on middle, as it angled across to end outside off",46.5,0,0.0,"Mustafizur to Thakur, no run  .looks to hoick across the line, but is beaten. It was bowled at only 109kph, and on a  .length on middle, as it angled across to end outside off",Mustafizur,Thakur,0.0,0,0,1,1,0.0,0,,0
"46.6 
2 
Mustafizur to Thakur, 2 runs 
that is great fielding by the man at long-on, as he runs and tumbles to stop two. Short of 
a length from Mustafizur, and Thakur pulled over midwicket 
end of over 477 runs  
IND: 235/7CRR: 5.00 • RRR: 10.33 • Need 31 runs from 18b 
Shardul Thakur9 (10b) 
Axar Patel26 (28b 1x4 1x6) 
Mustafizur Rahman 7-0-45-1 
Mahedi Hasan 8-1-36-2 
31 from 18",46.6,2,2.0,"Mustafizur to Thakur, 2 runs  .that is great fielding by the man at long-on, as he runs and tumbles to stop two. Short of  .a length from Mustafizur, and Thakur pulled over midwicket",Mustafizur,Thakur,2.0,0,0,1,1,2.0,0,,1
"47.1 
1 
Mahedi Hasan to Axar Patel, 1 run 
short of a length around off, and punched to deep extra cover",47.1,1,1.0,"Mahedi Hasan to Axar Patel, 1 run  .short of a length around off, and punched to deep extra cover",Mahedi Hasan,Axar Patel,1.0,0,0,1,1,1.0,0,,1
"47.2 
1 
Mahedi Hasan to Thakur, 1 run 
short and outside off, and it keeps low. Swiped to long-on with a flat bat 
""Super over anyone?"" --- Not me, Nouman!",47.2,1,1.0,"Mahedi Hasan to Thakur, 1 run  .short and outside off, and it keeps low. Swiped to long-on with a flat bat",Mahedi Hasan,Thakur,1.0,0,0,1,1,1.0,0,,1
"47.3 
1 
Mahedi Hasan to Axar Patel, 1 run 
very slow, and loopy outside off on a full length. Pushed aerially towards point",47.3,1,1.0,"Mahedi Hasan to Axar Patel, 1 run  .very slow, and loopy outside off on a full length. Pushed aerially towards point",Mahedi Hasan,Axar Patel,1.0,0,0,1,1,1.0,0,,1
"47.4 
1 
Mahedi Hasan to Thakur, 1 run 
heaves this length ball outside off, and plays wide of long-on. This looked like being two, 
but they manage only a single",47.4,1,1.0,"Mahedi Hasan to Thakur, 1 run  .heaves this length ball outside off, and plays wide of long-on. This looked like being two,  .but they manage only a single",Mahedi Hasan,Thakur,1.0,0,0,1,1,1.0,0,,1
"47.5 
4 
Mahedi Hasan to Axar Patel, FOUR runs 
pumped over the bowler's head! Full and on the stumps from Mahedi, and Axar lofted 
that back down the ground with a forceful hit 
Shakib now has a word with Mahedi",47.5,4,4.0,"Mahedi Hasan to Axar Patel, FOUR runs  .pumped over the bowler's head! Full and on the stumps from Mahedi, and Axar lofted  .that back down the ground with a forceful hit  .Shakib now has a word with Mahedi",Mahedi Hasan,Axar Patel,4.0,1,0,1,1,4.0,0,,1
"47.6 
6 
Mahedi Hasan to Axar Patel, SIX runs 
just over the fielder's hand sticking up! The long-on fielder moved to his right, but 
couldn't manage to hold on even as he leapt a bit. Axar got another ball in the slot and in 
the ideal length for him to free his arms, and bashed that back 
end of over 4814 runs  
IND: 249/7CRR: 5.18 • RRR: 8.50 • Need 17 runs from 12b 
Axar Patel38 (32b 2x4 2x6) 
Shardul Thakur11 (12b) 
Mahedi Hasan 9-1-50-2 
Mustafizur Rahman 7-0-45-1 
Now it is Axar's left thigh that is being attended to. And this seems to be a long break. 
Machakaari: ""Fizz can't go for more than 8 off his last. He is a terrific death-overs 
bowler""",47.6,6,6.0,"Mahedi Hasan to Axar Patel, SIX runs  .just over the fielder's hand sticking up! The long-on fielder moved to his right, but  .couldn't manage to hold on even as he leapt a bit. Axar got another ball in the slot and in  .the ideal length for him to free his arms, and bashed that back",Mahedi Hasan,Axar Patel,6.0,0,1,1,1,6.0,0,,1
"48.1 
W 
Mustafizur to Thakur, OUT 
low full toss on middle, and flicked right to the man at square leg. Easy catch for 
Mehidy, but hang on... even as Thakur is walking back, the two umpires converge and 
have a discussion. No, it was all for nothing. Thakur is out. There was only one man 
placed inside the circle in that region, and Thakur found him. Ideally, this should have 
been dispatched, but Thakur finally runs out of luck 
Shardul Thakur c Mehidy Hasan Miraz b Mustafizur Rahman 11 (13b 0x4 0x6 26m) SR: 
84.61 
Nuka: ""@Nouman, Yes that's the only thing yet to achieve in Asia cup, we need super 
over today"" --- Scheduling, rain, rescheduling, thrilling finishes, reserve day, floodlight 
failure... somebody please stop it! 
Shami at No. 10",48.1,W,0.0,"Mustafizur to Thakur, OUT  .low full toss on middle, and flicked right to the man at square leg. Easy catch for  .Mehidy, but hang on... even as Thakur is walking back, the two umpires converge and  .have a discussion. No, it was all for nothing. Thakur is out. There was only one man  .placed inside the circle in that region, and Thakur found him. Ideally, this should have  .been dispatched, but Thakur finally runs out of luck  .Shardul Thakur c Mehidy Hasan Miraz b Mustafizur Rahman 11 (13b 0x4 0x6 26m) SR:",Mustafizur,Thakur,0.0,0,0,1,1,0.0,1,c Mehidy Hasan Miraz b Mustafizur Rahman,0
"48.2 
1 
Mustafizur to Shami, 1 run 
yorker length on middle and off, and pushed to mid-off for a hurried run. India thus have 
Axar back on strike",48.2,1,1.0,"Mustafizur to Shami, 1 run  .yorker length on middle and off, and pushed to mid-off for a hurried run. India thus have  .Axar back on strike",Mustafizur,Shami,1.0,0,0,1,1,1.0,0,,1
"48.3 
4 
Mustafizur to Axar Patel, FOUR runs 
four wide of long-off! Just solid timing and placement, no real power there. Another full 
toss from Mustafizur, as it was angling into off. Axar drilled it down with a high right 
elbow to grab four",48.3,4,4.0,"Mustafizur to Axar Patel, FOUR runs  .four wide of long-off! Just solid timing and placement, no real power there. Another full  .toss from Mustafizur, as it was angling into off. Axar drilled it down with a high right  .elbow to grab four",Mustafizur,Axar Patel,4.0,1,0,1,1,4.0,0,,1
"48.4 
W 
Mustafizur to Axar Patel, OUT 
taken by long-off rushing forward! Good catch, and this is a big setback for India. It was 
another cutter from Mustafizur, who went full and a bit wide of off. The roll of the wrists 
worked though, as Axar went lofting down the pitch. Not sure he really needed to do 
that though, given he just hit a four, and India hardly had wickets. But in the end, a a 
good catch by Tanzid 
Axar Patel c Tanzid Hasan b Mustafizur Rahman 42 (34b 3x4 2x6 61m) SR: 123.52 
See all photos 
Prasidh the last man",48.4,W,0.0,"Mustafizur to Axar Patel, OUT  .taken by long-off rushing forward! Good catch, and this is a big setback for India. It was  .another cutter from Mustafizur, who went full and a bit wide of off. The roll of the wrists  .worked though, as Axar went lofting down the pitch. Not sure he really needed to do  .that though, given he just hit a four, and India hardly had wickets. But in the end, a a  .good catch by Tanzid  .Axar Patel c Tanzid Hasan b Mustafizur Rahman 42 (34b 3x4 2x6 61m) SR: 123.52",Mustafizur,Axar Patel,0.0,0,0,1,1,0.0,1,c Tanzid Hasan b Mustafizur Rahman,0
"48.5 
• 
Mustafizur to Prasidh, no run 
beats him with a slower ball. On a length on middle and leg, and angles away to end 
outside off, and past his poke 
Three slips waiting",48.5,0,0.0,"Mustafizur to Prasidh, no run  .beats him with a slower ball. On a length on middle and leg, and angles away to end  .outside off, and past his poke  .Three slips waiting",Mustafizur,Prasidh,0.0,0,0,1,1,0.0,0,,0
"48.6 
• 
Mustafizur to Prasidh, no run 
fuller length, and another cutter angles across. Now he pushes away from his body, and 
misses 
end of over 495 runs • 2 wickets 
IND: 254/9CRR: 5.18 • RRR: 12.00 • Need 12 runs from 6b 
Prasidh Krishna0 (2b) 
Mohammed Shami1 (1b) 
Mustafizur Rahman 8-0-50-3 
Mahedi Hasan 9-1-50-2 
Tanzim will bowl the last over. India need 12.",48.6,0,0.0,"Mustafizur to Prasidh, no run  .fuller length, and another cutter angles across. Now he pushes away from his body, and  .misses",Mustafizur,Prasidh,0.0,0,0,1,1,0.0,0,,0
"49.1 
• 
Tanzim Hasan Sakib to Shami, no run 
fires a short ball, which angles in to hit Shami on his helmet as he looks to pull but 
misses. They physio runs in immediately for a concussion test on Shami, who was hit 
just above his right ear 
Srini: ""Shami can hit a couple of sixes. Just wait, watch and smack.""",49.1,0,0.0,"Tanzim Hasan Sakib to Shami, no run  .fires a short ball, which angles in to hit Shami on his helmet as he looks to pull but  .misses. They physio runs in immediately for a concussion test on Shami, who was hit  .just above his right ear",Tanzim Hasan Sakib,Shami,0.0,0,0,1,1,0.0,0,,0
"49.2 
• 
Tanzim Hasan Sakib to Shami, no run 
slower ball on a full length just outside off, and at only 96kph. Shami swings and 
misses, and the ball rolls away to the keeper 
12 off 4",49.2,0,0.0,"Tanzim Hasan Sakib to Shami, no run  .slower ball on a full length just outside off, and at only 96kph. Shami swings and  .misses, and the ball rolls away to the keeper  .12 off 4",Tanzim Hasan Sakib,Shami,0.0,0,0,1,1,0.0,0,,0
"49.3 
• 
Tanzim Hasan Sakib to Shami, no run 
change of pace, and Shami is foxed again. This was on a length though - in the slot - on 
middle and off, and again at 96kph. Shami swung and missed, as the ball bounced over 
the stumps",49.3,0,0.0,"Tanzim Hasan Sakib to Shami, no run  .change of pace, and Shami is foxed again. This was on a length though - in the slot - on  .middle and off, and again at 96kph. Shami swung and missed, as the ball bounced over  .the stumps",Tanzim Hasan Sakib,Shami,0.0,0,0,1,1,0.0,0,,0
"49.4 
4 
Tanzim Hasan Sakib to Shami, FOUR runs 
between long-on and deep midwicket. Read this slower ball on a length just outside off, 
and heaved across the line after getting his front leg out of the way",49.4,4,4.0,"Tanzim Hasan Sakib to Shami, FOUR runs  .between long-on and deep midwicket. Read this slower ball on a length just outside off,  .and heaved across the line after getting his front leg out of the way",Tanzim Hasan Sakib,Shami,4.0,1,0,1,1,4.0,0,,1
"49.5 
1W 
Tanzim Hasan Sakib to Shami, 1 run, OUT 
fires a yorker bang on middle, and Shami jams it down to fine leg. They try a second run, 
and Shami is run-out. They had little option but to go for that run, as the throw arrived 
bang close to the stumps at the striker's end. Litton whipped the bails off with Shami 
not even in the frame. Bangladesh beat India by six runs 
Mohammed Shami run out (Tanzid Hasan/†Litton Das) 6 (6b 1x4 0x6 10m) SR: 100 
See all photos 
11.04pm Another nail-biter from Colombo. Bangladesh edge past India - the third time 
in four matches between the teams that the result has gone Bangladesh's way - even as 
India happily experimented after having already made the Asia Cup final. But take 
nothing away from Bangladesh: they were without Mushfiqur and Taskin, having already 
been hit by injuries earlier in the tournament. A win too late perhaps, but still a 
confidence booster ahead of the World Cup. Hang around for the presentations. 
Tanzim Hasan: ""First wicket of Rohit bhai was a dream wicket. I just concentrate on line 
and length. I mentally prepare myself for a long spell. That ball (the last ball to Shami), I 
believed I could bowl the perfect ball. Very good feeling."" 
Rohit Sharma after the tight loss: ""We wanted to give some game time to the guys, 
keeping the bigger picture in mind. Not compromising on how we wanted to play this 
game. Get in some players who are likely to play the World Cup. Axar batted brilliantly, 
but couldn't finish. He showed a lot of character. But credit to the Bangladesh bowlers. 
Not to forget, Gill's hundred was brilliant. He backs his game; he knows exactly how he 
wants to play. Pretty clear on what he wants to do for the team. Look at his form over 
the last year. Pretty solid against the new ball. Works really hard; there's no optional 
practice for Gill."" 
Habib: ""With their top pace trio (Taskin, Hasan Mahmud and Shoriful), Tamim and 
Mushfiq missing, it's a big win for Bangladesh."" 
Zia: ""@Habib: don't forget about Shanto and Ebadot"" 
Time for the presentations 
Shakib Al Hasan is the Player of the Match: ""We gave [chances] to the guys who haven't 
played much. We thought spinners will play a part, and luckily they did. I wasn't batting 
well during this Asia Cup, but today I had time to settle. When I hit my first boundary, it 
felt good. When the ball got older, spin was difficult to play. When Mahedi came on, it 
wasn't easy to bowl. He bowled five overs in a row in the end. I should give credit to 
Sakib (Tanzim) also. I think we have got a very good team [for the World Cup]. Lot of 
injuries, and players coming in and going out didn't help during this Asia Cup."" 
Geo: ""It is not as if this is a completely second-string Indian team - other than Tilak and 
Prasidh, everyone else has loads of experience with them....so it is very, very good for 
Bangladesh!"" 
So Bangladesh fight their way to a close win despite Gill's 121. India's batting line-up, 
missing only Kohli among the regulars, fell just short of chasing 266 to give Bangladesh 
a consolation win. Sidharth Monga's report details the rest of it. Now there's only one 
match to go in this year's Asia Cup. Sri Lanka will host India in the final on Sunday. But 
before that comes, you can also follow New Zealand's chase against England, and 
Australia's attempt to climb Mount 417 vs South Africa. Until next time, this is 
Himanshu signing off on behalf of Monga, Thilak and Raghav! Good night! 
Sponsored Headlines 
 
IPL 2025 - RCB bring in Blessing Muzarabani as temporary replacement for WTC final-
bound Lungi Ngidi | ESPNcricinfoDiscover 
 
IPL 2025 - DC bowl with Porel out; no Chahal for PBKS | ESPNcricinfoDiscover 
 
Maximus |  
Sponsored by TaboolaSponsored by Taboola 
Learn More 
Your Best Life Starts TodayRead MoreSkip 
 
Greatest Tests - Kusal Perera's Durban miracle or Australia's pre-Bazball Bazball? | 
ESPNcricinfoDiscover 
 
SA-A vs WI-A Cricket Scorecard, 2nd Match at Dhaka, May 06, 2010Discover 
 
Ask a Pro: ""How Long Does $1.5M Last in Retirement?""Get a Complimentary Intro Call 
With a Wealth AdvisorSmartAsset |  
SponsoredSponsored 
Click Here 
Undo 
 
Take the scenic route in OregonPlan your trip to Oregon's outdoors for hiking trails, 
sweeping views and grand adventures.Travel Oregon |  
SponsoredSponsored 
Learn More 
Undo 
 
More in your wallet, less on your mind with an auto refiWhen you refinance, you could 
get lower monthly payments. That means more money, miles and memories.Desert 
Financial Credit Union |  
SponsoredSponsored 
Learn More 
Undo 
 
What Really Happens If You Drink Bottled Water DailyMost Americans don't know 
this.Water Health Experts |  
SponsoredSponsored 
Learn More 
Undo 
 
Spotted: Hollywood Stars Say This Night Trick Keeps Them ThinHollywood Today | 
Health |  
SponsoredSponsored 
Learn More 
Undo 
 
Using Glucometer? See The main Enemy of Sugar Spikesharmonyessencehub |  
SponsoredSponsored 
Undo 
 
Ask A Pro: ""I'm 70 with $1.4M in IRAs. Should I convert $120K/Year to a 
Roth?""SmartAsset |  
SponsoredSponsored 
Undo 
 
Here's The Estimated Cost for a 1-day Gutter Guards InstallationHomeBuddy |  
SponsoredSponsored 
Undo 
 
Cinnamon: The Greatest Enemy Of Blood Sugar (See How To Use It)See this amazing 
trick rigth now!bloghealthnet |  
SponsoredSponsored 
Learn More 
Undo 
 
Costco Shoppers Say This Fat-Burning Patch Triggers Weight Loss ""Unlike Any 
Other""Shocking results without diets or lifestyle changesHealth Advice Today |  
SponsoredSponsored 
Undo 
 
This Salve Quickly Soothes & Helps Dry Itchy SkinYour Skin Care Is Important. Our 
Honey Salve Creates A Protective Barrier Against Moisture Exiting. Powerful Ingredients 
Penetrate Deeply To Help Damaged Skin. Free Shipping On Orders $55+.tryblossom |  
SponsoredSponsored 
Shop Now 
Undo 
 
Experts: These Shoes Are the Best Thing You Can Do for Your Body After 50Barefoot 
Shoes are the Ultimate Health Trend for 2025!Barefoot Vitality |  
SponsoredSponsored 
Learn More 
Undo 
Language 
English 
Match Coverage 
All Match News 
 
'Playing it late and close to the body' - Gill puts his best 
feet forward 
India fell short against Bangladesh, but Gill appeared to bat on a pitch different to the 
ones the others struggled so much on 
 
 
 
Bangladesh's unlikely heroes step up as race for World 
Cup spots heat up 
Head coach Hathurusinghe pleased with ""depth"" of the squad after struggling to put on 
a ""collective effort"" in Asia Cup 
 
 
 
Bangladesh weather Gill century to snatch consolation 
win 
The captain Shakib Al Hasan and debutant Tanzim Hasan Sakib played big roles to 
ensure they got one past India 
 
 
 
Live Report - Bangladesh vs India, Asia Cup 
Get all the news and analysis, buzz and stats, and much else, from the Bangladesh vs 
India match right here 
 
 
 
Shreyas Iyer shows no signs of discomfort during 
optional training session 
Iyer, who suffered back spasms earlier this week, was the busiest of five players that 
turned up for training 
 
 
 
Instant answers to T20 questions 
What is the lowest team total in the IPL? 
Which batter has hit the most sixes in an innings in the IPL? 
Which team has scored the most runs in death overs in an IPL match? 
Ask a question 
Videos 
All Match Videos 
 
 
2:35 
Gill: My dismissal was a miscalculation 
 
India Innings 
Player Name 
R 
B 
RG Sharma caught 
0 
2 
Shubman 
Gill 
caught 
121 133 
NT Tilak 
Varma 
bowled 
5 
9 
KL Rahul 
caught 
19 
39 
Ishan 
Kishan 
lbw 
5 
15 
SA Yadav 
bowled 
26 
34 
RA Jadeja 
bowled 
7 
12 
AR Patel 
caught 
42 
34 
SN Thakur 
caught 
11 
13 
Mohammed 
Shami 
run out 
6 
6 
M Prasidh 
Krishna 
not out 
0 
2 
Extras 
(b 2, lb 3, w 12) 
Total 
259(10 wkts;",49.5,1W,1.0,"Tanzim Hasan Sakib to Shami, 1 run, OUT  .fires a yorker bang on middle, and Shami jams it down to fine leg. They try a second run,  .and Shami is run-out. They had little option but to go for that run, as the throw arrived  .bang close to the stumps at the striker's end. Litton whipped the bails off with Shami  .not even in the frame. Bangladesh beat India by six runs  .Mohammed Shami run out (Tanzid Hasan/†Litton Das) 6 (6b 1x4 0x6 10m) SR: 100",Tanzim Hasan Sakib,Shami,0.0,0,0,1,1,0.0,0,run out (Tanzid Hasan/†Litton Das),1
