raw_data,overs,runs,team_runs,commentary,bowler,batsman,batsman_runs,batsman_fours,batsman_sixes,batsman_bowls_faced,bowler_bowls_done,bowler_runs_given,bowler_wickets,dismissal,runs_given_bool
"0.1 
• 
Jansen to Tanzid Hasan, no run 
angling down leg and shaping back into leg stump. SA briefly excited about a possible 
edge, an excitement the umpire does not share. Looked to be pad",0.1,0,0.0,"Jansen to Tanzid Hasan, no run  .angling down leg and shaping back into leg stump. SA briefly excited about a possible  .edge, an excitement the umpire does not share. Looked to be pad",Jansen,Tanzid Hasan,0.0,0,0,1,1,0.0,0,,0
"0.2 
• 
Jansen to Tanzid Hasan, no run 
peach! Lands on middle and seams away so late, squaring him up and narrowly beating 
both outside edge and the top of the stumps",0.2,0,0.0,"Jansen to Tanzid Hasan, no run  .peach! Lands on middle and seams away so late, squaring him up and narrowly beating  .both outside edge and the top of the stumps",Jansen,Tanzid Hasan,0.0,0,0,1,1,0.0,0,,0
"0.3 
• 
Jansen to Tanzid Hasan, no run 
swing and a miss, angles back in this time",0.3,0,0.0,"Jansen to Tanzid Hasan, no run  .swing and a miss, angles back in this time",Jansen,Tanzid Hasan,0.0,0,0,1,1,0.0,0,,0
"0.4 
• 
Jansen to Tanzid Hasan, no run 
length ball which shapes back in. Defended to backward point",0.4,0,0.0,"Jansen to Tanzid Hasan, no run  .length ball which shapes back in. Defended to backward point",Jansen,Tanzid Hasan,0.0,0,0,1,1,0.0,0,,0
"0.5 
2 
Jansen to Tanzid Hasan, 2 runs 
thick inside edge towards the onside and they come back for two 
 
BAN vs SA 
MATCHES 
W 
L 
W 
W 
L",0.5,2,2.0,"Jansen to Tanzid Hasan, 2 runs  .thick inside edge towards the onside and they come back for two  .  .BAN vs SA  .MATCHES  .W  .L  .W  .W  .L",Jansen,Tanzid Hasan,2.0,0,0,1,1,2.0,0,,1
"0.6 
• 
Jansen to Tanzid Hasan, no run 
back of a length, raps him on the pad high. Excellent first over from Jansen 
end of over 12 runs  
BAN: 2/0CRR: 2.00 • RRR: 7.77 • Need 381 runs from 49 overs 
Tanzid Hasan2 (6b) 
Litton Das0 (0b) 
Marco Jansen 1-0-2-0 
Venkat: ""Ind vs SA would be a mouthwatering encounter. Indian bowlers pulled back 
very well after great starts from Pak and NZ. Will see how they fare against SA's scary 
middle order"" 
Lizaad Williams about to bowl",0.6,0,0.0,"Jansen to Tanzid Hasan, no run  .back of a length, raps him on the pad high. Excellent first over from Jansen",Jansen,Tanzid Hasan,0.0,0,0,1,1,0.0,0,,0
"1.1 
• 
Williams to Litton Das, no run 
back of a length at 136.2kph to start off. Defended",1.1,0,0.0,"Williams to Litton Das, no run  .back of a length at 136.2kph to start off. Defended",Williams,Litton Das,0.0,0,0,1,1,0.0,0,,0
"1.2 
• 
Williams to Litton Das, no run 
length ball outside off, beats the outside edge",1.2,0,0.0,"Williams to Litton Das, no run  .length ball outside off, beats the outside edge",Williams,Litton Das,0.0,0,0,1,1,0.0,0,,0
"1.3 
1w 
Williams to Litton Das, 1 wide 
shaping away from wide outside off. The umpire calls this one 
Thejus: ""In short, Bumrah v De Kock contest's result will determine the winner."" Don't 
think it's quite as straightforward as that, as South Africa's middle order and India's 
spinners illustrate",1.3,1w,1.0,"Williams to Litton Das, 1 wide  .shaping away from wide outside off. The umpire calls this one",Williams,Litton Das,0.0,0,0,0,0,1.0,0,,1
"1.3 
• 
Williams to Litton Das, no run 
lets this one go",1.3,0,0.0,"Williams to Litton Das, no run  .lets this one go",Williams,Litton Das,0.0,0,0,1,1,0.0,0,,0
"1.4 
4 
Williams to Litton Das, FOUR runs 
good shot. Williams overpitches and it's much too straight. Clipped past mid-on and it 
races away for a boundary",1.4,4,4.0,"Williams to Litton Das, FOUR runs  .good shot. Williams overpitches and it's much too straight. Clipped past mid-on and it  .races away for a boundary",Williams,Litton Das,4.0,1,0,1,1,4.0,0,,1
"1.5 
• 
Williams to Litton Das, no run 
hits him on the pads but it's sliding down leg",1.5,0,0.0,"Williams to Litton Das, no run  .hits him on the pads but it's sliding down leg",Williams,Litton Das,0.0,0,0,1,1,0.0,0,,0
"1.6 
• 
Williams to Litton Das, no run 
good one to end the over. Length ball pushed him onto the back foot, and seamed away 
to whisper past the outside edge 
end of over 25 runs  
BAN: 7/0CRR: 3.50 • RRR: 7.83 • Need 376 runs from 48 overs 
Litton Das4 (6b 1x4) 
Tanzid Hasan2 (6b) 
Lizaad Williams 1-0-5-0 
Marco Jansen 1-0-2-0 
Arpit: ""South Africa must feel right at home at the Wankhede, as they have scored a 
total of 1219 runs in their last three ODIs here.""",1.6,0,0.0,"Williams to Litton Das, no run  .good one to end the over. Length ball pushed him onto the back foot, and seamed away  .to whisper past the outside edge",Williams,Litton Das,0.0,0,0,1,1,0.0,0,,0
"2.1 
5 
Jansen to Tanzid Hasan, 5 runs 
overthrows - first sign of sloppiness from South Africa! A direct hit would have had him 
at the non-striker's end, but Markram's throw was wayward and BD get 5 runs",2.1,5,5.0,"Jansen to Tanzid Hasan, 5 runs  .overthrows - first sign of sloppiness from South Africa! A direct hit would have had him  .at the non-striker's end, but Markram's throw was wayward and BD get 5 runs",Jansen,Tanzid Hasan,5.0,0,0,1,1,5.0,0,,1
"2.2 
• 
Jansen to Litton Das, no run 
walks down the wicket, Jansen bangs it in short. Muffled appeal as it raps the pads",2.2,0,0.0,"Jansen to Litton Das, no run  .walks down the wicket, Jansen bangs it in short. Muffled appeal as it raps the pads",Jansen,Litton Das,0.0,0,0,1,1,0.0,0,,0
"2.3 
• 
Jansen to Litton Das, no run 
shapes this one away as he shoulders arms",2.3,0,0.0,"Jansen to Litton Das, no run  .shapes this one away as he shoulders arms",Jansen,Litton Das,0.0,0,0,1,1,0.0,0,,0
"2.4 
• 
Jansen to Litton Das, no run 
length ball, defended to the offside 
Ummer: ""@Thejus..Accepted that Bumrah is world class bowler, but there are others 
also in the contest..I reckon it will be contest between spin and batting""",2.4,0,0.0,"Jansen to Litton Das, no run  .length ball, defended to the offside",Jansen,Litton Das,0.0,0,0,1,1,0.0,0,,0
"2.5 
• 
Jansen to Litton Das, no run 
another one wide outside off that he doesn't reach for 
Finny: ""@Danyal, do you think overthrows should be added to bowler'r runs given or 
should it go under team extra ?"" Don't particularly care, actually. But I think the batter 
should get his reward for placing the fielder under pressure, on balance",2.5,0,0.0,"Jansen to Litton Das, no run  .another one wide outside off that he doesn't reach for",Jansen,Litton Das,0.0,0,0,1,1,0.0,0,,0
"2.6 
• 
Jansen to Litton Das, no run 
defended to mid-on 
end of over 35 runs  
BAN: 12/0CRR: 4.00 • RRR: 7.89 • Need 371 runs from 47 overs 
Litton Das4 (11b 1x4) 
Tanzid Hasan7 (7b) 
Marco Jansen 2-0-7-0 
Lizaad Williams 1-0-5-0 
Abhishek Agarwa: ""Do we keep a record of Fivers also ?. Which batsman has scored 
most fivers for thier team ?? "" Just the sort of information I would expect the know off 
the top of my head",2.6,0,0.0,"Jansen to Litton Das, no run  .defended to mid-on",Jansen,Litton Das,0.0,0,0,1,1,0.0,0,,0
"3.1 
2lb 
Williams to Tanzid Hasan, 2 leg byes 
clips the pad and a diving Heinrich Klaasen behind the stumps can't prevent them 
coming through for one 
Harish: ""When you don't allow runners for players while batting, even if they are injured 
as part of the game, why do you allow substitute fielders for centurions....if he didn't """,3.1,2lb,2.0,"Williams to Tanzid Hasan, 2 leg byes  .clips the pad and a diving Heinrich Klaasen behind the stumps can't prevent them  .coming through for one",Williams,Tanzid Hasan,0.0,0,0,1,1,0.0,0,,0
"3.2 
• 
Williams to Tanzid Hasan, no run 
angling into off stump, astute defence from Tanzid",3.2,0,0.0,"Williams to Tanzid Hasan, no run  .angling into off stump, astute defence from Tanzid",Williams,Tanzid Hasan,0.0,0,0,1,1,0.0,0,,0
"3.3 
• 
Williams to Tanzid Hasan, no run 
slapped to mid-off but it's not timed well",3.3,0,0.0,"Williams to Tanzid Hasan, no run  .slapped to mid-off but it's not timed well",Williams,Tanzid Hasan,0.0,0,0,1,1,0.0,0,,0
"3.4 
• 
Williams to Tanzid Hasan, no run 
good-looking drive, but it's straight to mid-off once more",3.4,0,0.0,"Williams to Tanzid Hasan, no run  .good-looking drive, but it's straight to mid-off once more",Williams,Tanzid Hasan,0.0,0,0,1,1,0.0,0,,0
"3.5 
• 
Williams to Tanzid Hasan, no run 
back of a length, another mistimed pull, this one to mid-on on the bounce",3.5,0,0.0,"Williams to Tanzid Hasan, no run  .back of a length, another mistimed pull, this one to mid-on on the bounce",Williams,Tanzid Hasan,0.0,0,0,1,1,0.0,0,,0
"3.6 
• 
Williams to Tanzid Hasan, no run 
another elegant shot for no run to the offside field 
end of over 4Maiden 
BAN: 14/0CRR: 3.50 • RRR: 8.02 • Need 369 runs from 46 overs 
Tanzid Hasan7 (13b) 
Litton Das4 (11b 1x4) 
Lizaad Williams 2-1-5-0 
Marco Jansen 2-0-7-0 
Gareth has a counterpoint to mine: ""The batsman should be rewarded with an extra 4 
runs for taking a sketchy single and nearly getting run out? Not sure I agree there...""",3.6,0,0.0,"Williams to Tanzid Hasan, no run  .another elegant shot for no run to the offside field",Williams,Tanzid Hasan,0.0,0,0,1,1,0.0,0,,0
"4.1 
• 
Jansen to Litton Das, no run 
prodded towards point",4.1,0,0.0,"Jansen to Litton Das, no run  .prodded towards point",Jansen,Litton Das,0.0,0,0,1,1,0.0,0,,0
"4.2 
• 
Jansen to Litton Das, no run 
lovely delivery. Wobbles in the air and he plays inside the line of the ball as it swings 
away. Beaten all ends up 
 
Marco Jansen in Powerplay overs (in ODIs) 
BALLS 
387 
WKTS 
11 
4s/6s 
54/7 
ECON 
5.87 
AVE 
34.45",4.2,0,0.0,"Jansen to Litton Das, no run  .lovely delivery. Wobbles in the air and he plays inside the line of the ball as it swings  .away. Beaten all ends up  .  .Marco Jansen in Powerplay overs (in ODIs)  .BALLS  .387  .WKTS  .11  .4s/6s  .54/7  .ECON  .5.87  .AVE  .34.45",Jansen,Litton Das,0.0,0,0,1,1,0.0,0,,0
"4.3 
4 
Jansen to Litton Das, FOUR runs 
back of a length but he picks it up early and steers it behind square to the boundary",4.3,4,4.0,"Jansen to Litton Das, FOUR runs  .back of a length but he picks it up early and steers it behind square to the boundary",Jansen,Litton Das,4.0,1,0,1,1,4.0,0,,1
"4.4 
1w 
Jansen to Litton Das, 1 wide 
a bit too wide down leg 
Amit: ""Quint-ton is destined for 5 centuries in this World Cup. It's in his name.""",4.4,1w,1.0,"Jansen to Litton Das, 1 wide  .a bit too wide down leg",Jansen,Litton Das,0.0,0,0,0,0,1.0,0,,1
"4.4 
• 
Jansen to Litton Das, no run 
driven down the ground to mid=on 
Amit: ""@Danyal, giving a brief description of every ball that is getting bowled in real time, 
and also answering questions...giving opinions and dig in to records too....how do we 
know that you are not an AI powered chatbot of sorts? "" Might get replaced by one soon 
enough if the technology works out",4.4,0,0.0,"Jansen to Litton Das, no run  .driven down the ground to mid=on",Jansen,Litton Das,0.0,0,0,1,1,0.0,0,,0
"4.5 
• 
Jansen to Litton Das, no run 
another one that beats the bat",4.5,0,0.0,"Jansen to Litton Das, no run  .another one that beats the bat",Jansen,Litton Das,0.0,0,0,1,1,0.0,0,,0
"4.6 
• 
Jansen to Litton Das, no run 
beautiful bowling once more. Shaping away as he hangs a bat out at it. Jansen had the 
ball on a piece of string for much of that over 
end of over 55 runs  
BAN: 19/0CRR: 3.80 • RRR: 8.08 • Need 364 runs from 45 overs 
Litton Das8 (17b 2x4) 
Tanzid Hasan7 (13b) 
Marco Jansen 3-0-12-0 
Lizaad Williams 2-1-5-0 
Colin: ""Sorry if this has already been answered, but if QdK is resting, who is keeping, 
Klaassen?"" It is Klaasen, yep",4.6,0,0.0,"Jansen to Litton Das, no run  .beautiful bowling once more. Shaping away as he hangs a bat out at it. Jansen had the  .ball on a piece of string for much of that over",Jansen,Litton Das,0.0,0,0,1,1,0.0,0,,0
"5.1 
• 
Williams to Tanzid Hasan, no run 
opens the face to short point",5.1,0,0.0,"Williams to Tanzid Hasan, no run  .opens the face to short point",Williams,Tanzid Hasan,0.0,0,0,1,1,0.0,0,,0
"5.2 
1w 
Williams to Tanzid Hasan, 1 wide 
sliding down leg that time",5.2,1w,1.0,"Williams to Tanzid Hasan, 1 wide  .sliding down leg that time",Williams,Tanzid Hasan,0.0,0,0,0,0,1.0,0,,1
"5.2 
4 
Williams to Tanzid Hasan, FOUR runs 
slightly overpitched and Tanzid pounces. Crisp cover drive, that, just timed it and it flew 
through the covers. The moment he gets his length slightly full, Tanzid has the ability to 
punish him",5.2,4,4.0,"Williams to Tanzid Hasan, FOUR runs  .slightly overpitched and Tanzid pounces. Crisp cover drive, that, just timed it and it flew  .through the covers. The moment he gets his length slightly full, Tanzid has the ability to  .punish him",Williams,Tanzid Hasan,4.0,1,0,1,1,4.0,0,,1
"5.3 
1w 
Williams to Tanzid Hasan, 1 wide 
another one going down leg 
Jishanth: ""Why no discussion about Bangladesh will win or not ?. everyone already 
decided SA will win ?. "" I mean, South Africa's 438 is the only higher total than this that's 
ever been chased",5.3,1w,1.0,"Williams to Tanzid Hasan, 1 wide  .another one going down leg",Williams,Tanzid Hasan,0.0,0,0,0,0,1.0,0,,1
"5.3 
1 
Williams to Tanzid Hasan, 1 run 
works it into the onside",5.3,1,1.0,"Williams to Tanzid Hasan, 1 run  .works it into the onside",Williams,Tanzid Hasan,1.0,0,0,1,1,1.0,0,,1
"5.4 
• 
Williams to Litton Das, no run 
uppishly chipped towards mid-on on the bounce",5.4,0,0.0,"Williams to Litton Das, no run  .uppishly chipped towards mid-on on the bounce",Williams,Litton Das,0.0,0,0,1,1,0.0,0,,0
"5.5 
• 
Williams to Litton Das, no run",5.5,0,0.0,"Williams to Litton Das, no run",Williams,Litton Das,0.0,0,0,1,1,0.0,0,,0
"5.6 
4 
Williams to Litton Das, FOUR runs 
runs down the wicket and chips it over the mid-on fielder this time. They need that sort 
of intent, do Bangladesh. Good over for the chasing side 
end of over 611 runs  
BAN: 30/0CRR: 5.00 • RRR: 8.02 • Need 353 runs from 44 overs 
Litton Das12 (20b 3x4) 
Tanzid Hasan12 (16b 1x4) 
Lizaad Williams 3-1-16-0 
Marco Jansen 3-0-12-0",5.6,4,4.0,"Williams to Litton Das, FOUR runs  .runs down the wicket and chips it over the mid-on fielder this time. They need that sort  .of intent, do Bangladesh. Good over for the chasing side",Williams,Litton Das,4.0,1,0,1,1,4.0,0,,1
"6.1 
W 
Jansen to Tanzid Hasan, OUT 
gets the wicket with a short delivery. Tanzid couldn't get underneath it properly and 
gloves it to Klaasen. It got up much higher than he was anticipating and it came to him 
quicker. Jansen strikes 
Tanzid Hasan c †Klaasen b Jansen 12 (17b 1x4 0x6 30m) SR: 70.58 
See all photos",6.1,W,0.0,"Jansen to Tanzid Hasan, OUT  .gets the wicket with a short delivery. Tanzid couldn't get underneath it properly and  .gloves it to Klaasen. It got up much higher than he was anticipating and it came to him  .quicker. Jansen strikes  .Tanzid Hasan c †Klaasen b Jansen 12 (17b 1x4 0x6 30m) SR: 70.58",Jansen,Tanzid Hasan,0.0,0,0,1,1,0.0,1,c †Klaasen b Jansen,0
"6.2 
W 
Jansen to Shanto, OUT 
squeezed down leg and it's two in two! Wasn't the best delivery, but Shanto flicks it and 
only gets a faint edge. Klaasen puts in a dive to his left and takes a smart catch 
Najmul Hossain Shanto c †Klaasen b Jansen 0 (1b 0x4 0x6 1m) SR: 0 
See all photos 
Prishan: ""BD need to attack now. If not they will loose from here. Come on keep 
attacking for staying the game, Then you can win it."" Doesn't help if they keep losing 
wickets, but even so, there's little else they can do",6.2,W,0.0,"Jansen to Shanto, OUT  .squeezed down leg and it's two in two! Wasn't the best delivery, but Shanto flicks it and  .only gets a faint edge. Klaasen puts in a dive to his left and takes a smart catch  .Najmul Hossain Shanto c †Klaasen b Jansen 0 (1b 0x4 0x6 1m) SR: 0",Jansen,Shanto,0.0,0,0,1,1,0.0,1,c †Klaasen b Jansen,0
"6.3 
• 
Jansen to Shakib, no run 
full toss as he went for the glory yorker. Shapes away and beats Shakib",6.3,0,0.0,"Jansen to Shakib, no run  .full toss as he went for the glory yorker. Shapes away and beats Shakib",Jansen,Shakib,0.0,0,0,1,1,0.0,0,,0
"6.4 
1 
Jansen to Shakib, 1 run 
off the inside half of the bat to fine leg as Shakib gets off the mark",6.4,1,1.0,"Jansen to Shakib, 1 run  .off the inside half of the bat to fine leg as Shakib gets off the mark",Jansen,Shakib,1.0,0,0,1,1,1.0,0,,1
"6.5 
• 
Jansen to Litton Das, no run 
good line and length. Shaping back in from off stump. Defended to square leg",6.5,0,0.0,"Jansen to Litton Das, no run  .good line and length. Shaping back in from off stump. Defended to square leg",Jansen,Litton Das,0.0,0,0,1,1,0.0,0,,0
"6.6 
• 
Jansen to Litton Das, no run 
end of over 71 run • 2 wickets 
BAN: 31/2CRR: 4.42 • RRR: 8.18 • Need 352 runs from 43 overs 
Litton Das12 (22b 3x4) 
Shakib Al Hasan1 (2b) 
Marco Jansen 4-0-13-2 
Lizaad Williams 3-1-16-0",6.6,0,0.0,"Jansen to Litton Das, no run",Jansen,Litton Das,0.0,0,0,1,1,0.0,0,,0
"7.1 
• 
Williams to Shakib, no run",7.1,0,0.0,"Williams to Shakib, no run",Williams,Shakib,0.0,0,0,1,1,0.0,0,,0
"7.2 
W 
Williams to Shakib, OUT 
one more! Klaasen gets his third catch, and t's the Bangladesh captain that departs this 
time. Lured Shakib into a drive and got a thick outside edge. Klaasen takes a smart 
diving catch from in front of first slip 
Shakib Al Hasan c †Klaasen b Williams 1 (4b 0x4 0x6 4m) SR: 25 
See all photos 
Dr.ilyas: ""Dear Cricinfo, publish this comment to make readers more active.Which player 
is more handsome in this CWC 23.My Vote is for David Miller "". Dr Ilyas needed this off 
his chest, so we might as well",7.2,W,0.0,"Williams to Shakib, OUT  .one more! Klaasen gets his third catch, and t's the Bangladesh captain that departs this  .time. Lured Shakib into a drive and got a thick outside edge. Klaasen takes a smart  .diving catch from in front of first slip  .Shakib Al Hasan c †Klaasen b Williams 1 (4b 0x4 0x6 4m) SR: 25",Williams,Shakib,0.0,0,0,1,1,0.0,1,c †Klaasen b Williams,0
"7.3 
1 
Williams to Mushfiqur, 1 run 
angled down to third man",7.3,1,1.0,"Williams to Mushfiqur, 1 run  .angled down to third man",Williams,Mushfiqur,1.0,0,0,1,1,1.0,0,,1
"7.4 
• 
Williams to Litton Das, no run 
length ball, defended back to the bowler",7.4,0,0.0,"Williams to Litton Das, no run  .length ball, defended back to the bowler",Williams,Litton Das,0.0,0,0,1,1,0.0,0,,0
"7.5 
• 
Williams to Litton Das, no run 
slightly wide outside off, defended off the bottom of the bat from Das 
Johann: ""Almost a carbon copy of the England game. Big first innings score. 3 
opposition wickets in the powerplay. Will Bangladesh crumble from here? I don't see 
them getting the runs with the remaining batters.""",7.5,0,0.0,"Williams to Litton Das, no run  .slightly wide outside off, defended off the bottom of the bat from Das",Williams,Litton Das,0.0,0,0,1,1,0.0,0,,0
"7.6 
• 
Williams to Litton Das, no run 
keeping it tight with line and length. A run and a wicket, and South Africa swarm over 
Bangladesh 
end of over 81 run • 1 wicket 
BAN: 32/3CRR: 4.00 • RRR: 8.35 • Need 351 runs from 42 overs 
Litton Das12 (25b 3x4) 
Mushfiqur Rahim1 (1b) 
Lizaad Williams 4-1-17-1 
Marco Jansen 4-0-13-2 
Aditya: ""Both NZ and SA have been absoutely ruthless in their performances, which has 
resulted in superior NRRs. India on the other hand has been absolutely clinical, which 
has resulted in a clean slate. While the former is good entertainment, the latter gives 
reassurance "" I think this is fair 
Vishnuvardhan R: ""Dr Ilyas - my vote is for Subhman Gill"" 
imran: ""@Dr.ilyas ""Really miss Naseem Shah this world cup, he would have been the 
most handsome"""" 
Jambu: ""@Dr Ilyas, My vote is for Rachin Ravindra""",7.6,0,0.0,"Williams to Litton Das, no run  .keeping it tight with line and length. A run and a wicket, and South Africa swarm over  .Bangladesh",Williams,Litton Das,0.0,0,0,1,1,0.0,0,,0
"8.1 
1w 
Jansen to Mushfiqur, 1 wide 
starts off with a wide down leg",8.1,1w,1.0,"Jansen to Mushfiqur, 1 wide  .starts off with a wide down leg",Jansen,Mushfiqur,0.0,0,0,0,0,1.0,0,,1
"8.1 
• 
Jansen to Mushfiqur, no run 
length ball on leg stump, defended into the onside 
On that, ahem, Dr Ilyas, callout, we've also had nominations for Pat Cummins, Adam 
Zampa, Chris Woakes, Noor Ahmad, and of course, Virat Kohli. It's kind of woken this 
feedback up",8.1,0,0.0,"Jansen to Mushfiqur, no run  .length ball on leg stump, defended into the onside  .On that, ahem, Dr Ilyas, callout, we've also had nominations for Pat Cummins, Adam  .Zampa, Chris Woakes, Noor Ahmad, and of course, Virat Kohli. It's kind of woken this  .feedback up",Jansen,Mushfiqur,0.0,0,0,1,1,0.0,0,,0
"8.2 
• 
Jansen to Mushfiqur, no run 
back of a length, he's pushed onto the back foot",8.2,0,0.0,"Jansen to Mushfiqur, no run  .back of a length, he's pushed onto the back foot",Jansen,Mushfiqur,0.0,0,0,1,1,0.0,0,,0
"8.3 
• 
Jansen to Mushfiqur, no run 
expansive drive outside off off a full delivery but he swings at thin air.",8.3,0,0.0,"Jansen to Mushfiqur, no run  .expansive drive outside off off a full delivery but he swings at thin air.",Jansen,Mushfiqur,0.0,0,0,1,1,0.0,0,,0
"8.4 
• 
Jansen to Mushfiqur, no run 
good leave - if this was a Test match. It was well judged, though, watched the ball angle 
across his off stump and shouldered arms",8.4,0,0.0,"Jansen to Mushfiqur, no run  .good leave - if this was a Test match. It was well judged, though, watched the ball angle  .across his off stump and shouldered arms",Jansen,Mushfiqur,0.0,0,0,1,1,0.0,0,,0
"8.5 
• 
Jansen to Mushfiqur, no run 
it's all defence for Bangladesh at the moment. Another block into the covers",8.5,0,0.0,"Jansen to Mushfiqur, no run  .it's all defence for Bangladesh at the moment. Another block into the covers",Jansen,Mushfiqur,0.0,0,0,1,1,0.0,0,,0
"8.6 
1 
Jansen to Mushfiqur, 1 run 
a touch full, smothered to mid=off for a single 
end of over 92 runs  
BAN: 34/3CRR: 3.77 • RRR: 8.51 • Need 349 runs from 41 overs 
Mushfiqur Rahim2 (7b) 
Litton Das12 (25b 3x4) 
Marco Jansen 5-0-15-2 
Lizaad Williams 4-1-17-1 
Shooz: ""@Dr.ilyas I have to say Che Pujara is looking pretty dapper in the Cricinfo 
videos."" Doesn't he always.. 
Kumar: ""@jambu, Rachin Ravindran is handsome. But he needs a good haircut"" It's like 
Samson, isn't it? Why would you do that to him?",8.6,1,1.0,"Jansen to Mushfiqur, 1 run  .a touch full, smothered to mid=off for a single",Jansen,Mushfiqur,1.0,0,0,1,1,1.0,0,,1
"9.1 
• 
Coetzee to Mushfiqur, no run 
sliding down leg slightly, he looked to turn it around the corner but can't get bat on it",9.1,0,0.0,"Coetzee to Mushfiqur, no run  .sliding down leg slightly, he looked to turn it around the corner but can't get bat on it",Coetzee,Mushfiqur,0.0,0,0,1,1,0.0,0,,0
"9.2 
• 
Coetzee to Mushfiqur, no run 
another length delivery, defended to cover-point 
James Cricket: ""If things go right (or wrong for Bangladesh), England may escape from 
bottom of the table."" A result went England's way (sort of) yesterday, could we make it 
two here? 
Liton Das is down with what looks like cramp 
tahir: ""Looking at the comparison graph, Ban are moving at ninety degree to SA graph. 
Jamal: ""I don't think there's a single cricketer more handsome than Pat Cummins. 
Those blue eyes are mesmerizing. The smile is heartwarming. How some people from 
Perth hate him is beyond me"" Perth people (aside from the obvious one), do you really 
not like Pat Cummins?",9.2,0,0.0,"Coetzee to Mushfiqur, no run  .another length delivery, defended to cover-point",Coetzee,Mushfiqur,0.0,0,0,1,1,0.0,0,,0
"9.3 
• 
Coetzee to Mushfiqur, no run 
slightly fuller, clipped to mid-on",9.3,0,0.0,"Coetzee to Mushfiqur, no run  .slightly fuller, clipped to mid-on",Coetzee,Mushfiqur,0.0,0,0,1,1,0.0,0,,0
"9.4 
• 
Coetzee to Mushfiqur, no run 
back of a length just under 139, punched to backward point",9.4,0,0.0,"Coetzee to Mushfiqur, no run  .back of a length just under 139, punched to backward point",Coetzee,Mushfiqur,0.0,0,0,1,1,0.0,0,,0
"9.5 
1 
Coetzee to Mushfiqur, 1 run 
banged in short, steered to fine leg for a single 
Sadib: ""This has been an embarrassing tournament for Bangladesh. no fight. They look 
like the worst team so far "" 
 
SA in Powerplay overs (in World Cup 2023) 
INNS 
5 
WKTS 
14 
ECON 
5.56 
AVE 
19.85",9.5,1,1.0,"Coetzee to Mushfiqur, 1 run  .banged in short, steered to fine leg for a single",Coetzee,Mushfiqur,1.0,0,0,1,1,1.0,0,,1
"9.6 
• 
Coetzee to Litton Das, no run 
crunched to point, and if he'd been a yard in it'd be a straightforward catch. As it is, it 
bounces just short and he survives 
end of over 101 run  
BAN: 35/3CRR: 3.50 • RRR: 8.70 • Need 348 runs from 40 overs 
Litton Das12 (26b 3x4) 
Mushfiqur Rahim3 (12b) 
Gerald Coetzee 1-0-1-0 
Marco Jansen 5-0-15-2 
Alby: ""Perthian here, yeah Patty Cummins is pretty widely disliked here, especially 
among sports fans"" Fascinating if true",9.6,0,0.0,"Coetzee to Litton Das, no run  .crunched to point, and if he'd been a yard in it'd be a straightforward catch. As it is, it  .bounces just short and he survives",Coetzee,Litton Das,0.0,0,0,1,1,0.0,0,,0
"10.1 
1 
Rabada to Mushfiqur, 1 run 
leans into a drive towards the offside and they ease through for one",10.1,1,1.0,"Rabada to Mushfiqur, 1 run  .leans into a drive towards the offside and they ease through for one",Rabada,Mushfiqur,1.0,0,0,1,1,1.0,0,,1
"10.2 
• 
Rabada to Litton Das, no run 
angling back in as Das shoulders arms 
Gops: ""I vote for Sam Curran. Also for Mark Wood. He looks like young Hugh Jackman.""",10.2,0,0.0,"Rabada to Litton Das, no run  .angling back in as Das shoulders arms",Rabada,Litton Das,0.0,0,0,1,1,0.0,0,,0
"10.3 
• 
Rabada to Litton Das, no run 
Lovely delivery, cut him in half. Hit the pad on its way through to the keeper. They 
briefly think about a review but it's a touch high",10.3,0,0.0,"Rabada to Litton Das, no run  .Lovely delivery, cut him in half. Hit the pad on its way through to the keeper. They  .briefly think about a review but it's a touch high",Rabada,Litton Das,0.0,0,0,1,1,0.0,0,,0
"10.4 
1 
Rabada to Litton Das, 1 run 
thick inside edge onto the pad and they scurry through for one 
Bashar from Bangladesh wants to unload. ""As a Bangladeshi fan, I am very angry and 
disappointed. The BANGLADESH team has been disappointing their fans over and over. 
I do not know what is the limit of disappointment, but these die-hard fans do not 
deserve this. Team Bangladesh come back home, you do not deserve our support nor 
have any right to represent us so badly on the world stage. Hope Crickinfo will publish 
this, at least fans will fell our frustration...""",10.4,1,1.0,"Rabada to Litton Das, 1 run  .thick inside edge onto the pad and they scurry through for one",Rabada,Litton Das,1.0,0,0,1,1,1.0,0,,1
"10.5 
4 
Rabada to Mushfiqur, FOUR runs 
classy shot. Opens the face and finds a way to pierce a crowded offside field. So good 
at manipulating the ball through the offside, is Mushfiqur",10.5,4,4.0,"Rabada to Mushfiqur, FOUR runs  .classy shot. Opens the face and finds a way to pierce a crowded offside field. So good  .at manipulating the ball through the offside, is Mushfiqur",Rabada,Mushfiqur,4.0,1,0,1,1,4.0,0,,1
"10.6 
• 
Rabada to Mushfiqur, no run 
Leaves this one on length and it goes over the stumps 
end of over 116 runs  
BAN: 41/3CRR: 3.72 • RRR: 8.76 • Need 342 runs from 39 overs 
Mushfiqur Rahim8 (15b 1x4) 
Litton Das13 (29b 3x4) 
Kagiso Rabada 1-0-6-0 
Gerald Coetzee 1-0-1-0",10.6,0,0.0,"Rabada to Mushfiqur, no run  .Leaves this one on length and it goes over the stumps",Rabada,Mushfiqur,0.0,0,0,1,1,0.0,0,,0
"11.1 
• 
Coetzee to Litton Das, no run 
South Africa continue to pepper that good length which is hard to get away",11.1,0,0.0,"Coetzee to Litton Das, no run  .South Africa continue to pepper that good length which is hard to get away",Coetzee,Litton Das,0.0,0,0,1,1,0.0,0,,0
"11.2 
• 
Coetzee to Litton Das, no run 
smeared to mid-on, doesn't time it well. 
astro: ""Most macho handsome: Miller, Afridi, Most boyish handsome: Rabada, 
Cummins"" 
Think it might be time to move on from this with one final nomination",11.2,0,0.0,"Coetzee to Litton Das, no run  .smeared to mid-on, doesn't time it well.",Coetzee,Litton Das,0.0,0,0,1,1,0.0,0,,0
"11.3 
1 
Coetzee to Litton Das, 1 run 
eased through to backward point for a single 
Ishan Jain: ""@Sadib: Bangladesh's domestic pitches have really made them unsuitable 
outside. The growth isn't just happening for them. If you take out their home games, I 
am pretty sure they would struggle to make to top 10 to even compete at world cup""",11.3,1,1.0,"Coetzee to Litton Das, 1 run  .eased through to backward point for a single",Coetzee,Litton Das,1.0,0,0,1,1,1.0,0,,1
"11.4 
• 
Coetzee to Mushfiqur, no run 
back of a length, defended towards the offside",11.4,0,0.0,"Coetzee to Mushfiqur, no run  .back of a length, defended towards the offside",Coetzee,Mushfiqur,0.0,0,0,1,1,0.0,0,,0
"11.5 
W 
Coetzee to Mushfiqur, OUT 
he holes out, carving it straight down Phehlukwayo's throat at third man! Coetzee 
celebrates in Steyn-like fashion and Bangladesh slide further into the mire. It was short 
and wide, there to be put away, but he doesn't get enough bat on it 
Mushfiqur Rahim c sub (AL Phehlukwayo) b Coetzee 8 (17b 1x4 0x6 24m) SR: 47.05 
See all photos 
Gareth: ""@Bashar, maybe a little harsh? They have drawn England, India, New Zealand 
and now South Africa in a row. After beating Afganistan up front. Were you expecting 
them to beat these teams?"" 
Benazir : ""I totally agree with Mr. Bashar who wrote about our frustration. To be honest, 
the responsibility fully goes upon Hathuru and captain .....besides the board...hathuru 
destroyed team Bangladesh before..and now....and personal issues of captain """,11.5,W,0.0,"Coetzee to Mushfiqur, OUT  .he holes out, carving it straight down Phehlukwayo's throat at third man! Coetzee  .celebrates in Steyn-like fashion and Bangladesh slide further into the mire. It was short  .and wide, there to be put away, but he doesn't get enough bat on it  .Mushfiqur Rahim c sub (AL Phehlukwayo) b Coetzee 8 (17b 1x4 0x6 24m) SR: 47.05",Coetzee,Mushfiqur,0.0,0,0,1,1,0.0,1,c sub (AL Phehlukwayo) b Coetzee,0
"11.6 
4 
Coetzee to Mahmudullah, FOUR runs 
punishes the half-volley first up. Full and wide, allowing him to lean into it and caress it 
past cover-point 
end of over 125 runs • 1 wicket 
BAN: 46/4CRR: 3.83 • RRR: 8.86 • Need 337 runs from 38 overs 
Mahmudullah4 (1b 1x4) 
Litton Das14 (32b 3x4) 
Gerald Coetzee 2-0-6-1 
Kagiso Rabada 1-0-6-0",11.6,4,4.0,"Coetzee to Mahmudullah, FOUR runs  .punishes the half-volley first up. Full and wide, allowing him to lean into it and caress it  .past cover-point",Coetzee,Mahmudullah,4.0,1,0,1,1,4.0,0,,1
"12.1 
• 
Rabada to Litton Das, no run 
length ball just outside off. Thick inside edge (I think) onto the pad. A bit of an appeal. 
Oh, the replay shows no edge. Just height, then",12.1,0,0.0,"Rabada to Litton Das, no run  .length ball just outside off. Thick inside edge (I think) onto the pad. A bit of an appeal.  .Oh, the replay shows no edge. Just height, then",Rabada,Litton Das,0.0,0,0,1,1,0.0,0,,0
"12.2 
• 
Rabada to Litton Das, no run 
length ball wide of off, he shoulders arms 
Sadib: ""Nah Gareth, but we were expecting them to be somewhat competitive. But 
they've been completely outplayed on both side of the ball. BGD never looked like 
exceeding 250 """,12.2,0,0.0,"Rabada to Litton Das, no run  .length ball wide of off, he shoulders arms",Rabada,Litton Das,0.0,0,0,1,1,0.0,0,,0
"12.3 
• 
Rabada to Litton Das, no run 
hard length once more, and he defends it to mid-off",12.3,0,0.0,"Rabada to Litton Das, no run  .hard length once more, and he defends it to mid-off",Rabada,Litton Das,0.0,0,0,1,1,0.0,0,,0
"12.4 
1 
Rabada to Litton Das, 1 run 
runs it down to third man and they exchange ends",12.4,1,1.0,"Rabada to Litton Das, 1 run  .runs it down to third man and they exchange ends",Rabada,Litton Das,1.0,0,0,1,1,1.0,0,,1
"12.5 
• 
Rabada to Mahmudullah, no run 
shaping back into his stumps and Mahmudullah watches it go past",12.5,0,0.0,"Rabada to Mahmudullah, no run  .shaping back into his stumps and Mahmudullah watches it go past",Rabada,Mahmudullah,0.0,0,0,1,1,0.0,0,,0
"12.6 
1 
Rabada to Mahmudullah, 1 run 
runs it down to third man once more 
end of over 132 runs  
BAN: 48/4CRR: 3.69 • RRR: 9.05 • Need 335 runs from 37 overs 
Mahmudullah5 (3b 1x4) 
Litton Das15 (36b 3x4) 
Kagiso Rabada 2-0-8-0 
Gerald Coetzee 2-0-6-1 
Yusuf: ""@Gareth, our frustration is not about lose before the top teams like Eng, NZ, Ind, 
our frustration is about how our boys playing. They cant even show up any fight. "" 
Sonal Motghare: ""Bangladesh team feels like stuck in 90s era of cricket. No major 
improvement or attacking mindset."" 
Anyway, it's drinks. I should get one too 
Ashish: ""HI Danyal, What do you think... what are the chances of SA leading Table and 
India going to third with one loss and meeting SA in Semi Final.. that's scary scenario 
for India!!!"" It's certainly possible, but remember that the last World Cup final was played 
by the teams that finished 3&4 in the group stages",12.6,1,1.0,"Rabada to Mahmudullah, 1 run  .runs it down to third man once more",Rabada,Mahmudullah,1.0,0,0,1,1,1.0,0,,1
"13.1 
• 
Coetzee to Mahmudullah, no run 
bangs it in back of a length and he watches it go by 
driven down to third man from outside off",13.1,0,0.0,"Coetzee to Mahmudullah, no run  .bangs it in back of a length and he watches it go by  .driven down to third man from outside off",Coetzee,Mahmudullah,0.0,0,0,1,1,0.0,0,,0
"13.2 
1 
Coetzee to Mahmudullah, 1 run",13.2,1,1.0,"Coetzee to Mahmudullah, 1 run",Coetzee,Mahmudullah,1.0,0,0,1,1,1.0,0,,1
"13.3 
• 
Coetzee to Litton Das, no run 
probing fourth stump line. Hangs his bat out at it and is lucky it doesn't take the outside 
edge",13.3,0,0.0,"Coetzee to Litton Das, no run  .probing fourth stump line. Hangs his bat out at it and is lucky it doesn't take the outside  .edge",Coetzee,Litton Das,0.0,0,0,1,1,0.0,0,,0
"13.4 
6 
Coetzee to Litton Das, SIX runs 
showed good intent and gets rewarded for it. Picks up the short ball around chest 
height and hooks it over fine leg for a huge six into the stands 
 
BAN in middle overs (in World Cup 2023) 
INNS 
5 
WKTS 
16 
RR 
4.53 
AVE 
33.56",13.4,6,6.0,"Coetzee to Litton Das, SIX runs  .showed good intent and gets rewarded for it. Picks up the short ball around chest  .height and hooks it over fine leg for a huge six into the stands  .  .BAN in middle overs (in World Cup 2023)  .INNS  .5  .WKTS  .16  .RR  .4.53  .AVE  .33.56",Coetzee,Litton Das,6.0,0,1,1,1,6.0,0,,1
"13.5 
• 
Coetzee to Litton Das, no run 
back of a length once more, defended to mid-on",13.5,0,0.0,"Coetzee to Litton Das, no run  .back of a length once more, defended to mid-on",Coetzee,Litton Das,0.0,0,0,1,1,0.0,0,,0
"13.6 
• 
Coetzee to Litton Das, no run 
length ball once more, defended back to Coetzee 
end of over 147 runs  
BAN: 55/4CRR: 3.92 • RRR: 9.11 • Need 328 runs from 36 overs 
Litton Das21 (40b 3x4 1x6) 
Mahmudullah6 (5b 1x4) 
Gerald Coetzee 3-0-13-1 
Kagiso Rabada 2-0-8-0",13.6,0,0.0,"Coetzee to Litton Das, no run  .length ball once more, defended back to Coetzee",Coetzee,Litton Das,0.0,0,0,1,1,0.0,0,,0
"14.1 
1 
Rabada to Mahmudullah, 1 run 
inside half of the bat towards fine leg",14.1,1,1.0,"Rabada to Mahmudullah, 1 run  .inside half of the bat towards fine leg",Rabada,Mahmudullah,1.0,0,0,1,1,1.0,0,,1
"14.2 
• 
Rabada to Litton Das, no run 
back of a length but it keeps low. Thick inside edge onto the pad",14.2,0,0.0,"Rabada to Litton Das, no run  .back of a length but it keeps low. Thick inside edge onto the pad",Rabada,Litton Das,0.0,0,0,1,1,0.0,0,,0
"14.3 
• 
Rabada to Litton Das, no run 
squared him up slightly and he gets a leading edge that falls short of the bowler",14.3,0,0.0,"Rabada to Litton Das, no run  .squared him up slightly and he gets a leading edge that falls short of the bowler",Rabada,Litton Das,0.0,0,0,1,1,0.0,0,,0
"14.4 
1 
Rabada to Litton Das, 1 run 
short ball, pulled towards midwicket",14.4,1,1.0,"Rabada to Litton Das, 1 run  .short ball, pulled towards midwicket",Rabada,Litton Das,1.0,0,0,1,1,1.0,0,,1
"14.5 
1 
Rabada to Mahmudullah, 1 run 
uses the pace - 141.3 kph - to run it down to third man, where a sharp dive to his left 
stops the boundary",14.5,1,1.0,"Rabada to Mahmudullah, 1 run  .uses the pace - 141.3 kph - to run it down to third man, where a sharp dive to his left  .stops the boundary",Rabada,Mahmudullah,1.0,0,0,1,1,1.0,0,,1
"14.6 
W 
Rabada to Litton Das, OUT 
that's plumb in front. Rapped on the pads in front of middle stump. Unless there is an 
inside edge, this is a waste of a review. Yep, hitting middle and leg. Half of Bangladesh's 
side has departed 
Litton Das lbw b Rabada 22 (44b 3x4 1x6 78m) SR: 50 
end of over 153 runs • 1 wicket 
BAN: 58/5CRR: 3.86 • RRR: 9.28 • Need 325 runs from 35 overs 
Mahmudullah8 (7b 1x4) 
Kagiso Rabada 3-0-11-1 
Gerald Coetzee 3-0-13-1 
Shahid Malik: ""@Danyal Rasool. Three fun facts about this WC. 1) All matches have 
been lost when a team has won the toss and batted. 2) Only one total of above 283 was 
not defened (SL vs PAK). 3) Only one total below 283 was successfully defeneded 
(NETH vs SAF)... Moral of the story: Do not bat first if you win the toss. If you are batting 
first (by choice or otherwise) score more than 283 runs and you are safe. """,14.6,W,0.0,"Rabada to Litton Das, OUT  .that's plumb in front. Rapped on the pads in front of middle stump. Unless there is an  .inside edge, this is a waste of a review. Yep, hitting middle and leg. Half of Bangladesh's  .side has departed  .Litton Das lbw b Rabada 22 (44b 3x4 1x6 78m) SR: 50",Rabada,Litton Das,0.0,0,0,1,1,0.0,1,lbw b Rabada,0
"15.1 
1 
Maharaj to Mahmudullah, 1 run 
keeps a little low but turns first up. Eased towards long-off",15.1,1,1.0,"Maharaj to Mahmudullah, 1 run  .keeps a little low but turns first up. Eased towards long-off",Maharaj,Mahmudullah,1.0,0,0,1,1,1.0,0,,1
"15.2 
1 
Maharaj to Mehidy Hasan Miraz, 1 run 
opens his face towards backward point for a single",15.2,1,1.0,"Maharaj to Mehidy Hasan Miraz, 1 run  .opens his face towards backward point for a single",Maharaj,Mehidy Hasan Miraz,1.0,0,0,1,1,1.0,0,,1
"15.3 
2 
Maharaj to Mahmudullah, 2 runs 
sliding down leg, and he steers it to square leg for a couple",15.3,2,2.0,"Maharaj to Mahmudullah, 2 runs  .sliding down leg, and he steers it to square leg for a couple",Maharaj,Mahmudullah,2.0,0,0,1,1,2.0,0,,1
"15.4 
1 
Maharaj to Mahmudullah, 1 run 
takes a single down the ground",15.4,1,1.0,"Maharaj to Mahmudullah, 1 run  .takes a single down the ground",Maharaj,Mahmudullah,1.0,0,0,1,1,1.0,0,,1
"15.5 
• 
Maharaj to Mehidy Hasan Miraz, no run 
defended back to the bowler",15.5,0,0.0,"Maharaj to Mehidy Hasan Miraz, no run  .defended back to the bowler",Maharaj,Mehidy Hasan Miraz,0.0,0,0,1,1,0.0,0,,0
"15.6 
• 
Maharaj to Mehidy Hasan Miraz, no run 
lands on leg and spins away as Miraz blocks 
end of over 165 runs  
BAN: 63/5CRR: 3.93 • RRR: 9.41 • Need 320 runs from 34 overs 
Mehidy Hasan Miraz1 (3b) 
Mahmudullah12 (10b 1x4) 
Keshav Maharaj 1-0-5-0 
Kagiso Rabada 3-0-11-1 
RRR: ""If only a rule existed, that when a team accumulates certain positive NRR (say 3.0 
and above), these can be converted to points."" I think what you have in mind is bonus 
points",15.6,0,0.0,"Maharaj to Mehidy Hasan Miraz, no run  .lands on leg and spins away as Miraz blocks",Maharaj,Mehidy Hasan Miraz,0.0,0,0,1,1,0.0,0,,0
"16.1 
• 
Rabada to Mahmudullah, no run 
length ball just outside off, mistimed back to the bowler",16.1,0,0.0,"Rabada to Mahmudullah, no run  .length ball just outside off, mistimed back to the bowler",Rabada,Mahmudullah,0.0,0,0,1,1,0.0,0,,0
"16.2 
• 
Rabada to Mahmudullah, no run 
full once more, defended to mid-off",16.2,0,0.0,"Rabada to Mahmudullah, no run  .full once more, defended to mid-off",Rabada,Mahmudullah,0.0,0,0,1,1,0.0,0,,0
"16.3 
• 
Rabada to Mahmudullah, no run 
opened the face and tried to guide it to third man but backward point's in the way",16.3,0,0.0,"Rabada to Mahmudullah, no run  .opened the face and tried to guide it to third man but backward point's in the way",Rabada,Mahmudullah,0.0,0,0,1,1,0.0,0,,0
"16.4 
• 
Rabada to Mahmudullah, no run 
this one tails back in and takes the batter's inside edge onto the pad",16.4,0,0.0,"Rabada to Mahmudullah, no run  .this one tails back in and takes the batter's inside edge onto the pad",Rabada,Mahmudullah,0.0,0,0,1,1,0.0,0,,0
"16.5 
• 
Rabada to Mahmudullah, no run 
back of a length once more, defended to the offside",16.5,0,0.0,"Rabada to Mahmudullah, no run  .back of a length once more, defended to the offside",Rabada,Mahmudullah,0.0,0,0,1,1,0.0,0,,0
"16.6 
• 
Rabada to Mahmudullah, no run 
whizzes past the outside edge to round off another probing over 
end of over 17Maiden 
BAN: 63/5CRR: 3.70 • RRR: 9.69 • Need 320 runs from 33 overs 
Mahmudullah12 (16b 1x4) 
Mehidy Hasan Miraz1 (3b) 
Kagiso Rabada 4-1-11-1 
Keshav Maharaj 1-0-5-0 
Aman Bansal: ""In a round-robin format - NRR itself is like a bonus point. Nobody will 
challenge SA at the end points they achieve in this competition.""",16.6,0,0.0,"Rabada to Mahmudullah, no run  .whizzes past the outside edge to round off another probing over",Rabada,Mahmudullah,0.0,0,0,1,1,0.0,0,,0
"17.1 
• 
Maharaj to Mehidy Hasan Miraz, no run 
comes around the wicket, defended to the bowler",17.1,0,0.0,"Maharaj to Mehidy Hasan Miraz, no run  .comes around the wicket, defended to the bowler",Maharaj,Mehidy Hasan Miraz,0.0,0,0,1,1,0.0,0,,0
"17.2 
1 
Maharaj to Mehidy Hasan Miraz, 1 run 
sweeps from well outside off and they come through for a single",17.2,1,1.0,"Maharaj to Mehidy Hasan Miraz, 1 run  .sweeps from well outside off and they come through for a single",Maharaj,Mehidy Hasan Miraz,1.0,0,0,1,1,1.0,0,,1
"17.3 
• 
Maharaj to Mahmudullah, no run 
sliding on, driven to mid-off",17.3,0,0.0,"Maharaj to Mahmudullah, no run  .sliding on, driven to mid-off",Maharaj,Mahmudullah,0.0,0,0,1,1,0.0,0,,0
"17.4 
• 
Maharaj to Mahmudullah, no run 
back of a length, defended once more",17.4,0,0.0,"Maharaj to Mahmudullah, no run  .back of a length, defended once more",Maharaj,Mahmudullah,0.0,0,0,1,1,0.0,0,,0
"17.5 
• 
Maharaj to Mahmudullah, no run 
prodded towards cover 
Shahin has a guilt-tripping strategy that'd make an Asian mother proud. ""Just do you 
know I don't mind if any of my comments get published or not,"" he says, with portentous 
dignity. ""I don't have anyone to share my cricket related thoughts, my wife doesn't 
understand or like cricket, my daughter same, all my colleagues or friends are into 
football. My parents sometimes try to show me that they have interest in cricket but 
don't last more than 5 minutes. So this is my only way to express my feelings.""",17.5,0,0.0,"Maharaj to Mahmudullah, no run  .prodded towards cover",Maharaj,Mahmudullah,0.0,0,0,1,1,0.0,0,,0
"17.6 
• 
Maharaj to Mahmudullah, no run 
defended to round out another tight over 
end of over 181 run  
BAN: 64/5CRR: 3.55 • RRR: 9.96 • Need 319 runs from 32 overs 
Mahmudullah12 (20b 1x4) 
Mehidy Hasan Miraz2 (5b) 
Keshav Maharaj 2-0-6-0 
Kagiso Rabada 4-1-11-1",17.6,0,0.0,"Maharaj to Mahmudullah, no run  .defended to round out another tight over",Maharaj,Mahmudullah,0.0,0,0,1,1,0.0,0,,0
"18.1 
1 
Rabada to Mehidy Hasan Miraz, 1 run 
nudged into the onside to get Mahmudullah on strike 
Abhilash: ""I have to admit, this commentary feedback is more interesting than the 
match itself"" It's a low bar, but clearing low bars is what I do best",18.1,1,1.0,"Rabada to Mehidy Hasan Miraz, 1 run  .nudged into the onside to get Mahmudullah on strike",Rabada,Mehidy Hasan Miraz,1.0,0,0,1,1,1.0,0,,1
"18.2 
• 
Rabada to Mahmudullah, no run 
skips down the track to try and clobber him back over his head. Doesn't make contact, 
but the humid Mumbai air gets a nice thwack of his bat",18.2,0,0.0,"Rabada to Mahmudullah, no run  .skips down the track to try and clobber him back over his head. Doesn't make contact,  .but the humid Mumbai air gets a nice thwack of his bat",Rabada,Mahmudullah,0.0,0,0,1,1,0.0,0,,0
"18.3 
1 
Rabada to Mahmudullah, 1 run 
steered towards midwicket and the pair exchange ends 
Gunesh: ""@Danyal, you are right. Although topping the table, a bad weather day costed 
India the SF in 2019. It made me always think why there is no 3 match format with 
qualifier, eliminator and decider, like IPL also for World Cups?"" BECAUSE WORLD CUPS 
NEED JEOPARDY. You could have a 7-match World Cup final to really make sure you 
have the best team winning, but the point of a World Cup isn't to make any surprise 
result impossible",18.3,1,1.0,"Rabada to Mahmudullah, 1 run  .steered towards midwicket and the pair exchange ends",Rabada,Mahmudullah,1.0,0,0,1,1,1.0,0,,1
"18.4 
1 
Rabada to Mehidy Hasan Miraz, 1 run 
punched through the offside",18.4,1,1.0,"Rabada to Mehidy Hasan Miraz, 1 run  .punched through the offside",Rabada,Mehidy Hasan Miraz,1.0,0,0,1,1,1.0,0,,1
"18.5 
1 
Rabada to Mahmudullah, 1 run 
back of a length once more, pulled away to deep midwicket",18.5,1,1.0,"Rabada to Mahmudullah, 1 run  .back of a length once more, pulled away to deep midwicket",Rabada,Mahmudullah,1.0,0,0,1,1,1.0,0,,1
"18.6 
1 
Rabada to Mehidy Hasan Miraz, 1 run 
eased down to third man as he keeps the strike 
end of over 195 runs  
BAN: 69/5CRR: 3.63 • RRR: 10.12 • Need 314 runs from 31 overs 
Mehidy Hasan Miraz5 (8b) 
Mahmudullah14 (23b 1x4) 
Kagiso Rabada 5-1-16-1 
Keshav Maharaj 2-0-6-0 
Karrar: ""I have a better chance of winning the lottery than getting my comment 
published."" Buy that ticket and split those winnings with me",18.6,1,1.0,"Rabada to Mehidy Hasan Miraz, 1 run  .eased down to third man as he keeps the strike",Rabada,Mehidy Hasan Miraz,1.0,0,0,1,1,1.0,0,,1
"19.1 
• 
Maharaj to Mehidy Hasan Miraz, no run 
crisply struck to cover",19.1,0,0.0,"Maharaj to Mehidy Hasan Miraz, no run  .crisply struck to cover",Maharaj,Mehidy Hasan Miraz,0.0,0,0,1,1,0.0,0,,0
"19.2 
• 
Maharaj to Mehidy Hasan Miraz, no run 
squares him up with some extra spin and it turns back to hit the pads! Big appeal from 
Maharaj and the umpire gives it! Bangladesh review once more. It's pitching outside 
leg, so Miraz is saved",19.2,0,0.0,"Maharaj to Mehidy Hasan Miraz, no run  .squares him up with some extra spin and it turns back to hit the pads! Big appeal from  .Maharaj and the umpire gives it! Bangladesh review once more. It's pitching outside  .leg, so Miraz is saved",Maharaj,Mehidy Hasan Miraz,0.0,0,0,1,1,0.0,0,,0
"19.3 
• 
Maharaj to Mehidy Hasan Miraz, no run 
driven to cover",19.3,0,0.0,"Maharaj to Mehidy Hasan Miraz, no run  .driven to cover",Maharaj,Mehidy Hasan Miraz,0.0,0,0,1,1,0.0,0,,0
"19.4 
1w 
Maharaj to Mehidy Hasan Miraz, 1 wide 
skidded on and goes down leg 
Ghaz: ""314 to win, like pi. Great, now I'm hungry.""",19.4,1w,1.0,"Maharaj to Mehidy Hasan Miraz, 1 wide  .skidded on and goes down leg",Maharaj,Mehidy Hasan Miraz,0.0,0,0,0,0,1.0,0,,1
"19.4 
1 
Maharaj to Mehidy Hasan Miraz, 1 run 
thick inside edge and they hurry through for one",19.4,1,1.0,"Maharaj to Mehidy Hasan Miraz, 1 run  .thick inside edge and they hurry through for one",Maharaj,Mehidy Hasan Miraz,1.0,0,0,1,1,1.0,0,,1
"19.5 
1 
Maharaj to Mahmudullah, 1 run 
pushes it down the ground and they come through for one more",19.5,1,1.0,"Maharaj to Mahmudullah, 1 run  .pushes it down the ground and they come through for one more",Maharaj,Mahmudullah,1.0,0,0,1,1,1.0,0,,1
"19.6 
• 
Maharaj to Mehidy Hasan Miraz, no run 
defended. That's me done for now, anyway. And Alan pops back in to take care of you 
end of over 203 runs  
BAN: 72/5CRR: 3.60 • RRR: 10.36 • Need 311 runs from 30 overs 
Mehidy Hasan Miraz6 (13b) 
Mahmudullah15 (24b 1x4) 
Keshav Maharaj 3-0-9-0 
Kagiso Rabada 5-1-16-1 
Evening folks. Lizaad Williams is back",19.6,0,0.0,"Maharaj to Mehidy Hasan Miraz, no run  .defended. That's me done for now, anyway. And Alan pops back in to take care of you",Maharaj,Mehidy Hasan Miraz,0.0,0,0,1,1,0.0,0,,0
"20.1 
1 
Williams to Mahmudullah, 1 run 
length ball angling back, Mahmudullah props forward and gets an inside edge for one",20.1,1,1.0,"Williams to Mahmudullah, 1 run  .length ball angling back, Mahmudullah props forward and gets an inside edge for one",Williams,Mahmudullah,1.0,0,0,1,1,1.0,0,,1
"20.2 
• 
Williams to Mehidy Hasan Miraz, no run 
back of a length in the channel, beats Mehidy's outside edge as he attempts to drive",20.2,0,0.0,"Williams to Mehidy Hasan Miraz, no run  .back of a length in the channel, beats Mehidy's outside edge as he attempts to drive",Williams,Mehidy Hasan Miraz,0.0,0,0,1,1,0.0,0,,0
"20.3 
4 
Williams to Mehidy Hasan Miraz, FOUR runs 
full, straight and whipped! Williams drifts on to the pads and Mehidy puts him away 
neatly",20.3,4,4.0,"Williams to Mehidy Hasan Miraz, FOUR runs  .full, straight and whipped! Williams drifts on to the pads and Mehidy puts him away  .neatly",Williams,Mehidy Hasan Miraz,4.0,1,0,1,1,4.0,0,,1
"20.4 
1 
Williams to Mehidy Hasan Miraz, 1 run 
length ball, 140kph/87mph and turned through midwicket. They won't push for a second",20.4,1,1.0,"Williams to Mehidy Hasan Miraz, 1 run  .length ball, 140kph/87mph and turned through midwicket. They won't push for a second",Williams,Mehidy Hasan Miraz,1.0,0,0,1,1,1.0,0,,1
"20.5 
2w 
Williams to Mahmudullah, 2 wide 
fired down the leg side, Klaasen can't gather cleanly 
""In every game SA have played this WC, all their bowlers have taken atleast 1 wicket,"" 
says Kobus. ""Expect a wicket for Maharaj soon!""",20.5,2w,2.0,"Williams to Mahmudullah, 2 wide  .fired down the leg side, Klaasen can't gather cleanly",Williams,Mahmudullah,0.0,0,0,0,0,2.0,0,,1
"20.5 
• 
Williams to Mehidy Hasan Miraz, no run 
pitched up and clipped leg side, can't get this one through",20.5,0,0.0,"Williams to Mehidy Hasan Miraz, no run  .pitched up and clipped leg side, can't get this one through",Williams,Mehidy Hasan Miraz,0.0,0,0,1,1,0.0,0,,0
"20.6 
• 
Williams to Mehidy Hasan Miraz, no run 
slippery bouncer outside off, Mehidy sways out of the way 
end of over 218 runs  
BAN: 80/5CRR: 3.80 • RRR: 10.44 • Need 303 runs from 29 overs 
Mehidy Hasan Miraz11 (18b 1x4) 
Mahmudullah16 (25b 1x4) 
Lizaad Williams 5-1-25-1 
Keshav Maharaj 3-0-9-0",20.6,0,0.0,"Williams to Mehidy Hasan Miraz, no run  .slippery bouncer outside off, Mehidy sways out of the way",Williams,Mehidy Hasan Miraz,0.0,0,0,1,1,0.0,0,,0
"21.1 
• 
Maharaj to Mahmudullah, no run 
goes back and stabs a drive into the covers, Miller stops it",21.1,0,0.0,"Maharaj to Mahmudullah, no run  .goes back and stabs a drive into the covers, Miller stops it",Maharaj,Mahmudullah,0.0,0,0,1,1,0.0,0,,0
"21.2 
• 
Maharaj to Mahmudullah, no run 
on the stumps, worked away to short fine leg",21.2,0,0.0,"Maharaj to Mahmudullah, no run  .on the stumps, worked away to short fine leg",Maharaj,Mahmudullah,0.0,0,0,1,1,0.0,0,,0
"21.3 
• 
Maharaj to Mahmudullah, no run 
tossed up straight, defended",21.3,0,0.0,"Maharaj to Mahmudullah, no run  .tossed up straight, defended",Maharaj,Mahmudullah,0.0,0,0,1,1,0.0,0,,0
"21.4 
• 
Maharaj to Mahmudullah, no run 
floated up outside off, defended softly to point 
""This WC seems to be progressing well for SA - what chances, Alan, of them doing their 
usual come the knockouts?"" Can't imagine what you might be referring to, Jamie C",21.4,0,0.0,"Maharaj to Mahmudullah, no run  .floated up outside off, defended softly to point",Maharaj,Mahmudullah,0.0,0,0,1,1,0.0,0,,0
"21.5 
1 
Maharaj to Mahmudullah, 1 run 
gives it some air, driven down to long-off",21.5,1,1.0,"Maharaj to Mahmudullah, 1 run  .gives it some air, driven down to long-off",Maharaj,Mahmudullah,1.0,0,0,1,1,1.0,0,,1
"21.6 
W 
Maharaj to Mehidy Hasan Miraz, OUT 
tossed up and slogged to deep square leg! Maharaj completes the SA set once again. 
Enticed the big shot, there was only one man out there - but Mehidy couldn't have picked 
him out better. SA closing in on another big NRR boost 
Mehidy Hasan Miraz c sub (AL Phehlukwayo) b Maharaj 11 (19b 1x4 0x6 26m) SR: 
57.89 
See all photos 
Kobus called it. In walks Nasum Ahmed at No. 8 
end of over 221 run • 1 wicket 
BAN: 81/6CRR: 3.68 • RRR: 10.78 • Need 302 runs from 28 overs 
Mahmudullah17 (30b 1x4) 
Keshav Maharaj 4-0-10-1 
Lizaad Williams 5-1-25-1",21.6,W,0.0,"Maharaj to Mehidy Hasan Miraz, OUT  .tossed up and slogged to deep square leg! Maharaj completes the SA set once again.  .Enticed the big shot, there was only one man out there - but Mehidy couldn't have picked  .him out better. SA closing in on another big NRR boost  .Mehidy Hasan Miraz c sub (AL Phehlukwayo) b Maharaj 11 (19b 1x4 0x6 26m) SR:",Maharaj,Mehidy Hasan Miraz,0.0,0,0,1,1,0.0,1,c sub (AL Phehlukwayo) b Maharaj,0
"22.1 
1 
Williams to Mahmudullah, 1 run 
pitched up and driven for one",22.1,1,1.0,"Williams to Mahmudullah, 1 run  .pitched up and driven for one",Williams,Mahmudullah,1.0,0,0,1,1,1.0,0,,1
"22.2 
1 
Williams to Nasum, 1 run 
round the wicket, pitched up at 137kph/85mph and tickled square off the pads",22.2,1,1.0,"Williams to Nasum, 1 run  .round the wicket, pitched up at 137kph/85mph and tickled square off the pads",Williams,Nasum,1.0,0,0,1,1,1.0,0,,1
"22.3 
• 
Williams to Mahmudullah, no run 
length on middle and off, tucked to the on side",22.3,0,0.0,"Williams to Mahmudullah, no run  .length on middle and off, tucked to the on side",Williams,Mahmudullah,0.0,0,0,1,1,0.0,0,,0
"22.4 
4 
Williams to Mahmudullah, FOUR runs 
fired in at the front pad, Mahmudullah glances fine, picks up a boundary! Nicely timed 
and the fielder won't get around",22.4,4,4.0,"Williams to Mahmudullah, FOUR runs  .fired in at the front pad, Mahmudullah glances fine, picks up a boundary! Nicely timed  .and the fielder won't get around",Williams,Mahmudullah,4.0,1,0,1,1,4.0,0,,1
"22.5 
1 
Williams to Mahmudullah, 1 run 
full, sliding in on the pads again, flicked to fine leg for one 
""Right, game on, less than 300 needed now..."" snorts Rudolf",22.5,1,1.0,"Williams to Mahmudullah, 1 run  .full, sliding in on the pads again, flicked to fine leg for one",Williams,Mahmudullah,1.0,0,0,1,1,1.0,0,,1
"22.6 
• 
Williams to Nasum, no run 
pitched up and defended back down the track 
end of over 237 runs  
BAN: 88/6CRR: 3.82 • RRR: 10.92 • Need 295 runs from 27 overs 
Nasum Ahmed1 (2b) 
Mahmudullah23 (34b 2x4) 
Lizaad Williams 6-1-32-1 
Keshav Maharaj 4-0-10-1 
Louis has been hurt too many times before: ""Having experienced way too much pain as 
an SA supporter, I shall refrain from indulging in any excitement whatsoever, unless they 
make the final.""",22.6,0,0.0,"Williams to Nasum, no run  .pitched up and defended back down the track",Williams,Nasum,0.0,0,0,1,1,0.0,0,,0
"23.1 
• 
Maharaj to Mahmudullah, no run 
floated up and defended coming across",23.1,0,0.0,"Maharaj to Mahmudullah, no run  .floated up and defended coming across",Maharaj,Mahmudullah,0.0,0,0,1,1,0.0,0,,0
"23.2 
• 
Maharaj to Mahmudullah, no run 
similar line on the stumps, defended",23.2,0,0.0,"Maharaj to Mahmudullah, no run  .similar line on the stumps, defended",Maharaj,Mahmudullah,0.0,0,0,1,1,0.0,0,,0
"23.3 
• 
Maharaj to Mahmudullah, no run 
slows his pace even more, Mahmadullah reaches away and taps square",23.3,0,0.0,"Maharaj to Mahmudullah, no run  .slows his pace even more, Mahmadullah reaches away and taps square",Maharaj,Mahmudullah,0.0,0,0,1,1,0.0,0,,0
"23.4 
1 
Maharaj to Mahmudullah, 1 run 
pushed through outside off, punched out to the cover sweeper",23.4,1,1.0,"Maharaj to Mahmudullah, 1 run  .pushed through outside off, punched out to the cover sweeper",Maharaj,Mahmudullah,1.0,0,0,1,1,1.0,0,,1
"23.5 
• 
Maharaj to Nasum, no run 
over the wicket, full outside off and swatted towards mid-off",23.5,0,0.0,"Maharaj to Nasum, no run  .over the wicket, full outside off and swatted towards mid-off",Maharaj,Nasum,0.0,0,0,1,1,0.0,0,,0
"23.6 
• 
Maharaj to Nasum, no run 
quicker arm ball, 96kph and skidding through into the keeper's gloves as Ahmed pokes 
at it on the back foot 
end of over 241 run  
BAN: 89/6CRR: 3.70 • RRR: 11.30 • Need 294 runs from 26 overs 
Nasum Ahmed1 (4b) 
Mahmudullah24 (38b 2x4) 
Keshav Maharaj 5-0-11-1 
Lizaad Williams 6-1-32-1 
Gerald Coetzee returns",23.6,0,0.0,"Maharaj to Nasum, no run  .quicker arm ball, 96kph and skidding through into the keeper's gloves as Ahmed pokes  .at it on the back foot",Maharaj,Nasum,0.0,0,0,1,1,0.0,0,,0
"24.1 
• 
Coetzee to Mahmudullah, no run 
pitched up from over the wicket, 137kph/85mph outside off and driven. Fielded by 
Coetzee in his follow through",24.1,0,0.0,"Coetzee to Mahmudullah, no run  .pitched up from over the wicket, 137kph/85mph outside off and driven. Fielded by  .Coetzee in his follow through",Coetzee,Mahmudullah,0.0,0,0,1,1,0.0,0,,0
"24.2 
• 
Coetzee to Mahmudullah, no run 
length ball, hint of shape away and Mahmudullah misses with a booming drive",24.2,0,0.0,"Coetzee to Mahmudullah, no run  .length ball, hint of shape away and Mahmudullah misses with a booming drive",Coetzee,Mahmudullah,0.0,0,0,1,1,0.0,0,,0
"24.3 
4 
Coetzee to Mahmudullah, FOUR runs 
pushed into the pads and flicked for four, Mahmdullah accepts the gift with another 
compact leg glance",24.3,4,4.0,"Coetzee to Mahmudullah, FOUR runs  .pushed into the pads and flicked for four, Mahmdullah accepts the gift with another  .compact leg glance",Coetzee,Mahmudullah,4.0,1,0,1,1,4.0,0,,1
"24.4 
• 
Coetzee to Mahmudullah, no run 
length on off, shows it the bat face 
""South Africa has Heimlich Klaasen now to prevent any choking."" Very good, Anton",24.4,0,0.0,"Coetzee to Mahmudullah, no run  .length on off, shows it the bat face",Coetzee,Mahmudullah,0.0,0,0,1,1,0.0,0,,0
"24.5 
• 
Coetzee to Mahmudullah, no run 
length on fourth stump, 135kph and defended coming across",24.5,0,0.0,"Coetzee to Mahmudullah, no run  .length on fourth stump, 135kph and defended coming across",Coetzee,Mahmudullah,0.0,0,0,1,1,0.0,0,,0
"24.6 
• 
Coetzee to Mahmudullah, no run 
length ball, tapped away into the off side 
end of over 254 runs  
BAN: 93/6CRR: 3.72 • RRR: 11.60 • Need 290 runs from 25 overs 
Mahmudullah28 (44b 3x4) 
Nasum Ahmed1 (4b) 
Gerald Coetzee 4-0-17-1 
Keshav Maharaj 5-0-11-1 
Slip in for Maharaj",24.6,0,0.0,"Coetzee to Mahmudullah, no run  .length ball, tapped away into the off side",Coetzee,Mahmudullah,0.0,0,0,1,1,0.0,0,,0
"25.1 
• 
Maharaj to Nasum, no run 
looped up from over the wicket, blocked by Nasum",25.1,0,0.0,"Maharaj to Nasum, no run  .looped up from over the wicket, blocked by Nasum",Maharaj,Nasum,0.0,0,0,1,1,0.0,0,,0
"25.2 
• 
Maharaj to Nasum, no run 
nudged to the leg side playing back 
""SA are playing it smart this world cup. They got their 'choke' out early this time against 
Netherlands. Should be a smooth ride to the finals now."" Yes, I can't see how it could 
possibly go wrong from here, Moloy...",25.2,0,0.0,"Maharaj to Nasum, no run  .nudged to the leg side playing back",Maharaj,Nasum,0.0,0,0,1,1,0.0,0,,0
"25.3 
• 
Maharaj to Nasum, no run 
tossed up and turned to leg",25.3,0,0.0,"Maharaj to Nasum, no run  .tossed up and turned to leg",Maharaj,Nasum,0.0,0,0,1,1,0.0,0,,0
"25.4 
1 
Maharaj to Nasum, 1 run 
hangs back and works this square into the gap",25.4,1,1.0,"Maharaj to Nasum, 1 run  .hangs back and works this square into the gap",Maharaj,Nasum,1.0,0,0,1,1,1.0,0,,1
"25.5 
1 
Maharaj to Mahmudullah, 1 run 
flighted, spinning away and cut off the back foot, just a single to the cover sweeper 
Slip and leg slip in now",25.5,1,1.0,"Maharaj to Mahmudullah, 1 run  .flighted, spinning away and cut off the back foot, just a single to the cover sweeper  .Slip and leg slip in now",Maharaj,Mahmudullah,1.0,0,0,1,1,1.0,0,,1
"25.6 
1 
Maharaj to Nasum, 1 run 
round the wicket and slung across wide of off, Nasum drops back and chops through 
the covers 
end of over 263 runs  
BAN: 96/6CRR: 3.69 • RRR: 11.95 • Need 287 runs from 24 overs 
Nasum Ahmed3 (9b) 
Mahmudullah29 (45b 3x4) 
Keshav Maharaj 6-0-14-1 
Gerald Coetzee 4-0-17-1 
Slip for Coetzee to Nasum",25.6,1,1.0,"Maharaj to Nasum, 1 run  .round the wicket and slung across wide of off, Nasum drops back and chops through  .the covers",Maharaj,Nasum,1.0,0,0,1,1,1.0,0,,1
"26.1 
1 
Coetzee to Nasum, 1 run 
round the wicket, speared in straight and shoveled past midwicket for one",26.1,1,1.0,"Coetzee to Nasum, 1 run  .round the wicket, speared in straight and shoveled past midwicket for one",Coetzee,Nasum,1.0,0,0,1,1,1.0,0,,1
"26.2 
• 
Coetzee to Mahmudullah, no run 
smacked on the lid and caught at point! Did Mahmudullah get any bat on his attempted 
pull? Markram asks for the DRS to adjudge. There were two sounds, I think. Mahmdullah 
gets checked over while they build UltraEdge... and he'll be okay to continue, as it 
missed the top edge before thudding into the side of his helmet 
See all photos 
Concussion test passed, Mahmudullah fronts up again",26.2,0,0.0,"Coetzee to Mahmudullah, no run  .smacked on the lid and caught at point! Did Mahmudullah get any bat on his attempted  .pull? Markram asks for the DRS to adjudge. There were two sounds, I think. Mahmdullah  .gets checked over while they build UltraEdge... and he'll be okay to continue, as it  .missed the top edge before thudding into the side of his helmet  .See all photos  .Concussion test passed, Mahmudullah fronts up again",Coetzee,Mahmudullah,0.0,0,0,1,1,0.0,0,,0
"26.3 
4 
Coetzee to Mahmudullah, FOUR runs 
skips down and drills through cover! Lovely comeback from the batter, who isn't cowed 
by the blow on the head and strokes the pitched-up ball for four 
That blow brings up the Bangladesh 100",26.3,4,4.0,"Coetzee to Mahmudullah, FOUR runs  .skips down and drills through cover! Lovely comeback from the batter, who isn't cowed  .by the blow on the head and strokes the pitched-up ball for four  .That blow brings up the Bangladesh 100",Coetzee,Mahmudullah,4.0,1,0,1,1,4.0,0,,1
"26.4 
1 
Coetzee to Mahmudullah, 1 run 
back of a length, 140kph and dabbed down through point for one more",26.4,1,1.0,"Coetzee to Mahmudullah, 1 run  .back of a length, 140kph and dabbed down through point for one more",Coetzee,Mahmudullah,1.0,0,0,1,1,1.0,0,,1
"26.5 
• 
Coetzee to Nasum, no run 
short ball from round the wicket, Nasum swings and misses",26.5,0,0.0,"Coetzee to Nasum, no run  .short ball from round the wicket, Nasum swings and misses",Coetzee,Nasum,0.0,0,0,1,1,0.0,0,,0
"26.6 
1 
Coetzee to Nasum, 1 run 
slow, loopy change-up at the stumps, but Nasum manages to follow it and squirt one 
into the leg side 
end of over 277 runs  
BAN: 103/6CRR: 3.81 • RRR: 12.17 • Need 280 runs from 23 overs 
Nasum Ahmed5 (12b) 
Mahmudullah34 (48b 4x4) 
Gerald Coetzee 5-0-24-1 
Keshav Maharaj 6-0-14-1 
Here's Jay: ""Stop it guys. You are frightening me. It takes me back to 1999. They had an 
upset in a group game and also an unstoppable demolisher in middle order who's name 
also starting with 'Kl..'. We know how it all did go wrong then..""",26.6,1,1.0,"Coetzee to Nasum, 1 run  .slow, loopy change-up at the stumps, but Nasum manages to follow it and squirt one  .into the leg side",Coetzee,Nasum,1.0,0,0,1,1,1.0,0,,1
"27.1 
• 
Maharaj to Nasum, no run 
over the wicket, wheeling away on off stump. Nasum blocks into the leg side",27.1,0,0.0,"Maharaj to Nasum, no run  .over the wicket, wheeling away on off stump. Nasum blocks into the leg side",Maharaj,Nasum,0.0,0,0,1,1,0.0,0,,0
"27.2 
4 
Maharaj to Nasum, FOUR runs 
chipped in the air, gets it through! Maharaj briefly thought he was a chance to catch 
this but couldn't get across - and neither could mid-off",27.2,4,4.0,"Maharaj to Nasum, FOUR runs  .chipped in the air, gets it through! Maharaj briefly thought he was a chance to catch  .this but couldn't get across - and neither could mid-off",Maharaj,Nasum,4.0,1,0,1,1,4.0,0,,1
"27.3 
1 
Maharaj to Nasum, 1 run 
full and angling in, nurdled into the leg side",27.3,1,1.0,"Maharaj to Nasum, 1 run  .full and angling in, nurdled into the leg side",Maharaj,Nasum,1.0,0,0,1,1,1.0,0,,1
"27.4 
4 
Maharaj to Mahmudullah, FOUR runs 
on the charge, swatted over mid-on! Mahmudullah steps down and hoicks this into the 
gap and away for four",27.4,4,4.0,"Maharaj to Mahmudullah, FOUR runs  .on the charge, swatted over mid-on! Mahmudullah steps down and hoicks this into the  .gap and away for four",Maharaj,Mahmudullah,4.0,1,0,1,1,4.0,0,,1
"27.5 
1 
Maharaj to Mahmudullah, 1 run 
slows his pace down to 79kph, spinning away wide of off and cut for a single",27.5,1,1.0,"Maharaj to Mahmudullah, 1 run  .slows his pace down to 79kph, spinning away wide of off and cut for a single",Maharaj,Mahmudullah,1.0,0,0,1,1,1.0,0,,1
"27.6 
1 
Maharaj to Nasum, 1 run 
round the wicket, tossed up on off stump. Nasum closes the face a little early but gets 
away with a leading edge through the covers 
end of over 2811 runs  
BAN: 114/6CRR: 4.07 • RRR: 12.22 • Need 269 runs from 22 overs 
Nasum Ahmed11 (16b 1x4) 
Mahmudullah39 (50b 5x4) 
Keshav Maharaj 7-0-25-1 
Gerald Coetzee 5-0-24-1 
The asking rate, by the by, is more than 12 an over...",27.6,1,1.0,"Maharaj to Nasum, 1 run  .round the wicket, tossed up on off stump. Nasum closes the face a little early but gets  .away with a leading edge through the covers",Maharaj,Nasum,1.0,0,0,1,1,1.0,0,,1
"28.1 
4 
Coetzee to Nasum, FOUR runs 
slashed int the air, lands short of deep third! Williams tried to get in and made an 
attempt to dive for it, but in the end couldn't stop the ball going for four",28.1,4,4.0,"Coetzee to Nasum, FOUR runs  .slashed int the air, lands short of deep third! Williams tried to get in and made an  .attempt to dive for it, but in the end couldn't stop the ball going for four",Coetzee,Nasum,4.0,1,0,1,1,4.0,0,,1
"28.2 
4 
Coetzee to Nasum, FOUR runs 
pitched up and whipped through midwicket! Back-to-back boundaries for Nasum, this 
one nicely played",28.2,4,4.0,"Coetzee to Nasum, FOUR runs  .pitched up and whipped through midwicket! Back-to-back boundaries for Nasum, this  .one nicely played",Coetzee,Nasum,4.0,1,0,1,1,4.0,0,,1
"28.3 
W 
Coetzee to Nasum, OUT 
dug in short, top-edged back to the bowler! Coetzee wins the war by bombing out the 
No. 8. Nasum took on the pull but only succeeded in sending it up for a gentle caught-
and-bowled. SA three away from wrapping things up 
Nasum Ahmed c & b Coetzee 19 (19b 3x4 0x6 27m) SR: 100 
The players are taking drinks, as thoughts in the crowd turn to Mumbai's nightlife. 
Hasan Mahmud is the next man in",28.3,W,0.0,"Coetzee to Nasum, OUT  .dug in short, top-edged back to the bowler! Coetzee wins the war by bombing out the  .No. 8. Nasum took on the pull but only succeeded in sending it up for a gentle caught- .and-bowled. SA three away from wrapping things up  .Nasum Ahmed c & b Coetzee 19 (19b 3x4 0x6 27m) SR: 100",Coetzee,Nasum,0.0,0,0,1,1,0.0,1,c & b Coetzee,0
"28.4 
• 
Coetzee to Hasan Mahmud, no run 
over the wicket, hits a length and Mahmud gets solidly forward to block into the off side",28.4,0,0.0,"Coetzee to Hasan Mahmud, no run  .over the wicket, hits a length and Mahmud gets solidly forward to block into the off side",Coetzee,Hasan Mahmud,0.0,0,0,1,1,0.0,0,,0
"28.5 
• 
Coetzee to Hasan Mahmud, no run 
back of a length on the stumps, 143kph/89mph, jabbed towards backward point",28.5,0,0.0,"Coetzee to Hasan Mahmud, no run  .back of a length on the stumps, 143kph/89mph, jabbed towards backward point",Coetzee,Hasan Mahmud,0.0,0,0,1,1,0.0,0,,0
"28.6 
1 
Coetzee to Hasan Mahmud, 1 run 
edged in the air but behind backward point, Miller briefly thought he was in the game. 
Mahmud gets off the mark with one to deep third 
""Danyal comes back after 30 overs? Lots of questions for him!!"" Danyal is hastily 
tapping up his report and crossing his fingers he doesn't have to come back on, Suhan 
end of over 299 runs • 1 wicket 
BAN: 123/7CRR: 4.24 • RRR: 12.38 • Need 260 runs from 21 overs 
Hasan Mahmud1 (3b) 
Mahmudullah39 (50b 5x4) 
Gerald Coetzee 6-0-33-2 
Keshav Maharaj 7-0-25-1",28.6,1,1.0,"Coetzee to Hasan Mahmud, 1 run  .edged in the air but behind backward point, Miller briefly thought he was in the game.  .Mahmud gets off the mark with one to deep third",Coetzee,Hasan Mahmud,1.0,0,0,1,1,1.0,0,,1
"29.1 
• 
Maharaj to Hasan Mahmud, no run 
flighted, drifting in with the arrn, defended on the stumps",29.1,0,0.0,"Maharaj to Hasan Mahmud, no run  .flighted, drifting in with the arrn, defended on the stumps",Maharaj,Hasan Mahmud,0.0,0,0,1,1,0.0,0,,0
"29.2 
• 
Maharaj to Hasan Mahmud, no run 
turn and bounce, lovely bowling. Draws him forwards and then rips away past the gloves",29.2,0,0.0,"Maharaj to Hasan Mahmud, no run  .turn and bounce, lovely bowling. Draws him forwards and then rips away past the gloves",Maharaj,Hasan Mahmud,0.0,0,0,1,1,0.0,0,,0
"29.3 
• 
Maharaj to Hasan Mahmud, no run 
full and flighted, tucked off the front pad",29.3,0,0.0,"Maharaj to Hasan Mahmud, no run  .full and flighted, tucked off the front pad",Maharaj,Hasan Mahmud,0.0,0,0,1,1,0.0,0,,0
"29.4 
1 
Maharaj to Hasan Mahmud, 1 run 
edged wide of slip! Slow, teasing delivery, clips the bat but stays low and runs past short 
third",29.4,1,1.0,"Maharaj to Hasan Mahmud, 1 run  .edged wide of slip! Slow, teasing delivery, clips the bat but stays low and runs past short  .third",Maharaj,Hasan Mahmud,1.0,0,0,1,1,1.0,0,,1
"29.5 
1 
Maharaj to Mahmudullah, 1 run 
gets forward and punches through mid-off 
Slip and gully in 
 
SA in middle overs (in World Cup 2023) 
INNS 
5 
WKTS 
26 
ECON 
5.64 
AVE 
26.53",29.5,1,1.0,"Maharaj to Mahmudullah, 1 run  .gets forward and punches through mid-off  .Slip and gully in  .  .SA in middle overs (in World Cup 2023)  .INNS  .5  .WKTS  .26  .ECON  .5.64  .AVE  .26.53",Maharaj,Mahmudullah,1.0,0,0,1,1,1.0,0,,1
"29.6 
• 
Maharaj to Hasan Mahmud, no run 
big turn again, hit on the back leg! Was it doing too much... not given by Ahsan Raza but 
Markram eventually elects to review after a long chat. Might have pitched outside leg 
again, as with the Mehidy review? Yep, this time Raza was spot on and SA lost their last 
review 
end of over 302 runs  
BAN: 125/7CRR: 4.16 • RRR: 12.90 • Need 258 runs from 20 overs 
Hasan Mahmud2 (8b) 
Mahmudullah40 (51b 5x4) 
Keshav Maharaj 8-0-27-1 
Gerald Coetzee 6-0-33-2",29.6,0,0.0,"Maharaj to Hasan Mahmud, no run  .big turn again, hit on the back leg! Was it doing too much... not given by Ahsan Raza but  .Markram eventually elects to review after a long chat. Might have pitched outside leg  .again, as with the Mehidy review? Yep, this time Raza was spot on and SA lost their last  .review",Maharaj,Hasan Mahmud,0.0,0,0,1,1,0.0,0,,0
"30.1 
4 
Coetzee to Mahmudullah, FOUR runs 
short and belted through midwicket! Lovely pick up, hands swinging up and over the 
infield for another boundary 
""I don't see SA making the finals, let alone winning it,"" chunters Manu. ""They're peaking 
too early. I don't know how they'll lose it but they'll figure out a way to lose the semis""",30.1,4,4.0,"Coetzee to Mahmudullah, FOUR runs  .short and belted through midwicket! Lovely pick up, hands swinging up and over the  .infield for another boundary",Coetzee,Mahmudullah,4.0,1,0,1,1,4.0,0,,1
"30.2 
• 
Coetzee to Mahmudullah, no run 
dug in again, skiddy bounce and it beats the bat",30.2,0,0.0,"Coetzee to Mahmudullah, no run  .dug in again, skiddy bounce and it beats the bat",Coetzee,Mahmudullah,0.0,0,0,1,1,0.0,0,,0
"30.3 
• 
Coetzee to Mahmudullah, no run 
hangs this out in the channel, Mahmadullah has a swipe and misses",30.3,0,0.0,"Coetzee to Mahmudullah, no run  .hangs this out in the channel, Mahmadullah has a swipe and misses",Coetzee,Mahmudullah,0.0,0,0,1,1,0.0,0,,0
"30.4 
• 
Coetzee to Mahmudullah, no run 
touch fuller, he's forward and pushes to point. Thinks better of running as the fielder 
scoops it up",30.4,0,0.0,"Coetzee to Mahmudullah, no run  .touch fuller, he's forward and pushes to point. Thinks better of running as the fielder  .scoops it up",Coetzee,Mahmudullah,0.0,0,0,1,1,0.0,0,,0
"30.5 
1 
Coetzee to Mahmudullah, 1 run 
punched into the covers, just a single",30.5,1,1.0,"Coetzee to Mahmudullah, 1 run  .punched into the covers, just a single",Coetzee,Mahmudullah,1.0,0,0,1,1,1.0,0,,1
"30.6 
1 
Coetzee to Hasan Mahmud, 1 run 
goes for the yorker, 144kph/89mph but slightly off line and deflected through backward 
square leg 
end of over 316 runs  
BAN: 131/7CRR: 4.22 • RRR: 13.26 • Need 252 runs from 19 overs 
Hasan Mahmud3 (9b) 
Mahmudullah45 (56b 6x4) 
Gerald Coetzee 7-0-39-2 
Keshav Maharaj 8-0-27-1",30.6,1,1.0,"Coetzee to Hasan Mahmud, 1 run  .goes for the yorker, 144kph/89mph but slightly off line and deflected through backward  .square leg",Coetzee,Hasan Mahmud,1.0,0,0,1,1,1.0,0,,1
"31.1 
• 
Maharaj to Hasan Mahmud, no run 
tossed up on middle and leg, Mahmud pokes it back to the bowler",31.1,0,0.0,"Maharaj to Hasan Mahmud, no run  .tossed up on middle and leg, Mahmud pokes it back to the bowler",Maharaj,Hasan Mahmud,0.0,0,0,1,1,0.0,0,,0
"31.2 
1 
Maharaj to Hasan Mahmud, 1 run 
flighted, on the stumps, tickled away leg side from back in the crease",31.2,1,1.0,"Maharaj to Hasan Mahmud, 1 run  .flighted, on the stumps, tickled away leg side from back in the crease",Maharaj,Hasan Mahmud,1.0,0,0,1,1,1.0,0,,1
"31.3 
• 
Maharaj to Mahmudullah, no run 
zipped through with the arm, worked to midwicket",31.3,0,0.0,"Maharaj to Mahmudullah, no run  .zipped through with the arm, worked to midwicket",Maharaj,Mahmudullah,0.0,0,0,1,1,0.0,0,,0
"31.4 
• 
Maharaj to Mahmudullah, no run 
nicely flighted, spinning away into the gloves as Mahmudullah props forward and is 
beaten",31.4,0,0.0,"Maharaj to Mahmudullah, no run  .nicely flighted, spinning away into the gloves as Mahmudullah props forward and is  .beaten",Maharaj,Mahmudullah,0.0,0,0,1,1,0.0,0,,0
"31.5 
1 
Maharaj to Mahmudullah, 1 run 
tucked off the pads through square leg for one",31.5,1,1.0,"Maharaj to Mahmudullah, 1 run  .tucked off the pads through square leg for one",Maharaj,Mahmudullah,1.0,0,0,1,1,1.0,0,,1
"31.6 
• 
Maharaj to Hasan Mahmud, no run 
floated up straight, Hasan camps in front of his stumps and taps it away 
end of over 322 runs  
BAN: 133/7CRR: 4.15 • RRR: 13.88 • Need 250 runs from 18 overs 
Hasan Mahmud4 (12b) 
Mahmudullah46 (59b 6x4) 
Keshav Maharaj 9-0-29-1 
Gerald Coetzee 7-0-39-2 
Kagiso Rabada returns",31.6,0,0.0,"Maharaj to Hasan Mahmud, no run  .floated up straight, Hasan camps in front of his stumps and taps it away",Maharaj,Hasan Mahmud,0.0,0,0,1,1,0.0,0,,0
"32.1 
• 
Rabada to Mahmudullah, no run 
good length outside off, defended solidly on the front foot",32.1,0,0.0,"Rabada to Mahmudullah, no run  .good length outside off, defended solidly on the front foot",Rabada,Mahmudullah,0.0,0,0,1,1,0.0,0,,0
"32.2 
1 
Rabada to Mahmudullah, 1 run 
straighter and worked through square leg for one",32.2,1,1.0,"Rabada to Mahmudullah, 1 run  .straighter and worked through square leg for one",Rabada,Mahmudullah,1.0,0,0,1,1,1.0,0,,1
"32.3 
4 
Rabada to Hasan Mahmud, FOUR runs 
slices through him! Kisses the inside edge but Klaasen can't get there! Would have 
been a great take, one-handed low to his left. Instead Mahmud gets four",32.3,4,4.0,"Rabada to Hasan Mahmud, FOUR runs  .slices through him! Kisses the inside edge but Klaasen can't get there! Would have  .been a great take, one-handed low to his left. Instead Mahmud gets four",Rabada,Hasan Mahmud,4.0,1,0,1,1,4.0,0,,1
"32.4 
• 
Rabada to Hasan Mahmud, no run 
short ball, beats the bat as he swings across the line",32.4,0,0.0,"Rabada to Hasan Mahmud, no run  .short ball, beats the bat as he swings across the line",Rabada,Hasan Mahmud,0.0,0,0,1,1,0.0,0,,0
"32.5 
2 
Rabada to Hasan Mahmud, 2 runs 
length ball, Mahmud has a hack and sends it up into the air, manages to clear midwicket 
for a couple",32.5,2,2.0,"Rabada to Hasan Mahmud, 2 runs  .length ball, Mahmud has a hack and sends it up into the air, manages to clear midwicket  .for a couple",Rabada,Hasan Mahmud,2.0,0,0,1,1,2.0,0,,1
"32.6 
• 
Rabada to Hasan Mahmud, no run 
banged on a length and Mahmud props forward, gets an inside edge into his pads 
end of over 337 runs  
BAN: 140/7CRR: 4.24 • RRR: 14.29 • Need 243 runs from 17 overs 
Hasan Mahmud10 (16b 1x4) 
Mahmudullah47 (61b 6x4) 
Kagiso Rabada 6-1-23-1 
Keshav Maharaj 9-0-29-1 
Maharaj to bowl out",32.6,0,0.0,"Rabada to Hasan Mahmud, no run  .banged on a length and Mahmud props forward, gets an inside edge into his pads",Rabada,Hasan Mahmud,0.0,0,0,1,1,0.0,0,,0
"33.1 
1 
Maharaj to Mahmudullah, 1 run 
tossed up on the stumps, stroked down to long-off 
Markram and Miller in at slip and gully",33.1,1,1.0,"Maharaj to Mahmudullah, 1 run  .tossed up on the stumps, stroked down to long-off  .Markram and Miller in at slip and gully",Maharaj,Mahmudullah,1.0,0,0,1,1,1.0,0,,1
"33.2 
• 
Maharaj to Hasan Mahmud, no run 
floated up wide of the stumps, lets this one go",33.2,0,0.0,"Maharaj to Hasan Mahmud, no run  .floated up wide of the stumps, lets this one go",Maharaj,Hasan Mahmud,0.0,0,0,1,1,0.0,0,,0
"33.3 
1 
Maharaj to Hasan Mahmud, 1 run 
straighter line, nudged away",33.3,1,1.0,"Maharaj to Hasan Mahmud, 1 run  .straighter line, nudged away",Maharaj,Hasan Mahmud,1.0,0,0,1,1,1.0,0,,1
"33.4 
• 
Maharaj to Mahmudullah, no run 
blocked on the front foot",33.4,0,0.0,"Maharaj to Mahmudullah, no run  .blocked on the front foot",Maharaj,Mahmudullah,0.0,0,0,1,1,0.0,0,,0
"33.5 
1 
Maharaj to Mahmudullah, 1 run 
tossed up and punched down the ground to long-off",33.5,1,1.0,"Maharaj to Mahmudullah, 1 run  .tossed up and punched down the ground to long-off",Maharaj,Mahmudullah,1.0,0,0,1,1,1.0,0,,1
"33.6 
• 
Maharaj to Hasan Mahmud, no run 
wheels away, Mahmadullah blocks him out - a tidy 1 for 31 from Maharaj's 10 overs 
Ali: ""Wow that win probability graph has been a straight line for so long now."" This game 
has been flatlining for some time, too 
end of over 343 runs  
BAN: 143/7CRR: 4.20 • RRR: 15.00 • Need 240 runs from 96b 
Hasan Mahmud11 (19b 1x4) 
Mahmudullah49 (64b 6x4) 
Keshav Maharaj 10-0-32-1 
Kagiso Rabada 6-1-23-1",33.6,0,0.0,"Maharaj to Hasan Mahmud, no run  .wheels away, Mahmadullah blocks him out - a tidy 1 for 31 from Maharaj's 10 overs",Maharaj,Hasan Mahmud,0.0,0,0,1,1,0.0,0,,0
"34.1 
• 
Rabada to Mahmudullah, no run 
good length on the stumps, tucked to the leg side",34.1,0,0.0,"Rabada to Mahmudullah, no run  .good length on the stumps, tucked to the leg side",Rabada,Mahmudullah,0.0,0,0,1,1,0.0,0,,0
"34.2 
• 
Rabada to Mahmudullah, no run 
fourth-stump line, Mahmudullah steers into the covers",34.2,0,0.0,"Rabada to Mahmudullah, no run  .fourth-stump line, Mahmudullah steers into the covers",Rabada,Mahmudullah,0.0,0,0,1,1,0.0,0,,0
"34.3 
1 
Rabada to Mahmudullah, 1 run 
shorter, waits in the crease and works to leg, Mahmudullah notches his fifty! It's a long 
lost cause for Bangladesh, but his efforts should at least buffer their NRR a touch 
See all photos",34.3,1,1.0,"Rabada to Mahmudullah, 1 run  .shorter, waits in the crease and works to leg, Mahmudullah notches his fifty! It's a long  .lost cause for Bangladesh, but his efforts should at least buffer their NRR a touch  .See all photos",Rabada,Mahmudullah,1.0,0,0,1,1,1.0,0,,1
"34.4 
• 
Rabada to Hasan Mahmud, no run 
some kick and lift in the channel, beats the bat by some distance",34.4,0,0.0,"Rabada to Hasan Mahmud, no run  .some kick and lift in the channel, beats the bat by some distance",Rabada,Hasan Mahmud,0.0,0,0,1,1,0.0,0,,0
"34.5 
• 
Rabada to Hasan Mahmud, no run 
defended square coming across",34.5,0,0.0,"Rabada to Hasan Mahmud, no run  .defended square coming across",Rabada,Hasan Mahmud,0.0,0,0,1,1,0.0,0,,0
"34.6 
4 
Rabada to Hasan Mahmud, FOUR runs 
banged in and edged... wide of slip for four! Mahmud didn't know where that was going, 
but even the telescopic limbs of Jansen were not reeling a catch in there 
end of over 355 runs  
BAN: 148/7CRR: 4.22 • RRR: 15.66 • Need 235 runs from 90b 
Hasan Mahmud15 (22b 2x4) 
Mahmudullah50 (67b 6x4) 
Kagiso Rabada 7-1-28-1 
Keshav Maharaj 10-0-32-1 
Marco Jansen on for Maharaj",34.6,4,4.0,"Rabada to Hasan Mahmud, FOUR runs  .banged in and edged... wide of slip for four! Mahmud didn't know where that was going,  .but even the telescopic limbs of Jansen were not reeling a catch in there",Rabada,Hasan Mahmud,4.0,1,0,1,1,4.0,0,,1
"35.1 
• 
Jansen to Mahmudullah, no run 
length ball, over the wicket and climbing on off stump. Mahmadullah defends",35.1,0,0.0,"Jansen to Mahmudullah, no run  .length ball, over the wicket and climbing on off stump. Mahmadullah defends",Jansen,Mahmudullah,0.0,0,0,1,1,0.0,0,,0
"35.2 
• 
Jansen to Mahmudullah, no run 
on the stumps and he has a swipe at this, the ball dribbles away into the leg side",35.2,0,0.0,"Jansen to Mahmudullah, no run  .on the stumps and he has a swipe at this, the ball dribbles away into the leg side",Jansen,Mahmudullah,0.0,0,0,1,1,0.0,0,,0
"35.3 
• 
Jansen to Mahmudullah, no run 
back of a length, 136kph on leg stump, hits the thigh pad attempting to work to leg",35.3,0,0.0,"Jansen to Mahmudullah, no run  .back of a length, 136kph on leg stump, hits the thigh pad attempting to work to leg",Jansen,Mahmudullah,0.0,0,0,1,1,0.0,0,,0
"35.4 
4 
Jansen to Mahmudullah, FOUR runs 
slammed through the leg side! Short ball, sits up for the pull and Mahmudullah 
dispatches it confidently",35.4,4,4.0,"Jansen to Mahmudullah, FOUR runs  .slammed through the leg side! Short ball, sits up for the pull and Mahmudullah  .dispatches it confidently",Jansen,Mahmudullah,4.0,1,0,1,1,4.0,0,,1
"35.5 
1w 
Jansen to Mahmudullah, 1 wide 
shuffles across his stumps, Jansen goes full down the leg side... signalled wide",35.5,1w,1.0,"Jansen to Mahmudullah, 1 wide  .shuffles across his stumps, Jansen goes full down the leg side... signalled wide",Jansen,Mahmudullah,0.0,0,0,0,0,1.0,0,,1
"35.5 
4 
Jansen to Mahmudullah, FOUR runs 
jumps down the pitch and top-edges over the keeper! Four more for Mahmuddulah, 
who then has a chat with Jansen in his follow through",35.5,4,4.0,"Jansen to Mahmudullah, FOUR runs  .jumps down the pitch and top-edges over the keeper! Four more for Mahmuddulah,  .who then has a chat with Jansen in his follow through",Jansen,Mahmudullah,4.0,1,0,1,1,4.0,0,,1
"35.6 
1 
Jansen to Mahmudullah, 1 run 
flings down the attempted yorker at 138kph, clipped nonchalantly off his toes out to 
deep midwicket 
This innings refuses to die, so here's Danny back to field your enquiries... 
end of over 3610 runs  
BAN: 158/7CRR: 4.38 • RRR: 16.07 • Need 225 runs from 84b 
Mahmudullah59 (73b 8x4) 
Hasan Mahmud15 (22b 2x4) 
Marco Jansen 6-0-25-2 
Kagiso Rabada 7-1-28-1",35.6,1,1.0,"Jansen to Mahmudullah, 1 run  .flings down the attempted yorker at 138kph, clipped nonchalantly off his toes out to  .deep midwicket  .This innings refuses to die, so here's Danny back to field your enquiries...",Jansen,Mahmudullah,1.0,0,0,1,1,1.0,0,,1
"36.1 
1 
Rabada to Mahmudullah, 1 run 
full from Rabada, flicked to square leg to turn it over 
Cheers Alan. I have been dragged back, kicking and screaming as South Africa make 
hard work of this",36.1,1,1.0,"Rabada to Mahmudullah, 1 run  .full from Rabada, flicked to square leg to turn it over  .Cheers Alan. I have been dragged back, kicking and screaming as South Africa make  .hard work of this",Rabada,Mahmudullah,1.0,0,0,1,1,1.0,0,,1
"36.2 
• 
Rabada to Hasan Mahmud, no run 
beats the bat with extra bounce",36.2,0,0.0,"Rabada to Hasan Mahmud, no run  .beats the bat with extra bounce",Rabada,Hasan Mahmud,0.0,0,0,1,1,0.0,0,,0
"36.3 
• 
Rabada to Hasan Mahmud, no run 
bangs it in on a good length, and squares him up as he defends",36.3,0,0.0,"Rabada to Hasan Mahmud, no run  .bangs it in on a good length, and squares him up as he defends",Rabada,Hasan Mahmud,0.0,0,0,1,1,0.0,0,,0
"36.4 
W 
Rabada to Hasan Mahmud, OUT 
and we have a wicket! The slower ball does the track from Rabada. He fell for it hook, 
line and sinker, skying one to mid-off, where Coetzee takes a comfortable catch. South 
Africa two wickets away now 
Hasan Mahmud c Coetzee b Rabada 15 (25b 2x4 0x6 32m) SR: 60 
The Fizz comes in now. 
Lee: ""Bangladesh Winning probability is .01 , curious to know the .01 probabilities in 
predictors mind ."" I think nothing is 0%, is it? The statisticians have to protect 
themselves after all",36.4,W,0.0,"Rabada to Hasan Mahmud, OUT  .and we have a wicket! The slower ball does the track from Rabada. He fell for it hook,  .line and sinker, skying one to mid-off, where Coetzee takes a comfortable catch. South  .Africa two wickets away now  .Hasan Mahmud c Coetzee b Rabada 15 (25b 2x4 0x6 32m) SR: 60",Rabada,Hasan Mahmud,0.0,0,0,1,1,0.0,1,c Coetzee b Rabada,0
"36.5 
• 
Rabada to Mustafizur, no run 
hung his bat out limply at that one, but doesn't get anywhere close to it",36.5,0,0.0,"Rabada to Mustafizur, no run  .hung his bat out limply at that one, but doesn't get anywhere close to it",Rabada,Mustafizur,0.0,0,0,1,1,0.0,0,,0
"36.6 
• 
Rabada to Mustafizur, no run 
a bit of a repeat of the last one. Mustafizur nowhere near that one as it fizzes through 
end of over 371 run • 1 wicket 
BAN: 159/8CRR: 4.29 • RRR: 17.23 • Need 224 runs from 78b 
Mustafizur Rahman0 (2b) 
Mahmudullah60 (74b 8x4) 
Kagiso Rabada 8-1-29-2 
Marco Jansen 6-0-25-2 
Antipom: ""Bangladesh will lose by a narrower margin than England did to SAF. Well 
done!"" Username, as they might say, checks out",36.6,0,0.0,"Rabada to Mustafizur, no run  .a bit of a repeat of the last one. Mustafizur nowhere near that one as it fizzes through",Rabada,Mustafizur,0.0,0,0,1,1,0.0,0,,0
"37.1 
• 
Jansen to Mahmudullah, no run 
slower delivery from Jansen, defended to extra cover 
dee: ""Think 10 points might be enough to get into semi finals in 4th place. If so then 
South Africa needs one more win"" If they stay as far ahead of the rate as this, then 
probably, yeah",37.1,0,0.0,"Jansen to Mahmudullah, no run  .slower delivery from Jansen, defended to extra cover",Jansen,Mahmudullah,0.0,0,0,1,1,0.0,0,,0
"37.2 
• 
Jansen to Mahmudullah, no run 
slightly back of a length and Mahmudullah defends again",37.2,0,0.0,"Jansen to Mahmudullah, no run  .slightly back of a length and Mahmudullah defends again",Jansen,Mahmudullah,0.0,0,0,1,1,0.0,0,,0
"37.3 
1 
Jansen to Mahmudullah, 1 run 
good-looking drive from Mahmudullah to sweeper cover. I wondered if he'd farm the 
strike, but he's no Virat Kohli",37.3,1,1.0,"Jansen to Mahmudullah, 1 run  .good-looking drive from Mahmudullah to sweeper cover. I wondered if he'd farm the  .strike, but he's no Virat Kohli",Jansen,Mahmudullah,1.0,0,0,1,1,1.0,0,,1
"37.4 
4 
Jansen to Mustafizur, FOUR runs 
and that's why! Have that, says Mustafizur. This won't improve Jansen's mood as he 
dispatches his attempted yorker for a lovely straight drive to the boundary",37.4,4,4.0,"Jansen to Mustafizur, FOUR runs  .and that's why! Have that, says Mustafizur. This won't improve Jansen's mood as he  .dispatches his attempted yorker for a lovely straight drive to the boundary",Jansen,Mustafizur,4.0,1,0,1,1,4.0,0,,1
"37.5 
1 
Jansen to Mustafizur, 1 run 
hangs his bat out at a short one. Rabada at third man was in with a chance, but it drops 
just short of him",37.5,1,1.0,"Jansen to Mustafizur, 1 run  .hangs his bat out at a short one. Rabada at third man was in with a chance, but it drops  .just short of him",Jansen,Mustafizur,1.0,0,0,1,1,1.0,0,,1
"37.6 
1 
Jansen to Mahmudullah, 1 run 
punched deftly to sweeper cover as Mahmudullah keeps the strike 
end of over 387 runs  
BAN: 166/8CRR: 4.36 • RRR: 18.08 • Need 217 runs from 72b 
Mahmudullah62 (78b 8x4) 
Mustafizur Rahman5 (4b 1x4) 
Marco Jansen 7-0-32-2 
Kagiso Rabada 8-1-29-2 
Noman: ""Why Mahmudullah taking single at the first ball of the over? This approach is 
certainly not helping him to reach the century."" Seems to have faith in Mustafizur 
Sai: """,37.6,1,1.0,"Jansen to Mahmudullah, 1 run  .punched deftly to sweeper cover as Mahmudullah keeps the strike",Jansen,Mahmudullah,1.0,0,0,1,1,1.0,0,,1
"38.1 
• 
Williams to Mahmudullah, no run 
back of a length, tried to steer it towards the onside, but gets an inside edge onto the 
body",38.1,0,0.0,"Williams to Mahmudullah, no run  .back of a length, tried to steer it towards the onside, but gets an inside edge onto the  .body",Williams,Mahmudullah,0.0,0,0,1,1,0.0,0,,0
"38.2 
6 
Williams to Mahmudullah, SIX runs 
pummelled over cow corner. Pinged off the bat as Mahmudullah rocked back and 
clapped it over the onside. Coetzee thought he had a chance to pluck it out of the air but 
it was timed just about sweetly enough to take it all the way",38.2,6,6.0,"Williams to Mahmudullah, SIX runs  .pummelled over cow corner. Pinged off the bat as Mahmudullah rocked back and  .clapped it over the onside. Coetzee thought he had a chance to pluck it out of the air but  .it was timed just about sweetly enough to take it all the way",Williams,Mahmudullah,6.0,0,1,1,1,6.0,0,,1
"38.3 
• 
Williams to Mahmudullah, no run 
driven crisply back to Williams",38.3,0,0.0,"Williams to Mahmudullah, no run  .driven crisply back to Williams",Williams,Mahmudullah,0.0,0,0,1,1,0.0,0,,0
"38.4 
1 
Williams to Mahmudullah, 1 run 
slower bouncer, steered to square leg 
Milo: """,38.4,1,1.0,"Williams to Mahmudullah, 1 run  .slower bouncer, steered to square leg",Williams,Mahmudullah,1.0,0,0,1,1,1.0,0,,1
"38.5 
4 
Williams to Mustafizur, FOUR runs 
smeared it over backward point. Didn't get it out of the middle, but picked the shorter 
length early and gave it a thwack. Runs away for four more. Bangladesh look like they'll 
have some fun now",38.5,4,4.0,"Williams to Mustafizur, FOUR runs  .smeared it over backward point. Didn't get it out of the middle, but picked the shorter  .length early and gave it a thwack. Runs away for four more. Bangladesh look like they'll  .have some fun now",Williams,Mustafizur,4.0,1,0,1,1,4.0,0,,1
"38.6 
• 
Williams to Mustafizur, no run 
angled down to third man, and this time Mahmudullah turns the single down 
end of over 3911 runs  
BAN: 177/8CRR: 4.53 • RRR: 18.72 • Need 206 runs from 66b 
Mustafizur Rahman9 (6b 2x4) 
Mahmudullah69 (82b 8x4 1x6) 
Lizaad Williams 7-1-43-1 
Marco Jansen 7-0-32-2 
Tiggsy: ""Always seems that it takes competitions like this for everyone to remember 
how good Mahmudullah actually is...""",38.6,0,0.0,"Williams to Mustafizur, no run  .angled down to third man, and this time Mahmudullah turns the single down",Williams,Mustafizur,0.0,0,0,1,1,0.0,0,,0
"39.1 
4 
Jansen to Mahmudullah, FOUR runs 
cheeky, gets the better of Jansen again. Telegraphed his move across, so Jansen 
followed him. He still went through with the lap over fine leg, and clears that man",39.1,4,4.0,"Jansen to Mahmudullah, FOUR runs  .cheeky, gets the better of Jansen again. Telegraphed his move across, so Jansen  .followed him. He still went through with the lap over fine leg, and clears that man",Jansen,Mahmudullah,4.0,1,0,1,1,4.0,0,,1
"39.2 
1w 
Jansen to Mahmudullah, 1 wide 
slower, wider ball, just a touch too wide for the umpire's liking",39.2,1w,1.0,"Jansen to Mahmudullah, 1 wide  .slower, wider ball, just a touch too wide for the umpire's liking",Jansen,Mahmudullah,0.0,0,0,0,0,1.0,0,,1
"39.2 
1w 
Jansen to Mahmudullah, 1 wide 
that's so wide it might be a no-ball. Almost didn't land on the square",39.2,1w,1.0,"Jansen to Mahmudullah, 1 wide  .that's so wide it might be a no-ball. Almost didn't land on the square",Jansen,Mahmudullah,0.0,0,0,0,0,1.0,0,,1
"39.2 
• 
Jansen to Mahmudullah, no run 
in the blockhole, full onto the stumps. He clipped it to fine leg, a metre either side and 
that was four more",39.2,0,0.0,"Jansen to Mahmudullah, no run  .in the blockhole, full onto the stumps. He clipped it to fine leg, a metre either side and  .that was four more",Jansen,Mahmudullah,0.0,0,0,1,1,0.0,0,,0
"39.3 
1 
Jansen to Mahmudullah, 1 run 
skied it to Williams at mid-off, and just when it looked like Jansen would have his 
revenge, Williams drops him It wasn't the easiest catch, but he'll be disappointed not to 
take it. Jansen gives him gracious applause for the effort 
See all photos",39.3,1,1.0,"Jansen to Mahmudullah, 1 run  .skied it to Williams at mid-off, and just when it looked like Jansen would have his  .revenge, Williams drops him It wasn't the easiest catch, but he'll be disappointed not to  .take it. Jansen gives him gracious applause for the effort  .See all photos",Jansen,Mahmudullah,1.0,0,0,1,1,1.0,0,,1
"39.4 
• 
Jansen to Mustafizur, no run",39.4,0,0.0,"Jansen to Mustafizur, no run",Jansen,Mustafizur,0.0,0,0,1,1,0.0,0,,0
"39.5 
• 
Jansen to Mustafizur, no run 
slower ball, Mustafizur swings and misses",39.5,0,0.0,"Jansen to Mustafizur, no run  .slower ball, Mustafizur swings and misses",Jansen,Mustafizur,0.0,0,0,1,1,0.0,0,,0
"39.6 
• 
Jansen to Mustafizur, no run 
bangs it in short and he ducks underneath it. Unlucky over for Jansen, and now we're 
into the final 10 
end of over 407 runs  
BAN: 184/8CRR: 4.60 • RRR: 19.90 • Need 199 runs from 60b 
Mustafizur Rahman9 (9b 2x4) 
Mahmudullah74 (85b 9x4 1x6) 
Marco Jansen 8-0-39-2 
Lizaad Williams 7-1-43-1 
Shoaib: ""Avoided follow on! Only goes to show if the top order showed any gumption, a 
half decent score may have been a possibility."" 
Sadib: ""Tiggsy- unfortunately the team doesn't realize how good he is either and keep 
batting him at 6-7 """,39.6,0,0.0,"Jansen to Mustafizur, no run  .bangs it in short and he ducks underneath it. Unlucky over for Jansen, and now we're  .into the final 10",Jansen,Mustafizur,0.0,0,0,1,1,0.0,0,,0
"40.1 
• 
Williams to Mahmudullah, no run 
nurdled into the onside and he sends Mustafizur back",40.1,0,0.0,"Williams to Mahmudullah, no run  .nurdled into the onside and he sends Mustafizur back",Williams,Mahmudullah,0.0,0,0,1,1,0.0,0,,0
"40.2 
• 
Williams to Mahmudullah, no run 
no timing on that thwack down the ground 
Manu: ""Keeping strike with tail enders is tactical and have proved to be more often 
beneficial for the team than not. It is part of team game. Don't put that in spirit/faith 
game."" That's me told",40.2,0,0.0,"Williams to Mahmudullah, no run  .no timing on that thwack down the ground",Williams,Mahmudullah,0.0,0,0,1,1,0.0,0,,0
"40.3 
6 
Williams to Mahmudullah, SIX runs 
slower bouncer, sat up for him to smack, and smack it he did. Sets himself nicely and 
muscles it over midwicket for an 83m six. He's now 20 away from a century",40.3,6,6.0,"Williams to Mahmudullah, SIX runs  .slower bouncer, sat up for him to smack, and smack it he did. Sets himself nicely and  .muscles it over midwicket for an 83m six. He's now 20 away from a century",Williams,Mahmudullah,6.0,0,1,1,1,6.0,0,,1
"40.4 
1 
Williams to Mahmudullah, 1 run 
better directed bouncer this time, and it's steered to fine leg 
SteveM: ""Another 50 runs and England stay bottom on NRR"" I believe they need 235 to 
keep England bottom, yep",40.4,1,1.0,"Williams to Mahmudullah, 1 run  .better directed bouncer this time, and it's steered to fine leg",Williams,Mahmudullah,1.0,0,0,1,1,1.0,0,,1
"40.5 
• 
Williams to Mustafizur, no run 
swing and a miss. Mustafizur clearly not holding back whenever he faces any balls",40.5,0,0.0,"Williams to Mustafizur, no run  .swing and a miss. Mustafizur clearly not holding back whenever he faces any balls",Williams,Mustafizur,0.0,0,0,1,1,0.0,0,,0
"40.6 
1w 
Williams to Mustafizur, 1 wide 
sliding down leg and the umpire extends his arms",40.6,1w,1.0,"Williams to Mustafizur, 1 wide  .sliding down leg and the umpire extends his arms",Williams,Mustafizur,0.0,0,0,0,0,1.0,0,,1
"40.6 
• 
Williams to Mustafizur, no run 
mistimed drive to mid-off 
end of over 418 runs  
BAN: 192/8CRR: 4.68 • RRR: 21.22 • Need 191 runs from 54b 
Mustafizur Rahman9 (11b 2x4) 
Mahmudullah81 (89b 9x4 2x6) 
Lizaad Williams 8-1-51-1 
Marco Jansen 8-0-39-2 
Salahuddin: ""They actually didnt give him bat in one game and then dropped him in one 
game and then played him at 8 in the other game. He was actually not picked for the 
worldcup team. Only after some public pressure and to legitimise not taking Tamim 
Iqbal, they included him."" Sounds exactly like the circus it was 
Coetzee coming in for a stint",40.6,0,0.0,"Williams to Mustafizur, no run  .mistimed drive to mid-off",Williams,Mustafizur,0.0,0,0,1,1,0.0,0,,0
"41.1 
4 
Coetzee to Mahmudullah, FOUR runs 
driven aerially past mid-off, and it's just wide of Jansen's condor-like wingspan. Races 
away for another boundary",41.1,4,4.0,"Coetzee to Mahmudullah, FOUR runs  .driven aerially past mid-off, and it's just wide of Jansen's condor-like wingspan. Races  .away for another boundary",Coetzee,Mahmudullah,4.0,1,0,1,1,4.0,0,,1
"41.2 
2 
Coetzee to Mahmudullah, 2 runs",41.2,2,2.0,"Coetzee to Mahmudullah, 2 runs",Coetzee,Mahmudullah,2.0,0,0,1,1,2.0,0,,1
"41.3 
2nb 
Coetzee to Mahmudullah, (no ball) 1 run 
slow full toss that he pulls to midwicket, who takes the catch. But it's much too high, 
and it's given a no-ball on waist height!",41.3,2nb,2.0,"Coetzee to Mahmudullah, (no ball) 1 run  .slow full toss that he pulls to midwicket, who takes the catch. But it's much too high,  .and it's given a no-ball on waist height!",Coetzee,Mahmudullah,1.0,0,0,1,0,2.0,0,,1
"41.3 
• 
Coetzee to Mustafizur, no run 
banged in short at nearly 144kph. Much too good for Mustafizur 
Peanut: ""Pathetic by the proteas, nobody there able to just deal with the tail. "" Bit harsh, 
that",41.3,0,0.0,"Coetzee to Mustafizur, no run  .banged in short at nearly 144kph. Much too good for Mustafizur",Coetzee,Mustafizur,0.0,0,0,1,1,0.0,0,,0
"41.4 
• 
Coetzee to Mustafizur, no run 
swing and a miss. A little wider of off stump",41.4,0,0.0,"Coetzee to Mustafizur, no run  .swing and a miss. A little wider of off stump",Coetzee,Mustafizur,0.0,0,0,1,1,0.0,0,,0
"41.5 
• 
Coetzee to Mustafizur, no run 
nearly tickled it through to the keeper, but it's ultimately a swing and a miss",41.5,0,0.0,"Coetzee to Mustafizur, no run  .nearly tickled it through to the keeper, but it's ultimately a swing and a miss",Coetzee,Mustafizur,0.0,0,0,1,1,0.0,0,,0
"41.6 
• 
Coetzee to Mustafizur, no run 
smart little drive to mid-off 
end of over 428 runs  
BAN: 200/8CRR: 4.76 • RRR: 22.87 • Need 183 runs from 48b 
Mustafizur Rahman9 (15b 2x4) 
Mahmudullah88 (92b 10x4 2x6) 
Gerald Coetzee 8-0-47-2 
Lizaad Williams 8-1-51-1 
There's been a bit of sloppiness, but only after the job's done, really",41.6,0,0.0,"Coetzee to Mustafizur, no run  .smart little drive to mid-off",Coetzee,Mustafizur,0.0,0,0,1,1,0.0,0,,0
"42.1 
• 
Rabada to Mahmudullah, no run 
clipped round the corner before the turns the single down",42.1,0,0.0,"Rabada to Mahmudullah, no run  .clipped round the corner before the turns the single down",Rabada,Mahmudullah,0.0,0,0,1,1,0.0,0,,0
"42.2 
• 
Rabada to Mahmudullah, no run 
it was sliding down leg, and he glances it to midwicket, but no run to follow",42.2,0,0.0,"Rabada to Mahmudullah, no run  .it was sliding down leg, and he glances it to midwicket, but no run to follow",Rabada,Mahmudullah,0.0,0,0,1,1,0.0,0,,0
"42.3 
• 
Rabada to Mahmudullah, no run 
slower bouncer is given a wide on height",42.3,0,0.0,"Rabada to Mahmudullah, no run  .slower bouncer is given a wide on height",Rabada,Mahmudullah,0.0,0,0,1,1,0.0,0,,0
"42.4 
• 
Rabada to Mahmudullah, no run 
full and wide. Mahmudullah tried to steer it behind point but can't get bat on it",42.4,0,0.0,"Rabada to Mahmudullah, no run  .full and wide. Mahmudullah tried to steer it behind point but can't get bat on it",Rabada,Mahmudullah,0.0,0,0,1,1,0.0,0,,0
"42.5 
1 
Rabada to Mahmudullah, 1 run 
eased down to long-on",42.5,1,1.0,"Rabada to Mahmudullah, 1 run  .eased down to long-on",Rabada,Mahmudullah,1.0,0,0,1,1,1.0,0,,1
"42.6 
• 
Rabada to Mustafizur, no run 
slower ball, defended 
end of over 431 run  
BAN: 201/8CRR: 4.67 • RRR: 26.00 • Need 182 runs from 42b 
Mustafizur Rahman9 (16b 2x4) 
Mahmudullah89 (97b 10x4 2x6) 
Kagiso Rabada 9-1-30-2 
Gerald Coetzee 8-0-47-2",42.6,0,0.0,"Rabada to Mustafizur, no run  .slower ball, defended",Rabada,Mustafizur,0.0,0,0,1,1,0.0,0,,0
"43.1 
• 
Coetzee to Mahmudullah, no run 
slow, wide ball that Mahmudullah was left reaching for",43.1,0,0.0,"Coetzee to Mahmudullah, no run  .slow, wide ball that Mahmudullah was left reaching for",Coetzee,Mahmudullah,0.0,0,0,1,1,0.0,0,,0
"43.2 
1w 
Coetzee to Mahmudullah, 1 wide 
full and gloriously wide. Almost a no-ball 
Shyam: ""@Danyal: I don't think Peanut is totally wrong here. All matches SA has won so 
far - batted first and amassed a big score. Teams perished chasing total. BAN is not 
chasing total but NRR and exposing them"" I wouldn't say they're exposing a side that are 
about to beat them by 150 runs. They're just having a good partnership",43.2,1w,1.0,"Coetzee to Mahmudullah, 1 wide  .full and gloriously wide. Almost a no-ball",Coetzee,Mahmudullah,0.0,0,0,0,0,1.0,0,,1
"43.2 
• 
Coetzee to Mahmudullah, no run 
angled down to deep third but he turns the single down again",43.2,0,0.0,"Coetzee to Mahmudullah, no run  .angled down to deep third but he turns the single down again",Coetzee,Mahmudullah,0.0,0,0,1,1,0.0,0,,0
"43.3 
1 
Coetzee to Mahmudullah, 1 run 
crunched to wide long-off. Mahmudullah clearly wanted two but it was never on, and he 
has to settle for one",43.3,1,1.0,"Coetzee to Mahmudullah, 1 run  .crunched to wide long-off. Mahmudullah clearly wanted two but it was never on, and he  .has to settle for one",Coetzee,Mahmudullah,1.0,0,0,1,1,1.0,0,,1
"43.4 
1 
Coetzee to Mustafizur, 1 run 
squeezed him for room. He clips it down to fine leg and they come through for one",43.4,1,1.0,"Coetzee to Mustafizur, 1 run  .squeezed him for room. He clips it down to fine leg and they come through for one",Coetzee,Mustafizur,1.0,0,0,1,1,1.0,0,,1
"43.5 
6 
Coetzee to Mahmudullah, SIX runs 
majestic shot. Reads the slower ball, steps across and leans into an expansive off drive. 
Connects perfectly and flies over long-off for a six that takes him to 96*",43.5,6,6.0,"Coetzee to Mahmudullah, SIX runs  .majestic shot. Reads the slower ball, steps across and leans into an expansive off drive.  .Connects perfectly and flies over long-off for a six that takes him to 96*",Coetzee,Mahmudullah,6.0,0,1,1,1,6.0,0,,1
"43.6 
1 
Coetzee to Mahmudullah, 1 run 
nudged to the onside and they scurry through for one 
end of over 4410 runs  
BAN: 211/8CRR: 4.79 • RRR: 28.66 • Need 172 runs from 36b 
Mahmudullah97 (102b 10x4 3x6) 
Mustafizur Rahman10 (17b 2x4) 
Gerald Coetzee 9-0-57-2 
Kagiso Rabada 9-1-30-2 
ProteaFan: ""I'll take the ""problem"" of not winning by 200 runs but ""only"" 150 runs 
everyday of the year!""",43.6,1,1.0,"Coetzee to Mahmudullah, 1 run  .nudged to the onside and they scurry through for one",Coetzee,Mahmudullah,1.0,0,0,1,1,1.0,0,,1
"44.1 
2 
Rabada to Mahmudullah, 2 runs 
nurdled round the corner and he calls for two straightaway. They get back comfortably, 
and he's now one away 
Raj: ""@Danyal The same could be said about India...They always chased. I want to see 
how they fare when they put up a total and defend it""",44.1,2,2.0,"Rabada to Mahmudullah, 2 runs  .nurdled round the corner and he calls for two straightaway. They get back comfortably,  .and he's now one away",Rabada,Mahmudullah,2.0,0,0,1,1,2.0,0,,1
"44.2 
1 
Rabada to Mahmudullah, 1 run 
won't turn this single down! Steered down to fine leg for his third World Cup hundred. 
Goes down on his knees and performs the sajdah in Mumbai, and gets gracious 
applause for a very steely innings 
See all photos",44.2,1,1.0,"Rabada to Mahmudullah, 1 run  .won't turn this single down! Steered down to fine leg for his third World Cup hundred.  .Goes down on his knees and performs the sajdah in Mumbai, and gets gracious  .applause for a very steely innings  .See all photos",Rabada,Mahmudullah,1.0,0,0,1,1,1.0,0,,1
"44.3 
1 
Rabada to Mustafizur, 1 run 
poked to cover and they scamper through for one more",44.3,1,1.0,"Rabada to Mustafizur, 1 run  .poked to cover and they scamper through for one more",Rabada,Mustafizur,1.0,0,0,1,1,1.0,0,,1
"44.4 
• 
Rabada to Mahmudullah, no run 
slower bouncer that beats Mahmudullah for once",44.4,0,0.0,"Rabada to Mahmudullah, no run  .slower bouncer that beats Mahmudullah for once",Rabada,Mahmudullah,0.0,0,0,1,1,0.0,0,,0
"44.5 
6 
Rabada to Mahmudullah, SIX runs 
juicy full toss gets the treatment it deserves! Clobbered over cow corner for another 
six. That's a poor delivery and Mahmudullah in the zone is not going to let him get away 
with it",44.5,6,6.0,"Rabada to Mahmudullah, SIX runs  .juicy full toss gets the treatment it deserves! Clobbered over cow corner for another  .six. That's a poor delivery and Mahmudullah in the zone is not going to let him get away  .with it",Rabada,Mahmudullah,6.0,0,1,1,1,6.0,0,,1
"44.6 
2nb 
Rabada to Mahmudullah, (no ball) 1 run 
nudged down to fine leg to keep the strike. Or not, actually! This is a no-ball. The Fizz 
will face a free hit",44.6,2nb,2.0,"Rabada to Mahmudullah, (no ball) 1 run  .nudged down to fine leg to keep the strike. Or not, actually! This is a no-ball. The Fizz  .will face a free hit",Rabada,Mahmudullah,1.0,0,0,1,0,2.0,0,,1
"44.6 
• 
Rabada to Mustafizur, no run 
smeared to backward point, and now Alan comes in to put this game out of its misery 
end of over 4512 runs  
BAN: 223/8CRR: 4.95 • RRR: 32.00 • Need 160 runs from 30b 
Mustafizur Rahman11 (19b 2x4) 
Mahmudullah107 (107b 10x4 4x6) 
Kagiso Rabada 10-1-42-2 
Gerald Coetzee 9-0-57-2 
Evening all. Time to Mortal Kombat this",44.6,0,0.0,"Rabada to Mustafizur, no run  .smeared to backward point, and now Alan comes in to put this game out of its misery",Rabada,Mustafizur,0.0,0,0,1,1,0.0,0,,0
"45.1 
• 
Coetzee to Mahmudullah, no run 
length in the channel wide of off, Mahmudullah swipes a bottom edge into the turf",45.1,0,0.0,"Coetzee to Mahmudullah, no run  .length in the channel wide of off, Mahmudullah swipes a bottom edge into the turf",Coetzee,Mahmudullah,0.0,0,0,1,1,0.0,0,,0
"45.2 
• 
Coetzee to Mahmudullah, no run 
low full toss, possible a change-up. Bunted to the man at cover",45.2,0,0.0,"Coetzee to Mahmudullah, no run  .low full toss, possible a change-up. Bunted to the man at cover",Coetzee,Mahmudullah,0.0,0,0,1,1,0.0,0,,0
"45.3 
4 
Coetzee to Mahmudullah, FOUR runs 
pitched up and sliced to the rope at deep third! This is all becoming a bit aimless from 
SA, despite the fact they are getting ever close to a huge victory",45.3,4,4.0,"Coetzee to Mahmudullah, FOUR runs  .pitched up and sliced to the rope at deep third! This is all becoming a bit aimless from  .SA, despite the fact they are getting ever close to a huge victory",Coetzee,Mahmudullah,4.0,1,0,1,1,4.0,0,,1
"45.4 
W 
Coetzee to Mahmudullah, OUT 
holes out to long-off! Mahmudullah finally departs, he'll  trudge from the field on 
Nelson from as many balls. Coetzee went full and wide, might have been a cutter but 
clocked at 144kph. Chipped straight down the throat of the fielder 
Mahmudullah c Jansen b Coetzee 111 (111b 11x4 4x6 150m) SR: 100 
See all photos 
Shoriful Islam comes out as last man 
Deleted: hop",45.4,W,0.0,"Coetzee to Mahmudullah, OUT  .holes out to long-off! Mahmudullah finally departs, he'll  trudge from the field on  .Nelson from as many balls. Coetzee went full and wide, might have been a cutter but  .clocked at 144kph. Chipped straight down the throat of the fielder  .Mahmudullah c Jansen b Coetzee 111 (111b 11x4 4x6 150m) SR: 100",Coetzee,Mahmudullah,0.0,0,0,1,1,0.0,1,c Jansen b Coetzee,0
"45.5 
• 
Coetzee to Shoriful Islam, no run 
goes round the wicket, full and straight and dug out to leg",45.5,0,0.0,"Coetzee to Shoriful Islam, no run  .goes round the wicket, full and straight and dug out to leg",Coetzee,Shoriful Islam,0.0,0,0,1,1,0.0,0,,0
"45.6 
1 
Coetzee to Shoriful Islam, 1 run 
goes for the stumps, 139kph/86mph and Shoriful flaps it back past the bowler, Jansen 
tumbling across from mid-on to stop the ball 
AdChoices 
ADVERTISEMENT 
end of over 465 runs • 1 wicket 
BAN: 228/9CRR: 4.95 • RRR: 38.75 • Need 155 runs from 24b 
Shoriful Islam1 (2b) 
Mustafizur Rahman11 (19b 2x4) 
Gerald Coetzee 10-0-62-3 
Kagiso Rabada 10-1-42-2 
Williams again. one wicket to get",45.6,1,1.0,"Coetzee to Shoriful Islam, 1 run  .goes for the stumps, 139kph/86mph and Shoriful flaps it back past the bowler, Jansen  .tumbling across from mid-on to stop the ball  .AdChoices  .ADVERTISEMENT",Coetzee,Shoriful Islam,1.0,0,0,1,1,1.0,0,,1
"46.1 
4 
Williams to Shoriful Islam, FOUR runs 
round the wicket, pace on wide of the stumps, Shoriful smears it away! Sliced into the 
gap behind deep backward point",46.1,4,4.0,"Williams to Shoriful Islam, FOUR runs  .round the wicket, pace on wide of the stumps, Shoriful smears it away! Sliced into the  .gap behind deep backward point",Williams,Shoriful Islam,4.0,1,0,1,1,4.0,0,,1
"46.2 
1 
Williams to Shoriful Islam, 1 run 
pitched up, 141kph outside off, swiped into the covers",46.2,1,1.0,"Williams to Shoriful Islam, 1 run  .pitched up, 141kph outside off, swiped into the covers",Williams,Shoriful Islam,1.0,0,0,1,1,1.0,0,,1
"46.3 
• 
Williams to Mustafizur, no run 
banged in short, Mustafizur can't connect",46.3,0,0.0,"Williams to Mustafizur, no run  .banged in short, Mustafizur can't connect",Williams,Mustafizur,0.0,0,0,1,1,0.0,0,,0
"46.4 
W 
Williams to Mustafizur, OUT 
top-edged into the off side, all over, Red Rover! Complete miscue from Shoriful and it's 
safely held by Miller running in. Williams picks up the final wicket, and SA have closed 
this out by 149 runs for their fourth win from five 
Mustafizur Rahman c Miller b Williams 11 (21b 2x4 0x6 51m) SR: 52.38 
Quinton de Kock is Player of the Match for his 174 off 140: ""I was a bit more tired than 
satisfied. Great day out, everyone played their part. Nice to get points on the board. 
[Change of WC fortunes?] Not too sure, first time inexperience... it's just happening, I 
guess. [150th cap] I was a bit nervous this morning, don't normally get nervous at all. 
Had a bit of fun, great to get two points. [Klaasen] Been amazing, I need some of the 
juice he's having. He's been special, for every team he's played for. Taking the 
tournament by storm."" 
10.08pm: It was a slow death for Bangladesh, but no doubt about the cause. The SA 
batting juggernaut crushed them during another brutal display, and the result was a 
foregone conclusion long before Mahmudullah battled through to a third World Cup 
hundred. None of his team-mates scored more than 22, as the South Africa attack 
shared the wickets around. They might be a bit concerned at failing to kill the game off 
sooner, but at the end of the day it's another emphatic result 
And South Africa's Aiden Markram: ""Tough to grind it out to the end, but we had to get 
ten wickets. Still a great day. [Finishing off with ball] Sometimes we find ourselves in 
two minds, whether to go death or not. The guys have worked quite hard on their plans. 
Mahmudullah got in and played very well. We went death and there were some good 
signs, even if one or two were missed. [Batting] What Quinny did was superb and then 
Klaasen walks in and smashes it. Everyone approaches it differently but it gels quite 
nicely. We keep striving to put in big performances. [Chasing a worry] Not necessarily, 
we had a chat before. It's just the way things have gone. The more you win batting first 
the more you lean that way. But once we get one chase under the belt, and the blueprint, 
then hopefully we'll be a good team at chasing. [Ngidi] Hopefully he can recover well 
over the next couple of days and be ready for Pakistan."" 
10.15pm: Let's hear from the captains, starting with Shakib Al Hasan: ""I thought we 
bowled well for 35 overs, took a few wickets and going at five an over. From thereon 
they kicked on, especally Quinton, he batted really well and the way Klaasen finished it 
off. On a ground like this it can happen like that. Been some talk about Mushfiq and 
Mahmud batting up the order. The top five who are not scoring need to score more and 
then we can get more out of them. At the moment India, NZ and SA are the three teams 
that look like they can win the title. But anything can happen, a long way to go. Lot to 
learn and a lot to play for. We want to finish, if not semi-finalists then five or six. We can 
still do it, I'm hopeful we can come back stronger."" 
10.25pm: Right, that's a wrap from Mumbai. South Africa racked 'em up once again with 
another monster performance batting first; Bangladesh's reply was dogged, but even 
Mahmdullah's hundred couldn't prevent a heavy defeat that sees them sink to the 
bottom of the standings. Danyal's report is on it way with the vengeful fury of a Heinrich 
Klaasen six, and we'll be back for more with Australia vs Netherlands tomorrow. Bye! 
Sponsored Headlines 
 
IPL 2025 - MI - Trent Boult to return to Mumbai Indians for remainder of the season | 
ESPNcricinfoDiscover 
 
IPL 2025 - GT vs LSG - The middle-order silver lining in Gujarat Titans' heavy defeat | 
ESPNcricinfoDiscover 
 
Wolf & Shepherd |  
Sponsored by TaboolaSponsored by Taboola 
Shop Now 
Business Sneakers CEOs Actually Swear ByRead MoreSkip 
 
IPL 2025 - Opener troubles, missed chances haunt Delhi Capitals' season | 
ESPNcricinfoDiscover 
 
IPL 2025 - Aakash Chopra and Sanjay Bangar on CSK's transition, and MS Dhoni and 
Ravindra Jadeja's futures | ESPNcricinfoDiscover 
 
The Business Sneaker Loved by CEOs and NFL StarsPremium full-grain leather and 
marathon running shoe technology providing first class comfort all day long. Loved and 
worn by NFL athletes and coaches. Shoes much more comfortable than traditional 
dress shoes.Wolf & Shepherd |  
SponsoredSponsored 
Shop Now 
Undo 
 
Your Best Life Starts TodayBoost energy, mood, and lean muscle with our powerful TRT 
Gel. Feel the difference, track your progress, and maximize your results with ease. 
Prescription products require an online consultation with a doctor. Results may 
vary.Maximus |  
SponsoredSponsored 
Learn More 
Undo 
 
Keep more for what matters with Free CheckingExperience life and money in balance. 
With Desert Financial’s Free Checking, you get a truly free account with no monthly fees. 
Plus, get paid up to two days sooner with early direct deposit.Desert Financial Credit 
Union |  
SponsoredSponsored 
Learn More 
Undo 
 
Arizona Homeowners: Estimate Pool Costs Fast [Try Now]Wondering how much a new 
pool will cost? Find out in minutes with our custom pool cost estimator. Check it 
out.Shasta Pools & Spas |  
SponsoredSponsored 
Get Quote 
Undo 
 
MIT Scientists Identify the Leading Cause of Senior FatigueA hidden MIT discovery is 
redefining what’s possible after 70. Meet the seniors who refuse to slow down, thanks 
to this simple revelation.AdvancedBionutritionals |  
SponsoredSponsored 
Read More 
Undo 
 
Get Ozempic, Wegovy or Mounjaro at a low priceThe change we’ve all been waiting for. 
Sometimes you have to see it to believe it. Trusted by experts, priced for you. Complete 
a quick online evaluation to determine if this product is right for you.Medvi |  
SponsoredSponsored 
Get Offer 
Undo 
 
God’s people need youYour monthly support can help save lives in Israel, the former 
Soviet Union, or other places of need.IFCJ | The Fellowship |  
SponsoredSponsored 
Donate Now 
Undo 
 
Chuck Norris: If You're Over 60, Avoid These 3 Foods Like The PlagueVideo available for 
a limited timeRoundhouse Provisions |  
SponsoredSponsored 
Watch Now 
Undo 
 
Amazon Is Losing Money as Arizona Shoppers Are Canceling Prime for This Clever 
HackThis simple trick can save tons of money on Amazon, but most Prime members 
are ignoring it.Online Tools | Shopping |  
SponsoredSponsored 
Undo 
 
War is not over, enemy has not been defeatedThere is no long term “peace” agreement 
with either Hezbollah or Hamas until all hostages are returnedIFCJ | The Fellowship |  
SponsoredSponsored 
Donate Now 
Undo 
 
Doctor Warns: These 3 Daily Habits Are Silently Swelling Your ProstatePure Wellness |  
SponsoredSponsored 
Undo 
 
This Gel Makes Mold Disappear Like MagicThis new gel cleans moldy surfaces without 
scrubbing or toxic chemicalsCleanLix |  
SponsoredSponsored 
Learn More 
Undo 
Language 
English 
Win Probability 
SA 100% 
SABAN 
100%50%100%SA InningsBAN Innings 
Over 47 • BAN 233/10 
Mustafizur Rahman c Miller b Williams 11 (21b 2x4 0x6 51m) SR: 52.38 
W 
South Africa won by 149 runs 
Powered by Smart Stats 
Match Coverage 
All Match News 
 
Trials, treks and front-row seats to South Africa's 
triumphs 
Our diarist survives bumpy rides, cancelled flights and missing TV channels in the 
course of covering the World Cup 
 
 
 
Mahmudullah lets his bat do the talking after time on the 
sidelines 
""I think there was little too much rest for me,"" he said after his 111 against South Africa. 
""It was not in my control."" 
 
 
 
ODI World Cup digest: de Kock leads another fearsome 
South Africa display; Netherlands seek Aussie upset 
Heinrich Klaasen was belting sixes again as Australia look to continue their 
improvement, with a possible return for Travis Head 
 
 
 
A Mumbai mauling for the Tigers  
Bangladesh become the latest victims of South Africa's destructive batting, with Shakib 
Al Hasan and co powerless to stop an all-too-familiar assault  
 
 
 
Making sense of South Africa's sixy start to the World 
Cup 
Wickets in hand and six-hitting at the death have been the two pillars of their 
exhilarating successes, with Quinton de Kock and Heinrich Klaasen at the heart of it all 
 
 
 
Instant answers to T20 questions 
What is the lowest team total in the IPL? 
Which batter has hit the most sixes in an innings in the IPL? 
Which team has scored the most runs in death overs in an IPL match? 
Ask a question 
Videos 
All Match Videos 
 
 
1:27 
Mahmudullah: 'I just try to play my game' 
 
 
 
2:30 
Aiden Markram: 'I'm still trying to figure it out' 
 
Bangladesh Innings 
Player Name 
R 
B 
Tanzid 
Hasan 
caught 
12 
17 
Litton Das 
lbw 
22 
44 
Player Name 
R 
B 
Najmul 
Hossain 
Shanto 
caught 
0 
1 
Shakib Al 
Hasan 
caught 
1 
4 
Mushfiqur 
Rahim 
caught 
8 
17 
Mahmudullah caught 
111 
111 
Mehidy 
Hasan Miraz caught 
11 
19 
Nasum 
Ahmed 
caught 
19 
19 
Hasan 
Mahmud 
caught 
15 
25 
Mustafizur 
Rahman 
caught 
11 
21 
Shoriful 
Islam 
not out 
6 
4 
Extras 
(lb 2, nb 2, w 13) 
Total 
233(10 wkts;",46.4,W,0.0,"Williams to Mustafizur, OUT  .top-edged into the off side, all over, Red Rover! Complete miscue from Shoriful and it's  .safely held by Miller running in. Williams picks up the final wicket, and SA have closed  .this out by 149 runs for their fourth win from five  .Mustafizur Rahman c Miller b Williams 11 (21b 2x4 0x6 51m) SR: 52.38",Williams,Mustafizur,0.0,0,0,1,1,0.0,1,c Miller b Williams,0
