raw_data,overs,runs,team_runs,commentary,bowler,batsman,batsman_runs,batsman_fours,batsman_sixes,batsman_bowls_faced,bowler_bowls_done,bowler_runs_given,bowler_wickets,dismissal,runs_given_bool
"0.1 
• 
Alzarri Joseph to Salt, no run 
inside-edged into the back pad, skews away into the off side. A hint of outswing up front",0.1,0,0.0,"Alzarri Joseph to Salt, no run  .inside-edged into the back pad, skews away into the off side. A hint of outswing up front",Alzarri Joseph,Salt,0.0,0,0,1,1,0.0,0,,0
"0.2 
• 
Alzarri Joseph to Salt, no run 
punched back, half-stopped in his follow-through and parried to mid-off",0.2,0,0.0,"Alzarri Joseph to Salt, no run  .punched back, half-stopped in his follow-through and parried to mid-off",Alzarri Joseph,Salt,0.0,0,0,1,1,0.0,0,,0
"0.3 
• 
Alzarri Joseph to Salt, no run 
a touch short of a good length, some shape in off the seam to thud into Salt's back 
thigh pad",0.3,0,0.0,"Alzarri Joseph to Salt, no run  .a touch short of a good length, some shape in off the seam to thud into Salt's back  .thigh pad",Alzarri Joseph,Salt,0.0,0,0,1,1,0.0,0,,0
"0.4 
4 
Alzarri Joseph to Salt, FOUR runs 
floaty half-volley, spanked down the ground for a one-bounce four! Just short of the 
rope. Joseph gets a bit greedy, overpitching looking for the nick off, and Salt presents 
the full face to ping him back over his head",0.4,4,4.0,"Alzarri Joseph to Salt, FOUR runs  .floaty half-volley, spanked down the ground for a one-bounce four! Just short of the  .rope. Joseph gets a bit greedy, overpitching looking for the nick off, and Salt presents  .the full face to ping him back over his head",Alzarri Joseph,Salt,4.0,1,0,1,1,4.0,0,,1
"0.5 
4 
Alzarri Joseph to Salt, FOUR runs 
fullish again, less convincing this time as Salt looks to drive through mid-on but the 
inside-edge skews away for four. Past his own pads, down towards long leg and a half-
hearted dive from Carty on the rope can't cut it off",0.5,4,4.0,"Alzarri Joseph to Salt, FOUR runs  .fullish again, less convincing this time as Salt looks to drive through mid-on but the  .inside-edge skews away for four. Past his own pads, down towards long leg and a half- .hearted dive from Carty on the rope can't cut it off",Alzarri Joseph,Salt,4.0,1,0,1,1,4.0,0,,1
"0.6 
• 
Alzarri Joseph to Salt, no run 
""wait there, no!"" is the cry as Salt prods into the off side 
end of over 18 runs  
ENG: 8/0CRR: 8.00  
Phil Salt8 (6b 2x4) 
Will Jacks0 (0b) 
Alzarri Joseph 1-0-8-0 
Shepherd, not Thomas, will share the new ball. Two slips.",0.6,0,0.0,"Alzarri Joseph to Salt, no run",Alzarri Joseph,Salt,0.0,0,0,1,1,0.0,0,,0
"1.1 
• 
Shepherd to Jacks, no run 
sprayed down the leg side, past the pads. Not sure how that isn't a wide, did it flick the 
pad on its way through? Jacks shakes his head in surprise.",1.1,0,0.0,"Shepherd to Jacks, no run  .sprayed down the leg side, past the pads. Not sure how that isn't a wide, did it flick the  .pad on its way through? Jacks shakes his head in surprise.",Shepherd,Jacks,0.0,0,0,1,1,0.0,0,,0
"1.2 
• 
Shepherd to Jacks, no run 
fourth-stump line, defended solidly",1.2,0,0.0,"Shepherd to Jacks, no run  .fourth-stump line, defended solidly",Shepherd,Jacks,0.0,0,0,1,1,0.0,0,,0
"1.3 
1 
Shepherd to Jacks, 1 run 
angling in from wide on the crease, wristy flick around the corner to get off the mark 
The technology for DRS is briefly down. The umpires wander over to Shai Hope to let 
him know.",1.3,1,1.0,"Shepherd to Jacks, 1 run  .angling in from wide on the crease, wristy flick around the corner to get off the mark  .The technology for DRS is briefly down. The umpires wander over to Shai Hope to let  .him know.",Shepherd,Jacks,1.0,0,0,1,1,1.0,0,,1
"1.4 
• 
Shepherd to Salt, no run 
hint of width outside off, punched to cover point",1.4,0,0.0,"Shepherd to Salt, no run  .hint of width outside off, punched to cover point",Shepherd,Salt,0.0,0,0,1,1,0.0,0,,0
"1.5 
6 
Shepherd to Salt, SIX runs 
hauled off just short of a length, over square leg for six! Not a full-blooded pull shot, 
just a pick-up into the wind which carries it on its way!",1.5,6,6.0,"Shepherd to Salt, SIX runs  .hauled off just short of a length, over square leg for six! Not a full-blooded pull shot,  .just a pick-up into the wind which carries it on its way!",Shepherd,Salt,6.0,0,1,1,1,6.0,0,,1
"1.6 
4 
Shepherd to Salt, FOUR runs 
width outside off, pinged through the off side for four more! Salt is in the mood early 
on. 
end of over 211 runs  
ENG: 19/0CRR: 9.50  
Phil Salt18 (9b 3x4 1x6) 
Will Jacks1 (3b) 
Romario Shepherd 1-0-11-0 
Alzarri Joseph 1-0-8-0 
Aatzaz Latif: ""Both teams captain are wicketkeeper also is this the first time?"" -- Sure it's 
happened hundreds of times before, Aatzaz... the 2011 World Cup final for a start! 
Just the one slip now",1.6,4,4.0,"Shepherd to Salt, FOUR runs  .width outside off, pinged through the off side for four more! Salt is in the mood early  .on.",Shepherd,Salt,4.0,1,0,1,1,4.0,0,,1
"2.1 
• 
Alzarri Joseph to Jacks, no run 
pushed into the off side",2.1,0,0.0,"Alzarri Joseph to Jacks, no run  .pushed into the off side",Alzarri Joseph,Jacks,0.0,0,0,1,1,0.0,0,,0
"2.2 
• 
Alzarri Joseph to Jacks, no run 
steered to point with an open face",2.2,0,0.0,"Alzarri Joseph to Jacks, no run  .steered to point with an open face",Alzarri Joseph,Jacks,0.0,0,0,1,1,0.0,0,,0
"2.3 
• 
Alzarri Joseph to Jacks, no run 
back of a length, pushed back",2.3,0,0.0,"Alzarri Joseph to Jacks, no run  .back of a length, pushed back",Alzarri Joseph,Jacks,0.0,0,0,1,1,0.0,0,,0
"2.4 
6 
Alzarri Joseph to Jacks, SIX runs 
wide half-volley, launched into-out over extra cover for six! That is Jacks' strongest 
area, hitting over the off side. 89m, onto the grass banks. Beautiful",2.4,6,6.0,"Alzarri Joseph to Jacks, SIX runs  .wide half-volley, launched into-out over extra cover for six! That is Jacks' strongest  .area, hitting over the off side. 89m, onto the grass banks. Beautiful",Alzarri Joseph,Jacks,6.0,0,1,1,1,6.0,0,,1
"2.5 
• 
Alzarri Joseph to Jacks, no run 
skidding through into the thigh pad from just back of a length 
DRS is available again.",2.5,0,0.0,"Alzarri Joseph to Jacks, no run  .skidding through into the thigh pad from just back of a length  .DRS is available again.",Alzarri Joseph,Jacks,0.0,0,0,1,1,0.0,0,,0
"2.6 
• 
Alzarri Joseph to Jacks, no run 
hard length, defended to short cover 
Mark: ""This is the England approach that we didn't see in the World Cup - or, at least, it 
didn't come off - see ball, hit ball as far as possible. The West Indies may be in for a little 
punishment as England's batters work off some frustration."" 
end of over 36 runs  
ENG: 25/0CRR: 8.33  
Will Jacks7 (9b 1x6) 
Phil Salt18 (9b 3x4 1x6) 
Alzarri Joseph 2-0-14-0 
Romario Shepherd 1-0-11-0 
""Ladies and gentlemen, England are off to a flyer,"" says the PA announcer at the Viv.",2.6,0,0.0,"Alzarri Joseph to Jacks, no run  .hard length, defended to short cover",Alzarri Joseph,Jacks,0.0,0,0,1,1,0.0,0,,0
"3.1 
1 
Shepherd to Salt, 1 run 
full on the pads, tucked out to deep backward square",3.1,1,1.0,"Shepherd to Salt, 1 run  .full on the pads, tucked out to deep backward square",Shepherd,Salt,1.0,0,0,1,1,1.0,0,,1
"3.2 
4 
Shepherd to Jacks, FOUR runs 
short and wide, punched away through point. Stands tall and finds the gap between 
cover-point and backward point",3.2,4,4.0,"Shepherd to Jacks, FOUR runs  .short and wide, punched away through point. Stands tall and finds the gap between  .cover-point and backward point",Shepherd,Jacks,4.0,1,0,1,1,4.0,0,,1
"3.3 
1 
Shepherd to Jacks, 1 run 
fullish, tip-and-run to Joseph at mid-off who was relatively deep, towards the edge of the 
ring",3.3,1,1.0,"Shepherd to Jacks, 1 run  .fullish, tip-and-run to Joseph at mid-off who was relatively deep, towards the edge of the  .ring",Shepherd,Jacks,1.0,0,0,1,1,1.0,0,,1
"3.4 
1 
Shepherd to Salt, 1 run 
freebie on the pads, whipped out to deep backward square with a roll of the wrists",3.4,1,1.0,"Shepherd to Salt, 1 run  .freebie on the pads, whipped out to deep backward square with a roll of the wrists",Shepherd,Salt,1.0,0,0,1,1,1.0,0,,1
"3.5 
• 
Shepherd to Jacks, no run 
worked to mid-on, Cariah is in tight enough to prevent a single",3.5,0,0.0,"Shepherd to Jacks, no run  .worked to mid-on, Cariah is in tight enough to prevent a single",Shepherd,Jacks,0.0,0,0,1,1,0.0,0,,0
"3.6 
• 
Shepherd to Jacks, no run 
back of a length, steered to cover point 
end of over 47 runs  
ENG: 32/0CRR: 8.00  
Will Jacks12 (13b 1x4 1x6) 
Phil Salt20 (11b 3x4 1x6) 
Romario Shepherd 2-0-18-0 
Alzarri Joseph 2-0-14-0 
Stephen: ""Different players, Mark. If we'd had these two in the World Cup, we might not 
have made such a pig's ear of it.""",3.6,0,0.0,"Shepherd to Jacks, no run  .back of a length, steered to cover point",Shepherd,Jacks,0.0,0,0,1,1,0.0,0,,0
"4.1 
• 
Alzarri Joseph to Salt, no run 
back of a length, dead-batted to backward point",4.1,0,0.0,"Alzarri Joseph to Salt, no run  .back of a length, dead-batted to backward point",Alzarri Joseph,Salt,0.0,0,0,1,1,0.0,0,,0
"4.2 
• 
Alzarri Joseph to Salt, no run 
short ball, doesn't quite get up as expected and Salt is through the pull early. Strikes him 
on the shoulder on its way through to Hope",4.2,0,0.0,"Alzarri Joseph to Salt, no run  .short ball, doesn't quite get up as expected and Salt is through the pull early. Strikes him  .on the shoulder on its way through to Hope",Alzarri Joseph,Salt,0.0,0,0,1,1,0.0,0,,0
"4.3 
6 
Alzarri Joseph to Salt, SIX runs 
effortless pick-up over midwicket! Too full, angling into the pads, and Salt flicks it away 
with disdain",4.3,6,6.0,"Alzarri Joseph to Salt, SIX runs  .effortless pick-up over midwicket! Too full, angling into the pads, and Salt flicks it away  .with disdain",Alzarri Joseph,Salt,6.0,0,1,1,1,6.0,0,,1
"4.4 
• 
Alzarri Joseph to Salt, no run 
good comeback, striking Salt on the bottom glove with one which rears up from a 
length. He'll be OK to continue",4.4,0,0.0,"Alzarri Joseph to Salt, no run  .good comeback, striking Salt on the bottom glove with one which rears up from a  .length. He'll be OK to continue",Alzarri Joseph,Salt,0.0,0,0,1,1,0.0,0,,0
"4.5 
1lb 
Alzarri Joseph to Salt, 1 leg bye 
short ball, doesn't get up at all off the pitch. Strikes Salt somewhere around the hip and 
dribbles away leg-side",4.5,1lb,1.0,"Alzarri Joseph to Salt, 1 leg bye  .short ball, doesn't get up at all off the pitch. Strikes Salt somewhere around the hip and  .dribbles away leg-side",Alzarri Joseph,Salt,0.0,0,0,1,1,0.0,0,,0
"4.6 
4 
Alzarri Joseph to Jacks, FOUR runs 
banged in, gets up this time and Jacks' short-arm jab flies away over midwicket! 
England are cruising along at nearly nine an over... 
Rob: ""Shame we didnt have these two at the World Cup...."" 
Umair: ""@stephen! Hold on. They are playing without WC pressure and against a team 
who didn't qualify for WC. I bet YJB, Root, Stokes Malan would hav loved to play here"" 
end of over 511 runs  
ENG: 43/0CRR: 8.60  
Will Jacks16 (14b 2x4 1x6) 
Phil Salt26 (16b 3x4 2x6) 
Alzarri Joseph 3-0-24-0 
Romario Shepherd 2-0-18-0 
Carolyn: ""Is there a decent crowd in? Pretty early start."" -- A fair few travelling fans. 
Maybe half-full",4.6,4,4.0,"Alzarri Joseph to Jacks, FOUR runs  .banged in, gets up this time and Jacks' short-arm jab flies away over midwicket!  .England are cruising along at nearly nine an over...",Alzarri Joseph,Jacks,4.0,1,0,1,1,4.0,0,,1
"5.1 
4 
Shepherd to Salt, FOUR runs 
up on his toes, flashes hard through the infield! Short of a length, jumps into the shot 
and punches away through backward point",5.1,4,4.0,"Shepherd to Salt, FOUR runs  .up on his toes, flashes hard through the infield! Short of a length, jumps into the shot  .and punches away through backward point",Shepherd,Salt,4.0,1,0,1,1,4.0,0,,1
"5.2 
• 
Shepherd to Salt, no run 
wide on the crease, punches back on the bounce",5.2,0,0.0,"Shepherd to Salt, no run  .wide on the crease, punches back on the bounce",Shepherd,Salt,0.0,0,0,1,1,0.0,0,,0
"5.3 
• 
Shepherd to Salt, no run 
strangled down the leg side... or is he? Nope, just flicked off the bottom of the thigh pad 
or the strap of the front pad. Diving take by Hope, who isn't interested in the appeal",5.3,0,0.0,"Shepherd to Salt, no run  .strangled down the leg side... or is he? Nope, just flicked off the bottom of the thigh pad  .or the strap of the front pad. Diving take by Hope, who isn't interested in the appeal",Shepherd,Salt,0.0,0,0,1,1,0.0,0,,0
"5.4 
6 
Shepherd to Salt, SIX runs 
swing, batter, batter, swiiiiiiing! Salt shuffles across to cover his off stump and heaves 
Shepherd over midwicket, into the wind and onto the grass bank",5.4,6,6.0,"Shepherd to Salt, SIX runs  .swing, batter, batter, swiiiiiiing! Salt shuffles across to cover his off stump and heaves  .Shepherd over midwicket, into the wind and onto the grass bank",Shepherd,Salt,6.0,0,1,1,1,6.0,0,,1
"5.5 
2 
Shepherd to Salt, 2 runs 
back of a length, hint of width outside off. Punched hard through cover, past the diving 
infielder",5.5,2,2.0,"Shepherd to Salt, 2 runs  .back of a length, hint of width outside off. Punched hard through cover, past the diving  .infielder",Shepherd,Salt,2.0,0,0,1,1,2.0,0,,1
"5.6 
4 
Shepherd to Salt, FOUR runs 
offcutter, crunched through cover for four more! A freebie, in the slot, and put away 
effortlessly 
Powerplay done... Hang on, this is an ODI?! 
end of over 616 runs  
ENG: 59/0CRR: 9.83  
Phil Salt42 (22b 5x4 3x6) 
Will Jacks16 (14b 2x4 1x6) 
Romario Shepherd 3-0-34-0 
Alzarri Joseph 3-0-24-0 
Prashant: ""Well well quicker than India there I wonder who's gonna win at the end of 20 
overs haha"" 
Spin. Motie replaces Joseph. Left-arm orthodox spin. Slip in place.",5.6,4,4.0,"Shepherd to Salt, FOUR runs  .offcutter, crunched through cover for four more! A freebie, in the slot, and put away  .effortlessly  .Powerplay done... Hang on, this is an ODI?!",Shepherd,Salt,4.0,1,0,1,1,4.0,0,,1
"6.1 
1 
Motie to Jacks, 1 run 
full, worked off the pads to deep square leg 
Salt has had his troubles with left-arm spin, most notably in Bangladesh earlier this year",6.1,1,1.0,"Motie to Jacks, 1 run  .full, worked off the pads to deep square leg  .Salt has had his troubles with left-arm spin, most notably in Bangladesh earlier this year",Motie,Jacks,1.0,0,0,1,1,1.0,0,,1
"6.2 
1 
Motie to Salt, 1 run 
clears the front leg, slaps down to long-off",6.2,1,1.0,"Motie to Salt, 1 run  .clears the front leg, slaps down to long-off",Motie,Salt,1.0,0,0,1,1,1.0,0,,1
"6.3 
1 
Motie to Jacks, 1 run 
driven calmly down to long-off",6.3,1,1.0,"Motie to Jacks, 1 run  .driven calmly down to long-off",Motie,Jacks,1.0,0,0,1,1,1.0,0,,1
"6.4 
1 
Motie to Salt, 1 run 
short and wide, slapped hard down to long-off",6.4,1,1.0,"Motie to Salt, 1 run  .short and wide, slapped hard down to long-off",Motie,Salt,1.0,0,0,1,1,1.0,0,,1
"6.5 
5w 
Motie to Jacks, 5 wide 
full, fired down the leg side. Jacks gets down to sweep, can't get anything on it, but his 
attempted shot leaves Hope un-sighted and the ball skews away for five wides 
Slip moves out",6.5,5w,5.0,"Motie to Jacks, 5 wide  .full, fired down the leg side. Jacks gets down to sweep, can't get anything on it, but his  .attempted shot leaves Hope un-sighted and the ball skews away for five wides  .Slip moves out",Motie,Jacks,0.0,0,0,0,0,5.0,0,,1
"6.5 
2 
Motie to Jacks, 2 runs 
tighter line, better length, and a hint of edge through third as Jacks plays with soft 
hands, dabbing it away for a couple",6.5,2,2.0,"Motie to Jacks, 2 runs  .tighter line, better length, and a hint of edge through third as Jacks plays with soft  .hands, dabbing it away for a couple",Motie,Jacks,2.0,0,0,1,1,2.0,0,,1
"6.6 
• 
Motie to Jacks, no run 
quick and flat in the channel, poked towards point 
end of over 711 runs  
ENG: 70/0CRR: 10.00  
Will Jacks20 (18b 2x4 1x6) 
Phil Salt44 (24b 5x4 3x6) 
Gudakesh Motie 1-0-11-0 
Romario Shepherd 3-0-34-0 
Dan: ""England doing the business against a second tier outfit, just like they did against 
Ireland in the buildup to the WC. Not going to be much we can read into these games, 
England should beat this WI team 99 times out of 100 in any format."" -- Can only beat 
what's in front of you, Dan... 
Change of ends for Joseph, as the expensive Shepherd comes out of the attack.",6.6,0,0.0,"Motie to Jacks, no run  .quick and flat in the channel, poked towards point",Motie,Jacks,0.0,0,0,1,1,0.0,0,,0
"7.1 
1 
Alzarri Joseph to Salt, 1 run 
short and wide, steered down to deep third",7.1,1,1.0,"Alzarri Joseph to Salt, 1 run  .short and wide, steered down to deep third",Alzarri Joseph,Salt,1.0,0,0,1,1,1.0,0,,1
"7.2 
4 
Alzarri Joseph to Jacks, FOUR runs 
shambolic fielding from Motie on the rope, West Indies keep leaking runs! Short and a 
hint of width outside off stump. Punched away behind square on the off side. Motie ran 
around from deep third and slid, but the ball skewed through his legs and dribbled into 
the boundary",7.2,4,4.0,"Alzarri Joseph to Jacks, FOUR runs  .shambolic fielding from Motie on the rope, West Indies keep leaking runs! Short and a  .hint of width outside off stump. Punched away behind square on the off side. Motie ran  .around from deep third and slid, but the ball skewed through his legs and dribbled into  .the boundary",Alzarri Joseph,Jacks,4.0,1,0,1,1,4.0,0,,1
"7.3 
• 
Alzarri Joseph to Jacks, no run 
looks to haul an offcutter over the leg side, and nearly loses his off stump as he fails to 
make contact",7.3,0,0.0,"Alzarri Joseph to Jacks, no run  .looks to haul an offcutter over the leg side, and nearly loses his off stump as he fails to  .make contact",Alzarri Joseph,Jacks,0.0,0,0,1,1,0.0,0,,0
"7.4 
1 
Alzarri Joseph to Jacks, 1 run 
steered down to deep third, Motie cleans up this time",7.4,1,1.0,"Alzarri Joseph to Jacks, 1 run  .steered down to deep third, Motie cleans up this time",Alzarri Joseph,Jacks,1.0,0,0,1,1,1.0,0,,1
"7.5 
• 
Alzarri Joseph to Salt, no run 
hard length, worked to point on the bounce",7.5,0,0.0,"Alzarri Joseph to Salt, no run  .hard length, worked to point on the bounce",Alzarri Joseph,Salt,0.0,0,0,1,1,0.0,0,,0
"7.6 
• 
Alzarri Joseph to Salt, no run 
length ball, pressed to mid-off 
Good comeback over from Joseph 
end of over 86 runs  
ENG: 76/0CRR: 9.50  
Phil Salt45 (27b 5x4 3x6) 
Will Jacks25 (21b 3x4 1x6) 
Alzarri Joseph 4-0-30-0 
Gudakesh Motie 1-0-11-0 
Mark: ""@Stephen That's the whole point. A number of these players will think that they 
*should* have been at the World Cup and, with the T20 World Cup coming up, will try to 
set out and make a point, don't you think?"" 
Dan: ""Previous statement aside, is it too early to say 500 clearly on here?""",7.6,0,0.0,"Alzarri Joseph to Salt, no run  .length ball, pressed to mid-off  .Good comeback over from Joseph",Alzarri Joseph,Salt,0.0,0,0,1,1,0.0,0,,0
"8.1 
1 
Motie to Jacks, 1 run 
full and straight, worked out to deep backward square with a wristy flick",8.1,1,1.0,"Motie to Jacks, 1 run  .full and straight, worked out to deep backward square with a wristy flick",Motie,Jacks,1.0,0,0,1,1,1.0,0,,1
"8.2 
W 
Motie to Salt, OUT 
chipped to cover on the edge of the ring! Salt is always vulnerable to left-arm spin and 
can't keep his cut down, clearing his front leg and slapping a back-of-a-length ball to 
Carty. West Indies have a much-needed breakthrough in the first 10 
Phil Salt c Carty b Motie 45 (28b 5x4 3x6 38m) SR: 160.71 
Crawley at No. 3.",8.2,W,0.0,"Motie to Salt, OUT  .chipped to cover on the edge of the ring! Salt is always vulnerable to left-arm spin and  .can't keep his cut down, clearing his front leg and slapping a back-of-a-length ball to  .Carty. West Indies have a much-needed breakthrough in the first 10  .Phil Salt c Carty b Motie 45 (28b 5x4 3x6 38m) SR: 160.71",Motie,Salt,0.0,0,0,1,1,0.0,1,c Carty b Motie,0
"8.3 
• 
Motie to Crawley, no run 
full and straight, driven back",8.3,0,0.0,"Motie to Crawley, no run  .full and straight, driven back",Motie,Crawley,0.0,0,0,1,1,0.0,0,,0
"8.4 
• 
Motie to Crawley, no run 
fired through outside off stump, Crawley can't make contact with his attempted dab-
sweep",8.4,0,0.0,"Motie to Crawley, no run  .fired through outside off stump, Crawley can't make contact with his attempted dab- .sweep",Motie,Crawley,0.0,0,0,1,1,0.0,0,,0
"8.5 
• 
Motie to Crawley, no run 
drag-down, sticks in the pitch and Crawley pushes it back",8.5,0,0.0,"Motie to Crawley, no run  .drag-down, sticks in the pitch and Crawley pushes it back",Motie,Crawley,0.0,0,0,1,1,0.0,0,,0
"8.6 
• 
Motie to Crawley, no run 
full and straight, outside-edged to short third as Crawley lunges forwards 
Much more like it from Motie, and some early signs of assistance for the spinners in 
this surface 
Carl: ""Have people completely forgotten about the NZ series just before the World Cup? 
Aside from the first match they beat NZ three times in a row quite convincingly. The 
World Cup was an aberration but they still were able to beat top teams before with the 
old line up….at home anyway."" 
end of over 91 run • 1 wicket 
ENG: 77/1CRR: 8.55  
Zak Crawley0 (4b) 
Will Jacks26 (22b 3x4 1x6) 
Gudakesh Motie 2-0-12-1 
Alzarri Joseph 4-0-30-0",8.6,0,0.0,"Motie to Crawley, no run  .full and straight, outside-edged to short third as Crawley lunges forwards  .Much more like it from Motie, and some early signs of assistance for the spinners in  .this surface",Motie,Crawley,0.0,0,0,1,1,0.0,0,,0
"9.1 
• 
Alzarri Joseph to Jacks, no run 
back of a length, stands tall and pokes back down the pitch",9.1,0,0.0,"Alzarri Joseph to Jacks, no run  .back of a length, stands tall and pokes back down the pitch",Alzarri Joseph,Jacks,0.0,0,0,1,1,0.0,0,,0
"9.2 
W 
Alzarri Joseph to Jacks, OUT 
nicked off! Pace and bounce, the end change works a treat for Joseph. A hint of 
movement away off the seam, Jacks was trying to steer through third but could only 
nick it through to Hope. West Indies go bang-bang 
Will Jacks c †Hope b Joseph 26 (24b 3x4 1x6 42m) SR: 108.33 
Ben Duckett walks out to join his Test match opening partner. Slip in.",9.2,W,0.0,"Alzarri Joseph to Jacks, OUT  .nicked off! Pace and bounce, the end change works a treat for Joseph. A hint of  .movement away off the seam, Jacks was trying to steer through third but could only  .nick it through to Hope. West Indies go bang-bang  .Will Jacks c †Hope b Joseph 26 (24b 3x4 1x6 42m) SR: 108.33",Alzarri Joseph,Jacks,0.0,0,0,1,1,0.0,1,c †Hope b Joseph,0
"9.3 
• 
Alzarri Joseph to Duckett, no run 
over the wicket, looking to angle it across him. Dead-batted into the off side",9.3,0,0.0,"Alzarri Joseph to Duckett, no run  .over the wicket, looking to angle it across him. Dead-batted into the off side",Alzarri Joseph,Duckett,0.0,0,0,1,1,0.0,0,,0
"9.4 
• 
Alzarri Joseph to Duckett, no run 
half-volley, punched into the off side. Crowd catch at short cover, as the ball loops up 
after being driven hard into the pitch on the bounce",9.4,0,0.0,"Alzarri Joseph to Duckett, no run  .half-volley, punched into the off side. Crowd catch at short cover, as the ball loops up  .after being driven hard into the pitch on the bounce",Alzarri Joseph,Duckett,0.0,0,0,1,1,0.0,0,,0
"9.5 
• 
Alzarri Joseph to Duckett, no run 
width outside off, slapped to Carty at point on the edge of the ring",9.5,0,0.0,"Alzarri Joseph to Duckett, no run  .width outside off, slapped to Carty at point on the edge of the ring",Alzarri Joseph,Duckett,0.0,0,0,1,1,0.0,0,,0
"9.6 
1 
Alzarri Joseph to Duckett, 1 run 
straighter line, shovelled off the hip to deep midwicket 
First Powerplay done. England made a very bright start through Jacks and Salt, but 77 
for 0 off",9.6,1,1.0,"Alzarri Joseph to Duckett, 1 run  .straighter line, shovelled off the hip to deep midwicket  .First Powerplay done. England made a very bright start through Jacks and Salt, but 77  .for 0 off",Alzarri Joseph,Duckett,1.0,0,0,1,1,1.0,0,,1
"10.1 
• 
Thomas to Duckett, no run 
full on the pads, worked leg-side",10.1,0,0.0,"Thomas to Duckett, no run  .full on the pads, worked leg-side",Thomas,Duckett,0.0,0,0,1,1,0.0,0,,0
"10.2 
• 
Thomas to Duckett, no run 
full on the pads, worked to mid-on",10.2,0,0.0,"Thomas to Duckett, no run  .full on the pads, worked to mid-on",Thomas,Duckett,0.0,0,0,1,1,0.0,0,,0
"10.3 
• 
Thomas to Duckett, no run 
width outside off, Duckett shapes to slap through the off side but the extra bounce 
takes it over the top edge",10.3,0,0.0,"Thomas to Duckett, no run  .width outside off, Duckett shapes to slap through the off side but the extra bounce  .takes it over the top edge",Thomas,Duckett,0.0,0,0,1,1,0.0,0,,0
"10.4 
1 
Thomas to Duckett, 1 run 
punched down the ground. Good work from Motie at mid-off, sliding around to cut it off 
and save three runs",10.4,1,1.0,"Thomas to Duckett, 1 run  .punched down the ground. Good work from Motie at mid-off, sliding around to cut it off  .and save three runs",Thomas,Duckett,1.0,0,0,1,1,1.0,0,,1
"10.5 
• 
Thomas to Crawley, no run 
back of a length, Crawley stands tall and dabs into the off side",10.5,0,0.0,"Thomas to Crawley, no run  .back of a length, Crawley stands tall and dabs into the off side",Thomas,Crawley,0.0,0,0,1,1,0.0,0,,0
"10.6 
• 
Thomas to Crawley, no run 
in the channel outside off stump, Crawley leaves it alone. Thomas covers his mouth 
with his hand, though this missed the top of off by a fair margin 
See all photos 
Thomas Davey: ""Where's the predictor? Didn't you finally incorpate one for the ODI WC? 
Or just not sufficient data for bilaterals yet?"" -- Should be there at the top of your page, 
Thomas. England on course for 292, it reckons. 
end of over 111 run  
ENG: 79/2CRR: 7.18  
Zak Crawley0 (6b) 
Ben Duckett2 (8b) 
Oshane Thomas 1-0-1-0 
Alzarri Joseph 5-0-31-1 
Change of ends for Motie, moving from the Andy Roberts End to the Curtley Ambrose 
End.",10.6,0,0.0,"Thomas to Crawley, no run  .in the channel outside off stump, Crawley leaves it alone. Thomas covers his mouth  .with his hand, though this missed the top of off by a fair margin  .See all photos",Thomas,Crawley,0.0,0,0,1,1,0.0,0,,0
"11.1 
• 
Motie to Duckett, no run 
tossed up wide outside off stump, Duckett looks to drive through extra cover but is 
beaten on the inside edge by sharp turn",11.1,0,0.0,"Motie to Duckett, no run  .tossed up wide outside off stump, Duckett looks to drive through extra cover but is  .beaten on the inside edge by sharp turn",Motie,Duckett,0.0,0,0,1,1,0.0,0,,0
"11.2 
4 
Motie to Duckett, FOUR runs 
switches round to reverse-slap over point... ""catch it, Alick!"" is the shout from Hope but 
it flies over his head and away for four",11.2,4,4.0,"Motie to Duckett, FOUR runs",Motie,Duckett,4.0,1,0,1,1,4.0,0,,1
"11.3 
4 
Motie to Duckett, FOUR runs 
another reverse, much finer this time and all along the ground for four more 
An extra man comes in behind point",11.3,4,4.0,"Motie to Duckett, FOUR runs  .another reverse, much finer this time and all along the ground for four more  .An extra man comes in behind point",Motie,Duckett,4.0,1,0,1,1,4.0,0,,1
"11.4 
1 
Motie to Duckett, 1 run 
full outside off stump, Duckett leans across and milks a single through midwicket. Top 
batting, manipulating the field to open up a low-risk single",11.4,1,1.0,"Motie to Duckett, 1 run  .full outside off stump, Duckett leans across and milks a single through midwicket. Top  .batting, manipulating the field to open up a low-risk single",Motie,Duckett,1.0,0,0,1,1,1.0,0,,1
"11.5 
2 
Motie to Crawley, 2 runs 
full and straight, worked down to wide long-on for a couple. Cariah was flat-footed in the 
depe and has been moved into the inner ring as a result",11.5,2,2.0,"Motie to Crawley, 2 runs  .full and straight, worked down to wide long-on for a couple. Cariah was flat-footed in the  .depe and has been moved into the inner ring as a result",Motie,Crawley,2.0,0,0,1,1,2.0,0,,1
"11.6 
1 
Motie to Crawley, 1 run 
worked to long-on again, where Rutherford keeps them to a single this time 
end of over 1212 runs  
ENG: 91/2CRR: 7.58  
Zak Crawley3 (8b) 
Ben Duckett11 (12b 2x4) 
Gudakesh Motie 3-0-24-1 
Oshane Thomas 1-0-1-0",11.6,1,1.0,"Motie to Crawley, 1 run  .worked to long-on again, where Rutherford keeps them to a single this time",Motie,Crawley,1.0,0,0,1,1,1.0,0,,1
"12.1 
• 
Thomas to Crawley, no run 
length ball, Crawley leans across looking to work leg-side but is struck on the thigh pad",12.1,0,0.0,"Thomas to Crawley, no run  .length ball, Crawley leans across looking to work leg-side but is struck on the thigh pad",Thomas,Crawley,0.0,0,0,1,1,0.0,0,,0
"12.2 
• 
Thomas to Crawley, no run 
length ball, nipping in off the seam. Struck on the knee roll",12.2,0,0.0,"Thomas to Crawley, no run  .length ball, nipping in off the seam. Struck on the knee roll",Thomas,Crawley,0.0,0,0,1,1,0.0,0,,0
"12.3 
• 
Thomas to Crawley, no run 
back of a length, stands tall and works to cover 
Davendra: ""In Guyana we have a proverb that says 'Fancy gallop don't win race'""",12.3,0,0.0,"Thomas to Crawley, no run  .back of a length, stands tall and works to cover",Thomas,Crawley,0.0,0,0,1,1,0.0,0,,0
"12.4 
• 
Thomas to Crawley, no run 
punched to cover-point",12.4,0,0.0,"Thomas to Crawley, no run  .punched to cover-point",Thomas,Crawley,0.0,0,0,1,1,0.0,0,,0
"12.5 
• 
Thomas to Crawley, no run 
short ball, doesn't quite get up off the pitch and Crawley toe-ends his pull back to 
Thomas on the bounce",12.5,0,0.0,"Thomas to Crawley, no run  .short ball, doesn't quite get up off the pitch and Crawley toe-ends his pull back to  .Thomas on the bounce",Thomas,Crawley,0.0,0,0,1,1,0.0,0,,0
"12.6 
1 
Thomas to Crawley, 1 run 
leans across, tucks leg-side to wide mid-on to retain the strike 
end of over 131 run  
ENG: 92/2CRR: 7.07  
Zak Crawley4 (14b) 
Ben Duckett11 (12b 2x4) 
Oshane Thomas 2-0-2-0 
Gudakesh Motie 3-0-24-1",12.6,1,1.0,"Thomas to Crawley, 1 run  .leans across, tucks leg-side to wide mid-on to retain the strike",Thomas,Crawley,1.0,0,0,1,1,1.0,0,,1
"13.1 
1w 
Motie to Crawley, 1 wide 
tossed up, but strays down the leg side past Crawley's sweep",13.1,1w,1.0,"Motie to Crawley, 1 wide  .tossed up, but strays down the leg side past Crawley's sweep",Motie,Crawley,0.0,0,0,0,0,1.0,0,,1
"13.1 
1 
Motie to Crawley, 1 run 
worked away through square leg",13.1,1,1.0,"Motie to Crawley, 1 run  .worked away through square leg",Motie,Crawley,1.0,0,0,1,1,1.0,0,,1
"13.2 
• 
Motie to Duckett, no run 
jumps across looking to reverse, Motie sees him going and fires one down what was 
once Duckett's leg side... cat and mouse",13.2,0,0.0,"Motie to Duckett, no run  .jumps across looking to reverse, Motie sees him going and fires one down what was  .once Duckett's leg side... cat and mouse",Motie,Duckett,0.0,0,0,1,1,0.0,0,,0
"13.3 
1 
Motie to Duckett, 1 run 
nudges into the leg side to get off strike",13.3,1,1.0,"Motie to Duckett, 1 run  .nudges into the leg side to get off strike",Motie,Duckett,1.0,0,0,1,1,1.0,0,,1
"13.4 
4 
Motie to Crawley, FOUR runs 
sits up nicely for Crawley, who spanks it through the off side for four. Dragged down, 
short and wide",13.4,4,4.0,"Motie to Crawley, FOUR runs  .sits up nicely for Crawley, who spanks it through the off side for four. Dragged down,  .short and wide",Motie,Crawley,4.0,1,0,1,1,4.0,0,,1
"13.5 
1 
Motie to Crawley, 1 run 
looks to go down the ground, but checks the shot when he remembers long-on is in 
place. Chips over Motie's head",13.5,1,1.0,"Motie to Crawley, 1 run  .looks to go down the ground, but checks the shot when he remembers long-on is in  .place. Chips over Motie's head",Motie,Crawley,1.0,0,0,1,1,1.0,0,,1
"13.6 
• 
Motie to Duckett, no run 
worked to midwicket 
end of over 148 runs  
ENG: 100/2CRR: 7.14  
Ben Duckett12 (15b 2x4) 
Zak Crawley10 (17b 1x4) 
Gudakesh Motie 4-0-32-1 
Oshane Thomas 2-0-2-0",13.6,0,0.0,"Motie to Duckett, no run  .worked to midwicket",Motie,Duckett,0.0,0,0,1,1,0.0,0,,0
"14.1 
1 
Thomas to Crawley, 1 run 
length ball, inside edged into the leg side",14.1,1,1.0,"Thomas to Crawley, 1 run  .length ball, inside edged into the leg side",Thomas,Crawley,1.0,0,0,1,1,1.0,0,,1
"14.2 
4 
Thomas to Duckett, FOUR runs 
extra bounce from just short of a length, Duckett flashes hard and the ball flies away 
off the top edge, past the man at gully and down to third for four",14.2,4,4.0,"Thomas to Duckett, FOUR runs  .extra bounce from just short of a length, Duckett flashes hard and the ball flies away  .off the top edge, past the man at gully and down to third for four",Thomas,Duckett,4.0,1,0,1,1,4.0,0,,1
"14.3 
• 
Thomas to Duckett, no run 
short and wide, slapped hard to point where Athanaze flings himself low to his left and 
cuts it off",14.3,0,0.0,"Thomas to Duckett, no run  .short and wide, slapped hard to point where Athanaze flings himself low to his left and  .cuts it off",Thomas,Duckett,0.0,0,0,1,1,0.0,0,,0
"14.4 
• 
Thomas to Duckett, no run 
width outside off, past the toe as Duckett flashes at it",14.4,0,0.0,"Thomas to Duckett, no run  .width outside off, past the toe as Duckett flashes at it",Thomas,Duckett,0.0,0,0,1,1,0.0,0,,0
"14.5 
• 
Thomas to Duckett, no run 
very wide outside off, left alone and Duckett is dumbfounded that it isn't called wide",14.5,0,0.0,"Thomas to Duckett, no run  .very wide outside off, left alone and Duckett is dumbfounded that it isn't called wide",Thomas,Duckett,0.0,0,0,1,1,0.0,0,,0
"14.6 
• 
Thomas to Duckett, no run 
excellent fielding again at point from Athanaze to cut it off 
end of over 155 runs  
ENG: 105/2CRR: 7.00  
Ben Duckett16 (20b 3x4) 
Zak Crawley11 (18b 1x4) 
Oshane Thomas 3-0-7-0 
Gudakesh Motie 4-0-32-1 
Legspin from Cariah.",14.6,0,0.0,"Thomas to Duckett, no run  .excellent fielding again at point from Athanaze to cut it off",Thomas,Duckett,0.0,0,0,1,1,0.0,0,,0
"15.1 
1 
Cariah to Crawley, 1 run 
tossed up, slapped down to long-off on the bounce",15.1,1,1.0,"Cariah to Crawley, 1 run  .tossed up, slapped down to long-off on the bounce",Cariah,Crawley,1.0,0,0,1,1,1.0,0,,1
"15.2 
• 
Cariah to Duckett, no run 
down the leg side, strikes Duckett on the thigh and dribbles away leg-side",15.2,0,0.0,"Cariah to Duckett, no run  .down the leg side, strikes Duckett on the thigh and dribbles away leg-side",Cariah,Duckett,0.0,0,0,1,1,0.0,0,,0
"15.3 
4 
Cariah to Duckett, FOUR runs 
jumps across to reverse-sweep, and nails it through cover for four",15.3,4,4.0,"Cariah to Duckett, FOUR runs  .jumps across to reverse-sweep, and nails it through cover for four",Cariah,Duckett,4.0,1,0,1,1,4.0,0,,1
"15.4 
W 
Cariah to Duckett, OUT 
bowled him, knocks back his leg stump and Cariah sends Duckett off! He gets low 
looking to lap-sweep, but it skids through, past the inside edge of the bat and into the 
top of leg. Cariah gestures towards Duckett in his celebration and West Indies have a 
third breakthrough 
Ben Duckett b Cariah 20 (23b 4x4 0x6 27m) SR: 86.95 
See all photos 
That'll be drinks, and this will be Alan Gardner to talk you through the Boring Middle 
Overs™ 
Howdy, folks. Harry Brook is also into the fray",15.4,W,0.0,"Cariah to Duckett, OUT  .bowled him, knocks back his leg stump and Cariah sends Duckett off! He gets low  .looking to lap-sweep, but it skids through, past the inside edge of the bat and into the  .top of leg. Cariah gestures towards Duckett in his celebration and West Indies have a  .third breakthrough  .Ben Duckett b Cariah 20 (23b 4x4 0x6 27m) SR: 86.95",Cariah,Duckett,0.0,0,0,1,1,0.0,1,b Cariah,0
"15.5 
• 
Cariah to Brook, no run 
looped up on fourth stump, Brook defends softly",15.5,0,0.0,"Cariah to Brook, no run  .looped up on fourth stump, Brook defends softly",Cariah,Brook,0.0,0,0,1,1,0.0,0,,0
"15.6 
• 
Cariah to Brook, no run 
pushed through a little straighter and blocked back down the track 
end of over 165 runs • 1 wicket 
ENG: 110/3CRR: 6.87  
Harry Brook0 (2b) 
Zak Crawley12 (19b 1x4) 
Yannic Cariah 1-0-5-1 
Oshane Thomas 3-0-7-0 
Still a slip in for Crawley",15.6,0,0.0,"Cariah to Brook, no run  .pushed through a little straighter and blocked back down the track",Cariah,Brook,0.0,0,0,1,1,0.0,0,,0
"16.1 
• 
Thomas to Crawley, no run 
hammers away on a length just outside off, defended coming across",16.1,0,0.0,"Thomas to Crawley, no run  .hammers away on a length just outside off, defended coming across",Thomas,Crawley,0.0,0,0,1,1,0.0,0,,0
"16.2 
1 
Thomas to Crawley, 1 run 
slightly back of a length and Crawley walks down, flicks off his hip down to fine leg",16.2,1,1.0,"Thomas to Crawley, 1 run  .slightly back of a length and Crawley walks down, flicks off his hip down to fine leg",Thomas,Crawley,1.0,0,0,1,1,1.0,0,,1
"16.3 
1 
Thomas to Brook, 1 run 
shortish into the body and tucked through backward square leg",16.3,1,1.0,"Thomas to Brook, 1 run  .shortish into the body and tucked through backward square leg",Thomas,Brook,1.0,0,0,1,1,1.0,0,,1
"16.4 
1 
Thomas to Crawley, 1 run 
banged in and played softly into a gap in the covers for another single",16.4,1,1.0,"Thomas to Crawley, 1 run  .banged in and played softly into a gap in the covers for another single",Thomas,Crawley,1.0,0,0,1,1,1.0,0,,1
"16.5 
1 
Thomas to Brook, 1 run 
touch short and wide and cut away to the sweeper",16.5,1,1.0,"Thomas to Brook, 1 run  .touch short and wide and cut away to the sweeper",Thomas,Brook,1.0,0,0,1,1,1.0,0,,1
"16.6 
4 
Thomas to Crawley, FOUR runs 
short and again room to cut, crunched in front of square! Crawley frees the hands and 
slams a cross-batted shot to the deep cover fence 
end of over 178 runs  
ENG: 118/3CRR: 6.94  
Zak Crawley18 (23b 2x4) 
Harry Brook2 (4b) 
Oshane Thomas 4-0-15-0 
Yannic Cariah 1-0-5-1",16.6,4,4.0,"Thomas to Crawley, FOUR runs  .short and again room to cut, crunched in front of square! Crawley frees the hands and  .slams a cross-batted shot to the deep cover fence",Thomas,Crawley,4.0,1,0,1,1,4.0,0,,1
"17.1 
1 
Cariah to Brook, 1 run 
lobbed up straight and clipped down to long-on",17.1,1,1.0,"Cariah to Brook, 1 run  .lobbed up straight and clipped down to long-on",Cariah,Brook,1.0,0,0,1,1,1.0,0,,1
"17.2 
• 
Cariah to Crawley, no run 
flighted, this grips a touch as Crawley tries to get forward. Runs away low towards point 
off a leading edge",17.2,0,0.0,"Cariah to Crawley, no run  .flighted, this grips a touch as Crawley tries to get forward. Runs away low towards point  .off a leading edge",Cariah,Crawley,0.0,0,0,1,1,0.0,0,,0
"17.3 
• 
Cariah to Crawley, no run 
floated up full, defended on the front foot",17.3,0,0.0,"Cariah to Crawley, no run  .floated up full, defended on the front foot",Cariah,Crawley,0.0,0,0,1,1,0.0,0,,0
"17.4 
1 
Cariah to Crawley, 1 run 
some flight and dip, Crawley is forward again, cushioned into a gap in the covers",17.4,1,1.0,"Cariah to Crawley, 1 run  .some flight and dip, Crawley is forward again, cushioned into a gap in the covers",Cariah,Crawley,1.0,0,0,1,1,1.0,0,,1
"17.5 
• 
Cariah to Brook, no run 
pushed through and checked to the man at cover",17.5,0,0.0,"Cariah to Brook, no run  .pushed through and checked to the man at cover",Cariah,Brook,0.0,0,0,1,1,0.0,0,,0
"17.6 
1 
Cariah to Brook, 1 run 
drops slightly short and Brook rocks back looking to muscle a pull. Doesn't get a clean 
connection and it bounces away to deep square leg 
end of over 183 runs  
ENG: 121/3CRR: 6.72  
Harry Brook4 (7b) 
Zak Crawley19 (26b 2x4) 
Yannic Cariah 2-0-8-1 
Oshane Thomas 4-0-15-0 
Romario Shepherd returns after some earlier punishment",17.6,1,1.0,"Cariah to Brook, 1 run  .drops slightly short and Brook rocks back looking to muscle a pull. Doesn't get a clean  .connection and it bounces away to deep square leg",Cariah,Brook,1.0,0,0,1,1,1.0,0,,1
"18.1 
• 
Shepherd to Brook, no run 
hits a good length, defended on off stump",18.1,0,0.0,"Shepherd to Brook, no run  .hits a good length, defended on off stump",Shepherd,Brook,0.0,0,0,1,1,0.0,0,,0
"18.2 
1 
Shepherd to Brook, 1 run 
touch shorter outside off, swatted into the cover region",18.2,1,1.0,"Shepherd to Brook, 1 run  .touch shorter outside off, swatted into the cover region",Shepherd,Brook,1.0,0,0,1,1,1.0,0,,1
"18.3 
1 
Shepherd to Crawley, 1 run 
back of a length outside off and Crawley cuts to the boundary rider for one more",18.3,1,1.0,"Shepherd to Crawley, 1 run  .back of a length outside off and Crawley cuts to the boundary rider for one more",Shepherd,Crawley,1.0,0,0,1,1,1.0,0,,1
"18.4 
1 
Shepherd to Brook, 1 run 
slightly short again, Brook opens the face to deep third",18.4,1,1.0,"Shepherd to Brook, 1 run  .slightly short again, Brook opens the face to deep third",Shepherd,Brook,1.0,0,0,1,1,1.0,0,,1
"18.5 
• 
Shepherd to Crawley, no run 
good length on off stump, defended into the covers",18.5,0,0.0,"Shepherd to Crawley, no run  .good length on off stump, defended into the covers",Shepherd,Crawley,0.0,0,0,1,1,0.0,0,,0
"18.6 
4 
Shepherd to Crawley, FOUR runs 
chopped away off the back foot, Crawley again finds the rope - this time opening the 
face to send it behind square 
end of over 197 runs  
ENG: 128/3CRR: 6.73  
Zak Crawley24 (29b 3x4) 
Harry Brook6 (10b) 
Romario Shepherd 4-0-41-0 
Yannic Cariah 2-0-8-1",18.6,4,4.0,"Shepherd to Crawley, FOUR runs  .chopped away off the back foot, Crawley again finds the rope - this time opening the  .face to send it behind square",Shepherd,Crawley,4.0,1,0,1,1,4.0,0,,1
"19.1 
1 
Cariah to Brook, 1 run 
spiders in a floats the ball up wide of off, Brook leans on one through the covers",19.1,1,1.0,"Cariah to Brook, 1 run  .spiders in a floats the ball up wide of off, Brook leans on one through the covers",Cariah,Brook,1.0,0,0,1,1,1.0,0,,1
"19.2 
2 
Cariah to Crawley, 2 runs 
tossed up and clubbed down the ground, in the air but wide of long-on, who has to make 
ground to his right to prevent it bouncing over the ropes",19.2,2,2.0,"Cariah to Crawley, 2 runs  .tossed up and clubbed down the ground, in the air but wide of long-on, who has to make  .ground to his right to prevent it bouncing over the ropes",Cariah,Crawley,2.0,0,0,1,1,2.0,0,,1
"19.3 
4 
Cariah to Crawley, FOUR runs 
smashed back! Plants the front foot and hits clean through the line, over Cariah's head 
and away to the rope",19.3,4,4.0,"Cariah to Crawley, FOUR runs  .smashed back! Plants the front foot and hits clean through the line, over Cariah's head  .and away to the rope",Cariah,Crawley,4.0,1,0,1,1,4.0,0,,1
"19.4 
1 
Cariah to Crawley, 1 run 
dropped! Motie with a simple chance! Crawley swipes across the line and sends a 
leading edge ballooning towards long-on, the fielder jogs in and has time to set himself - 
but shells the catch, much to Cariah's disgust 
See all photos",19.4,1,1.0,"Cariah to Crawley, 1 run  .dropped! Motie with a simple chance! Crawley swipes across the line and sends a  .leading edge ballooning towards long-on, the fielder jogs in and has time to set himself -  .but shells the catch, much to Cariah's disgust  .See all photos",Cariah,Crawley,1.0,0,0,1,1,1.0,0,,1
"19.5 
• 
Cariah to Brook, no run 
tossed up and tapped away",19.5,0,0.0,"Cariah to Brook, no run  .tossed up and tapped away",Cariah,Brook,0.0,0,0,1,1,0.0,0,,0
"19.6 
1 
Cariah to Brook, 1 run 
full and flighted, Brook drives back to the bowler's right for one to long-on 
end of over 209 runs  
ENG: 137/3CRR: 6.85  
Harry Brook8 (13b) 
Zak Crawley31 (32b 4x4) 
Yannic Cariah 3-0-17-1 
Romario Shepherd 4-0-41-0",19.6,1,1.0,"Cariah to Brook, 1 run  .full and flighted, Brook drives back to the bowler's right for one to long-on",Cariah,Brook,1.0,0,0,1,1,1.0,0,,1
"20.1 
• 
Shepherd to Brook, no run 
length ball, grubs a touch on Brook, who is back on his stumps but gets the bat down in 
time",20.1,0,0.0,"Shepherd to Brook, no run  .length ball, grubs a touch on Brook, who is back on his stumps but gets the bat down in  .time",Shepherd,Brook,0.0,0,0,1,1,0.0,0,,0
"20.2 
1 
Shepherd to Brook, 1 run 
length in the channel, plays back and opens the face through third",20.2,1,1.0,"Shepherd to Brook, 1 run  .length in the channel, plays back and opens the face through third",Shepherd,Brook,1.0,0,0,1,1,1.0,0,,1
"20.3 
1 
Shepherd to Crawley, 1 run 
nudged through backward square leg",20.3,1,1.0,"Shepherd to Crawley, 1 run  .nudged through backward square leg",Shepherd,Crawley,1.0,0,0,1,1,1.0,0,,1
"20.4 
1 
Shepherd to Brook, 1 run 
length ball sliding on to the pads. Brook nurdles one out to deep backward square leg 
Here's Nick: ""Don't want to jinx him but I'm liking this start from Brook, don't think he 
gave himself a chance in WC coming out too hard."" Circumspection not really a trait we 
associate with Brook, in any international format, to date",20.4,1,1.0,"Shepherd to Brook, 1 run  .length ball sliding on to the pads. Brook nurdles one out to deep backward square leg",Shepherd,Brook,1.0,0,0,1,1,1.0,0,,1
"20.5 
• 
Shepherd to Crawley, no run 
back of a length, jabbed into the covers",20.5,0,0.0,"Shepherd to Crawley, no run  .back of a length, jabbed into the covers",Shepherd,Crawley,0.0,0,0,1,1,0.0,0,,0
"20.6 
1 
Shepherd to Crawley, 1 run 
length on the stumps and whipped away to deep square leg 
end of over 214 runs  
ENG: 141/3CRR: 6.71  
Zak Crawley33 (35b 4x4) 
Harry Brook10 (16b) 
Romario Shepherd 5-0-45-0 
Yannic Cariah 3-0-17-1 
Cariah still has a slip",20.6,1,1.0,"Shepherd to Crawley, 1 run  .length on the stumps and whipped away to deep square leg",Shepherd,Crawley,1.0,0,0,1,1,1.0,0,,1
"21.1 
• 
Cariah to Crawley, no run 
lures him forward, beats the outside edge! Brings a concerted appeal from King at slip, 
but Crawley was completely done by the spin",21.1,0,0.0,"Cariah to Crawley, no run  .lures him forward, beats the outside edge! Brings a concerted appeal from King at slip,  .but Crawley was completely done by the spin",Cariah,Crawley,0.0,0,0,1,1,0.0,0,,0
"21.2 
1 
Cariah to Crawley, 1 run 
nicked through the hands of slip! Another one goes down off Cariah. Big wafty wipe 
across the line from Crawley, flicked the outside edge - think it may deflected off the 
keeper and then squirted past the diving King going to his left",21.2,1,1.0,"Cariah to Crawley, 1 run  .nicked through the hands of slip! Another one goes down off Cariah. Big wafty wipe  .across the line from Crawley, flicked the outside edge - think it may deflected off the  .keeper and then squirted past the diving King going to his left",Cariah,Crawley,1.0,0,0,1,1,1.0,0,,1
"21.3 
1 
Cariah to Brook, 1 run 
pushed through the covers for one",21.3,1,1.0,"Cariah to Brook, 1 run  .pushed through the covers for one",Cariah,Brook,1.0,0,0,1,1,1.0,0,,1
"21.4 
• 
Cariah to Crawley, no run 
tossed up straight, defended back to the bowler",21.4,0,0.0,"Cariah to Crawley, no run  .tossed up straight, defended back to the bowler",Cariah,Crawley,0.0,0,0,1,1,0.0,0,,0
"21.5 
• 
Cariah to Crawley, no run 
lobbed up, straightening outside off, Crawley attempts to play off the back foot. Gets a 
thick inside edge down into his pads, right off the toe of the bat. Cariah again frustrated 
that this duel won't fall his way",21.5,0,0.0,"Cariah to Crawley, no run  .lobbed up, straightening outside off, Crawley attempts to play off the back foot. Gets a  .thick inside edge down into his pads, right off the toe of the bat. Cariah again frustrated  .that this duel won't fall his way",Cariah,Crawley,0.0,0,0,1,1,0.0,0,,0
"21.6 
1 
Cariah to Crawley, 1 run 
looped up and met coming forwards, pushed to long-off 
end of over 223 runs  
ENG: 144/3CRR: 6.54  
Zak Crawley35 (40b 4x4) 
Harry Brook11 (17b) 
Yannic Cariah 4-0-20-1 
Romario Shepherd 5-0-45-0",21.6,1,1.0,"Cariah to Crawley, 1 run  .looped up and met coming forwards, pushed to long-off",Cariah,Crawley,1.0,0,0,1,1,1.0,0,,1
"22.1 
2 
Shepherd to Crawley, 2 runs 
length ball on the stumps, Crawley clips it past midwicket. Probably should have been 
stopped",22.1,2,2.0,"Shepherd to Crawley, 2 runs  .length ball on the stumps, Crawley clips it past midwicket. Probably should have been  .stopped",Shepherd,Crawley,2.0,0,0,1,1,2.0,0,,1
"22.2 
• 
Shepherd to Crawley, no run 
in the channel, driven on the up back to the bowler",22.2,0,0.0,"Shepherd to Crawley, no run  .in the channel, driven on the up back to the bowler",Shepherd,Crawley,0.0,0,0,1,1,0.0,0,,0
"22.3 
4 
Shepherd to Crawley, FOUR runs 
a flamingo-flambé over the head of mid-on! Steps down and decides to take on 
Shepherd's medium pace, not quite middled... but good enough for four. KP-esque",22.3,4,4.0,"Shepherd to Crawley, FOUR runs  .a flamingo-flambé over the head of mid-on! Steps down and decides to take on  .Shepherd's medium pace, not quite middled... but good enough for four. KP-esque",Shepherd,Crawley,4.0,1,0,1,1,4.0,0,,1
"22.4 
• 
Shepherd to Crawley, no run 
scrambled seam, pops up to hit the splice - but doesn't carry back to the bowler",22.4,0,0.0,"Shepherd to Crawley, no run  .scrambled seam, pops up to hit the splice - but doesn't carry back to the bowler",Shepherd,Crawley,0.0,0,0,1,1,0.0,0,,0
"22.5 
1 
Shepherd to Crawley, 1 run 
offcutter stays low outside off, Crawley nearly banjaxes himself attempting to pull. 
Thick bottom edge runs away to fine leg",22.5,1,1.0,"Shepherd to Crawley, 1 run  .offcutter stays low outside off, Crawley nearly banjaxes himself attempting to pull.  .Thick bottom edge runs away to fine leg",Shepherd,Crawley,1.0,0,0,1,1,1.0,0,,1
"22.6 
1 
Shepherd to Brook, 1 run 
dropped down into the pitch to the off side and Crawley calls him through 
Thomas Davey: ""It feels so weird seeing Crawley in coloured clothing. Early days but 
he's done pretty well in this format. Almost feels as if England were pigeon-holing him in 
the wrong format (this year's Ashes excluded)."" He might be made for it, as Vish said on 
this week's pod. Although I think it was more that there were no vacancies before... 
end of over 238 runs  
ENG: 152/3CRR: 6.60  
Harry Brook12 (18b) 
Zak Crawley42 (45b 5x4) 
Romario Shepherd 6-0-53-0 
Yannic Cariah 4-0-20-1",22.6,1,1.0,"Shepherd to Brook, 1 run  .dropped down into the pitch to the off side and Crawley calls him through",Shepherd,Brook,1.0,0,0,1,1,1.0,0,,1
"23.1 
4 
Cariah to Brook, FOUR runs 
tossed up and reversed for four! Controlled shot from Brook, taking the ball from in 
front of his stumps and away through backward point",23.1,4,4.0,"Cariah to Brook, FOUR runs  .tossed up and reversed for four! Controlled shot from Brook, taking the ball from in  .front of his stumps and away through backward point",Cariah,Brook,4.0,1,0,1,1,4.0,0,,1
"23.2 
• 
Cariah to Brook, no run 
flighted, gets forward to defend",23.2,0,0.0,"Cariah to Brook, no run  .flighted, gets forward to defend",Cariah,Brook,0.0,0,0,1,1,0.0,0,,0
"23.3 
1 
Cariah to Brook, 1 run 
very full and Brook waits, clips off his toes down to long-on",23.3,1,1.0,"Cariah to Brook, 1 run  .very full and Brook waits, clips off his toes down to long-on",Cariah,Brook,1.0,0,0,1,1,1.0,0,,1
"23.4 
• 
Cariah to Crawley, no run 
flattish legbreak on fourth stump, steered to backward point",23.4,0,0.0,"Cariah to Crawley, no run  .flattish legbreak on fourth stump, steered to backward point",Cariah,Crawley,0.0,0,0,1,1,0.0,0,,0
"23.5 
• 
Cariah to Crawley, no run 
touch shorter and skidding on, bunted back to the bowler",23.5,0,0.0,"Cariah to Crawley, no run  .touch shorter and skidding on, bunted back to the bowler",Cariah,Crawley,0.0,0,0,1,1,0.0,0,,0
"23.6 
1 
Cariah to Crawley, 1 run 
sliding on to the pads and tucked through square leg for one more 
end of over 246 runs  
ENG: 158/3CRR: 6.58  
Zak Crawley43 (48b 5x4) 
Harry Brook17 (21b 1x4) 
Yannic Cariah 5-0-26-1 
Romario Shepherd 6-0-53-0 
Motie replaces Shepherd",23.6,1,1.0,"Cariah to Crawley, 1 run  .sliding on to the pads and tucked through square leg for one more",Cariah,Crawley,1.0,0,0,1,1,1.0,0,,1
"24.1 
• 
Motie to Crawley, no run 
lobbed up wide of the stumps, stays low as Crawley aims a swingeing blow across the 
line and gets a fat bottom edge",24.1,0,0.0,"Motie to Crawley, no run  .lobbed up wide of the stumps, stays low as Crawley aims a swingeing blow across the  .line and gets a fat bottom edge",Motie,Crawley,0.0,0,0,1,1,0.0,0,,0
"24.2 
1 
Motie to Crawley, 1 run 
punched through the covers",24.2,1,1.0,"Motie to Crawley, 1 run  .punched through the covers",Motie,Crawley,1.0,0,0,1,1,1.0,0,,1
"24.3 
• 
Motie to Brook, no run 
flighted, spins a touch and Brook plays it off the back foot into the covers",24.3,0,0.0,"Motie to Brook, no run  .flighted, spins a touch and Brook plays it off the back foot into the covers",Motie,Brook,0.0,0,0,1,1,0.0,0,,0
"24.4 
4 
Motie to Brook, FOUR runs 
uh-oh, spaghettios! Carty lets the ball through his legs at long-off, gifting Brook a 
boundary to bring up the 50 stand between these two",24.4,4,4.0,"Motie to Brook, FOUR runs  .uh-oh, spaghettios! Carty lets the ball through his legs at long-off, gifting Brook a  .boundary to bring up the 50 stand between these two",Motie,Brook,4.0,1,0,1,1,4.0,0,,1
"24.5 
• 
Motie to Brook, no run 
looped up and turned to leg",24.5,0,0.0,"Motie to Brook, no run  .looped up and turned to leg",Motie,Brook,0.0,0,0,1,1,0.0,0,,0
"24.6 
• 
Motie to Brook, no run 
flatter outside off and Brook swipes at a cut, well cut off by the diving backward point 
end of over 255 runs  
ENG: 163/3CRR: 6.52  
Harry Brook21 (25b 2x4) 
Zak Crawley44 (50b 5x4) 
Gudakesh Motie 5-0-37-1 
Yannic Cariah 5-0-26-1 
""Just whisper it, but we might have a decent over rate on our hands. For once."" Huge if 
true, Rhys. And we can't (yet) credit the stop clock, because technical issues have 
prevented it being used in this series",24.6,0,0.0,"Motie to Brook, no run  .flatter outside off and Brook swipes at a cut, well cut off by the diving backward point",Motie,Brook,0.0,0,0,1,1,0.0,0,,0
"25.1 
1 
Cariah to Crawley, 1 run 
pushed through the covers for one",25.1,1,1.0,"Cariah to Crawley, 1 run  .pushed through the covers for one",Cariah,Crawley,1.0,0,0,1,1,1.0,0,,1
"25.2 
1 
Cariah to Brook, 1 run 
gives it some air, Brook is across to drive to the cover sweeper again",25.2,1,1.0,"Cariah to Brook, 1 run  .gives it some air, Brook is across to drive to the cover sweeper again",Cariah,Brook,1.0,0,0,1,1,1.0,0,,1
"25.3 
• 
Cariah to Crawley, no run 
googly wide of off, goes for the big slog-sweep, misses the ball by a distance! Again 
Cariah throws his hands up to his head",25.3,0,0.0,"Cariah to Crawley, no run  .googly wide of off, goes for the big slog-sweep, misses the ball by a distance! Again  .Cariah throws his hands up to his head",Cariah,Crawley,0.0,0,0,1,1,0.0,0,,0
"25.4 
• 
Cariah to Crawley, no run 
serves up a low full toss this time, Crawley drags it behind his legs off an inside edge",25.4,0,0.0,"Cariah to Crawley, no run  .serves up a low full toss this time, Crawley drags it behind his legs off an inside edge",Cariah,Crawley,0.0,0,0,1,1,0.0,0,,0
"25.5 
1 
Cariah to Crawley, 1 run 
looped full outside off, punched through cover point",25.5,1,1.0,"Cariah to Crawley, 1 run  .looped full outside off, punched through cover point",Cariah,Crawley,1.0,0,0,1,1,1.0,0,,1
"25.6 
1 
Cariah to Brook, 1 run 
full and floaty in the channel, Brook plays a controlled punch through cover 
end of over 264 runs  
ENG: 167/3CRR: 6.42  
Harry Brook23 (27b 2x4) 
Zak Crawley46 (54b 5x4) 
Yannic Cariah 6-0-30-1 
Gudakesh Motie 5-0-37-1",25.6,1,1.0,"Cariah to Brook, 1 run  .full and floaty in the channel, Brook plays a controlled punch through cover",Cariah,Brook,1.0,0,0,1,1,1.0,0,,1
"26.1 
2 
Motie to Brook, 2 runs 
dabbed late off the back foot, bat parallel to the ground... Thomas fails to cut it off with 
his boot but prevents the ball running away to deep third in the end",26.1,2,2.0,"Motie to Brook, 2 runs  .dabbed late off the back foot, bat parallel to the ground... Thomas fails to cut it off with  .his boot but prevents the ball running away to deep third in the end",Motie,Brook,2.0,0,0,1,1,2.0,0,,1
"26.2 
• 
Motie to Brook, no run 
lobbed up and prodded away",26.2,0,0.0,"Motie to Brook, no run  .lobbed up and prodded away",Motie,Brook,0.0,0,0,1,1,0.0,0,,0
"26.3 
1 
Motie to Brook, 1 run 
pushed down the ground for one",26.3,1,1.0,"Motie to Brook, 1 run  .pushed down the ground for one",Motie,Brook,1.0,0,0,1,1,1.0,0,,1
"26.4 
• 
Motie to Crawley, no run 
looks to use the feet, clipped back but Motie gets down to stop the ball",26.4,0,0.0,"Motie to Crawley, no run  .looks to use the feet, clipped back but Motie gets down to stop the ball",Motie,Crawley,0.0,0,0,1,1,0.0,0,,0
"26.5 
• 
Motie to Crawley, no run 
zipped through quicker and nudged into the off side",26.5,0,0.0,"Motie to Crawley, no run  .zipped through quicker and nudged into the off side",Motie,Crawley,0.0,0,0,1,1,0.0,0,,0
"26.6 
• 
Motie to Crawley, no run 
floated full and Crawley sweeps firmly, picks out square leg 
end of over 273 runs  
ENG: 170/3CRR: 6.29  
Zak Crawley46 (57b 5x4) 
Harry Brook26 (30b 2x4) 
Gudakesh Motie 6-0-40-1 
Yannic Cariah 6-0-30-1",26.6,0,0.0,"Motie to Crawley, no run  .floated full and Crawley sweeps firmly, picks out square leg",Motie,Crawley,0.0,0,0,1,1,0.0,0,,0
"27.1 
4 
Cariah to Brook, FOUR runs 
scuffed reverse-sweep, just evades slip! Brook didn't really get this where he wanted 
but the diving King couldn't get a hand across and the ball bobbles away to deep third",27.1,4,4.0,"Cariah to Brook, FOUR runs  .scuffed reverse-sweep, just evades slip! Brook didn't really get this where he wanted  .but the diving King couldn't get a hand across and the ball bobbles away to deep third",Cariah,Brook,4.0,1,0,1,1,4.0,0,,1
"27.2 
2 
Cariah to Brook, 2 runs 
floated up and jabbed through the covers, another couple there",27.2,2,2.0,"Cariah to Brook, 2 runs  .floated up and jabbed through the covers, another couple there",Cariah,Brook,2.0,0,0,1,1,2.0,0,,1
"27.3 
• 
Cariah to Brook, no run 
straighter line, pushed back to the bowler",27.3,0,0.0,"Cariah to Brook, no run  .straighter line, pushed back to the bowler",Cariah,Brook,0.0,0,0,1,1,0.0,0,,0
"27.4 
1 
Cariah to Brook, 1 run 
goes deep in the crease and works to the on side",27.4,1,1.0,"Cariah to Brook, 1 run  .goes deep in the crease and works to the on side",Cariah,Brook,1.0,0,0,1,1,1.0,0,,1
"27.5 
1 
Cariah to Crawley, 1 run 
floated up and clipped to long-on",27.5,1,1.0,"Cariah to Crawley, 1 run  .floated up and clipped to long-on",Cariah,Crawley,1.0,0,0,1,1,1.0,0,,1
"27.6 
• 
Cariah to Brook, no run 
full outside off, possibly the googly. Brook meets it on the front foot and steers to cover 
end of over 288 runs  
ENG: 178/3CRR: 6.35  
Harry Brook33 (35b 3x4) 
Zak Crawley47 (58b 5x4) 
Yannic Cariah 7-0-38-1 
Gudakesh Motie 6-0-40-1 
Thomas returns",27.6,0,0.0,"Cariah to Brook, no run  .full outside off, possibly the googly. Brook meets it on the front foot and steers to cover",Cariah,Brook,0.0,0,0,1,1,0.0,0,,0
"28.1 
• 
Thomas to Crawley, no run 
length ball on fourth stump, Crawley strokes to cover coming forwards",28.1,0,0.0,"Thomas to Crawley, no run  .length ball on fourth stump, Crawley strokes to cover coming forwards",Thomas,Crawley,0.0,0,0,1,1,0.0,0,,0
"28.2 
1 
Thomas to Crawley, 1 run 
short and hauled away on the pull, just a single to deep square leg",28.2,1,1.0,"Thomas to Crawley, 1 run  .short and hauled away on the pull, just a single to deep square leg",Thomas,Crawley,1.0,0,0,1,1,1.0,0,,1
"28.3 
• 
Thomas to Brook, no run 
short of a length, steered to backward point",28.3,0,0.0,"Thomas to Brook, no run  .short of a length, steered to backward point",Thomas,Brook,0.0,0,0,1,1,0.0,0,,0
"28.4 
1 
Thomas to Brook, 1 run 
shortish and into the hip, worked around the corner",28.4,1,1.0,"Thomas to Brook, 1 run  .shortish and into the hip, worked around the corner",Thomas,Brook,1.0,0,0,1,1,1.0,0,,1
"28.5 
• 
Thomas to Crawley, no run 
length ball, driven crisply on the up but picks out mid-off",28.5,0,0.0,"Thomas to Crawley, no run  .length ball, driven crisply on the up but picks out mid-off",Thomas,Crawley,0.0,0,0,1,1,0.0,0,,0
"28.6 
• 
Thomas to Crawley, no run 
stays low, raps him on the front pad! Was it heading down leg? Shai Hope thinks so, 
from his vantage point behind the stumps. No review, and the replays show that to be a 
good call 
end of over 292 runs  
ENG: 180/3CRR: 6.20  
Zak Crawley48 (62b 5x4) 
Harry Brook34 (37b 3x4) 
Oshane Thomas 5-0-17-0 
Yannic Cariah 7-0-38-1 
Change of ends for Motie",28.6,0,0.0,"Thomas to Crawley, no run  .stays low, raps him on the front pad! Was it heading down leg? Shai Hope thinks so,  .from his vantage point behind the stumps. No review, and the replays show that to be a  .good call",Thomas,Crawley,0.0,0,0,1,1,0.0,0,,0
"29.1 
• 
Motie to Brook, no run 
floated up on off, prodded back to the bowler",29.1,0,0.0,"Motie to Brook, no run  .floated up on off, prodded back to the bowler",Motie,Brook,0.0,0,0,1,1,0.0,0,,0
"29.2 
1 
Motie to Brook, 1 run 
full and drifting in with the arm, flicked off the pads",29.2,1,1.0,"Motie to Brook, 1 run  .full and drifting in with the arm, flicked off the pads",Motie,Brook,1.0,0,0,1,1,1.0,0,,1
"29.3 
W 
Motie to Crawley, OUT 
chaos in the middle, and Crawley is run out by miles! Pushed in front of point and he 
set off straight away, only to find his partner  unwilling, despite taking a couple of steps 
initially. Athanaze was up quickly and relayed to Hope, who had all the time he needed 
to take the throw and break the stumps 
Zak Crawley run out (Athanaze/†Hope) 48 (63b 5x4 0x6 85m) SR: 76.19 
England see another set batter depart without going on. Out comes the captain, Jos 
Buttler, to (maybe) show how it's done",29.3,W,0.0,"Motie to Crawley, OUT  .chaos in the middle, and Crawley is run out by miles! Pushed in front of point and he  .set off straight away, only to find his partner  unwilling, despite taking a couple of steps  .initially. Athanaze was up quickly and relayed to Hope, who had all the time he needed  .to take the throw and break the stumps  .Zak Crawley run out (Athanaze/†Hope) 48 (63b 5x4 0x6 85m) SR: 76.19",Motie,Crawley,0.0,0,0,1,1,0.0,0,run out (Athanaze/†Hope),0
"29.4 
1 
Motie to Buttler, 1 run 
floated up and punched down to long-off",29.4,1,1.0,"Motie to Buttler, 1 run  .floated up and punched down to long-off",Motie,Buttler,1.0,0,0,1,1,1.0,0,,1
"29.5 
• 
Motie to Brook, no run 
tossed up on the stumps, blocked 
Deleted: going nowhere",29.5,0,0.0,"Motie to Brook, no run  .tossed up on the stumps, blocked  .Deleted: going nowhere",Motie,Brook,0.0,0,0,1,1,0.0,0,,0
"29.6 
1 
Motie to Brook, 1 run 
full and flighted, nudged back down to long-on 
end of over 303 runs • 1 wicket 
ENG: 183/4CRR: 6.10  
Harry Brook36 (41b 3x4) 
Jos Buttler1 (1b) 
Gudakesh Motie 7-0-43-1 
Oshane Thomas 5-0-17-0",29.6,1,1.0,"Motie to Brook, 1 run  .full and flighted, nudged back down to long-on",Motie,Brook,1.0,0,0,1,1,1.0,0,,1
"30.1 
• 
Thomas to Brook, no run 
dug in short, Brook is up on his toes to defend",30.1,0,0.0,"Thomas to Brook, no run  .dug in short, Brook is up on his toes to defend",Thomas,Brook,0.0,0,0,1,1,0.0,0,,0
"30.2 
• 
Thomas to Brook, no run 
length ball angling in on the stumps, Brook plays straight to mid-on",30.2,0,0.0,"Thomas to Brook, no run  .length ball angling in on the stumps, Brook plays straight to mid-on",Thomas,Brook,0.0,0,0,1,1,0.0,0,,0
"30.3 
• 
Thomas to Brook, no run 
short of a length outside off stump, Brook cuts but can't get it through",30.3,0,0.0,"Thomas to Brook, no run  .short of a length outside off stump, Brook cuts but can't get it through",Thomas,Brook,0.0,0,0,1,1,0.0,0,,0
"30.4 
• 
Thomas to Brook, no run 
banged in and Brook is across, rides the bounce but can't do much else",30.4,0,0.0,"Thomas to Brook, no run  .banged in and Brook is across, rides the bounce but can't do much else",Thomas,Brook,0.0,0,0,1,1,0.0,0,,0
"30.5 
4 
Thomas to Brook, FOUR runs 
full and thrashed! In the slot outside off and Brook steps into a flowing drive that leaves 
mid-off standing",30.5,4,4.0,"Thomas to Brook, FOUR runs  .full and thrashed! In the slot outside off and Brook steps into a flowing drive that leaves  .mid-off standing",Thomas,Brook,4.0,1,0,1,1,4.0,0,,1
"30.6 
• 
Thomas to Brook, no run 
back of a length, possibly a slower ball and Brook sits deep to defend 
end of over 314 runs  
ENG: 187/4CRR: 6.03  
Harry Brook40 (47b 4x4) 
Jos Buttler1 (1b) 
Oshane Thomas 6-0-21-0 
Gudakesh Motie 7-0-43-1",30.6,0,0.0,"Thomas to Brook, no run  .back of a length, possibly a slower ball and Brook sits deep to defend",Thomas,Brook,0.0,0,0,1,1,0.0,0,,0
"31.1 
• 
Motie to Buttler, no run 
tossed up on the stumps, tucked to leg",31.1,0,0.0,"Motie to Buttler, no run  .tossed up on the stumps, tucked to leg",Motie,Buttler,0.0,0,0,1,1,0.0,0,,0
"31.2 
• 
Motie to Buttler, no run 
slightly low-slung, angling in on the stumps, Buttler prods it away",31.2,0,0.0,"Motie to Buttler, no run  .slightly low-slung, angling in on the stumps, Buttler prods it away",Motie,Buttler,0.0,0,0,1,1,0.0,0,,0
"31.3 
• 
Motie to Buttler, no run 
tosses this up and finds some turn, beats the edge as Buttler attempts to cut. Update: 
UltraEdge picked up a scratch on this",31.3,0,0.0,"Motie to Buttler, no run  .tosses this up and finds some turn, beats the edge as Buttler attempts to cut. Update:  .UltraEdge picked up a scratch on this",Motie,Buttler,0.0,0,0,1,1,0.0,0,,0
"31.4 
• 
Motie to Buttler, no run 
flighted, played back to the bowler",31.4,0,0.0,"Motie to Buttler, no run  .flighted, played back to the bowler",Motie,Buttler,0.0,0,0,1,1,0.0,0,,0
"31.5 
• 
Motie to Buttler, no run 
tight lines and pushed into the covers",31.5,0,0.0,"Motie to Buttler, no run  .tight lines and pushed into the covers",Motie,Buttler,0.0,0,0,1,1,0.0,0,,0
"31.6 
1 
Motie to Buttler, 1 run 
full and floaty outside off, Buttler is forward and steers a single down to long-off 
Here's Shadow-Shell: ""In a different part of the World, Bangladesh just won against SA in 
the back of a 5-wicket haul from the 16 year old Shorna Akthar."" Absolute scenes in 
Benoni 
end of over 321 run  
ENG: 188/4CRR: 5.87  
Jos Buttler2 (7b) 
Harry Brook40 (47b 4x4) 
Gudakesh Motie 8-0-44-1 
Oshane Thomas 6-0-21-0 
Joseph is back",31.6,1,1.0,"Motie to Buttler, 1 run  .full and floaty outside off, Buttler is forward and steers a single down to long-off",Motie,Buttler,1.0,0,0,1,1,1.0,0,,1
"32.1 
• 
Alzarri Joseph to Buttler, no run 
length ball, tapped into the off side",32.1,0,0.0,"Alzarri Joseph to Buttler, no run  .length ball, tapped into the off side",Alzarri Joseph,Buttler,0.0,0,0,1,1,0.0,0,,0
"32.2 
1 
Alzarri Joseph to Buttler, 1 run 
short ball, swatted away on the pull through square leg",32.2,1,1.0,"Alzarri Joseph to Buttler, 1 run  .short ball, swatted away on the pull through square leg",Alzarri Joseph,Buttler,1.0,0,0,1,1,1.0,0,,1
"32.3 
1 
Alzarri Joseph to Brook, 1 run 
shortish in the channel outside off and Brook runs one down to deep third",32.3,1,1.0,"Alzarri Joseph to Brook, 1 run  .shortish in the channel outside off and Brook runs one down to deep third",Alzarri Joseph,Brook,1.0,0,0,1,1,1.0,0,,1
"32.4 
• 
Alzarri Joseph to Buttler, no run 
dug in short of a length, Buttler drops it into the off side",32.4,0,0.0,"Alzarri Joseph to Buttler, no run  .dug in short of a length, Buttler drops it into the off side",Alzarri Joseph,Buttler,0.0,0,0,1,1,0.0,0,,0
"32.5 
• 
Alzarri Joseph to Buttler, no run 
plugging away back of a length outside off and Buttler can't do much with it",32.5,0,0.0,"Alzarri Joseph to Buttler, no run  .plugging away back of a length outside off and Buttler can't do much with it",Alzarri Joseph,Buttler,0.0,0,0,1,1,0.0,0,,0
"32.6 
• 
Alzarri Joseph to Buttler, no run 
tries to free the arms, nearly drags on! Steps down and throws the bat, thick-edging 
past his stumps as Hope dives across to his left 
end of over 332 runs  
ENG: 190/4CRR: 5.75  
Jos Buttler3 (12b) 
Harry Brook41 (48b 4x4) 
Alzarri Joseph 6-0-33-1 
Gudakesh Motie 8-0-44-1",32.6,0,0.0,"Alzarri Joseph to Buttler, no run  .tries to free the arms, nearly drags on! Steps down and throws the bat, thick-edging  .past his stumps as Hope dives across to his left",Alzarri Joseph,Buttler,0.0,0,0,1,1,0.0,0,,0
"33.1 
• 
Motie to Brook, no run 
spin and bounce for Motie here, Brook hit on the knee roll defending. Think there was 
some inside edge",33.1,0,0.0,"Motie to Brook, no run  .spin and bounce for Motie here, Brook hit on the knee roll defending. Think there was  .some inside edge",Motie,Brook,0.0,0,0,1,1,0.0,0,,0
"33.2 
1 
Motie to Brook, 1 run 
tossed up and punched down to long-off",33.2,1,1.0,"Motie to Brook, 1 run  .tossed up and punched down to long-off",Motie,Brook,1.0,0,0,1,1,1.0,0,,1
"33.3 
W 
Motie to Buttler, OUT 
gloved to slip reversing! Buttler's slump in ODIs continues. Unable to get going through 
a 13-ball stay, he ends up lobbing a tame catch, taken at the second attempt by 
Athanaze after knocking it up into the air. Buttler tucks his bat under his arm and strides 
off, he won't be launching the reboot with fireworks today 
Jos Buttler c Athanaze b Motie 3 (13b 0x4 0x6 16m) SR: 23.07 
And with that wicket, on come drinks. Back over to Matt for the denouement 
Cheers Alan. Buttler's horror run in ODIs continues. Here are his scores since the start 
of the World Cup (most recent last): 43, 20, 9, 15, 8, 10, 1, 5, 27, 3. That's 141 runs in his 
last 10 innings. 
And here's another man in patchy form: Liam Livingstone, at No. 7.",33.3,W,0.0,"Motie to Buttler, OUT  .gloved to slip reversing! Buttler's slump in ODIs continues. Unable to get going through  .a 13-ball stay, he ends up lobbing a tame catch, taken at the second attempt by  .Athanaze after knocking it up into the air. Buttler tucks his bat under his arm and strides  .off, he won't be launching the reboot with fireworks today  .Jos Buttler c Athanaze b Motie 3 (13b 0x4 0x6 16m) SR: 23.07",Motie,Buttler,0.0,0,0,1,1,0.0,1,c Athanaze b Motie,0
"33.4 
• 
Motie to Livingstone, no run 
comes forward to defend",33.4,0,0.0,"Motie to Livingstone, no run  .comes forward to defend",Motie,Livingstone,0.0,0,0,1,1,0.0,0,,0
"33.5 
• 
Motie to Livingstone, no run 
pushes it back to the bowler, who deflects onto the stumps but with Brook safely back",33.5,0,0.0,"Motie to Livingstone, no run  .pushes it back to the bowler, who deflects onto the stumps but with Brook safely back",Motie,Livingstone,0.0,0,0,1,1,0.0,0,,0
"33.6 
1 
Motie to Livingstone, 1 run 
dead-batted down to long-on 
Viewers with long memories may recall a 22-ball duck that Buttler made at this venue 
back in 2015... 
end of over 342 runs • 1 wicket 
ENG: 192/5CRR: 5.64  
Liam Livingstone1 (3b) 
Harry Brook42 (50b 4x4) 
Gudakesh Motie 9-0-46-2 
Alzarri Joseph 6-0-33-1 
Forde is on the field as a sub with Cariah off.",33.6,1,1.0,"Motie to Livingstone, 1 run  .dead-batted down to long-on  .Viewers with long memories may recall a 22-ball duck that Buttler made at this venue  .back in 2015...",Motie,Livingstone,1.0,0,0,1,1,1.0,0,,1
"34.1 
• 
Alzarri Joseph to Livingstone, no run 
shuffles down, shapes to pull a short ball but can't connect",34.1,0,0.0,"Alzarri Joseph to Livingstone, no run  .shuffles down, shapes to pull a short ball but can't connect",Alzarri Joseph,Livingstone,0.0,0,0,1,1,0.0,0,,0
"34.2 
1 
Alzarri Joseph to Livingstone, 1 run 
uses his feet again, whips a length ball out to deep backward square 
In fact, Cariah is back on, with Shepherd the man off the field now.",34.2,1,1.0,"Alzarri Joseph to Livingstone, 1 run  .uses his feet again, whips a length ball out to deep backward square  .In fact, Cariah is back on, with Shepherd the man off the field now.",Alzarri Joseph,Livingstone,1.0,0,0,1,1,1.0,0,,1
"34.3 
• 
Alzarri Joseph to Brook, no run 
through him. Length ball in the channel outside off stump, Brook looks to dead-bat 
down to third with an open face but can't connect",34.3,0,0.0,"Alzarri Joseph to Brook, no run  .through him. Length ball in the channel outside off stump, Brook looks to dead-bat  .down to third with an open face but can't connect",Alzarri Joseph,Brook,0.0,0,0,1,1,0.0,0,,0
"34.4 
• 
Alzarri Joseph to Brook, no run 
worked calmly to mid-on",34.4,0,0.0,"Alzarri Joseph to Brook, no run  .worked calmly to mid-on",Alzarri Joseph,Brook,0.0,0,0,1,1,0.0,0,,0
"34.5 
• 
Alzarri Joseph to Brook, no run 
looks to guide away towards point but can't beat the infield",34.5,0,0.0,"Alzarri Joseph to Brook, no run  .looks to guide away towards point but can't beat the infield",Alzarri Joseph,Brook,0.0,0,0,1,1,0.0,0,,0
"34.6 
• 
Alzarri Joseph to Brook, no run 
slams the middle of the pitch, Brook can only work to short midwicket 
England have added 11 runs in the last five overs. 
end of over 351 run  
ENG: 193/5CRR: 5.51  
Harry Brook42 (54b 4x4) 
Liam Livingstone2 (5b) 
Alzarri Joseph 7-0-34-1 
Gudakesh Motie 9-0-46-2 
Shepherd is back on the pitch.",34.6,0,0.0,"Alzarri Joseph to Brook, no run  .slams the middle of the pitch, Brook can only work to short midwicket  .England have added 11 runs in the last five overs.",Alzarri Joseph,Brook,0.0,0,0,1,1,0.0,0,,0
"35.1 
1 
Motie to Livingstone, 1 run 
punched out to deep cover",35.1,1,1.0,"Motie to Livingstone, 1 run  .punched out to deep cover",Motie,Livingstone,1.0,0,0,1,1,1.0,0,,1
"35.2 
1 
Motie to Brook, 1 run 
nudged down to long-on",35.2,1,1.0,"Motie to Brook, 1 run  .nudged down to long-on",Motie,Brook,1.0,0,0,1,1,1.0,0,,1
"35.3 
• 
Motie to Livingstone, no run 
no turn, comes forward to defend",35.3,0,0.0,"Motie to Livingstone, no run  .no turn, comes forward to defend",Motie,Livingstone,0.0,0,0,1,1,0.0,0,,0
"35.4 
• 
Motie to Livingstone, no run 
dabbed into the covers",35.4,0,0.0,"Motie to Livingstone, no run  .dabbed into the covers",Motie,Livingstone,0.0,0,0,1,1,0.0,0,,0
"35.5 
1 
Motie to Livingstone, 1 run 
half-volley, punched down to long-off 
Five overs since the last boundary",35.5,1,1.0,"Motie to Livingstone, 1 run  .half-volley, punched down to long-off  .Five overs since the last boundary",Motie,Livingstone,1.0,0,0,1,1,1.0,0,,1
"35.6 
• 
Motie to Brook, no run 
short and wide, slapped to point where Athanaze is down sharply again to cut it off 
That's Motie's spell done, finishing with 2 for 49. Dragged things back well after an 
expensive start 
end of over 363 runs  
ENG: 196/5CRR: 5.44  
Harry Brook43 (56b 4x4) 
Liam Livingstone4 (9b) 
Gudakesh Motie 10-0-49-2 
Alzarri Joseph 7-0-34-1 
Applause at the Viv as Motie's figures are read out over the PA. Shepherd is back into 
the attack.",35.6,0,0.0,"Motie to Brook, no run  .short and wide, slapped to point where Athanaze is down sharply again to cut it off  .That's Motie's spell done, finishing with 2 for 49. Dragged things back well after an  .expensive start",Motie,Brook,0.0,0,0,1,1,0.0,0,,0
"36.1 
• 
Shepherd to Livingstone, no run 
skips down, looking to launch the short ball over midwicket... but it's an air-shot as 
Livingstone is through it early",36.1,0,0.0,"Shepherd to Livingstone, no run  .skips down, looking to launch the short ball over midwicket... but it's an air-shot as  .Livingstone is through it early",Shepherd,Livingstone,0.0,0,0,1,1,0.0,0,,0
"36.2 
1 
Shepherd to Livingstone, 1 run 
uses his feet again, working down to long-on as Shepherd slams one into the surface 
Nick: ""Maybe Buttler should consider opening in ODIs? That's where he found success 
in T20s. Him alongside Will Jacks would be a very dangerous opening pair :)"" -- He has 
been asked about this idea a couple of times, but has never given it the time of day.",36.2,1,1.0,"Shepherd to Livingstone, 1 run  .uses his feet again, working down to long-on as Shepherd slams one into the surface",Shepherd,Livingstone,1.0,0,0,1,1,1.0,0,,1
"36.3 
6 
Shepherd to Brook, SIX runs 
shimmies outside leg stump. Shepherd bangs one in halfway down again and Brook is 
pre-empting it, giving himself room to free his arms and crunch it 92 metres, into a 
floodlight!",36.3,6,6.0,"Shepherd to Brook, SIX runs  .shimmies outside leg stump. Shepherd bangs one in halfway down again and Brook is  .pre-empting it, giving himself room to free his arms and crunch it 92 metres, into a  .floodlight!",Shepherd,Brook,6.0,0,1,1,1,6.0,0,,1
"36.4 
1 
Shepherd to Brook, 1 run 
steps outside leg again, dabbing a shortish ball down to deep third for a single which 
brings him a 58-ball 50",36.4,1,1.0,"Shepherd to Brook, 1 run  .steps outside leg again, dabbing a shortish ball down to deep third for a single which  .brings him a 58-ball 50",Shepherd,Brook,1.0,0,0,1,1,1.0,0,,1
"36.5 
• 
Shepherd to Livingstone, no run 
length ball, pushed to mid-off",36.5,0,0.0,"Shepherd to Livingstone, no run  .length ball, pushed to mid-off",Shepherd,Livingstone,0.0,0,0,1,1,0.0,0,,0
"36.6 
• 
Shepherd to Livingstone, no run 
offcutter, inside-edged into the pad. Livingstone looks very scratchy 
end of over 378 runs  
ENG: 204/5CRR: 5.51  
Liam Livingstone5 (13b) 
Harry Brook50 (58b 4x4 1x6) 
Romario Shepherd 7-0-61-0 
Gudakesh Motie 10-0-49-2 
Yannic Cariah, the man who should either be known as 'Bag' or 'Pigeon'",36.6,0,0.0,"Shepherd to Livingstone, no run  .offcutter, inside-edged into the pad. Livingstone looks very scratchy",Shepherd,Livingstone,0.0,0,0,1,1,0.0,0,,0
"37.1 
6 
Cariah to Brook, SIX runs 
slog-swept over deep backward square! Gets down on one knee and lofts over the leg 
side",37.1,6,6.0,"Cariah to Brook, SIX runs  .slog-swept over deep backward square! Gets down on one knee and lofts over the leg  .side",Cariah,Brook,6.0,0,1,1,1,6.0,0,,1
"37.2 
4 
Cariah to Brook, FOUR runs 
four more! More elevation this time without the timing. Cariah drops shortish, Brook is 
deep in his crease to swipe him around the corner. A couple of bounces",37.2,4,4.0,"Cariah to Brook, FOUR runs  .four more! More elevation this time without the timing. Cariah drops shortish, Brook is  .deep in his crease to swipe him around the corner. A couple of bounces",Cariah,Brook,4.0,1,0,1,1,4.0,0,,1
"37.3 
1 
Cariah to Brook, 1 run 
width outside off, cut hard to deep cover",37.3,1,1.0,"Cariah to Brook, 1 run  .width outside off, cut hard to deep cover",Cariah,Brook,1.0,0,0,1,1,1.0,0,,1
"37.4 
• 
Cariah to Livingstone, no run 
defends with a straight bat",37.4,0,0.0,"Cariah to Livingstone, no run  .defends with a straight bat",Cariah,Livingstone,0.0,0,0,1,1,0.0,0,,0
"37.5 
6 
Cariah to Livingstone, SIX runs 
skips down and smokes the legspinner straight back over his head for a huge six! 
Clean as a whistle this time, 96m and nearly waking the touring media up as it drops 
just short of the press box window",37.5,6,6.0,"Cariah to Livingstone, SIX runs  .skips down and smokes the legspinner straight back over his head for a huge six!  .Clean as a whistle this time, 96m and nearly waking the touring media up as it drops  .just short of the press box window",Cariah,Livingstone,6.0,0,1,1,1,6.0,0,,1
"37.6 
6 
Cariah to Livingstone, SIX runs 
hoisted over midwicket for half-a-dozen more! Another huge swing from Livingstone, 
and another gunshot sound off the bat. Just the 23 runs off the over... 
end of over 3823 runs  
ENG: 227/5CRR: 5.97  
Liam Livingstone17 (16b 2x6) 
Harry Brook61 (61b 5x4 2x6) 
Yannic Cariah 8-0-61-1 
Romario Shepherd 7-0-61-0 
Eye Gee: ""Looks like Buttler still hasn't figured out which end of the bat to hold... In truth 
he needs the pitch to be really flat to make an impact..."" 
Alan: ""I think Buttler needs a break away from the game"" -- A busy month coming up for 
him with two ODIs and five T20Is to come!",37.6,6,6.0,"Cariah to Livingstone, SIX runs  .hoisted over midwicket for half-a-dozen more! Another huge swing from Livingstone,  .and another gunshot sound off the bat. Just the 23 runs off the over...",Cariah,Livingstone,6.0,0,1,1,1,6.0,0,,1
"38.1 
4 
Shepherd to Brook, FOUR runs 
steered away over the keeper! Brook backed away anticipating the short ball, and the 
extra bounce means it cramps him for room and skews off the glove, up and over Hope 
as he attempts to upper-cut. They all count...",38.1,4,4.0,"Shepherd to Brook, FOUR runs  .steered away over the keeper! Brook backed away anticipating the short ball, and the  .extra bounce means it cramps him for room and skews off the glove, up and over Hope  .as he attempts to upper-cut. They all count...",Shepherd,Brook,4.0,1,0,1,1,4.0,0,,1
"38.2 
1 
Shepherd to Brook, 1 run 
angles down the leg side, punched down to long-on",38.2,1,1.0,"Shepherd to Brook, 1 run  .angles down the leg side, punched down to long-on",Shepherd,Brook,1.0,0,0,1,1,1.0,0,,1
"38.3 
• 
Shepherd to Livingstone, no run 
width outside off, dabbed to point on the bounce. Livingstone smiles as he looks at the 
pitch... it has been two-paced today, some balls rearing up, some keeping low",38.3,0,0.0,"Shepherd to Livingstone, no run  .width outside off, dabbed to point on the bounce. Livingstone smiles as he looks at the  .pitch... it has been two-paced today, some balls rearing up, some keeping low",Shepherd,Livingstone,0.0,0,0,1,1,0.0,0,,0
"38.4 
• 
Shepherd to Livingstone, no run 
looks to work leg-side but can only nudge the cutter back to the bowler",38.4,0,0.0,"Shepherd to Livingstone, no run  .looks to work leg-side but can only nudge the cutter back to the bowler",Shepherd,Livingstone,0.0,0,0,1,1,0.0,0,,0
"38.5 
W 
Shepherd to Livingstone, OUT 
shuffles down, smashed on the pad by a grubber! Given out lbw and Livingstone 
reviews after a chat with Brook. He developed a habit during the World Cup of reviewing 
every decision that went against him and most of them were upheld... This kept very, 
very low from short of a length and Hawk-Eye predicts it would have crashed into 
middle stump, halfway up 
Liam Livingstone lbw b Shepherd 17 (19b 0x4 2x6 25m) SR: 89.47 
Not a huge amount Livingstone could have done about that, a real pea-shooter. 
Suggests that this might well be a competitive total. 
Curran walks out at No. 8 to join Brook. His stock dropped sharply at the World Cup, 
where he was deemed near enough unselectable after three quiet games at the start of 
the tournament.",38.5,W,0.0,"Shepherd to Livingstone, OUT  .shuffles down, smashed on the pad by a grubber! Given out lbw and Livingstone  .reviews after a chat with Brook. He developed a habit during the World Cup of reviewing  .every decision that went against him and most of them were upheld... This kept very,  .very low from short of a length and Hawk-Eye predicts it would have crashed into  .middle stump, halfway up  .Liam Livingstone lbw b Shepherd 17 (19b 0x4 2x6 25m) SR: 89.47",Shepherd,Livingstone,0.0,0,0,1,1,0.0,1,lbw b Shepherd,0
"38.6 
• 
Shepherd to Sam Curran, no run 
angled across him, pushed back on the bounce 
end of over 395 runs • 1 wicket 
ENG: 232/6CRR: 5.94  
Sam Curran0 (1b) 
Harry Brook66 (63b 6x4 2x6) 
Romario Shepherd 8-0-66-1 
Yannic Cariah 8-0-61-1 
Thomas returns. Brook will be eyeing a maiden ODI hundred here.",38.6,0,0.0,"Shepherd to Sam Curran, no run  .angled across him, pushed back on the bounce",Shepherd,Sam Curran,0.0,0,0,1,1,0.0,0,,0
"39.1 
• 
Thomas to Brook, no run 
shuffles across looking to scoop, but can't lay bat on ball. Fine leg was up in the ring but 
Brook couldn't get a little deflection on it",39.1,0,0.0,"Thomas to Brook, no run  .shuffles across looking to scoop, but can't lay bat on ball. Fine leg was up in the ring but  .Brook couldn't get a little deflection on it",Thomas,Brook,0.0,0,0,1,1,0.0,0,,0
"39.2 
• 
Thomas to Brook, no run 
width outside off, flashes hard but without making contact",39.2,0,0.0,"Thomas to Brook, no run  .width outside off, flashes hard but without making contact",Thomas,Brook,0.0,0,0,1,1,0.0,0,,0
"39.3 
• 
Thomas to Brook, no run 
looks to reverse-lap, but again can't lay bat on ball",39.3,0,0.0,"Thomas to Brook, no run  .looks to reverse-lap, but again can't lay bat on ball",Thomas,Brook,0.0,0,0,1,1,0.0,0,,0
"39.4 
4 
Thomas to Brook, FOUR runs 
width outside off, Brook stays leg-side of it and slashes the cut away through backward 
point",39.4,4,4.0,"Thomas to Brook, FOUR runs  .width outside off, Brook stays leg-side of it and slashes the cut away through backward  .point",Thomas,Brook,4.0,1,0,1,1,4.0,0,,1
"39.5 
• 
Thomas to Brook, no run 
nearly a screamer at backward point! Athanaze has been electric in the ring and springs 
up to get a hand to it, but can't quite cling on! Brook went hard at the cut and it flew off 
the bat... Athanaze might well have saved four runs, even if he couldn't take the catch",39.5,0,0.0,"Thomas to Brook, no run  .nearly a screamer at backward point! Athanaze has been electric in the ring and springs  .up to get a hand to it, but can't quite cling on! Brook went hard at the cut and it flew off  .the bat... Athanaze might well have saved four runs, even if he couldn't take the catch",Thomas,Brook,0.0,0,0,1,1,0.0,0,,0
"39.6 
• 
Thomas to Brook, no run 
steered into the off side 
end of over 404 runs  
ENG: 236/6CRR: 5.90  
Harry Brook70 (69b 7x4 2x6) 
Sam Curran0 (1b) 
Oshane Thomas 7-0-25-0 
Romario Shepherd 8-0-66-1 
Final 10 overs, so West Indies are allowed a fifth man outside the inner ring.",39.6,0,0.0,"Thomas to Brook, no run  .steered into the off side",Thomas,Brook,0.0,0,0,1,1,0.0,0,,0
"40.1 
1 
Shepherd to Sam Curran, 1 run 
short ball, pulled away to deep midwicket",40.1,1,1.0,"Shepherd to Sam Curran, 1 run  .short ball, pulled away to deep midwicket",Shepherd,Sam Curran,1.0,0,0,1,1,1.0,0,,1
"40.2 
• 
Shepherd to Brook, no run 
offcutter, dabbed to point 
Duncan: ""I have the impression that Brook is making a habit of playing statement 
innings whenever he is considered surplus to requirements"" -- Not sure anyone has 
deemed him surplus... he's one of the few players retained from the World Cup for this 
tour",40.2,0,0.0,"Shepherd to Brook, no run  .offcutter, dabbed to point",Shepherd,Brook,0.0,0,0,1,1,0.0,0,,0
"40.3 
1 
Shepherd to Brook, 1 run 
banged in halfway down, nails the pull straight to deep backward square leg",40.3,1,1.0,"Shepherd to Brook, 1 run  .banged in halfway down, nails the pull straight to deep backward square leg",Shepherd,Brook,1.0,0,0,1,1,1.0,0,,1
"40.4 
• 
Shepherd to Sam Curran, no run 
offcutter, pushed towards mid-off",40.4,0,0.0,"Shepherd to Sam Curran, no run  .offcutter, pushed towards mid-off",Shepherd,Sam Curran,0.0,0,0,1,1,0.0,0,,0
"40.5 
1 
Shepherd to Sam Curran, 1 run 
fullish on the pads, worked down to long leg",40.5,1,1.0,"Shepherd to Sam Curran, 1 run  .fullish on the pads, worked down to long leg",Shepherd,Sam Curran,1.0,0,0,1,1,1.0,0,,1
"40.6 
W 
Shepherd to Brook, OUT 
slower ball, spooned to mid-off! Brook shimmies outside his leg stump looking to go 
over the off side, and the cutter sits up tantalisingly from a good length. But he is 
cramped for room, and can't get it up and over Joseph in the ring 
Harry Brook c Joseph b Shepherd 71 (72b 7x4 2x6 102m) SR: 98.61 
end of over 413 runs • 1 wicket 
ENG: 239/7CRR: 5.82  
Sam Curran2 (4b) 
Romario Shepherd 9-0-69-2 
Oshane Thomas 7-0-25-0 
Brydon Carse walks out at No. 9. He can hit a long ball but West Indies will feel they can 
bowl England out here. Cariah returns to the attack.",40.6,W,0.0,"Shepherd to Brook, OUT  .slower ball, spooned to mid-off! Brook shimmies outside his leg stump looking to go  .over the off side, and the cutter sits up tantalisingly from a good length. But he is  .cramped for room, and can't get it up and over Joseph in the ring  .Harry Brook c Joseph b Shepherd 71 (72b 7x4 2x6 102m) SR: 98.61",Shepherd,Brook,0.0,0,0,1,1,0.0,1,c Joseph b Shepherd,0
"41.1 
• 
Cariah to Sam Curran, no run 
chopped to cover on the edge of the ring",41.1,0,0.0,"Cariah to Sam Curran, no run  .chopped to cover on the edge of the ring",Cariah,Sam Curran,0.0,0,0,1,1,0.0,0,,0
"41.2 
• 
Cariah to Sam Curran, no run 
defends with a straight bat",41.2,0,0.0,"Cariah to Sam Curran, no run  .defends with a straight bat",Cariah,Sam Curran,0.0,0,0,1,1,0.0,0,,0
"41.3 
1 
Cariah to Sam Curran, 1 run 
tossed up, worked away through square leg",41.3,1,1.0,"Cariah to Sam Curran, 1 run  .tossed up, worked away through square leg",Cariah,Sam Curran,1.0,0,0,1,1,1.0,0,,1
"41.4 
• 
Cariah to Carse, no run 
width outside off, Carse lets it go",41.4,0,0.0,"Cariah to Carse, no run  .width outside off, Carse lets it go",Cariah,Carse,0.0,0,0,1,1,0.0,0,,0
"41.5 
6 
Cariah to Carse, SIX runs 
skips down, and launches the legspinner back over his head for six! Long-on was in 
place, but Carse backed himself to clear him and did so comfortably, hitting this one 
88m",41.5,6,6.0,"Cariah to Carse, SIX runs  .skips down, and launches the legspinner back over his head for six! Long-on was in  .place, but Carse backed himself to clear him and did so comfortably, hitting this one  .88m",Cariah,Carse,6.0,0,1,1,1,6.0,0,,1
"41.6 
• 
Cariah to Carse, no run 
tossed up outside off stump, rips the legbreak past the outside edge of Carse's waft 
end of over 427 runs  
ENG: 246/7CRR: 5.85  
Brydon Carse6 (3b 1x6) 
Sam Curran3 (7b) 
Yannic Cariah 9-0-68-1 
Romario Shepherd 9-0-69-2 
Dunc: ""Your score predictor has very high esteem for the England tail!"" -- They do bat 
deep... Atkinson is pretty handy for a No. 11. 
Change of ends for Thomas.",41.6,0,0.0,"Cariah to Carse, no run  .tossed up outside off stump, rips the legbreak past the outside edge of Carse's waft",Cariah,Carse,0.0,0,0,1,1,0.0,0,,0
"42.1 
4 
Thomas to Sam Curran, FOUR runs 
short, angling across the left-hander, but Curran nails the pull and beats Joseph, 
running to his left from long-on",42.1,4,4.0,"Thomas to Sam Curran, FOUR runs  .short, angling across the left-hander, but Curran nails the pull and beats Joseph,  .running to his left from long-on",Thomas,Sam Curran,4.0,1,0,1,1,4.0,0,,1
"42.2 
• 
Thomas to Sam Curran, no run 
full, dug out back to the bowler 
I've only just noticed that Curran is batting in sunglasses... I can't remember the last 
time I saw someone doing that... Chris Gayle?",42.2,0,0.0,"Thomas to Sam Curran, no run  .full, dug out back to the bowler  .I've only just noticed that Curran is batting in sunglasses... I can't remember the last  .time I saw someone doing that... Chris Gayle?",Thomas,Sam Curran,0.0,0,0,1,1,0.0,0,,0
"42.3 
4 
Thomas to Sam Curran, FOUR runs 
banged in halfway down, smoked over midwicket for four more! Universe Boss, eat your 
heart out",42.3,4,4.0,"Thomas to Sam Curran, FOUR runs  .banged in halfway down, smoked over midwicket for four more! Universe Boss, eat your  .heart out",Thomas,Sam Curran,4.0,1,0,1,1,4.0,0,,1
"42.4 
1 
Thomas to Sam Curran, 1 run 
width outside off stump, slapped out to deep point",42.4,1,1.0,"Thomas to Sam Curran, 1 run  .width outside off stump, slapped out to deep point",Thomas,Sam Curran,1.0,0,0,1,1,1.0,0,,1
"42.5 
1 
Thomas to Carse, 1 run 
length ball, dabbed down to deep third",42.5,1,1.0,"Thomas to Carse, 1 run  .length ball, dabbed down to deep third",Thomas,Carse,1.0,0,0,1,1,1.0,0,,1
"42.6 
• 
Thomas to Sam Curran, no run 
short and wide, Curran looks to force it away but can only inside-edge back towards the 
bowler 
end of over 4310 runs  
ENG: 256/7CRR: 5.95  
Sam Curran12 (12b 2x4) 
Brydon Carse7 (4b 1x6) 
Oshane Thomas 8-0-35-0 
Yannic Cariah 9-0-68-1",42.6,0,0.0,"Thomas to Sam Curran, no run  .short and wide, Curran looks to force it away but can only inside-edge back towards the  .bowler",Thomas,Sam Curran,0.0,0,0,1,1,0.0,0,,0
"43.1 
4 
Alzarri Joseph to Carse, FOUR runs 
width outside off, Carse nails the off-drive and beats the man in tight at short cover. 
Sloppy from King in tight",43.1,4,4.0,"Alzarri Joseph to Carse, FOUR runs  .width outside off, Carse nails the off-drive and beats the man in tight at short cover.  .Sloppy from King in tight",Alzarri Joseph,Carse,4.0,1,0,1,1,4.0,0,,1
"43.2 
• 
Alzarri Joseph to Carse, no run 
low full toss, steered to point",43.2,0,0.0,"Alzarri Joseph to Carse, no run  .low full toss, steered to point",Alzarri Joseph,Carse,0.0,0,0,1,1,0.0,0,,0
"43.3 
• 
Alzarri Joseph to Carse, no run 
cutter, wide outside off, inside-edged past his own stumps to short fine leg 
Tom: ""I'm pretty sure batting in sunglasses was a sackable offence in the not too 
distant past""",43.3,0,0.0,"Alzarri Joseph to Carse, no run  .cutter, wide outside off, inside-edged past his own stumps to short fine leg",Alzarri Joseph,Carse,0.0,0,0,1,1,0.0,0,,0
"43.4 
1 
Alzarri Joseph to Carse, 1 run 
another full toss, dead-batted down to long-on",43.4,1,1.0,"Alzarri Joseph to Carse, 1 run  .another full toss, dead-batted down to long-on",Alzarri Joseph,Carse,1.0,0,0,1,1,1.0,0,,1
"43.5 
1w 
Alzarri Joseph to Sam Curran, 1 wide 
sprayed down the leg side, past Curran's pull. Poor over from Joseph so far",43.5,1w,1.0,"Alzarri Joseph to Sam Curran, 1 wide  .sprayed down the leg side, past Curran's pull. Poor over from Joseph so far",Alzarri Joseph,Sam Curran,0.0,0,0,0,0,1.0,0,,1
"43.5 
1 
Alzarri Joseph to Sam Curran, 1 run 
into the pitch, leading edge skews out towards cover",43.5,1,1.0,"Alzarri Joseph to Sam Curran, 1 run  .into the pitch, leading edge skews out towards cover",Alzarri Joseph,Sam Curran,1.0,0,0,1,1,1.0,0,,1
"43.6 
1 
Alzarri Joseph to Carse, 1 run 
short and wide, poked to point on the bounce and they race through for a sharp single 
end of over 448 runs  
ENG: 264/7CRR: 6.00  
Brydon Carse13 (9b 1x4 1x6) 
Sam Curran13 (13b 2x4) 
Alzarri Joseph 8-0-42-1 
Oshane Thomas 8-0-35-0 
Dave Goulding: ""The cricketer wearing sunglasses most recently was Kraigg Brathwaite"" 
-- Good shout... any others?",43.6,1,1.0,"Alzarri Joseph to Carse, 1 run  .short and wide, poked to point on the bounce and they race through for a sharp single",Alzarri Joseph,Carse,1.0,0,0,1,1,1.0,0,,1
"44.1 
• 
Thomas to Carse, no run 
jumps a long way outside his leg stump looking to create room, but Thomas beats him 
by going wide of the off stump 
Bakhtiar: ""I remember Liton Das batting in sunglasses last test match vs Afghanistan.""",44.1,0,0.0,"Thomas to Carse, no run  .jumps a long way outside his leg stump looking to create room, but Thomas beats him  .by going wide of the off stump",Thomas,Carse,0.0,0,0,1,1,0.0,0,,0
"44.2 
1 
Thomas to Carse, 1 run 
banged in halfway down, poked out to deep third",44.2,1,1.0,"Thomas to Carse, 1 run  .banged in halfway down, poked out to deep third",Thomas,Carse,1.0,0,0,1,1,1.0,0,,1
"44.3 
6 
Thomas to Sam Curran, SIX runs 
launched cross-batted down the ground for half a dozen! Sits up from a length, Curran 
clears the front leg and swings hard. 85m, dead straight",44.3,6,6.0,"Thomas to Sam Curran, SIX runs  .launched cross-batted down the ground for half a dozen! Sits up from a length, Curran  .clears the front leg and swings hard. 85m, dead straight",Thomas,Sam Curran,6.0,0,1,1,1,6.0,0,,1
"44.4 
1 
Thomas to Sam Curran, 1 run 
shortish again, nudged into the off side",44.4,1,1.0,"Thomas to Sam Curran, 1 run  .shortish again, nudged into the off side",Thomas,Sam Curran,1.0,0,0,1,1,1.0,0,,1
"44.5 
• 
Thomas to Carse, no run 
shoots through low from a good length, past Carse's ambitious air-shot and just past his 
off stump",44.5,0,0.0,"Thomas to Carse, no run  .shoots through low from a good length, past Carse's ambitious air-shot and just past his  .off stump",Thomas,Carse,0.0,0,0,1,1,0.0,0,,0
"44.6 
2 
Thomas to Carse, 2 runs 
flaps at the bouncer, was there any bat on this? Given as runs by umpire Brathwaite, as 
the ball evades Hope's grasp at he leaps at full stretch before parrying it away. Would 
have been a screamer 
end of over 4510 runs  
ENG: 274/7CRR: 6.08  
Brydon Carse16 (13b 1x4 1x6) 
Sam Curran20 (15b 2x4 1x6) 
Oshane Thomas 9-0-45-0 
Alzarri Joseph 8-0-42-1",44.6,2,2.0,"Thomas to Carse, 2 runs  .flaps at the bouncer, was there any bat on this? Given as runs by umpire Brathwaite, as  .the ball evades Hope's grasp at he leaps at full stretch before parrying it away. Would  .have been a screamer",Thomas,Carse,2.0,0,0,1,1,2.0,0,,1
"45.1 
1 
Alzarri Joseph to Sam Curran, 1 run 
shimmies outside leg stump, Joseph follows him. Out to deep square for one",45.1,1,1.0,"Alzarri Joseph to Sam Curran, 1 run  .shimmies outside leg stump, Joseph follows him. Out to deep square for one",Alzarri Joseph,Sam Curran,1.0,0,0,1,1,1.0,0,,1
"45.2 
6 
Alzarri Joseph to Carse, SIX runs 
shovelled leg-side, and the wind sends it over deep midwicket's head! Back of a length, 
swung towards Carty on the rope... but the ball catches in the breeze and carries for six",45.2,6,6.0,"Alzarri Joseph to Carse, SIX runs  .shovelled leg-side, and the wind sends it over deep midwicket's head! Back of a length,  .swung towards Carty on the rope... but the ball catches in the breeze and carries for six",Alzarri Joseph,Carse,6.0,0,1,1,1,6.0,0,,1
"45.3 
1 
Alzarri Joseph to Carse, 1 run 
full and straight, dug out for one",45.3,1,1.0,"Alzarri Joseph to Carse, 1 run  .full and straight, dug out for one",Alzarri Joseph,Carse,1.0,0,0,1,1,1.0,0,,1
"45.4 
4 
Alzarri Joseph to Sam Curran, FOUR runs 
chipped over mid-off for four more! In the slot, Curran checks his lofted drive and gets 
just enough on it to clear Shepherd in the infield",45.4,4,4.0,"Alzarri Joseph to Sam Curran, FOUR runs  .chipped over mid-off for four more! In the slot, Curran checks his lofted drive and gets  .just enough on it to clear Shepherd in the infield",Alzarri Joseph,Sam Curran,4.0,1,0,1,1,4.0,0,,1
"45.5 
1 
Alzarri Joseph to Sam Curran, 1 run 
shimmies outside leg stump, Joseph aims outside off and Curran has to reach for the 
full toss. It skews towards backward point and Athanaze throws towards the stumps, 
but he misses and Carse was safe regardless",45.5,1,1.0,"Alzarri Joseph to Sam Curran, 1 run  .shimmies outside leg stump, Joseph aims outside off and Curran has to reach for the  .full toss. It skews towards backward point and Athanaze throws towards the stumps,  .but he misses and Carse was safe regardless",Alzarri Joseph,Sam Curran,1.0,0,0,1,1,1.0,0,,1
"45.6 
4 
Alzarri Joseph to Carse, FOUR runs 
pumped down the ground for four more! England's eighth-wicket pair have added 52 in 
just 30 balls, as Carse drills Joseph through mid-off with authority 
Dunc: ""Well, I have to take my hat (and sunglasses) off to your score predictor. It 
seemed over-optimistic but it obviously felt Curran and Carse were the men for the 
moment and it seems to have been right!"" -- It's man vs machine, Dunc... 
end of over 4617 runs  
ENG: 291/7CRR: 6.32  
Brydon Carse27 (16b 2x4 2x6) 
Sam Curran26 (18b 3x4 1x6) 
Alzarri Joseph 9-0-59-1 
Oshane Thomas 9-0-45-0 
Meanwhile, it's going down to the wire at the Chinnaswamy....",45.6,4,4.0,"Alzarri Joseph to Carse, FOUR runs  .pumped down the ground for four more! England's eighth-wicket pair have added 52 in  .just 30 balls, as Carse drills Joseph through mid-off with authority",Alzarri Joseph,Carse,4.0,1,0,1,1,4.0,0,,1
"46.1 
• 
Shepherd to Sam Curran, no run 
short ball from around the wicket, ducks underneath it",46.1,0,0.0,"Shepherd to Sam Curran, no run  .short ball from around the wicket, ducks underneath it",Shepherd,Sam Curran,0.0,0,0,1,1,0.0,0,,0
"46.2 
2 
Shepherd to Sam Curran, 2 runs 
two is the early call, and Curran scampers back for the second",46.2,2,2.0,"Shepherd to Sam Curran, 2 runs  .two is the early call, and Curran scampers back for the second",Shepherd,Sam Curran,2.0,0,0,1,1,2.0,0,,1
"46.3 
1 
Shepherd to Sam Curran, 1 run 
wide slower ball, slashed down to deep third on the bounce",46.3,1,1.0,"Shepherd to Sam Curran, 1 run  .wide slower ball, slashed down to deep third on the bounce",Shepherd,Sam Curran,1.0,0,0,1,1,1.0,0,,1
"46.4 
1 
Shepherd to Carse, 1 run 
back of the hand, inside-edged into the leg side as he looks to launch 
Mark: ""It's not the 500 that the superoptimists wanted after the first few overs and the 
route to get there has been odd, to say the least, but it's a handy England total on a pitch 
that the spinners are enjoying bowling on."" -- Not a straightforward surface to bat on by 
any means, think this will be a very competitive score.",46.4,1,1.0,"Shepherd to Carse, 1 run  .back of the hand, inside-edged into the leg side as he looks to launch",Shepherd,Carse,1.0,0,0,1,1,1.0,0,,1
"46.5 
2 
Shepherd to Sam Curran, 2 runs 
crunched down to long-on, back for another scampered second",46.5,2,2.0,"Shepherd to Sam Curran, 2 runs  .crunched down to long-on, back for another scampered second",Shepherd,Sam Curran,2.0,0,0,1,1,2.0,0,,1
"46.6 
1w 
Shepherd to Sam Curran, 1 wide 
wide yorker... umpire Brathwaite gives a very harsh wide! Looked like perfect execution, 
sliding under the toe of the bat. Shepherd jumps in disbelief",46.6,1w,1.0,"Shepherd to Sam Curran, 1 wide  .wide yorker... umpire Brathwaite gives a very harsh wide! Looked like perfect execution,  .sliding under the toe of the bat. Shepherd jumps in disbelief",Shepherd,Sam Curran,0.0,0,0,0,0,1.0,0,,1
"46.6 
1 
Shepherd to Sam Curran, 1 run 
punched down to deep backward point 
Meanwhile, even when he's not playing, it's always a good day to talk about the King... 
Two masterclasses in chases are in the final of our fan vote to decide the best Virat 
Kohli ODI hundred. Vote here. 
Shepherd is done, finishes with 2 for 77 from his 10. 
end of over 478 runs  
ENG: 299/7CRR: 6.36  
Sam Curran32 (23b 3x4 1x6) 
Brydon Carse28 (17b 2x4 2x6) 
Romario Shepherd 10-0-77-2 
Alzarri Joseph 9-0-59-1 
An over each remaining for Thomas, Joseph and Cariah. Here's 'Pidge' for his final over.",46.6,1,1.0,"Shepherd to Sam Curran, 1 run  .punched down to deep backward point  .Meanwhile, even when he's not playing, it's always a good day to talk about the King...  .Two masterclasses in chases are in the final of our fan vote to decide the best Virat  .Kohli ODI hundred. Vote here.  .Shepherd is done, finishes with 2 for 77 from his 10.",Shepherd,Sam Curran,1.0,0,0,1,1,1.0,0,,1
"47.1 
6 
Cariah to Sam Curran, SIX runs 
belted back down the ground for six of the best! Curran brings up England's 300. Clears 
the front leg and swings hard. 86 metres",47.1,6,6.0,"Cariah to Sam Curran, SIX runs  .belted back down the ground for six of the best! Curran brings up England's 300. Clears  .the front leg and swings hard. 86 metres",Cariah,Sam Curran,6.0,0,1,1,1,6.0,0,,1
"47.2 
• 
Cariah to Sam Curran, no run 
googly, spins sharply past the outside edge as Curran looks to crunch him back over his 
head again",47.2,0,0.0,"Cariah to Sam Curran, no run  .googly, spins sharply past the outside edge as Curran looks to crunch him back over his  .head again",Cariah,Sam Curran,0.0,0,0,1,1,0.0,0,,0
"47.3 
W 
Cariah to Sam Curran, OUT 
another googly, slashed to short third on the bounce via the outside edge... Curran is 
ball-watching as Carse scampers through for a single, and Joseph stays calm to throw 
to the bowler's end, giving Cariah time to gather and take the bails off 
Sam Curran run out (Joseph/Cariah) 38 (26b 3x4 2x6 45m) SR: 146.15",47.3,W,0.0,"Cariah to Sam Curran, OUT  .another googly, slashed to short third on the bounce via the outside edge... Curran is  .ball-watching as Carse scampers through for a single, and Joseph stays calm to throw  .to the bowler's end, giving Cariah time to gather and take the bails off  .Sam Curran run out (Joseph/Cariah) 38 (26b 3x4 2x6 45m) SR: 146.15",Cariah,Sam Curran,0.0,0,0,1,1,0.0,0,run out (Joseph/Cariah),0
"47.4 
1 
Cariah to Carse, 1 run 
cross-bats down to long-on 
Rehan on strike for the first time, in at No. 10.",47.4,1,1.0,"Cariah to Carse, 1 run  .cross-bats down to long-on  .Rehan on strike for the first time, in at No. 10.",Cariah,Carse,1.0,0,0,1,1,1.0,0,,1
"47.5 
1 
Cariah to Rehan, 1 run 
slapped hard out to deep point",47.5,1,1.0,"Cariah to Rehan, 1 run  .slapped hard out to deep point",Cariah,Rehan,1.0,0,0,1,1,1.0,0,,1
"47.6 
• 
Cariah to Carse, no run 
huge swipe at thin air, looking to launch the legbreak down the ground 
Cariah finishes with 1 for 76. A mixed day at the office 
end of over 488 runs • 1 wicket 
ENG: 307/8CRR: 6.39  
Brydon Carse29 (19b 2x4 2x6) 
Rehan Ahmed1 (1b) 
Yannic Cariah 10-0-76-1 
Romario Shepherd 10-0-77-2",47.6,0,0.0,"Cariah to Carse, no run  .huge swipe at thin air, looking to launch the legbreak down the ground  .Cariah finishes with 1 for 76. A mixed day at the office",Cariah,Carse,0.0,0,0,1,1,0.0,0,,0
"48.1 
• 
Alzarri Joseph to Rehan, no run 
offcutter, Rehan is through the shot early and nearly loses his off stump",48.1,0,0.0,"Alzarri Joseph to Rehan, no run  .offcutter, Rehan is through the shot early and nearly loses his off stump",Alzarri Joseph,Rehan,0.0,0,0,1,1,0.0,0,,0
"48.2 
1w 
Alzarri Joseph to Rehan, 1 wide 
down the leg side, past the hip",48.2,1w,1.0,"Alzarri Joseph to Rehan, 1 wide  .down the leg side, past the hip",Alzarri Joseph,Rehan,0.0,0,0,0,0,1.0,0,,1
"48.2 
1 
Alzarri Joseph to Rehan, 1 run 
banged in halfway down, hauled out to deep midwicket",48.2,1,1.0,"Alzarri Joseph to Rehan, 1 run  .banged in halfway down, hauled out to deep midwicket",Alzarri Joseph,Rehan,1.0,0,0,1,1,1.0,0,,1
"48.3 
1 
Alzarri Joseph to Carse, 1 run 
slammed in, pulled out to midwicket",48.3,1,1.0,"Alzarri Joseph to Carse, 1 run  .slammed in, pulled out to midwicket",Alzarri Joseph,Carse,1.0,0,0,1,1,1.0,0,,1
"48.4 
1 
Alzarri Joseph to Rehan, 1 run 
sits up nicely, swung out to long-on on the bounce",48.4,1,1.0,"Alzarri Joseph to Rehan, 1 run  .sits up nicely, swung out to long-on on the bounce",Alzarri Joseph,Rehan,1.0,0,0,1,1,1.0,0,,1
"48.5 
1 
Alzarri Joseph to Carse, 1 run 
full outside off stump, mistimed down to long-on",48.5,1,1.0,"Alzarri Joseph to Carse, 1 run  .full outside off stump, mistimed down to long-on",Alzarri Joseph,Carse,1.0,0,0,1,1,1.0,0,,1
"48.6 
1 
Alzarri Joseph to Rehan, 1 run 
yorker, dug out to long-on 
1 for 65 for Joseph, who has bowled better than those figures might suggest. 
end of over 496 runs  
ENG: 313/8CRR: 6.38  
Rehan Ahmed4 (5b) 
Brydon Carse31 (21b 2x4 2x6) 
Alzarri Joseph 10-0-65-1 
Yannic Cariah 10-0-76-1",48.6,1,1.0,"Alzarri Joseph to Rehan, 1 run  .yorker, dug out to long-on  .1 for 65 for Joseph, who has bowled better than those figures might suggest.",Alzarri Joseph,Rehan,1.0,0,0,1,1,1.0,0,,1
"49.1 
2 
Thomas to Rehan, 2 runs 
attempted wide yorker, but more of a low full toss. Rehan squeezes it out down to deep 
third, where Rutherford does well on the rope to cut it off",49.1,2,2.0,"Thomas to Rehan, 2 runs  .attempted wide yorker, but more of a low full toss. Rehan squeezes it out down to deep  .third, where Rutherford does well on the rope to cut it off",Thomas,Rehan,2.0,0,0,1,1,2.0,0,,1
"49.2 
6 
Thomas to Rehan, SIX runs 
shin-high full toss, swung back over his head for six! Rehan was looking over long-on, 
but his miscue flew 80m dead-straight over Thomas' head 
Raff: ""Cariah was let down by his teammates' butterfingers. Had another catch or two 
stuck, his figures would look quite different --- as would England's total.""",49.2,6,6.0,"Thomas to Rehan, SIX runs  .shin-high full toss, swung back over his head for six! Rehan was looking over long-on,  .but his miscue flew 80m dead-straight over Thomas' head",Thomas,Rehan,6.0,0,1,1,1,6.0,0,,1
"49.3 
W 
Thomas to Rehan, OUT 
short and wide, top-edges the pull and Thomas settles underneath it. Nearly a mix-up as 
Hetmyer raced around from mid-off, but Thomas completes the catch off his own 
bowling, running back 
Rehan Ahmed c & b Thomas 12 (8b 0x4 1x6 12m) SR: 150 
Atkinson walks out at No. 11.",49.3,W,0.0,"Thomas to Rehan, OUT  .short and wide, top-edges the pull and Thomas settles underneath it. Nearly a mix-up as  .Hetmyer raced around from mid-off, but Thomas completes the catch off his own  .bowling, running back  .Rehan Ahmed c & b Thomas 12 (8b 0x4 1x6 12m) SR: 150",Thomas,Rehan,0.0,0,0,1,1,0.0,1,c & b Thomas,0
"49.4 
4 
Thomas to Atkinson, FOUR runs 
length ball, belted over mid-off! Have some of that... That's the highest total in men's 
ODIs at this venue, beating a record that dates back to the 2007 World Cup",49.4,4,4.0,"Thomas to Atkinson, FOUR runs  .length ball, belted over mid-off! Have some of that... That's the highest total in men's  .ODIs at this venue, beating a record that dates back to the 2007 World Cup",Thomas,Atkinson,4.0,1,0,1,1,4.0,0,,1
"49.5 
• 
Thomas to Atkinson, no run 
looks to repeat the trick, but is beaten on the outside edge",49.5,0,0.0,"Thomas to Atkinson, no run  .looks to repeat the trick, but is beaten on the outside edge",Thomas,Atkinson,0.0,0,0,1,1,0.0,0,,0
"49.6 
W 
Thomas to Atkinson, OUT 
banged in halfway down, Atkinson top-edges the pull up into the air and the wind won't 
carry it very far... Chase, the sub fielder, runs in from deep backward square and slides 
to complete a good catch, and England are bowled out for 325 off the final ball of the 
innings 
Gus Atkinson c sub (RL Chase) b Thomas 4 (3b 1x4 0x6 3m) SR: 133.33 
Mark: ""If logic applies (these are two of the sides in world cricket least disposed to 
follow logic), this should be far too many for the West Indies unless someone makes a 
really large score."" 
Brook chats briefly to the world feed at the innings break, and says that it's a two-paced 
pitch with variable bounce. He thinks England will be fine as long as they keeping 
""bashing the top of the stumps"" with some variations, and says that it's good to be back 
posting a competitive total after ""a poor World Cup"". 
1.10pm: England will feel confident about their changes of defending this total. It's a 
record total at the Viv, set up by Salt and Jacks who put on 77 for the first wicket in just",49.6,W,0.0,"Thomas to Atkinson, OUT  .banged in halfway down, Atkinson top-edges the pull up into the air and the wind won't  .carry it very far... Chase, the sub fielder, runs in from deep backward square and slides  .to complete a good catch, and England are bowled out for 325 off the final ball of the  .innings  .Gus Atkinson c sub (RL Chase) b Thomas 4 (3b 1x4 0x6 3m) SR: 133.33",Thomas,Atkinson,0.0,0,0,1,1,0.0,1,c sub (RL Chase) b Thomas,0
