raw_data,overs,runs,team_runs,commentary,bowler,batsman,batsman_runs,batsman_fours,batsman_sixes,batsman_bowls_faced,bowler_bowls_done,bowler_runs_given,bowler_wickets,dismissal,runs_given_bool
"0.1 
• 
Shaheen Shah Afridi to Rohit Sharma, no run 
full, a hint of shape in towards middle and leg, clipped to square leg 
See all photos",0.1,0,0.0,"Shaheen Shah Afridi to Rohit Sharma, no run  .full, a hint of shape in towards middle and leg, clipped to square leg  .See all photos",Shaheen Shah Afridi,Rohit Sharma,0.0,0,0,1,1,0.0,0,,0
"0.2 
• 
Shaheen Shah Afridi to Rohit Sharma, no run 
very full, almost yorker length, swings in slightly towards off stump, jammed back to the 
bowler",0.2,0,0.0,"Shaheen Shah Afridi to Rohit Sharma, no run  .very full, almost yorker length, swings in slightly towards off stump, jammed back to the  .bowler",Shaheen Shah Afridi,Rohit Sharma,0.0,0,0,1,1,0.0,0,,0
"0.3 
• 
Shaheen Shah Afridi to Rohit Sharma, no run 
short of a length, slanting a long way away from off stump. Left alone",0.3,0,0.0,"Shaheen Shah Afridi to Rohit Sharma, no run  .short of a length, slanting a long way away from off stump. Left alone",Shaheen Shah Afridi,Rohit Sharma,0.0,0,0,1,1,0.0,0,,0
"0.4 
• 
Shaheen Shah Afridi to Rohit Sharma, no run 
full, swerving down leg, tickles the pad on the way to the diving Rizwan after Rohit 
misses his flick",0.4,0,0.0,"Shaheen Shah Afridi to Rohit Sharma, no run  .full, swerving down leg, tickles the pad on the way to the diving Rizwan after Rohit  .misses his flick",Shaheen Shah Afridi,Rohit Sharma,0.0,0,0,1,1,0.0,0,,0
"0.5 
• 
Shaheen Shah Afridi to Rohit Sharma, no run 
very full, a hint of shape in to finish in the blockhole in front of off stump. Keeps his pad 
out of the way and blocks towards extra-cover",0.5,0,0.0,"Shaheen Shah Afridi to Rohit Sharma, no run  .very full, a hint of shape in to finish in the blockhole in front of off stump. Keeps his pad  .out of the way and blocks towards extra-cover",Shaheen Shah Afridi,Rohit Sharma,0.0,0,0,1,1,0.0,0,,0
"0.6 
6 
Shaheen Shah Afridi to Rohit Sharma, SIX runs 
and Rohit is off the mark with a six. Swings in, but ends up on his pads, and he flicks it 
up and over the backward square leg boundary, to the left of the man at fine leg 
end of over 16 runs  
IND: 6/0CRR: 6.00  
Rohit Sharma6 (6b 1x6) 
Shubman Gill0 (0b) 
Shaheen Shah Afridi 1-0-6-0 
Here's Naseem Shah. Two slips for hin.",0.6,6,6.0,"Shaheen Shah Afridi to Rohit Sharma, SIX runs  .and Rohit is off the mark with a six. Swings in, but ends up on his pads, and he flicks it  .up and over the backward square leg boundary, to the left of the man at fine leg",Shaheen Shah Afridi,Rohit Sharma,6.0,0,1,1,1,6.0,0,,1
"1.1 
1 
Naseem Shah to Gill, 1 run 
oooh, nearly a chance at deep third! Shortish outside off, and a bit of a half-hearted shot 
from GIll, looks to cut but doesn't really go hard at it. Ends up hitting it in the air, and 
Shaheen, running in and diving forward, can't get to it before it falls to the ground",1.1,1,1.0,"Naseem Shah to Gill, 1 run  .oooh, nearly a chance at deep third! Shortish outside off, and a bit of a half-hearted shot  .from GIll, looks to cut but doesn't really go hard at it. Ends up hitting it in the air, and  .Shaheen, running in and diving forward, can't get to it before it falls to the ground",Naseem Shah,Gill,1.0,0,0,1,1,1.0,0,,1
"1.2 
• 
Naseem Shah to Rohit Sharma, no run 
back of a length, angling in towards off stump, a hint of away shape. Defended back to 
the bowler",1.2,0,0.0,"Naseem Shah to Rohit Sharma, no run  .back of a length, angling in towards off stump, a hint of away shape. Defended back to  .the bowler",Naseem Shah,Rohit Sharma,0.0,0,0,1,1,0.0,0,,0
"1.3 
• 
Naseem Shah to Rohit Sharma, no run 
good-length outswinger, but the line is too far outside off for Rohit to play",1.3,0,0.0,"Naseem Shah to Rohit Sharma, no run  .good-length outswinger, but the line is too far outside off for Rohit to play",Naseem Shah,Rohit Sharma,0.0,0,0,1,1,0.0,0,,0
"1.4 
• 
Naseem Shah to Rohit Sharma, no run 
length ball, fifth-stump channel, a hint of away shape. Left alone",1.4,0,0.0,"Naseem Shah to Rohit Sharma, no run  .length ball, fifth-stump channel, a hint of away shape. Left alone",Naseem Shah,Rohit Sharma,0.0,0,0,1,1,0.0,0,,0
"1.5 
4 
Naseem Shah to Rohit Sharma, FOUR runs 
shot! Looks to go full and invite the drive, but ends up bowling a wide half-volley that 
doesn't swing all that much. Just extends his arms and lofts it cleanly over extra-cover",1.5,4,4.0,"Naseem Shah to Rohit Sharma, FOUR runs  .shot! Looks to go full and invite the drive, but ends up bowling a wide half-volley that  .doesn't swing all that much. Just extends his arms and lofts it cleanly over extra-cover",Naseem Shah,Rohit Sharma,4.0,1,0,1,1,4.0,0,,1
"1.6 
• 
Naseem Shah to Rohit Sharma, no run 
on the shorter side of a length, close to off stump, defended into the covers 
end of over 25 runs  
IND: 11/0CRR: 5.50  
Rohit Sharma10 (11b 1x4 1x6) 
Shubman Gill1 (1b) 
Naseem Shah 1-0-5-0 
Shaheen Shah Afridi 1-0-6-0",1.6,0,0.0,"Naseem Shah to Rohit Sharma, no run  .on the shorter side of a length, close to off stump, defended into the covers",Naseem Shah,Rohit Sharma,0.0,0,0,1,1,0.0,0,,0
"2.1 
4 
Shaheen Shah Afridi to Gill, FOUR runs 
on the fuller side of a length, swinging in towards middle and leg. Plays around his front 
pad a little there, and gets a thick inside edge on his flick, which goes racing away to the 
fine leg boundary, to the right of the fielder there, who's stationed a touch square",2.1,4,4.0,"Shaheen Shah Afridi to Gill, FOUR runs  .on the fuller side of a length, swinging in towards middle and leg. Plays around his front  .pad a little there, and gets a thick inside edge on his flick, which goes racing away to the  .fine leg boundary, to the right of the fielder there, who's stationed a touch square",Shaheen Shah Afridi,Gill,4.0,1,0,1,1,4.0,0,,1
"2.2 
4 
Shaheen Shah Afridi to Gill, FOUR runs 
beautiful shot, but not the greatest delivery. Once again errs and offers a leg-stump half-
volley. Gill flicks it sweetly, up and over the wide mid-on region",2.2,4,4.0,"Shaheen Shah Afridi to Gill, FOUR runs  .beautiful shot, but not the greatest delivery. Once again errs and offers a leg-stump half- .volley. Gill flicks it sweetly, up and over the wide mid-on region",Shaheen Shah Afridi,Gill,4.0,1,0,1,1,4.0,0,,1
"2.3 
• 
Shaheen Shah Afridi to Gill, no run 
full, slanting away from off stump, positive stride forward to punch to mid-off 
A light drizzle seems to have begun... The groundstaff are poised with the covers.",2.3,0,0.0,"Shaheen Shah Afridi to Gill, no run  .full, slanting away from off stump, positive stride forward to punch to mid-off  .A light drizzle seems to have begun... The groundstaff are poised with the covers.",Shaheen Shah Afridi,Gill,0.0,0,0,1,1,0.0,0,,0
"2.4 
• 
Shaheen Shah Afridi to Gill, no run 
in the blockhole on middle stump, gets his front pad out of the way and blocks to short 
midwicket",2.4,0,0.0,"Shaheen Shah Afridi to Gill, no run  .in the blockhole on middle stump, gets his front pad out of the way and blocks to short  .midwicket",Shaheen Shah Afridi,Gill,0.0,0,0,1,1,0.0,0,,0
"2.5 
4 
Shaheen Shah Afridi to Gill, FOUR runs 
full, slanting across and finishing just outside off, and that's a lovely shot from Gill. 
Times his front-foot stride just right to get his weight moving into a punchy drive to the 
right of mid-off",2.5,4,4.0,"Shaheen Shah Afridi to Gill, FOUR runs  .full, slanting across and finishing just outside off, and that's a lovely shot from Gill.  .Times his front-foot stride just right to get his weight moving into a punchy drive to the  .right of mid-off",Shaheen Shah Afridi,Gill,4.0,1,0,1,1,4.0,0,,1
"2.6 
• 
Shaheen Shah Afridi to Gill, no run 
good ball. On the fuller side of a length, pitching on off stump and continuing with the 
angle across. Gill watches it well and leaves it alone 
end of over 312 runs  
IND: 23/0CRR: 7.66  
Shubman Gill13 (7b 3x4) 
Rohit Sharma10 (11b 1x4 1x6) 
Shaheen Shah Afridi 2-0-18-0 
Naseem Shah 1-0-5-0 
Prashant : ""Shaheen is getting predictable here. Both Gill and Rohit knows he is going to 
bowl full deliveries in the stump line. "" -- It's an attacking line and length. Shaheen knows 
he can go for runs, but it only takes one misjudgment to bring a wicket.",2.6,0,0.0,"Shaheen Shah Afridi to Gill, no run  .good ball. On the fuller side of a length, pitching on off stump and continuing with the  .angle across. Gill watches it well and leaves it alone",Shaheen Shah Afridi,Gill,0.0,0,0,1,1,0.0,0,,0
"3.1 
• 
Naseem Shah to Rohit Sharma, no run 
terrific delivery, and a good leave in the end. Angles a length ball in from wide of the 
crease, with the seam perfectly vertical, and it seams back in with extra bounce. 
Bounces over the top of off stump in the end. Not much Rohit could have done to 
predict this - he would have expected it to be his stock outswinger",3.1,0,0.0,"Naseem Shah to Rohit Sharma, no run  .terrific delivery, and a good leave in the end. Angles a length ball in from wide of the  .crease, with the seam perfectly vertical, and it seams back in with extra bounce.  .Bounces over the top of off stump in the end. Not much Rohit could have done to  .predict this - he would have expected it to be his stock outswinger",Naseem Shah,Rohit Sharma,0.0,0,0,1,1,0.0,0,,0
"3.2 
• 
Naseem Shah to Rohit Sharma, no run 
nice, this is excellent bowling. On the shorter side of a length, in the channel close to off 
stump, and this time it leaves Rohit with that springy bounce. Plays at it, but not too far 
from his body, and gets beaten",3.2,0,0.0,"Naseem Shah to Rohit Sharma, no run  .nice, this is excellent bowling. On the shorter side of a length, in the channel close to off  .stump, and this time it leaves Rohit with that springy bounce. Plays at it, but not too far  .from his body, and gets beaten",Naseem Shah,Rohit Sharma,0.0,0,0,1,1,0.0,0,,0
"3.3 
• 
Naseem Shah to Rohit Sharma, no run 
back of a length, straightens along an off-stumpish line, defended into the covers off the 
back foot, opening up a little",3.3,0,0.0,"Naseem Shah to Rohit Sharma, no run  .back of a length, straightens along an off-stumpish line, defended into the covers off the  .back foot, opening up a little",Naseem Shah,Rohit Sharma,0.0,0,0,1,1,0.0,0,,0
"3.4 
• 
Naseem Shah to Rohit Sharma, no run 
on the fuller side of a length now, in that tight channel outside off, and Rohit leaves 
alone 
Roshan Fernando: """"I live just 2KM away from the ground things doesn't look pleasant at 
the moment """"",3.4,0,0.0,"Naseem Shah to Rohit Sharma, no run  .on the fuller side of a length now, in that tight channel outside off, and Rohit leaves  .alone",Naseem Shah,Rohit Sharma,0.0,0,0,1,1,0.0,0,,0
"3.5 
1w 
Naseem Shah to Rohit Sharma, 1 wide 
full and very wide outside off, swings away even further. Left alone",3.5,1w,1.0,"Naseem Shah to Rohit Sharma, 1 wide  .full and very wide outside off, swings away even further. Left alone",Naseem Shah,Rohit Sharma,0.0,0,0,0,0,1.0,0,,1
"3.5 
• 
Naseem Shah to Rohit Sharma, no run 
big attacking intent from Rohit, and Pakistan have asked for a review. Jumps out of his 
crease and looks to flat-bat Naseem over mid-off, but the ball swings away and beats 
his bat. Or has it? Pakistan think there's an edge... Looks like it's missed his bat by a 
decent distance... Yeah, no edge",3.5,0,0.0,"Naseem Shah to Rohit Sharma, no run  .big attacking intent from Rohit, and Pakistan have asked for a review. Jumps out of his  .crease and looks to flat-bat Naseem over mid-off, but the ball swings away and beats  .his bat. Or has it? Pakistan think there's an edge... Looks like it's missed his bat by a  .decent distance... Yeah, no edge",Naseem Shah,Rohit Sharma,0.0,0,0,1,1,0.0,0,,0
"3.6 
• 
Naseem Shah to Rohit Sharma, no run 
there's that extra bounce again! Third time in this over that it's happened. This is really 
steep bounce, Rizwan collecting it over his head. Back of a length, close to off stump, 
and Rohit has to pull his bat and gloves out of the way quickly after it leaps at him 
end of over 41 run  
IND: 24/0CRR: 6.00  
Rohit Sharma10 (17b 1x4 1x6) 
Shubman Gill13 (7b 3x4) 
Naseem Shah 2-0-6-0 
Shaheen Shah Afridi 2-0-18-0",3.6,0,0.0,"Naseem Shah to Rohit Sharma, no run  .there's that extra bounce again! Third time in this over that it's happened. This is really  .steep bounce, Rizwan collecting it over his head. Back of a length, close to off stump,  .and Rohit has to pull his bat and gloves out of the way quickly after it leaps at him",Naseem Shah,Rohit Sharma,0.0,0,0,1,1,0.0,0,,0
"4.1 
1w 
Shaheen Shah Afridi to Gill, 1 wide 
length ball, swings down the leg side, past the attempted tuck off the hip 
Omair Ali: ""Is there a reason Shaheeh Shah Afridi doesn't go for a bouncer in his early 
overs even after getting hit? I think Indian batters already expect him to go fuller from 
ball one, wouldn't a bouncer be more surprising?""",4.1,1w,1.0,"Shaheen Shah Afridi to Gill, 1 wide  .length ball, swings down the leg side, past the attempted tuck off the hip",Shaheen Shah Afridi,Gill,0.0,0,0,0,0,1.0,0,,1
"4.1 
• 
Shaheen Shah Afridi to Gill, no run 
back of a length, slanting away from off stump initially but shapes in to cramp Gill for 
room after he shapes to cut. Ends up chopping it into the covers",4.1,0,0.0,"Shaheen Shah Afridi to Gill, no run  .back of a length, slanting away from off stump initially but shapes in to cramp Gill for  .room after he shapes to cut. Ends up chopping it into the covers",Shaheen Shah Afridi,Gill,0.0,0,0,1,1,0.0,0,,0
"4.2 
4 
Shaheen Shah Afridi to Gill, FOUR runs 
wow, that's just glorious! Shuffles out of his crease and gets close to the pitch of this 
ball angling across him, and extends his arms to finish with high left elbow after lifting 
the ball crisply back over the bowler's head",4.2,4,4.0,"Shaheen Shah Afridi to Gill, FOUR runs  .wow, that's just glorious! Shuffles out of his crease and gets close to the pitch of this  .ball angling across him, and extends his arms to finish with high left elbow after lifting  .the ball crisply back over the bowler's head",Shaheen Shah Afridi,Gill,4.0,1,0,1,1,4.0,0,,1
"4.3 
• 
Shaheen Shah Afridi to Gill, no run 
good reply, and a good leave too. Fullish, swinging back in, but starting just outside off 
and Gill is confident it isn't swinging enough to threaten his stumps",4.3,0,0.0,"Shaheen Shah Afridi to Gill, no run  .good reply, and a good leave too. Fullish, swinging back in, but starting just outside off  .and Gill is confident it isn't swinging enough to threaten his stumps",Shaheen Shah Afridi,Gill,0.0,0,0,1,1,0.0,0,,0
"4.4 
• 
Shaheen Shah Afridi to Gill, no run 
fullish, slanting away from off stump, may have been a cutter. Forces Gill to reach away 
from his body with the drop in pace, but he does it well enough while blocking into the 
covers 
Round the wicket now.",4.4,0,0.0,"Shaheen Shah Afridi to Gill, no run  .fullish, slanting away from off stump, may have been a cutter. Forces Gill to reach away  .from his body with the drop in pace, but he does it well enough while blocking into the  .covers  .Round the wicket now.",Shaheen Shah Afridi,Gill,0.0,0,0,1,1,0.0,0,,0
"4.5 
4 
Shaheen Shah Afridi to Gill, FOUR runs 
and Gill drills him for another lovely boundary. Half-volley angling into off stump, asking 
to be put away, and he gets a good stride forward once more to bisect cover and mid-
off",4.5,4,4.0,"Shaheen Shah Afridi to Gill, FOUR runs  .and Gill drills him for another lovely boundary. Half-volley angling into off stump, asking  .to be put away, and he gets a good stride forward once more to bisect cover and mid- .off",Shaheen Shah Afridi,Gill,4.0,1,0,1,1,4.0,0,,1
"4.6 
4 
Shaheen Shah Afridi to Gill, FOUR runs 
and now he goes the other side of the cover fielder. Full, wide, and he frees his arms and 
hits more of a bottom-handed, sliced drive this time, pinging off the middle of the bat to 
the left of cover 
end of over 513 runs  
IND: 37/0CRR: 7.40  
Shubman Gill25 (13b 6x4) 
Rohit Sharma10 (17b 1x4 1x6) 
Shaheen Shah Afridi 3-0-31-0 
Naseem Shah 2-0-6-0 
Naseem continues. He's building a lovely rhythm from this end,",4.6,4,4.0,"Shaheen Shah Afridi to Gill, FOUR runs  .and now he goes the other side of the cover fielder. Full, wide, and he frees his arms and  .hits more of a bottom-handed, sliced drive this time, pinging off the middle of the bat to  .the left of cover",Shaheen Shah Afridi,Gill,4.0,1,0,1,1,4.0,0,,1
"5.1 
• 
Naseem Shah to Rohit Sharma, no run 
length ball in the corridor, left alone",5.1,0,0.0,"Naseem Shah to Rohit Sharma, no run  .length ball in the corridor, left alone",Naseem Shah,Rohit Sharma,0.0,0,0,1,1,0.0,0,,0
"5.2 
• 
Naseem Shah to Rohit Sharma, no run 
past the edge! No feet from Rohit. Full but not a half-volley, and inviting the cover drive, 
before swinging away past the outside edge. Just threw his bat at it without getting a 
stride in. To be fair, he hit a lovely four over extra-cover a little while ago while doing the 
same thing",5.2,0,0.0,"Naseem Shah to Rohit Sharma, no run  .past the edge! No feet from Rohit. Full but not a half-volley, and inviting the cover drive,  .before swinging away past the outside edge. Just threw his bat at it without getting a  .stride in. To be fair, he hit a lovely four over extra-cover a little while ago while doing the  .same thing",Naseem Shah,Rohit Sharma,0.0,0,0,1,1,0.0,0,,0
"5.3 
• 
Naseem Shah to Rohit Sharma, no run 
shortish outside off, and Rohit is a little early on his pull, ends up missing it by a long 
way",5.3,0,0.0,"Naseem Shah to Rohit Sharma, no run  .shortish outside off, and Rohit is a little early on his pull, ends up missing it by a long  .way",Naseem Shah,Rohit Sharma,0.0,0,0,1,1,0.0,0,,0
"5.4 
• 
Naseem Shah to Rohit Sharma, no run 
ooooooooh, Naseem continues to test Rohit's outside edge. Back of a length, and as 
much as the shape he's getting he's also bothering Rohit with his bounce. Past the 
shoulder of his bat as he looks to defend off the back foot",5.4,0,0.0,"Naseem Shah to Rohit Sharma, no run  .ooooooooh, Naseem continues to test Rohit's outside edge. Back of a length, and as  .much as the shape he's getting he's also bothering Rohit with his bounce. Past the  .shoulder of his bat as he looks to defend off the back foot",Naseem Shah,Rohit Sharma,0.0,0,0,1,1,0.0,0,,0
"5.5 
• 
Naseem Shah to Rohit Sharma, no run 
and again, big away movement with extra bounce, and this time you can't say Rohit is 
beaten. Just plays inside the line and allows the ball to pass him by",5.5,0,0.0,"Naseem Shah to Rohit Sharma, no run  .and again, big away movement with extra bounce, and this time you can't say Rohit is  .beaten. Just plays inside the line and allows the ball to pass him by",Naseem Shah,Rohit Sharma,0.0,0,0,1,1,0.0,0,,0
"5.6 
• 
Naseem Shah to Rohit Sharma, no run 
big away swing from a length, close to off stump, left alone. Kind of sticks in the pitch 
and dies, reaches Rizwan on the second bounce 
end of over 6Maiden 
IND: 37/0CRR: 6.16  
Rohit Sharma10 (23b 1x4 1x6) 
Shubman Gill25 (13b 6x4) 
Naseem Shah 3-1-6-0 
Shaheen Shah Afridi 3-0-31-0 
Shaheen has left the field. Faheem Ashraf comes into the attack.",5.6,0,0.0,"Naseem Shah to Rohit Sharma, no run  .big away swing from a length, close to off stump, left alone. Kind of sticks in the pitch  .and dies, reaches Rizwan on the second bounce",Naseem Shah,Rohit Sharma,0.0,0,0,1,1,0.0,0,,0
"6.1 
• 
Faheem to Gill, no run 
back of a length, a bit of swing in towards off stump, defended towards mid-off",6.1,0,0.0,"Faheem to Gill, no run  .back of a length, a bit of swing in towards off stump, defended towards mid-off",Faheem,Gill,0.0,0,0,1,1,0.0,0,,0
"6.2 
• 
Faheem to Gill, no run 
back of a length, a bit of inward movement towards off stump, lets it come and clips 
watchfully towards square leg 
Looks like Shaheen may have injured his left hand while going for that catch at deep 
third off Gill a few overs ago. Forefinger seems to be the issue.",6.2,0,0.0,"Faheem to Gill, no run  .back of a length, a bit of inward movement towards off stump, lets it come and clips  .watchfully towards square leg  .Looks like Shaheen may have injured his left hand while going for that catch at deep  .third off Gill a few overs ago. Forefinger seems to be the issue.",Faheem,Gill,0.0,0,0,1,1,0.0,0,,0
"6.3 
• 
Faheem to Gill, no run 
length ball close to off stump, defended towards backward point",6.3,0,0.0,"Faheem to Gill, no run  .length ball close to off stump, defended towards backward point",Faheem,Gill,0.0,0,0,1,1,0.0,0,,0
"6.4 
• 
Faheem to Gill, no run 
length ball tight on off stump, a hint of inward movement as well. Presses forward and 
dabs to backward point",6.4,0,0.0,"Faheem to Gill, no run  .length ball tight on off stump, a hint of inward movement as well. Presses forward and  .dabs to backward point",Faheem,Gill,0.0,0,0,1,1,0.0,0,,0
"6.5 
1 
Faheem to Gill, 1 run 
back of a length, fifth-stump channel, punched to the right of cover point, where Salman 
(I think) makes a diving stop",6.5,1,1.0,"Faheem to Gill, 1 run  .back of a length, fifth-stump channel, punched to the right of cover point, where Salman  .(I think) makes a diving stop",Faheem,Gill,1.0,0,0,1,1,1.0,0,,1
"6.6 
• 
Faheem to Rohit Sharma, no run 
back of a length close to off stump, looks to tuck it wide of mid-on for a single, but the 
bowler moves quickly in his follow-through to cut it off 
end of over 71 run  
IND: 38/0CRR: 5.42  
Rohit Sharma10 (24b 1x4 1x6) 
Shubman Gill26 (18b 6x4) 
Faheem Ashraf 1-0-1-0 
Naseem Shah 3-1-6-0 
singleshwar: ""What happened to taking singles? Are they only going for boundaries and 
leaves?"" -- It's been that kind of new-ball passage. Ball moving around a lot, and bowlers 
trying an attacking length, sometimes erring along the way, with only two fielders in the 
deep for protection.",6.6,0,0.0,"Faheem to Rohit Sharma, no run  .back of a length close to off stump, looks to tuck it wide of mid-on for a single, but the  .bowler moves quickly in his follow-through to cut it off",Faheem,Rohit Sharma,0.0,0,0,1,1,0.0,0,,0
"7.1 
4 
Naseem Shah to Gill, FOUR runs 
another boundary, and a lovely shot too. Back of a length, not a lot of width, but he rolls 
his wrists over on top of the bounce so well, and places his cut between backward point 
and cover point",7.1,4,4.0,"Naseem Shah to Gill, FOUR runs  .another boundary, and a lovely shot too. Back of a length, not a lot of width, but he rolls  .his wrists over on top of the bounce so well, and places his cut between backward point  .and cover point",Naseem Shah,Gill,4.0,1,0,1,1,4.0,0,,1
"7.2 
• 
Naseem Shah to Gill, no run 
length ball in the corridor, a hint of outswing, left alone",7.2,0,0.0,"Naseem Shah to Gill, no run  .length ball in the corridor, a hint of outswing, left alone",Naseem Shah,Gill,0.0,0,0,1,1,0.0,0,,0
"7.3 
4 
Naseem Shah to Gill, FOUR runs 
Naseem is having no luck today. This wasn't really a wicket-taking delivery, a short ball 
with a bit of away shape, but there's a bit of extra bounce and Gill top-edges his cut. 
Flies quickly, and splits first and second slip, with both fielders expecting the other one 
to attempt the catch. Iftikhar at first slip and Salman at second.",7.3,4,4.0,"Naseem Shah to Gill, FOUR runs  .Naseem is having no luck today. This wasn't really a wicket-taking delivery, a short ball  .with a bit of away shape, but there's a bit of extra bounce and Gill top-edges his cut.  .Flies quickly, and splits first and second slip, with both fielders expecting the other one  .to attempt the catch. Iftikhar at first slip and Salman at second.",Naseem Shah,Gill,4.0,1,0,1,1,4.0,0,,1
"7.4 
• 
Naseem Shah to Gill, no run 
length ball close to off stump, defended into the covers",7.4,0,0.0,"Naseem Shah to Gill, no run  .length ball close to off stump, defended into the covers",Naseem Shah,Gill,0.0,0,0,1,1,0.0,0,,0
"7.5 
• 
Naseem Shah to Gill, no run 
length ball close to off stump, presses forward and blocks into the point region",7.5,0,0.0,"Naseem Shah to Gill, no run  .length ball close to off stump, presses forward and blocks into the point region",Naseem Shah,Gill,0.0,0,0,1,1,0.0,0,,0
"7.6 
1 
Naseem Shah to Gill, 1 run 
edged again, and just away from the reach of second slip! Fullish, close to off stump, 
and Gill is a little late getting forward to this. Looks to defend, and gets a thick edge that 
flies to the right of the diving Salman at second slip 
end of over 89 runs  
IND: 47/0CRR: 5.87  
Shubman Gill35 (24b 8x4) 
Rohit Sharma10 (24b 1x4 1x6) 
Naseem Shah 4-1-15-0 
Faheem Ashraf 1-0-1-0",7.6,1,1.0,"Naseem Shah to Gill, 1 run  .edged again, and just away from the reach of second slip! Fullish, close to off stump,  .and Gill is a little late getting forward to this. Looks to defend, and gets a thick edge that  .flies to the right of the diving Salman at second slip",Naseem Shah,Gill,1.0,0,0,1,1,1.0,0,,1
"8.1 
• 
Faheem to Gill, no run 
shortish outside off, a bit of inward movement cramps Gill on the front-foot cut. 
Chopped to cover point 
Taimoor: ""Why are the slip fielders standing so tight? That's like two slip fielders making 
it a slip and a half!"" -- Sometimes when the ball swings so much you expect thinner 
edges that go finer. Can't really fault Pakistan for their slips placement.",8.1,0,0.0,"Faheem to Gill, no run  .shortish outside off, a bit of inward movement cramps Gill on the front-foot cut.  .Chopped to cover point",Faheem,Gill,0.0,0,0,1,1,0.0,0,,0
"8.2 
4 
Faheem to Gill, FOUR runs 
oh, what a shot. Back of a length, a hint of width, and he stands tall and punches with a 
diagonal bat, a trademark shot of GIll's, and beats cover point diving to his right",8.2,4,4.0,"Faheem to Gill, FOUR runs  .oh, what a shot. Back of a length, a hint of width, and he stands tall and punches with a  .diagonal bat, a trademark shot of GIll's, and beats cover point diving to his right",Faheem,Gill,4.0,1,0,1,1,4.0,0,,1
"8.3 
• 
Faheem to Gill, no run 
length ball on off stump, blocked firmly back down the pitch",8.3,0,0.0,"Faheem to Gill, no run  .length ball on off stump, blocked firmly back down the pitch",Faheem,Gill,0.0,0,0,1,1,0.0,0,,0
"8.4 
• 
Faheem to Gill, no run 
length ball close to off stump, defended towards backward point. Presses forward and 
his bat slices across the line slightly, going from gully towards mid-on and meeting the 
ball somewhere in front of his pad",8.4,0,0.0,"Faheem to Gill, no run  .length ball close to off stump, defended towards backward point. Presses forward and  .his bat slices across the line slightly, going from gully towards mid-on and meeting the  .ball somewhere in front of his pad",Faheem,Gill,0.0,0,0,1,1,0.0,0,,0
"8.5 
2 
Faheem to Gill, 2 runs 
lovely placement. Back of a length, and the inward shape doesn't give him much room 
at all, but he stands tall, leans his upper body away from the line slightly, and punches 
between backward point and cover point",8.5,2,2.0,"Faheem to Gill, 2 runs  .lovely placement. Back of a length, and the inward shape doesn't give him much room  .at all, but he stands tall, leans his upper body away from the line slightly, and punches  .between backward point and cover point",Faheem,Gill,2.0,0,0,1,1,2.0,0,,1
"8.6 
• 
Faheem to Gill, no run 
length ball close to off stump, defended to backward point 
end of over 96 runs  
IND: 53/0CRR: 5.88  
Shubman Gill41 (30b 9x4) 
Rohit Sharma10 (24b 1x4 1x6) 
Faheem Ashraf 2-0-7-0 
Naseem Shah 4-1-15-0 
Nimit: ""Gill doing all the scoring since end of over 2"" -- He's had most of the strike too.",8.6,0,0.0,"Faheem to Gill, no run  .length ball close to off stump, defended to backward point",Faheem,Gill,0.0,0,0,1,1,0.0,0,,0
"9.1 
• 
Naseem Shah to Rohit Sharma, no run 
short outside off, looks cuttable until it stops on the pitch. Rohit ends up bottom-edging 
into the pitch",9.1,0,0.0,"Naseem Shah to Rohit Sharma, no run  .short outside off, looks cuttable until it stops on the pitch. Rohit ends up bottom-edging  .into the pitch",Naseem Shah,Rohit Sharma,0.0,0,0,1,1,0.0,0,,0
"9.2 
• 
Naseem Shah to Rohit Sharma, no run 
and once again, he goes past the outside edge. Length ball swinging away in the 
corridor, and he looks to defend with his front foot only moving as he plays the shot",9.2,0,0.0,"Naseem Shah to Rohit Sharma, no run  .and once again, he goes past the outside edge. Length ball swinging away in the  .corridor, and he looks to defend with his front foot only moving as he plays the shot",Naseem Shah,Rohit Sharma,0.0,0,0,1,1,0.0,0,,0
"9.3 
4 
Naseem Shah to Rohit Sharma, FOUR runs 
and after all those scoreless deliveries, Rohit gets a gift. A half-volley angling into 
middle and leg, and he clips it effortlessly over the fielder at midwicket",9.3,4,4.0,"Naseem Shah to Rohit Sharma, FOUR runs  .and after all those scoreless deliveries, Rohit gets a gift. A half-volley angling into  .middle and leg, and he clips it effortlessly over the fielder at midwicket",Naseem Shah,Rohit Sharma,4.0,1,0,1,1,4.0,0,,1
"9.4 
4 
Naseem Shah to Rohit Sharma, FOUR runs 
bam. That's a terrific shot. Good-length ball, fourth-stump channel, exactly what 
Naseem must be trying to bowl. But Rohit is possibly waiting for this, and he sits back, 
open at the hips, to pull it away over wide mid-on",9.4,4,4.0,"Naseem Shah to Rohit Sharma, FOUR runs  .bam. That's a terrific shot. Good-length ball, fourth-stump channel, exactly what  .Naseem must be trying to bowl. But Rohit is possibly waiting for this, and he sits back,  .open at the hips, to pull it away over wide mid-on",Naseem Shah,Rohit Sharma,4.0,1,0,1,1,4.0,0,,1
"9.5 
• 
Naseem Shah to Rohit Sharma, no run 
good response. On the fuller side of a length, may have nipped back slightly towards off 
stump. Gets his front pad out of the way and defends towards mid-on",9.5,0,0.0,"Naseem Shah to Rohit Sharma, no run  .good response. On the fuller side of a length, may have nipped back slightly towards off  .stump. Gets his front pad out of the way and defends towards mid-on",Naseem Shah,Rohit Sharma,0.0,0,0,1,1,0.0,0,,0
"9.6 
• 
Naseem Shah to Rohit Sharma, no run 
fullish outside off, left alone 
3.46pm A productive first powerplay for India, and a luckless one for Pakistan, Naseem 
Shah in particular. Riveting action so far, and it looks like the rain has blown away for 
now. Anyway, Pakistan can now have four fielders outside the 30-yard circle until the 
end of the 40th over. Naseem goes off the field. 
end of over 108 runs  
IND: 61/0CRR: 6.10  
Rohit Sharma18 (30b 3x4 1x6) 
Shubman Gill41 (30b 9x4) 
Naseem Shah 5-1-23-0 
Faheem Ashraf 2-0-7-0 
Faheem continues.",9.6,0,0.0,"Naseem Shah to Rohit Sharma, no run  .fullish outside off, left alone",Naseem Shah,Rohit Sharma,0.0,0,0,1,1,0.0,0,,0
"10.1 
• 
Faheem to Gill, no run 
len gth ball angling in towards off stump, clipped watchfully towards midwicket 
Saurabh M: ""Rohit to his critics (including me) ""Yeah People Talk Nah""""",10.1,0,0.0,"Faheem to Gill, no run  .len gth ball angling in towards off stump, clipped watchfully towards midwicket",Faheem,Gill,0.0,0,0,1,1,0.0,0,,0
"10.2 
1 
Faheem to Gill, 1 run 
back of a length close to off stump, opens his bat face and dabs to deep third 
Lg: ""The moment a lot of indian fans were waiting for, India passing through the first 
powerplay without losing a wicket!!""",10.2,1,1.0,"Faheem to Gill, 1 run  .back of a length close to off stump, opens his bat face and dabs to deep third",Faheem,Gill,1.0,0,0,1,1,1.0,0,,1
"10.3 
1 
Faheem to Rohit Sharma, 1 run 
back of a length outside off, and it's now Rohit's turn for a dabbed single to deep third",10.3,1,1.0,"Faheem to Rohit Sharma, 1 run  .back of a length outside off, and it's now Rohit's turn for a dabbed single to deep third",Faheem,Rohit Sharma,1.0,0,0,1,1,1.0,0,,1
"10.4 
4 
Faheem to Gill, FOUR runs 
shot. Slightly off line, and he puts it away beautifully. Back of a length, angling into the 
thigh pad. He has fine leg on the boundary, but he isn't fine enough to stop this leg 
glance",10.4,4,4.0,"Faheem to Gill, FOUR runs  .shot. Slightly off line, and he puts it away beautifully. Back of a length, angling into the  .thigh pad. He has fine leg on the boundary, but he isn't fine enough to stop this leg  .glance",Faheem,Gill,4.0,1,0,1,1,4.0,0,,1
"10.5 
1 
Faheem to Gill, 1 run 
superb use of the hands. Back of a lengtn close to off stump, and he rolls his wrists 
over on top of the bounce to direct this to deep point",10.5,1,1.0,"Faheem to Gill, 1 run  .superb use of the hands. Back of a lengtn close to off stump, and he rolls his wrists  .over on top of the bounce to direct this to deep point",Faheem,Gill,1.0,0,0,1,1,1.0,0,,1
"10.6 
1 
Faheem to Rohit Sharma, 1 run 
slower ball, offcutter in the corridor, leans back and dabs to deep third 
end of over 118 runs  
IND: 69/0CRR: 6.27  
Rohit Sharma20 (32b 3x4 1x6) 
Shubman Gill47 (34b 10x4) 
Faheem Ashraf 3-0-15-0 
Naseem Shah 5-1-23-0 
It's time for Haris Rauf.",10.6,1,1.0,"Faheem to Rohit Sharma, 1 run  .slower ball, offcutter in the corridor, leans back and dabs to deep third",Faheem,Rohit Sharma,1.0,0,0,1,1,1.0,0,,1
"11.1 
1 
Haris Rauf to Rohit Sharma, 1 run 
shortish, close to off stump, rides the bounce and guides to deep third",11.1,1,1.0,"Haris Rauf to Rohit Sharma, 1 run  .shortish, close to off stump, rides the bounce and guides to deep third",Haris Rauf,Rohit Sharma,1.0,0,0,1,1,1.0,0,,1
"11.2 
1 
Haris Rauf to Gill, 1 run 
Back of a length close to off stump, and Rauf has his hands on his head after Gill's 
attempted back-foot punch ends up rolling into the square leg region off the inside edge",11.2,1,1.0,"Haris Rauf to Gill, 1 run  .Back of a length close to off stump, and Rauf has his hands on his head after Gill's  .attempted back-foot punch ends up rolling into the square leg region off the inside edge",Haris Rauf,Gill,1.0,0,0,1,1,1.0,0,,1
"11.3 
• 
Haris Rauf to Rohit Sharma, no run 
full, angling in towards off stump, punched firmly back to the bowler, who sticks his 
right hand out and deflects the ball towards mid-on",11.3,0,0.0,"Haris Rauf to Rohit Sharma, no run  .full, angling in towards off stump, punched firmly back to the bowler, who sticks his  .right hand out and deflects the ball towards mid-on",Haris Rauf,Rohit Sharma,0.0,0,0,1,1,0.0,0,,0
"11.4 
• 
Haris Rauf to Rohit Sharma, no run 
length ball close to off stump, opens his bat face and steers to backward point, where 
Imam misfields but no harm because the ball only goes a few yards away from him",11.4,0,0.0,"Haris Rauf to Rohit Sharma, no run  .length ball close to off stump, opens his bat face and steers to backward point, where  .Imam misfields but no harm because the ball only goes a few yards away from him",Haris Rauf,Rohit Sharma,0.0,0,0,1,1,0.0,0,,0
"11.5 
2 
Haris Rauf to Rohit Sharma, 2 runs 
aggression, and he inflicts a minor injury on another Pakistan fast bowler. On the fuller 
side of a length outside off, and Rohit flat-bats it firmly to the left of the bowler, who 
sticks a hand out and is struck on one of his fingers",11.5,2,2.0,"Haris Rauf to Rohit Sharma, 2 runs  .aggression, and he inflicts a minor injury on another Pakistan fast bowler. On the fuller  .side of a length outside off, and Rohit flat-bats it firmly to the left of the bowler, who  .sticks a hand out and is struck on one of his fingers",Haris Rauf,Rohit Sharma,2.0,0,0,1,1,2.0,0,,1
"11.6 
4 
Haris Rauf to Rohit Sharma, FOUR runs 
more runs, this time off the edge. It can happen against an express bowler. Bangs in the 
bouncer, and rushes Rohit on the hook. Top-edges it over the keeper and it almost goes 
all the way for six 
end of over 128 runs  
IND: 77/0CRR: 6.41  
Rohit Sharma27 (37b 4x4 1x6) 
Shubman Gill48 (35b 10x4) 
Haris Rauf 1-0-8-0 
Faheem Ashraf 3-0-15-0 
Spin for the first time. Here's Shadab. No slip.",11.6,4,4.0,"Haris Rauf to Rohit Sharma, FOUR runs  .more runs, this time off the edge. It can happen against an express bowler. Bangs in the  .bouncer, and rushes Rohit on the hook. Top-edges it over the keeper and it almost goes  .all the way for six",Haris Rauf,Rohit Sharma,4.0,1,0,1,1,4.0,0,,1
"12.1 
1 
Shadab to Gill, 1 run 
tossed up full outside off, driven to deep cover point",12.1,1,1.0,"Shadab to Gill, 1 run  .tossed up full outside off, driven to deep cover point",Shadab,Gill,1.0,0,0,1,1,1.0,0,,1
"12.2 
1 
Shadab to Rohit Sharma, 1 run 
length ball close to off stump, goes back and punches with the turn to the sweeper",12.2,1,1.0,"Shadab to Rohit Sharma, 1 run  .length ball close to off stump, goes back and punches with the turn to the sweeper",Shadab,Rohit Sharma,1.0,0,0,1,1,1.0,0,,1
"12.3 
1 
Shadab to Gill, 1 run 
looped up full on off stump, and Gill gets to his fifty with a smooth drive to long-off. 
Terrific innings, he's timed the ball like a dream today. Just 37 balls to get to fifty, and 
he'll be eyeing a much bigger score 
See all photos",12.3,1,1.0,"Shadab to Gill, 1 run  .looped up full on off stump, and Gill gets to his fifty with a smooth drive to long-off.  .Terrific innings, he's timed the ball like a dream today. Just 37 balls to get to fifty, and  .he'll be eyeing a much bigger score  .See all photos",Shadab,Gill,1.0,0,0,1,1,1.0,0,,1
"12.4 
6 
Shadab to Rohit Sharma, SIX runs 
don't bowl short to Rohit. Not even slightly short. Rocks back, front leg cleared, and 
swats away this off-stump ball over midwicket for six",12.4,6,6.0,"Shadab to Rohit Sharma, SIX runs  .don't bowl short to Rohit. Not even slightly short. Rocks back, front leg cleared, and  .swats away this off-stump ball over midwicket for six",Shadab,Rohit Sharma,6.0,0,1,1,1,6.0,0,,1
"12.5 
6 
Shadab to Rohit Sharma, SIX runs 
now he drags down a proper long-hop, outside off, and Rohit doesn't have to do much 
by way of quick footwork to put this away. Pulled away for another muscular six, over 
midwicket once again",12.5,6,6.0,"Shadab to Rohit Sharma, SIX runs  .now he drags down a proper long-hop, outside off, and Rohit doesn't have to do much  .by way of quick footwork to put this away. Pulled away for another muscular six, over  .midwicket once again",Shadab,Rohit Sharma,6.0,0,1,1,1,6.0,0,,1
"12.6 
4 
Shadab to Rohit Sharma, FOUR runs 
wrong'un outside off, but it's too short, and Rohit rocks back, leans away to make a bit 
of room, and cuts it away crisply to the right of backward point 
end of over 1319 runs  
IND: 96/0CRR: 7.38  
Rohit Sharma44 (41b 5x4 3x6) 
Shubman Gill50 (37b 10x4) 
Shadab Khan 1-0-19-0 
Haris Rauf 1-0-8-0 
Pakistan... have problems. Can Rauf solve them?",12.6,4,4.0,"Shadab to Rohit Sharma, FOUR runs  .wrong'un outside off, but it's too short, and Rohit rocks back, leans away to make a bit  .of room, and cuts it away crisply to the right of backward point",Shadab,Rohit Sharma,4.0,1,0,1,1,4.0,0,,1
"13.1 
• 
Haris Rauf to Gill, no run 
full, angling in towards off stump, and Gill punches it back to the bowler. Was a little late 
with his front-foot stride, so ended up hitting it with the inside half of his bat. Was 
initially aiming to hit through mid-off or extra-cover",13.1,0,0.0,"Haris Rauf to Gill, no run  .full, angling in towards off stump, and Gill punches it back to the bowler. Was a little late  .with his front-foot stride, so ended up hitting it with the inside half of his bat. Was  .initially aiming to hit through mid-off or extra-cover",Haris Rauf,Gill,0.0,0,0,1,1,0.0,0,,0
"13.2 
2 
Haris Rauf to Gill, 2 runs 
nice shot. Shortish, finishes around the hip, and Gill plays a trademark short-arm jab to 
the right of deep square leg",13.2,2,2.0,"Haris Rauf to Gill, 2 runs  .nice shot. Shortish, finishes around the hip, and Gill plays a trademark short-arm jab to  .the right of deep square leg",Haris Rauf,Gill,2.0,0,0,1,1,2.0,0,,1
"13.3 
5w 
Haris Rauf to Gill, 5 wide 
these are free runs for India. Short, wide, and then it bounces as if off a trampoline, 
clearing the jumping, outstretched Rizwan with ease. Gill though of cutting, but then it 
just bounce so much he left it alone",13.3,5w,5.0,"Haris Rauf to Gill, 5 wide  .these are free runs for India. Short, wide, and then it bounces as if off a trampoline,  .clearing the jumping, outstretched Rizwan with ease. Gill though of cutting, but then it  .just bounce so much he left it alone",Haris Rauf,Gill,0.0,0,0,0,0,5.0,0,,1
"13.3 
• 
Haris Rauf to Gill, no run 
length ball, top of off, defended into the point region",13.3,0,0.0,"Haris Rauf to Gill, no run  .length ball, top of off, defended into the point region",Haris Rauf,Gill,0.0,0,0,1,1,0.0,0,,0
"13.4 
• 
Haris Rauf to Gill, no run 
fullish, angling in towards off stump, looks like the offcutter. Presses forward and 
blocks into the covers",13.4,0,0.0,"Haris Rauf to Gill, no run  .fullish, angling in towards off stump, looks like the offcutter. Presses forward and  .blocks into the covers",Haris Rauf,Gill,0.0,0,0,1,1,0.0,0,,0
"13.5 
• 
Haris Rauf to Gill, no run 
half-volley on off stump, drives firmly but straight to short extra-cover",13.5,0,0.0,"Haris Rauf to Gill, no run  .half-volley on off stump, drives firmly but straight to short extra-cover",Haris Rauf,Gill,0.0,0,0,1,1,0.0,0,,0
"13.6 
• 
Haris Rauf to Gill, no run 
slower ball angling down leg, looks to glance it fine but Rizwan does well to move 
quickly to his left and cut it off on the bounce 
Meanwhile, India are in action elsewhere: the men's football team take on Lebanon for 
third place in the King's Cup days after a tense penalty shootout loss to much higher-
ranked Iraq. You can follow the action right here. 
end of over 147 runs  
IND: 103/0CRR: 7.35  
Shubman Gill52 (43b 10x4) 
Rohit Sharma44 (41b 5x4 3x6) 
Haris Rauf 2-0-15-0 
Shadab Khan 1-0-19-0 
Vikhram: ""Bangladesh qualification scenario: Bangladesh must win against India. India 
wins vs Pakistan, but loses vs Sri Lanka, and Sri Lanka beats Pakistan, or, India loses vs 
Pakistan and wins vs Sri Lanka, and Sri Lanka beats Pakistan. Bangladesh must 
maintain a high NRR."" 
Shadab continues after that ordinary first over.",13.6,0,0.0,"Haris Rauf to Gill, no run  .slower ball angling down leg, looks to glance it fine but Rizwan does well to move  .quickly to his left and cut it off on the bounce  .Meanwhile, India are in action elsewhere: the men's football team take on Lebanon for  .third place in the King's Cup days after a tense penalty shootout loss to much higher- .ranked Iraq. You can follow the action right here.",Haris Rauf,Gill,0.0,0,0,1,1,0.0,0,,0
"14.1 
6 
Shadab to Rohit Sharma, SIX runs 
oh no. Now he serves up a full-toss, a juicy full-toss that Rohit muscles over wide long-
on to bring up a 42-ball fifty. You won't believe how long he was stuck on 10. He's just 
gone to a new gear over the last few overs 
See all photos",14.1,6,6.0,"Shadab to Rohit Sharma, SIX runs  .oh no. Now he serves up a full-toss, a juicy full-toss that Rohit muscles over wide long- .on to bring up a 42-ball fifty. You won't believe how long he was stuck on 10. He's just  .gone to a new gear over the last few overs  .See all photos",Shadab,Rohit Sharma,6.0,0,1,1,1,6.0,0,,1
"14.2 
4 
Shadab to Rohit Sharma, FOUR runs 
another poor ball. Good length, but wide of off stump, and Rohit drives with a full follow-
through to beat deep cover point to his left",14.2,4,4.0,"Shadab to Rohit Sharma, FOUR runs  .another poor ball. Good length, but wide of off stump, and Rohit drives with a full follow- .through to beat deep cover point to his left",Shadab,Rohit Sharma,4.0,1,0,1,1,4.0,0,,1
"14.3 
• 
Shadab to Rohit Sharma, no run 
wrong'un finishing close to off stump, goes back and chops towards point",14.3,0,0.0,"Shadab to Rohit Sharma, no run  .wrong'un finishing close to off stump, goes back and chops towards point",Shadab,Rohit Sharma,0.0,0,0,1,1,0.0,0,,0
"14.4 
1 
Shadab to Rohit Sharma, 1 run 
full on off stump, clipped to long-on",14.4,1,1.0,"Shadab to Rohit Sharma, 1 run  .full on off stump, clipped to long-on",Shadab,Rohit Sharma,1.0,0,0,1,1,1.0,0,,1
"14.5 
1 
Shadab to Gill, 1 run 
tossed up on off stump, driven to long-off, past the diving bowler, for a strolled single",14.5,1,1.0,"Shadab to Gill, 1 run  .tossed up on off stump, driven to long-off, past the diving bowler, for a strolled single",Shadab,Gill,1.0,0,0,1,1,1.0,0,,1
"14.6 
• 
Shadab to Rohit Sharma, no run 
length ball turning away from off stump, presses forward and blocks into the covers 
And with that, I'll hand over to Sreshth for the next hour or so. 
end of over 1512 runs  
IND: 115/0CRR: 7.66  
Rohit Sharma55 (46b 6x4 4x6) 
Shubman Gill53 (44b 10x4) 
Shadab Khan 2-0-31-0 
Haris Rauf 2-0-15-0 
Thanks, KK. And India are on a roll after 15 overs. Both sides knew that its the new ball 
that India needed to survive, and not only have they survived, they have thrived. Some 
smart shots, and realistically just one chance for Pakistan when Gill survived an edge 
through the slips. Pakistan on the back foot.",14.6,0,0.0,"Shadab to Rohit Sharma, no run  .length ball turning away from off stump, presses forward and blocks into the covers  .And with that, I'll hand over to Sreshth for the next hour or so.",Shadab,Rohit Sharma,0.0,0,0,1,1,0.0,0,,0
"15.1 
• 
Haris Rauf to Gill, no run 
good length ball just outside off stump. Blocks it from near his waist to the off side",15.1,0,0.0,"Haris Rauf to Gill, no run  .good length ball just outside off stump. Blocks it from near his waist to the off side",Haris Rauf,Gill,0.0,0,0,1,1,0.0,0,,0
"15.2 
1 
Haris Rauf to Gill, 1 run 
short and wide. This is a pace-off ball, and Gill slaps a cut through to deep point for one",15.2,1,1.0,"Haris Rauf to Gill, 1 run  .short and wide. This is a pace-off ball, and Gill slaps a cut through to deep point for one",Haris Rauf,Gill,1.0,0,0,1,1,1.0,0,,1
"15.3 
1 
Haris Rauf to Rohit Sharma, 1 run 
pace off again. Rolls his fingers over this full ball that lands on middle. Gently nudged to 
the leg side and a quick call for one",15.3,1,1.0,"Haris Rauf to Rohit Sharma, 1 run  .pace off again. Rolls his fingers over this full ball that lands on middle. Gently nudged to  .the leg side and a quick call for one",Haris Rauf,Rohit Sharma,1.0,0,0,1,1,1.0,0,,1
"15.4 
• 
Haris Rauf to Gill, no run 
cranks the pace up. Short ball, fifth-stump line. Gill drops his knees to ensure he's under 
the line before offering no shot 
mid on and mid off inside the circle. Don't expect much full-length",15.4,0,0.0,"Haris Rauf to Gill, no run  .cranks the pace up. Short ball, fifth-stump line. Gill drops his knees to ensure he's under  .the line before offering no shot  .mid on and mid off inside the circle. Don't expect much full-length",Haris Rauf,Gill,0.0,0,0,1,1,0.0,0,,0
"15.5 
1 
Haris Rauf to Gill, 1 run 
length ball angling into Gill's pads. Whips it off his pads down towards the leg side for 
one",15.5,1,1.0,"Haris Rauf to Gill, 1 run  .length ball angling into Gill's pads. Whips it off his pads down towards the leg side for  .one",Haris Rauf,Gill,1.0,0,0,1,1,1.0,0,,1
"15.6 
• 
Haris Rauf to Rohit Sharma, no run 
offcutter. Jags in from a good length outside off. Rohit carefully attempts a cut, and 
ends up chopping the shot onto the deck. Drinks 
asim: ""Rohit approaching important milestone of 10,000 ODI runs. just 30 odd runs 
remaining. 
end of over 163 runs  
IND: 118/0CRR: 7.37  
Rohit Sharma56 (48b 6x4 4x6) 
Shubman Gill55 (48b 10x4) 
Haris Rauf 3-0-18-0 
Shadab Khan 2-0-31-0 
An important break for Shadab Khan to regain his gameplan. Gill and Rohit have been 
brutal to spin in the first spell, and spin has been a concern when it comes to Pakistan, 
which is why Iftikhar and Salman have been bowling their part-time more often. That 
they are doing alright as part-timers is positive for Pakistan, but Shadab not bowling his 
full quota would be concerning. Rohit and Gill will have to ensure they don't lose their 
concentration after this break in play. The first sixteen overs have given India a big 
heads-up in this Super 4 encounter. 
 
Tanay Dave: ""One more thing about this Rohit and Gill partnership is that they both 
faced equal no. Of balls at the end of 5th over and now at the end of the 16th over. Tells 
you how fluent they are in their shots, strike rotation."" 
 
In the USA, ESPN+ is streaming the match live, with commentary in English and Hindi.",15.6,0,0.0,"Haris Rauf to Rohit Sharma, no run  .offcutter. Jags in from a good length outside off. Rohit carefully attempts a cut, and  .ends up chopping the shot onto the deck. Drinks",Haris Rauf,Rohit Sharma,0.0,0,0,1,1,0.0,0,,0
"16.1 
• 
Shadab to Gill, no run 
full ball dips and lands outside off. Turning away. Mistimes a cut towards point, where 
there's protection",16.1,0,0.0,"Shadab to Gill, no run  .full ball dips and lands outside off. Turning away. Mistimes a cut towards point, where  .there's protection",Shadab,Gill,0.0,0,0,1,1,0.0,0,,0
"16.2 
2 
Shadab to Gill, 2 runs 
fuller ball outside off. Gill scythes a cut between point and backward point, forcing the 
fielder in the deep to do some running",16.2,2,2.0,"Shadab to Gill, 2 runs  .fuller ball outside off. Gill scythes a cut between point and backward point, forcing the  .fielder in the deep to do some running",Shadab,Gill,2.0,0,0,1,1,2.0,0,,1
"16.3 
1 
Shadab to Gill, 1 run 
tossed up, full on his toes. Checks an on-drive towards long on, jamming the bat right 
into the ground in the process",16.3,1,1.0,"Shadab to Gill, 1 run  .tossed up, full on his toes. Checks an on-drive towards long on, jamming the bat right  .into the ground in the process",Shadab,Gill,1.0,0,0,1,1,1.0,0,,1
"16.4 
W 
Shadab to Rohit Sharma, OUT 
Shadab roars back! A gentle flighted delivery outside off. Sharma presses forward and 
tries to chip it over wide long off, but he doesn't really go through with the shot, and the 
fielder runs to his left from long off to take a sliding catch forward. Rohit looks upwards 
in despair before making his way back. A well-compiled fifty but he'll know he fell at the 
wrong time 
Rohit Sharma c Faheem Ashraf b Shadab Khan 56 (49b 6x4 4x6 77m) SR: 114.28 
See all photos 
Virat Kohli. Welcomed with a googly?",16.4,W,0.0,"Shadab to Rohit Sharma, OUT  .Shadab roars back! A gentle flighted delivery outside off. Sharma presses forward and  .tries to chip it over wide long off, but he doesn't really go through with the shot, and the  .fielder runs to his left from long off to take a sliding catch forward. Rohit looks upwards  .in despair before making his way back. A well-compiled fifty but he'll know he fell at the  .wrong time  .Rohit Sharma c Faheem Ashraf b Shadab Khan 56 (49b 6x4 4x6 77m) SR: 114.28",Shadab,Rohit Sharma,0.0,0,0,1,1,0.0,1,c Faheem Ashraf b Shadab Khan,0
"16.5 
• 
Shadab to Kohli, no run 
good length ball, fourth-stump line. Less air. Flicked to midwicket",16.5,0,0.0,"Shadab to Kohli, no run  .good length ball, fourth-stump line. Less air. Flicked to midwicket",Shadab,Kohli,0.0,0,0,1,1,0.0,0,,0
"16.6 
1 
Shadab to Kohli, 1 run 
flatter again. Half-tracker on a fourth-stump. Kohli slaps this down to long on and he'll 
keep strike 
end of over 174 runs • 1 wicket 
IND: 122/1CRR: 7.17  
Virat Kohli1 (2b) 
Shubman Gill58 (51b 10x4) 
Shadab Khan 3-0-35-1 
Haris Rauf 3-0-18-0 
Drinks break followed by a wicket. A love story that never fails. And here's Shaheen 
against Kohli",16.6,1,1.0,"Shadab to Kohli, 1 run  .flatter again. Half-tracker on a fourth-stump. Kohli slaps this down to long on and he'll  .keep strike",Shadab,Kohli,1.0,0,0,1,1,1.0,0,,1
"17.1 
• 
Shaheen Shah Afridi to Kohli, no run 
length ball on a leg-stump line. Kohli keeps a compact position and tucks it off his pads 
to the leg side",17.1,0,0.0,"Shaheen Shah Afridi to Kohli, no run  .length ball on a leg-stump line. Kohli keeps a compact position and tucks it off his pads  .to the leg side",Shaheen Shah Afridi,Kohli,0.0,0,0,1,1,0.0,0,,0
"17.2 
• 
Shaheen Shah Afridi to Kohli, no run 
full ball around middle and off. Presses forward and tentatively drives to mid off",17.2,0,0.0,"Shaheen Shah Afridi to Kohli, no run  .full ball around middle and off. Presses forward and tentatively drives to mid off",Shaheen Shah Afridi,Kohli,0.0,0,0,1,1,0.0,0,,0
"17.3 
• 
Shaheen Shah Afridi to Kohli, no run 
good length ball around leg and angling into his armpit region. Rides the bounce and 
works it with soft hands to the leg side",17.3,0,0.0,"Shaheen Shah Afridi to Kohli, no run  .good length ball around leg and angling into his armpit region. Rides the bounce and  .works it with soft hands to the leg side",Shaheen Shah Afridi,Kohli,0.0,0,0,1,1,0.0,0,,0
"17.4 
1 
Shaheen Shah Afridi to Kohli, 1 run 
full ball, wider outside off. Stretches out and drives away from his body to deep point",17.4,1,1.0,"Shaheen Shah Afridi to Kohli, 1 run  .full ball, wider outside off. Stretches out and drives away from his body to deep point",Shaheen Shah Afridi,Kohli,1.0,0,0,1,1,1.0,0,,1
"17.5 
W 
Shaheen Shah Afridi to Gill, OUT 
one brings two! Straight to cover and India will now have two new batters! Legcutter on 
a good length around off. Gill gets forward to drive but he's through the shot too early. 
Ball hits the upper half of the bat and flies at a gentle projectile to the man at cover. 
Wasn't the right length for the drive anyway, but he was indeed deceived by the change 
up, the way he offered hard hands to the shot. 
Shubman Gill c Agha Salman b Shaheen Shah Afridi 58 (52b 10x4 0x6 83m) SR: 
111.53 
See all photos 
KL Rahul. First 2023 Asia Cup outing for him, and that too in dramatic circumstances. 
No need to remind the batting position he's come in at.",17.5,W,0.0,"Shaheen Shah Afridi to Gill, OUT  .one brings two! Straight to cover and India will now have two new batters! Legcutter on  .a good length around off. Gill gets forward to drive but he's through the shot too early.  .Ball hits the upper half of the bat and flies at a gentle projectile to the man at cover.  .Wasn't the right length for the drive anyway, but he was indeed deceived by the change  .up, the way he offered hard hands to the shot.  .Shubman Gill c Agha Salman b Shaheen Shah Afridi 58 (52b 10x4 0x6 83m) SR:",Shaheen Shah Afridi,Gill,0.0,0,0,1,1,0.0,1,c Agha Salman b Shaheen Shah Afridi,0
"17.6 
1 
Shaheen Shah Afridi to Rahul, 1 run 
short of length ball around leg. Whipped off his hips to deep backward square leg 
Arif: ""That's the replay of Hardik's wicket of Shaheen in the previous match."" 
end of over 182 runs • 1 wicket 
IND: 124/2CRR: 6.88  
KL Rahul1 (1b) 
Virat Kohli2 (6b) 
Shaheen Shah Afridi 4-0-33-1 
Shadab Khan 3-0-35-1",17.6,1,1.0,"Shaheen Shah Afridi to Rahul, 1 run  .short of length ball around leg. Whipped off his hips to deep backward square leg",Shaheen Shah Afridi,Rahul,1.0,0,0,1,1,1.0,0,,1
"18.1 
• 
Shadab to Rahul, no run 
full ball outside off. Turning away and Rahul presses forward rather late. Gets low and 
fends with the bat's open face",18.1,0,0.0,"Shadab to Rahul, no run  .full ball outside off. Turning away and Rahul presses forward rather late. Gets low and  .fends with the bat's open face",Shadab,Rahul,0.0,0,0,1,1,0.0,0,,0
"18.2 
1 
Shadab to Rahul, 1 run 
overpitched, outside off. Rahul moves to the off side and pushes it towards point 
Mirza : ""Bring back Harris and attack with 2 slips """,18.2,1,1.0,"Shadab to Rahul, 1 run  .overpitched, outside off. Rahul moves to the off side and pushes it towards point",Shadab,Rahul,1.0,0,0,1,1,1.0,0,,1
"18.3 
1 
Shadab to Kohli, 1 run 
full outside off. Legbreak driven to long off after getting forward",18.3,1,1.0,"Shadab to Kohli, 1 run  .full outside off. Legbreak driven to long off after getting forward",Shadab,Kohli,1.0,0,0,1,1,1.0,0,,1
"18.4 
2 
Shadab to Rahul, 2 runs 
flighted full around leg. Flicked off his toes to deep square leg, with two sets of fresh 
legs comfortably completing the second",18.4,2,2.0,"Shadab to Rahul, 2 runs  .flighted full around leg. Flicked off his toes to deep square leg, with two sets of fresh  .legs comfortably completing the second",Shadab,Rahul,2.0,0,0,1,1,2.0,0,,1
"18.5 
1 
Shadab to Rahul, 1 run 
flatter. Length ball outside off and the legbreak is slapped to deep extra cover",18.5,1,1.0,"Shadab to Rahul, 1 run  .flatter. Length ball outside off and the legbreak is slapped to deep extra cover",Shadab,Rahul,1.0,0,0,1,1,1.0,0,,1
"18.6 
2 
Shadab to Kohli, 2 runs 
trying too much. Knee-high full toss around leg and he smothers it towards cow corner 
for a couple more. Seven off the over with minimal risk 
Izzy: ""Need babar to really step up with his captaincy here, support this bowlers and 
attack. Positive intent needed here"" 
end of over 197 runs  
IND: 131/2CRR: 6.89  
Virat Kohli5 (8b) 
KL Rahul5 (5b) 
Shadab Khan 4-0-42-1 
Shaheen Shah Afridi 4-0-33-1",18.6,2,2.0,"Shadab to Kohli, 2 runs  .trying too much. Knee-high full toss around leg and he smothers it towards cow corner  .for a couple more. Seven off the over with minimal risk",Shadab,Kohli,2.0,0,0,1,1,2.0,0,,1
"19.1 
• 
Shaheen Shah Afridi to Rahul, no run 
he's coming around the wicket to Rahul. Good length outside off and Rahul mistimes 
the cut onto the deck. Ball dribbles away to short third",19.1,0,0.0,"Shaheen Shah Afridi to Rahul, no run  .he's coming around the wicket to Rahul. Good length outside off and Rahul mistimes  .the cut onto the deck. Ball dribbles away to short third",Shaheen Shah Afridi,Rahul,0.0,0,0,1,1,0.0,0,,0
"19.2 
• 
Shaheen Shah Afridi to Rahul, no run 
full ball aimed for Rahul's pads. Rahul carefully bunts a shot past the non-striker to mid 
on this time",19.2,0,0.0,"Shaheen Shah Afridi to Rahul, no run  .full ball aimed for Rahul's pads. Rahul carefully bunts a shot past the non-striker to mid  .on this time",Shaheen Shah Afridi,Rahul,0.0,0,0,1,1,0.0,0,,0
"19.3 
• 
Shaheen Shah Afridi to Rahul, no run 
good length ball around off, cramping Rahul. He goes onto the back foot and fends in 
front of his body",19.3,0,0.0,"Shaheen Shah Afridi to Rahul, no run  .good length ball around off, cramping Rahul. He goes onto the back foot and fends in  .front of his body",Shaheen Shah Afridi,Rahul,0.0,0,0,1,1,0.0,0,,0
"19.4 
• 
Shaheen Shah Afridi to Rahul, no run 
full ball on middle and leg. Rahul works this towards a lurking short midwicket this time",19.4,0,0.0,"Shaheen Shah Afridi to Rahul, no run  .full ball on middle and leg. Rahul works this towards a lurking short midwicket this time",Shaheen Shah Afridi,Rahul,0.0,0,0,1,1,0.0,0,,0
"19.5 
4 
Shaheen Shah Afridi to Rahul, FOUR runs 
ruins the good over by pulling in front of square. Shaheen returns over the wicket, and 
Rahul swivels to deposit this for four. Wasn't short enough, and Rahul in total control of 
that shot",19.5,4,4.0,"Shaheen Shah Afridi to Rahul, FOUR runs  .ruins the good over by pulling in front of square. Shaheen returns over the wicket, and  .Rahul swivels to deposit this for four. Wasn't short enough, and Rahul in total control of  .that shot",Shaheen Shah Afridi,Rahul,4.0,1,0,1,1,4.0,0,,1
"19.6 
• 
Shaheen Shah Afridi to Rahul, no run 
full ball around off and Rahul pings a well-timed drive down the V. But, it cannot beat 
mid off! 
end of over 204 runs  
IND: 135/2CRR: 6.75  
KL Rahul9 (11b 1x4) 
Virat Kohli5 (8b) 
Shaheen Shah Afridi 5-0-37-1 
Shadab Khan 4-0-42-1",19.6,0,0.0,"Shaheen Shah Afridi to Rahul, no run  .full ball around off and Rahul pings a well-timed drive down the V. But, it cannot beat  .mid off!",Shaheen Shah Afridi,Rahul,0.0,0,0,1,1,0.0,0,,0
"20.1 
1 
Shadab to Kohli, 1 run 
good length ball on a fourth-stump line. Clipped off the back foot, comfortably, to deep 
square leg",20.1,1,1.0,"Shadab to Kohli, 1 run  .good length ball on a fourth-stump line. Clipped off the back foot, comfortably, to deep  .square leg",Shadab,Kohli,1.0,0,0,1,1,1.0,0,,1
"20.2 
• 
Shadab to Rahul, no run 
full ball outside off. Bit of turn away. Rahul shapes up to cut but some extra bounce 
makes the ball hit his bat at an awkward position. Rahul looks surprised",20.2,0,0.0,"Shadab to Rahul, no run  .full ball outside off. Bit of turn away. Rahul shapes up to cut but some extra bounce  .makes the ball hit his bat at an awkward position. Rahul looks surprised",Shadab,Rahul,0.0,0,0,1,1,0.0,0,,0
"20.3 
• 
Shadab to Rahul, no run 
full outside off. Gets in position for a cut, and struck to cover point with the ball staying 
marginally low",20.3,0,0.0,"Shadab to Rahul, no run  .full outside off. Gets in position for a cut, and struck to cover point with the ball staying  .marginally low",Shadab,Rahul,0.0,0,0,1,1,0.0,0,,0
"20.4 
1 
Shadab to Rahul, 1 run 
flighted full outside off. Rahul lunges forward and meets it on the front foot. Ball goes 
along the grass to deep extra cover",20.4,1,1.0,"Shadab to Rahul, 1 run  .flighted full outside off. Rahul lunges forward and meets it on the front foot. Ball goes  .along the grass to deep extra cover",Shadab,Rahul,1.0,0,0,1,1,1.0,0,,1
"20.5 
• 
Shadab to Kohli, no run 
good length ball around off. Skidding through. Punched off the back foot to mid on",20.5,0,0.0,"Shadab to Kohli, no run  .good length ball around off. Skidding through. Punched off the back foot to mid on",Shadab,Kohli,0.0,0,0,1,1,0.0,0,,0
"20.6 
• 
Shadab to Kohli, no run 
full ball on middle. Bowling this from wide of the crease. Kohli lunges forward and 
settles for a soft-hand defensive shot 
Adnan: ""When u have pinned the opponent down, why would you like to recoup and set 
him up? Bring in lace battery go for pursuit and finish them off.. babar need to learn 
attacking manoeuvre."" -- I agree that Babar could've gone for a couple of overs with a 
couple of slips and/or a catching fielder. 
end of over 212 runs  
IND: 137/2CRR: 6.52  
Virat Kohli6 (11b) 
KL Rahul10 (14b 1x4) 
Shadab Khan 5-0-44-1 
Shaheen Shah Afridi 5-0-37-1 
Haris replacing Shaheen.",20.6,0,0.0,"Shadab to Kohli, no run  .full ball on middle. Bowling this from wide of the crease. Kohli lunges forward and  .settles for a soft-hand defensive shot",Shadab,Kohli,0.0,0,0,1,1,0.0,0,,0
"21.1 
• 
Haris Rauf to Rahul, no run 
good length ball outside off. Angling into off stump. Rahul watches it and nurdles it 
towards point 
Rahul: ""Suddenly looks dark..I mean the actual weather... Any updates??"" -- Sun is 
playing peek-a-boo all afternoon. Cloudy right now.",21.1,0,0.0,"Haris Rauf to Rahul, no run  .good length ball outside off. Angling into off stump. Rahul watches it and nurdles it  .towards point",Haris Rauf,Rahul,0.0,0,0,1,1,0.0,0,,0
"21.2 
2 
Haris Rauf to Rahul, 2 runs 
full ball, drifting into his pads, and Rahul clips it along the carpet to deep midwicket for 
two simple runs",21.2,2,2.0,"Haris Rauf to Rahul, 2 runs  .full ball, drifting into his pads, and Rahul clips it along the carpet to deep midwicket for  .two simple runs",Haris Rauf,Rahul,2.0,0,0,1,1,2.0,0,,1
"21.3 
• 
Haris Rauf to Rahul, no run 
fullish ball, around off stump and he taps it off the front foot towards cover. Cranks it 
up to 146kph",21.3,0,0.0,"Haris Rauf to Rahul, no run  .fullish ball, around off stump and he taps it off the front foot towards cover. Cranks it  .up to 146kph",Haris Rauf,Rahul,0.0,0,0,1,1,0.0,0,,0
"21.4 
1 
Haris Rauf to Rahul, 1 run 
good length ball on a fifth-stump line. Rahul shuffles towards off and punches a shot to 
deep extra cover",21.4,1,1.0,"Haris Rauf to Rahul, 1 run  .good length ball on a fifth-stump line. Rahul shuffles towards off and punches a shot to  .deep extra cover",Haris Rauf,Rahul,1.0,0,0,1,1,1.0,0,,1
"21.5 
• 
Haris Rauf to Kohli, no run 
good length ball on a fourth-stump line. Kohli taps it towards cover point, and searches 
for one, but then turns it down and scampers back",21.5,0,0.0,"Haris Rauf to Kohli, no run  .good length ball on a fourth-stump line. Kohli taps it towards cover point, and searches  .for one, but then turns it down and scampers back",Haris Rauf,Kohli,0.0,0,0,1,1,0.0,0,,0
"21.6 
• 
Haris Rauf to Kohli, no run 
whizzes past the edge, this one! Haris goes short of length in the corridor of 
uncertainty. Kohli simply lets the bat hang outside off for a second too late, and he very 
nearly paid the price for it 
end of over 223 runs  
IND: 140/2CRR: 6.36  
Virat Kohli6 (13b) 
KL Rahul13 (18b 1x4) 
Haris Rauf 4-0-21-0 
Shadab Khan 5-0-44-1",21.6,0,0.0,"Haris Rauf to Kohli, no run  .whizzes past the edge, this one! Haris goes short of length in the corridor of  .uncertainty. Kohli simply lets the bat hang outside off for a second too late, and he very  .nearly paid the price for it",Haris Rauf,Kohli,0.0,0,0,1,1,0.0,0,,0
"22.1 
• 
Shadab to Rahul, no run 
good length ball just outside off. Slaps a cut with the turn, but it very nearly carries to 
cover!",22.1,0,0.0,"Shadab to Rahul, no run  .good length ball just outside off. Slaps a cut with the turn, but it very nearly carries to  .cover!",Shadab,Rahul,0.0,0,0,1,1,0.0,0,,0
"22.2 
• 
Shadab to Rahul, no run 
full ball outside off. Gets onto the back foot to punch down the ground. But it hits the 
inside half of the bat and goes leg side",22.2,0,0.0,"Shadab to Rahul, no run  .full ball outside off. Gets onto the back foot to punch down the ground. But it hits the  .inside half of the bat and goes leg side",Shadab,Rahul,0.0,0,0,1,1,0.0,0,,0
"22.3 
• 
Shadab to Rahul, no run 
edged? Rizwan appeals, Shadab joins in... but the umpire says no! Full ball outside off, 
turn and bounce away with Rahul trying to cut. Rizwan wanted the review, but Babar 
does not go up for it. Good decision - no edge but definitely extra bounce.",22.3,0,0.0,"Shadab to Rahul, no run  .edged? Rizwan appeals, Shadab joins in... but the umpire says no! Full ball outside off,  .turn and bounce away with Rahul trying to cut. Rizwan wanted the review, but Babar  .does not go up for it. Good decision - no edge but definitely extra bounce.",Shadab,Rahul,0.0,0,0,1,1,0.0,0,,0
"22.4 
• 
Shadab to Rahul, no run 
full ball just outside off. Rahul tries to drive through cover after coming down the track 
but the ball hits the inside half and comes straight back. Shadab dives wrong-footed to 
stop it",22.4,0,0.0,"Shadab to Rahul, no run  .full ball just outside off. Rahul tries to drive through cover after coming down the track  .but the ball hits the inside half and comes straight back. Shadab dives wrong-footed to  .stop it",Shadab,Rahul,0.0,0,0,1,1,0.0,0,,0
"22.5 
• 
Shadab to Rahul, no run 
full ball outside off. Tries to drive with the turn to long off but Shadab scampers to his 
left, throws his body behind, and stops the ball",22.5,0,0.0,"Shadab to Rahul, no run  .full ball outside off. Tries to drive with the turn to long off but Shadab scampers to his  .left, throws his body behind, and stops the ball",Shadab,Rahul,0.0,0,0,1,1,0.0,0,,0
"22.6 
• 
Shadab to Rahul, no run 
full ball outside off stump. Gently fended to the off side with the turn. Maiden over! 
Nimit: ""Last 8 overs - 23 runs, 2 wickets."" 
end of over 23Maiden 
IND: 140/2CRR: 6.08  
KL Rahul13 (24b 1x4) 
Virat Kohli6 (13b) 
Shadab Khan 6-1-44-1 
Haris Rauf 4-0-21-0",22.6,0,0.0,"Shadab to Rahul, no run  .full ball outside off stump. Gently fended to the off side with the turn. Maiden over!",Shadab,Rahul,0.0,0,0,1,1,0.0,0,,0
"23.1 
• 
Haris Rauf to Kohli, no run 
full ball around off and he plays that trademark flick with the bat's closed face. Tries to 
find the gap between mid on and midwicket, but finds the fielder at mid-on instead",23.1,0,0.0,"Haris Rauf to Kohli, no run  .full ball around off and he plays that trademark flick with the bat's closed face. Tries to  .find the gap between mid on and midwicket, but finds the fielder at mid-on instead",Haris Rauf,Kohli,0.0,0,0,1,1,0.0,0,,0
"23.2 
1 
Haris Rauf to Kohli, 1 run 
full ball angling into off stump and Kohli pushes it to mid-on, calling for a quick single as 
soon as he played the shot",23.2,1,1.0,"Haris Rauf to Kohli, 1 run  .full ball angling into off stump and Kohli pushes it to mid-on, calling for a quick single as  .soon as he played the shot",Haris Rauf,Kohli,1.0,0,0,1,1,1.0,0,,1
"23.3 
4 
Haris Rauf to Rahul, FOUR runs 
he's enjoying his pull shots today! Short ball that doesn't really bounce as much. Rahul 
swivels and pulls, and importantly, rolls his wrists from top to bottom, ensuring the ball 
is hit into the ground",23.3,4,4.0,"Haris Rauf to Rahul, FOUR runs  .he's enjoying his pull shots today! Short ball that doesn't really bounce as much. Rahul  .swivels and pulls, and importantly, rolls his wrists from top to bottom, ensuring the ball  .is hit into the ground",Haris Rauf,Rahul,4.0,1,0,1,1,4.0,0,,1
"23.4 
• 
Haris Rauf to Rahul, no run 
pace off. Length ball quite wide outside off. Tapped to point",23.4,0,0.0,"Haris Rauf to Rahul, no run  .pace off. Length ball quite wide outside off. Tapped to point",Haris Rauf,Rahul,0.0,0,0,1,1,0.0,0,,0
"23.5 
1w 
Haris Rauf to Rahul, 1 wide 
length ball sliding down leg with Rahul missing a connection while attempting a late 
glance",23.5,1w,1.0,"Haris Rauf to Rahul, 1 wide  .length ball sliding down leg with Rahul missing a connection while attempting a late  .glance",Haris Rauf,Rahul,0.0,0,0,0,0,1.0,0,,1
"23.5 
• 
Haris Rauf to Rahul, no run 
LBW appeal, umpire doesn't react, Haris raises his finger and tells his captain ""out hai 
(it is out)"". But Babar is confident that is too high and therefore tells Haris no. This was 
a good length ball on off stump, and Rahul fended down the wrong line. Ball hit him 
above the knee-roll, and height was a definite factor.",23.5,0,0.0,"Haris Rauf to Rahul, no run",Haris Rauf,Rahul,0.0,0,0,1,1,0.0,0,,0
"23.6 
• 
Haris Rauf to Rahul, no run 
Rahul lucky! Slower ball, full around off and Rahul tries to shovel a drive. Hits the toe-
end and pops up briefly, falling a couple of metres short of mid off 
end of over 246 runs  
IND: 146/2CRR: 6.08  
KL Rahul17 (28b 2x4) 
Virat Kohli7 (15b) 
Haris Rauf 5-0-27-0 
Shadab Khan 6-1-44-1 
Getting darker. Storm approaching, we hear. Let's hope it blows away",23.6,0,0.0,"Haris Rauf to Rahul, no run  .Rahul lucky! Slower ball, full around off and Rahul tries to shovel a drive. Hits the toe- .end and pops up briefly, falling a couple of metres short of mid off",Haris Rauf,Rahul,0.0,0,0,1,1,0.0,0,,0
"24.1 
1 
Shadab to Kohli, 1 run 
full ball outside off. Legbreak is driven to deep extra cover for a single 
Previous 
Next 
See all photos 
4.52pm Play stopped due to rain. The groundstaff have been wrong footed, because it 
is suddenly pouring, but they get in position very quickly to recover, and the covers have 
been brought in. Even Fakhar Zaman joins in to help them cover the pitch. And as I type 
these words, the rain has become heavier. The intensity has gone from moderate to 
torrential in a few minutes. 
Playing conditions state that if no more play happens today, then the game will 
continue from this point tomorrow with no overs lost. However, if a 20-over chase is 
possible today, the umpires will definitely try to complete a shortened game today 
instead of activating the reserve day. 
 
ICYMI, Shreyas Iyer was left out today because he suffered a back spasm. 
5.10pm The rain is not in a mood to stop but the intensity has dropped for now. If India 
cannot bat anymore today and Pakistan are to chase a 20-over target, then the target 
will be 181. By the way, we have Anil Kumble in our Mumbai studio today, and he said at 
the pre-match show that India's lack of allrounders is concerning. 
Chandran: ""How it is Lack of Allrounders in India side when there is Hardik Pandya, 
Ravindra Jadeja and Axar Patel, the World Best All Rounders?"" -- I think he meant batters 
who can bowl a bit, and bowlers who can bat a bit, to give India a bit more flexibility with 
their combination. 
Nauman: ""If I am not mistaken, Indian bowlers face a possiblity of bowling 50 overs 
tomorrow evening and another 50 overs on the very next afternoon, potentially with 
about 15-16 hours of rest?"" -- Yup, it's a definite possibility. 
5.30pm Most of the covers are still on. The rain seems to have stopped, though, and the 
groundstaff seem to be clearing water off the covers at one end of the ground. 
Sree: ""Ridiculous that people complain about the lack of batsmen who bowl. This is not 
2000s anymore. The two new ball rule and the fielding restrictions have absolutely 
neutered part-time bowlers. A Suresh Raina or a Sachin Tendulkar bowling in today's 
ODI cricket would single-handedly lose us the game."" -- Yup, the extra fielder in the ring 
from overs 11-40 has completely transformed ODIs. 
BurhanJ: ""@Nauman it should not be a problem as most of them play a lot of Test 
cricket where they bowl 90 overs a day."" 
5.40pm Andrew Fidel Fernando, who's at the ground, says there's still a light drizzle. 
Par: ""@Sree, but you still need bowlers who can bat a bit."" 
Nilesh : ""@Sree FYI Sachin regularly bowled 10 overs in 90s before 15 overs and also at 
death and won india games with ball. He wasn't too bad in 2000s either"" -- He was 
always extremely useful, but he (and other part-timers) often got away with a lot of long 
hops thanks to the the fifth fielder on the boundary, especially when he bowled legspin. 
Much less allowance for inaccuracy nowadays. 
5.45pm One of the covers on the outfield had gone off a little earlier. It's now back on, 
and the entire ground is covered. 
Adarsh: ""@ Sree: No one is expecting the part-time bowlers to pick up a fifer. 5 overs for 
30-35 runs is perfectly acceptable. Australia has batters who can bowl - Stoinis, 
Maxwell, Marsh, Green. England has bowlers who can bat - Woakes, Rashid, Robinson, 
Wood, Archer, Jordan (besides Stokes and Moeen). India is lacking on both fronts, 
making them heavily dependent on Hardik and Jaddu."" 
5.55pm One of the covers is being removed, or at least moved. A large contingent of 
groundstaff are busy at work. 
6.00pm More of the covers are coming off now. The rain seems to have stopped 
completely. 
Hamza: ""Rain did justice with both teams. The other day, India would have been happy, 
today Pakistan would be happy with the rain :)"" 
Raj83: ""I think Atacama desert is the best place to play cricket. No rain at all during last 
800 years."" 
We're hearing that we'll start losing overs from 6.22pm. 
6.03pm Well, the covers that went off seem to be going back on now. Looks like they're 
trying to clear the water off the covers and get them back on while there's still some 
drizzle about. 
Sree: ""@Adarsh, Funny you should say this. You actually prove my point. All the four you 
mentioned in case of Australia are all-rounders. And India have plenty of them. Hardik, 
Jaddu, Axar, Krunal etc. You have directly conceded to the point that part-time bowlers 
don't exist. As for bowlers who can bat, well India has got Shardul in the squad just for 
that. One such player is enough for a 15 member squad. Outside squad, we've got D 
Chahar, Harshal, Bhuvi. In fact, Bumrah too is a very capable bat now"" 
Muthukumaran Su: ""@Hamza, 266 the other day was more than a decent score on that 
wicket and India would have fancied their chances and would have been unhappy with 
the rain."" 
Fidel's update from the ground: ""Rain has slowed to the merest drizzle now, and more 
covers are coming off."" 
6.10pm The ground is fully covered now. Or, to be more accurate, they're continuing to 
periodically remove covers to clear the water off them, and putting them back on. 
Sudipta: ""@Sree, it is more complicated than that. Axar and Jadeja are too similar to 
play in the same team. While Bumrah's batting has improved, he is still at best a number 
9 batter. Krunal, Harshal ad Bhuvi's bowling has deteriorated recently. Chahar is too 
injury prone. I also feel Shardul is too inconsistent with the bat to be in top 8. Given all 
these, there is a feeling that we need one more player who can bat in the top 8 and bowl 
5-6 quality overs regularly."" 
Haris: ""Can we declare ""Pakora"" as official food partner of Asia Cup 2023?"" -- No better 
accompaniment to rain. 
Srinath: ""We should get used to this. This is going to be the story of the world cup with 
the NE monsoon setting in over most of the south Indian venues right during the world 
cup. "" 
6.15pm The groundstaff are using large sponges to soak up the moisture from a 
sodden patch of outfield. This will take a while. 
6.25pm A reminder: we started losing overs at 6.22pm. Anyway, here's Sreshth once 
more to describe the riveting action in the middle. 
6.40pm No rain right now but there are a lot of wet patches. We are in ""losing overs"" 
territory if play restarts today. Rohit in serious conversation with the coaching staff. 
Kohli in a lighter mood with the squad members. No sign of the Pakistan players. 
 
Hamid: ""As per rules, we lose 1 over every 3 minutes, correct?"" -- Its more like four and a 
half minutes. 
While we wait, here's Sidharth Monga's A to Z of what has changed between the 2011 
ODI World Cup in India and the upcoming ODI World Cup in India (ps. R does not stand 
for rain). 
6.50pm Groundstaff still working with lots of wet patches. Interestingly they're using 
sponges and manually removing the water. The supersopper was missing in action till 
two minutes ago. A 20-over chase can start as late as 10.36pm local. 
kamil: ""I am a body language expert, and sadly, I agree with you"" 
6.55pm The on-field umpires Gaffaney and Palliyaguruge are talking to Rohit Sharma. 
We can see them pointing towards the outfield, probably to the wet patches. They share 
a couple of nods before going their own ways. If I was a body language expert, I'd say 
we are not starting soon atleast. We'll know a ""start"" time only after ""inspection"", and we 
are not close to inspection yet. 
7pm Looks like the umpires have communicated to both captains that an inspection 
will take place at 7.30pm local. We just saw them talking to Babar Azam, and now 
Dravid himself is taking stock of the situation by heading to the ground and talking to 
admin people. Pakistan bowling coach Morne Morkel also joins him to get an on-ground 
update, followed by Rizwan and Babar taking a stroll in slippers. 
 
While we wait, why not listen to our podcast episode where we break down India's ODI 
World Cup squad? Or, perhaps, attempt some of our themed quizzes on ESPNcricinfo. 
7.18pm Bumrah is all smiles walking around the ground. He's shadow bowling near the 
pitch. The state of the ground conditions are very important - nobody would want fast 
bowlers slipping and getting injured with a World Cup coming up. Inspection at 7.30pm. 
Anoop: ""If we have a restart after the 7:30 pm inspection, how many overs match is 
possible for today?"" -- Let's do some math. We started to lose overs from 6.22pm. If 
play starts at 8pm then we'd have lost a further 98 minutes. Which is roughly 22 overs. 
So that means 11 overs per side. Which means India would bat till over 38 maybe, and 
Pakistan would chase a 38-over target after DLS adjustment. These numbers are not 
exact and may fluctuate (like the umpires could reduce the innings-break time, for eg). 
Update from the ground is that they're putting sawdust on a massive damp patch on the 
outfield. 
7.30pm The inspection is supposed to be on now. From what we can see, the three 
umpires are standing near the pitch and gently tapping the surface with the tip of the 
umbrella. The umpires are now in conference with the head groundsman. No 
microphone hovering near them so we'll have to wait for a while for official updates. 
Andrew Fidel Fernando tells me, ""So I think the problem is that parts of the ground that 
saw a lot of rain are spongy. They've put a lot of sawdust down on the problem areas, 
but the umpires don't seem majorly happy. We are heading for a second inspection."" 
 
Suren: ""Safety has to be number 1 priority for all the players. No risks to be taken 
despite it being an Asia Cup game "" 
7.45pm The umpires are having a chat with both captains again - communicating what 
they found in their 7.30pm inspection. The fans are back in their seats, by the way.<br 
mk786: ""if 20 overs target is happen' then what would be the target for Pak."" -- Roughly 
181.</br 
8pm The inspection is happening right now. Karthik Krishnaswamy will provide the 
update when he's in next. 
Next inspection at 8pm local (1430GMT) 
jacker: ""why are these patches ALWAYS at the worst spots?"" 
Now the groundstaff have brought in a contraption made of three fans mounted onto a 
wheeled frame. Clearly there's still some moisture underneath the surface. 
8.05pm The umpires are inspecting away. Let's see what comes of this. Ruchira 
Palliyaguruge and Chris Gaffaney are having a close look at the large damp patch that 
has been sawdusted and compacted with the heavy roller. This patch is close to - but 
not on - the bowlers' run-up area at one end. 
A reminder: The cut-off for the start of a 20-overs chase is 10.36pm. Umpire 
Palliyaguruge says we'll get a 34-over chase if we manage to start at 9pm. 
Gaffaney: ""If we get more rain now and we don't get going today, we'll start off at 3 
o'clock tomorrow for a 50-over game starting with India at",24.1,1,1.0,"Shadab to Kohli, 1 run  .full ball outside off. Legbreak is driven to deep extra cover for a single  .Previous  .Next  .See all photos",Shadab,Kohli,1.0,0,0,1,1,1.0,0,,1
"24.2 
• 
Shadab to Rahul, no run 
tossed up and angling into off stump, draws an inside edge to midwicket",24.2,0,0.0,"Shadab to Rahul, no run  .tossed up and angling into off stump, draws an inside edge to midwicket",Shadab,Rahul,0.0,0,0,1,1,0.0,0,,0
"24.3 
• 
Shadab to Rahul, no run 
tossed up slower and higher, Rahul plants his front foot and plays it back to the spinner",24.3,0,0.0,"Shadab to Rahul, no run  .tossed up slower and higher, Rahul plants his front foot and plays it back to the spinner",Shadab,Rahul,0.0,0,0,1,1,0.0,0,,0
"24.4 
1 
Shadab to Rahul, 1 run 
mighty full at the stumps, Rahul jabs his bat down on the ball and secures a single to 
long-on",24.4,1,1.0,"Shadab to Rahul, 1 run  .mighty full at the stumps, Rahul jabs his bat down on the ball and secures a single to  .long-on",Shadab,Rahul,1.0,0,0,1,1,1.0,0,,1
"24.5 
1 
Shadab to Kohli, 1 run 
darted full on the stumps, now it's Kohli's turn to bunt a single down to long-on",24.5,1,1.0,"Shadab to Kohli, 1 run  .darted full on the stumps, now it's Kohli's turn to bunt a single down to long-on",Shadab,Kohli,1.0,0,0,1,1,1.0,0,,1
"24.6 
1 
Shadab to Rahul, 1 run 
fired outside off, slapped away to deep point as Shadab completes the over that began 
yesterday 
end of over 254 runs  
IND: 150/2CRR: 6.00  
KL Rahul19 (32b 2x4) 
Virat Kohli9 (17b) 
Shadab Khan 7-1-48-1 
Haris Rauf 5-0-27-0 
Naseem. Right-arm over the wicket",24.6,1,1.0,"Shadab to Rahul, 1 run  .fired outside off, slapped away to deep point as Shadab completes the over that began  .yesterday",Shadab,Rahul,1.0,0,0,1,1,1.0,0,,1
"25.1 
• 
Naseem Shah to Rahul, no run 
back of a length and ducking into off and middle, no room for Rahul to slash this time, 
played back to Naseem",25.1,0,0.0,"Naseem Shah to Rahul, no run  .back of a length and ducking into off and middle, no room for Rahul to slash this time,  .played back to Naseem",Naseem Shah,Rahul,0.0,0,0,1,1,0.0,0,,0
"25.2 
• 
Naseem Shah to Rahul, no run 
similar length and attacking the top of off stump, similar result. Defensively pushed 
back to him",25.2,0,0.0,"Naseem Shah to Rahul, no run  .similar length and attacking the top of off stump, similar result. Defensively pushed  .back to him",Naseem Shah,Rahul,0.0,0,0,1,1,0.0,0,,0
"25.3 
• 
Naseem Shah to Rahul, no run 
this is a Naseem special. Unplayable stuff. Much fuller, angling into Rahul, who plays 
for that inward angle but Naseem gets it to swerve away off the seam to beat the 
outside edge. Rahul was opened up there",25.3,0,0.0,"Naseem Shah to Rahul, no run  .this is a Naseem special. Unplayable stuff. Much fuller, angling into Rahul, who plays  .for that inward angle but Naseem gets it to swerve away off the seam to beat the  .outside edge. Rahul was opened up there",Naseem Shah,Rahul,0.0,0,0,1,1,0.0,0,,0
"25.4 
1 
Naseem Shah to Rahul, 1 run 
shorter and into the hips, tucked away through square leg on the back foot",25.4,1,1.0,"Naseem Shah to Rahul, 1 run  .shorter and into the hips, tucked away through square leg on the back foot",Naseem Shah,Rahul,1.0,0,0,1,1,1.0,0,,1
"25.5 
• 
Naseem Shah to Kohli, no run 
full and curves away outside off at 143ks, Kohli pushes away from the body and is 
beaten on the outside edge",25.5,0,0.0,"Naseem Shah to Kohli, no run  .full and curves away outside off at 143ks, Kohli pushes away from the body and is  .beaten on the outside edge",Naseem Shah,Kohli,0.0,0,0,1,1,0.0,0,,0
"25.6 
1 
Naseem Shah to Kohli, 1 run 
on a length and largely holds its line outside off, 142ks, Kohli presses forward and 
guides a single to deep cover. Top over from Naseem 
end of over 262 runs  
IND: 152/2CRR: 5.84  
Virat Kohli10 (19b) 
KL Rahul20 (36b 2x4) 
Naseem Shah 6-1-25-0 
Shadab Khan 7-1-48-1 
Faheem Ashraf replaces Shadab Khan. He will also operate from over the wicket",25.6,1,1.0,"Naseem Shah to Kohli, 1 run  .on a length and largely holds its line outside off, 142ks, Kohli presses forward and  .guides a single to deep cover. Top over from Naseem",Naseem Shah,Kohli,1.0,0,0,1,1,1.0,0,,1
"26.1 
1 
Faheem to Kohli, 1 run 
rides the bounce of this short ball outside off and finds a single to deep third",26.1,1,1.0,"Faheem to Kohli, 1 run  .rides the bounce of this short ball outside off and finds a single to deep third",Faheem,Kohli,1.0,0,0,1,1,1.0,0,,1
"26.2 
1 
Faheem to Rahul, 1 run 
short of a length and outside off, Rahul leans back, gets on top of the bounce and 
solidly punches a single to deep cover",26.2,1,1.0,"Faheem to Rahul, 1 run  .short of a length and outside off, Rahul leans back, gets on top of the bounce and  .solidly punches a single to deep cover",Faheem,Rahul,1.0,0,0,1,1,1.0,0,,1
"26.3 
1 
Faheem to Kohli, 1 run 
shortish and outside off, Kohli waits for the ball to arrive, then dinks it down to deep 
third via an open face",26.3,1,1.0,"Faheem to Kohli, 1 run  .shortish and outside off, Kohli waits for the ball to arrive, then dinks it down to deep  .third via an open face",Faheem,Kohli,1.0,0,0,1,1,1.0,0,,1
"26.4 
• 
Faheem to Rahul, no run 
Ashraf pounds it on a heavy length and outside off, run away to point",26.4,0,0.0,"Faheem to Rahul, no run  .Ashraf pounds it on a heavy length and outside off, run away to point",Faheem,Rahul,0.0,0,0,1,1,0.0,0,,0
"26.5 
• 
Faheem to Rahul, no run 
back of a length and on middle and leg, Rahul closes the bat-face and works it to 
midwicket",26.5,0,0.0,"Faheem to Rahul, no run  .back of a length and on middle and leg, Rahul closes the bat-face and works it to  .midwicket",Faheem,Rahul,0.0,0,0,1,1,0.0,0,,0
"26.6 
• 
Faheem to Rahul, no run 
back of a length and slanting into the top of off, keeps Rahul honest. Defended back to 
Ashraf 
end of over 273 runs  
IND: 155/2CRR: 5.74  
KL Rahul21 (40b 2x4) 
Virat Kohli12 (21b) 
Faheem Ashraf 4-0-18-0 
Naseem Shah 6-1-25-0",26.6,0,0.0,"Faheem to Rahul, no run  .back of a length and slanting into the top of off, keeps Rahul honest. Defended back to  .Ashraf",Faheem,Rahul,0.0,0,0,1,1,0.0,0,,0
"27.1 
1 
Naseem Shah to Kohli, 1 run 
Naseem runs in hard and hits the deck even harder. Guided down to deep third for 
another single",27.1,1,1.0,"Naseem Shah to Kohli, 1 run  .Naseem runs in hard and hits the deck even harder. Guided down to deep third for  .another single",Naseem Shah,Kohli,1.0,0,0,1,1,1.0,0,,1
"27.2 
1 
Naseem Shah to Rahul, 1 run 
short of a good length and rushes in to take the inside edge and dribble away into the 
leg side. Good wheels from Naseem once again",27.2,1,1.0,"Naseem Shah to Rahul, 1 run  .short of a good length and rushes in to take the inside edge and dribble away into the  .leg side. Good wheels from Naseem once again",Naseem Shah,Rahul,1.0,0,0,1,1,1.0,0,,1
"27.3 
4 
Naseem Shah to Kohli, FOUR runs 
edged but streaks away to the right of the keeper and left of deep third. First boundary 
on the second day. More seam movement for Naseem, replays suggest Kohli had 
deliberately opened the face of the bat",27.3,4,4.0,"Naseem Shah to Kohli, FOUR runs  .edged but streaks away to the right of the keeper and left of deep third. First boundary  .on the second day. More seam movement for Naseem, replays suggest Kohli had  .deliberately opened the face of the bat",Naseem Shah,Kohli,4.0,1,0,1,1,4.0,0,,1
"27.4 
2 
Naseem Shah to Kohli, 2 runs 
thrashed away to the left of extra-cover, but the ball plugs in the deep. Deep cover runs 
across to his right to cut it off",27.4,2,2.0,"Naseem Shah to Kohli, 2 runs  .thrashed away to the left of extra-cover, but the ball plugs in the deep. Deep cover runs  .across to his right to cut it off",Naseem Shah,Kohli,2.0,0,0,1,1,2.0,0,,1
"27.5 
• 
Naseem Shah to Kohli, no run 
back of a length and slanting into middle and leg, 140ks, Kohli shuffles across and 
fends it down",27.5,0,0.0,"Naseem Shah to Kohli, no run  .back of a length and slanting into middle and leg, 140ks, Kohli shuffles across and  .fends it down",Naseem Shah,Kohli,0.0,0,0,1,1,0.0,0,,0
"27.6 
• 
Naseem Shah to Kohli, no run 
Naseem thinks he has Kohli caught behind. Strangled down leg? Babar calls for a 
review of the on-field not-out decision. Seems like Rizwan had convinced him into 
taking it. Back of a length and veering down the leg side, brushes the thigh pad on the 
way to Rizwan. Daylight between bat and ball. Umpire Gaffney had got it right. Pakistan 
have now lost both reviews 
end of over 288 runs  
IND: 163/2CRR: 5.82  
Virat Kohli19 (26b 1x4) 
KL Rahul22 (41b 2x4) 
Naseem Shah 7-1-33-0 
Faheem Ashraf 4-0-18-0 
Iftikhar Ahmed to roll his arm over",27.6,0,0.0,"Naseem Shah to Kohli, no run  .Naseem thinks he has Kohli caught behind. Strangled down leg? Babar calls for a  .review of the on-field not-out decision. Seems like Rizwan had convinced him into  .taking it. Back of a length and veering down the leg side, brushes the thigh pad on the  .way to Rizwan. Daylight between bat and ball. Umpire Gaffney had got it right. Pakistan  .have now lost both reviews",Naseem Shah,Kohli,0.0,0,0,1,1,0.0,0,,0
"28.1 
2 
Iftikhar to Rahul, 2 runs 
short and attached with width outside off, Rahul rocks back and flashes a cut to the 
right of backward point",28.1,2,2.0,"Iftikhar to Rahul, 2 runs  .short and attached with width outside off, Rahul rocks back and flashes a cut to the  .right of backward point",Iftikhar,Rahul,2.0,0,0,1,1,2.0,0,,1
"28.2 
• 
Iftikhar to Rahul, no run 
prodded into the covers",28.2,0,0.0,"Iftikhar to Rahul, no run  .prodded into the covers",Iftikhar,Rahul,0.0,0,0,1,1,0.0,0,,0
"28.3 
1 
Iftikhar to Rahul, 1 run 
here comes Rahul: down the track and chipped over Ahmed's head. He did not get hold 
of the lofted drive",28.3,1,1.0,"Iftikhar to Rahul, 1 run  .here comes Rahul: down the track and chipped over Ahmed's head. He did not get hold  .of the lofted drive",Iftikhar,Rahul,1.0,0,0,1,1,1.0,0,,1
"28.4 
1 
Iftikhar to Kohli, 1 run 
another short dart outside off, Kohli jumps on the back foot and chops it away to the left 
of sweeper cover",28.4,1,1.0,"Iftikhar to Kohli, 1 run  .another short dart outside off, Kohli jumps on the back foot and chops it away to the left  .of sweeper cover",Iftikhar,Kohli,1.0,0,0,1,1,1.0,0,,1
"28.5 
• 
Iftikhar to Rahul, no run 
on a length and turning into off stump, played back to the right of the bowler",28.5,0,0.0,"Iftikhar to Rahul, no run  .on a length and turning into off stump, played back to the right of the bowler",Iftikhar,Rahul,0.0,0,0,1,1,0.0,0,,0
"28.6 
• 
Iftikhar to Rahul, no run 
more turn for Ahmed, sort of skids off the surface too. Rahul, though, keeps it out 
end of over 294 runs  
IND: 167/2CRR: 5.75  
KL Rahul25 (46b 2x4) 
Virat Kohli20 (27b 1x4) 
Iftikhar Ahmed 1-0-4-0 
Naseem Shah 7-1-33-0 
Afridi. Left-arm over the wicket",28.6,0,0.0,"Iftikhar to Rahul, no run  .more turn for Ahmed, sort of skids off the surface too. Rahul, though, keeps it out",Iftikhar,Rahul,0.0,0,0,1,1,0.0,0,,0
"29.1 
1 
Shaheen Shah Afridi to Kohli, 1 run 
back of a length and bends back in against the angle to cramp Kohli. Inside-edged onto 
the pad",29.1,1,1.0,"Shaheen Shah Afridi to Kohli, 1 run  .back of a length and bends back in against the angle to cramp Kohli. Inside-edged onto  .the pad",Shaheen Shah Afridi,Kohli,1.0,0,0,1,1,1.0,0,,1
"29.2 
4 
Shaheen Shah Afridi to Rahul, FOUR runs 
lashed away to the right of backward point. Full and wide, 140ks, Rahul doesn't care. 
Throws his bat at ball and rifles a cut away past the infielder. Even Shadab can't catch 
that. He can only finger-tip it away",29.2,4,4.0,"Shaheen Shah Afridi to Rahul, FOUR runs  .lashed away to the right of backward point. Full and wide, 140ks, Rahul doesn't care.  .Throws his bat at ball and rifles a cut away past the infielder. Even Shadab can't catch  .that. He can only finger-tip it away",Shaheen Shah Afridi,Rahul,4.0,1,0,1,1,4.0,0,,1
"29.3 
1 
Shaheen Shah Afridi to Rahul, 1 run 
Afridi drags his length back. Rahul punches it away in the off-side gap",29.3,1,1.0,"Shaheen Shah Afridi to Rahul, 1 run  .Afridi drags his length back. Rahul punches it away in the off-side gap",Shaheen Shah Afridi,Rahul,1.0,0,0,1,1,1.0,0,,1
"29.4 
• 
Shaheen Shah Afridi to Kohli, no run 
on a length and bends back in against the angle, jammed back via an inside edge",29.4,0,0.0,"Shaheen Shah Afridi to Kohli, no run  .on a length and bends back in against the angle, jammed back via an inside edge",Shaheen Shah Afridi,Kohli,0.0,0,0,1,1,0.0,0,,0
"29.5 
1 
Shaheen Shah Afridi to Kohli, 1 run 
pitched-up delivery, angling across off stump, carved away through the cover-point 
region",29.5,1,1.0,"Shaheen Shah Afridi to Kohli, 1 run  .pitched-up delivery, angling across off stump, carved away through the cover-point  .region",Shaheen Shah Afridi,Kohli,1.0,0,0,1,1,1.0,0,,1
"29.6 
1 
Shaheen Shah Afridi to Rahul, 1 run 
shorter and angling across off, 141ks, Rahul jumps on top of the bounce and forces the 
ball to sweeper cover 
end of over 308 runs  
IND: 175/2CRR: 5.83  
KL Rahul31 (49b 3x4) 
Virat Kohli22 (30b 1x4) 
Shaheen Shah Afridi 6-0-45-1 
Iftikhar Ahmed 1-0-4-0",29.6,1,1.0,"Shaheen Shah Afridi to Rahul, 1 run  .shorter and angling across off, 141ks, Rahul jumps on top of the bounce and forces the  .ball to sweeper cover",Shaheen Shah Afridi,Rahul,1.0,0,0,1,1,1.0,0,,1
"30.1 
6 
Iftikhar to Rahul, SIX runs 
swept away over square leg for six. Rahul shuffles across off stump, gets inside the line 
of this attempted offbreak and sweeps it flat and hard over the leg side. Marana Mass 
from the Rajinikanth starrer Pettai playing in the background. No better way to describe 
that shot: Marana Mass",30.1,6,6.0,"Iftikhar to Rahul, SIX runs  .swept away over square leg for six. Rahul shuffles across off stump, gets inside the line  .of this attempted offbreak and sweeps it flat and hard over the leg side. Marana Mass  .from the Rajinikanth starrer Pettai playing in the background. No better way to describe  .that shot: Marana Mass",Iftikhar,Rahul,6.0,0,1,1,1,6.0,0,,1
"30.2 
4 
Iftikhar to Rahul, FOUR runs 
shorter and outside off, Rahul jumps back and crashes a cut past point for four more",30.2,4,4.0,"Iftikhar to Rahul, FOUR runs  .shorter and outside off, Rahul jumps back and crashes a cut past point for four more",Iftikhar,Rahul,4.0,1,0,1,1,4.0,0,,1
"30.3 
• 
Iftikhar to Rahul, no run 
pushed through and turning into the top of the stumps, played back",30.3,0,0.0,"Iftikhar to Rahul, no run  .pushed through and turning into the top of the stumps, played back",Iftikhar,Rahul,0.0,0,0,1,1,0.0,0,,0
"30.4 
• 
Iftikhar to Rahul, no run 
shorter and turning into middle and leg, blocked on the back foot by Rahul",30.4,0,0.0,"Iftikhar to Rahul, no run  .shorter and turning into middle and leg, blocked on the back foot by Rahul",Iftikhar,Rahul,0.0,0,0,1,1,0.0,0,,0
"30.5 
• 
Iftikhar to Rahul, no run 
chipped down to mid-on. You just can't take on Shadab's arm",30.5,0,0.0,"Iftikhar to Rahul, no run  .chipped down to mid-on. You just can't take on Shadab's arm",Iftikhar,Rahul,0.0,0,0,1,1,0.0,0,,0
"30.6 
1 
Iftikhar to Rahul, 1 run 
dropped shorter and drifts away outside off, chopped away behind point once again 
end of over 3111 runs  
IND: 186/2CRR: 6.00  
KL Rahul42 (55b 4x4 1x6) 
Virat Kohli22 (30b 1x4) 
Iftikhar Ahmed 2-0-15-0 
Shaheen Shah Afridi 6-0-45-1 
Shaheen vs Rahul. Left-arm around",30.6,1,1.0,"Iftikhar to Rahul, 1 run  .dropped shorter and drifts away outside off, chopped away behind point once again",Iftikhar,Rahul,1.0,0,0,1,1,1.0,0,,1
"31.1 
1 
Shaheen Shah Afridi to Rahul, 1 run 
on a length and just a shade outside off, Rahul taps to mid-off for an urgent single",31.1,1,1.0,"Shaheen Shah Afridi to Rahul, 1 run  .on a length and just a shade outside off, Rahul taps to mid-off for an urgent single",Shaheen Shah Afridi,Rahul,1.0,0,0,1,1,1.0,0,,1
"31.2 
• 
Shaheen Shah Afridi to Kohli, no run 
fullish and outside off, Kohli drives on the up to mid-off",31.2,0,0.0,"Shaheen Shah Afridi to Kohli, no run  .fullish and outside off, Kohli drives on the up to mid-off",Shaheen Shah Afridi,Kohli,0.0,0,0,1,1,0.0,0,,0
"31.3 
• 
Shaheen Shah Afridi to Kohli, no run 
back of a length and sharply angling in from left-arm around, inside-edged onto the pad",31.3,0,0.0,"Shaheen Shah Afridi to Kohli, no run  .back of a length and sharply angling in from left-arm around, inside-edged onto the pad",Shaheen Shah Afridi,Kohli,0.0,0,0,1,1,0.0,0,,0
"31.4 
2 
Shaheen Shah Afridi to Kohli, 2 runs 
on a length and outside off, punchily played through the covers",31.4,2,2.0,"Shaheen Shah Afridi to Kohli, 2 runs  .on a length and outside off, punchily played through the covers",Shaheen Shah Afridi,Kohli,2.0,0,0,1,1,2.0,0,,1
"31.5 
2 
Shaheen Shah Afridi to Kohli, 2 runs 
short and wide of off, Kohli has a crack at it and slices it away to the left of sweeper 
cover",31.5,2,2.0,"Shaheen Shah Afridi to Kohli, 2 runs  .short and wide of off, Kohli has a crack at it and slices it away to the left of sweeper  .cover",Shaheen Shah Afridi,Kohli,2.0,0,0,1,1,2.0,0,,1
"31.6 
2 
Shaheen Shah Afridi to Kohli, 2 runs 
Kohli rides the bounce of this short ball outside off and guides it away past the right of 
point and left of sweeper cover. Fine save in the deep from Fakhar Zaman 
Kannan: ""Rahul and Kohli playing like Gill and Rohit, one attacks while the other watch, 
hope Kohli will start the attack like Rohit too."" 
end of over 327 runs  
IND: 193/2CRR: 6.03  
Virat Kohli28 (35b 1x4) 
KL Rahul43 (56b 4x4 1x6) 
Shaheen Shah Afridi 7-0-52-1 
Iftikhar Ahmed 2-0-15-0 
CP: ""Consecutive three doubles, who else other then Virat in modern day cricket""",31.6,2,2.0,"Shaheen Shah Afridi to Kohli, 2 runs  .Kohli rides the bounce of this short ball outside off and guides it away past the right of  .point and left of sweeper cover. Fine save in the deep from Fakhar Zaman",Shaheen Shah Afridi,Kohli,2.0,0,0,1,1,2.0,0,,1
"32.1 
1 
Iftikhar to Rahul, 1 run 
Rahul jumps back and forces this away to sweeper cover",32.1,1,1.0,"Iftikhar to Rahul, 1 run  .Rahul jumps back and forces this away to sweeper cover",Iftikhar,Rahul,1.0,0,0,1,1,1.0,0,,1
"32.2 
• 
Iftikhar to Kohli, no run 
tossed up and outside off, Kohli stretches out but can't get it past Shadab at straight 
midwicket",32.2,0,0.0,"Iftikhar to Kohli, no run  .tossed up and outside off, Kohli stretches out but can't get it past Shadab at straight  .midwicket",Iftikhar,Kohli,0.0,0,0,1,1,0.0,0,,0
"32.3 
1 
Iftikhar to Kohli, 1 run 
nurdled away square through the leg side this time",32.3,1,1.0,"Iftikhar to Kohli, 1 run  .nurdled away square through the leg side this time",Iftikhar,Kohli,1.0,0,0,1,1,1.0,0,,1
"32.4 
4 
Iftikhar to Rahul, FOUR runs 
pumped over the covers. Rahul is in great touch. He steps out, gets close to the pitch of 
this delivery on off, and hits it inside-out for four",32.4,4,4.0,"Iftikhar to Rahul, FOUR runs  .pumped over the covers. Rahul is in great touch. He steps out, gets close to the pitch of  .this delivery on off, and hits it inside-out for four",Iftikhar,Rahul,4.0,1,0,1,1,4.0,0,,1
"32.5 
1 
Iftikhar to Rahul, 1 run 
follows the boundary with a swept single to deep square leg. Rahul moves to 49",32.5,1,1.0,"Iftikhar to Rahul, 1 run  .follows the boundary with a swept single to deep square leg. Rahul moves to 49",Iftikhar,Rahul,1.0,0,0,1,1,1.0,0,,1
"32.6 
4 
Iftikhar to Kohli, FOUR runs 
guided away fine of short third. Afridi chases hard in vain. Rahul and Kohli are turning up 
the tempo in Colombo 
end of over 3311 runs  
IND: 204/2CRR: 6.18  
Virat Kohli33 (38b 2x4) 
KL Rahul49 (59b 5x4 1x6) 
Iftikhar Ahmed 3-0-26-0 
Shaheen Shah Afridi 7-0-52-1",32.6,4,4.0,"Iftikhar to Kohli, FOUR runs  .guided away fine of short third. Afridi chases hard in vain. Rahul and Kohli are turning up  .the tempo in Colombo",Iftikhar,Kohli,4.0,1,0,1,1,4.0,0,,1
"33.1 
1 
Faheem to Rahul, 1 run 
Welcome back, KL Rahul. He marks his return with a fine half-century. On a length and 
outside off, guided through the covers. A hug from Kohli is also part of the celebrations 
See all photos",33.1,1,1.0,"Faheem to Rahul, 1 run  .Welcome back, KL Rahul. He marks his return with a fine half-century. On a length and  .outside off, guided through the covers. A hug from Kohli is also part of the celebrations  .See all photos",Faheem,Rahul,1.0,0,0,1,1,1.0,0,,1
"33.2 
• 
Faheem to Kohli, no run 
Kohli runs down the track. Faheem drags his length back and has him defensively 
guiding it to point",33.2,0,0.0,"Faheem to Kohli, no run  .Kohli runs down the track. Faheem drags his length back and has him defensively  .guiding it to point",Faheem,Kohli,0.0,0,0,1,1,0.0,0,,0
"33.3 
4 
Faheem to Kohli, FOUR runs 
slapped up and over point. Short and wide of off, Kohli reaches out for the ball and slaps 
it over Shadab, I think",33.3,4,4.0,"Faheem to Kohli, FOUR runs  .slapped up and over point. Short and wide of off, Kohli reaches out for the ball and slaps  .it over Shadab, I think",Faheem,Kohli,4.0,1,0,1,1,4.0,0,,1
"33.4 
1 
Faheem to Kohli, 1 run 
nip-backer from Faheem, much fuller, inside-edged onto the back pad",33.4,1,1.0,"Faheem to Kohli, 1 run  .nip-backer from Faheem, much fuller, inside-edged onto the back pad",Faheem,Kohli,1.0,0,0,1,1,1.0,0,,1
"33.5 
1 
Faheem to Rahul, 1 run 
Rahul gets on top of a short ball outside off and chops it away to the off-side sweeper",33.5,1,1.0,"Faheem to Rahul, 1 run  .Rahul gets on top of a short ball outside off and chops it away to the off-side sweeper",Faheem,Rahul,1.0,0,0,1,1,1.0,0,,1
"33.6 
• 
Faheem to Kohli, no run 
back of a length and angling into off stump, knocked away to short midwicket. Rahul 
sends Kohli back 
end of over 347 runs  
IND: 211/2CRR: 6.20  
Virat Kohli38 (42b 3x4) 
KL Rahul51 (61b 5x4 1x6) 
Faheem Ashraf 5-0-25-0 
Iftikhar Ahmed 3-0-26-0 
Shadab is back",33.6,0,0.0,"Faheem to Kohli, no run  .back of a length and angling into off stump, knocked away to short midwicket. Rahul  .sends Kohli back",Faheem,Kohli,0.0,0,0,1,1,0.0,0,,0
"34.1 
4 
Shadab to Rahul, FOUR runs 
another terrific sweep from Rahul. He gets outside the line of the stumps, drops down 
to one knee and sweeps it flat and hard over square leg",34.1,4,4.0,"Shadab to Rahul, FOUR runs  .another terrific sweep from Rahul. He gets outside the line of the stumps, drops down  .to one knee and sweeps it flat and hard over square leg",Shadab,Rahul,4.0,1,0,1,1,4.0,0,,1
"34.2 
6 
Shadab to Rahul, SIX runs 
This is even better and bigger from Rahul. Shovelled over midwicket with the bottom 
wrist. He dashes out of the crease and swipes it away over the leg side against the 
break.",34.2,6,6.0,"Shadab to Rahul, SIX runs  .This is even better and bigger from Rahul. Shovelled over midwicket with the bottom  .wrist. He dashes out of the crease and swipes it away over the leg side against the  .break.",Shadab,Rahul,6.0,0,1,1,1,6.0,0,,1
"34.3 
1 
Shadab to Rahul, 1 run 
drilled away along the ground to sweeper cover",34.3,1,1.0,"Shadab to Rahul, 1 run  .drilled away along the ground to sweeper cover",Shadab,Rahul,1.0,0,0,1,1,1.0,0,,1
"34.4 
1 
Shadab to Kohli, 1 run 
slider on middle and leg, Kohli finds a single to long-on",34.4,1,1.0,"Shadab to Kohli, 1 run  .slider on middle and leg, Kohli finds a single to long-on",Shadab,Kohli,1.0,0,0,1,1,1.0,0,,1
"34.5 
1 
Shadab to Rahul, 1 run 
dinked away fine of short third 
Ijaz: ""Rahul playing like how Mitchel March played after coming from injury bang bang 
cricket""",34.5,1,1.0,"Shadab to Rahul, 1 run  .dinked away fine of short third",Shadab,Rahul,1.0,0,0,1,1,1.0,0,,1
"34.6 
1 
Shadab to Kohli, 1 run 
seems like a wrong'un, shorter, Kohli picks it away through square leg 
end of over 3514 runs  
IND: 225/2CRR: 6.42  
Virat Kohli40 (44b 3x4) 
KL Rahul63 (65b 6x4 2x6) 
Shadab Khan 8-1-62-1 
Faheem Ashraf 5-0-25-0",34.6,1,1.0,"Shadab to Kohli, 1 run  .seems like a wrong'un, shorter, Kohli picks it away through square leg",Shadab,Kohli,1.0,0,0,1,1,1.0,0,,1
"35.1 
• 
Faheem to Kohli, no run 
on a length and outside off, driven firmly but straight to extra-cover",35.1,0,0.0,"Faheem to Kohli, no run  .on a length and outside off, driven firmly but straight to extra-cover",Faheem,Kohli,0.0,0,0,1,1,0.0,0,,0
"35.2 
1 
Faheem to Kohli, 1 run 
shortish and outside off, possibly a cutter, the batter waits on it, then chops it away to 
the right of the keeper",35.2,1,1.0,"Faheem to Kohli, 1 run  .shortish and outside off, possibly a cutter, the batter waits on it, then chops it away to  .the right of the keeper",Faheem,Kohli,1.0,0,0,1,1,1.0,0,,1
"35.3 
1 
Faheem to Rahul, 1 run 
short and tries to hide it away from the reach of Rahul. The batter meets with it and 
slashes it away to sweeper cover",35.3,1,1.0,"Faheem to Rahul, 1 run  .short and tries to hide it away from the reach of Rahul. The batter meets with it and  .slashes it away to sweeper cover",Faheem,Rahul,1.0,0,0,1,1,1.0,0,,1
"35.4 
• 
Faheem to Kohli, no run 
down the track and punched hard to extra-cover 
Umair: ""Rahul kind of had no choice IMO. He had to play a good innings to stay in 
contention with Iyer looking good in the previous Pak game. Maybe it freed him up a bit 
to play fearless.""",35.4,0,0.0,"Faheem to Kohli, no run  .down the track and punched hard to extra-cover",Faheem,Kohli,0.0,0,0,1,1,0.0,0,,0
"35.5 
• 
Faheem to Kohli, no run 
pitched up and holds its line outside off, laced away to extra-cover",35.5,0,0.0,"Faheem to Kohli, no run  .pitched up and holds its line outside off, laced away to extra-cover",Faheem,Kohli,0.0,0,0,1,1,0.0,0,,0
"35.6 
1 
Faheem to Kohli, 1 run 
shorter and outside off, Kohli slaps it away to deep cover to close out the over 
end of over 363 runs  
IND: 228/2CRR: 6.33  
Virat Kohli42 (49b 3x4) 
KL Rahul64 (66b 6x4 2x6) 
Faheem Ashraf 6-0-28-0 
Shadab Khan 8-1-62-1",35.6,1,1.0,"Faheem to Kohli, 1 run  .shorter and outside off, Kohli slaps it away to deep cover to close out the over",Faheem,Kohli,1.0,0,0,1,1,1.0,0,,1
"36.1 
1 
Shadab to Kohli, 1 run 
down the track and heaved to long-on off the inside half",36.1,1,1.0,"Shadab to Kohli, 1 run  .down the track and heaved to long-on off the inside half",Shadab,Kohli,1.0,0,0,1,1,1.0,0,,1
"36.2 
1 
Shadab to Rahul, 1 run 
pushed through outside off and breaks away, jabbed away to sweeper cover 
Saksham: ""No. You cannot keep Bumrah on the field for 100 overs across less than 24 
hours. It would make sense to play Prasidh and Shami in place of Siraj and Bumrah vs 
SL tomorrow. They are proven frontline bowlers themselves!""",36.2,1,1.0,"Shadab to Rahul, 1 run  .pushed through outside off and breaks away, jabbed away to sweeper cover",Shadab,Rahul,1.0,0,0,1,1,1.0,0,,1
"36.3 
• 
Shadab to Kohli, no run 
pushed to short cover on the front foot",36.3,0,0.0,"Shadab to Kohli, no run  .pushed to short cover on the front foot",Shadab,Kohli,0.0,0,0,1,1,0.0,0,,0
"36.4 
1 
Shadab to Kohli, 1 run 
darted shorter and turns away outside off, Kohli chops on the back foot to sweeper 
cover",36.4,1,1.0,"Shadab to Kohli, 1 run  .darted shorter and turns away outside off, Kohli chops on the back foot to sweeper  .cover",Shadab,Kohli,1.0,0,0,1,1,1.0,0,,1
"36.5 
• 
Shadab to Rahul, no run 
skidding into middle and leg, 87ks, stabbed back to Shadab",36.5,0,0.0,"Shadab to Rahul, no run  .skidding into middle and leg, 87ks, stabbed back to Shadab",Shadab,Rahul,0.0,0,0,1,1,0.0,0,,0
"36.6 
• 
Shadab to Rahul, no run 
down the track and worked more or less straight to midwicket 
Sreshth will be back with you 
end of over 373 runs  
IND: 231/2CRR: 6.24  
KL Rahul65 (69b 6x4 2x6) 
Virat Kohli44 (52b 3x4) 
Shadab Khan 9-1-65-1 
Faheem Ashraf 6-0-28-0 
Thanks, Deiva. Hi all, the groundstaff are moving around the boundary line again.",36.6,0,0.0,"Shadab to Rahul, no run  .down the track and worked more or less straight to midwicket  .Sreshth will be back with you",Shadab,Rahul,0.0,0,0,1,1,0.0,0,,0
"37.1 
4 
Faheem to Kohli, FOUR runs 
inside edge past leg stump! Faheem with a length ball around off. Kohli comes charging 
down for a slap through the off side. Fortunate, very fortunate",37.1,4,4.0,"Faheem to Kohli, FOUR runs  .inside edge past leg stump! Faheem with a length ball around off. Kohli comes charging  .down for a slap through the off side. Fortunate, very fortunate",Faheem,Kohli,4.0,1,0,1,1,4.0,0,,1
"37.2 
1 
Faheem to Kohli, 1 run 
length ball outside off and he chops this towards deep backward point for one",37.2,1,1.0,"Faheem to Kohli, 1 run  .length ball outside off and he chops this towards deep backward point for one",Faheem,Kohli,1.0,0,0,1,1,1.0,0,,1
"37.3 
• 
Faheem to Rahul, no run 
good length ball outside off. Rahul shapes up to cut but a bit of extra bounce this time. 
Through to Rizwan",37.3,0,0.0,"Faheem to Rahul, no run  .good length ball outside off. Rahul shapes up to cut but a bit of extra bounce this time.  .Through to Rizwan",Faheem,Rahul,0.0,0,0,1,1,0.0,0,,0
"37.4 
• 
Faheem to Rahul, no run",37.4,0,0.0,"Faheem to Rahul, no run",Faheem,Rahul,0.0,0,0,1,1,0.0,0,,0
"37.5 
• 
Faheem to Rahul, no run 
short and wide. Spongy bounce. Punched towards cover 
Bit of drizzle.",37.5,0,0.0,"Faheem to Rahul, no run  .short and wide. Spongy bounce. Punched towards cover  .Bit of drizzle.",Faheem,Rahul,0.0,0,0,1,1,0.0,0,,0
"37.6 
1 
Faheem to Rahul, 1 run 
good length ball outside off and cut through to deep point for a single. We'll take drinks 
now! 
end of over 386 runs  
IND: 237/2CRR: 6.23  
KL Rahul66 (73b 6x4 2x6) 
Virat Kohli49 (54b 4x4) 
Faheem Ashraf 7-0-34-0 
Shadab Khan 9-1-65-1",37.6,1,1.0,"Faheem to Rahul, 1 run  .good length ball outside off and cut through to deep point for a single. We'll take drinks  .now!",Faheem,Rahul,1.0,0,0,1,1,1.0,0,,1
"38.1 
• 
Shadab to Rahul, no run 
full outside off. Driven with the turn back",38.1,0,0.0,"Shadab to Rahul, no run  .full outside off. Driven with the turn back",Shadab,Rahul,0.0,0,0,1,1,0.0,0,,0
"38.2 
1 
Shadab to Rahul, 1 run 
god length ball outside off. Hangs back and pulls off the back foot to deep midwicket. 
Gets Virat on strike",38.2,1,1.0,"Shadab to Rahul, 1 run  .god length ball outside off. Hangs back and pulls off the back foot to deep midwicket.  .Gets Virat on strike",Shadab,Rahul,1.0,0,0,1,1,1.0,0,,1
"38.3 
1 
Shadab to Kohli, 1 run 
Half-century for Virat Kohli! His 66th in ODIs. Thumbs up towards Rahul before raising 
his bat to the crowd. Full around off and drilled to long on this time 
See all photos",38.3,1,1.0,"Shadab to Kohli, 1 run  .Half-century for Virat Kohli! His 66th in ODIs. Thumbs up towards Rahul before raising  .his bat to the crowd. Full around off and drilled to long on this time  .See all photos",Shadab,Kohli,1.0,0,0,1,1,1.0,0,,1
"38.4 
• 
Shadab to Rahul, no run 
full outside off. Tries the reverse paddle. Inside edge on the bounce to Rizwan. Rizwan 
throws the ball onto the stumps with Rahul overbalancing by mistake. But Rahul is safe.",38.4,0,0.0,"Shadab to Rahul, no run  .full outside off. Tries the reverse paddle. Inside edge on the bounce to Rizwan. Rizwan  .throws the ball onto the stumps with Rahul overbalancing by mistake. But Rahul is safe.",Shadab,Rahul,0.0,0,0,1,1,0.0,0,,0
"38.5 
• 
Shadab to Rahul, no run 
fullish ball outside off. Bit of extra bounce and Rahul cuts towards point. They want one 
but sharp fielding convinces them not to run",38.5,0,0.0,"Shadab to Rahul, no run  .fullish ball outside off. Bit of extra bounce and Rahul cuts towards point. They want one  .but sharp fielding convinces them not to run",Shadab,Rahul,0.0,0,0,1,1,0.0,0,,0
"38.6 
4 
Shadab to Rahul, FOUR runs 
full just outside off. Rahul moves off side and sweeps behind square. Quite fine, well 
placed, and that's six off the over! 
end of over 396 runs  
IND: 243/2CRR: 6.23  
KL Rahul71 (78b 7x4 2x6) 
Virat Kohli50 (55b 4x4) 
Shadab Khan 10-1-71-1 
Faheem Ashraf 7-0-34-0",38.6,4,4.0,"Shadab to Rahul, FOUR runs  .full just outside off. Rahul moves off side and sweeps behind square. Quite fine, well  .placed, and that's six off the over!",Shadab,Rahul,4.0,1,0,1,1,4.0,0,,1
"39.1 
4 
Faheem to Kohli, FOUR runs 
slot ball punished! Full ball outside off stump. Kohli hammers it over cover, with quick 
hands, sending it for four to start the over",39.1,4,4.0,"Faheem to Kohli, FOUR runs  .slot ball punished! Full ball outside off stump. Kohli hammers it over cover, with quick  .hands, sending it for four to start the over",Faheem,Kohli,4.0,1,0,1,1,4.0,0,,1
"39.2 
2 
Faheem to Kohli, 2 runs 
Faheem drops his length. Short ball outside off is slapped to deep point by Kohli coming 
down the track. Fakhar from the deep tries to effect a run out but Faheem can't collect 
properly at the bowler's end. Otherwise, Rahul was in big danger!",39.2,2,2.0,"Faheem to Kohli, 2 runs  .Faheem drops his length. Short ball outside off is slapped to deep point by Kohli coming  .down the track. Fakhar from the deep tries to effect a run out but Faheem can't collect  .properly at the bowler's end. Otherwise, Rahul was in big danger!",Faheem,Kohli,2.0,0,0,1,1,2.0,0,,1
"39.3 
1 
Faheem to Kohli, 1 run 
full ball on leg, and clipped to deep square leg 
Reminder, this is the last over of powerplay two.",39.3,1,1.0,"Faheem to Kohli, 1 run  .full ball on leg, and clipped to deep square leg  .Reminder, this is the last over of powerplay two.",Faheem,Kohli,1.0,0,0,1,1,1.0,0,,1
"39.4 
• 
Faheem to Rahul, no run 
full ball outside off stump. Rahul looks to hammer an inside out drive over cover. But 
misses out",39.4,0,0.0,"Faheem to Rahul, no run  .full ball outside off stump. Rahul looks to hammer an inside out drive over cover. But  .misses out",Faheem,Rahul,0.0,0,0,1,1,0.0,0,,0
"39.5 
• 
Faheem to Rahul, no run 
spongy bounce again. Good length ball, fourth-stump line. Pace off from Faheem and 
Rahul tries to club a pull across the line. Misses it altogether again. That's two strikes",39.5,0,0.0,"Faheem to Rahul, no run  .spongy bounce again. Good length ball, fourth-stump line. Pace off from Faheem and  .Rahul tries to club a pull across the line. Misses it altogether again. That's two strikes",Faheem,Rahul,0.0,0,0,1,1,0.0,0,,0
"39.6 
1 
Faheem to Rahul, 1 run 
width offered and slapped to the square fielder on the boundary on the off side. 
India crossed 250 in the previous over 
end of over 408 runs  
IND: 251/2CRR: 6.27  
KL Rahul72 (81b 7x4 2x6) 
Virat Kohli57 (58b 5x4) 
Faheem Ashraf 8-0-42-0 
Shadab Khan 10-1-71-1",39.6,1,1.0,"Faheem to Rahul, 1 run  .width offered and slapped to the square fielder on the boundary on the off side.  .India crossed 250 in the previous over",Faheem,Rahul,1.0,0,0,1,1,1.0,0,,1
"40.1 
1 
Iftikhar to Rahul, 1 run 
around the stumps. Length ball around off. Cuts off the back foot but can't clear the 
infield",40.1,1,1.0,"Iftikhar to Rahul, 1 run  .around the stumps. Length ball around off. Cuts off the back foot but can't clear the  .infield",Iftikhar,Rahul,1.0,0,0,1,1,1.0,0,,1
"40.2 
• 
Iftikhar to Kohli, no run 
full ball on off. Kohli comes down the track and smothers a shot to mid on",40.2,0,0.0,"Iftikhar to Kohli, no run  .full ball on off. Kohli comes down the track and smothers a shot to mid on",Iftikhar,Kohli,0.0,0,0,1,1,0.0,0,,0
"40.3 
1 
Iftikhar to Kohli, 1 run 
length around off and Kohli whips a shot off the back foot towards cow corner. Just two 
singles so far",40.3,1,1.0,"Iftikhar to Kohli, 1 run  .length around off and Kohli whips a shot off the back foot towards cow corner. Just two  .singles so far",Iftikhar,Kohli,1.0,0,0,1,1,1.0,0,,1
"40.4 
1 
Iftikhar to Rahul, 1 run 
works this down the V on the leg side for a single",40.4,1,1.0,"Iftikhar to Rahul, 1 run  .works this down the V on the leg side for a single",Iftikhar,Rahul,1.0,0,0,1,1,1.0,0,,1
"40.5 
1 
Iftikhar to Kohli, 1 run 
bit more bounce. Length ball around leg and Kohli flicks it uncomfortably to deep 
square leg after spotting that bounce.",40.5,1,1.0,"Iftikhar to Kohli, 1 run  .bit more bounce. Length ball around leg and Kohli flicks it uncomfortably to deep  .square leg after spotting that bounce.",Iftikhar,Kohli,1.0,0,0,1,1,1.0,0,,1
"40.6 
• 
Iftikhar to Rahul, no run 
fuller ball hit right back straight, and Iftikhar throws his body behind the ball to intercept 
end of over 414 runs  
IND: 255/2CRR: 6.21  
KL Rahul74 (84b 7x4 2x6) 
Virat Kohli59 (61b 5x4) 
Iftikhar Ahmed 4-0-30-0 
Faheem Ashraf 8-0-42-0 
Shaheen around the stumps.",40.6,0,0.0,"Iftikhar to Rahul, no run  .fuller ball hit right back straight, and Iftikhar throws his body behind the ball to intercept",Iftikhar,Rahul,0.0,0,0,1,1,0.0,0,,0
"41.1 
1 
Shaheen Shah Afridi to Kohli, 1 run 
full ball on off and Kohli tries to hammer it over wide long on, but mistimed. Falls in 
front of Faheem at long on",41.1,1,1.0,"Shaheen Shah Afridi to Kohli, 1 run  .full ball on off and Kohli tries to hammer it over wide long on, but mistimed. Falls in  .front of Faheem at long on",Shaheen Shah Afridi,Kohli,1.0,0,0,1,1,1.0,0,,1
"41.2 
• 
Shaheen Shah Afridi to Rahul, no run 
yorker length outside off. Reaches out and squirts a shot to point",41.2,0,0.0,"Shaheen Shah Afridi to Rahul, no run  .yorker length outside off. Reaches out and squirts a shot to point",Shaheen Shah Afridi,Rahul,0.0,0,0,1,1,0.0,0,,0
"41.3 
1 
Shaheen Shah Afridi to Rahul, 1 run 
yorker length again. Around off. Rahul digs it out to mid on after having cleared his front 
leg in search of a big shot",41.3,1,1.0,"Shaheen Shah Afridi to Rahul, 1 run  .yorker length again. Around off. Rahul digs it out to mid on after having cleared his front  .leg in search of a big shot",Shaheen Shah Afridi,Rahul,1.0,0,0,1,1,1.0,0,,1
"41.4 
2 
Shaheen Shah Afridi to Kohli, 2 runs 
Naseem does not pick up the skyer! Shaheen delivered a slow ball outside off and Kohli 
lost his shape trying to go inside out over cover. Ball flew off the edge and went high up 
in the direction of deep third, but Naseem doesn't commit wholly to the catch. Ball fell a 
few metres in front. Did he not spot it?",41.4,2,2.0,"Shaheen Shah Afridi to Kohli, 2 runs  .Naseem does not pick up the skyer! Shaheen delivered a slow ball outside off and Kohli  .lost his shape trying to go inside out over cover. Ball flew off the edge and went high up  .in the direction of deep third, but Naseem doesn't commit wholly to the catch. Ball fell a  .few metres in front. Did he not spot it?",Shaheen Shah Afridi,Kohli,2.0,0,0,1,1,2.0,0,,1
"41.5 
1 
Shaheen Shah Afridi to Kohli, 1 run 
length ball angling into his body and clipped to deep backward square leg",41.5,1,1.0,"Shaheen Shah Afridi to Kohli, 1 run  .length ball angling into his body and clipped to deep backward square leg",Shaheen Shah Afridi,Kohli,1.0,0,0,1,1,1.0,0,,1
"41.6 
4 
Shaheen Shah Afridi to Rahul, FOUR runs 
scythed past backward point for four! Shaheen goes length, and offers significant width 
too. That's all KL Rahul needs after having batted 86 balls. Drilled for four 
end of over 429 runs  
IND: 264/2CRR: 6.28  
KL Rahul79 (87b 8x4 2x6) 
Virat Kohli63 (64b 5x4) 
Shaheen Shah Afridi 8-0-61-1 
Iftikhar Ahmed 4-0-30-0",41.6,4,4.0,"Shaheen Shah Afridi to Rahul, FOUR runs  .scythed past backward point for four! Shaheen goes length, and offers significant width  .too. That's all KL Rahul needs after having batted 86 balls. Drilled for four",Shaheen Shah Afridi,Rahul,4.0,1,0,1,1,4.0,0,,1
"42.1 
6 
Iftikhar to Kohli, SIX runs 
going, going, gone! Fullish ball around off but Kohli charges down the track to get 
closer to the pitch, before flicking a middled shot over cow corner. Just beyond the 
ropes. That's got the DJ playing Chak de India",42.1,6,6.0,"Iftikhar to Kohli, SIX runs  .going, going, gone! Fullish ball around off but Kohli charges down the track to get  .closer to the pitch, before flicking a middled shot over cow corner. Just beyond the  .ropes. That's got the DJ playing Chak de India",Iftikhar,Kohli,6.0,0,1,1,1,6.0,0,,1
"42.2 
2 
Iftikhar to Kohli, 2 runs 
full ball just outside off. Dug out towards square leg where there's nobody, and Kohli 
has enough time to scurry back for the second",42.2,2,2.0,"Iftikhar to Kohli, 2 runs  .full ball just outside off. Dug out towards square leg where there's nobody, and Kohli  .has enough time to scurry back for the second",Iftikhar,Kohli,2.0,0,0,1,1,2.0,0,,1
"42.3 
4 
Iftikhar to Kohli, FOUR runs 
12 off three balls! Iftikhar bowls length on leg. Kohli rocks way deep in his crease 
before flicking it square through the leg side. Whipped it with a little extra power to 
generate the pace off the spinner, and the shot beats diving deep midwicket!",42.3,4,4.0,"Iftikhar to Kohli, FOUR runs  .12 off three balls! Iftikhar bowls length on leg. Kohli rocks way deep in his crease  .before flicking it square through the leg side. Whipped it with a little extra power to  .generate the pace off the spinner, and the shot beats diving deep midwicket!",Iftikhar,Kohli,4.0,1,0,1,1,4.0,0,,1
"42.4 
1 
Iftikhar to Kohli, 1 run 
full ball on leg. Raises the back leg and whips a trademark flick to deep midwicket",42.4,1,1.0,"Iftikhar to Kohli, 1 run  .full ball on leg. Raises the back leg and whips a trademark flick to deep midwicket",Iftikhar,Kohli,1.0,0,0,1,1,1.0,0,,1
"42.5 
2 
Iftikhar to Rahul, 2 runs 
Kohli wants two, Kohli will get two. Rahul hits this down the ground to long on but Kohli 
running to the danger end says that the second run is on",42.5,2,2.0,"Iftikhar to Rahul, 2 runs  .Kohli wants two, Kohli will get two. Rahul hits this down the ground to long on but Kohli  .running to the danger end says that the second run is on",Iftikhar,Rahul,2.0,0,0,1,1,2.0,0,,1
"42.6 
1 
Iftikhar to Rahul, 1 run 
nudges this to wide long on for a single. 16 off the over! Is that the last of Iftikhar for 
today? 
Amiya: ""Yesterday someone mentioned that it's no 2000's and u don't need ur batters to 
bowl . Well today's a prime example of what if one of ur main bowler is injured . U 
should have atleast 2 batters who could bowl some decent spin/pace to cover up those 
overs . This is where Aus is such a better team . They have atleast 4 bowling options to 
cover up for their bowlers."" 
end of over 4316 runs  
IND: 280/2CRR: 6.51  
KL Rahul82 (89b 8x4 2x6) 
Virat Kohli76 (68b 6x4 1x6) 
Iftikhar Ahmed 5-0-46-0 
Shaheen Shah Afridi 8-0-61-1",42.6,1,1.0,"Iftikhar to Rahul, 1 run  .nudges this to wide long on for a single. 16 off the over! Is that the last of Iftikhar for  .today?",Iftikhar,Rahul,1.0,0,0,1,1,1.0,0,,1
"43.1 
1 
Naseem Shah to Rahul, 1 run 
good length ball around off and he manages to push a shot to cover's left for a single",43.1,1,1.0,"Naseem Shah to Rahul, 1 run  .good length ball around off and he manages to push a shot to cover's left for a single",Naseem Shah,Rahul,1.0,0,0,1,1,1.0,0,,1
"43.2 
1 
Naseem Shah to Kohli, 1 run 
Naseem rolls his fingers over the ball. Ends up bowling a length ball outside off. Kohli 
comes charging down and tries to cut in front of square, but he's through the shot too 
early. Toe ends it, and very nearly at a catchable height for Naseem at his left!",43.2,1,1.0,"Naseem Shah to Kohli, 1 run  .Naseem rolls his fingers over the ball. Ends up bowling a length ball outside off. Kohli  .comes charging down and tries to cut in front of square, but he's through the shot too  .early. Toe ends it, and very nearly at a catchable height for Naseem at his left!",Naseem Shah,Kohli,1.0,0,0,1,1,1.0,0,,1
"43.3 
• 
Naseem Shah to Rahul, no run 
Rahul finds air while swinging across the line. Another pace-off ball, good length around 
off",43.3,0,0.0,"Naseem Shah to Rahul, no run  .Rahul finds air while swinging across the line. Another pace-off ball, good length around  .off",Naseem Shah,Rahul,0.0,0,0,1,1,0.0,0,,0
"43.4 
1 
Naseem Shah to Rahul, 1 run 
short ball angling into off stump. Rahul drags a pull to deep midwicket for a single",43.4,1,1.0,"Naseem Shah to Rahul, 1 run  .short ball angling into off stump. Rahul drags a pull to deep midwicket for a single",Naseem Shah,Rahul,1.0,0,0,1,1,1.0,0,,1
"43.5 
2 
Naseem Shah to Kohli, 2 runs 
length ball angling into Kohli. He checks a pull towards cow corner, but the throw from 
the fielder is a direct-hit at the keeper's end. Allows them an overthrow run",43.5,2,2.0,"Naseem Shah to Kohli, 2 runs  .length ball angling into Kohli. He checks a pull towards cow corner, but the throw from  .the fielder is a direct-hit at the keeper's end. Allows them an overthrow run",Naseem Shah,Kohli,2.0,0,0,1,1,2.0,0,,1
"43.6 
1 
Naseem Shah to Kohli, 1 run 
full ball outside off. Tapped past Rahul to long on for a walking single 
Stat alert: This is only the fourth time each of India's top four scored 50-plus runs in a 
men's ODI, and the first since the 2017 CT game vs Pakistan. 
end of over 446 runs  
IND: 286/2CRR: 6.50  
Virat Kohli80 (71b 6x4 1x6) 
KL Rahul84 (92b 8x4 2x6) 
Naseem Shah 8-1-39-0 
Iftikhar Ahmed 5-0-46-0",43.6,1,1.0,"Naseem Shah to Kohli, 1 run  .full ball outside off. Tapped past Rahul to long on for a walking single  .Stat alert: This is only the fourth time each of India's top four scored 50-plus runs in a  .men's ODI, and the first since the 2017 CT game vs Pakistan.",Naseem Shah,Kohli,1.0,0,0,1,1,1.0,0,,1
"44.1 
2 
Faheem to Kohli, 2 runs 
Fakhar stops a boundary! Kohli breaks his wrists while flicking this behind square, 
forcing the ball to go fine on the leg side. But Fakhar runs square from deep midwicket 
and throws his body across the grass to stop the four",44.1,2,2.0,"Faheem to Kohli, 2 runs  .Fakhar stops a boundary! Kohli breaks his wrists while flicking this behind square,  .forcing the ball to go fine on the leg side. But Fakhar runs square from deep midwicket  .and throws his body across the grass to stop the four",Faheem,Kohli,2.0,0,0,1,1,2.0,0,,1
"44.2 
1 
Faheem to Kohli, 1 run 
short length ball angling into Kohli. He charges down and drags a pull to deep 
midwicket for one",44.2,1,1.0,"Faheem to Kohli, 1 run  .short length ball angling into Kohli. He charges down and drags a pull to deep  .midwicket for one",Faheem,Kohli,1.0,0,0,1,1,1.0,0,,1
"44.3 
4 
Faheem to Rahul, FOUR runs 
after a few quiet deliveries, Rahul gets this away! Short and wide outside off. Rahul 
doesn't commit early, waits for the ball an extra quarter-second, and then flat-bats a 
slap over mid-off 
aziz Ahmed: ""Poor captainship by Babar Azm. I believe the coach gives him a bowling 
plan and he follow it strictly. """,44.3,4,4.0,"Faheem to Rahul, FOUR runs  .after a few quiet deliveries, Rahul gets this away! Short and wide outside off. Rahul  .doesn't commit early, waits for the ball an extra quarter-second, and then flat-bats a  .slap over mid-off",Faheem,Rahul,4.0,1,0,1,1,4.0,0,,1
"44.4 
2 
Faheem to Rahul, 2 runs 
yorker length attempted just outside off. Rahul tries to drive through the off side with 
the bat's open face. The ball flies off the face of the bat to Shahen at short third, and a 
misfield allows them to take two",44.4,2,2.0,"Faheem to Rahul, 2 runs  .yorker length attempted just outside off. Rahul tries to drive through the off side with  .the bat's open face. The ball flies off the face of the bat to Shahen at short third, and a  .misfield allows them to take two",Faheem,Rahul,2.0,0,0,1,1,2.0,0,,1
"44.5 
4 
Faheem to Rahul, FOUR runs 
moves to 94, and India are 299! Faheem bowls a line that is begging to be hit, and Rahul 
obliges. Short and wide outside off, and Rahul just had to ensure the cut was placed 
accurately. 
India with all the momentum. Haven't heard Dil, Dil, Pakistan in the stadium for a very 
long time. Instead, Vande Mataram now on",44.5,4,4.0,"Faheem to Rahul, FOUR runs  .moves to 94, and India are 299! Faheem bowls a line that is begging to be hit, and Rahul  .obliges. Short and wide outside off, and Rahul just had to ensure the cut was placed  .accurately.  .India with all the momentum. Haven't heard Dil, Dil, Pakistan in the stadium for a very  .long time. Instead, Vande Mataram now on",Faheem,Rahul,4.0,1,0,1,1,4.0,0,,1
"44.6 
1 
Faheem to Rahul, 1 run 
good length ball around off. Tapped to long on for a walking single.... and India have 
touched 300! 
Azim: ""@Aziz, When your one of the main bowler gets injured, you have to stick to the 
plan, that is what babar did, and Kohli and Rahul is doing good, bowlers cant do 
anything in that."" 
 
Shoaib: ""@aziz What do you think babar could've done better here? His main bowler is 
out of the match so he needs to cover that 5 overs which he does. Why always criticize 
your players"" 
end of over 4514 runs  
IND: 300/2CRR: 6.66  
KL Rahul95 (96b 10x4 2x6) 
Virat Kohli83 (73b 6x4 1x6) 
Faheem Ashraf 9-0-56-0 
Naseem Shah 8-1-39-0",44.6,1,1.0,"Faheem to Rahul, 1 run  .good length ball around off. Tapped to long on for a walking single.... and India have  .touched 300!",Faheem,Rahul,1.0,0,0,1,1,1.0,0,,1
"45.1 
1 
Shaheen Shah Afridi to Rahul, 1 run 
almost chopped on as Rahul tries to cut Shaheen, but gets an inside edge instead. 
Shaheen starts the over coming around the stumps and delivering a length ball",45.1,1,1.0,"Shaheen Shah Afridi to Rahul, 1 run  .almost chopped on as Rahul tries to cut Shaheen, but gets an inside edge instead.  .Shaheen starts the over coming around the stumps and delivering a length ball",Shaheen Shah Afridi,Rahul,1.0,0,0,1,1,1.0,0,,1
"45.2 
2 
Shaheen Shah Afridi to Kohli, 2 runs 
fullish ball around off and middle. Kohli gently taps it to midwicket where there's acres 
of space! Two more to the total",45.2,2,2.0,"Shaheen Shah Afridi to Kohli, 2 runs  .fullish ball around off and middle. Kohli gently taps it to midwicket where there's acres  .of space! Two more to the total",Shaheen Shah Afridi,Kohli,2.0,0,0,1,1,2.0,0,,1
"45.3 
• 
Shaheen Shah Afridi to Kohli, no run 
a rare dot. Kohli charges down the ground from outside leg stump. Shaheen follows 
him, trying to cramp him, and does so successfully because the batter misses the flick. 
Through to Rizwan 
Nasir Hussain : ""People from Pakistan will again start to blame Babar for poor 
captaincy. The truth is India had to have a quick start considering the chance of rain, 
fortunately they got a good start. It was easier to capitalise on that after a good rest. 
Hard luck that Haris got injured""",45.3,0,0.0,"Shaheen Shah Afridi to Kohli, no run  .a rare dot. Kohli charges down the ground from outside leg stump. Shaheen follows  .him, trying to cramp him, and does so successfully because the batter misses the flick.  .Through to Rizwan",Shaheen Shah Afridi,Kohli,0.0,0,0,1,1,0.0,0,,0
"45.4 
1 
Shaheen Shah Afridi to Kohli, 1 run 
good length ball outside off. Kohli tries to drag a shot over the leg side but gets a 
bottom-edge past leg stump for a single",45.4,1,1.0,"Shaheen Shah Afridi to Kohli, 1 run  .good length ball outside off. Kohli tries to drag a shot over the leg side but gets a  .bottom-edge past leg stump for a single",Shaheen Shah Afridi,Kohli,1.0,0,0,1,1,1.0,0,,1
"45.5 
1 
Shaheen Shah Afridi to Rahul, 1 run 
full ball on middle, and clipped to deep square leg",45.5,1,1.0,"Shaheen Shah Afridi to Rahul, 1 run  .full ball on middle, and clipped to deep square leg",Shaheen Shah Afridi,Rahul,1.0,0,0,1,1,1.0,0,,1
"45.6 
2 
Shaheen Shah Afridi to Kohli, 2 runs 
good length ball around off stump, and nurdled off his pads to midwicket for two more. 
Kohli now on 88, and Rahul taking strike next over on 97 
end of over 467 runs  
IND: 307/2CRR: 6.67  
Virat Kohli88 (77b 6x4 1x6) 
KL Rahul97 (98b 10x4 2x6) 
Shaheen Shah Afridi 9-0-68-1 
Faheem Ashraf 9-0-56-0 
Naseem.",45.6,2,2.0,"Shaheen Shah Afridi to Kohli, 2 runs  .good length ball around off stump, and nurdled off his pads to midwicket for two more.  .Kohli now on 88, and Rahul taking strike next over on 97",Shaheen Shah Afridi,Kohli,2.0,0,0,1,1,2.0,0,,1
"46.1 
1 
Naseem Shah to Rahul, 1 run 
full ball angling into middle. Worked off his pads to deep midwicket for a single",46.1,1,1.0,"Naseem Shah to Rahul, 1 run  .full ball angling into middle. Worked off his pads to deep midwicket for a single",Naseem Shah,Rahul,1.0,0,0,1,1,1.0,0,,1
"46.2 
• 
Naseem Shah to Kohli, no run 
good length ball, full pace outside off stump. Kohli tries to use the bottom hand to loft a 
shot over extra cover. But misses out altogether",46.2,0,0.0,"Naseem Shah to Kohli, no run  .good length ball, full pace outside off stump. Kohli tries to use the bottom hand to loft a  .shot over extra cover. But misses out altogether",Naseem Shah,Kohli,0.0,0,0,1,1,0.0,0,,0
"46.3 
2 
Naseem Shah to Kohli, 2 runs 
into the nineties... With a gentle guide off his pads to the acres of space near square 
leg. The fielders on the leg side are all on the boundary line, allowing Kohli a no-risk two",46.3,2,2.0,"Naseem Shah to Kohli, 2 runs  .into the nineties... With a gentle guide off his pads to the acres of space near square  .leg. The fielders on the leg side are all on the boundary line, allowing Kohli a no-risk two",Naseem Shah,Kohli,2.0,0,0,1,1,2.0,0,,1
"46.4 
6 
Naseem Shah to Kohli, SIX runs 
from 90.... to 96! And this is very nearly like Kohli hitting Haris for six in Melbourne. 
Good length ball around off. Kohli keeps a steady base, waits for the ball to get to him, 
and then swats a six over long on!",46.4,6,6.0,"Naseem Shah to Kohli, SIX runs  .from 90.... to 96! And this is very nearly like Kohli hitting Haris for six in Melbourne.  .Good length ball around off. Kohli keeps a steady base, waits for the ball to get to him,  .and then swats a six over long on!",Naseem Shah,Kohli,6.0,0,1,1,1,6.0,0,,1
"46.5 
1 
Naseem Shah to Kohli, 1 run 
yorker length just outside off. Dug away to mid off's left for a single. Kohli not happy 
with that shot. He felt he should've pierced the gap between cover and mid off",46.5,1,1.0,"Naseem Shah to Kohli, 1 run  .yorker length just outside off. Dug away to mid off's left for a single. Kohli not happy  .with that shot. He felt he should've pierced the gap between cover and mid off",Naseem Shah,Kohli,1.0,0,0,1,1,1.0,0,,1
"46.6 
2 
Naseem Shah to Rahul, 2 runs 
a hundred on his return to the India team! His entry into the XI may have been with 
some luck, but he has capitalised and how! What a match to get it, and he celebrates by 
taking his helmet off, closing his eyes, and putting his bat high up in the air. Got to the 
mark by clipping a full ball to wide long on, and then ran across hard for the second. 
Kohli equally delighted 
See all photos 
end of over 4712 runs  
IND: 319/2CRR: 6.78  
KL Rahul100 (100b 10x4 2x6) 
Virat Kohli97 (81b 6x4 2x6) 
Naseem Shah 9-1-51-0 
Shaheen Shah Afridi 9-0-68-1 
Partnership now 196 in 175 balls. And Virat Kohli is one run away from 13000 ODI runs. 
Three away from international century number 77. Shaheen to bowl his final over.",46.6,2,2.0,"Naseem Shah to Rahul, 2 runs  .a hundred on his return to the India team! His entry into the XI may have been with  .some luck, but he has capitalised and how! What a match to get it, and he celebrates by  .taking his helmet off, closing his eyes, and putting his bat high up in the air. Got to the  .mark by clipping a full ball to wide long on, and then ran across hard for the second.  .Kohli equally delighted  .See all photos",Naseem Shah,Rahul,2.0,0,0,1,1,2.0,0,,1
"47.1 
• 
Shaheen Shah Afridi to Kohli, no run 
good length ball outside off stump. Worked away to point with the bat's open face",47.1,0,0.0,"Shaheen Shah Afridi to Kohli, no run  .good length ball outside off stump. Worked away to point with the bat's open face",Shaheen Shah Afridi,Kohli,0.0,0,0,1,1,0.0,0,,0
"47.2 
2 
Shaheen Shah Afridi to Kohli, 2 runs 
short of length ball angling into the leg side. Pulled to deep backward square leg. And 
Virat is on 99! 
Stat alert: Virat Kohli becomes the fifth man to 13000 ODI runs. Fastest to get there in 
terms of innings. And the list contains some absolute legends.",47.2,2,2.0,"Shaheen Shah Afridi to Kohli, 2 runs  .short of length ball angling into the leg side. Pulled to deep backward square leg. And  .Virat is on 99!  .Stat alert: Virat Kohli becomes the fifth man to 13000 ODI runs. Fastest to get there in  .terms of innings. And the list contains some absolute legends.",Shaheen Shah Afridi,Kohli,2.0,0,0,1,1,2.0,0,,1
"47.3 
1 
Shaheen Shah Afridi to Kohli, 1 run 
pumps his fists in the air, raises both hands up, and soaks in the moment! A gentle tap 
and run after knocking the ball to the off side and he coolly reaches his 47th ODI 
hundred and 77th overall. 
Previous 
Next 
See all photos",47.3,1,1.0,"Shaheen Shah Afridi to Kohli, 1 run  .pumps his fists in the air, raises both hands up, and soaks in the moment! A gentle tap  .and run after knocking the ball to the off side and he coolly reaches his 47th ODI  .hundred and 77th overall.  .Previous  .Next  .See all photos",Shaheen Shah Afridi,Kohli,1.0,0,0,1,1,1.0,0,,1
"47.4 
4 
Shaheen Shah Afridi to Rahul, FOUR runs 
swatted away. And now that's the 200-run stand. Full ball outside off. Shaheen losing 
his fizz and Rahul simply smacks it towards wide long off for four more",47.4,4,4.0,"Shaheen Shah Afridi to Rahul, FOUR runs  .swatted away. And now that's the 200-run stand. Full ball outside off. Shaheen losing  .his fizz and Rahul simply smacks it towards wide long off for four more",Shaheen Shah Afridi,Rahul,4.0,1,0,1,1,4.0,0,,1
"47.5 
4 
Shaheen Shah Afridi to Rahul, FOUR runs 
KL-assy! Yorker length just outside off. But Rahul was expecting that, and so he moved 
to the off side before playing a paddle sweep very fine. Beats the diving short fine leg 
fielder too",47.5,4,4.0,"Shaheen Shah Afridi to Rahul, FOUR runs  .KL-assy! Yorker length just outside off. But Rahul was expecting that, and so he moved  .to the off side before playing a paddle sweep very fine. Beats the diving short fine leg  .fielder too",Shaheen Shah Afridi,Rahul,4.0,1,0,1,1,4.0,0,,1
"47.6 
• 
Shaheen Shah Afridi to Rahul, no run 
Shaheen finishes with 1-79 Full ball outside off and cut to point. Rahul struck it well but 
straight to the fielder 
end of over 4811 runs  
IND: 330/2CRR: 6.87  
KL Rahul108 (103b 12x4 2x6) 
Virat Kohli100 (84b 6x4 2x6) 
Shaheen Shah Afridi 10-0-79-1 
Naseem Shah 9-1-51-0",47.6,0,0.0,"Shaheen Shah Afridi to Rahul, no run  .Shaheen finishes with 1-79 Full ball outside off and cut to point. Rahul struck it well but  .straight to the fielder",Shaheen Shah Afridi,Rahul,0.0,0,0,1,1,0.0,0,,0
"48.1 
• 
Naseem Shah to Kohli, no run 
slower ball bouncer, and this goes over Kohli's helmet after he misses the pull. Was 
through the shot too early. Well disguised 
Gul Raiz: ""Hello Rain, we need you in colombo right now.""",48.1,0,0.0,"Naseem Shah to Kohli, no run  .slower ball bouncer, and this goes over Kohli's helmet after he misses the pull. Was  .through the shot too early. Well disguised",Naseem Shah,Kohli,0.0,0,0,1,1,0.0,0,,0
"48.2 
2 
Naseem Shah to Kohli, 2 runs 
good length ball outside off. Kohli stands tall and slaps a shot over cover. In the air but 
lands safe. Deep extra cover cleans up 
Kohli is only two ODI centuries away from Tendulkar. Wow! And Naseem Shah is going 
off the field holding his palm/wrist. Iftikhar will bowl now",48.2,2,2.0,"Naseem Shah to Kohli, 2 runs  .good length ball outside off. Kohli stands tall and slaps a shot over cover. In the air but  .lands safe. Deep extra cover cleans up  .Kohli is only two ODI centuries away from Tendulkar. Wow! And Naseem Shah is going  .off the field holding his palm/wrist. Iftikhar will bowl now",Naseem Shah,Kohli,2.0,0,0,1,1,2.0,0,,1
"48.3 
1 
Iftikhar to Kohli, 1 run 
overpitched around off and struck down the ground for one 
3* - Rohit Sharma, Birmingham 
3 - Quinton de Kock, Centurion 
3 - Sanath Jayasuirya, Sydney 
3 - Saeed Anwar, Sharjah 
3 - Zaheer Abbas, Lahore 
4* - VIRAT KOHLI, Colombo RPS 
4 - Hashim Amla, Centurion 
Consecutive hundreds at a venue in ODIs",48.3,1,1.0,"Iftikhar to Kohli, 1 run  .overpitched around off and struck down the ground for one  .3* - Rohit Sharma, Birmingham  .3 - Quinton de Kock, Centurion  .3 - Sanath Jayasuirya, Sydney  .3 - Saeed Anwar, Sharjah  .3 - Zaheer Abbas, Lahore  .4* - VIRAT KOHLI, Colombo RPS  .4 - Hashim Amla, Centurion  .Consecutive hundreds at a venue in ODIs",Iftikhar,Kohli,1.0,0,0,1,1,1.0,0,,1
"48.4 
1 
Iftikhar to Rahul, 1 run 
the umpire is lucky that the bowler got his hand to it! Rahul came down the ground and 
absolutely clubbed a shot straight. But Iftikhar stuck a hand out to catch, and the ball 
ricochets away upon impact. Had Iftikhar not got a hand, then umpire Palliyaguruge was 
in trouble.",48.4,1,1.0,"Iftikhar to Rahul, 1 run  .the umpire is lucky that the bowler got his hand to it! Rahul came down the ground and  .absolutely clubbed a shot straight. But Iftikhar stuck a hand out to catch, and the ball  .ricochets away upon impact. Had Iftikhar not got a hand, then umpire Palliyaguruge was  .in trouble.",Iftikhar,Rahul,1.0,0,0,1,1,1.0,0,,1
"48.5 
4 
Iftikhar to Kohli, FOUR runs 
finds the gap! Uses his wrists to beautifully flick it between deep backward square leg 
and deep midwicket. Both outfielders beaten with relative ease",48.5,4,4.0,"Iftikhar to Kohli, FOUR runs  .finds the gap! Uses his wrists to beautifully flick it between deep backward square leg  .and deep midwicket. Both outfielders beaten with relative ease",Iftikhar,Kohli,4.0,1,0,1,1,4.0,0,,1
"48.6 
• 
Iftikhar to Kohli, no run 
slot ball around middle and Kohli creams a shot straight back but Iftikhar puts his body 
behind the line of the ball. Manages to intercept. 
end of over 498 runs  
IND: 338/2CRR: 6.89  
Virat Kohli107 (89b 7x4 2x6) 
KL Rahul109 (104b 12x4 2x6) 
Iftikhar Ahmed",48.6,0,0.0,"Iftikhar to Kohli, no run  .slot ball around middle and Kohli creams a shot straight back but Iftikhar puts his body  .behind the line of the ball. Manages to intercept.",Iftikhar,Kohli,0.0,0,0,1,1,0.0,0,,0
"49.1 
1 
Faheem to Rahul, 1 run 
fullish ball outside off. Rahul changes his grip and tries to reverse-flick it over 
conventional short third. But toe-ends the shot. 
This is India's highest partnership in Asia Cups - 216*",49.1,1,1.0,"Faheem to Rahul, 1 run  .fullish ball outside off. Rahul changes his grip and tries to reverse-flick it over  .conventional short third. But toe-ends the shot.  .This is India's highest partnership in Asia Cups - 216*",Faheem,Rahul,1.0,0,0,1,1,1.0,0,,1
"49.2 
1 
Faheem to Kohli, 1 run 
dipping yorker around off. All Kohli can do is dig it out. To long on 
MAB: ""I seriously want this match to be completed to see how Pakistani batting will 
counter this target in an overcast conditions.""",49.2,1,1.0,"Faheem to Kohli, 1 run  .dipping yorker around off. All Kohli can do is dig it out. To long on",Faheem,Kohli,1.0,0,0,1,1,1.0,0,,1
"49.3 
1 
Faheem to Rahul, 1 run 
short ball, wide outside off. Rahul drags a pull in front of square. To wide long on.",49.3,1,1.0,"Faheem to Rahul, 1 run  .short ball, wide outside off. Rahul drags a pull in front of square. To wide long on.",Faheem,Rahul,1.0,0,0,1,1,1.0,0,,1
"49.4 
• 
Faheem to Kohli, no run 
pinpoint yorker landing at the base of his toes on middle stump. Kohli can't do much. 
Keeps the ball out, then bends down to pick it up. Gives Faheem a thumps up too in 
appreciation, I suppose. 
only three runs in four balls.",49.4,0,0.0,"Faheem to Kohli, no run  .pinpoint yorker landing at the base of his toes on middle stump. Kohli can't do much.  .Keeps the ball out, then bends down to pick it up. Gives Faheem a thumps up too in  .appreciation, I suppose.  .only three runs in four balls.",Faheem,Kohli,0.0,0,0,1,1,0.0,0,,0
"49.5 
5nb 
Faheem to Kohli, (no ball) FOUR runs 
innovative! Kohli moves off side to play a paddle over the leg side but spots the ball 
being outside off, and therefore he has to adjust. Gets back in position quickly and 
instead opens the bat's face. Guided past short third! Faheem has overstepped too",49.5,5nb,5.0,"Faheem to Kohli, (no ball) FOUR runs  .innovative! Kohli moves off side to play a paddle over the leg side but spots the ball  .being outside off, and therefore he has to adjust. Gets back in position quickly and  .instead opens the bat's face. Guided past short third! Faheem has overstepped too",Faheem,Kohli,4.0,0,0,1,0,5.0,0,,1
"49.5 
4 
Faheem to Kohli, FOUR runs 
punishes the free hit and India get to 350! Scythed over cover point. Fullish ball outside 
off and Kohli with the extension of his arms to send the ball over the off side",49.5,4,4.0,"Faheem to Kohli, FOUR runs  .punishes the free hit and India get to 350! Scythed over cover point. Fullish ball outside  .off and Kohli with the extension of his arms to send the ball over the off side",Faheem,Kohli,4.0,1,0,1,1,4.0,0,,1
"49.6 
6 
Faheem to Kohli, SIX runs 
blockbuster finish from the wizard! Four, four, and SIX to end the innings. Kohli walks 
down the track and Faheem obliges with a knee-high full toss. Kohli simply pumps it 
over long on and the crowd is ecstatic. Pakistan need 357 to win and India score 18 off 
the last over. 
See all photos 
6.39pm If you're a Pakistan fan, look away. India have pumped 209 runs in",49.6,6,6.0,"Faheem to Kohli, SIX runs  .blockbuster finish from the wizard! Four, four, and SIX to end the innings. Kohli walks  .down the track and Faheem obliges with a knee-high full toss. Kohli simply pumps it  .over long on and the crowd is ecstatic. Pakistan need 357 to win and India score 18 off  .the last over.  .See all photos",Faheem,Kohli,6.0,0,1,1,1,6.0,0,,1
