raw_data,overs,runs,team_runs,commentary,bowler,batsman,batsman_runs,batsman_fours,batsman_sixes,batsman_bowls_faced,bowler_bowls_done,bowler_runs_given,bowler_wickets,dismissal,runs_given_bool
"0.1 
• 
Osinde to Ouma, no run 
starts off very wide of off stump, back of a length and moving away further, left alone, 
not much bounce",0.1,0,0.0,"Osinde to Ouma, no run  .starts off very wide of off stump, back of a length and moving away further, left alone,  .not much bounce",Osinde,Ouma,0.0,0,0,1,1,0.0,0,,0
"0.2 
W 
Osinde to Ouma, OUT 
and right away, Osinde strikes, bowled it fuller this time and much closer to off stumps, 
Ouma looked to leave it tentatively, there was sharp away movement which took the 
outside edge even as he looked to pull his bat away, and the ball settled in the palms of 
second slip 
Morris Ouma c Baidwan b Osinde 0 (2b 0x4 0x6 2m) SR: 0 
Collins Obuya, who made a half-century against Sri Lanka, comes in",0.2,W,0.0,"Osinde to Ouma, OUT  .and right away, Osinde strikes, bowled it fuller this time and much closer to off stumps,  .Ouma looked to leave it tentatively, there was sharp away movement which took the  .outside edge even as he looked to pull his bat away, and the ball settled in the palms of  .second slip  .Morris Ouma c Baidwan b Osinde 0 (2b 0x4 0x6 2m) SR: 0",Osinde,Ouma,0.0,0,0,1,1,0.0,1,c Baidwan b Osinde,0
"0.3 
• 
Osinde to C Obuya, no run 
ooh, almost another one, it was on a length outside off stump again, straightened after 
pitching, Obuya went half-poking at it, but got nowhere near it",0.3,0,0.0,"Osinde to C Obuya, no run  .ooh, almost another one, it was on a length outside off stump again, straightened after  .pitching, Obuya went half-poking at it, but got nowhere near it",Osinde,C Obuya,0.0,0,0,1,1,0.0,0,,0
"0.4 
• 
Osinde to C Obuya, no run 
this one is wider outside off stump, and moving further away, left alone this time",0.4,0,0.0,"Osinde to C Obuya, no run  .this one is wider outside off stump, and moving further away, left alone this time",Osinde,C Obuya,0.0,0,0,1,1,0.0,0,,0
"0.5 
• 
Osinde to C Obuya, no run 
shortens the length a tad, and it goes away after pitching, he leaves it alone",0.5,0,0.0,"Osinde to C Obuya, no run  .shortens the length a tad, and it goes away after pitching, he leaves it alone",Osinde,C Obuya,0.0,0,0,1,1,0.0,0,,0
"0.6 
• 
Osinde to C Obuya, no run 
more away movement from close to off stump, not much bounce this time as it dies on 
its way to Bagai, Obuya pushed at it and was beaten 
end of over 1Wicket maiden 
KENYA: 0/1CRR: 0.00  
Collins Obuya0 (4b) 
Seren Waters0 (0b) 
Henry Osinde 1-1-0-1 
Baidwan from the other end",0.6,0,0.0,"Osinde to C Obuya, no run  .more away movement from close to off stump, not much bounce this time as it dies on  .its way to Bagai, Obuya pushed at it and was beaten",Osinde,C Obuya,0.0,0,0,1,1,0.0,0,,0
"1.1 
• 
Baidwan to Waters, no run 
bowls it very full on the stumps, he digs it out back to the bowler",1.1,0,0.0,"Baidwan to Waters, no run  .bowls it very full on the stumps, he digs it out back to the bowler",Baidwan,Waters,0.0,0,0,1,1,0.0,0,,0
"1.2 
• 
Baidwan to Waters, no run 
keeping it full around off stump, he gets forward and pushes it on the off side",1.2,0,0.0,"Baidwan to Waters, no run  .keeping it full around off stump, he gets forward and pushes it on the off side",Baidwan,Waters,0.0,0,0,1,1,0.0,0,,0
"1.3 
• 
Baidwan to Waters, no run 
he drops it shorter this time and gets it to move away wide outside off stump, left alone",1.3,0,0.0,"Baidwan to Waters, no run  .he drops it shorter this time and gets it to move away wide outside off stump, left alone",Baidwan,Waters,0.0,0,0,1,1,0.0,0,,0
"1.4 
• 
Baidwan to Waters, no run 
good delivery, makes Waters go searching for it, and moves away from his bat after 
pitching on a length close to off",1.4,0,0.0,"Baidwan to Waters, no run  .good delivery, makes Waters go searching for it, and moves away from his bat after  .pitching on a length close to off",Baidwan,Waters,0.0,0,0,1,1,0.0,0,,0
"1.5 
• 
Baidwan to Waters, no run 
again the low bounce in the wicket reveals itself, another one outside off goes low to 
Bagai, left alone",1.5,0,0.0,"Baidwan to Waters, no run  .again the low bounce in the wicket reveals itself, another one outside off goes low to  .Bagai, left alone",Baidwan,Waters,0.0,0,0,1,1,0.0,0,,0
"1.6 
• 
Baidwan to Waters, no run 
the two opening bowlers have been very consistent in their first overs, another one 
moves away from a length outside off, and is left alone 
end of over 2Maiden 
KENYA: 0/1CRR: 0.00  
Seren Waters0 (6b) 
Collins Obuya0 (4b) 
Harvir Baidwan 1-1-0-0 
Henry Osinde 1-1-0-1",1.6,0,0.0,"Baidwan to Waters, no run  .the two opening bowlers have been very consistent in their first overs, another one  .moves away from a length outside off, and is left alone",Baidwan,Waters,0.0,0,0,1,1,0.0,0,,0
"2.1 
1 
Osinde to C Obuya, 1 run 
Kenya are away, in the third over, it was wide and shortish outside off, he went for the 
cut but mistimed it, there was time though for a run as the ball went to the left of 
backward point",2.1,1,1.0,"Osinde to C Obuya, 1 run  .Kenya are away, in the third over, it was wide and shortish outside off, he went for the  .cut but mistimed it, there was time though for a run as the ball went to the left of  .backward point",Osinde,C Obuya,1.0,0,0,1,1,1.0,0,,1
"2.2 
1 
Osinde to Waters, 1 run 
this one comes in with the angle from a length, he remains in the crease and works it 
away in front of square leg",2.2,1,1.0,"Osinde to Waters, 1 run  .this one comes in with the angle from a length, he remains in the crease and works it  .away in front of square leg",Osinde,Waters,1.0,0,0,1,1,1.0,0,,1
"2.3 
• 
Osinde to C Obuya, no run 
making him push out at one that came in late from a length, it was very close to off 
stump, and just about missed the outside edge",2.3,0,0.0,"Osinde to C Obuya, no run  .making him push out at one that came in late from a length, it was very close to off  .stump, and just about missed the outside edge",Osinde,C Obuya,0.0,0,0,1,1,0.0,0,,0
"2.4 
• 
Osinde to C Obuya, no run 
more uncertain prodding outside off stump, he is caught on the crease, and is reaching 
out to the ones moving away outside off stump, beaten again",2.4,0,0.0,"Osinde to C Obuya, no run  .more uncertain prodding outside off stump, he is caught on the crease, and is reaching  .out to the ones moving away outside off stump, beaten again",Osinde,C Obuya,0.0,0,0,1,1,0.0,0,,0
"2.5 
• 
Osinde to C Obuya, no run 
gets a fuller one outside off stump, and looks to thump it down the ground, but 
mistimes it to mid on",2.5,0,0.0,"Osinde to C Obuya, no run  .gets a fuller one outside off stump, and looks to thump it down the ground, but  .mistimes it to mid on",Osinde,C Obuya,0.0,0,0,1,1,0.0,0,,0
"2.6 
1 
Osinde to C Obuya, 1 run 
the one that comes in with the angle, good stuff from Osinde, he gets an inside edge 
through square leg as he pushes at it from the crease 
end of over 33 runs  
KENYA: 3/1CRR: 1.00  
Collins Obuya2 (9b) 
Seren Waters1 (7b) 
Henry Osinde 2-1-3-1 
Harvir Baidwan 1-1-0-0 
Mark: ""I fear that even against Canada, Kenya's confidence is so low now that they may 
not remember how to win""",2.6,1,1.0,"Osinde to C Obuya, 1 run  .the one that comes in with the angle, good stuff from Osinde, he gets an inside edge  .through square leg as he pushes at it from the crease",Osinde,C Obuya,1.0,0,0,1,1,1.0,0,,1
"3.1 
• 
Baidwan to C Obuya, no run 
what is happening here? another play and miss outside off stump, it was just around a 
length, and he went looking for the drive without moving his feet, beaten again",3.1,0,0.0,"Baidwan to C Obuya, no run  .what is happening here? another play and miss outside off stump, it was just around a  .length, and he went looking for the drive without moving his feet, beaten again",Baidwan,C Obuya,0.0,0,0,1,1,0.0,0,,0
"3.2 
• 
Baidwan to C Obuya, no run 
lovely delivery, straightening outside off stump, drawing the batsman forward who 
pushes at it, it zips past the outside edge",3.2,0,0.0,"Baidwan to C Obuya, no run  .lovely delivery, straightening outside off stump, drawing the batsman forward who  .pushes at it, it zips past the outside edge",Baidwan,C Obuya,0.0,0,0,1,1,0.0,0,,0
"3.3 
• 
Baidwan to C Obuya, no run 
no movement on this one, comes straight on the stumps, blocked hurriedly",3.3,0,0.0,"Baidwan to C Obuya, no run  .no movement on this one, comes straight on the stumps, blocked hurriedly",Baidwan,C Obuya,0.0,0,0,1,1,0.0,0,,0
"3.4 
2 
Baidwan to C Obuya, 2 runs 
charges down the track this time, how long can one push and poke, gets it in front of 
square leg",3.4,2,2.0,"Baidwan to C Obuya, 2 runs  .charges down the track this time, how long can one push and poke, gets it in front of  .square leg",Baidwan,C Obuya,2.0,0,0,1,1,2.0,0,,1
"3.5 
1 
Baidwan to C Obuya, 1 run 
short and wide, he goes hard at it, and gets it down to third man",3.5,1,1.0,"Baidwan to C Obuya, 1 run  .short and wide, he goes hard at it, and gets it down to third man",Baidwan,C Obuya,1.0,0,0,1,1,1.0,0,,1
"3.6 
1 
Baidwan to Waters, 1 run 
opens the face of the bat to a length ball and runs it down to third man 
end of over 44 runs  
KENYA: 7/1CRR: 1.75  
Seren Waters2 (8b) 
Collins Obuya5 (14b) 
Harvir Baidwan 2-1-4-0 
Henry Osinde 2-1-3-1 
Our man from the ground Nagraj Gollapudi: ""firstly, i can't believe the press box is full for 
this contest. I can't imagine what would be scenes day after when india play.""",3.6,1,1.0,"Baidwan to Waters, 1 run  .opens the face of the bat to a length ball and runs it down to third man",Baidwan,Waters,1.0,0,0,1,1,1.0,0,,1
"4.1 
• 
Osinde to Waters, no run 
clipped away off the pads towards midwicket",4.1,0,0.0,"Osinde to Waters, no run  .clipped away off the pads towards midwicket",Osinde,Waters,0.0,0,0,1,1,0.0,0,,0
"4.2 
• 
Osinde to Waters, no run 
another mistimes shot, the ball came slowly off the pitch, he cut it hard in the ground 
and the ball rolled away to point",4.2,0,0.0,"Osinde to Waters, no run  .another mistimes shot, the ball came slowly off the pitch, he cut it hard in the ground  .and the ball rolled away to point",Osinde,Waters,0.0,0,0,1,1,0.0,0,,0
"4.3 
• 
Osinde to Waters, no run 
gets the timing on this one, cuts it off the back foot, but it is placed on the bounce to 
point",4.3,0,0.0,"Osinde to Waters, no run  .gets the timing on this one, cuts it off the back foot, but it is placed on the bounce to  .point",Osinde,Waters,0.0,0,0,1,1,0.0,0,,0
"4.4 
• 
Osinde to Waters, no run 
normal service resumes, one more play and miss, full and there for the drive, moves 
away slightly from the attempted one from Waters, and beats him",4.4,0,0.0,"Osinde to Waters, no run  .normal service resumes, one more play and miss, full and there for the drive, moves  .away slightly from the attempted one from Waters, and beats him",Osinde,Waters,0.0,0,0,1,1,0.0,0,,0
"4.5 
W 
Osinde to Waters, OUT 
and the one that comes in as a surprise delivery gets him, Osinde likes it, it was pitched 
fuller and went on with the angle, Waters was tentative in pushing forward with all that 
away movement, and pushed outside the line, the ball raced through the gap between 
bat and pad, off the back pad and on to off stump which was uprooted out of the 
ground 
Seren Waters b Osinde 2 (13b 0x4 0x6 22m) SR: 15.38 
David comes in for the Obuya & Obuya show. gully comes in",4.5,W,0.0,"Osinde to Waters, OUT  .and the one that comes in as a surprise delivery gets him, Osinde likes it, it was pitched  .fuller and went on with the angle, Waters was tentative in pushing forward with all that  .away movement, and pushed outside the line, the ball raced through the gap between  .bat and pad, off the back pad and on to off stump which was uprooted out of the  .ground  .Seren Waters b Osinde 2 (13b 0x4 0x6 22m) SR: 15.38",Osinde,Waters,0.0,0,0,1,1,0.0,1,b Osinde,0
"4.6 
• 
Osinde to Obuya, no run 
139.4 kph delivery that goes on with the angle, makes him block it in a hurry 
end of over 5Wicket maiden 
KENYA: 7/2CRR: 1.40  
David Obuya0 (1b) 
Collins Obuya5 (14b) 
Henry Osinde 3-2-3-2 
Harvir Baidwan 2-1-4-0 
Our man Nagraj is still surprised: ""more bizaarre is about 1000 people are ascattered in 
the stands.""",4.6,0,0.0,"Osinde to Obuya, no run  .139.4 kph delivery that goes on with the angle, makes him block it in a hurry",Osinde,Obuya,0.0,0,0,1,1,0.0,0,,0
"5.1 
4 
Baidwan to C Obuya, FOUR runs 
almost another one, gets the outside edge as he pushes hard off the back foot, but it 
falls well short of first slip",5.1,4,4.0,"Baidwan to C Obuya, FOUR runs  .almost another one, gets the outside edge as he pushes hard off the back foot, but it  .falls well short of first slip",Baidwan,C Obuya,4.0,1,0,1,1,4.0,0,,1
"5.2 
• 
Baidwan to C Obuya, no run 
defended back to the bowler off the front foot",5.2,0,0.0,"Baidwan to C Obuya, no run  .defended back to the bowler off the front foot",Baidwan,C Obuya,0.0,0,0,1,1,0.0,0,,0
"5.3 
1 
Baidwan to C Obuya, 1 run 
guided away wide of third man off the back foot",5.3,1,1.0,"Baidwan to C Obuya, 1 run  .guided away wide of third man off the back foot",Baidwan,C Obuya,1.0,0,0,1,1,1.0,0,,1
"5.4 
• 
Baidwan to Obuya, no run 
hustles this one from a length down to mid on, cannot get the placement right",5.4,0,0.0,"Baidwan to Obuya, no run  .hustles this one from a length down to mid on, cannot get the placement right",Baidwan,Obuya,0.0,0,0,1,1,0.0,0,,0
"5.5 
1 
Baidwan to Obuya, 1 run 
squeezes out this very full and wide ball outside off stumps, and sends it down to third 
man",5.5,1,1.0,"Baidwan to Obuya, 1 run  .squeezes out this very full and wide ball outside off stumps, and sends it down to third  .man",Baidwan,Obuya,1.0,0,0,1,1,1.0,0,,1
"5.6 
4 
Baidwan to C Obuya, FOUR runs 
takes on the man at mid on with a chip in the air off a length delivery, gets it just over 
him as he goes running to his right, the outfield takes care of the rest 
end of over 610 runs  
KENYA: 17/2CRR: 2.83  
Collins Obuya14 (18b 2x4) 
David Obuya1 (3b) 
Harvir Baidwan 3-1-14-0 
Henry Osinde 3-2-3-2 
Ram: ""I guess the press folks are setting their camp in advance. Maybe they won't 
budge from their seats until the Wednesday match gets over.""",5.6,4,4.0,"Baidwan to C Obuya, FOUR runs  .takes on the man at mid on with a chip in the air off a length delivery, gets it just over  .him as he goes running to his right, the outfield takes care of the rest",Baidwan,C Obuya,4.0,1,0,1,1,4.0,0,,1
"6.1 
• 
Osinde to Obuya, no run 
Osinde is bowling a lovely spell here, gets another one to go past the outside edge as he 
prods at an away going ball from the crease",6.1,0,0.0,"Osinde to Obuya, no run  .Osinde is bowling a lovely spell here, gets another one to go past the outside edge as he  .prods at an away going ball from the crease",Osinde,Obuya,0.0,0,0,1,1,0.0,0,,0
"6.2 
• 
Osinde to Obuya, no run 
this one comes in with the angle, keeping the batsman guessing, that's why he is caught 
on the crease and blocks it to mid on",6.2,0,0.0,"Osinde to Obuya, no run  .this one comes in with the angle, keeping the batsman guessing, that's why he is caught  .on the crease and blocks it to mid on",Osinde,Obuya,0.0,0,0,1,1,0.0,0,,0
"6.3 
1 
Osinde to Obuya, 1 run 
goes on leg stump this time, and he flicks it with a Caribbean flourish through 
midwicket",6.3,1,1.0,"Osinde to Obuya, 1 run  .goes on leg stump this time, and he flicks it with a Caribbean flourish through  .midwicket",Osinde,Obuya,1.0,0,0,1,1,1.0,0,,1
"6.4 
3 
Osinde to C Obuya, 3 runs 
makes a late decision to pull a surprise bouncer, gets it away through square leg, the 
man from fine leg put in the dive, but also touched the ropes at the last instant, was he 
touching the ball as well? Replays are not conclusive",6.4,3,3.0,"Osinde to C Obuya, 3 runs  .makes a late decision to pull a surprise bouncer, gets it away through square leg, the  .man from fine leg put in the dive, but also touched the ropes at the last instant, was he  .touching the ball as well? Replays are not conclusive",Osinde,C Obuya,3.0,0,0,1,1,3.0,0,,1
"6.5 
• 
Osinde to Obuya, no run 
i have lost count of the plays-and-misses in this short innings, he swishes at another 
one that moves away from a length outside off, and gets nowhere close to hitting it",6.5,0,0.0,"Osinde to Obuya, no run  .i have lost count of the plays-and-misses in this short innings, he swishes at another  .one that moves away from a length outside off, and gets nowhere close to hitting it",Osinde,Obuya,0.0,0,0,1,1,0.0,0,,0
"6.6 
W 
Osinde to Obuya, OUT 
Osinde gets another one, you cannot play-and-miss repeatedly, have to nick one in the 
end, that is what happened this time, it was pitched closer to off stump, making him 
push forward, and moved away late to take the edge on its way to Bagai, who pouches it 
very happily 
David Obuya c †Bagai b Osinde 2 (8b 0x4 0x6 11m) SR: 25 
end of over 74 runs • 1 wicket 
KENYA: 21/3CRR: 3.00  
Collins Obuya17 (19b 2x4) 
Henry Osinde 4-2-7-3 
Harvir Baidwan 3-1-14-0 
Steve Tikolo comes in now. Parth Desai, left-arm spin, to bowl",6.6,W,0.0,"Osinde to Obuya, OUT  .Osinde gets another one, you cannot play-and-miss repeatedly, have to nick one in the  .end, that is what happened this time, it was pitched closer to off stump, making him  .push forward, and moved away late to take the edge on its way to Bagai, who pouches it  .very happily  .David Obuya c †Bagai b Osinde 2 (8b 0x4 0x6 11m) SR: 25",Osinde,Obuya,0.0,0,0,1,1,0.0,1,c †Bagai b Osinde,0
"7.1 
• 
Desai to C Obuya, no run 
beats him right away with one that turns away slightly close to off stump",7.1,0,0.0,"Desai to C Obuya, no run  .beats him right away with one that turns away slightly close to off stump",Desai,C Obuya,0.0,0,0,1,1,0.0,0,,0
"7.2 
4 
Desai to C Obuya, FOUR runs 
this time he takes leave of the crease, comes down the track, and lifts this flighted one 
high over mid off",7.2,4,4.0,"Desai to C Obuya, FOUR runs  .this time he takes leave of the crease, comes down the track, and lifts this flighted one  .high over mid off",Desai,C Obuya,4.0,1,0,1,1,4.0,0,,1
"7.3 
• 
Desai to C Obuya, no run 
abandons the crease again, and goes for another charge, this one was a bit flatter and 
he takes it on the pads",7.3,0,0.0,"Desai to C Obuya, no run  .abandons the crease again, and goes for another charge, this one was a bit flatter and  .he takes it on the pads",Desai,C Obuya,0.0,0,0,1,1,0.0,0,,0
"7.4 
• 
Desai to C Obuya, no run 
is struck on the pads again, as he pushes at this one, but that one was going down leg",7.4,0,0.0,"Desai to C Obuya, no run  .is struck on the pads again, as he pushes at this one, but that one was going down leg",Desai,C Obuya,0.0,0,0,1,1,0.0,0,,0
"7.5 
6 
Desai to C Obuya, SIX runs 
Collins sends this one in to orbit, gets to the pitch of the ball with a couple of steps, and 
hammers it over long off 
mid off is sent back on the boundary",7.5,6,6.0,"Desai to C Obuya, SIX runs  .Collins sends this one in to orbit, gets to the pitch of the ball with a couple of steps, and  .hammers it over long off  .mid off is sent back on the boundary",Desai,C Obuya,6.0,0,1,1,1,6.0,0,,1
"7.6 
• 
Desai to C Obuya, no run 
pushes this flatter one back to the bowler from the crease 
end of over 810 runs  
KENYA: 31/3CRR: 3.87  
Collins Obuya27 (25b 3x4 1x6) 
Steve Tikolo0 (0b) 
Parth Desai 1-0-10-0 
Henry Osinde 4-2-7-3",7.6,0,0.0,"Desai to C Obuya, no run  .pushes this flatter one back to the bowler from the crease",Desai,C Obuya,0.0,0,0,1,1,0.0,0,,0
"8.1 
2 
Osinde to Tikolo, 2 runs 
uses the angle on the incoming delivery to work it in to the gap between midwicket and 
mid on",8.1,2,2.0,"Osinde to Tikolo, 2 runs  .uses the angle on the incoming delivery to work it in to the gap between midwicket and  .mid on",Osinde,Tikolo,2.0,0,0,1,1,2.0,0,,1
"8.2 
• 
Osinde to Tikolo, no run 
solidly defended back to the bowler off the back foot",8.2,0,0.0,"Osinde to Tikolo, no run  .solidly defended back to the bowler off the back foot",Osinde,Tikolo,0.0,0,0,1,1,0.0,0,,0
"8.3 
• 
Osinde to Tikolo, no run 
goes very full this time, he digs it comfortably in to the off side",8.3,0,0.0,"Osinde to Tikolo, no run  .goes very full this time, he digs it comfortably in to the off side",Osinde,Tikolo,0.0,0,0,1,1,0.0,0,,0
"8.4 
1w 
Osinde to Tikolo, 1 wide 
sprays it very wide outside off stump this time from short of a length",8.4,1w,1.0,"Osinde to Tikolo, 1 wide  .sprays it very wide outside off stump this time from short of a length",Osinde,Tikolo,0.0,0,0,0,0,1.0,0,,1
"8.4 
• 
Osinde to Tikolo, no run 
played away off the back foot",8.4,0,0.0,"Osinde to Tikolo, no run  .played away off the back foot",Osinde,Tikolo,0.0,0,0,1,1,0.0,0,,0
"8.5 
• 
Osinde to Tikolo, no run 
comes forward to a fuller one and softly pushes it towards covers, looking much more 
comfortable that the ones that preceded him",8.5,0,0.0,"Osinde to Tikolo, no run  .comes forward to a fuller one and softly pushes it towards covers, looking much more  .comfortable that the ones that preceded him",Osinde,Tikolo,0.0,0,0,1,1,0.0,0,,0
"8.6 
• 
Osinde to Tikolo, no run 
miles outside the off stump from back of a length, he leaves it alone 
end of over 93 runs  
KENYA: 34/3CRR: 3.77  
Steve Tikolo2 (6b) 
Collins Obuya27 (25b 3x4 1x6) 
Henry Osinde 5-2-10-3 
Parth Desai 1-0-10-0 
Baidwan is back to replace Desai",8.6,0,0.0,"Osinde to Tikolo, no run  .miles outside the off stump from back of a length, he leaves it alone",Osinde,Tikolo,0.0,0,0,1,1,0.0,0,,0
"9.1 
• 
Baidwan to C Obuya, no run 
fuller one outside off stump, pushed away to mid off",9.1,0,0.0,"Baidwan to C Obuya, no run  .fuller one outside off stump, pushed away to mid off",Baidwan,C Obuya,0.0,0,0,1,1,0.0,0,,0
"9.2 
1 
Baidwan to C Obuya, 1 run 
clipped away off the pads towards midwicket, the throw came in to the non-striker's 
end, but they had scampered through by then",9.2,1,1.0,"Baidwan to C Obuya, 1 run  .clipped away off the pads towards midwicket, the throw came in to the non-striker's  .end, but they had scampered through by then",Baidwan,C Obuya,1.0,0,0,1,1,1.0,0,,1
"9.3 
• 
Baidwan to Tikolo, no run 
calmly played away in to the covers off the front foot",9.3,0,0.0,"Baidwan to Tikolo, no run  .calmly played away in to the covers off the front foot",Baidwan,Tikolo,0.0,0,0,1,1,0.0,0,,0
"9.4 
1 
Baidwan to Tikolo, 1 run 
opens the bat face to guide this to point, and they race through for the close run",9.4,1,1.0,"Baidwan to Tikolo, 1 run  .opens the bat face to guide this to point, and they race through for the close run",Baidwan,Tikolo,1.0,0,0,1,1,1.0,0,,1
"9.5 
1 
Baidwan to C Obuya, 1 run 
driven to the right of mid on, and another single is available easily",9.5,1,1.0,"Baidwan to C Obuya, 1 run  .driven to the right of mid on, and another single is available easily",Baidwan,C Obuya,1.0,0,0,1,1,1.0,0,,1
"9.6 
• 
Baidwan to Tikolo, no run 
nicely behind the line of this one close to off stump, and blocks it away 
end of over 103 runs  
KENYA: 37/3CRR: 3.70  
Steve Tikolo3 (9b) 
Collins Obuya29 (28b 3x4 1x6) 
Harvir Baidwan 4-1-17-0 
Henry Osinde 5-2-10-3",9.6,0,0.0,"Baidwan to Tikolo, no run  .nicely behind the line of this one close to off stump, and blocks it away",Baidwan,Tikolo,0.0,0,0,1,1,0.0,0,,0
"10.1 
1w 
Osinde to C Obuya, 1 wide 
stretches and goes reaching for a wide one outside off stump, too wide for him even 
then",10.1,1w,1.0,"Osinde to C Obuya, 1 wide  .stretches and goes reaching for a wide one outside off stump, too wide for him even  .then",Osinde,C Obuya,0.0,0,0,0,0,1.0,0,,1
"10.1 
• 
Osinde to C Obuya, no run 
good delivery, going straight on instead of moving away, he was on the crease, and that 
allowed him to push it back to the bowler",10.1,0,0.0,"Osinde to C Obuya, no run  .good delivery, going straight on instead of moving away, he was on the crease, and that  .allowed him to push it back to the bowler",Osinde,C Obuya,0.0,0,0,1,1,0.0,0,,0
"10.2 
1 
Osinde to C Obuya, 1 run 
gets forward and drives this full delivery past the non-striker for a single, mid on runs 
across to field",10.2,1,1.0,"Osinde to C Obuya, 1 run  .gets forward and drives this full delivery past the non-striker for a single, mid on runs  .across to field",Osinde,C Obuya,1.0,0,0,1,1,1.0,0,,1
"10.3 
• 
Osinde to Tikolo, no run 
looking for the yorker, gets it very full on the stumps, he digs it away towards mid on",10.3,0,0.0,"Osinde to Tikolo, no run  .looking for the yorker, gets it very full on the stumps, he digs it away towards mid on",Osinde,Tikolo,0.0,0,0,1,1,0.0,0,,0
"10.4 
1 
Osinde to Tikolo, 1 run 
high full toss outside off stump, he is taken by surprise and cannot get it past mid off 
with the punch",10.4,1,1.0,"Osinde to Tikolo, 1 run  .high full toss outside off stump, he is taken by surprise and cannot get it past mid off  .with the punch",Osinde,Tikolo,1.0,0,0,1,1,1.0,0,,1
"10.5 
• 
Osinde to C Obuya, no run 
slower one, very wide outside off stump, he reaches out and cuts it away awkwardly to 
point",10.5,0,0.0,"Osinde to C Obuya, no run  .slower one, very wide outside off stump, he reaches out and cuts it away awkwardly to  .point",Osinde,C Obuya,0.0,0,0,1,1,0.0,0,,0
"10.6 
1 
Osinde to C Obuya, 1 run 
played out to point off the back foot 
end of over 114 runs  
KENYA: 41/3CRR: 3.72  
Collins Obuya31 (32b 3x4 1x6) 
Steve Tikolo4 (11b) 
Henry Osinde 6-2-14-3 
Harvir Baidwan 4-1-17-0 
Ajinth: ""Cheema come for the attack.. Its ur turn now!!!""",10.6,1,1.0,"Osinde to C Obuya, 1 run  .played out to point off the back foot",Osinde,C Obuya,1.0,0,0,1,1,1.0,0,,1
"11.1 
• 
Baidwan to C Obuya, no run 
tucks him up with a back of a length one on the stumps, he pushes it down the track",11.1,0,0.0,"Baidwan to C Obuya, no run  .tucks him up with a back of a length one on the stumps, he pushes it down the track",Baidwan,C Obuya,0.0,0,0,1,1,0.0,0,,0
"11.2 
• 
Baidwan to C Obuya, no run 
too straight this time, but he cannot get it past midwicket, even as he shuffles across 
the stumps and works it away",11.2,0,0.0,"Baidwan to C Obuya, no run  .too straight this time, but he cannot get it past midwicket, even as he shuffles across  .the stumps and works it away",Baidwan,C Obuya,0.0,0,0,1,1,0.0,0,,0
"11.3 
W 
Baidwan to C Obuya, OUT 
another one departs, what a shot to play when you are three down, went heaving at a 
length delivery from the crease, wanting to lift it over midwicket, got nowhere close to 
the ball, it seamed in a shade to beat him even more comprehensively, and crashed in to 
the stumps 
Collins Obuya b Baidwan 31 (35b 3x4 1x6 53m) SR: 88.57 
Tanmay Mishra is in at No 6",11.3,W,0.0,"Baidwan to C Obuya, OUT  .another one departs, what a shot to play when you are three down, went heaving at a  .length delivery from the crease, wanting to lift it over midwicket, got nowhere close to  .the ball, it seamed in a shade to beat him even more comprehensively, and crashed in to  .the stumps  .Collins Obuya b Baidwan 31 (35b 3x4 1x6 53m) SR: 88.57",Baidwan,C Obuya,0.0,0,0,1,1,0.0,1,b Baidwan,0
"11.4 
4 
Baidwan to Mishra, FOUR runs 
gets a full toss on leg stump, happily pushes it in to the gap between midwicket and mid 
on, who had no chance on the Kotla outfield",11.4,4,4.0,"Baidwan to Mishra, FOUR runs  .gets a full toss on leg stump, happily pushes it in to the gap between midwicket and mid  .on, who had no chance on the Kotla outfield",Baidwan,Mishra,4.0,1,0,1,1,4.0,0,,1
"11.5 
• 
Baidwan to Mishra, no run 
gets the front foot across, and hurriedly brings bat in front of pad to turn this fuller one 
towards mid on",11.5,0,0.0,"Baidwan to Mishra, no run  .gets the front foot across, and hurriedly brings bat in front of pad to turn this fuller one  .towards mid on",Baidwan,Mishra,0.0,0,0,1,1,0.0,0,,0
"11.6 
1 
Baidwan to Mishra, 1 run 
gets some room outside off stump, and steers it wide of third man 
end of over 125 runs • 1 wicket 
KENYA: 46/4CRR: 3.83  
Tanmay Mishra5 (3b 1x4) 
Steve Tikolo4 (11b) 
Harvir Baidwan 5-1-22-1 
Henry Osinde 6-2-14-3 
Navs: ""i'm sure Cheema is captain of Ajinth's fantasy team...""",11.6,1,1.0,"Baidwan to Mishra, 1 run  .gets some room outside off stump, and steers it wide of third man",Baidwan,Mishra,1.0,0,0,1,1,1.0,0,,1
"12.1 
• 
Osinde to Mishra, no run 
shoulders arms to one that comes in off the seam from a length close to off stump, 
good decision in the end",12.1,0,0.0,"Osinde to Mishra, no run  .shoulders arms to one that comes in off the seam from a length close to off stump,  .good decision in the end",Osinde,Mishra,0.0,0,0,1,1,0.0,0,,0
"12.2 
• 
Osinde to Mishra, no run 
goes a touch wider than the previous one, still not far from off stump, and gets it to jag 
back in, Mishra persists with leaving",12.2,0,0.0,"Osinde to Mishra, no run  .goes a touch wider than the previous one, still not far from off stump, and gets it to jag  .back in, Mishra persists with leaving",Osinde,Mishra,0.0,0,0,1,1,0.0,0,,0
"12.3 
• 
Osinde to Mishra, no run 
the closest to off stump of the three deliveries, Mishra has nothing to do with it, Osinde 
cannot understand how that missed off stump",12.3,0,0.0,"Osinde to Mishra, no run  .the closest to off stump of the three deliveries, Mishra has nothing to do with it, Osinde  .cannot understand how that missed off stump",Osinde,Mishra,0.0,0,0,1,1,0.0,0,,0
"12.4 
1 
Osinde to Mishra, 1 run 
gets it to angle in to the pads, Mishra was already coming forward and adjusted to flick 
it in the air, not far from the man at midwicket",12.4,1,1.0,"Osinde to Mishra, 1 run  .gets it to angle in to the pads, Mishra was already coming forward and adjusted to flick  .it in the air, not far from the man at midwicket",Osinde,Mishra,1.0,0,0,1,1,1.0,0,,1
"12.5 
1 
Osinde to Tikolo, 1 run 
goes very full this time, looking for the yorker, it is dug out towards mid on 
Andrew: ""I think all three of Kenya's supporters just lost all hope and left the stadium.""",12.5,1,1.0,"Osinde to Tikolo, 1 run  .goes very full this time, looking for the yorker, it is dug out towards mid on",Osinde,Tikolo,1.0,0,0,1,1,1.0,0,,1
"12.6 
• 
Osinde to Mishra, no run 
gets forward now to one on a fuller length outside off stump, and meets with a firm 
defensive push 
end of over 132 runs  
KENYA: 48/4CRR: 3.69  
Tanmay Mishra6 (8b 1x4) 
Steve Tikolo5 (12b) 
Henry Osinde 7-2-16-3 
Harvir Baidwan 5-1-22-1",12.6,0,0.0,"Osinde to Mishra, no run  .gets forward now to one on a fuller length outside off stump, and meets with a firm  .defensive push",Osinde,Mishra,0.0,0,0,1,1,0.0,0,,0
"13.1 
• 
Baidwan to Tikolo, no run 
played out to cover off the back foot 
Mark Kidger: ""I'm finding this match more depressing than anything. Seeing Kenya 
struggle against the might of Canada shows just how badly the ICC has failed them 
after their previous World Cup successes. Kenya are threatening to go the way of 
Bermuda.""",13.1,0,0.0,"Baidwan to Tikolo, no run  .played out to cover off the back foot",Baidwan,Tikolo,0.0,0,0,1,1,0.0,0,,0
"13.2 
1 
Baidwan to Tikolo, 1 run 
guided to third man from the crease",13.2,1,1.0,"Baidwan to Tikolo, 1 run  .guided to third man from the crease",Baidwan,Tikolo,1.0,0,0,1,1,1.0,0,,1
"13.3 
1 
Baidwan to Mishra, 1 run 
that front foot goes a long way forward, and he has to stretch out to play around it and 
turn the incoming one in front of square leg",13.3,1,1.0,"Baidwan to Mishra, 1 run  .that front foot goes a long way forward, and he has to stretch out to play around it and  .turn the incoming one in front of square leg",Baidwan,Mishra,1.0,0,0,1,1,1.0,0,,1
"13.4 
4 
Baidwan to Tikolo, FOUR runs 
Tikolo finds the gap past extra cover, and beats mid off who puts in a vain dive, 
minimum of fuss, got behind this one outside off stump, and pushed it firmly in the gap",13.4,4,4.0,"Baidwan to Tikolo, FOUR runs  .Tikolo finds the gap past extra cover, and beats mid off who puts in a vain dive,  .minimum of fuss, got behind this one outside off stump, and pushed it firmly in the gap",Baidwan,Tikolo,4.0,1,0,1,1,4.0,0,,1
"13.5 
• 
Baidwan to Tikolo, no run 
blocked off the front foot, bat and pad close together",13.5,0,0.0,"Baidwan to Tikolo, no run  .blocked off the front foot, bat and pad close together",Baidwan,Tikolo,0.0,0,0,1,1,0.0,0,,0
"13.6 
• 
Baidwan to Tikolo, no run 
guided towards point from the crease 
end of over 146 runs  
KENYA: 54/4CRR: 3.85  
Steve Tikolo10 (17b 1x4) 
Tanmay Mishra7 (9b 1x4) 
Harvir Baidwan 6-1-28-1 
Henry Osinde 7-2-16-3 
Ajinth, Cheema comes on now.",13.6,0,0.0,"Baidwan to Tikolo, no run  .guided towards point from the crease",Baidwan,Tikolo,0.0,0,0,1,1,0.0,0,,0
"14.1 
• 
Cheema to Mishra, no run 
gets it to angle on to leg stump, strikes him on the pads as he pushes across the line, 
Cheema thinks he is on to something, the umpire is not interested, Bagai goes for the 
review, replays show that it is missing leg stump comfortably, Canada lose a review",14.1,0,0.0,"Cheema to Mishra, no run  .gets it to angle on to leg stump, strikes him on the pads as he pushes across the line,  .Cheema thinks he is on to something, the umpire is not interested, Bagai goes for the  .review, replays show that it is missing leg stump comfortably, Canada lose a review",Cheema,Mishra,0.0,0,0,1,1,0.0,0,,0
"14.2 
• 
Cheema to Mishra, no run 
comes on slowly off the pitch, punched back to the bowler off the back foot",14.2,0,0.0,"Cheema to Mishra, no run  .comes on slowly off the pitch, punched back to the bowler off the back foot",Cheema,Mishra,0.0,0,0,1,1,0.0,0,,0
"14.3 
1 
Cheema to Mishra, 1 run 
takes on mid on with a quick single, he was gone if the throw had hit at the non-striker's 
end, easily",14.3,1,1.0,"Cheema to Mishra, 1 run  .takes on mid on with a quick single, he was gone if the throw had hit at the non-striker's  .end, easily",Cheema,Mishra,1.0,0,0,1,1,1.0,0,,1
"14.4 
• 
Cheema to Tikolo, no run 
gets forward languidly to one outside off stump, and pushes it towards covers",14.4,0,0.0,"Cheema to Tikolo, no run  .gets forward languidly to one outside off stump, and pushes it towards covers",Cheema,Tikolo,0.0,0,0,1,1,0.0,0,,0
"14.5 
2 
Cheema to Tikolo, 2 runs 
turned backward of square leg, fine leg runs across to field",14.5,2,2.0,"Cheema to Tikolo, 2 runs  .turned backward of square leg, fine leg runs across to field",Cheema,Tikolo,2.0,0,0,1,1,2.0,0,,1
"14.6 
W 
Cheema to Tikolo, OUT 
Cheema gets his man, or has he? Kenya's turn to review a leg-before decision that was 
given out, it was cutting in from the seam, struck him in the line of off stump, that would 
have gone on to hit middle stump, but Tikolo managed to get an inside edge on it before 
it struck the pad, but apparently the third umpire wanted clearer proof of there having 
been an inside edge, HotSpot would have confirmed it, but it isn't there, the decision 
stands, and Steve Tikolo has to walk back 
Steve Tikolo lbw b Rizwan Cheema 12 (20b 1x4 0x6 39m) SR: 60 
Nitin to take over after drinks. See you on the over-by-over chat. 
end of over 153 runs • 1 wicket 
KENYA: 57/5CRR: 3.80  
Tanmay Mishra8 (12b 1x4) 
Rizwan Cheema 1-0-3-1 
Harvir Baidwan 6-1-28-1 
The UDRS - continues to confuse and confound. Kamande walks out to the mess. 
Thanks Abhishek.",14.6,W,0.0,"Cheema to Tikolo, OUT  .Cheema gets his man, or has he? Kenya's turn to review a leg-before decision that was  .given out, it was cutting in from the seam, struck him in the line of off stump, that would  .have gone on to hit middle stump, but Tikolo managed to get an inside edge on it before  .it struck the pad, but apparently the third umpire wanted clearer proof of there having  .been an inside edge, HotSpot would have confirmed it, but it isn't there, the decision  .stands, and Steve Tikolo has to walk back  .Steve Tikolo lbw b Rizwan Cheema 12 (20b 1x4 0x6 39m) SR: 60",Cheema,Tikolo,0.0,0,0,1,1,0.0,1,lbw b Rizwan Cheema,0
"15.1 
1 
Hansra to Mishra, 1 run 
tossed up and turning into the pads, paddled to backward square leg for one",15.1,1,1.0,"Hansra to Mishra, 1 run  .tossed up and turning into the pads, paddled to backward square leg for one",Hansra,Mishra,1.0,0,0,1,1,1.0,0,,1
"15.2 
4 
Hansra to Kamande, FOUR runs 
Kamande is away with an outside edge squeezed down to third man. Hansra tosses up 
wide outside the off side and Kamande goes for the cover drive. Won't mind where it 
went, it got him four",15.2,4,4.0,"Hansra to Kamande, FOUR runs  .Kamande is away with an outside edge squeezed down to third man. Hansra tosses up  .wide outside the off side and Kamande goes for the cover drive. Won't mind where it  .went, it got him four",Hansra,Kamande,4.0,1,0,1,1,4.0,0,,1
"15.3 
• 
Hansra to Kamande, no run 
holds the length back and he leans out to defend to the off side 
Ali Afzal: ""Cheema and Tikolo are both in my fantasy team.My man gets my man out. 
This is not on. """,15.3,0,0.0,"Hansra to Kamande, no run  .holds the length back and he leans out to defend to the off side",Hansra,Kamande,0.0,0,0,1,1,0.0,0,,0
"15.4 
• 
Hansra to Kamande, no run 
similar ball, turning in from outside off, Kamande fends to the off side 
Slip in place.",15.4,0,0.0,"Hansra to Kamande, no run  .similar ball, turning in from outside off, Kamande fends to the off side  .Slip in place.",Hansra,Kamande,0.0,0,0,1,1,0.0,0,,0
"15.5 
• 
Hansra to Kamande, no run 
he's skipping around in the crease, looking to advance, but Hansra keeps him honest 
with a flatter line on off stump",15.5,0,0.0,"Hansra to Kamande, no run  .he's skipping around in the crease, looking to advance, but Hansra keeps him honest  .with a flatter line on off stump",Hansra,Kamande,0.0,0,0,1,1,0.0,0,,0
"15.6 
• 
Hansra to Kamande, no run 
tossed up slower, Kamande leans out and defends to the off side 
end of over 165 runs  
KENYA: 62/5CRR: 3.87  
Jimmy Kamande4 (5b 1x4) 
Tanmay Mishra9 (13b 1x4) 
Jimmy Hansra 1-0-5-0 
Rizwan Cheema 1-0-3-1",15.6,0,0.0,"Hansra to Kamande, no run  .tossed up slower, Kamande leans out and defends to the off side",Hansra,Kamande,0.0,0,0,1,1,0.0,0,,0
"16.1 
1 
Cheema to Mishra, 1 run 
huge inducker, Cheema gets it nip back sharply from well outside off and Mishra had to 
abort ambitious of the booming cut and squeeze it off the face to third man",16.1,1,1.0,"Cheema to Mishra, 1 run  .huge inducker, Cheema gets it nip back sharply from well outside off and Mishra had to  .abort ambitious of the booming cut and squeeze it off the face to third man",Cheema,Mishra,1.0,0,0,1,1,1.0,0,,1
"16.2 
• 
Cheema to Kamande, no run 
another one comes in off the seam, Kamande reaches out and defends",16.2,0,0.0,"Cheema to Kamande, no run  .another one comes in off the seam, Kamande reaches out and defends",Cheema,Kamande,0.0,0,0,1,1,0.0,0,,0
"16.3 
• 
Cheema to Kamande, no run 
slowish offcutter, 109 kph and comes later than Kamande expects, he barely keeps it 
down as he pushes into the off side",16.3,0,0.0,"Cheema to Kamande, no run  .slowish offcutter, 109 kph and comes later than Kamande expects, he barely keeps it  .down as he pushes into the off side",Cheema,Kamande,0.0,0,0,1,1,0.0,0,,0
"16.4 
• 
Cheema to Kamande, no run 
back of a length outside off, he goes for the cut and finds point",16.4,0,0.0,"Cheema to Kamande, no run  .back of a length outside off, he goes for the cut and finds point",Cheema,Kamande,0.0,0,0,1,1,0.0,0,,0
"16.5 
• 
Cheema to Kamande, no run 
aha, another one that comes in, daring leave from Kamande and it slithers past just 
outside off",16.5,0,0.0,"Cheema to Kamande, no run  .aha, another one that comes in, daring leave from Kamande and it slithers past just  .outside off",Cheema,Kamande,0.0,0,0,1,1,0.0,0,,0
"16.6 
• 
Cheema to Kamande, no run 
he's not picking Cheema at all, another one nips in, misses the inside edge as he goes 
for an ambitious cut. 
Thisara: ""What's the point of having UDRS, if TV umpire is as helpless as the On-field 
umpire?"" 
end of over 171 run  
KENYA: 63/5CRR: 3.70  
Jimmy Kamande4 (10b 1x4) 
Tanmay Mishra10 (14b 1x4) 
Rizwan Cheema 2-0-4-1 
Jimmy Hansra 1-0-5-0",16.6,0,0.0,"Cheema to Kamande, no run  .he's not picking Cheema at all, another one nips in, misses the inside edge as he goes  .for an ambitious cut.",Cheema,Kamande,0.0,0,0,1,1,0.0,0,,0
"17.1 
• 
Hansra to Mishra, no run 
short ball outside off, wasted by Mishra who cuts it straight to point",17.1,0,0.0,"Hansra to Mishra, no run  .short ball outside off, wasted by Mishra who cuts it straight to point",Hansra,Mishra,0.0,0,0,1,1,0.0,0,,0
"17.2 
• 
Hansra to Mishra, no run 
back of a length on off stump, defended with the spin to mid on",17.2,0,0.0,"Hansra to Mishra, no run  .back of a length on off stump, defended with the spin to mid on",Hansra,Mishra,0.0,0,0,1,1,0.0,0,,0
"17.3 
• 
Hansra to Mishra, no run 
wider outside off this time, Mishra tries to force through the straight field but the bowler 
is in the way",17.3,0,0.0,"Hansra to Mishra, no run  .wider outside off this time, Mishra tries to force through the straight field but the bowler  .is in the way",Hansra,Mishra,0.0,0,0,1,1,0.0,0,,0
"17.4 
• 
Hansra to Mishra, no run 
tossed up more generously, stout forward defensive from Mishra",17.4,0,0.0,"Hansra to Mishra, no run  .tossed up more generously, stout forward defensive from Mishra",Hansra,Mishra,0.0,0,0,1,1,0.0,0,,0
"17.5 
1 
Hansra to Mishra, 1 run 
this one drips into the stumps, it is clipped to the leg side for one",17.5,1,1.0,"Hansra to Mishra, 1 run  .this one drips into the stumps, it is clipped to the leg side for one",Hansra,Mishra,1.0,0,0,1,1,1.0,0,,1
"17.6 
1 
Hansra to Kamande, 1 run 
and he finishes with a controlled sweep to backward square leg. Covers the line and 
rolls the wrists over the shot for one 
end of over 182 runs  
KENYA: 65/5CRR: 3.61  
Jimmy Kamande5 (11b 1x4) 
Tanmay Mishra11 (19b 1x4) 
Jimmy Hansra 2-0-7-0 
Rizwan Cheema 2-0-4-1",17.6,1,1.0,"Hansra to Kamande, 1 run  .and he finishes with a controlled sweep to backward square leg. Covers the line and  .rolls the wrists over the shot for one",Hansra,Kamande,1.0,0,0,1,1,1.0,0,,1
"18.1 
• 
Cheema to Kamande, no run 
short of a length outside off from Cheema, Kamande slaps it to point",18.1,0,0.0,"Cheema to Kamande, no run  .short of a length outside off from Cheema, Kamande slaps it to point",Cheema,Kamande,0.0,0,0,1,1,0.0,0,,0
"18.2 
• 
Cheema to Kamande, no run 
plays forward with an opened face to a fuller length ball, worked straight to point",18.2,0,0.0,"Cheema to Kamande, no run  .plays forward with an opened face to a fuller length ball, worked straight to point",Cheema,Kamande,0.0,0,0,1,1,0.0,0,,0
"18.3 
• 
Cheema to Kamande, no run 
slower ball, lands, grips, stops and spits at Kamande who defends uncertainly off the 
front foot",18.3,0,0.0,"Cheema to Kamande, no run  .slower ball, lands, grips, stops and spits at Kamande who defends uncertainly off the  .front foot",Cheema,Kamande,0.0,0,0,1,1,0.0,0,,0
"18.4 
• 
Cheema to Kamande, no run 
holds the length further back, Kamande hangs back and defends to the off side",18.4,0,0.0,"Cheema to Kamande, no run  .holds the length further back, Kamande hangs back and defends to the off side",Cheema,Kamande,0.0,0,0,1,1,0.0,0,,0
"18.5 
• 
Cheema to Kamande, no run 
Cheema again gets some inward curve, Kamande presses across and covers the 
deviation to defend. Absolutely NO intention to score as of now.",18.5,0,0.0,"Cheema to Kamande, no run  .Cheema again gets some inward curve, Kamande presses across and covers the  .deviation to defend. Absolutely NO intention to score as of now.",Cheema,Kamande,0.0,0,0,1,1,0.0,0,,0
"18.6 
• 
Cheema to Kamande, no run 
and he flashes unconvincingly at the last ball, short and drifting away from off stump. 
Feet rooted to the crease, he flails at it and misses. 
Guna: """"Benefit of doubt goes to the umpire"" seem to be logic behind UDRS!! absurd!"" 
end of over 19Maiden 
KENYA: 65/5CRR: 3.42  
Jimmy Kamande5 (17b 1x4) 
Tanmay Mishra11 (19b 1x4) 
Rizwan Cheema 3-1-4-1 
Jimmy Hansra 2-0-7-0",18.6,0,0.0,"Cheema to Kamande, no run  .and he flashes unconvincingly at the last ball, short and drifting away from off stump.  .Feet rooted to the crease, he flails at it and misses.",Cheema,Kamande,0.0,0,0,1,1,0.0,0,,0
"19.1 
4 
Hansra to Mishra, FOUR runs 
surprise, surprise, a decisive hit for four. Tossed up invitingly outside off, Mishra plants 
the front foot well across and swipes with power through midwicket.",19.1,4,4.0,"Hansra to Mishra, FOUR runs  .surprise, surprise, a decisive hit for four. Tossed up invitingly outside off, Mishra plants  .the front foot well across and swipes with power through midwicket.",Hansra,Mishra,4.0,1,0,1,1,4.0,0,,1
"19.2 
2 
Hansra to Mishra, 2 runs 
another good shot from Mishra, similar ball, he gets to the pitch and drives into the 
covers, through a slow moving Osinde, for a couple",19.2,2,2.0,"Hansra to Mishra, 2 runs  .another good shot from Mishra, similar ball, he gets to the pitch and drives into the  .covers, through a slow moving Osinde, for a couple",Hansra,Mishra,2.0,0,0,1,1,2.0,0,,1
"19.3 
• 
Hansra to Mishra, no run 
over-pitched on the stumps, it is dug back down the track to the bowler",19.3,0,0.0,"Hansra to Mishra, no run  .over-pitched on the stumps, it is dug back down the track to the bowler",Hansra,Mishra,0.0,0,0,1,1,0.0,0,,0
"19.4 
• 
Hansra to Mishra, no run 
holds it back outside off and Mishra opens the face as he defends square on the off 
side",19.4,0,0.0,"Hansra to Mishra, no run  .holds it back outside off and Mishra opens the face as he defends square on the off  .side",Hansra,Mishra,0.0,0,0,1,1,0.0,0,,0
"19.5 
1 
Hansra to Mishra, 1 run 
the front foot is finally moving, again Mishra gets across to the flight and dinks to 
midwicket for a single",19.5,1,1.0,"Hansra to Mishra, 1 run  .the front foot is finally moving, again Mishra gets across to the flight and dinks to  .midwicket for a single",Hansra,Mishra,1.0,0,0,1,1,1.0,0,,1
"19.6 
1 
Hansra to Kamande, 1 run 
surprise full toss on the hips, surely caught the batsman by surprise and he clipped it to 
midwicket for one 
end of over 208 runs  
KENYA: 73/5CRR: 3.65  
Jimmy Kamande6 (18b 1x4) 
Tanmay Mishra18 (24b 2x4) 
Jimmy Hansra 3-0-15-0 
Rizwan Cheema 3-1-4-1 
Ajay: ""If u think this is boring , imagine a test match between the two sides!"" Strong 
argument against giving them Test status eh!",19.6,1,1.0,"Hansra to Kamande, 1 run  .surprise full toss on the hips, surely caught the batsman by surprise and he clipped it to  .midwicket for one",Hansra,Kamande,1.0,0,0,1,1,1.0,0,,1
"20.1 
• 
Cheema to Kamande, no run 
yorker on the leg stump, dug out just in time to the leg side",20.1,0,0.0,"Cheema to Kamande, no run  .yorker on the leg stump, dug out just in time to the leg side",Cheema,Kamande,0.0,0,0,1,1,0.0,0,,0
"20.2 
• 
Cheema to Kamande, no run 
back of a length on off stump, played into the off side from the crease",20.2,0,0.0,"Cheema to Kamande, no run  .back of a length on off stump, played into the off side from the crease",Cheema,Kamande,0.0,0,0,1,1,0.0,0,,0
"20.3 
• 
Cheema to Kamande, no run 
that's a Kotla special. The grubber that scoots through at shin height. Kamande does 
well to get bat on it with a late crouch",20.3,0,0.0,"Cheema to Kamande, no run  .that's a Kotla special. The grubber that scoots through at shin height. Kamande does  .well to get bat on it with a late crouch",Cheema,Kamande,0.0,0,0,1,1,0.0,0,,0
"20.4 
4 
Cheema to Kamande, FOUR runs 
four for Kamande, and comes through a rather pleasing shot. Cheema helped the cause 
by over-cooking a yorker and delivering a mfull toss on leg stump. Kamande just drove 
cleanly with the full face to get four through long on.",20.4,4,4.0,"Cheema to Kamande, FOUR runs  .four for Kamande, and comes through a rather pleasing shot. Cheema helped the cause  .by over-cooking a yorker and delivering a mfull toss on leg stump. Kamande just drove  .cleanly with the full face to get four through long on.",Cheema,Kamande,4.0,1,0,1,1,4.0,0,,1
"20.5 
• 
Cheema to Kamande, no run 
shortens the length and lands it outside off this time, Kamande lets it go",20.5,0,0.0,"Cheema to Kamande, no run  .shortens the length and lands it outside off this time, Kamande lets it go",Cheema,Kamande,0.0,0,0,1,1,0.0,0,,0
"20.6 
• 
Cheema to Kamande, no run 
fuller length to end the over, Kamande comes forward and defends down the track 
end of over 214 runs  
KENYA: 77/5CRR: 3.66  
Jimmy Kamande10 (24b 2x4) 
Tanmay Mishra18 (24b 2x4) 
Rizwan Cheema 4-1-8-1 
Jimmy Hansra 3-0-15-0 
The big man comes on. Balaji Rao, the leggie. Bowls a mean googly. Sledges back when 
he gets lip from the opposition. And holds catches using his thighs, while standing at 
slip. The Dwayne Leverock of 2011.",20.6,0,0.0,"Cheema to Kamande, no run  .fuller length to end the over, Kamande comes forward and defends down the track",Cheema,Kamande,0.0,0,0,1,1,0.0,0,,0
"21.1 
• 
Balaji Rao to Mishra, no run 
begins with a ball close to being wided as it slips down the leg side.",21.1,0,0.0,"Balaji Rao to Mishra, no run  .begins with a ball close to being wided as it slips down the leg side.",Balaji Rao,Mishra,0.0,0,0,1,1,0.0,0,,0
"21.2 
1 
Balaji Rao to Mishra, 1 run 
short of a length and turning away, Mishra looks to pull and gets a single",21.2,1,1.0,"Balaji Rao to Mishra, 1 run  .short of a length and turning away, Mishra looks to pull and gets a single",Balaji Rao,Mishra,1.0,0,0,1,1,1.0,0,,1
"21.3 
• 
Balaji Rao to Kamande, no run 
lands it closer to the length he should be focusing on, Kamande stays back though and 
pushes to the covers 
Slip walks into position.",21.3,0,0.0,"Balaji Rao to Kamande, no run  .lands it closer to the length he should be focusing on, Kamande stays back though and  .pushes to the covers  .Slip walks into position.",Balaji Rao,Kamande,0.0,0,0,1,1,0.0,0,,0
"21.4 
• 
Balaji Rao to Kamande, no run 
flipper of sorts, skids through on off stump line and it is just about played out to the off 
side",21.4,0,0.0,"Balaji Rao to Kamande, no run  .flipper of sorts, skids through on off stump line and it is just about played out to the off  .side",Balaji Rao,Kamande,0.0,0,0,1,1,0.0,0,,0
"21.5 
• 
Balaji Rao to Kamande, no run 
flighted slowly in the air, Kamande reaches out to defend",21.5,0,0.0,"Balaji Rao to Kamande, no run  .flighted slowly in the air, Kamande reaches out to defend",Balaji Rao,Kamande,0.0,0,0,1,1,0.0,0,,0
"21.6 
• 
Balaji Rao to Kamande, no run 
sprightly leggie to end the over, delivered from the line of the stumps, and breaking 
away sharply from off stump, past Kamande's waft and into Bagai's quick gloves. 
end of over 221 run  
KENYA: 78/5CRR: 3.54  
Jimmy Kamande10 (28b 2x4) 
Tanmay Mishra19 (26b 2x4) 
Balaji Rao 1-0-1-0 
Rizwan Cheema 4-1-8-1 
Vasa: ""Balaji Rao is Canada's Ramesh Powar.""",21.6,0,0.0,"Balaji Rao to Kamande, no run  .sprightly leggie to end the over, delivered from the line of the stumps, and breaking  .away sharply from off stump, past Kamande's waft and into Bagai's quick gloves.",Balaji Rao,Kamande,0.0,0,0,1,1,0.0,0,,0
"22.1 
1 
Cheema to Mishra, 1 run 
over-pitched well outside off, Mishra jams it down to third man for one",22.1,1,1.0,"Cheema to Mishra, 1 run  .over-pitched well outside off, Mishra jams it down to third man for one",Cheema,Mishra,1.0,0,0,1,1,1.0,0,,1
"22.2 
1 
Cheema to Kamande, 1 run 
tight run thing, this. Kamande pushes a full ball firmly to mid on and takes off. A direct 
hit might have got him, despite the sprawling dive.",22.2,1,1.0,"Cheema to Kamande, 1 run  .tight run thing, this. Kamande pushes a full ball firmly to mid on and takes off. A direct  .hit might have got him, despite the sprawling dive.",Cheema,Kamande,1.0,0,0,1,1,1.0,0,,1
"22.3 
1 
Cheema to Mishra, 1 run 
short ball outside off, Mishra looks to cut and gets a thick edge down to third man, but 
there is protection",22.3,1,1.0,"Cheema to Mishra, 1 run  .short ball outside off, Mishra looks to cut and gets a thick edge down to third man, but  .there is protection",Cheema,Mishra,1.0,0,0,1,1,1.0,0,,1
"22.4 
• 
Cheema to Kamande, no run 
slower ball, offcutter at 113 kph, defended carefully to the off side",22.4,0,0.0,"Cheema to Kamande, no run  .slower ball, offcutter at 113 kph, defended carefully to the off side",Cheema,Kamande,0.0,0,0,1,1,0.0,0,,0
"22.5 
• 
Cheema to Kamande, no run 
pleasing drive, but he finds the fielder. Cheema over-pitches on leg stump and 
Kamande's smooth on-drive is intercepted at mid on",22.5,0,0.0,"Cheema to Kamande, no run  .pleasing drive, but he finds the fielder. Cheema over-pitches on leg stump and  .Kamande's smooth on-drive is intercepted at mid on",Cheema,Kamande,0.0,0,0,1,1,0.0,0,,0
"22.6 
• 
Cheema to Kamande, no run 
another mysterious offcutter from Cheema, nearly cuts the Kenya captain in half as he 
thinks of gliding it fine. 
end of over 233 runs  
KENYA: 81/5CRR: 3.52  
Jimmy Kamande11 (32b 2x4) 
Tanmay Mishra21 (28b 2x4) 
Rizwan Cheema 5-1-11-1 
Balaji Rao 1-0-1-0",22.6,0,0.0,"Cheema to Kamande, no run  .another mysterious offcutter from Cheema, nearly cuts the Kenya captain in half as he  .thinks of gliding it fine.",Cheema,Kamande,0.0,0,0,1,1,0.0,0,,0
"23.1 
• 
Balaji Rao to Mishra, no run 
tossed up on off stump, defended compactly off the front foot",23.1,0,0.0,"Balaji Rao to Mishra, no run  .tossed up on off stump, defended compactly off the front foot",Balaji Rao,Mishra,0.0,0,0,1,1,0.0,0,,0
"23.2 
1 
Balaji Rao to Mishra, 1 run 
on the pads, and Mishra dabs to midwicket for a quick single",23.2,1,1.0,"Balaji Rao to Mishra, 1 run  .on the pads, and Mishra dabs to midwicket for a quick single",Balaji Rao,Mishra,1.0,0,0,1,1,1.0,0,,1
"23.3 
• 
Balaji Rao to Kamande, no run 
googly comes out well, lands outside off and breaks in. Kamande looks chuffed that he 
managed to pick it and defend!",23.3,0,0.0,"Balaji Rao to Kamande, no run  .googly comes out well, lands outside off and breaks in. Kamande looks chuffed that he  .managed to pick it and defend!",Balaji Rao,Kamande,0.0,0,0,1,1,0.0,0,,0
"23.4 
• 
Balaji Rao to Kamande, no run 
this one breaks the other way, Kamande stays stuck to the crease and tries to cut. And 
misses.",23.4,0,0.0,"Balaji Rao to Kamande, no run  .this one breaks the other way, Kamande stays stuck to the crease and tries to cut. And  .misses.",Balaji Rao,Kamande,0.0,0,0,1,1,0.0,0,,0
"23.5 
1 
Balaji Rao to Kamande, 1 run 
too short, Kamande is taken by surprise and is late on the pull. He bottom edges it 
towards wide mid on",23.5,1,1.0,"Balaji Rao to Kamande, 1 run  .too short, Kamande is taken by surprise and is late on the pull. He bottom edges it  .towards wide mid on",Balaji Rao,Kamande,1.0,0,0,1,1,1.0,0,,1
"23.6 
1 
Balaji Rao to Mishra, 1 run 
another short ball, this time Mishra latches on late and under-edges through mid on for 
a single 
end of over 243 runs  
KENYA: 84/5CRR: 3.50  
Tanmay Mishra23 (31b 2x4) 
Jimmy Kamande12 (35b 2x4) 
Balaji Rao 2-0-4-0 
Rizwan Cheema 5-1-11-1 
Davison comes on. Slayer of West Indian attacks. In World Cups. Especially if the year is 
2003. Bowling offies is his day job.",23.6,1,1.0,"Balaji Rao to Mishra, 1 run  .another short ball, this time Mishra latches on late and under-edges through mid on for  .a single",Balaji Rao,Mishra,1.0,0,0,1,1,1.0,0,,1
"24.1 
1 
Davison to Mishra, 1 run 
turning in from wide of the stumps, punched into the covers for one 
Round the wicket now.",24.1,1,1.0,"Davison to Mishra, 1 run  .turning in from wide of the stumps, punched into the covers for one  .Round the wicket now.",Davison,Mishra,1.0,0,0,1,1,1.0,0,,1
"24.2 
• 
Davison to Kamande, no run 
tossed up wide of the stumps, Kamande dabs it along to third man",24.2,0,0.0,"Davison to Kamande, no run  .tossed up wide of the stumps, Kamande dabs it along to third man",Davison,Kamande,0.0,0,0,1,1,0.0,0,,0
"24.3 
1 
Davison to Kamande, 1 run 
goes for a big sweep and gets a top edge. Thankfully for Kenya, it doesn't carry to the 
man at deep square leg",24.3,1,1.0,"Davison to Kamande, 1 run  .goes for a big sweep and gets a top edge. Thankfully for Kenya, it doesn't carry to the  .man at deep square leg",Davison,Kamande,1.0,0,0,1,1,1.0,0,,1
"24.4 
• 
Davison to Mishra, no run 
Mishra tries to winkle a square drive off a delivery tossed up outside off, but finds the 
fielder",24.4,0,0.0,"Davison to Mishra, no run  .Mishra tries to winkle a square drive off a delivery tossed up outside off, but finds the  .fielder",Davison,Mishra,0.0,0,0,1,1,0.0,0,,0
"24.5 
1 
Davison to Mishra, 1 run 
flatter and straighter, punched down the ground for a single",24.5,1,1.0,"Davison to Mishra, 1 run  .flatter and straighter, punched down the ground for a single",Davison,Mishra,1.0,0,0,1,1,1.0,0,,1
"24.6 
• 
Davison to Kamande, no run 
Kamanda strays out of the crease and tries some kind of a shot to the leg side and gets 
a leading edge towards point. 
end of over 253 runs  
KENYA: 87/5CRR: 3.48  
Jimmy Kamande13 (38b 2x4) 
Tanmay Mishra25 (34b 2x4) 
John Davison 1-0-3-0 
Balaji Rao 2-0-4-0",24.6,0,0.0,"Davison to Kamande, no run  .Kamanda strays out of the crease and tries some kind of a shot to the leg side and gets  .a leading edge towards point.",Davison,Kamande,0.0,0,0,1,1,0.0,0,,0
"25.1 
1 
Balaji Rao to Mishra, 1 run 
turning into the stumps from outside leg, tucked through square leg for one",25.1,1,1.0,"Balaji Rao to Mishra, 1 run  .turning into the stumps from outside leg, tucked through square leg for one",Balaji Rao,Mishra,1.0,0,0,1,1,1.0,0,,1
"25.2 
• 
Balaji Rao to Kamande, no run 
tossed up and quicker, hurries into Kamande who somehow managed to poke it to the 
off side",25.2,0,0.0,"Balaji Rao to Kamande, no run  .tossed up and quicker, hurries into Kamande who somehow managed to poke it to the  .off side",Balaji Rao,Kamande,0.0,0,0,1,1,0.0,0,,0
"25.3 
• 
Balaji Rao to Kamande, no run 
lovely bowling, tossed up outside off and inviting the drive, spinning prodigiously past 
the outside egde. Kamande did well to keep the back foot inside the crease, Bagai was 
quick to whip the bails off",25.3,0,0.0,"Balaji Rao to Kamande, no run  .lovely bowling, tossed up outside off and inviting the drive, spinning prodigiously past  .the outside egde. Kamande did well to keep the back foot inside the crease, Bagai was  .quick to whip the bails off",Balaji Rao,Kamande,0.0,0,0,1,1,0.0,0,,0
"25.4 
• 
Balaji Rao to Kamande, no run 
flatter on off stump and turning away, pushed with the opened face towards point",25.4,0,0.0,"Balaji Rao to Kamande, no run  .flatter on off stump and turning away, pushed with the opened face towards point",Balaji Rao,Kamande,0.0,0,0,1,1,0.0,0,,0
"25.5 
1 
Balaji Rao to Kamande, 1 run 
speared onto the pads, whipped through midwicket for a single",25.5,1,1.0,"Balaji Rao to Kamande, 1 run  .speared onto the pads, whipped through midwicket for a single",Balaji Rao,Kamande,1.0,0,0,1,1,1.0,0,,1
"25.6 
• 
Balaji Rao to Mishra, no run 
hurries through outside off, a hint of low bounce too as Mishra looks to chop and 
misses 
Talha: ""Kamande has been talking about the 'Kenyan brand of cricket' since long. Now 
that he is out there, please englighten us!!"" 
end of over 262 runs  
KENYA: 89/5CRR: 3.42  
Tanmay Mishra26 (36b 2x4) 
Jimmy Kamande14 (42b 2x4) 
Balaji Rao 3-0-6-0 
John Davison 1-0-3-0",25.6,0,0.0,"Balaji Rao to Mishra, no run  .hurries through outside off, a hint of low bounce too as Mishra looks to chop and  .misses",Balaji Rao,Mishra,0.0,0,0,1,1,0.0,0,,0
"26.1 
1 
Davison to Kamande, 1 run 
speared helpfully on the pads from round the wicket, worked through midwicket for a 
single",26.1,1,1.0,"Davison to Kamande, 1 run  .speared helpfully on the pads from round the wicket, worked through midwicket for a  .single",Davison,Kamande,1.0,0,0,1,1,1.0,0,,1
"26.2 
4 
Davison to Mishra, FOUR runs 
a rare boundary for Kenya. Mishra gets another fastish delivery from Davison, wasted as 
it drifts down the leg side, and he lap sweeps it well, taking care to get it finer than the 
man at short fine leg. Away for four.",26.2,4,4.0,"Davison to Mishra, FOUR runs  .a rare boundary for Kenya. Mishra gets another fastish delivery from Davison, wasted as  .it drifts down the leg side, and he lap sweeps it well, taking care to get it finer than the  .man at short fine leg. Away for four.",Davison,Mishra,4.0,1,0,1,1,4.0,0,,1
"26.3 
1 
Davison to Mishra, 1 run 
Mishra advances to the flight of the ball and drives through mid on for a single",26.3,1,1.0,"Davison to Mishra, 1 run  .Mishra advances to the flight of the ball and drives through mid on for a single",Davison,Mishra,1.0,0,0,1,1,1.0,0,,1
"26.4 
• 
Davison to Kamande, no run 
short of a length on off stump, Kamande looks to bustle out of the crease and dab to 
the off side",26.4,0,0.0,"Davison to Kamande, no run  .short of a length on off stump, Kamande looks to bustle out of the crease and dab to  .the off side",Davison,Kamande,0.0,0,0,1,1,0.0,0,,0
"26.5 
• 
Davison to Kamande, no run 
straighter this time, on the stumps and played back to the bowler",26.5,0,0.0,"Davison to Kamande, no run  .straighter this time, on the stumps and played back to the bowler",Davison,Kamande,0.0,0,0,1,1,0.0,0,,0
"26.6 
1 
Davison to Kamande, 1 run 
some poor lines here from Davison. Another one landed on the leg stump and Kamande 
goes for the comprehensive sweep through square leg. Only a single on offer though. 
end of over 277 runs  
KENYA: 96/5CRR: 3.55  
Jimmy Kamande16 (46b 2x4) 
Tanmay Mishra31 (38b 3x4) 
John Davison 2-0-10-0 
Balaji Rao 3-0-6-0",26.6,1,1.0,"Davison to Kamande, 1 run  .some poor lines here from Davison. Another one landed on the leg stump and Kamande  .goes for the comprehensive sweep through square leg. Only a single on offer though.",Davison,Kamande,1.0,0,0,1,1,1.0,0,,1
"27.1 
• 
Balaji Rao to Kamande, no run 
full toss from Rao, on the off stump and wasted. The drive is played straight to mid off",27.1,0,0.0,"Balaji Rao to Kamande, no run  .full toss from Rao, on the off stump and wasted. The drive is played straight to mid off",Balaji Rao,Kamande,0.0,0,0,1,1,0.0,0,,0
"27.2 
• 
Balaji Rao to Kamande, no run 
Kamande all at sea. Tries to open the face and somehow make contact with a 
legspinner. You guess right, he missed.",27.2,0,0.0,"Balaji Rao to Kamande, no run  .Kamande all at sea. Tries to open the face and somehow make contact with a  .legspinner. You guess right, he missed.",Balaji Rao,Kamande,0.0,0,0,1,1,0.0,0,,0
"27.3 
1 
Balaji Rao to Kamande, 1 run 
now he gets bat on ball, steering into the off side for a single",27.3,1,1.0,"Balaji Rao to Kamande, 1 run  .now he gets bat on ball, steering into the off side for a single",Balaji Rao,Kamande,1.0,0,0,1,1,1.0,0,,1
"27.4 
1 
Balaji Rao to Mishra, 1 run 
length ball on off stump, Mishra presses forward ans softly drops it on the leg side for a 
single",27.4,1,1.0,"Balaji Rao to Mishra, 1 run  .length ball on off stump, Mishra presses forward ans softly drops it on the leg side for a  .single",Balaji Rao,Mishra,1.0,0,0,1,1,1.0,0,,1
"27.5 
• 
Balaji Rao to Kamande, no run 
Kamande leaps out to off stump and looks for the leg side hoick, but Rao keeps it 
outside off stump and foils his plans",27.5,0,0.0,"Balaji Rao to Kamande, no run  .Kamande leaps out to off stump and looks for the leg side hoick, but Rao keeps it  .outside off stump and foils his plans",Balaji Rao,Kamande,0.0,0,0,1,1,0.0,0,,0
"27.6 
5w 
Balaji Rao to Kamande, 5 wide 
whoa, what happened there? Rao slips this down the leg side, it lands well outside leg 
and turns sharply, missed the leg stump and ran away through Bagai's legs down to 
third man.",27.6,5w,5.0,"Balaji Rao to Kamande, 5 wide  .whoa, what happened there? Rao slips this down the leg side, it lands well outside leg  .and turns sharply, missed the leg stump and ran away through Bagai's legs down to  .third man.",Balaji Rao,Kamande,0.0,0,0,0,0,5.0,0,,1
"27.6 
1 
Balaji Rao to Kamande, 1 run 
speared onto the toes, dinked towards midwicket for one 
end of over 288 runs  
KENYA: 104/5CRR: 3.71  
Jimmy Kamande18 (51b 2x4) 
Tanmay Mishra32 (39b 3x4) 
Balaji Rao 4-0-14-0 
John Davison 2-0-10-0 
Osinde returns into the attack. As an imaginative fan puts it, the Malcolm Marshall of 
Canada.",27.6,1,1.0,"Balaji Rao to Kamande, 1 run  .speared onto the toes, dinked towards midwicket for one",Balaji Rao,Kamande,1.0,0,0,1,1,1.0,0,,1
"28.1 
• 
Osinde to Kamande, no run 
bustles in on a full length, on the leg stump at 123 kph and driven to mid off",28.1,0,0.0,"Osinde to Kamande, no run  .bustles in on a full length, on the leg stump at 123 kph and driven to mid off",Osinde,Kamande,0.0,0,0,1,1,0.0,0,,0
"28.2 
4 
Osinde to Kamande, FOUR runs 
take that. Kamande has struggled against spin, and clearly prefers pace on the ball. This 
was just short of a length and coming into his body, Kamande responded by standing 
tall and smacking the pull between mid on and midwicket. Dismissive.",28.2,4,4.0,"Osinde to Kamande, FOUR runs  .take that. Kamande has struggled against spin, and clearly prefers pace on the ball. This  .was just short of a length and coming into his body, Kamande responded by standing  .tall and smacking the pull between mid on and midwicket. Dismissive.",Osinde,Kamande,4.0,1,0,1,1,4.0,0,,1
"28.3 
• 
Osinde to Kamande, no run 
Osinde adjusts line and length, gets this outside off at the un-pullable, un-drivable 
length. Kamande defends to the off side",28.3,0,0.0,"Osinde to Kamande, no run  .Osinde adjusts line and length, gets this outside off at the un-pullable, un-drivable  .length. Kamande defends to the off side",Osinde,Kamande,0.0,0,0,1,1,0.0,0,,0
"28.4 
• 
Osinde to Kamande, no run 
this one keeps low after landing back of a length outside off, and Kamande misses the 
cut",28.4,0,0.0,"Osinde to Kamande, no run  .this one keeps low after landing back of a length outside off, and Kamande misses the  .cut",Osinde,Kamande,0.0,0,0,1,1,0.0,0,,0
"28.5 
• 
Osinde to Kamande, no run 
another one keeps low outside off, Kamande looks to cut and then bends low at the last 
moment to play it out to the off side",28.5,0,0.0,"Osinde to Kamande, no run  .another one keeps low outside off, Kamande looks to cut and then bends low at the last  .moment to play it out to the off side",Osinde,Kamande,0.0,0,0,1,1,0.0,0,,0
"28.6 
• 
Osinde to Kamande, no run 
ends with one back of a length on off stump and it is defended from the crease to the 
off side 
end of over 294 runs  
KENYA: 108/5CRR: 3.72  
Jimmy Kamande22 (57b 3x4) 
Tanmay Mishra32 (39b 3x4) 
Henry Osinde 8-2-20-3 
Balaji Rao 4-0-14-0",28.6,0,0.0,"Osinde to Kamande, no run  .ends with one back of a length on off stump and it is defended from the crease to the  .off side",Osinde,Kamande,0.0,0,0,1,1,0.0,0,,0
"29.1 
1 
Balaji Rao to Mishra, 1 run 
leggie on the pads, clipped through square leg for one 
Though he is a leggie, Rao's action is reminiscent of two offies - Aravinda de Silva and 
Maurice Odumbe",29.1,1,1.0,"Balaji Rao to Mishra, 1 run  .leggie on the pads, clipped through square leg for one  .Though he is a leggie, Rao's action is reminiscent of two offies - Aravinda de Silva and  .Maurice Odumbe",Balaji Rao,Mishra,1.0,0,0,1,1,1.0,0,,1
"29.2 
W 
Balaji Rao to Kamande, OUT 
Rao has struck, and Kamande's woes against spin come to an end. Short ball, landed 
close to his own half, and turning away from Kamande. He went for the cut, and if 
anything, seems to have been caught out by the extra bounce. Poor feet movement did 
not help his cause. He was rooted to where he took guard and went at it hard. He gets a 
faint edge on the cut, and Bagai pouches it well. 
Jimmy Kamande c †Bagai b Balaji Rao 22 (58b 3x4 0x6 49m) SR: 37.93 
Odoyo walks out. Veteran of many World Cups. Was there in Poona when Kenya 
stunned WI.",29.2,W,0.0,"Balaji Rao to Kamande, OUT  .Rao has struck, and Kamande's woes against spin come to an end. Short ball, landed  .close to his own half, and turning away from Kamande. He went for the cut, and if  .anything, seems to have been caught out by the extra bounce. Poor feet movement did  .not help his cause. He was rooted to where he took guard and went at it hard. He gets a  .faint edge on the cut, and Bagai pouches it well.  .Jimmy Kamande c †Bagai b Balaji Rao 22 (58b 3x4 0x6 49m) SR: 37.93",Balaji Rao,Kamande,0.0,0,0,1,1,0.0,1,c †Bagai b Balaji Rao,0
"29.3 
• 
Balaji Rao to Odoyo, no run 
Rao welcomes him with a googly well outside off, and Odoyo leans out to smother the 
turn",29.3,0,0.0,"Balaji Rao to Odoyo, no run  .Rao welcomes him with a googly well outside off, and Odoyo leans out to smother the  .turn",Balaji Rao,Odoyo,0.0,0,0,1,1,0.0,0,,0
"29.4 
• 
Balaji Rao to Odoyo, no run",29.4,0,0.0,"Balaji Rao to Odoyo, no run",Balaji Rao,Odoyo,0.0,0,0,1,1,0.0,0,,0
"29.5 
• 
Balaji Rao to Odoyo, no run 
another wrong 'un, Odoyo leans out and defends from the crease",29.5,0,0.0,"Balaji Rao to Odoyo, no run  .another wrong 'un, Odoyo leans out and defends from the crease",Balaji Rao,Odoyo,0.0,0,0,1,1,0.0,0,,0
"29.6 
1 
Balaji Rao to Odoyo, 1 run 
Odoyo turns one on the pads to the leg side for one 
Nagraj Gollapudi: ""Odoyo looks he is an NFL quarterback with that helmet."" I wonder 
what Naga thinks of Jesse Ryder's helmet. Or Michael Yardy's. 
end of over 302 runs • 1 wicket 
KENYA: 110/6CRR: 3.66  
Thomas Odoyo1 (4b) 
Tanmay Mishra33 (40b 3x4) 
Balaji Rao 5-0-16-1 
Henry Osinde 8-2-20-3 
Baidwan returns, with slip in place.",29.6,1,1.0,"Balaji Rao to Odoyo, 1 run  .Odoyo turns one on the pads to the leg side for one",Balaji Rao,Odoyo,1.0,0,0,1,1,1.0,0,,1
"30.1 
• 
Baidwan to Odoyo, no run 
straight and sharp, on middle stump and defended down the track",30.1,0,0.0,"Baidwan to Odoyo, no run  .straight and sharp, on middle stump and defended down the track",Baidwan,Odoyo,0.0,0,0,1,1,0.0,0,,0
"30.2 
4 
Baidwan to Odoyo, FOUR runs 
this time he strays on the pads, and Odoyo plays a nice flick through square leg. Rao is 
in the thick of things, running in from deep fine leg and diving away like a Bollywood 
hero's stunt double would, and he is sprawling on the ropes as the ball trickles past.",30.2,4,4.0,"Baidwan to Odoyo, FOUR runs  .this time he strays on the pads, and Odoyo plays a nice flick through square leg. Rao is  .in the thick of things, running in from deep fine leg and diving away like a Bollywood  .hero's stunt double would, and he is sprawling on the ropes as the ball trickles past.",Baidwan,Odoyo,4.0,1,0,1,1,4.0,0,,1
"30.3 
• 
Baidwan to Odoyo, no run 
length ball on off stump, defended down the track",30.3,0,0.0,"Baidwan to Odoyo, no run  .length ball on off stump, defended down the track",Baidwan,Odoyo,0.0,0,0,1,1,0.0,0,,0
"30.4 
1 
Baidwan to Odoyo, 1 run 
poor throw saves Mishra. It wasn't a throw, as much as an under-arm coaxing of the 
ball, back at Bagai. Odoyo dinked it to the off side and took off, the fielder had the time 
to line up a good throw but chose to under-arm flick it. That allowed Mishra enough 
time to get in.",30.4,1,1.0,"Baidwan to Odoyo, 1 run  .poor throw saves Mishra. It wasn't a throw, as much as an under-arm coaxing of the  .ball, back at Bagai. Odoyo dinked it to the off side and took off, the fielder had the time  .to line up a good throw but chose to under-arm flick it. That allowed Mishra enough  .time to get in.",Baidwan,Odoyo,1.0,0,0,1,1,1.0,0,,1
"30.5 
• 
Baidwan to Mishra, no run",30.5,0,0.0,"Baidwan to Mishra, no run",Baidwan,Mishra,0.0,0,0,1,1,0.0,0,,0
"30.6 
• 
Baidwan to Mishra, no run 
on the pads to end the over, Mishra flicks straight to midwicket 
end of over 315 runs  
KENYA: 115/6CRR: 3.70  
Tanmay Mishra33 (42b 3x4) 
Thomas Odoyo6 (8b 1x4) 
Harvir Baidwan 7-1-33-1 
Balaji Rao 5-0-16-1",30.6,0,0.0,"Baidwan to Mishra, no run  .on the pads to end the over, Mishra flicks straight to midwicket",Baidwan,Mishra,0.0,0,0,1,1,0.0,0,,0
"31.1 
1 
Balaji Rao to Odoyo, 1 run 
full length ball on off stump, driven down to long on for one",31.1,1,1.0,"Balaji Rao to Odoyo, 1 run  .full length ball on off stump, driven down to long on for one",Balaji Rao,Odoyo,1.0,0,0,1,1,1.0,0,,1
"31.2 
1 
Balaji Rao to Mishra, 1 run 
tossed up and turning away, he pushes forward for an off drive 
Odoyo's helmet is the same type as worn by Sanga. Looks like a duck is perched on the 
batsman's head.",31.2,1,1.0,"Balaji Rao to Mishra, 1 run  .tossed up and turning away, he pushes forward for an off drive  .Odoyo's helmet is the same type as worn by Sanga. Looks like a duck is perched on the  .batsman's head.",Balaji Rao,Mishra,1.0,0,0,1,1,1.0,0,,1
"31.3 
• 
Balaji Rao to Odoyo, no run 
Rao rips another one across, but Odoyo smothers the spin well with a solid forward 
press",31.3,0,0.0,"Balaji Rao to Odoyo, no run  .Rao rips another one across, but Odoyo smothers the spin well with a solid forward  .press",Balaji Rao,Odoyo,0.0,0,0,1,1,0.0,0,,0
"31.4 
• 
Balaji Rao to Odoyo, no run 
shorter this time, Odoyo looks to work it to the off side with the spin, but can't get the 
gap",31.4,0,0.0,"Balaji Rao to Odoyo, no run  .shorter this time, Odoyo looks to work it to the off side with the spin, but can't get the  .gap",Balaji Rao,Odoyo,0.0,0,0,1,1,0.0,0,,0
"31.5 
3 
Balaji Rao to Odoyo, 3 runs 
unnecessary direct hit allows a third. Odoya stays back and punches through midwicket 
for a couple. And then he gets a third.",31.5,3,3.0,"Balaji Rao to Odoyo, 3 runs  .unnecessary direct hit allows a third. Odoya stays back and punches through midwicket  .for a couple. And then he gets a third.",Balaji Rao,Odoyo,3.0,0,0,1,1,3.0,0,,1
"31.6 
1 
Balaji Rao to Mishra, 1 run 
short of a length again, Mishra works through the leg side for one more 
Govardan: ""One must mention Sangakkara here,even his strike rate in ODI's peaked 
wearing that helmet"" 
end of over 326 runs  
KENYA: 121/6CRR: 3.78  
Tanmay Mishra35 (44b 3x4) 
Thomas Odoyo10 (12b 1x4) 
Balaji Rao 6-0-22-1 
Harvir Baidwan 7-1-33-1 
Parth Desai comes on. Unfortunately, I don't know enough to give him the kind of grand 
entry Rao and Davison got.",31.6,1,1.0,"Balaji Rao to Mishra, 1 run  .short of a length again, Mishra works through the leg side for one more",Balaji Rao,Mishra,1.0,0,0,1,1,1.0,0,,1
"32.1 
1 
Desai to Mishra, 1 run 
back of a length on the pads, worked with the pads through the leg side for one",32.1,1,1.0,"Desai to Mishra, 1 run  .back of a length on the pads, worked with the pads through the leg side for one",Desai,Mishra,1.0,0,0,1,1,1.0,0,,1
"32.2 
1 
Desai to Odoyo, 1 run 
back of a length on off stump, defended back down the track",32.2,1,1.0,"Desai to Odoyo, 1 run  .back of a length on off stump, defended back down the track",Desai,Odoyo,1.0,0,0,1,1,1.0,0,,1
"32.3 
1 
Desai to Mishra, 1 run 
this one is speared onto the pads and is worked through square leg for one.",32.3,1,1.0,"Desai to Mishra, 1 run  .this one is speared onto the pads and is worked through square leg for one.",Desai,Mishra,1.0,0,0,1,1,1.0,0,,1
"32.4 
1 
Desai to Odoyo, 1 run 
looped up on off stump, dabbed into the off side for a single",32.4,1,1.0,"Desai to Odoyo, 1 run  .looped up on off stump, dabbed into the off side for a single",Desai,Odoyo,1.0,0,0,1,1,1.0,0,,1
"32.5 
2 
Desai to Mishra, 2 runs 
flighted on leg stump, and Mishra drives down the leg side for one",32.5,2,2.0,"Desai to Mishra, 2 runs  .flighted on leg stump, and Mishra drives down the leg side for one",Desai,Mishra,2.0,0,0,1,1,2.0,0,,1
"32.6 
• 
Desai to Mishra, no run 
tossed up on off and middle, he leans out and defends down the track 
Right then, it is drinks. How many expected Kenya to last this long after that horror 
start? Abhishek will take you to the end of the innings, while I move over to the chat 
console. 
end of over 336 runs  
KENYA: 127/6CRR: 3.84  
Tanmay Mishra39 (48b 3x4) 
Thomas Odoyo12 (14b 1x4) 
Parth Desai 2-0-16-0 
Balaji Rao 6-0-22-1 
Thanks Nitin. Mishra has looked good. Here's Chock: ""Please give some overs to 
Cheema. I dont have any one else in my fantasy team today..Let me also get some 
points. :)""",32.6,0,0.0,"Desai to Mishra, no run  .tossed up on off and middle, he leans out and defends down the track  .Right then, it is drinks. How many expected Kenya to last this long after that horror  .start? Abhishek will take you to the end of the innings, while I move over to the chat  .console.",Desai,Mishra,0.0,0,0,1,1,0.0,0,,0
"33.1 
• 
Balaji Rao to Odoyo, no run 
loopy full legbreak, he comes forward and pushes to the off side",33.1,0,0.0,"Balaji Rao to Odoyo, no run  .loopy full legbreak, he comes forward and pushes to the off side",Balaji Rao,Odoyo,0.0,0,0,1,1,0.0,0,,0
"33.2 
• 
Balaji Rao to Odoyo, no run 
gets away with a low and slow short one that is cut away to point",33.2,0,0.0,"Balaji Rao to Odoyo, no run  .gets away with a low and slow short one that is cut away to point",Balaji Rao,Odoyo,0.0,0,0,1,1,0.0,0,,0
"33.3 
1 
Balaji Rao to Odoyo, 1 run 
tosses it up outside leg stump, and it is worked away to deep midwicket",33.3,1,1.0,"Balaji Rao to Odoyo, 1 run  .tosses it up outside leg stump, and it is worked away to deep midwicket",Balaji Rao,Odoyo,1.0,0,0,1,1,1.0,0,,1
"33.4 
• 
Balaji Rao to Mishra, no run 
short and turning away, cut away towards extra cover",33.4,0,0.0,"Balaji Rao to Mishra, no run  .short and turning away, cut away towards extra cover",Balaji Rao,Mishra,0.0,0,0,1,1,0.0,0,,0
"33.5 
• 
Balaji Rao to Mishra, no run 
gets right to the pitch of this tossed up delivery outside off stump, and drives it straight 
to extra cover",33.5,0,0.0,"Balaji Rao to Mishra, no run  .gets right to the pitch of this tossed up delivery outside off stump, and drives it straight  .to extra cover",Balaji Rao,Mishra,0.0,0,0,1,1,0.0,0,,0
"33.6 
• 
Balaji Rao to Mishra, no run 
well bowled, flighted up even further, and closer to off stump this time, he goes for 
another drive and is beaten 
end of over 341 run  
KENYA: 128/6CRR: 3.76  
Tanmay Mishra39 (51b 3x4) 
Thomas Odoyo13 (17b 1x4) 
Balaji Rao 7-0-23-1 
Parth Desai 2-0-16-0",33.6,0,0.0,"Balaji Rao to Mishra, no run  .well bowled, flighted up even further, and closer to off stump this time, he goes for  .another drive and is beaten",Balaji Rao,Mishra,0.0,0,0,1,1,0.0,0,,0
"34.1 
• 
Desai to Odoyo, no run 
goes on straight outside off stump, keeps low, pushed away to extra cover",34.1,0,0.0,"Desai to Odoyo, no run  .goes on straight outside off stump, keeps low, pushed away to extra cover",Desai,Odoyo,0.0,0,0,1,1,0.0,0,,0
"34.2 
• 
Desai to Odoyo, no run 
another one keeps very low outside off stump, turns away from the edge, Bagai 
manages to get some glove on it",34.2,0,0.0,"Desai to Odoyo, no run  .another one keeps very low outside off stump, turns away from the edge, Bagai  .manages to get some glove on it",Desai,Odoyo,0.0,0,0,1,1,0.0,0,,0
"34.3 
• 
Desai to Odoyo, no run 
defended off the front foot",34.3,0,0.0,"Desai to Odoyo, no run  .defended off the front foot",Desai,Odoyo,0.0,0,0,1,1,0.0,0,,0
"34.4 
4 
Desai to Odoyo, FOUR runs 
Odoyo comes charging down the track, gets to the pitch and lifts this tossed up one 
with the turn over extra cover, one bounce over the ropes",34.4,4,4.0,"Desai to Odoyo, FOUR runs  .Odoyo comes charging down the track, gets to the pitch and lifts this tossed up one  .with the turn over extra cover, one bounce over the ropes",Desai,Odoyo,4.0,1,0,1,1,4.0,0,,1
"34.5 
• 
Desai to Odoyo, no run 
goes for the cut to a delivery that is very close to off stump, and underedges it",34.5,0,0.0,"Desai to Odoyo, no run  .goes for the cut to a delivery that is very close to off stump, and underedges it",Desai,Odoyo,0.0,0,0,1,1,0.0,0,,0
"34.6 
• 
Desai to Odoyo, no run 
down the legside, he looks to work it fine but misses 
end of over 354 runs  
KENYA: 132/6CRR: 3.77  
Thomas Odoyo17 (23b 2x4) 
Tanmay Mishra39 (51b 3x4) 
Parth Desai 3-0-20-0 
Balaji Rao 7-0-23-1",34.6,0,0.0,"Desai to Odoyo, no run  .down the legside, he looks to work it fine but misses",Desai,Odoyo,0.0,0,0,1,1,0.0,0,,0
"35.1 
• 
Balaji Rao to Mishra, no run 
flighted up on leg stump, he reaches out to smother it",35.1,0,0.0,"Balaji Rao to Mishra, no run  .flighted up on leg stump, he reaches out to smother it",Balaji Rao,Mishra,0.0,0,0,1,1,0.0,0,,0
"35.2 
1 
Balaji Rao to Mishra, 1 run 
gets an inside edge on the leg side for a single as he stretches forward 
Vamsee: ""Hey Chock!! Rizwan Cheema is already getting 50 + 6 + 30 = 86 points. 
Assuming he is your captain, you are already getting 176 points. Stop being greedy!!""",35.2,1,1.0,"Balaji Rao to Mishra, 1 run  .gets an inside edge on the leg side for a single as he stretches forward",Balaji Rao,Mishra,1.0,0,0,1,1,1.0,0,,1
"35.3 
• 
Balaji Rao to Odoyo, no run 
tossed up with an invite to drive through extra cover with slip waiting, he does so, but 
very softly and along the ground",35.3,0,0.0,"Balaji Rao to Odoyo, no run  .tossed up with an invite to drive through extra cover with slip waiting, he does so, but  .very softly and along the ground",Balaji Rao,Odoyo,0.0,0,0,1,1,0.0,0,,0
"35.4 
• 
Balaji Rao to Odoyo, no run 
flatter and quicker, he goes back to defend down the pitch",35.4,0,0.0,"Balaji Rao to Odoyo, no run  .flatter and quicker, he goes back to defend down the pitch",Balaji Rao,Odoyo,0.0,0,0,1,1,0.0,0,,0
"35.5 
1 
Balaji Rao to Odoyo, 1 run 
another shortish one, hurries on after pitching, he hammers it away wide of midwicket",35.5,1,1.0,"Balaji Rao to Odoyo, 1 run  .another shortish one, hurries on after pitching, he hammers it away wide of midwicket",Balaji Rao,Odoyo,1.0,0,0,1,1,1.0,0,,1
"35.6 
1 
Balaji Rao to Mishra, 1 run 
gets to the pitch of a flighted one outside off and drives it along the ground to long off 
end of over 363 runs  
KENYA: 135/6CRR: 3.75  
Tanmay Mishra41 (54b 3x4) 
Thomas Odoyo18 (26b 2x4) 
Balaji Rao 8-0-26-1 
Parth Desai 3-0-20-0 
Davison comes in to the attack for some offbreaks from round the stumps",35.6,1,1.0,"Balaji Rao to Mishra, 1 run  .gets to the pitch of a flighted one outside off and drives it along the ground to long off",Balaji Rao,Mishra,1.0,0,0,1,1,1.0,0,,1
"36.1 
1 
Davison to Mishra, 1 run 
turning down the pads, turned behind square leg",36.1,1,1.0,"Davison to Mishra, 1 run  .turning down the pads, turned behind square leg",Davison,Mishra,1.0,0,0,1,1,1.0,0,,1
"36.2 
1 
Davison to Odoyo, 1 run 
slow and low one on the leg stump, he pushes hard at it, and it goes in the air just wide 
of the man at midwicket",36.2,1,1.0,"Davison to Odoyo, 1 run  .slow and low one on the leg stump, he pushes hard at it, and it goes in the air just wide  .of the man at midwicket",Davison,Odoyo,1.0,0,0,1,1,1.0,0,,1
"36.3 
• 
Davison to Mishra, no run 
comes down the track, almost yorks himself and digs it away back to the bowler",36.3,0,0.0,"Davison to Mishra, no run  .comes down the track, almost yorks himself and digs it away back to the bowler",Davison,Mishra,0.0,0,0,1,1,0.0,0,,0
"36.4 
2 
Davison to Mishra, 2 runs 
gets some width outside off and cuts it backward of point, a fumble close to the ropes 
concedes an extra run",36.4,2,2.0,"Davison to Mishra, 2 runs  .gets some width outside off and cuts it backward of point, a fumble close to the ropes  .concedes an extra run",Davison,Mishra,2.0,0,0,1,1,2.0,0,,1
"36.5 
1 
Davison to Mishra, 1 run 
pushed away in front of covers off the front foot",36.5,1,1.0,"Davison to Mishra, 1 run  .pushed away in front of covers off the front foot",Davison,Mishra,1.0,0,0,1,1,1.0,0,,1
"36.6 
• 
Davison to Odoyo, no run 
quicker one on the pads, turned to midwicket, Mishra wants a run, Odoyo sends him 
back 
end of over 375 runs  
KENYA: 140/6CRR: 3.78  
Thomas Odoyo19 (28b 2x4) 
Tanmay Mishra45 (58b 3x4) 
John Davison 3-0-15-0 
Balaji Rao 8-0-26-1",36.6,0,0.0,"Davison to Odoyo, no run  .quicker one on the pads, turned to midwicket, Mishra wants a run, Odoyo sends him  .back",Davison,Odoyo,0.0,0,0,1,1,0.0,0,,0
"37.1 
• 
Balaji Rao to Mishra, no run 
shortish and hurrying straight on with the angle, he shuffles and takes it on the pads",37.1,0,0.0,"Balaji Rao to Mishra, no run  .shortish and hurrying straight on with the angle, he shuffles and takes it on the pads",Balaji Rao,Mishra,0.0,0,0,1,1,0.0,0,,0
"37.2 
• 
Balaji Rao to Mishra, no run 
tossed up on middle stump, and he gets forward to defend",37.2,0,0.0,"Balaji Rao to Mishra, no run  .tossed up on middle stump, and he gets forward to defend",Balaji Rao,Mishra,0.0,0,0,1,1,0.0,0,,0
"37.3 
• 
Balaji Rao to Mishra, no run 
pushed in quicker, he hurries forward in defence on the off side",37.3,0,0.0,"Balaji Rao to Mishra, no run  .pushed in quicker, he hurries forward in defence on the off side",Balaji Rao,Mishra,0.0,0,0,1,1,0.0,0,,0
"37.4 
• 
Balaji Rao to Mishra, no run 
looks to tickle one fine on the off side, but cannot get it past Bagai",37.4,0,0.0,"Balaji Rao to Mishra, no run  .looks to tickle one fine on the off side, but cannot get it past Bagai",Balaji Rao,Mishra,0.0,0,0,1,1,0.0,0,,0
"37.5 
1 
Balaji Rao to Mishra, 1 run 
full on leg stump, swept away wide of deep square leg",37.5,1,1.0,"Balaji Rao to Mishra, 1 run  .full on leg stump, swept away wide of deep square leg",Balaji Rao,Mishra,1.0,0,0,1,1,1.0,0,,1
"37.6 
1 
Balaji Rao to Odoyo, 1 run 
tossed up fuller, he goes back in the crease and turns it square 
end of over 382 runs  
KENYA: 142/6CRR: 3.73  
Thomas Odoyo20 (29b 2x4) 
Tanmay Mishra46 (63b 3x4) 
Balaji Rao 9-0-28-1 
John Davison 3-0-15-0 
Ajay: ""Canada miss a young Davison and Kenya miss a Young Tikolo!"" Cheema is back",37.6,1,1.0,"Balaji Rao to Odoyo, 1 run  .tossed up fuller, he goes back in the crease and turns it square",Balaji Rao,Odoyo,1.0,0,0,1,1,1.0,0,,1
"38.1 
• 
Cheema to Odoyo, no run 
length ball on the stumps, blocked down the track off the back foot",38.1,0,0.0,"Cheema to Odoyo, no run  .length ball on the stumps, blocked down the track off the back foot",Cheema,Odoyo,0.0,0,0,1,1,0.0,0,,0
"38.2 
4 
Cheema to Odoyo, FOUR runs 
Odoyo gets the timing perfect on this one, it was fuller and he came forward confidently 
to meet it with a straight bat and sent it racing past extra cover, and it was too quick for 
long off",38.2,4,4.0,"Cheema to Odoyo, FOUR runs  .Odoyo gets the timing perfect on this one, it was fuller and he came forward confidently  .to meet it with a straight bat and sent it racing past extra cover, and it was too quick for  .long off",Cheema,Odoyo,4.0,1,0,1,1,4.0,0,,1
"38.3 
• 
Cheema to Odoyo, no run 
played away in front of point off the back foot",38.3,0,0.0,"Cheema to Odoyo, no run  .played away in front of point off the back foot",Cheema,Odoyo,0.0,0,0,1,1,0.0,0,,0
"38.4 
1 
Cheema to Odoyo, 1 run 
gets forward for another drive along the ground. this time to sweeper cover",38.4,1,1.0,"Cheema to Odoyo, 1 run  .gets forward for another drive along the ground. this time to sweeper cover",Cheema,Odoyo,1.0,0,0,1,1,1.0,0,,1
"38.5 
• 
Cheema to Mishra, no run 
gets it to jag back in from a length outside off stump, he works it with the movement to 
midwicket",38.5,0,0.0,"Cheema to Mishra, no run  .gets it to jag back in from a length outside off stump, he works it with the movement to  .midwicket",Cheema,Mishra,0.0,0,0,1,1,0.0,0,,0
"38.6 
• 
Cheema to Mishra, no run 
punched off the back foot, but finds midwicket in the way 
end of over 395 runs  
KENYA: 147/6CRR: 3.76  
Tanmay Mishra46 (65b 3x4) 
Thomas Odoyo25 (33b 3x4) 
Rizwan Cheema 6-1-16-1 
Balaji Rao 9-0-28-1",38.6,0,0.0,"Cheema to Mishra, no run  .punched off the back foot, but finds midwicket in the way",Cheema,Mishra,0.0,0,0,1,1,0.0,0,,0
"39.1 
1 
Balaji Rao to Odoyo, 1 run 
again Odoyo gets on the front foot and pings sweeper cover with the drive",39.1,1,1.0,"Balaji Rao to Odoyo, 1 run  .again Odoyo gets on the front foot and pings sweeper cover with the drive",Balaji Rao,Odoyo,1.0,0,0,1,1,1.0,0,,1
"39.2 
1 
Balaji Rao to Mishra, 1 run 
paddles this one on leg stump fine, but short fine leg gets to the ball with a big dive, it is 
big Osinde there",39.2,1,1.0,"Balaji Rao to Mishra, 1 run  .paddles this one on leg stump fine, but short fine leg gets to the ball with a big dive, it is  .big Osinde there",Balaji Rao,Mishra,1.0,0,0,1,1,1.0,0,,1
"39.3 
4 
Balaji Rao to Odoyo, FOUR runs 
goes for the slog sweep, it was the googly, he picked it and hammered it with the turn 
beyond cow corner",39.3,4,4.0,"Balaji Rao to Odoyo, FOUR runs  .goes for the slog sweep, it was the googly, he picked it and hammered it with the turn  .beyond cow corner",Balaji Rao,Odoyo,4.0,1,0,1,1,4.0,0,,1
"39.4 
1 
Balaji Rao to Odoyo, 1 run 
pushed in front of square leg for a run",39.4,1,1.0,"Balaji Rao to Odoyo, 1 run  .pushed in front of square leg for a run",Balaji Rao,Odoyo,1.0,0,0,1,1,1.0,0,,1
"39.5 
1 
Balaji Rao to Mishra, 1 run 
Mishra uses the feet to get to the pitch, and drives it down to long on",39.5,1,1.0,"Balaji Rao to Mishra, 1 run  .Mishra uses the feet to get to the pitch, and drives it down to long on",Balaji Rao,Mishra,1.0,0,0,1,1,1.0,0,,1
"39.6 
• 
Balaji Rao to Odoyo, no run 
eased with the turn on the off side, extra cover dives to cut off the single 
end of over 408 runs  
KENYA: 155/6CRR: 3.87  
Thomas Odoyo31 (37b 4x4) 
Tanmay Mishra48 (67b 3x4) 
Balaji Rao 10-0-36-1 
Rizwan Cheema 6-1-16-1",39.6,0,0.0,"Balaji Rao to Odoyo, no run  .eased with the turn on the off side, extra cover dives to cut off the single",Balaji Rao,Odoyo,0.0,0,0,1,1,0.0,0,,0
"40.1 
1 
Cheema to Mishra, 1 run 
very full outside off stump, he goes down on a knee and squeezes it down to third man",40.1,1,1.0,"Cheema to Mishra, 1 run  .very full outside off stump, he goes down on a knee and squeezes it down to third man",Cheema,Mishra,1.0,0,0,1,1,1.0,0,,1
"40.2 
4 
Cheema to Odoyo, FOUR runs 
shot! it was slapped away past extra cover off the front foot, it was very full close to off 
stump, and went through with the full bat swing, beating sweeper cover to the boundary",40.2,4,4.0,"Cheema to Odoyo, FOUR runs  .shot! it was slapped away past extra cover off the front foot, it was very full close to off  .stump, and went through with the full bat swing, beating sweeper cover to the boundary",Cheema,Odoyo,4.0,1,0,1,1,4.0,0,,1
"40.3 
• 
Cheema to Odoyo, no run 
bowls it shorter this time, slower too, he stays in the crease and pushes it on the off 
side",40.3,0,0.0,"Cheema to Odoyo, no run  .bowls it shorter this time, slower too, he stays in the crease and pushes it on the off  .side",Cheema,Odoyo,0.0,0,0,1,1,0.0,0,,0
"40.4 
• 
Cheema to Odoyo, no run 
shuffles across the stumps, Cheema goes in the blockhole, and he digs it back to the 
bowler",40.4,0,0.0,"Cheema to Odoyo, no run  .shuffles across the stumps, Cheema goes in the blockhole, and he digs it back to the  .bowler",Cheema,Odoyo,0.0,0,0,1,1,0.0,0,,0
"40.5 
2 
Cheema to Odoyo, 2 runs 
Odoyo stands on the back foot, and forcefully punches this to extra cover, who parries 
the ball in the direction of long off with the dive. some slow work there allows Odoyo to 
get back in time",40.5,2,2.0,"Cheema to Odoyo, 2 runs  .Odoyo stands on the back foot, and forcefully punches this to extra cover, who parries  .the ball in the direction of long off with the dive. some slow work there allows Odoyo to  .get back in time",Cheema,Odoyo,2.0,0,0,1,1,2.0,0,,1
"40.6 
• 
Cheema to Odoyo, no run 
hurries him in to nudging this one away on the leg side 
end of over 417 runs  
KENYA: 162/6CRR: 3.95  
Thomas Odoyo37 (42b 5x4) 
Tanmay Mishra49 (68b 3x4) 
Rizwan Cheema 7-1-23-1 
Balaji Rao 10-0-36-1 
Talha: ""Surely Kenya are missing a trick here. Two well set batsman, with only the tail to 
come, and no plans of a powerplay??"" Mishra is on 49 meanwhile, and Osinde comes 
back",40.6,0,0.0,"Cheema to Odoyo, no run  .hurries him in to nudging this one away on the leg side",Cheema,Odoyo,0.0,0,0,1,1,0.0,0,,0
"41.1 
1w 
Osinde to Mishra, 1 wide 
very wide outside off stump, almost outside the pitch, goes on a couple of bounces to 
Bagai",41.1,1w,1.0,"Osinde to Mishra, 1 wide  .very wide outside off stump, almost outside the pitch, goes on a couple of bounces to  .Bagai",Osinde,Mishra,0.0,0,0,0,0,1.0,0,,1
"41.1 
• 
Osinde to Mishra, no run 
turns this back of a length delivery coming in with the angle to midwicket",41.1,0,0.0,"Osinde to Mishra, no run  .turns this back of a length delivery coming in with the angle to midwicket",Osinde,Mishra,0.0,0,0,1,1,0.0,0,,0
"41.2 
• 
Osinde to Mishra, no run 
pushes this one outside off stump away to point, there was some width there but he hit 
it to the fielder",41.2,0,0.0,"Osinde to Mishra, no run  .pushes this one outside off stump away to point, there was some width there but he hit  .it to the fielder",Osinde,Mishra,0.0,0,0,1,1,0.0,0,,0
"41.3 
1 
Osinde to Mishra, 1 run 
steers a wide delivery uppishly in the direction of third man, goes to him on the bounce, 
Mishra has 50",41.3,1,1.0,"Osinde to Mishra, 1 run  .steers a wide delivery uppishly in the direction of third man, goes to him on the bounce,  .Mishra has 50",Osinde,Mishra,1.0,0,0,1,1,1.0,0,,1
"41.4 
• 
Osinde to Odoyo, no run 
low full toss outside off stump, he looked to drive it but it went off the edge on the 
bounce to the keeper",41.4,0,0.0,"Osinde to Odoyo, no run  .low full toss outside off stump, he looked to drive it but it went off the edge on the  .bounce to the keeper",Osinde,Odoyo,0.0,0,0,1,1,0.0,0,,0
"41.5 
1 
Osinde to Odoyo, 1 run 
reaches out to push at this widish one, it is bowled a tad slower and he gets it in the air 
just wide of point",41.5,1,1.0,"Osinde to Odoyo, 1 run  .reaches out to push at this widish one, it is bowled a tad slower and he gets it in the air  .just wide of point",Osinde,Odoyo,1.0,0,0,1,1,1.0,0,,1
"41.6 
1 
Osinde to Mishra, 1 run 
looks to forcefully drive this fuller one past midwicket, but Balaji pulls off a diving stop 
in that region 
end of over 424 runs  
KENYA: 166/6CRR: 3.95  
Tanmay Mishra51 (72b 3x4) 
Thomas Odoyo38 (44b 5x4) 
Henry Osinde 9-2-24-3 
Rizwan Cheema 7-1-23-1",41.6,1,1.0,"Osinde to Mishra, 1 run  .looks to forcefully drive this fuller one past midwicket, but Balaji pulls off a diving stop  .in that region",Osinde,Mishra,1.0,0,0,1,1,1.0,0,,1
"42.1 
W 
Davison to Mishra, OUT 
Davison comes on and gets Mishra right away, lured him down the track with a flighted 
one from round the wicket, he got too close to the delivery and had a go at it, ending up 
getting a leading edge which went safely in the hands of mid off, this is a big wicket at 
this stage 
Tanmay Mishra c Surkari b Davison 51 (73b 3x4 0x6 120m) SR: 69.86 
Nehemiah Odhiambo comes out now",42.1,W,0.0,"Davison to Mishra, OUT  .Davison comes on and gets Mishra right away, lured him down the track with a flighted  .one from round the wicket, he got too close to the delivery and had a go at it, ending up  .getting a leading edge which went safely in the hands of mid off, this is a big wicket at  .this stage  .Tanmay Mishra c Surkari b Davison 51 (73b 3x4 0x6 120m) SR: 69.86",Davison,Mishra,0.0,0,0,1,1,0.0,1,c Surkari b Davison,0
"42.2 
2 
Davison to NN Odhiambo, 2 runs 
gets a healthy edge as he pushes half-forward and it races past short third man who 
gives chase and pulls it back",42.2,2,2.0,"Davison to NN Odhiambo, 2 runs  .gets a healthy edge as he pushes half-forward and it races past short third man who  .gives chase and pulls it back",Davison,NN Odhiambo,2.0,0,0,1,1,2.0,0,,1
"42.3 
• 
Davison to NN Odhiambo, no run 
goes reaching out very far for another one going across him, and is beaten 
slip in place now",42.3,0,0.0,"Davison to NN Odhiambo, no run  .goes reaching out very far for another one going across him, and is beaten  .slip in place now",Davison,NN Odhiambo,0.0,0,0,1,1,0.0,0,,0
"42.4 
• 
Davison to NN Odhiambo, no run 
pushed away in to the off side",42.4,0,0.0,"Davison to NN Odhiambo, no run  .pushed away in to the off side",Davison,NN Odhiambo,0.0,0,0,1,1,0.0,0,,0
"42.5 
• 
Davison to NN Odhiambo, no run 
tossed up on a yorker length, he digs it out, and it rolls away towards slip",42.5,0,0.0,"Davison to NN Odhiambo, no run  .tossed up on a yorker length, he digs it out, and it rolls away towards slip",Davison,NN Odhiambo,0.0,0,0,1,1,0.0,0,,0
"42.6 
1 
Davison to NN Odhiambo, 1 run 
shortish and turning on the pads, he works it away in front of square leg 
end of over 433 runs • 1 wicket 
KENYA: 169/7CRR: 3.93  
Nehemiah Odhiambo3 (5b) 
Thomas Odoyo38 (44b 5x4) 
John Davison 4-0-18-1 
Henry Osinde 9-2-24-3 
Farrukh: ""Isn't it funny people calling game like this boring and still read BBB 
Commentary and commenting on this match?""",42.6,1,1.0,"Davison to NN Odhiambo, 1 run  .shortish and turning on the pads, he works it away in front of square leg",Davison,NN Odhiambo,1.0,0,0,1,1,1.0,0,,1
"43.1 
• 
Osinde to NN Odhiambo, no run 
Osinde charges in and bowls one short and wide outside off stump, he goes for the cut 
and is beaten",43.1,0,0.0,"Osinde to NN Odhiambo, no run  .Osinde charges in and bowls one short and wide outside off stump, he goes for the cut  .and is beaten",Osinde,NN Odhiambo,0.0,0,0,1,1,0.0,0,,0
"43.2 
1 
Osinde to NN Odhiambo, 1 run 
goes for the yorker, it swings in the air on leg stump, lovely delivery, he somehow 
manages to dig it away on the leg side",43.2,1,1.0,"Osinde to NN Odhiambo, 1 run  .goes for the yorker, it swings in the air on leg stump, lovely delivery, he somehow  .manages to dig it away on the leg side",Osinde,NN Odhiambo,1.0,0,0,1,1,1.0,0,,1
"43.3 
• 
Osinde to Odoyo, no run 
well, Bagai and Osinde think that Odoyo edged this attempted drive, Bagai dived forward 
to take it, Odoyo seemed to start walking back, but umpire Rauf thinks there was 
nothing on that, did it carry? Might have not",43.3,0,0.0,"Osinde to Odoyo, no run  .well, Bagai and Osinde think that Odoyo edged this attempted drive, Bagai dived forward  .to take it, Odoyo seemed to start walking back, but umpire Rauf thinks there was  .nothing on that, did it carry? Might have not",Osinde,Odoyo,0.0,0,0,1,1,0.0,0,,0
"43.4 
1 
Osinde to Odoyo, 1 run 
chopped away in the direction of third man",43.4,1,1.0,"Osinde to Odoyo, 1 run  .chopped away in the direction of third man",Osinde,Odoyo,1.0,0,0,1,1,1.0,0,,1
"43.5 
• 
Osinde to NN Odhiambo, no run 
Osinde gets another yorker on target, it gets between Odhiambo's swish and the leg 
stump, Bagai again thinks there was an edge involved",43.5,0,0.0,"Osinde to NN Odhiambo, no run  .Osinde gets another yorker on target, it gets between Odhiambo's swish and the leg  .stump, Bagai again thinks there was an edge involved",Osinde,NN Odhiambo,0.0,0,0,1,1,0.0,0,,0
"43.6 
W 
Osinde to NN Odhiambo, OUT 
and now he gets it in a place where appeals don't matter, even as Odhiambo went 
swishing again, this time the yorker was spot-on, crashing in to the stumps, Osinde has 
four with the last ball of his tenth over 
Nehemiah Odhiambo b Osinde 4 (9b 0x4 0x6 8m) SR: 44.44 
end of over 442 runs • 1 wicket 
KENYA: 171/8CRR: 3.88  
Thomas Odoyo39 (46b 5x4) 
Henry Osinde 10-2-26-4 
John Davison 4-0-18-1",43.6,W,0.0,"Osinde to NN Odhiambo, OUT  .and now he gets it in a place where appeals don't matter, even as Odhiambo went  .swishing again, this time the yorker was spot-on, crashing in to the stumps, Osinde has  .four with the last ball of his tenth over  .Nehemiah Odhiambo b Osinde 4 (9b 0x4 0x6 8m) SR: 44.44",Osinde,NN Odhiambo,0.0,0,0,1,1,0.0,1,b Osinde,0
"44.1 
1 
Davison to Odoyo, 1 run 
worked away backward of square leg off the back foot 
aftab: ""@furrukh, die hard cricket lovers will even watch cricket match between Samoa 
and Antarctica if its live.""",44.1,1,1.0,"Davison to Odoyo, 1 run  .worked away backward of square leg off the back foot",Davison,Odoyo,1.0,0,0,1,1,1.0,0,,1
"44.2 
• 
Davison to Otieno, no run 
pushes inside the line of this one going across him, how did that miss off stump?",44.2,0,0.0,"Davison to Otieno, no run  .pushes inside the line of this one going across him, how did that miss off stump?",Davison,Otieno,0.0,0,0,1,1,0.0,0,,0
"44.3 
• 
Davison to Otieno, no run 
pushed back to the bowler",44.3,0,0.0,"Davison to Otieno, no run  .pushed back to the bowler",Davison,Otieno,0.0,0,0,1,1,0.0,0,,0
"44.4 
• 
Davison to Otieno, no run 
this one is floated up wide outside off stump, another swish in the air",44.4,0,0.0,"Davison to Otieno, no run  .this one is floated up wide outside off stump, another swish in the air",Davison,Otieno,0.0,0,0,1,1,0.0,0,,0
"44.5 
1 
Davison to Otieno, 1 run 
gets bat to ball now, sends a fuller one along the ground to sweeper cover",44.5,1,1.0,"Davison to Otieno, 1 run  .gets bat to ball now, sends a fuller one along the ground to sweeper cover",Davison,Otieno,1.0,0,0,1,1,1.0,0,,1
"44.6 
6 
Davison to Odoyo, SIX runs 
Odoyo is stepping it up with wickets falling at the other end, takes a step down the 
track, and powers this one high over long off, just muscled over the ropes 
end of over 458 runs  
KENYA: 179/8CRR: 3.97  
Thomas Odoyo46 (48b 5x4 1x6) 
Elijah Otieno1 (4b) 
John Davison 5-0-26-1 
Henry Osinde 10-2-26-4 
the batting Powerplay has been taken, has to be taken now anyways. Baidwan to start 
off",44.6,6,6.0,"Davison to Odoyo, SIX runs  .Odoyo is stepping it up with wickets falling at the other end, takes a step down the  .track, and powers this one high over long off, just muscled over the ropes",Davison,Odoyo,6.0,0,1,1,1,6.0,0,,1
"45.1 
1w 
Baidwan to Otieno, 1 wide 
full and wide down the leg side, Odoyo went for the fine tickle but missed out",45.1,1w,1.0,"Baidwan to Otieno, 1 wide  .full and wide down the leg side, Odoyo went for the fine tickle but missed out",Baidwan,Otieno,0.0,0,0,0,0,1.0,0,,1
"45.1 
1 
Baidwan to Otieno, 1 run 
gets it on a length on the stumps, pushed away to deep midwicket",45.1,1,1.0,"Baidwan to Otieno, 1 run  .gets it on a length on the stumps, pushed away to deep midwicket",Baidwan,Otieno,1.0,0,0,1,1,1.0,0,,1
"45.2 
1lb 
Baidwan to Odoyo, 1 leg bye 
Baidwan goes for the appeal, it was a fuller one that struck him on the pads as he 
missed out on the flick, umpire Rauf says no, Canada go for the review, it is just clipping 
the leg stump, and the on-field call stays, Odoyo survives",45.2,1lb,1.0,"Baidwan to Odoyo, 1 leg bye  .Baidwan goes for the appeal, it was a fuller one that struck him on the pads as he  .missed out on the flick, umpire Rauf says no, Canada go for the review, it is just clipping  .the leg stump, and the on-field call stays, Odoyo survives",Baidwan,Odoyo,0.0,0,0,1,1,0.0,0,,0
"45.3 
• 
Baidwan to Otieno, no run 
goes for the cut to one that is not short enough outside off, and misses",45.3,0,0.0,"Baidwan to Otieno, no run  .goes for the cut to one that is not short enough outside off, and misses",Baidwan,Otieno,0.0,0,0,1,1,0.0,0,,0
"45.4 
• 
Baidwan to Otieno, no run 
goes for the yorker, it reverses in late, and somehow manages to miss off stump, 
almost grazed it on its way to the keeper, Otieno was in no position to get bat on ball",45.4,0,0.0,"Baidwan to Otieno, no run  .goes for the yorker, it reverses in late, and somehow manages to miss off stump,  .almost grazed it on its way to the keeper, Otieno was in no position to get bat on ball",Baidwan,Otieno,0.0,0,0,1,1,0.0,0,,0
"45.5 
1lb 
Baidwan to Otieno, 1 leg bye 
rolls away on the leg side as he is hit high on the pads",45.5,1lb,1.0,"Baidwan to Otieno, 1 leg bye  .rolls away on the leg side as he is hit high on the pads",Baidwan,Otieno,0.0,0,0,1,1,0.0,0,,0
"45.6 
• 
Baidwan to Odoyo, no run 
no room for Odoyo, this one keeps low as well, he shuffles and pushes it back to the 
bowler 
end of over 464 runs  
KENYA: 183/8CRR: 3.97  
Thomas Odoyo46 (50b 5x4 1x6) 
Elijah Otieno2 (8b) 
Harvir Baidwan 8-1-35-1 
John Davison 5-0-26-1 
Justin: ""Hi, Im an Aussie, living in England with a Canadian girlfriend and best friends 
from South Africa and India. Looking forward to almost every game. Go Canada (please 
publish this so i can impress my girlfriend Anna!!!!)""",45.6,0,0.0,"Baidwan to Odoyo, no run  .no room for Odoyo, this one keeps low as well, he shuffles and pushes it back to the  .bowler",Baidwan,Odoyo,0.0,0,0,1,1,0.0,0,,0
"46.1 
• 
Cheema to Otieno, no run 
looks to belt this one down the ground, but gets it as far as the bowler",46.1,0,0.0,"Cheema to Otieno, no run  .looks to belt this one down the ground, but gets it as far as the bowler",Cheema,Otieno,0.0,0,0,1,1,0.0,0,,0
"46.2 
• 
Cheema to Otieno, no run 
Odoyo lives on again, he had backed up too far down the pitch, it was hit to midwicket 
who missed the non-striker's stumps by a long way",46.2,0,0.0,"Cheema to Otieno, no run  .Odoyo lives on again, he had backed up too far down the pitch, it was hit to midwicket  .who missed the non-striker's stumps by a long way",Cheema,Otieno,0.0,0,0,1,1,0.0,0,,0
"46.3 
1 
Cheema to Otieno, 1 run 
heaved away over midwicket to bring Odoyo on strike",46.3,1,1.0,"Cheema to Otieno, 1 run  .heaved away over midwicket to bring Odoyo on strike",Cheema,Otieno,1.0,0,0,1,1,1.0,0,,1
"46.4 
• 
Cheema to Odoyo, no run 
makes room outside leg stump, Baidwan goes wider outside off stump, and it crashes 
into Bagai's gloves who thinks there was an edge before that, but the umpire doesn't 
think so",46.4,0,0.0,"Cheema to Odoyo, no run  .makes room outside leg stump, Baidwan goes wider outside off stump, and it crashes  .into Bagai's gloves who thinks there was an edge before that, but the umpire doesn't  .think so",Cheema,Odoyo,0.0,0,0,1,1,0.0,0,,0
"46.5 
• 
Cheema to Odoyo, no run 
lovely delivery, nothing can be done with that, in the blockhole and dug back to the 
bowler",46.5,0,0.0,"Cheema to Odoyo, no run  .lovely delivery, nothing can be done with that, in the blockhole and dug back to the  .bowler",Cheema,Odoyo,0.0,0,0,1,1,0.0,0,,0
"46.6 
1 
Cheema to Odoyo, 1 run 
another one fired full on the stumps, pushed away in to the off side for a run 
end of over 472 runs  
KENYA: 185/8CRR: 3.93  
Thomas Odoyo47 (53b 5x4 1x6) 
Elijah Otieno3 (11b) 
Rizwan Cheema 8-1-25-1 
Harvir Baidwan 8-1-35-1",46.6,1,1.0,"Cheema to Odoyo, 1 run  .another one fired full on the stumps, pushed away in to the off side for a run",Cheema,Odoyo,1.0,0,0,1,1,1.0,0,,1
"47.1 
1lb 
Baidwan to Odoyo, 1 leg bye 
Odoyo goes a mile down leg, sees the ball has followed him there, gets it off the pads 
towards square leg",47.1,1lb,1.0,"Baidwan to Odoyo, 1 leg bye  .Odoyo goes a mile down leg, sees the ball has followed him there, gets it off the pads  .towards square leg",Baidwan,Odoyo,0.0,0,0,1,1,0.0,0,,0
"47.2 
1 
Baidwan to Otieno, 1 run 
heaved away towards deep midwicket",47.2,1,1.0,"Baidwan to Otieno, 1 run  .heaved away towards deep midwicket",Baidwan,Otieno,1.0,0,0,1,1,1.0,0,,1
"47.3 
• 
Baidwan to Odoyo, no run 
this is super stuff from Canada, this is anything but a batting Powerplay, fired outside 
off stump, he had backed away down leg and missed",47.3,0,0.0,"Baidwan to Odoyo, no run  .this is super stuff from Canada, this is anything but a batting Powerplay, fired outside  .off stump, he had backed away down leg and missed",Baidwan,Odoyo,0.0,0,0,1,1,0.0,0,,0
"47.4 
• 
Baidwan to Odoyo, no run 
cannot get this one away as well, and they still call it a batting Powerplay",47.4,0,0.0,"Baidwan to Odoyo, no run  .cannot get this one away as well, and they still call it a batting Powerplay",Baidwan,Odoyo,0.0,0,0,1,1,0.0,0,,0
"47.5 
1 
Baidwan to Odoyo, 1 run 
manages to push this one to mid off and gets across for the single",47.5,1,1.0,"Baidwan to Odoyo, 1 run  .manages to push this one to mid off and gets across for the single",Baidwan,Odoyo,1.0,0,0,1,1,1.0,0,,1
"47.6 
• 
Baidwan to Otieno, no run 
the slower one, had he hit that, it would have carried to the other side of the Yamuna, 
but he did not connect, the ball moved away past the bat, and the stumps, Bagai is not 
happy by the latter fact 
end of over 483 runs  
KENYA: 188/8CRR: 3.91  
Elijah Otieno4 (13b) 
Thomas Odoyo48 (57b 5x4 1x6) 
Harvir Baidwan 9-1-37-1 
Rizwan Cheema 8-1-25-1",47.6,0,0.0,"Baidwan to Otieno, no run  .the slower one, had he hit that, it would have carried to the other side of the Yamuna,  .but he did not connect, the ball moved away past the bat, and the stumps, Bagai is not  .happy by the latter fact",Baidwan,Otieno,0.0,0,0,1,1,0.0,0,,0
"48.1 
• 
Cheema to Odoyo, no run 
goes down on a knee and paddles a full toss straight to short fine leg",48.1,0,0.0,"Cheema to Odoyo, no run  .goes down on a knee and paddles a full toss straight to short fine leg",Cheema,Odoyo,0.0,0,0,1,1,0.0,0,,0
"48.2 
1 
Cheema to Odoyo, 1 run 
they get the single now, this one is pushed down the ground past the bowler",48.2,1,1.0,"Cheema to Odoyo, 1 run  .they get the single now, this one is pushed down the ground past the bowler",Cheema,Odoyo,1.0,0,0,1,1,1.0,0,,1
"48.3 
• 
Cheema to Otieno, no run 
the ball does not want to go past the infield, a full toss is slapped away to point",48.3,0,0.0,"Cheema to Otieno, no run  .the ball does not want to go past the infield, a full toss is slapped away to point",Cheema,Otieno,0.0,0,0,1,1,0.0,0,,0
"48.4 
4 
Cheema to Otieno, FOUR runs 
the old slog gets some runs finally, he made some room and gave it a thwack, the extra 
bounce on that one took the outside edge and flew wide of short third man",48.4,4,4.0,"Cheema to Otieno, FOUR runs  .the old slog gets some runs finally, he made some room and gave it a thwack, the extra  .bounce on that one took the outside edge and flew wide of short third man",Cheema,Otieno,4.0,1,0,1,1,4.0,0,,1
"48.5 
• 
Cheema to Otieno, no run 
back to normal, full delivery outside off stump, can't do anything with it",48.5,0,0.0,"Cheema to Otieno, no run  .back to normal, full delivery outside off stump, can't do anything with it",Cheema,Otieno,0.0,0,0,1,1,0.0,0,,0
"48.6 
W 
Cheema to Otieno, OUT 
Hansra denies Kenya a six, it was slogged again, and this time he got the connection, it 
flew high in the air and settled in the hands of Hansra at wide long on who was about 
half an inch from the ropes, talk about being in the right place at the right time, they look 
at the replays before confirming that it was clean 
Elijah Otieno c Hansra b Rizwan Cheema 8 (17b 1x4 0x6 20m) SR: 47.05 
end of over 495 runs • 1 wicket 
KENYA: 193/9CRR: 3.93  
Thomas Odoyo49 (59b 5x4 1x6) 
Rizwan Cheema 9-1-30-2 
Harvir Baidwan 9-1-37-1 
14 runs off the 'Powerplay' in four overs. Now then. immi: ""Anna will be impressed.""",48.6,W,0.0,"Cheema to Otieno, OUT  .Hansra denies Kenya a six, it was slogged again, and this time he got the connection, it  .flew high in the air and settled in the hands of Hansra at wide long on who was about  .half an inch from the ropes, talk about being in the right place at the right time, they look  .at the replays before confirming that it was clean  .Elijah Otieno c Hansra b Rizwan Cheema 8 (17b 1x4 0x6 20m) SR: 47.05",Cheema,Otieno,0.0,0,0,1,1,0.0,1,c Hansra b Rizwan Cheema,0
"49.1 
1 
Baidwan to Odoyo, 1 run 
Odoyo gets 50, flicks a full toss off the pads through square leg",49.1,1,1.0,"Baidwan to Odoyo, 1 run  .Odoyo gets 50, flicks a full toss off the pads through square leg",Baidwan,Odoyo,1.0,0,0,1,1,1.0,0,,1
"49.2 
1lb 
Baidwan to J Ngoche, 1 leg bye 
they go up for the leg before, it reversed in late and struck him on the pads, sliding down 
leg as they steal a leg bye as it rolls away",49.2,1lb,1.0,"Baidwan to J Ngoche, 1 leg bye  .they go up for the leg before, it reversed in late and struck him on the pads, sliding down  .leg as they steal a leg bye as it rolls away",Baidwan,J Ngoche,0.0,0,0,1,1,0.0,0,,0
"49.3 
1 
Baidwan to Odoyo, 1 run 
gets just the single, comes down the track, he bowls it slower and shorter, and he 
pushes it away to long on",49.3,1,1.0,"Baidwan to Odoyo, 1 run  .gets just the single, comes down the track, he bowls it slower and shorter, and he  .pushes it away to long on",Baidwan,Odoyo,1.0,0,0,1,1,1.0,0,,1
"49.4 
1w 
Baidwan to J Ngoche, 1 wide 
sprays a full delivery down the leg side",49.4,1w,1.0,"Baidwan to J Ngoche, 1 wide  .sprays a full delivery down the leg side",Baidwan,J Ngoche,0.0,0,0,0,0,1.0,0,,1
"49.4 
• 
Baidwan to J Ngoche, no run 
gets the slower one on target, Ngoche is surprised and just pats it back down the track, 
Canada have been superb in this Powerplay",49.4,0,0.0,"Baidwan to J Ngoche, no run  .gets the slower one on target, Ngoche is surprised and just pats it back down the track,  .Canada have been superb in this Powerplay",Baidwan,J Ngoche,0.0,0,0,1,1,0.0,0,,0
"49.5 
1 
Baidwan to J Ngoche, 1 run 
hammered away off the front foot to the man at mid off, Odoypo gets one last ball",49.5,1,1.0,"Baidwan to J Ngoche, 1 run  .hammered away off the front foot to the man at mid off, Odoypo gets one last ball",Baidwan,J Ngoche,1.0,0,0,1,1,1.0,0,,1
"49.6 
W 
Baidwan to Odoyo, OUT 
what a delivery! Odoyo is on all fours, and the stumps are shattered, again he gets the 
late inward movement as Odoyo backs away and looks to heave it down the ground, the 
ball tails in past his bat and crashes into the base of the stumps, 19 for 2 off the batting 
Powerplay 
Thomas Odoyo b Baidwan 51 (62b 5x4 1x6 86m) SR: 82.25 
So Kenya have managed to last 50 overs, and get close to 200. They could have got a 
few more, but Canada were too good at the start, and at the end in the Powerplay. 
Mishra and Odoyo got half-centuries, but there was nothing much otherwise. Osinde 
was terrific with the new ball, as was Baidwan with the old ball. Join us in 35 minutes 
for the chase. Meanwhile, have a go at the Player Rater and check out our smartphone 
apps. 
end of over 505 runs • 1 wicket 
KENYA: 198/10CRR: 3.96  
James Ngoche1 (3b) 
Harvir Baidwan 10-1-41-2 
Rizwan Cheema 9-1-30-2 
Sponsored Headlines 
 
Behind Jon Lewis sacking as England Women head coach | ESPNcricinfoDiscover 
 
IPL 2025 - CSK's R Ashwin to get a street named after him in Chennai | 
ESPNcricinfoDiscover 
 
Microsoft| 
Sponsored by TaboolaSponsored by Taboola 
Learn more 
Try Copilot Chat in Microsoft Edge for BusinessRead MoreSkip 
 
NZ vs Pak - Hasan Nawaz century gives a peek into Pakistan's new era of T20 batting | 
ESPNcricinfoDiscover 
 
NZ vs Pak, 3rd T20I - Stats - Hasan Nawaz smashes fastest T20I hundred for Pakistan | 
ESPNcricinfoDiscover 
Watch This Sponsored Video for More Information 
READ MORE 
Ad 
|  
Sponsored  
 
Flight Attendant Reveals How To Fly Business Class For The Price of 
EconomyAmericans, you'll want to check this out ASAPOnline Shopping Tools| 
SponsoredSponsored 
Undo 
 
7 Wealth Tips Once Your Portfolio Reaches $1MHow do retirees with $1 million 
portfolios take steps to preserve their wealth in retirement? Download The Seven 
Secrets of High Net Worth Investors to find out now.Fisher Investments| 
SponsoredSponsored 
Learn More 
Undo 
 
Why Are So Many Day Traders Switching to Futures?Expand your trading portfolio with 
this futures trading platform that includes powerful automation, flexible customization 
and low commissions.NinjaTrader| 
SponsoredSponsored 
Learn More 
Undo 
 
Meet the powerful tools everyone needs to thrive at work.Learn how to create, edit, e-
sign, and so much more with tools from Adobe Acrobat Pro. You can do it all anywhere, 
from any device.Adobe Systems Incorporated| 
SponsoredSponsored 
Undo 
 
Look like a social media savant.Spin up slick social posts, plus monthly calendars and 
full campaigns, all with GoDaddy Airo™ and the magic of AI.Godaddy| 
SponsoredSponsored 
Undo 
 
10k+ Women have ditched Underwire forever. Here's WhyHoneylove| 
SponsoredSponsored 
Learn More 
Undo 
 
7 Ways to Retire Comfortably With $1MHow long will your portfolio last in retirement? 
For those with a $1 million portfolio, get this guide to learn more.Fisher Investments| 
SponsoredSponsored 
Learn More 
Undo 
 
Amazon's Worst Nightmare: Thousands Canceling Prime for This Clever HackPrime 
Members can save hundreds with this tool Amazon doesn't want you to discover.Online 
Shopping Tools| 
SponsoredSponsored 
Learn More 
Undo 
 
Look For Any High School Yearbook, It's FreeClassmates.com| 
SponsoredSponsored 
Undo 
 
Top 10 Blood Pressure Monitors of 2024 Tested by DocReviewsWe tested the most 
popular blood pressure monitors of 2024. Read on to discover the most accurate 
devices and make an informed decision before your purchase.DocReviews| 
SponsoredSponsored 
Learn More 
Undo 
 
Costco Shoppers Say This Knee Pain Relief Device Is ""Actually Worth It""""It's truly worth 
every penny!""RejuvaKnee | Pain-Free Knees| 
SponsoredSponsored 
Learn More 
Undo 
 
Cheapest Way To Get A Walk-In Tub If You’re On MedicareSeniors With Old And Not 
Practical Bath Tubs Are Getting A Treat This MonthSmart Lifestyle Trends| 
SponsoredSponsored 
Learn More 
Undo 
Match Coverage 
All Match News 
 
Canada learn from their mistakes 
When they were in with a chance of upsetting Pakistan, Canada choked, but against 
Kenya, they used smart tactics and learned how to build partnerships 
 
 
 
Mixed day for DRS 
ESPNcricinfo presents the plays of the day from the clash of the minnows in Delhi 
 
 
 
Canada coast to win in basement battle 
Canada won only their second World Cup match in four tournaments, beating Kenya in a 
low-profile, low-scoring scrap, and walked away from the Feroz Shah Kotlawith with 
bragging rights 
 
 
 
Canada v Kenya, Group A, New Delhi 
Join ESPNcricinfo's ball-by-ball commentators for a live discussion on today's game 
 
 
Clash of the lesser equals 
ESPNcricinfo previews the World Cup game between Canada and Kenya 
 
 
 
Instant answers to T20 questions 
What is the highest total chased in men's T20 World Cups? 
Most sixes in an innings by a batter in men's T20 World Cups? 
Who has taken the most Powerplay wickets in men's T20 World Cups? 
Ask a question 
Videos 
All Match Videos 
 
4:37 
Match of the equals 
 
 
1:22 
Ashish Bagai: Pretty happy with the guys 
 
 
0:56 
Jimmy Kamande: Most disappointing performance 
 
Canada Innings 
Player Name 
R 
B 
R 
Gunasekera stumped 
18 27 
Rizwan 
Cheema 
bowled 
17 13 
ZE Surkari 
run out 
10 26 
A Bagai 
not out 
64 97 
AS Hansra caught 
70 99 
TG Gordon bowled 
3 
11 
JM Davison not out 
4 
1 
Extras 
(b 1, nb 1, w 11) 
Total 
199(5 wkts;",49.6,W,0.0,"Baidwan to Odoyo, OUT  .what a delivery! Odoyo is on all fours, and the stumps are shattered, again he gets the  .late inward movement as Odoyo backs away and looks to heave it down the ground, the  .ball tails in past his bat and crashes into the base of the stumps, 19 for 2 off the batting  .Powerplay  .Thomas Odoyo b Baidwan 51 (62b 5x4 1x6 86m) SR: 82.25",Baidwan,Odoyo,0.0,0,0,1,1,0.0,1,b Baidwan,0
