raw_data,overs,runs,team_runs,commentary,bowler,batsman,batsman_runs,batsman_fours,batsman_sixes,batsman_bowls_faced,bowler_bowls_done,bowler_runs_given,bowler_wickets,dismissal,runs_given_bool
"0.1 
• 
Shoriful Islam to Vikramjit Singh, no run 
Starts full and quite wide, swinging away, and it's left alone by Vikramjit",0.1,0,0.0,"Shoriful Islam to Vikramjit Singh, no run  .Starts full and quite wide, swinging away, and it's left alone by Vikramjit",Shoriful Islam,Vikramjit Singh,0.0,0,0,1,1,0.0,0,,0
"0.2 
• 
Shoriful Islam to Vikramjit Singh, no run 
Play and a miss! It's pitched up closer to off stump this time. The ball swings away and 
beats the drive. Bangladesh will take encouragement from this",0.2,0,0.0,"Shoriful Islam to Vikramjit Singh, no run  .Play and a miss! It's pitched up closer to off stump this time. The ball swings away and  .beats the drive. Bangladesh will take encouragement from this",Shoriful Islam,Vikramjit Singh,0.0,0,0,1,1,0.0,0,,0
"0.3 
• 
Shoriful Islam to Vikramjit Singh, no run 
Fuller on off, it's an outswinger again but Vikramjit is able to drive this to point but can't 
beat the fielder",0.3,0,0.0,"Shoriful Islam to Vikramjit Singh, no run  .Fuller on off, it's an outswinger again but Vikramjit is able to drive this to point but can't  .beat the fielder",Shoriful Islam,Vikramjit Singh,0.0,0,0,1,1,0.0,0,,0
"0.4 
• 
Shoriful Islam to Vikramjit Singh, no run 
Full around off again, driven to point",0.4,0,0.0,"Shoriful Islam to Vikramjit Singh, no run  .Full around off again, driven to point",Shoriful Islam,Vikramjit Singh,0.0,0,0,1,1,0.0,0,,0
"0.5 
3 
Shoriful Islam to Vikramjit Singh, 3 runs 
Vikramjit gets one on the pads and gets off the mark with a clip through midwicket. 
Shoriful goes too straight this time and Vikramjit flicks it off his pads. It doesn't go all 
the way and they pick three",0.5,3,3.0,"Shoriful Islam to Vikramjit Singh, 3 runs  .Vikramjit gets one on the pads and gets off the mark with a clip through midwicket.  .Shoriful goes too straight this time and Vikramjit flicks it off his pads. It doesn't go all  .the way and they pick three",Shoriful Islam,Vikramjit Singh,3.0,0,0,1,1,3.0,0,,1
"0.6 
• 
Shoriful Islam to O'Dowd, no run 
Full around off, hint of shape in and O'Dowd firmly defends his first ball of the game 
end of over 13 runs  
NED: 3/0CRR: 3.00  
Max O'Dowd0 (1b) 
Vikramjit Singh3 (5b) 
Shoriful Islam 1-0-3-0 
Taskin from the other end. Over the wicket",0.6,0,0.0,"Shoriful Islam to O'Dowd, no run  .Full around off, hint of shape in and O'Dowd firmly defends his first ball of the game",Shoriful Islam,O'Dowd,0.0,0,0,1,1,0.0,0,,0
"1.1 
• 
Taskin to Vikramjit Singh, no run 
Length ball on middle and off, Vikramjit Singh looks to work it on the on side but the ball 
lobs towards mid-on. But the batter would be happy to see that it dies on the fielder, 
dropping just short",1.1,0,0.0,"Taskin to Vikramjit Singh, no run  .Length ball on middle and off, Vikramjit Singh looks to work it on the on side but the ball  .lobs towards mid-on. But the batter would be happy to see that it dies on the fielder,  .dropping just short",Taskin,Vikramjit Singh,0.0,0,0,1,1,0.0,0,,0
"1.2 
• 
Taskin to Vikramjit Singh, no run 
Length ball going across him and Vikramjit shoulders arms",1.2,0,0.0,"Taskin to Vikramjit Singh, no run  .Length ball going across him and Vikramjit shoulders arms",Taskin,Vikramjit Singh,0.0,0,0,1,1,0.0,0,,0
"1.3 
• 
Taskin to Vikramjit Singh, no run 
Full on off, Vikramjit Singh drives to mid-off",1.3,0,0.0,"Taskin to Vikramjit Singh, no run  .Full on off, Vikramjit Singh drives to mid-off",Taskin,Vikramjit Singh,0.0,0,0,1,1,0.0,0,,0
"1.4 
W 
Taskin to Vikramjit Singh, OUT 
Chipped straight to mid-off and that's a dolly for Shakib! It's full on leg and he is looking 
to flick it away. Turns the face of the bat too early and ends up getting a leading edge 
Vikramjit Singh c Shakib Al Hasan b Taskin Ahmed 3 (9b 0x4 0x6 7m) SR: 33.33 
Wessley Barresi in",1.4,W,0.0,"Taskin to Vikramjit Singh, OUT  .Chipped straight to mid-off and that's a dolly for Shakib! It's full on leg and he is looking  .to flick it away. Turns the face of the bat too early and ends up getting a leading edge  .Vikramjit Singh c Shakib Al Hasan b Taskin Ahmed 3 (9b 0x4 0x6 7m) SR: 33.33",Taskin,Vikramjit Singh,0.0,0,0,1,1,0.0,1,c Shakib Al Hasan b Taskin Ahmed,0
"1.5 
1w 
Taskin to Barresi, 1 wide 
Taskin fires it full, but down leg",1.5,1w,1.0,"Taskin to Barresi, 1 wide  .Taskin fires it full, but down leg",Taskin,Barresi,0.0,0,0,0,0,1.0,0,,1
"1.5 
• 
Taskin to Barresi, no run 
Full outside off and angling in, Barresi defends firmly",1.5,0,0.0,"Taskin to Barresi, no run  .Full outside off and angling in, Barresi defends firmly",Taskin,Barresi,0.0,0,0,1,1,0.0,0,,0
"1.6 
• 
Taskin to Barresi, no run 
It's pitched up outside off, Barresi drives to mid-off's left but can't beat the fielder 
end of over 21 run • 1 wicket 
NED: 4/1CRR: 2.00  
Wesley Barresi0 (2b) 
Max O'Dowd0 (1b) 
Taskin Ahmed 1-0-1-1 
Shoriful Islam 1-0-3-0",1.6,0,0.0,"Taskin to Barresi, no run  .It's pitched up outside off, Barresi drives to mid-off's left but can't beat the fielder",Taskin,Barresi,0.0,0,0,1,1,0.0,0,,0
"2.1 
• 
Shoriful Islam to O'Dowd, no run 
Length ball on off, he defends",2.1,0,0.0,"Shoriful Islam to O'Dowd, no run  .Length ball on off, he defends",Shoriful Islam,O'Dowd,0.0,0,0,1,1,0.0,0,,0
"2.2 
W 
Shoriful Islam to O'Dowd, OUT 
That's both openers gone! O'Dowd goes fishing after a length ball going across him. He 
plays it well away from his body and gets a thick edge. It's to Tanzid's left at slip and he 
grabs on with a little leap 
Max O'Dowd c Tanzid Hasan b Shoriful Islam 0 (3b 0x4 0x6 11m) SR: 0 
See all photos 
Colin Ackermann, at No. 4 today",2.2,W,0.0,"Shoriful Islam to O'Dowd, OUT  .That's both openers gone! O'Dowd goes fishing after a length ball going across him. He  .plays it well away from his body and gets a thick edge. It's to Tanzid's left at slip and he  .grabs on with a little leap  .Max O'Dowd c Tanzid Hasan b Shoriful Islam 0 (3b 0x4 0x6 11m) SR: 0",Shoriful Islam,O'Dowd,0.0,0,0,1,1,0.0,1,c Tanzid Hasan b Shoriful Islam,0
"2.3 
• 
Shoriful Islam to Ackermann, no run 
Full outside off, Ackermann shoulders arms",2.3,0,0.0,"Shoriful Islam to Ackermann, no run  .Full outside off, Ackermann shoulders arms",Shoriful Islam,Ackermann,0.0,0,0,1,1,0.0,0,,0
"2.4 
4 
Shoriful Islam to Ackermann, FOUR runs 
First boundary of the game. And it comes through an inside edge off a length ball",2.4,4,4.0,"Shoriful Islam to Ackermann, FOUR runs  .First boundary of the game. And it comes through an inside edge off a length ball",Shoriful Islam,Ackermann,4.0,1,0,1,1,4.0,0,,1
"2.5 
• 
Shoriful Islam to Ackermann, no run 
Ackermann defends a length ball on middle and off",2.5,0,0.0,"Shoriful Islam to Ackermann, no run  .Ackermann defends a length ball on middle and off",Shoriful Islam,Ackermann,0.0,0,0,1,1,0.0,0,,0
"2.6 
1w 
Shoriful Islam to Ackermann, 1 wide 
Full and swinging down leg, it's another wide",2.6,1w,1.0,"Shoriful Islam to Ackermann, 1 wide  .Full and swinging down leg, it's another wide",Shoriful Islam,Ackermann,0.0,0,0,0,0,1.0,0,,1
"2.6 
• 
Shoriful Islam to Ackermann, no run 
Full outside off, Ackermann goes for the drive but is beaten 
end of over 35 runs • 1 wicket 
NED: 9/2CRR: 3.00  
Colin Ackermann4 (4b 1x4) 
Wesley Barresi0 (2b) 
Shoriful Islam 2-0-8-1 
Taskin Ahmed 1-0-1-1",2.6,0,0.0,"Shoriful Islam to Ackermann, no run  .Full outside off, Ackermann goes for the drive but is beaten",Shoriful Islam,Ackermann,0.0,0,0,1,1,0.0,0,,0
"3.1 
• 
Taskin to Barresi, no run 
On a length outside off, it angles in and Barresi defends",3.1,0,0.0,"Taskin to Barresi, no run  .On a length outside off, it angles in and Barresi defends",Taskin,Barresi,0.0,0,0,1,1,0.0,0,,0
"3.2 
• 
Taskin to Barresi, no run 
Back of length delivery outside off, Barresi cuts to point",3.2,0,0.0,"Taskin to Barresi, no run  .Back of length delivery outside off, Barresi cuts to point",Taskin,Barresi,0.0,0,0,1,1,0.0,0,,0
"3.3 
4 
Taskin to Barresi, FOUR runs 
Cut away with precision. It's just slightly back of length and he waits on it before 
placing it to point's left. Deep third runs across but he's timed it too well",3.3,4,4.0,"Taskin to Barresi, FOUR runs  .Cut away with precision. It's just slightly back of length and he waits on it before  .placing it to point's left. Deep third runs across but he's timed it too well",Taskin,Barresi,4.0,1,0,1,1,4.0,0,,1
"3.4 
• 
Taskin to Barresi, no run 
Barresi defends a length ball on off",3.4,0,0.0,"Taskin to Barresi, no run  .Barresi defends a length ball on off",Taskin,Barresi,0.0,0,0,1,1,0.0,0,,0
"3.5 
1 
Taskin to Barresi, 1 run 
Full on off, he drives to mid-on and scampers for a single. That came off the inside half 
of the bat 
Jawad : ""What a catch from tanzid especially after the one dropped against South 
Africa""",3.5,1,1.0,"Taskin to Barresi, 1 run  .Full on off, he drives to mid-on and scampers for a single. That came off the inside half  .of the bat",Taskin,Barresi,1.0,0,0,1,1,1.0,0,,1
"3.6 
• 
Taskin to Ackermann, no run 
Full outside off, Ackermann drives it to point 
end of over 45 runs  
NED: 14/2CRR: 3.50  
Colin Ackermann4 (5b 1x4) 
Wesley Barresi5 (7b 1x4) 
Taskin Ahmed 2-0-6-1 
Shoriful Islam 2-0-8-1",3.6,0,0.0,"Taskin to Ackermann, no run  .Full outside off, Ackermann drives it to point",Taskin,Ackermann,0.0,0,0,1,1,0.0,0,,0
"4.1 
• 
Shoriful Islam to Barresi, no run 
Digs it in short on leg and Barresi ducks",4.1,0,0.0,"Shoriful Islam to Barresi, no run  .Digs it in short on leg and Barresi ducks",Shoriful Islam,Barresi,0.0,0,0,1,1,0.0,0,,0
"4.2 
4 
Shoriful Islam to Barresi, FOUR runs 
Oh lovely shot, that! And just beats the diving fielder at backward point too! It's a length 
ball going across Barresi. But seeing width on offer, he crouches and reaches out to 
steer it just fine of the fielder",4.2,4,4.0,"Shoriful Islam to Barresi, FOUR runs  .Oh lovely shot, that! And just beats the diving fielder at backward point too! It's a length  .ball going across Barresi. But seeing width on offer, he crouches and reaches out to  .steer it just fine of the fielder",Shoriful Islam,Barresi,4.0,1,0,1,1,4.0,0,,1
"4.3 
1w 
Shoriful Islam to Barresi, 1 wide 
Shoriful fires another leg-side wide. Bangladesh will need to be a little more disciplined 
with these",4.3,1w,1.0,"Shoriful Islam to Barresi, 1 wide  .Shoriful fires another leg-side wide. Bangladesh will need to be a little more disciplined  .with these",Shoriful Islam,Barresi,0.0,0,0,0,0,1.0,0,,1
"4.3 
4 
Shoriful Islam to Barresi, FOUR runs 
Beautifully timed and he picked his spot too! It's a half-volley just outside off and he 
leans into a drive, bisecting mid-off and cover 
Around the wicket now",4.3,4,4.0,"Shoriful Islam to Barresi, FOUR runs  .Beautifully timed and he picked his spot too! It's a half-volley just outside off and he  .leans into a drive, bisecting mid-off and cover  .Around the wicket now",Shoriful Islam,Barresi,4.0,1,0,1,1,4.0,0,,1
"4.4 
• 
Shoriful Islam to Barresi, no run 
A mild appeal for lbw as Shoriful angles in a length ball. Goes past the inside edge but 
that looked very high",4.4,0,0.0,"Shoriful Islam to Barresi, no run  .A mild appeal for lbw as Shoriful angles in a length ball. Goes past the inside edge but  .that looked very high",Shoriful Islam,Barresi,0.0,0,0,1,1,0.0,0,,0
"4.5 
• 
Shoriful Islam to Barresi, no run 
Angles in a full ball from outside off but Barresi defends very late",4.5,0,0.0,"Shoriful Islam to Barresi, no run  .Angles in a full ball from outside off but Barresi defends very late",Shoriful Islam,Barresi,0.0,0,0,1,1,0.0,0,,0
"4.6 
• 
Shoriful Islam to Barresi, no run 
Full outside off, he taps it towards point but can't sneak a single 
end of over 59 runs  
NED: 23/2CRR: 4.60  
Wesley Barresi13 (13b 3x4) 
Colin Ackermann4 (5b 1x4) 
Shoriful Islam 3-0-17-1 
Taskin Ahmed 2-0-6-1",4.6,0,0.0,"Shoriful Islam to Barresi, no run  .Full outside off, he taps it towards point but can't sneak a single",Shoriful Islam,Barresi,0.0,0,0,1,1,0.0,0,,0
"5.1 
• 
Taskin to Ackermann, no run 
Full around off, Ackermann blocks",5.1,0,0.0,"Taskin to Ackermann, no run  .Full around off, Ackermann blocks",Taskin,Ackermann,0.0,0,0,1,1,0.0,0,,0
"5.2 
• 
Taskin to Ackermann, no run 
Full outside off, Ackermann leaves it alone",5.2,0,0.0,"Taskin to Ackermann, no run  .Full outside off, Ackermann leaves it alone",Taskin,Ackermann,0.0,0,0,1,1,0.0,0,,0
"5.3 
• 
Taskin to Ackermann, no run 
Back of length outside off, Ackermann gets on the back foot and punches it to cover 
point",5.3,0,0.0,"Taskin to Ackermann, no run  .Back of length outside off, Ackermann gets on the back foot and punches it to cover  .point",Taskin,Ackermann,0.0,0,0,1,1,0.0,0,,0
"5.4 
• 
Taskin to Ackermann, no run 
Ackermann defends a full delivery outside off",5.4,0,0.0,"Taskin to Ackermann, no run  .Ackermann defends a full delivery outside off",Taskin,Ackermann,0.0,0,0,1,1,0.0,0,,0
"5.5 
• 
Taskin to Ackermann, no run 
Full and wide, Ackermann leans into the drive but picks out cover point",5.5,0,0.0,"Taskin to Ackermann, no run  .Full and wide, Ackermann leans into the drive but picks out cover point",Taskin,Ackermann,0.0,0,0,1,1,0.0,0,,0
"5.6 
• 
Taskin to Ackermann, no run 
Length ball outside off jags in after pitching. Ackermann safely negotiates it. First 
maiden of the match. 
end of over 6Maiden 
NED: 23/2CRR: 3.83  
Colin Ackermann4 (11b 1x4) 
Wesley Barresi13 (13b 3x4) 
Taskin Ahmed 3-1-6-1 
Shoriful Islam 3-0-17-1",5.6,0,0.0,"Taskin to Ackermann, no run  .Length ball outside off jags in after pitching. Ackermann safely negotiates it. First  .maiden of the match.",Taskin,Ackermann,0.0,0,0,1,1,0.0,0,,0
"6.1 
• 
Shoriful Islam to Barresi, no run 
Oh, that's a good bouncer. Banged in short just outside off and Barresi is taken by 
surprise as he ducks under it at the last minute",6.1,0,0.0,"Shoriful Islam to Barresi, no run  .Oh, that's a good bouncer. Banged in short just outside off and Barresi is taken by  .surprise as he ducks under it at the last minute",Shoriful Islam,Barresi,0.0,0,0,1,1,0.0,0,,0
"6.2 
• 
Shoriful Islam to Barresi, no run 
Pitched up and Barresi turns it to midwicket",6.2,0,0.0,"Shoriful Islam to Barresi, no run  .Pitched up and Barresi turns it to midwicket",Shoriful Islam,Barresi,0.0,0,0,1,1,0.0,0,,0
"6.3 
1 
Shoriful Islam to Barresi, 1 run 
A risky single, but Ackermann gets in safe. Barresi cuts towards cover point and 
Ackermann is already running. He has to put in a dive at the striker's end, even as the 
throw goes wide",6.3,1,1.0,"Shoriful Islam to Barresi, 1 run  .A risky single, but Ackermann gets in safe. Barresi cuts towards cover point and  .Ackermann is already running. He has to put in a dive at the striker's end, even as the  .throw goes wide",Shoriful Islam,Barresi,1.0,0,0,1,1,1.0,0,,1
"6.4 
• 
Shoriful Islam to Ackermann, no run 
Short outside off, Ackermann sways away",6.4,0,0.0,"Shoriful Islam to Ackermann, no run  .Short outside off, Ackermann sways away",Shoriful Islam,Ackermann,0.0,0,0,1,1,0.0,0,,0
"6.5 
1 
Shoriful Islam to Ackermann, 1 run 
Ackermann steers a length ball to backward point's left and the fielder lets it through, 
allowing a single",6.5,1,1.0,"Shoriful Islam to Ackermann, 1 run  .Ackermann steers a length ball to backward point's left and the fielder lets it through,  .allowing a single",Shoriful Islam,Ackermann,1.0,0,0,1,1,1.0,0,,1
"6.6 
4 
Shoriful Islam to Barresi, FOUR runs 
Barresi has feasted on width today! It's another back of length delivery outside off that 
Barresi is happy to cut away. This time he finds the gap and the timing 
end of over 76 runs  
NED: 29/2CRR: 4.14  
Wesley Barresi18 (17b 4x4) 
Colin Ackermann5 (13b 1x4) 
Shoriful Islam 4-0-23-1 
Taskin Ahmed 3-1-6-1",6.6,4,4.0,"Shoriful Islam to Barresi, FOUR runs  .Barresi has feasted on width today! It's another back of length delivery outside off that  .Barresi is happy to cut away. This time he finds the gap and the timing",Shoriful Islam,Barresi,4.0,1,0,1,1,4.0,0,,1
"7.1 
• 
Taskin to Ackermann, no run 
On a length outside off, Ackermann looks to slap it away but it's straight to point",7.1,0,0.0,"Taskin to Ackermann, no run  .On a length outside off, Ackermann looks to slap it away but it's straight to point",Taskin,Ackermann,0.0,0,0,1,1,0.0,0,,0
"7.2 
1 
Taskin to Ackermann, 1 run 
Slower ball, full and wide, Ackermann waits on it and steers it to deep third 
Fun fact: Wesley Barresi was Netherlands' last ODI at this venue!",7.2,1,1.0,"Taskin to Ackermann, 1 run  .Slower ball, full and wide, Ackermann waits on it and steers it to deep third  .Fun fact: Wesley Barresi was Netherlands' last ODI at this venue!",Taskin,Ackermann,1.0,0,0,1,1,1.0,0,,1
"7.3 
• 
Taskin to Barresi, no run 
Barresi defends a full delivery towards cover",7.3,0,0.0,"Taskin to Barresi, no run  .Barresi defends a full delivery towards cover",Taskin,Barresi,0.0,0,0,1,1,0.0,0,,0
"7.4 
4 
Taskin to Barresi, FOUR runs 
Pulled away in the gap! It's short around off and Barresi swivels and gets it over 
midwicket",7.4,4,4.0,"Taskin to Barresi, FOUR runs  .Pulled away in the gap! It's short around off and Barresi swivels and gets it over  .midwicket",Taskin,Barresi,4.0,1,0,1,1,4.0,0,,1
"7.5 
• 
Taskin to Barresi, no run 
Back of length around off, Barresi fends towards backward point",7.5,0,0.0,"Taskin to Barresi, no run  .Back of length around off, Barresi fends towards backward point",Taskin,Barresi,0.0,0,0,1,1,0.0,0,,0
"7.6 
4 
Taskin to Barresi, FOUR runs 
Barresi is in attack mode here. And this may just be the best of his six boundaries so 
far. Steps leg side to a pitched up delivery and lofts it over mid-off 
Tonmoy: ""Abhimanyu, telll us about the supporters, does it feel like Bangladesh playing 
at home?"" Isam is at the ground and he tells us that it's a great atmosphere. Thousands 
of Bangladesh supporters he says. So you can be sure Bangladesh will be happy with 
the crowd support today 
end of over 89 runs  
NED: 38/2CRR: 4.75  
Wesley Barresi26 (21b 6x4) 
Colin Ackermann6 (15b 1x4) 
Taskin Ahmed 4-1-15-1 
Shoriful Islam 4-0-23-1 
Here comes Shakib!",7.6,4,4.0,"Taskin to Barresi, FOUR runs  .Barresi is in attack mode here. And this may just be the best of his six boundaries so  .far. Steps leg side to a pitched up delivery and lofts it over mid-off",Taskin,Barresi,4.0,1,0,1,1,4.0,0,,1
"8.1 
• 
Shakib to Ackermann, no run 
On a length and he punches to cover",8.1,0,0.0,"Shakib to Ackermann, no run  .On a length and he punches to cover",Shakib,Ackermann,0.0,0,0,1,1,0.0,0,,0
"8.2 
• 
Shakib to Ackermann, no run 
Tossed up full and he drives to point",8.2,0,0.0,"Shakib to Ackermann, no run  .Tossed up full and he drives to point",Shakib,Ackermann,0.0,0,0,1,1,0.0,0,,0
"8.3 
• 
Shakib to Ackermann, no run 
Floated up on middle and off, Ackermann defends",8.3,0,0.0,"Shakib to Ackermann, no run  .Floated up on middle and off, Ackermann defends",Shakib,Ackermann,0.0,0,0,1,1,0.0,0,,0
"8.4 
1 
Shakib to Ackermann, 1 run 
Full on off, 90kph, and he drives it out to long-off",8.4,1,1.0,"Shakib to Ackermann, 1 run  .Full on off, 90kph, and he drives it out to long-off",Shakib,Ackermann,1.0,0,0,1,1,1.0,0,,1
"8.5 
• 
Shakib to Barresi, no run 
Tossed up full on leg, Barresi gets forward and defends",8.5,0,0.0,"Shakib to Barresi, no run  .Tossed up full on leg, Barresi gets forward and defends",Shakib,Barresi,0.0,0,0,1,1,0.0,0,,0
"8.6 
1 
Shakib to Barresi, 1 run 
Shakib sees Barresi advancing and pulls his length back. The experienced batter adjusts 
and just nudges it through midwicket for a single 
end of over 92 runs  
NED: 40/2CRR: 4.44  
Wesley Barresi27 (23b 6x4) 
Colin Ackermann7 (19b 1x4) 
Shakib Al Hasan 1-0-2-0 
Taskin Ahmed 4-1-15-1 
Mehidy from the other end",8.6,1,1.0,"Shakib to Barresi, 1 run  .Shakib sees Barresi advancing and pulls his length back. The experienced batter adjusts  .and just nudges it through midwicket for a single",Shakib,Barresi,1.0,0,0,1,1,1.0,0,,1
"9.1 
• 
Mehidy Hasan Miraz to Barresi, no run 
Tossed up full outside off, Barresi defends",9.1,0,0.0,"Mehidy Hasan Miraz to Barresi, no run  .Tossed up full outside off, Barresi defends",Mehidy Hasan Miraz,Barresi,0.0,0,0,1,1,0.0,0,,0
"9.2 
4 
Mehidy Hasan Miraz to Barresi, FOUR runs 
Swept away and it beats deep midwicket's sprint! Full on middle and Barresi gets down 
and hits this square",9.2,4,4.0,"Mehidy Hasan Miraz to Barresi, FOUR runs  .Swept away and it beats deep midwicket's sprint! Full on middle and Barresi gets down  .and hits this square",Mehidy Hasan Miraz,Barresi,4.0,1,0,1,1,4.0,0,,1
"9.3 
1 
Mehidy Hasan Miraz to Barresi, 1 run 
On a length on off, Barresi goes back and punches towards long-on",9.3,1,1.0,"Mehidy Hasan Miraz to Barresi, 1 run  .On a length on off, Barresi goes back and punches towards long-on",Mehidy Hasan Miraz,Barresi,1.0,0,0,1,1,1.0,0,,1
"9.4 
• 
Mehidy Hasan Miraz to Ackermann, no run 
Tossed up full on middle and leg, Ackermann works it to the leg side",9.4,0,0.0,"Mehidy Hasan Miraz to Ackermann, no run  .Tossed up full on middle and leg, Ackermann works it to the leg side",Mehidy Hasan Miraz,Ackermann,0.0,0,0,1,1,0.0,0,,0
"9.5 
1 
Mehidy Hasan Miraz to Ackermann, 1 run 
Full outside off, Ackermann drives past mid-on for a single",9.5,1,1.0,"Mehidy Hasan Miraz to Ackermann, 1 run  .Full outside off, Ackermann drives past mid-on for a single",Mehidy Hasan Miraz,Ackermann,1.0,0,0,1,1,1.0,0,,1
"9.6 
1 
Mehidy Hasan Miraz to Barresi, 1 run 
Full on leg, he clips it past midwicket to wide long-on to finish the powerplay with a 
single 
Time for me to grab a bite. Here's Madushka again 
end of over 107 runs  
NED: 47/2CRR: 4.70  
Wesley Barresi33 (27b 7x4) 
Colin Ackermann8 (21b 1x4) 
Mehidy Hasan Miraz 1-0-7-0 
Shakib Al Hasan 1-0-2-0 
Thanks Abhimanyu. Decent recovery here courtesy Barresi following those early 
wickets.",9.6,1,1.0,"Mehidy Hasan Miraz to Barresi, 1 run  .Full on leg, he clips it past midwicket to wide long-on to finish the powerplay with a  .single  .Time for me to grab a bite. Here's Madushka again",Mehidy Hasan Miraz,Barresi,1.0,0,0,1,1,1.0,0,,1
"10.1 
1 
Shakib to Barresi, 1 run 
good length just outside off from around the wicket, goes back and punches this into 
the covers",10.1,1,1.0,"Shakib to Barresi, 1 run  .good length just outside off from around the wicket, goes back and punches this into  .the covers",Shakib,Barresi,1.0,0,0,1,1,1.0,0,,1
"10.2 
1 
Shakib to Ackermann, 1 run 
fuller on the pads now, worked towards deep square leg",10.2,1,1.0,"Shakib to Ackermann, 1 run  .fuller on the pads now, worked towards deep square leg",Shakib,Ackermann,1.0,0,0,1,1,1.0,0,,1
"10.3 
• 
Shakib to Barresi, no run 
floated up on a good length, 83kph, goes back and defends watchfully",10.3,0,0.0,"Shakib to Barresi, no run  .floated up on a good length, 83kph, goes back and defends watchfully",Shakib,Barresi,0.0,0,0,1,1,0.0,0,,0
"10.4 
• 
Shakib to Barresi, no run 
Nearly chips it to extra cover! This one stuck in the wicket and Barresi was early on this 
back foot punch",10.4,0,0.0,"Shakib to Barresi, no run  .Nearly chips it to extra cover! This one stuck in the wicket and Barresi was early on this  .back foot punch",Shakib,Barresi,0.0,0,0,1,1,0.0,0,,0
"10.5 
1 
Shakib to Barresi, 1 run 
goes back and punches this down the ground now for one. Fifty up for the Dutch",10.5,1,1.0,"Shakib to Barresi, 1 run  .goes back and punches this down the ground now for one. Fifty up for the Dutch",Shakib,Barresi,1.0,0,0,1,1,1.0,0,,1
"10.6 
1 
Shakib to Ackermann, 1 run 
Gets a good hold of this sweep, but it's straight at the man at deep square leg 
end of over 114 runs  
NED: 51/2CRR: 4.63  
Colin Ackermann10 (23b 1x4) 
Wesley Barresi35 (31b 7x4) 
Shakib Al Hasan 2-0-6-0 
Mehidy Hasan Miraz 1-0-7-0 
Time then for the Fizz 
Tonmoy: ""Shakib should unleash Fizz rather than saving him for later. He will be more 
effective than Mehidy."" Here you go, Tommoy.",10.6,1,1.0,"Shakib to Ackermann, 1 run  .Gets a good hold of this sweep, but it's straight at the man at deep square leg",Shakib,Ackermann,1.0,0,0,1,1,1.0,0,,1
"11.1 
• 
Mustafizur to Ackermann, no run 
Beats the edge first up! Angles this across the right hander from over the wicket, and 
has Ackermann pushing at this tentatively",11.1,0,0.0,"Mustafizur to Ackermann, no run  .Beats the edge first up! Angles this across the right hander from over the wicket, and  .has Ackermann pushing at this tentatively",Mustafizur,Ackermann,0.0,0,0,1,1,0.0,0,,0
"11.2 
1 
Mustafizur to Ackermann, 1 run 
another one angled across, wider of off, cuts this into the covers with an angled bat 
Robin: ""Bangladesh had lost the momentum after getting 2 wickets Against South-
africa, need t break the partnership ASAP.""",11.2,1,1.0,"Mustafizur to Ackermann, 1 run  .another one angled across, wider of off, cuts this into the covers with an angled bat",Mustafizur,Ackermann,1.0,0,0,1,1,1.0,0,,1
"11.3 
• 
Mustafizur to Barresi, no run 
Another fish outside off, another miss. This one was wide of off, but Barresi just has a 
waft and is beaten on the outside edge",11.3,0,0.0,"Mustafizur to Barresi, no run  .Another fish outside off, another miss. This one was wide of off, but Barresi just has a  .waft and is beaten on the outside edge",Mustafizur,Barresi,0.0,0,0,1,1,0.0,0,,0
"11.4 
1 
Mustafizur to Barresi, 1 run 
good length just outside off, just pushes this through the point region for one",11.4,1,1.0,"Mustafizur to Barresi, 1 run  .good length just outside off, just pushes this through the point region for one",Mustafizur,Barresi,1.0,0,0,1,1,1.0,0,,1
"11.5 
1 
Mustafizur to Ackermann, 1 run 
good length just outside off, goes back and across and turns it towards square leg. Fifty 
stand between these two - the first for the Dutch at this World Cup!",11.5,1,1.0,"Mustafizur to Ackermann, 1 run  .good length just outside off, goes back and across and turns it towards square leg. Fifty  .stand between these two - the first for the Dutch at this World Cup!",Mustafizur,Ackermann,1.0,0,0,1,1,1.0,0,,1
"11.6 
• 
Mustafizur to Barresi, no run 
good length outside off, defensive push towards cover 
end of over 123 runs  
NED: 54/2CRR: 4.50  
Wesley Barresi36 (34b 7x4) 
Colin Ackermann12 (26b 1x4) 
Mustafizur Rahman 1-0-3-0 
Shakib Al Hasan 2-0-6-0",11.6,0,0.0,"Mustafizur to Barresi, no run  .good length outside off, defensive push towards cover",Mustafizur,Barresi,0.0,0,0,1,1,0.0,0,,0
"12.1 
1 
Shakib to Ackermann, 1 run 
good length on off, backs away and punches this to deep cover",12.1,1,1.0,"Shakib to Ackermann, 1 run  .good length on off, backs away and punches this to deep cover",Shakib,Ackermann,1.0,0,0,1,1,1.0,0,,1
"12.2 
• 
Shakib to Barresi, no run 
shuffles down the track but Shakib slows it up, pushed back to the bowler",12.2,0,0.0,"Shakib to Barresi, no run  .shuffles down the track but Shakib slows it up, pushed back to the bowler",Shakib,Barresi,0.0,0,0,1,1,0.0,0,,0
"12.3 
1 
Shakib to Barresi, 1 run 
goes back this time and punches it to deep cover once more",12.3,1,1.0,"Shakib to Barresi, 1 run  .goes back this time and punches it to deep cover once more",Shakib,Barresi,1.0,0,0,1,1,1.0,0,,1
"12.4 
1 
Shakib to Ackermann, 1 run 
good length on off, 90kph, keeps a touch low. Stays back and pushes this down to long-
on",12.4,1,1.0,"Shakib to Ackermann, 1 run  .good length on off, 90kph, keeps a touch low. Stays back and pushes this down to long- .on",Shakib,Ackermann,1.0,0,0,1,1,1.0,0,,1
"12.5 
• 
Shakib to Barresi, no run 
Floated up fuller, 76kph, driven straight back to Shakib",12.5,0,0.0,"Shakib to Barresi, no run  .Floated up fuller, 76kph, driven straight back to Shakib",Shakib,Barresi,0.0,0,0,1,1,0.0,0,,0
"12.6 
4 
Shakib to Barresi, FOUR runs 
Quality pull! This wasn't all that short from Shakib, but it was down leg. Barresi goes 
deep in his crease and pulls it in front of square 
end of over 137 runs  
NED: 61/2CRR: 4.69  
Wesley Barresi41 (38b 8x4) 
Colin Ackermann14 (28b 1x4) 
Shakib Al Hasan 3-0-13-0 
Mustafizur Rahman 1-0-3-0 
Shahin: ""Green, blue, yellow and black, multicoloured top four. Don't want to see any 
change colourwise."" --- Well that's certainly one way to look at it.",12.6,4,4.0,"Shakib to Barresi, FOUR runs  .Quality pull! This wasn't all that short from Shakib, but it was down leg. Barresi goes  .deep in his crease and pulls it in front of square",Shakib,Barresi,4.0,1,0,1,1,4.0,0,,1
"13.1 
1 
Mustafizur to Ackermann, 1 run 
Leading edge, past gully! This was back of a length, pitching on middle and nipping 
away a touch. Looks to work it onside but gets a thick leading edge that flies between 
the keeper and gully, but through to third man",13.1,1,1.0,"Mustafizur to Ackermann, 1 run  .Leading edge, past gully! This was back of a length, pitching on middle and nipping  .away a touch. Looks to work it onside but gets a thick leading edge that flies between  .the keeper and gully, but through to third man",Mustafizur,Ackermann,1.0,0,0,1,1,1.0,0,,1
"13.2 
• 
Mustafizur to Barresi, no run 
back of a length, defended on the back foot",13.2,0,0.0,"Mustafizur to Barresi, no run  .back of a length, defended on the back foot",Mustafizur,Barresi,0.0,0,0,1,1,0.0,0,,0
"13.3 
• 
Mustafizur to Barresi, no run 
good length on off, defended once more",13.3,0,0.0,"Mustafizur to Barresi, no run  .good length on off, defended once more",Mustafizur,Barresi,0.0,0,0,1,1,0.0,0,,0
"13.4 
1w 
Mustafizur to Barresi, 1 wide 
bouncer, but this one goes way over the batter",13.4,1w,1.0,"Mustafizur to Barresi, 1 wide  .bouncer, but this one goes way over the batter",Mustafizur,Barresi,0.0,0,0,0,0,1.0,0,,1
"13.4 
W 
Mustafizur to Barresi, OUT 
Barresi's cameo comes to an end! This was fuller from Mustafizur, but he rolls his 
fingers over it to take the pace off. Barresi takes the bat and looks to launch this over 
long-off. He's far to early on the stroke and all he can do is slice it straight up in the air. 
Shakib makes the early call, settles under it, and completes the catch near the centre of 
the pitch 
Wesley Barresi c Shakib Al Hasan b Mustafizur Rahman 41 (41b 8x4 0x6 49m) SR: 100 
See all photos 
James: ""What do mean first 50 run stand.. englebrecht and van beek had a huge 
130/140 run partnership "" --- Apologies, should've been clearer. In the top order.",13.4,W,0.0,"Mustafizur to Barresi, OUT  .Barresi's cameo comes to an end! This was fuller from Mustafizur, but he rolls his  .fingers over it to take the pace off. Barresi takes the bat and looks to launch this over  .long-off. He's far to early on the stroke and all he can do is slice it straight up in the air.  .Shakib makes the early call, settles under it, and completes the catch near the centre of  .the pitch  .Wesley Barresi c Shakib Al Hasan b Mustafizur Rahman 41 (41b 8x4 0x6 49m) SR: 100",Mustafizur,Barresi,0.0,0,0,1,1,0.0,1,c Shakib Al Hasan b Mustafizur Rahman,0
"13.5 
• 
Mustafizur to Edwards, no run 
good length on off, defended",13.5,0,0.0,"Mustafizur to Edwards, no run  .good length on off, defended",Mustafizur,Edwards,0.0,0,0,1,1,0.0,0,,0
"13.6 
• 
Mustafizur to Edwards, no run 
back of a length across the right hander, defensive push to backward point 
end of over 142 runs • 1 wicket 
NED: 63/3CRR: 4.50  
Scott Edwards0 (2b) 
Colin Ackermann15 (29b 1x4) 
Mustafizur Rahman 2-0-5-1 
Shakib Al Hasan 3-0-13-0 
Swarnadeep: ""Still remember watching Fizz live in 2016 T20 World Cup here in Eden 
Gardens. He had taken a 5fer against the black caps that day. Could well be very 
effective in these conditions""",13.6,0,0.0,"Mustafizur to Edwards, no run  .back of a length across the right hander, defensive push to backward point",Mustafizur,Edwards,0.0,0,0,1,1,0.0,0,,0
"14.1 
• 
Shakib to Ackermann, no run 
good length outside off, looks to cut this late but can't get it past backward point",14.1,0,0.0,"Shakib to Ackermann, no run  .good length outside off, looks to cut this late but can't get it past backward point",Shakib,Ackermann,0.0,0,0,1,1,0.0,0,,0
"14.2 
• 
Shakib to Ackermann, no run 
Nearly chips it back to the bowler. Looks to work this onside and gets a leading edge 
that falls just short of Shakib",14.2,0,0.0,"Shakib to Ackermann, no run  .Nearly chips it back to the bowler. Looks to work this onside and gets a leading edge  .that falls just short of Shakib",Shakib,Ackermann,0.0,0,0,1,1,0.0,0,,0
"14.3 
• 
Shakib to Ackermann, no run 
good length outside off, and chopped to point",14.3,0,0.0,"Shakib to Ackermann, no run  .good length outside off, and chopped to point",Shakib,Ackermann,0.0,0,0,1,1,0.0,0,,0
"14.4 
W 
Shakib to Ackermann, OUT 
Oh dear, what a soft dismissal! This was slightly quicker, 94kph, and fuller as 
Ackermann looks to sweep it. The extra bounce doesn't let him get over it either and so 
he only manages a gentle top edge that loops kindly to short fine leg. Looks like the 
Dutch will be in need of yet another lower order rescue job today 
Colin Ackermann c Mustafizur Rahman b Shakib Al Hasan 15 (33b 1x4 0x6 50m) SR: 
45.45",14.4,W,0.0,"Shakib to Ackermann, OUT  .Oh dear, what a soft dismissal! This was slightly quicker, 94kph, and fuller as  .Ackermann looks to sweep it. The extra bounce doesn't let him get over it either and so  .he only manages a gentle top edge that loops kindly to short fine leg. Looks like the  .Dutch will be in need of yet another lower order rescue job today  .Colin Ackermann c Mustafizur Rahman b Shakib Al Hasan 15 (33b 1x4 0x6 50m) SR:",Shakib,Ackermann,0.0,0,0,1,1,0.0,1,c Mustafizur Rahman b Shakib Al Hasan,0
"14.5 
• 
Shakib to de Leede, no run 
good length, skids through on off. Defended towards backward point",14.5,0,0.0,"Shakib to de Leede, no run  .good length, skids through on off. Defended towards backward point",Shakib,de Leede,0.0,0,0,1,1,0.0,0,,0
"14.6 
• 
Shakib to de Leede, no run 
good length on the stumps, defended 
end of over 15Wicket maiden 
NED: 63/4CRR: 4.20  
Bas de Leede0 (2b) 
Scott Edwards0 (2b) 
Shakib Al Hasan 4-1-13-1 
Mustafizur Rahman 2-0-5-1 
Bristy: ""Wickets falling down in pairs""",14.6,0,0.0,"Shakib to de Leede, no run  .good length on the stumps, defended",Shakib,de Leede,0.0,0,0,1,1,0.0,0,,0
"15.1 
• 
Mustafizur to Edwards, no run 
good length on off, nips away across Edwards. Pushes at this and misses",15.1,0,0.0,"Mustafizur to Edwards, no run  .good length on off, nips away across Edwards. Pushes at this and misses",Mustafizur,Edwards,0.0,0,0,1,1,0.0,0,,0
"15.2 
• 
Mustafizur to Edwards, no run 
grassed at gully! This was full on off and Edwards sliced the drive. It flies to Litton Das, 
who gets two hands to it low to his right but can't hold on",15.2,0,0.0,"Mustafizur to Edwards, no run  .grassed at gully! This was full on off and Edwards sliced the drive. It flies to Litton Das,  .who gets two hands to it low to his right but can't hold on",Mustafizur,Edwards,0.0,0,0,1,1,0.0,0,,0
"15.3 
• 
Mustafizur to Edwards, no run 
good length on off, defended",15.3,0,0.0,"Mustafizur to Edwards, no run  .good length on off, defended",Mustafizur,Edwards,0.0,0,0,1,1,0.0,0,,0
"15.4 
• 
Mustafizur to Edwards, no run 
And now another one goes down! This one was even tougher. Edwards pushes at one 
angling across and gets a thick edge that flies to Musfiqur's right. He dives low to his 
left but he dives to far as this hits him on the wrists. Two lives for Edwards",15.4,0,0.0,"Mustafizur to Edwards, no run  .And now another one goes down! This one was even tougher. Edwards pushes at one  .angling across and gets a thick edge that flies to Musfiqur's right. He dives low to his  .left but he dives to far as this hits him on the wrists. Two lives for Edwards",Mustafizur,Edwards,0.0,0,0,1,1,0.0,0,,0
"15.5 
• 
Mustafizur to Edwards, no run 
length ball angling across, left alone this time",15.5,0,0.0,"Mustafizur to Edwards, no run  .length ball angling across, left alone this time",Mustafizur,Edwards,0.0,0,0,1,1,0.0,0,,0
"15.6 
• 
Mustafizur to Edwards, no run 
good length on the stumps, defended on the back foot 
end of over 16Maiden 
NED: 63/4CRR: 3.93  
Scott Edwards0 (8b) 
Bas de Leede0 (2b) 
Mustafizur Rahman 3-1-5-1 
Shakib Al Hasan 4-1-13-1",15.6,0,0.0,"Mustafizur to Edwards, no run  .good length on the stumps, defended on the back foot",Mustafizur,Edwards,0.0,0,0,1,1,0.0,0,,0
"16.1 
• 
Shakib to de Leede, no run 
good length on off, 81kph, defended towards backward point",16.1,0,0.0,"Shakib to de Leede, no run  .good length on off, 81kph, defended towards backward point",Shakib,de Leede,0.0,0,0,1,1,0.0,0,,0
"16.2 
1 
Shakib to de Leede, 1 run 
tossed up fuller on the stumps, pushed to wide long-off for one 
3 runs and 2 wickets in the last 20 deliveries.",16.2,1,1.0,"Shakib to de Leede, 1 run  .tossed up fuller on the stumps, pushed to wide long-off for one  .3 runs and 2 wickets in the last 20 deliveries.",Shakib,de Leede,1.0,0,0,1,1,1.0,0,,1
"16.3 
• 
Shakib to Edwards, no run 
good length on the stumps, 89kph, goes back and defends",16.3,0,0.0,"Shakib to Edwards, no run  .good length on the stumps, 89kph, goes back and defends",Shakib,Edwards,0.0,0,0,1,1,0.0,0,,0
"16.4 
• 
Shakib to Edwards, no run 
skids through quicker, 95kph, defended on off",16.4,0,0.0,"Shakib to Edwards, no run  .skids through quicker, 95kph, defended on off",Shakib,Edwards,0.0,0,0,1,1,0.0,0,,0
"16.5 
4 
Shakib to Edwards, FOUR runs 
gets it past short fine, and beats the man in the deep too! Edwards showing how the 
sweep should be done as he takes this off a good length and gets it in the gap behind 
square",16.5,4,4.0,"Shakib to Edwards, FOUR runs  .gets it past short fine, and beats the man in the deep too! Edwards showing how the  .sweep should be done as he takes this off a good length and gets it in the gap behind  .square",Shakib,Edwards,4.0,1,0,1,1,4.0,0,,1
"16.6 
1 
Shakib to Edwards, 1 run 
Now it''s the reverse. This was a good length delivery on middle and leg at 84kph. 
Edwards paddles this to short third for one 
And with that it's drinks. 
Saurabh: ""@Madhushka , who according to you have been best fielding side in this 
world cup.. none of the teams seems to be on top in fielding.. India had horror day 
against new zealand, new zealand had horror today.. somehow as per fielding 
standards none seems to be consistent"" --- Yeah all teams can have off days, but on the 
whole NZ would probably be at or near the top. Australia are also quite good - though 
they too have had a shocking time catching in some of their early games. 
Masum Billah: ""Two drop catches is same over? You kidding me from two keeper? "" --- 
And Edwards too. 
Gus: ""@Bristy Even catches Falling down in pairs"" 
end of over 176 runs  
NED: 69/4CRR: 4.05  
Scott Edwards5 (12b 1x4) 
Bas de Leede1 (4b) 
Shakib Al Hasan 5-1-19-1 
Mustafizur Rahman 3-1-5-1 
Mustafizur to continue",16.6,1,1.0,"Shakib to Edwards, 1 run  .Now it''s the reverse. This was a good length delivery on middle and leg at 84kph.  .Edwards paddles this to short third for one  .And with that it's drinks.",Shakib,Edwards,1.0,0,0,1,1,1.0,0,,1
"17.1 
1 
Mustafizur to Edwards, 1 run 
full outside off, driven square down towards deep point",17.1,1,1.0,"Mustafizur to Edwards, 1 run  .full outside off, driven square down towards deep point",Mustafizur,Edwards,1.0,0,0,1,1,1.0,0,,1
"17.2 
• 
Mustafizur to de Leede, no run 
Play and a miss! Full outside off, 129kph, angling away. Looks for the drive and is 
beaten on the outside edge",17.2,0,0.0,"Mustafizur to de Leede, no run  .Play and a miss! Full outside off, 129kph, angling away. Looks for the drive and is  .beaten on the outside edge",Mustafizur,de Leede,0.0,0,0,1,1,0.0,0,,0
"17.3 
• 
Mustafizur to de Leede, no run 
Nice cutter, pitches outside leg at 121kph as Mustafizur looks to square up the batter. 
Batter stays back and defends",17.3,0,0.0,"Mustafizur to de Leede, no run  .Nice cutter, pitches outside leg at 121kph as Mustafizur looks to square up the batter.  .Batter stays back and defends",Mustafizur,de Leede,0.0,0,0,1,1,0.0,0,,0
"17.4 
1 
Mustafizur to de Leede, 1 run 
fuller outside off, poked past a sprawling cover for one",17.4,1,1.0,"Mustafizur to de Leede, 1 run  .fuller outside off, poked past a sprawling cover for one",Mustafizur,de Leede,1.0,0,0,1,1,1.0,0,,1
"17.5 
4 
Mustafizur to Edwards, FOUR runs 
Oh dear, oh dear, oh dear, poor from Shoriful in the deep. This was full outside off and 
Edwards edges this drive between slip and gully. Shoriful slides to stop this but lets it 
squeeze through",17.5,4,4.0,"Mustafizur to Edwards, FOUR runs  .Oh dear, oh dear, oh dear, poor from Shoriful in the deep. This was full outside off and  .Edwards edges this drive between slip and gully. Shoriful slides to stop this but lets it  .squeeze through",Mustafizur,Edwards,4.0,1,0,1,1,4.0,0,,1
"17.6 
• 
Mustafizur to Edwards, no run 
slower ball angled across off, left alone 
end of over 186 runs  
NED: 75/4CRR: 4.16  
Scott Edwards10 (15b 2x4) 
Bas de Leede2 (7b) 
Mustafizur Rahman 4-1-11-1 
Shakib Al Hasan 5-1-19-1",17.6,0,0.0,"Mustafizur to Edwards, no run  .slower ball angled across off, left alone",Mustafizur,Edwards,0.0,0,0,1,1,0.0,0,,0
"18.1 
1 
Shoriful Islam to de Leede, 1 run 
back of a length on off, stays back and runs this down behind point for one 
Riyad: ""Considering Fizz getting so much grip from the pitch Shoriful bowling with his 
cutter might be effective.""",18.1,1,1.0,"Shoriful Islam to de Leede, 1 run  .back of a length on off, stays back and runs this down behind point for one",Shoriful Islam,de Leede,1.0,0,0,1,1,1.0,0,,1
"18.2 
• 
Shoriful Islam to Edwards, no run 
full on off, driven straight to short extra",18.2,0,0.0,"Shoriful Islam to Edwards, no run  .full on off, driven straight to short extra",Shoriful Islam,Edwards,0.0,0,0,1,1,0.0,0,,0
"18.3 
• 
Shoriful Islam to Edwards, no run 
bouncer, outside off. Left alone",18.3,0,0.0,"Shoriful Islam to Edwards, no run  .bouncer, outside off. Left alone",Shoriful Islam,Edwards,0.0,0,0,1,1,0.0,0,,0
"18.4 
• 
Shoriful Islam to Edwards, no run 
fuller on the stumps, defensive push back towards Shoriful 
Masum Billah: ""Bd looks sloppy! I donno what is coming from, do they think they have 
enough wickets already, be careful ND have good lower order game changer batsman """,18.4,0,0.0,"Shoriful Islam to Edwards, no run  .fuller on the stumps, defensive push back towards Shoriful",Shoriful Islam,Edwards,0.0,0,0,1,1,0.0,0,,0
"18.5 
2 
Shoriful Islam to Edwards, 2 runs 
Excellent running! This was back of a length on the stumps, nudges this behind square 
on the leg side and they hustle to make the second. Catches the Bangladesh fielders on 
their heels",18.5,2,2.0,"Shoriful Islam to Edwards, 2 runs  .Excellent running! This was back of a length on the stumps, nudges this behind square  .on the leg side and they hustle to make the second. Catches the Bangladesh fielders on  .their heels",Shoriful Islam,Edwards,2.0,0,0,1,1,2.0,0,,1
"18.6 
• 
Shoriful Islam to Edwards, no run 
Cutter that Edwards can't get any bat on as he looks to turn this onside. Struck high on 
the thigh 
end of over 193 runs  
NED: 78/4CRR: 4.10  
Scott Edwards12 (20b 2x4) 
Bas de Leede3 (8b) 
Shoriful Islam 5-0-26-1 
Mustafizur Rahman 4-1-11-1",18.6,0,0.0,"Shoriful Islam to Edwards, no run  .Cutter that Edwards can't get any bat on as he looks to turn this onside. Struck high on  .the thigh",Shoriful Islam,Edwards,0.0,0,0,1,1,0.0,0,,0
"19.1 
• 
Mustafizur to de Leede, no run 
full outside off, driven straight to cover",19.1,0,0.0,"Mustafizur to de Leede, no run  .full outside off, driven straight to cover",Mustafizur,de Leede,0.0,0,0,1,1,0.0,0,,0
"19.2 
• 
Mustafizur to de Leede, no run 
full on off, played with soft hands as the widish fourth slip gets in the way",19.2,0,0.0,"Mustafizur to de Leede, no run  .full on off, played with soft hands as the widish fourth slip gets in the way",Mustafizur,de Leede,0.0,0,0,1,1,0.0,0,,0
"19.3 
4 
Mustafizur to de Leede, FOUR runs 
Lovely stroke! This was a touch fuller and de Leede just taps this down the ground past 
a wide mid-off. Races away",19.3,4,4.0,"Mustafizur to de Leede, FOUR runs  .Lovely stroke! This was a touch fuller and de Leede just taps this down the ground past  .a wide mid-off. Races away",Mustafizur,de Leede,4.0,1,0,1,1,4.0,0,,1
"19.4 
1 
Mustafizur to de Leede, 1 run 
good length on off, opens the face and runs it down behind point 
Mustafa Moudi : ""2 ODI World Cup matches going on at the moment but strangely none 
of them feels like an ODI Matches. This match is progressing like a Test while Australia 
Vs New Zealand seems like a T20I match !!""",19.4,1,1.0,"Mustafizur to de Leede, 1 run  .good length on off, opens the face and runs it down behind point",Mustafizur,de Leede,1.0,0,0,1,1,1.0,0,,1
"19.5 
• 
Mustafizur to Edwards, no run 
back of a length angling outside off. Defended towards point",19.5,0,0.0,"Mustafizur to Edwards, no run  .back of a length angling outside off. Defended towards point",Mustafizur,Edwards,0.0,0,0,1,1,0.0,0,,0
"19.6 
1 
Mustafizur to Edwards, 1 run 
Edged safely yet again! There are three men in the slips, but this flies between all of 
them as third man eventually collects 
Here's Abhimanyu once more 
end of over 206 runs  
NED: 84/4CRR: 4.20  
Scott Edwards13 (22b 2x4) 
Bas de Leede8 (12b 1x4) 
Mustafizur Rahman 5-1-17-1 
Shoriful Islam 5-0-26-1 
Thanks Madushka! Here's Shoriful",19.6,1,1.0,"Mustafizur to Edwards, 1 run  .Edged safely yet again! There are three men in the slips, but this flies between all of  .them as third man eventually collects  .Here's Abhimanyu once more",Mustafizur,Edwards,1.0,0,0,1,1,1.0,0,,1
"20.1 
• 
Shoriful Islam to Edwards, no run 
On a length around off, punched to backward point",20.1,0,0.0,"Shoriful Islam to Edwards, no run  .On a length around off, punched to backward point",Shoriful Islam,Edwards,0.0,0,0,1,1,0.0,0,,0
"20.2 
• 
Shoriful Islam to Edwards, no run",20.2,0,0.0,"Shoriful Islam to Edwards, no run",Shoriful Islam,Edwards,0.0,0,0,1,1,0.0,0,,0
"20.3 
• 
Shoriful Islam to Edwards, no run",20.3,0,0.0,"Shoriful Islam to Edwards, no run",Shoriful Islam,Edwards,0.0,0,0,1,1,0.0,0,,0
"20.4 
1 
Shoriful Islam to Edwards, 1 run 
Madushka here, stepping back in briefly as Abhimanyu sorts out a minor technical issue 
on his end.",20.4,1,1.0,"Shoriful Islam to Edwards, 1 run  .Madushka here, stepping back in briefly as Abhimanyu sorts out a minor technical issue  .on his end.",Shoriful Islam,Edwards,1.0,0,0,1,1,1.0,0,,1
"20.5 
• 
Shoriful Islam to de Leede, no run 
full on off, driven straight to mid-off",20.5,0,0.0,"Shoriful Islam to de Leede, no run  .full on off, driven straight to mid-off",Shoriful Islam,de Leede,0.0,0,0,1,1,0.0,0,,0
"20.6 
• 
Shoriful Islam to de Leede, no run 
back of a length on off, stays back and defends this to backward point 
end of over 211 run  
NED: 85/4CRR: 4.04  
Bas de Leede8 (14b 1x4) 
Scott Edwards14 (26b 2x4) 
Shoriful Islam 6-0-27-1 
Mustafizur Rahman 5-1-17-1 
Mahedi Hasan now into the attack",20.6,0,0.0,"Shoriful Islam to de Leede, no run  .back of a length on off, stays back and defends this to backward point",Shoriful Islam,de Leede,0.0,0,0,1,1,0.0,0,,0
"21.1 
• 
Mahedi Hasan to Edwards, no run 
good length outside off, goes back and across to defend",21.1,0,0.0,"Mahedi Hasan to Edwards, no run  .good length outside off, goes back and across to defend",Mahedi Hasan,Edwards,0.0,0,0,1,1,0.0,0,,0
"21.2 
• 
Mahedi Hasan to Edwards, no run 
good length on off, and again defended off the back foot",21.2,0,0.0,"Mahedi Hasan to Edwards, no run  .good length on off, and again defended off the back foot",Mahedi Hasan,Edwards,0.0,0,0,1,1,0.0,0,,0
"21.3 
• 
Mahedi Hasan to Edwards, no run 
good length again, Edwards shuffles down the track but can only push it back to Mahedi",21.3,0,0.0,"Mahedi Hasan to Edwards, no run  .good length again, Edwards shuffles down the track but can only push it back to Mahedi",Mahedi Hasan,Edwards,0.0,0,0,1,1,0.0,0,,0
"21.4 
1 
Mahedi Hasan to Edwards, 1 run 
good length on off, goes back and across and works this square on the onside for one",21.4,1,1.0,"Mahedi Hasan to Edwards, 1 run  .good length on off, goes back and across and works this square on the onside for one",Mahedi Hasan,Edwards,1.0,0,0,1,1,1.0,0,,1
"21.5 
• 
Mahedi Hasan to de Leede, no run 
good length on the stumps, defended on the back foot",21.5,0,0.0,"Mahedi Hasan to de Leede, no run  .good length on the stumps, defended on the back foot",Mahedi Hasan,de Leede,0.0,0,0,1,1,0.0,0,,0
"21.6 
• 
Mahedi Hasan to de Leede, no run 
And once more, gets back and defends this on the leg side. Tidy start from Mahedi 
end of over 221 run  
NED: 86/4CRR: 3.90  
Bas de Leede8 (16b 1x4) 
Scott Edwards15 (30b 2x4) 
Mahedi Hasan 1-0-1-0 
Shoriful Islam 6-0-27-1 
Hasan: ""Is there any possibility for Bangladesh to qualify for the semifinals? I 
understand that it's unlikely, but I'm asking out of curiosity."" --- Yes, still mathematically 
possible",21.6,0,0.0,"Mahedi Hasan to de Leede, no run  .And once more, gets back and defends this on the leg side. Tidy start from Mahedi",Mahedi Hasan,de Leede,0.0,0,0,1,1,0.0,0,,0
"22.1 
2 
Shoriful Islam to Edwards, 2 runs 
Sloppy work in the field once more. This was short of a length outside off, and it's 
slashed hard to third man. But the Dutch ran this hard, and a brief fumble and a lazy 
throw allows for the second",22.1,2,2.0,"Shoriful Islam to Edwards, 2 runs  .Sloppy work in the field once more. This was short of a length outside off, and it's  .slashed hard to third man. But the Dutch ran this hard, and a brief fumble and a lazy  .throw allows for the second",Shoriful Islam,Edwards,2.0,0,0,1,1,2.0,0,,1
"22.2 
• 
Shoriful Islam to Edwards, no run 
short of a length, cut but straight at a fine gully/fourth slip",22.2,0,0.0,"Shoriful Islam to Edwards, no run  .short of a length, cut but straight at a fine gully/fourth slip",Shoriful Islam,Edwards,0.0,0,0,1,1,0.0,0,,0
"22.3 
1 
Shoriful Islam to Edwards, 1 run 
Short and wide, walks down the track and chops this towards deep point 
Around the wicket now",22.3,1,1.0,"Shoriful Islam to Edwards, 1 run  .Short and wide, walks down the track and chops this towards deep point  .Around the wicket now",Shoriful Islam,Edwards,1.0,0,0,1,1,1.0,0,,1
"22.4 
• 
Shoriful Islam to de Leede, no run 
back of a length in the fifth stump channel. Has de Leede poking at it and missing",22.4,0,0.0,"Shoriful Islam to de Leede, no run  .back of a length in the fifth stump channel. Has de Leede poking at it and missing",Shoriful Islam,de Leede,0.0,0,0,1,1,0.0,0,,0
"22.5 
1 
Shoriful Islam to de Leede, 1 run 
back of a length outside off, punched into the covers for one 
Hussain Dahod: ""@Mustafa Moudi, that is the beauty of ODI, we get to experience all 
formats in one day. ""It takes one day""""",22.5,1,1.0,"Shoriful Islam to de Leede, 1 run  .back of a length outside off, punched into the covers for one",Shoriful Islam,de Leede,1.0,0,0,1,1,1.0,0,,1
"22.6 
• 
Shoriful Islam to Edwards, no run 
good length outside off, looks to cut this square but only ends up chopping it into the 
turf 
end of over 234 runs  
NED: 90/4CRR: 3.91  
Scott Edwards18 (34b 2x4) 
Bas de Leede9 (18b 1x4) 
Shoriful Islam 7-0-31-1 
Mahedi Hasan 1-0-1-0",22.6,0,0.0,"Shoriful Islam to Edwards, no run  .good length outside off, looks to cut this square but only ends up chopping it into the  .turf",Shoriful Islam,Edwards,0.0,0,0,1,1,0.0,0,,0
"23.1 
• 
Mahedi Hasan to de Leede, no run 
fuller on the pads, knocked straight to midwicket",23.1,0,0.0,"Mahedi Hasan to de Leede, no run  .fuller on the pads, knocked straight to midwicket",Mahedi Hasan,de Leede,0.0,0,0,1,1,0.0,0,,0
"23.2 
• 
Mahedi Hasan to de Leede, no run 
good length on off, defended on the front foot",23.2,0,0.0,"Mahedi Hasan to de Leede, no run  .good length on off, defended on the front foot",Mahedi Hasan,de Leede,0.0,0,0,1,1,0.0,0,,0
"23.3 
• 
Mahedi Hasan to de Leede, no run 
good length on the stumps, goes back and pushes this back towards Mahedi",23.3,0,0.0,"Mahedi Hasan to de Leede, no run  .good length on the stumps, goes back and pushes this back towards Mahedi",Mahedi Hasan,de Leede,0.0,0,0,1,1,0.0,0,,0
"23.4 
• 
Mahedi Hasan to de Leede, no run 
fuller on the pads, defended on the back foot",23.4,0,0.0,"Mahedi Hasan to de Leede, no run  .fuller on the pads, defended on the back foot",Mahedi Hasan,de Leede,0.0,0,0,1,1,0.0,0,,0
"23.5 
4 
Mahedi Hasan to de Leede, FOUR runs 
<b<="""" b=""""> This time Mahedi slides down leg a touch as de Leede glances this nice 
and fine to beat the diving short fine leg</b",23.5,4,4.0,"Mahedi Hasan to de Leede, FOUR runs",Mahedi Hasan,de Leede,4.0,1,0,1,1,4.0,0,,1
"23.6 
• 
Mahedi Hasan to de Leede, no run 
good length just outside off, goes back and across and punches this to mid-on 
end of over 244 runs  
NED: 94/4CRR: 3.91  
Bas de Leede13 (24b 2x4) 
Scott Edwards18 (34b 2x4) 
Mahedi Hasan 2-0-5-0 
Shoriful Islam 7-0-31-1 
Taskin back into the attack. Over the wicket",23.6,0,0.0,"Mahedi Hasan to de Leede, no run  .good length just outside off, goes back and across and punches this to mid-on",Mahedi Hasan,de Leede,0.0,0,0,1,1,0.0,0,,0
"24.1 
• 
Taskin to Edwards, no run 
back of a length on off, nipping in a touch. Back foot push towards cover",24.1,0,0.0,"Taskin to Edwards, no run  .back of a length on off, nipping in a touch. Back foot push towards cover",Taskin,Edwards,0.0,0,0,1,1,0.0,0,,0
"24.2 
• 
Taskin to Edwards, no run 
short of a length outside off, Edwards ventures out of his crease but punches this on the 
up to cover",24.2,0,0.0,"Taskin to Edwards, no run  .short of a length outside off, Edwards ventures out of his crease but punches this on the  .up to cover",Taskin,Edwards,0.0,0,0,1,1,0.0,0,,0
"24.3 
2 
Taskin to Edwards, 2 runs 
short ball, pulled towards deep midwicket for a couple",24.3,2,2.0,"Taskin to Edwards, 2 runs  .short ball, pulled towards deep midwicket for a couple",Taskin,Edwards,2.0,0,0,1,1,2.0,0,,1
"24.4 
1 
Taskin to Edwards, 1 run 
back of a length on off, tucks this off the back foot towards deep square leg",24.4,1,1.0,"Taskin to Edwards, 1 run  .back of a length on off, tucks this off the back foot towards deep square leg",Taskin,Edwards,1.0,0,0,1,1,1.0,0,,1
"24.5 
1 
Taskin to de Leede, 1 run 
full outside off, carved behind point but backward point does excellently to get high left 
hand to this and save a boundary",24.5,1,1.0,"Taskin to de Leede, 1 run  .full outside off, carved behind point but backward point does excellently to get high left  .hand to this and save a boundary",Taskin,de Leede,1.0,0,0,1,1,1.0,0,,1
"24.6 
1 
Taskin to Edwards, 1 run 
short of a length around chest high. Gets on his toes and runs this down to third man 
for one 
end of over 255 runs  
NED: 99/4CRR: 3.96  
Scott Edwards22 (39b 2x4) 
Bas de Leede14 (25b 2x4) 
Taskin Ahmed 5-1-20-1 
Mahedi Hasan 2-0-5-0",24.6,1,1.0,"Taskin to Edwards, 1 run  .short of a length around chest high. Gets on his toes and runs this down to third man  .for one",Taskin,Edwards,1.0,0,0,1,1,1.0,0,,1
"25.1 
• 
Mahedi Hasan to Edwards, no run 
Tossed up on middle, Edwards defends",25.1,0,0.0,"Mahedi Hasan to Edwards, no run  .Tossed up on middle, Edwards defends",Mahedi Hasan,Edwards,0.0,0,0,1,1,0.0,0,,0
"25.2 
1 
Mahedi Hasan to Edwards, 1 run 
Floated up on leg, Edwards skips forward and tucks it to midwicket's right and 
Netherlands steal a quick run",25.2,1,1.0,"Mahedi Hasan to Edwards, 1 run  .Floated up on leg, Edwards skips forward and tucks it to midwicket's right and  .Netherlands steal a quick run",Mahedi Hasan,Edwards,1.0,0,0,1,1,1.0,0,,1
"25.3 
1 
Mahedi Hasan to de Leede, 1 run 
On a length on off, de Leede goes back and nudges it square in the gap",25.3,1,1.0,"Mahedi Hasan to de Leede, 1 run  .On a length on off, de Leede goes back and nudges it square in the gap",Mahedi Hasan,de Leede,1.0,0,0,1,1,1.0,0,,1
"25.4 
2 
Mahedi Hasan to Edwards, 2 runs 
Floated up on leg, he clips it towards backward square. The fielder from the deep runs 
in but can't pick it up at the first go, and the fumble is all the batters need to run a 
second. Edwards makes it back safely with a direct hit at the striker's end",25.4,2,2.0,"Mahedi Hasan to Edwards, 2 runs  .Floated up on leg, he clips it towards backward square. The fielder from the deep runs  .in but can't pick it up at the first go, and the fumble is all the batters need to run a  .second. Edwards makes it back safely with a direct hit at the striker's end",Mahedi Hasan,Edwards,2.0,0,0,1,1,2.0,0,,1
"25.5 
2 
Mahedi Hasan to Edwards, 2 runs 
Edwards comes forward again and flicks it through to deep midwicket for more runs",25.5,2,2.0,"Mahedi Hasan to Edwards, 2 runs  .Edwards comes forward again and flicks it through to deep midwicket for more runs",Mahedi Hasan,Edwards,2.0,0,0,1,1,2.0,0,,1
"25.6 
• 
Mahedi Hasan to Edwards, no run 
On a length on off, Edwards defends 
end of over 266 runs  
NED: 105/4CRR: 4.03  
Scott Edwards27 (44b 2x4) 
Bas de Leede15 (26b 2x4) 
Mahedi Hasan 3-0-11-0 
Taskin Ahmed 5-1-20-1",25.6,0,0.0,"Mahedi Hasan to Edwards, no run  .On a length on off, Edwards defends",Mahedi Hasan,Edwards,0.0,0,0,1,1,0.0,0,,0
"26.1 
2 
Taskin to de Leede, 2 runs 
Taskin bowls it on a length just outside off, de Leede taps it through point and they 
sprint two",26.1,2,2.0,"Taskin to de Leede, 2 runs  .Taskin bowls it on a length just outside off, de Leede taps it through point and they  .sprint two",Taskin,de Leede,2.0,0,0,1,1,2.0,0,,1
"26.2 
• 
Taskin to de Leede, no run 
On a length on off, de Leede defends",26.2,0,0.0,"Taskin to de Leede, no run  .On a length on off, de Leede defends",Taskin,de Leede,0.0,0,0,1,1,0.0,0,,0
"26.3 
• 
Taskin to de Leede, no run 
Length ball on off, angling in, and de Leede blocks it out again 
Sahid: ""That's a rediculas call to send it to tv umpire!! Batters both feet and bat was 
inside the crease and umpire was in perfect position to see this."" They check almost all 
direct hits these days. Better safe than sorry, I suppose.",26.3,0,0.0,"Taskin to de Leede, no run  .Length ball on off, angling in, and de Leede blocks it out again",Taskin,de Leede,0.0,0,0,1,1,0.0,0,,0
"26.4 
• 
Taskin to de Leede, no run 
Full outside off, he gently steers it to point",26.4,0,0.0,"Taskin to de Leede, no run  .Full outside off, he gently steers it to point",Taskin,de Leede,0.0,0,0,1,1,0.0,0,,0
"26.5 
• 
Taskin to de Leede, no run 
Full around off, de Leede defends",26.5,0,0.0,"Taskin to de Leede, no run  .Full around off, de Leede defends",Taskin,de Leede,0.0,0,0,1,1,0.0,0,,0
"26.6 
W 
Taskin to de Leede, OUT 
That's a beauty! And Shakib thinks there was a nick! And the batter is walking! Back of a 
length delivery outside off and de Leede wants to cut but it goes through to the keeper. 
Replay confirms the thin edge. Taskin with another breakthrough 
Bas de Leede c †Mushfiqur Rahim b Taskin Ahmed 17 (32b 2x4 0x6 49m) SR: 53.12 
end of over 272 runs • 1 wicket 
NED: 107/5CRR: 3.96  
Scott Edwards27 (44b 2x4) 
Taskin Ahmed 6-1-22-2 
Mahedi Hasan 3-0-11-0 
Sybrand Engelbrecht in at No. 7. He is at the non-striker's for now",26.6,W,0.0,"Taskin to de Leede, OUT  .That's a beauty! And Shakib thinks there was a nick! And the batter is walking! Back of a  .length delivery outside off and de Leede wants to cut but it goes through to the keeper.  .Replay confirms the thin edge. Taskin with another breakthrough  .Bas de Leede c †Mushfiqur Rahim b Taskin Ahmed 17 (32b 2x4 0x6 49m) SR: 53.12",Taskin,de Leede,0.0,0,0,1,1,0.0,1,c †Mushfiqur Rahim b Taskin Ahmed,0
"27.1 
• 
Mahedi Hasan to Edwards, no run 
Floated up full outside off, Edwards defends",27.1,0,0.0,"Mahedi Hasan to Edwards, no run  .Floated up full outside off, Edwards defends",Mahedi Hasan,Edwards,0.0,0,0,1,1,0.0,0,,0
"27.2 
1 
Mahedi Hasan to Edwards, 1 run 
Tossed up outside off, he nudges it towards point for a quick single",27.2,1,1.0,"Mahedi Hasan to Edwards, 1 run  .Tossed up outside off, he nudges it towards point for a quick single",Mahedi Hasan,Edwards,1.0,0,0,1,1,1.0,0,,1
"27.3 
• 
Mahedi Hasan to Engelbrecht, no run 
On a length on off, Engelbrecht gets forward to block 
Joy: ""Did de Leede start walking before Shakib took the review?"" No, he waited for the 
umpire to signal the review",27.3,0,0.0,"Mahedi Hasan to Engelbrecht, no run  .On a length on off, Engelbrecht gets forward to block",Mahedi Hasan,Engelbrecht,0.0,0,0,1,1,0.0,0,,0
"27.4 
• 
Mahedi Hasan to Engelbrecht, no run 
Tossed up full, Engelbrecht works it to the leg side",27.4,0,0.0,"Mahedi Hasan to Engelbrecht, no run  .Tossed up full, Engelbrecht works it to the leg side",Mahedi Hasan,Engelbrecht,0.0,0,0,1,1,0.0,0,,0
"27.5 
• 
Mahedi Hasan to Engelbrecht, no run 
Copy book forward defence from Engelbrecht to this length ball around off",27.5,0,0.0,"Mahedi Hasan to Engelbrecht, no run  .Copy book forward defence from Engelbrecht to this length ball around off",Mahedi Hasan,Engelbrecht,0.0,0,0,1,1,0.0,0,,0
"27.6 
1 
Mahedi Hasan to Engelbrecht, 1 run 
Tossed up on off, Engelbrecht works it towards long-on to get off the mark 
end of over 282 runs  
NED: 109/5CRR: 3.89  
Sybrand Engelbrecht1 (4b) 
Scott Edwards28 (46b 2x4) 
Mahedi Hasan 4-0-13-0 
Taskin Ahmed 6-1-22-2 
Babu: ""Live From Gallery : How come Mushfiq didn't hear that? We heared that nick from 
country miles."" Yeah, he was the last player to think there was a nick. Didn't look 
convinced at all, even after the review was taken by Bangladesh",27.6,1,1.0,"Mahedi Hasan to Engelbrecht, 1 run  .Tossed up on off, Engelbrecht works it towards long-on to get off the mark",Mahedi Hasan,Engelbrecht,1.0,0,0,1,1,1.0,0,,1
"28.1 
• 
Taskin to Engelbrecht, no run 
Full outside off, left alone",28.1,0,0.0,"Taskin to Engelbrecht, no run  .Full outside off, left alone",Taskin,Engelbrecht,0.0,0,0,1,1,0.0,0,,0
"28.2 
• 
Taskin to Engelbrecht, no run 
Yorker on off, Engelbrecht digs it out to mid-off 
Tito: ""Will the losing side here be out of the semis?"" Not mathematically yet, but in all 
practicality, yes.",28.2,0,0.0,"Taskin to Engelbrecht, no run  .Yorker on off, Engelbrecht digs it out to mid-off",Taskin,Engelbrecht,0.0,0,0,1,1,0.0,0,,0
"28.3 
1 
Taskin to Engelbrecht, 1 run 
Great fielding by Shakib at cover. Throws himself to his left to stop the ball after 
Engelbrecht plays a cover drive off a half-volley outside off",28.3,1,1.0,"Taskin to Engelbrecht, 1 run  .Great fielding by Shakib at cover. Throws himself to his left to stop the ball after  .Engelbrecht plays a cover drive off a half-volley outside off",Taskin,Engelbrecht,1.0,0,0,1,1,1.0,0,,1
"28.4 
1 
Taskin to Edwards, 1 run 
Dug in short outside off, Edwards pulls it to deep square leg",28.4,1,1.0,"Taskin to Edwards, 1 run  .Dug in short outside off, Edwards pulls it to deep square leg",Taskin,Edwards,1.0,0,0,1,1,1.0,0,,1
"28.5 
• 
Taskin to Engelbrecht, no run 
Full outside off, Engelbrecht shoulders arms",28.5,0,0.0,"Taskin to Engelbrecht, no run  .Full outside off, Engelbrecht shoulders arms",Taskin,Engelbrecht,0.0,0,0,1,1,0.0,0,,0
"28.6 
• 
Taskin to Engelbrecht, no run 
Oh, that's a peach! Length ball in the channel and Engelbrecht pokes his bat out only to 
see the ball whizz past the outside edge 
end of over 292 runs  
NED: 111/5CRR: 3.82  
Sybrand Engelbrecht2 (9b) 
Scott Edwards29 (47b 2x4) 
Taskin Ahmed 7-1-24-2 
Mahedi Hasan 4-0-13-0 
Meanwhile, in the latest iteration of the trans-Tasman rivalry in the World Cup, New 
Zealand are still on course in what looks like it could be a high-scoring thriller. 
Shakib returns",28.6,0,0.0,"Taskin to Engelbrecht, no run  .Oh, that's a peach! Length ball in the channel and Engelbrecht pokes his bat out only to  .see the ball whizz past the outside edge",Taskin,Engelbrecht,0.0,0,0,1,1,0.0,0,,0
"29.1 
1 
Shakib to Edwards, 1 run 
Tossed up on leg, he parries it to the leg side",29.1,1,1.0,"Shakib to Edwards, 1 run  .Tossed up on leg, he parries it to the leg side",Shakib,Edwards,1.0,0,0,1,1,1.0,0,,1
"29.2 
• 
Shakib to Engelbrecht, no run 
Tossed up full, defended to midwicket",29.2,0,0.0,"Shakib to Engelbrecht, no run  .Tossed up full, defended to midwicket",Shakib,Engelbrecht,0.0,0,0,1,1,0.0,0,,0
"29.3 
• 
Shakib to Engelbrecht, no run 
On a length on off and straightening, Engelbrecht waits and punches it to extra cover",29.3,0,0.0,"Shakib to Engelbrecht, no run  .On a length on off and straightening, Engelbrecht waits and punches it to extra cover",Shakib,Engelbrecht,0.0,0,0,1,1,0.0,0,,0
"29.4 
1 
Shakib to Engelbrecht, 1 run 
Nudges a length ball through fine leg for a single",29.4,1,1.0,"Shakib to Engelbrecht, 1 run  .Nudges a length ball through fine leg for a single",Shakib,Engelbrecht,1.0,0,0,1,1,1.0,0,,1
"29.5 
• 
Shakib to Edwards, no run 
Floated up slower in the air on middle, Edwards defends",29.5,0,0.0,"Shakib to Edwards, no run  .Floated up slower in the air on middle, Edwards defends",Shakib,Edwards,0.0,0,0,1,1,0.0,0,,0
"29.6 
4 
Shakib to Edwards, FOUR runs 
Hammered over mid-on! Skips down the track and takes Shakib on, swinging it over the 
fielder in the circle and picks up a one-bounce four 
end of over 306 runs  
NED: 117/5CRR: 3.90  
Scott Edwards34 (50b 3x4) 
Sybrand Engelbrecht3 (12b) 
Shakib Al Hasan 6-1-25-1 
Taskin Ahmed 7-1-24-2",29.6,4,4.0,"Shakib to Edwards, FOUR runs  .Hammered over mid-on! Skips down the track and takes Shakib on, swinging it over the  .fielder in the circle and picks up a one-bounce four",Shakib,Edwards,4.0,1,0,1,1,4.0,0,,1
"30.1 
1 
Taskin to Engelbrecht, 1 run 
Length ball just outside off, Engelbrecht clips it square for a single",30.1,1,1.0,"Taskin to Engelbrecht, 1 run  .Length ball just outside off, Engelbrecht clips it square for a single",Taskin,Engelbrecht,1.0,0,0,1,1,1.0,0,,1
"30.2 
1 
Taskin to Edwards, 1 run 
Punches a length ball through point for a quick single",30.2,1,1.0,"Taskin to Edwards, 1 run  .Punches a length ball through point for a quick single",Taskin,Edwards,1.0,0,0,1,1,1.0,0,,1
"30.3 
• 
Taskin to Engelbrecht, no run 
Full outside off, he taps it towards cover and wants the single but is sent back",30.3,0,0.0,"Taskin to Engelbrecht, no run  .Full outside off, he taps it towards cover and wants the single but is sent back",Taskin,Engelbrecht,0.0,0,0,1,1,0.0,0,,0
"30.4 
• 
Taskin to Engelbrecht, no run 
Back of length ball outside off, Engelbrecht blocks towards cover",30.4,0,0.0,"Taskin to Engelbrecht, no run  .Back of length ball outside off, Engelbrecht blocks towards cover",Taskin,Engelbrecht,0.0,0,0,1,1,0.0,0,,0
"30.5 
4 
Taskin to Engelbrecht, FOUR runs 
Absolutely nails the pull! That's dug in short at 140 clicks, but doesn't stop Engelbrecht 
from thrashing a front-foot pull through midwicket",30.5,4,4.0,"Taskin to Engelbrecht, FOUR runs  .Absolutely nails the pull! That's dug in short at 140 clicks, but doesn't stop Engelbrecht  .from thrashing a front-foot pull through midwicket",Taskin,Engelbrecht,4.0,1,0,1,1,4.0,0,,1
"30.6 
1 
Taskin to Engelbrecht, 1 run 
Taskin looks for the yorker but it becomes a very low full toss. Engelbrecht leans 
forward and almost falls over, losing his balance as he whips it out in front of square for 
a single 
end of over 317 runs  
NED: 124/5CRR: 4.00  
Sybrand Engelbrecht9 (17b 1x4) 
Scott Edwards35 (51b 3x4) 
Taskin Ahmed 8-1-31-2 
Shakib Al Hasan 6-1-25-1",30.6,1,1.0,"Taskin to Engelbrecht, 1 run  .Taskin looks for the yorker but it becomes a very low full toss. Engelbrecht leans  .forward and almost falls over, losing his balance as he whips it out in front of square for  .a single",Taskin,Engelbrecht,1.0,0,0,1,1,1.0,0,,1
"31.1 
1 
Shakib to Engelbrecht, 1 run 
Tossed up outside off, Engelbrecht punches it out to sweeper cover",31.1,1,1.0,"Shakib to Engelbrecht, 1 run  .Tossed up outside off, Engelbrecht punches it out to sweeper cover",Shakib,Engelbrecht,1.0,0,0,1,1,1.0,0,,1
"31.2 
• 
Shakib to Edwards, no run 
Tossed up full outside off, this one stays straight and takes the inside edge onto the 
pads as Edwards looks to drive",31.2,0,0.0,"Shakib to Edwards, no run  .Tossed up full outside off, this one stays straight and takes the inside edge onto the  .pads as Edwards looks to drive",Shakib,Edwards,0.0,0,0,1,1,0.0,0,,0
"31.3 
1 
Shakib to Edwards, 1 run 
Tossed up around off and Edwards sweeps it out hard through square leg and picks up 
a brace",31.3,1,1.0,"Shakib to Edwards, 1 run  .Tossed up around off and Edwards sweeps it out hard through square leg and picks up  .a brace",Shakib,Edwards,1.0,0,0,1,1,1.0,0,,1
"31.4 
• 
Shakib to Engelbrecht, no run 
Tossed up around off, he drives to cover",31.4,0,0.0,"Shakib to Engelbrecht, no run  .Tossed up around off, he drives to cover",Shakib,Engelbrecht,0.0,0,0,1,1,0.0,0,,0
"31.5 
1 
Shakib to Engelbrecht, 1 run 
Tossed up full on off, he taps towards cover for a quick run",31.5,1,1.0,"Shakib to Engelbrecht, 1 run  .Tossed up full on off, he taps towards cover for a quick run",Shakib,Engelbrecht,1.0,0,0,1,1,1.0,0,,1
"31.6 
• 
Shakib to Edwards, no run 
On a length on off, Engelbrecht defends off the inside half of the bat 
end of over 323 runs  
NED: 127/5CRR: 3.96  
Scott Edwards36 (54b 3x4) 
Sybrand Engelbrecht11 (20b 1x4) 
Shakib Al Hasan 7-1-28-1 
Taskin Ahmed 8-1-31-2",31.6,0,0.0,"Shakib to Edwards, no run  .On a length on off, Engelbrecht defends off the inside half of the bat",Shakib,Edwards,0.0,0,0,1,1,0.0,0,,0
"32.1 
1 
Mustafizur to Engelbrecht, 1 run 
Full ball outside off, he goes for the drive and gets an edge , but there's no slip in place! 
Gets a single to deep third",32.1,1,1.0,"Mustafizur to Engelbrecht, 1 run  .Full ball outside off, he goes for the drive and gets an edge , but there's no slip in place!  .Gets a single to deep third",Mustafizur,Engelbrecht,1.0,0,0,1,1,1.0,0,,1
"32.2 
1 
Mustafizur to Edwards, 1 run 
On a length on leg, he nudges it through midwicket for a single",32.2,1,1.0,"Mustafizur to Edwards, 1 run  .On a length on leg, he nudges it through midwicket for a single",Mustafizur,Edwards,1.0,0,0,1,1,1.0,0,,1
"32.3 
• 
Mustafizur to Engelbrecht, no run 
Full and finishing on the pads, Engelbrecht looks to turn it to the leg side but misses his 
flick and goes off his pads",32.3,0,0.0,"Mustafizur to Engelbrecht, no run  .Full and finishing on the pads, Engelbrecht looks to turn it to the leg side but misses his  .flick and goes off his pads",Mustafizur,Engelbrecht,0.0,0,0,1,1,0.0,0,,0
"32.4 
1 
Mustafizur to Engelbrecht, 1 run 
Guided to deep third for a single",32.4,1,1.0,"Mustafizur to Engelbrecht, 1 run  .Guided to deep third for a single",Mustafizur,Engelbrecht,1.0,0,0,1,1,1.0,0,,1
"32.5 
• 
Mustafizur to Edwards, no run 
Slower ball on a length around leg. It's a cutter that seams away past the outside edge 
as he looks to block",32.5,0,0.0,"Mustafizur to Edwards, no run  .Slower ball on a length around leg. It's a cutter that seams away past the outside edge  .as he looks to block",Mustafizur,Edwards,0.0,0,0,1,1,0.0,0,,0
"32.6 
• 
Mustafizur to Edwards, no run 
Full and pushed towards cover 
And that will be drinks. And with that, please welcome Madushka back and let him 
know how much you think Netherlands will end up with. 
end of over 333 runs  
NED: 130/5CRR: 3.93  
Scott Edwards37 (57b 3x4) 
Sybrand Engelbrecht13 (23b 1x4) 
Mustafizur Rahman 6-1-20-1 
Shakib Al Hasan 7-1-28-1 
Thanks Abhimanyu. As long as Edwards is there you imagine the Dutch will retain hope 
of a 250+ total, but even then, will that be enough? 
Miraz after the break",32.6,0,0.0,"Mustafizur to Edwards, no run  .Full and pushed towards cover  .And that will be drinks. And with that, please welcome Madushka back and let him  .know how much you think Netherlands will end up with.",Mustafizur,Edwards,0.0,0,0,1,1,0.0,0,,0
"33.1 
1 
Mehidy Hasan Miraz to Engelbrecht, 1 run 
full on the stumps, eased down to long-on 
Anjum Kabir: ""Should NED try their batting order upside down!?"" --- If anything that might 
get their top order into some form!",33.1,1,1.0,"Mehidy Hasan Miraz to Engelbrecht, 1 run  .full on the stumps, eased down to long-on",Mehidy Hasan Miraz,Engelbrecht,1.0,0,0,1,1,1.0,0,,1
"33.2 
• 
Mehidy Hasan Miraz to Edwards, no run 
back of a length outside off, gets back and punches this to mid-off",33.2,0,0.0,"Mehidy Hasan Miraz to Edwards, no run  .back of a length outside off, gets back and punches this to mid-off",Mehidy Hasan Miraz,Edwards,0.0,0,0,1,1,0.0,0,,0
"33.3 
1 
Mehidy Hasan Miraz to Edwards, 1 run 
tossed up fuller, takes this on the full and sweeps it to deep backward square",33.3,1,1.0,"Mehidy Hasan Miraz to Edwards, 1 run  .tossed up fuller, takes this on the full and sweeps it to deep backward square",Mehidy Hasan Miraz,Edwards,1.0,0,0,1,1,1.0,0,,1
"33.4 
1 
Mehidy Hasan Miraz to Engelbrecht, 1 run 
full outside off, gets well forward and pokes this to backward point for one",33.4,1,1.0,"Mehidy Hasan Miraz to Engelbrecht, 1 run  .full outside off, gets well forward and pokes this to backward point for one",Mehidy Hasan Miraz,Engelbrecht,1.0,0,0,1,1,1.0,0,,1
"33.5 
• 
Mehidy Hasan Miraz to Edwards, no run 
looks to come down the track but Miraz fires this in as Edwards is struck on the pads 
looking to work it onside",33.5,0,0.0,"Mehidy Hasan Miraz to Edwards, no run  .looks to come down the track but Miraz fires this in as Edwards is struck on the pads  .looking to work it onside",Mehidy Hasan Miraz,Edwards,0.0,0,0,1,1,0.0,0,,0
"33.6 
• 
Mehidy Hasan Miraz to Edwards, no run 
tossed up on off, looks to sweep this but doesn't connect cleanly. Gets it towards short 
fine and the batters hesitate on the potential single before eventually deciding against it 
end of over 343 runs  
NED: 133/5CRR: 3.91  
Scott Edwards38 (61b 3x4) 
Sybrand Engelbrecht15 (25b 1x4) 
Mehidy Hasan Miraz 2-0-10-0 
Mustafizur Rahman 6-1-20-1",33.6,0,0.0,"Mehidy Hasan Miraz to Edwards, no run  .tossed up on off, looks to sweep this but doesn't connect cleanly. Gets it towards short  .fine and the batters hesitate on the potential single before eventually deciding against it",Mehidy Hasan Miraz,Edwards,0.0,0,0,1,1,0.0,0,,0
"34.1 
• 
Mustafizur to Engelbrecht, no run 
good length on off, defended on the back foot",34.1,0,0.0,"Mustafizur to Engelbrecht, no run  .good length on off, defended on the back foot",Mustafizur,Engelbrecht,0.0,0,0,1,1,0.0,0,,0
"34.2 
4 
Mustafizur to Engelbrecht, FOUR runs 
Splendid cover drive! This was pace-off and full outside off, Engelbrecht just eases this 
past cover. Doesn't look to hit it too hard and just about has the legs to reach the ropes 
as there's no one in the deep in front of square",34.2,4,4.0,"Mustafizur to Engelbrecht, FOUR runs  .Splendid cover drive! This was pace-off and full outside off, Engelbrecht just eases this  .past cover. Doesn't look to hit it too hard and just about has the legs to reach the ropes  .as there's no one in the deep in front of square",Mustafizur,Engelbrecht,4.0,1,0,1,1,4.0,0,,1
"34.3 
• 
Mustafizur to Engelbrecht, no run 
back of a length on off, looks to run this down fine but only as far as gully",34.3,0,0.0,"Mustafizur to Engelbrecht, no run  .back of a length on off, looks to run this down fine but only as far as gully",Mustafizur,Engelbrecht,0.0,0,0,1,1,0.0,0,,0
"34.4 
• 
Mustafizur to Engelbrecht, no run 
Looks to drop and run but now the Bangladesh fielders are wise to it. All the fielder's in 
the ring closing in much more aggressively",34.4,0,0.0,"Mustafizur to Engelbrecht, no run  .Looks to drop and run but now the Bangladesh fielders are wise to it. All the fielder's in  .the ring closing in much more aggressively",Mustafizur,Engelbrecht,0.0,0,0,1,1,0.0,0,,0
"34.5 
1 
Mustafizur to Engelbrecht, 1 run 
This time they do get the run though, just nudged wide of mid-on for a quick one 
Shahriar: ""The Netherlands can go upto 190-210 if they can retain wicket. and for 
Bangladesh, it won't be so difficult task even though they are struggling with top-order 
batsmen.let's see how Sakib performs """,34.5,1,1.0,"Mustafizur to Engelbrecht, 1 run  .This time they do get the run though, just nudged wide of mid-on for a quick one",Mustafizur,Engelbrecht,1.0,0,0,1,1,1.0,0,,1
"34.6 
1 
Mustafizur to Edwards, 1 run 
Short ball, pulled in the air, but it's one bounce to deep backward square 
end of over 356 runs  
NED: 139/5CRR: 3.97  
Scott Edwards39 (62b 3x4) 
Sybrand Engelbrecht20 (30b 2x4) 
Mustafizur Rahman 7-1-26-1 
Mehidy Hasan Miraz 2-0-10-0",34.6,1,1.0,"Mustafizur to Edwards, 1 run  .Short ball, pulled in the air, but it's one bounce to deep backward square",Mustafizur,Edwards,1.0,0,0,1,1,1.0,0,,1
"35.1 
• 
Mehidy Hasan Miraz to Edwards, no run 
good length on off, defended towards short midwicket",35.1,0,0.0,"Mehidy Hasan Miraz to Edwards, no run  .good length on off, defended towards short midwicket",Mehidy Hasan Miraz,Edwards,0.0,0,0,1,1,0.0,0,,0
"35.2 
1 
Mehidy Hasan Miraz to Edwards, 1 run 
good length outside off, goes back and drives this down to long-on",35.2,1,1.0,"Mehidy Hasan Miraz to Edwards, 1 run  .good length outside off, goes back and drives this down to long-on",Mehidy Hasan Miraz,Edwards,1.0,0,0,1,1,1.0,0,,1
"35.3 
• 
Mehidy Hasan Miraz to Engelbrecht, no run 
good length on off, stands tall and punches this back towards Miraz",35.3,0,0.0,"Mehidy Hasan Miraz to Engelbrecht, no run  .good length on off, stands tall and punches this back towards Miraz",Mehidy Hasan Miraz,Engelbrecht,0.0,0,0,1,1,0.0,0,,0
"35.4 
• 
Mehidy Hasan Miraz to Engelbrecht, no run 
skips down the track, doesn't get to the pitch and ends up defending",35.4,0,0.0,"Mehidy Hasan Miraz to Engelbrecht, no run  .skips down the track, doesn't get to the pitch and ends up defending",Mehidy Hasan Miraz,Engelbrecht,0.0,0,0,1,1,0.0,0,,0
"35.5 
1 
Mehidy Hasan Miraz to Engelbrecht, 1 run 
goes back and tucks this behind square leg. They think about the second but the throw 
from the deep is a good one",35.5,1,1.0,"Mehidy Hasan Miraz to Engelbrecht, 1 run  .goes back and tucks this behind square leg. They think about the second but the throw  .from the deep is a good one",Mehidy Hasan Miraz,Engelbrecht,1.0,0,0,1,1,1.0,0,,1
"35.6 
• 
Mehidy Hasan Miraz to Edwards, no run 
good length on off, punched back towards Miraz 
end of over 362 runs  
NED: 141/5CRR: 3.91  
Scott Edwards40 (65b 3x4) 
Sybrand Engelbrecht21 (33b 2x4) 
Mehidy Hasan Miraz 3-0-12-0 
Mustafizur Rahman 7-1-26-1 
The Bangladesh bowlers slowly applying the squeeze here. Will the pressure tell?",35.6,0,0.0,"Mehidy Hasan Miraz to Edwards, no run  .good length on off, punched back towards Miraz",Mehidy Hasan Miraz,Edwards,0.0,0,0,1,1,0.0,0,,0
"36.1 
1 
Shakib to Engelbrecht, 1 run 
good length just outside off, goes back and cuts this square for one",36.1,1,1.0,"Shakib to Engelbrecht, 1 run  .good length just outside off, goes back and cuts this square for one",Shakib,Engelbrecht,1.0,0,0,1,1,1.0,0,,1
"36.2 
• 
Shakib to Edwards, no run 
fuller outside off, reverse swept but straight at short third",36.2,0,0.0,"Shakib to Edwards, no run  .fuller outside off, reverse swept but straight at short third",Shakib,Edwards,0.0,0,0,1,1,0.0,0,,0
"36.3 
• 
Shakib to Edwards, no run 
Goes for the sweep and misses. He's struck on the front pad but outside the line of off 
stump",36.3,0,0.0,"Shakib to Edwards, no run  .Goes for the sweep and misses. He's struck on the front pad but outside the line of off  .stump",Shakib,Edwards,0.0,0,0,1,1,0.0,0,,0
"36.4 
1 
Shakib to Edwards, 1 run 
darted down leg, tucked towards midwicket for one",36.4,1,1.0,"Shakib to Edwards, 1 run  .darted down leg, tucked towards midwicket for one",Shakib,Edwards,1.0,0,0,1,1,1.0,0,,1
"36.5 
• 
Shakib to Engelbrecht, no run 
fuller on off, gets forward and defends",36.5,0,0.0,"Shakib to Engelbrecht, no run  .fuller on off, gets forward and defends",Shakib,Engelbrecht,0.0,0,0,1,1,0.0,0,,0
"36.6 
• 
Shakib to Engelbrecht, no run 
full on middle and leg, defended once more 
end of over 372 runs  
NED: 143/5CRR: 3.86  
Sybrand Engelbrecht22 (36b 2x4) 
Scott Edwards41 (68b 3x4) 
Shakib Al Hasan 8-1-30-1 
Mehidy Hasan Miraz 3-0-12-0 
Nabil: ""Really flummoxed by NED approach. The pitch is a bit slow but it isn't turning or 
much inconsistent bounce. Why play so slowly?"" --- The early wickets certainly didn't 
help, Nabil. And whenever they have tried to up the rate, they've lost a wicket.",36.6,0,0.0,"Shakib to Engelbrecht, no run  .full on middle and leg, defended once more",Shakib,Engelbrecht,0.0,0,0,1,1,0.0,0,,0
"37.1 
1 
Mehidy Hasan Miraz to Edwards, 1 run 
full on the stumps, tucked behind square leg for one",37.1,1,1.0,"Mehidy Hasan Miraz to Edwards, 1 run  .full on the stumps, tucked behind square leg for one",Mehidy Hasan Miraz,Edwards,1.0,0,0,1,1,1.0,0,,1
"37.2 
1 
Mehidy Hasan Miraz to Engelbrecht, 1 run 
Takes this from outside off and reverse sweeps it towards deep square leg",37.2,1,1.0,"Mehidy Hasan Miraz to Engelbrecht, 1 run  .Takes this from outside off and reverse sweeps it towards deep square leg",Mehidy Hasan Miraz,Engelbrecht,1.0,0,0,1,1,1.0,0,,1
"37.3 
1 
Mehidy Hasan Miraz to Edwards, 1 run 
goes back to this length ball and punches it down to wide long-on",37.3,1,1.0,"Mehidy Hasan Miraz to Edwards, 1 run  .goes back to this length ball and punches it down to wide long-on",Mehidy Hasan Miraz,Edwards,1.0,0,0,1,1,1.0,0,,1
"37.4 
1 
Mehidy Hasan Miraz to Engelbrecht, 1 run 
length on off, goes back and works it behind square leg for one",37.4,1,1.0,"Mehidy Hasan Miraz to Engelbrecht, 1 run  .length on off, goes back and works it behind square leg for one",Mehidy Hasan Miraz,Engelbrecht,1.0,0,0,1,1,1.0,0,,1
"37.5 
1 
Mehidy Hasan Miraz to Edwards, 1 run 
pushed through on a good length, another one tucked square on the leg side for one",37.5,1,1.0,"Mehidy Hasan Miraz to Edwards, 1 run  .pushed through on a good length, another one tucked square on the leg side for one",Mehidy Hasan Miraz,Edwards,1.0,0,0,1,1,1.0,0,,1
"37.6 
• 
Mehidy Hasan Miraz to Engelbrecht, no run 
fuller on off, gets forward this time but it's pushed straight to midwicket 
end of over 385 runs  
NED: 148/5CRR: 3.89  
Sybrand Engelbrecht24 (39b 2x4) 
Scott Edwards44 (71b 3x4) 
Mehidy Hasan Miraz 4-0-17-0 
Shakib Al Hasan 8-1-30-1 
Towfiq: ""@Shariar. Sakib (Tanzib Hassan) is not playing. Shakib is. We need to be 
careful with he spellings now as both Sakib and Shakib are in the squad. "" 
Nadim: ""Shakib should bring Shoriful now."" --- here you go Nadim.",37.6,0,0.0,"Mehidy Hasan Miraz to Engelbrecht, no run  .fuller on off, gets forward this time but it's pushed straight to midwicket",Mehidy Hasan Miraz,Engelbrecht,0.0,0,0,1,1,0.0,0,,0
"38.1 
1 
Shoriful Islam to Edwards, 1 run 
full on the stumps, worked towards midwicket 
around the wicket now",38.1,1,1.0,"Shoriful Islam to Edwards, 1 run  .full on the stumps, worked towards midwicket  .around the wicket now",Shoriful Islam,Edwards,1.0,0,0,1,1,1.0,0,,1
"38.2 
• 
Shoriful Islam to Engelbrecht, no run 
hits a hard length, angled in. Defended towards point",38.2,0,0.0,"Shoriful Islam to Engelbrecht, no run  .hits a hard length, angled in. Defended towards point",Shoriful Islam,Engelbrecht,0.0,0,0,1,1,0.0,0,,0
"38.3 
1w 
Shoriful Islam to Engelbrecht, 1 wide 
short of a length cutter, but it slides down leg. Engelbrecht tries to get some bat on this 
but to no avail",38.3,1w,1.0,"Shoriful Islam to Engelbrecht, 1 wide  .short of a length cutter, but it slides down leg. Engelbrecht tries to get some bat on this  .but to no avail",Shoriful Islam,Engelbrecht,0.0,0,0,0,0,1.0,0,,1
"38.3 
1lb 
Shoriful Islam to Engelbrecht, 1 leg bye 
Again angles this in. Looks to work it onside but doesn't get any bat on it. Deflects off 
the thigh guard for one",38.3,1lb,1.0,"Shoriful Islam to Engelbrecht, 1 leg bye  .Again angles this in. Looks to work it onside but doesn't get any bat on it. Deflects off  .the thigh guard for one",Shoriful Islam,Engelbrecht,0.0,0,0,1,1,0.0,0,,0
"38.4 
2 
Shoriful Islam to Edwards, 2 runs 
good length outside off, opens the face and runs this down to third man. They scurry for 
the second and that was a good chance for a run out, but the keeper is not positioned in 
time to gather this. He picks it up and tries to flick it back on to the stumps, but misses. 
Had be been nearer to the wickets that would've been gone I reckon",38.4,2,2.0,"Shoriful Islam to Edwards, 2 runs  .good length outside off, opens the face and runs this down to third man. They scurry for  .the second and that was a good chance for a run out, but the keeper is not positioned in  .time to gather this. He picks it up and tries to flick it back on to the stumps, but misses.  .Had be been nearer to the wickets that would've been gone I reckon",Shoriful Islam,Edwards,2.0,0,0,1,1,2.0,0,,1
"38.5 
1 
Shoriful Islam to Edwards, 1 run 
short ball pulled behind square for one",38.5,1,1.0,"Shoriful Islam to Edwards, 1 run  .short ball pulled behind square for one",Shoriful Islam,Edwards,1.0,0,0,1,1,1.0,0,,1
"38.6 
• 
Shoriful Islam to Engelbrecht, no run 
back of a length on off, defended on the back foot 
end of over 396 runs  
NED: 154/5CRR: 3.94  
Sybrand Engelbrecht24 (42b 2x4) 
Scott Edwards48 (74b 3x4) 
Shoriful Islam 8-0-36-1 
Mehidy Hasan Miraz 4-0-17-0 
Siva : ""I love to see edwards 100 today "" 
Shakib brings himself back on",38.6,0,0.0,"Shoriful Islam to Engelbrecht, no run  .back of a length on off, defended on the back foot",Shoriful Islam,Engelbrecht,0.0,0,0,1,1,0.0,0,,0
"39.1 
1 
Shakib to Edwards, 1 run 
full on off, driven down to long-off for one. Moves to 49",39.1,1,1.0,"Shakib to Edwards, 1 run  .full on off, driven down to long-off for one. Moves to 49",Shakib,Edwards,1.0,0,0,1,1,1.0,0,,1
"39.2 
• 
Shakib to Engelbrecht, no run 
full and straight, pushed straight back to Shakib",39.2,0,0.0,"Shakib to Engelbrecht, no run  .full and straight, pushed straight back to Shakib",Shakib,Engelbrecht,0.0,0,0,1,1,0.0,0,,0
"39.3 
• 
Shakib to Engelbrecht, no run 
Oof that was close! This skids through off a good length and catches Engelbrecht in the 
crease. It strikes him on the back pad in front of the stumps, but there looked to be an 
inside edge there",39.3,0,0.0,"Shakib to Engelbrecht, no run  .Oof that was close! This skids through off a good length and catches Engelbrecht in the  .crease. It strikes him on the back pad in front of the stumps, but there looked to be an  .inside edge there",Shakib,Engelbrecht,0.0,0,0,1,1,0.0,0,,0
"39.4 
• 
Shakib to Engelbrecht, no run 
good length on off, defended",39.4,0,0.0,"Shakib to Engelbrecht, no run  .good length on off, defended",Shakib,Engelbrecht,0.0,0,0,1,1,0.0,0,,0
"39.5 
• 
Shakib to Engelbrecht, no run 
goes back and defends this once more",39.5,0,0.0,"Shakib to Engelbrecht, no run  .goes back and defends this once more",Shakib,Engelbrecht,0.0,0,0,1,1,0.0,0,,0
"39.6 
• 
Shakib to Engelbrecht, no run 
good length wide of off, looks to cut this late but only get it as far as backward point 
And with that here's Abhimanyu to take you till the end of the innings 
end of over 401 run  
NED: 155/5CRR: 3.87  
Sybrand Engelbrecht24 (47b 2x4) 
Scott Edwards49 (75b 3x4) 
Shakib Al Hasan 9-1-31-1 
Shoriful Islam 8-0-36-1 
Thanks. So last ten to go, and Netherlands will be targeting at least 230 here.",39.6,0,0.0,"Shakib to Engelbrecht, no run  .good length wide of off, looks to cut this late but only get it as far as backward point  .And with that here's Abhimanyu to take you till the end of the innings",Shakib,Engelbrecht,0.0,0,0,1,1,0.0,0,,0
"40.1 
• 
Shoriful Islam to Edwards, no run 
Full on leg, Edwards flicks it to midwicket",40.1,0,0.0,"Shoriful Islam to Edwards, no run  .Full on leg, Edwards flicks it to midwicket",Shoriful Islam,Edwards,0.0,0,0,1,1,0.0,0,,0
"40.2 
• 
Shoriful Islam to Edwards, no run 
Very full on off, Edwards digs it out to cover",40.2,0,0.0,"Shoriful Islam to Edwards, no run  .Very full on off, Edwards digs it out to cover",Shoriful Islam,Edwards,0.0,0,0,1,1,0.0,0,,0
"40.3 
2 
Shoriful Islam to Edwards, 2 runs 
And that's a fine half-century for the Netherlands captain! And that's some excellent 
fielding at the boundary as well. Dug in short, he pulls it away in front of square. Fielder 
from deep midwicket ran across and put in a dive to save two runs 
See all photos",40.3,2,2.0,"Shoriful Islam to Edwards, 2 runs  .And that's a fine half-century for the Netherlands captain! And that's some excellent  .fielding at the boundary as well. Dug in short, he pulls it away in front of square. Fielder  .from deep midwicket ran across and put in a dive to save two runs  .See all photos",Shoriful Islam,Edwards,2.0,0,0,1,1,2.0,0,,1
"40.4 
4 
Shoriful Islam to Edwards, FOUR runs 
And this time the ball beats the fielder's dive! It's full on leg and Edwards glances it fine. 
The deep fine leg fielder tries his best but it goes through",40.4,4,4.0,"Shoriful Islam to Edwards, FOUR runs  .And this time the ball beats the fielder's dive! It's full on leg and Edwards glances it fine.  .The deep fine leg fielder tries his best but it goes through",Shoriful Islam,Edwards,4.0,1,0,1,1,4.0,0,,1
"40.5 
• 
Shoriful Islam to Edwards, no run 
Length ball on off, pushed to backward point",40.5,0,0.0,"Shoriful Islam to Edwards, no run  .Length ball on off, pushed to backward point",Shoriful Islam,Edwards,0.0,0,0,1,1,0.0,0,,0
"40.6 
• 
Shoriful Islam to Edwards, no run 
Full on off, defended back to the bowler 
end of over 416 runs  
NED: 161/5CRR: 3.92  
Scott Edwards55 (81b 4x4) 
Sybrand Engelbrecht24 (47b 2x4) 
Shoriful Islam 9-0-42-1 
Shakib Al Hasan 9-1-31-1",40.6,0,0.0,"Shoriful Islam to Edwards, no run  .Full on off, defended back to the bowler",Shoriful Islam,Edwards,0.0,0,0,1,1,0.0,0,,0
"41.1 
4 
Shakib to Engelbrecht, FOUR runs 
That's a brilliant reverse-sweep! Shakib floats it up on middle and he nails this past 
backward point",41.1,4,4.0,"Shakib to Engelbrecht, FOUR runs  .That's a brilliant reverse-sweep! Shakib floats it up on middle and he nails this past  .backward point",Shakib,Engelbrecht,4.0,1,0,1,1,4.0,0,,1
"41.2 
• 
Shakib to Engelbrecht, no run 
Defended towards midwicket",41.2,0,0.0,"Shakib to Engelbrecht, no run  .Defended towards midwicket",Shakib,Engelbrecht,0.0,0,0,1,1,0.0,0,,0
"41.3 
• 
Shakib to Engelbrecht, no run 
On a length outside off, punched to cover",41.3,0,0.0,"Shakib to Engelbrecht, no run  .On a length outside off, punched to cover",Shakib,Engelbrecht,0.0,0,0,1,1,0.0,0,,0
"41.4 
• 
Shakib to Engelbrecht, no run 
Tossed up on middle, Engelbrecht defends past the bowler",41.4,0,0.0,"Shakib to Engelbrecht, no run  .Tossed up on middle, Engelbrecht defends past the bowler",Shakib,Engelbrecht,0.0,0,0,1,1,0.0,0,,0
"41.5 
1 
Shakib to Engelbrecht, 1 run 
On a length outside off, he rocks back and cuts to sweeper cover",41.5,1,1.0,"Shakib to Engelbrecht, 1 run  .On a length outside off, he rocks back and cuts to sweeper cover",Shakib,Engelbrecht,1.0,0,0,1,1,1.0,0,,1
"41.6 
1 
Shakib to Edwards, 1 run 
Length ball sits up around off, Edwards pulls to deep midwicket 
end of over 426 runs  
NED: 167/5CRR: 3.97  
Scott Edwards56 (82b 4x4) 
Sybrand Engelbrecht29 (52b 3x4) 
Shakib Al Hasan 10-1-37-1 
Shoriful Islam 9-0-42-1 
The Fizz returns",41.6,1,1.0,"Shakib to Edwards, 1 run  .Length ball sits up around off, Edwards pulls to deep midwicket",Shakib,Edwards,1.0,0,0,1,1,1.0,0,,1
"42.1 
1 
Mustafizur to Edwards, 1 run 
Full on off, Edwards punches it down the ground to mid-off",42.1,1,1.0,"Mustafizur to Edwards, 1 run  .Full on off, Edwards punches it down the ground to mid-off",Mustafizur,Edwards,1.0,0,0,1,1,1.0,0,,1
"42.2 
• 
Mustafizur to Engelbrecht, no run 
Lovely slower ball. The cutter deceives the batter. It's pitched outside leg and seams 
away past the outside edge as Engelbrecht holds up his bat in defence",42.2,0,0.0,"Mustafizur to Engelbrecht, no run  .Lovely slower ball. The cutter deceives the batter. It's pitched outside leg and seams  .away past the outside edge as Engelbrecht holds up his bat in defence",Mustafizur,Engelbrecht,0.0,0,0,1,1,0.0,0,,0
"42.3 
• 
Mustafizur to Engelbrecht, no run 
A swing and a miss! Pitched up full and wide, Engelbrecht stretches out and looks to 
hoick it over cover but misses",42.3,0,0.0,"Mustafizur to Engelbrecht, no run  .A swing and a miss! Pitched up full and wide, Engelbrecht stretches out and looks to  .hoick it over cover but misses",Mustafizur,Engelbrecht,0.0,0,0,1,1,0.0,0,,0
"42.4 
• 
Mustafizur to Engelbrecht, no run 
Engelbrecht moves leg-side and wants to go for another big shot, but Mustafizur gets 
another cutter to move away and beat the bat",42.4,0,0.0,"Mustafizur to Engelbrecht, no run  .Engelbrecht moves leg-side and wants to go for another big shot, but Mustafizur gets  .another cutter to move away and beat the bat",Mustafizur,Engelbrecht,0.0,0,0,1,1,0.0,0,,0
"42.5 
3 
Mustafizur to Engelbrecht, 3 runs 
Goes high in the air but he can't hold on! Another cutter from Mustafizur and 
Engelbrecht again goes for a hoick. Gets a thick top edge and the ball balloons up. 
Mehidy is moving back from backward point and can't get under it cleanly",42.5,3,3.0,"Mustafizur to Engelbrecht, 3 runs  .Goes high in the air but he can't hold on! Another cutter from Mustafizur and  .Engelbrecht again goes for a hoick. Gets a thick top edge and the ball balloons up.  .Mehidy is moving back from backward point and can't get under it cleanly",Mustafizur,Engelbrecht,3.0,0,0,1,1,3.0,0,,1
"42.6 
1 
Mustafizur to Edwards, 1 run 
Edwards works it down to deep fine for a single 
end of over 435 runs  
NED: 172/5CRR: 4.00  
Scott Edwards58 (84b 4x4) 
Sybrand Engelbrecht32 (56b 3x4) 
Mustafizur Rahman 8-1-31-1 
Shakib Al Hasan 10-1-37-1",42.6,1,1.0,"Mustafizur to Edwards, 1 run  .Edwards works it down to deep fine for a single",Mustafizur,Edwards,1.0,0,0,1,1,1.0,0,,1
"43.1 
4 
Taskin to Edwards, FOUR runs 
Toe-ended slap down the ground from Edwards! Legth ball outside off sits up nicely and 
he absolutely clubs it along the ground past mid-off for a much needed boundary",43.1,4,4.0,"Taskin to Edwards, FOUR runs  .Toe-ended slap down the ground from Edwards! Legth ball outside off sits up nicely and  .he absolutely clubs it along the ground past mid-off for a much needed boundary",Taskin,Edwards,4.0,1,0,1,1,4.0,0,,1
"43.2 
1 
Taskin to Edwards, 1 run 
Fuller and Edwards pushes it out to long-on",43.2,1,1.0,"Taskin to Edwards, 1 run  .Fuller and Edwards pushes it out to long-on",Taskin,Edwards,1.0,0,0,1,1,1.0,0,,1
"43.3 
1 
Taskin to Engelbrecht, 1 run 
Full and wide, Engelbrecht slaps it out to mid-off for a single",43.3,1,1.0,"Taskin to Engelbrecht, 1 run  .Full and wide, Engelbrecht slaps it out to mid-off for a single",Taskin,Engelbrecht,1.0,0,0,1,1,1.0,0,,1
"43.4 
4 
Taskin to Edwards, FOUR runs 
Shot! Taskin goes short and Edwards fetches it from outside off and pulls it over the 
midwicket fielder. Second boundary of the over",43.4,4,4.0,"Taskin to Edwards, FOUR runs  .Shot! Taskin goes short and Edwards fetches it from outside off and pulls it over the  .midwicket fielder. Second boundary of the over",Taskin,Edwards,4.0,1,0,1,1,4.0,0,,1
"43.5 
1 
Taskin to Edwards, 1 run 
Slower ball on a length around off, he rocks back and pulls it out to deep midwicket",43.5,1,1.0,"Taskin to Edwards, 1 run  .Slower ball on a length around off, he rocks back and pulls it out to deep midwicket",Taskin,Edwards,1.0,0,0,1,1,1.0,0,,1
"43.6 
1 
Taskin to Engelbrecht, 1 run 
Length ball and he slaps it down the ground and gets a single 
end of over 4412 runs  
NED: 184/5CRR: 4.18  
Sybrand Engelbrecht34 (58b 3x4) 
Scott Edwards68 (88b 6x4) 
Taskin Ahmed 9-1-43-2 
Mustafizur Rahman 8-1-31-1",43.6,1,1.0,"Taskin to Engelbrecht, 1 run  .Length ball and he slaps it down the ground and gets a single",Taskin,Engelbrecht,1.0,0,0,1,1,1.0,0,,1
"44.1 
• 
Mustafizur to Engelbrecht, no run 
Mustafizur goes for the wide yorker, Engelbrecht swings but can't connect",44.1,0,0.0,"Mustafizur to Engelbrecht, no run  .Mustafizur goes for the wide yorker, Engelbrecht swings but can't connect",Mustafizur,Engelbrecht,0.0,0,0,1,1,0.0,0,,0
"44.2 
1 
Mustafizur to Engelbrecht, 1 run 
Another yorker attempted by the Fizz and Engelbrecht is able to dig it out to long-off",44.2,1,1.0,"Mustafizur to Engelbrecht, 1 run  .Another yorker attempted by the Fizz and Engelbrecht is able to dig it out to long-off",Mustafizur,Engelbrecht,1.0,0,0,1,1,1.0,0,,1
"44.3 
W 
Mustafizur to Edwards, OUT 
And the Fizz gets the big breakthrough! Cunning with his variations, he goes for the 
wide yorker again, and that does the trick. Edwards gets low and tries to slap it away but 
can only spoon a simple catch to backward point, where Mehidy makes no mistake this 
time! 
Scott Edwards c Mehidy Hasan Miraz b Mustafizur Rahman 68 (89b 6x4 0x6 122m) 
SR: 76.4",44.3,W,0.0,"Mustafizur to Edwards, OUT  .And the Fizz gets the big breakthrough! Cunning with his variations, he goes for the  .wide yorker again, and that does the trick. Edwards gets low and tries to slap it away but  .can only spoon a simple catch to backward point, where Mehidy makes no mistake this  .time!  .Scott Edwards c Mehidy Hasan Miraz b Mustafizur Rahman 68 (89b 6x4 0x6 122m)  .SR: 76.4",Mustafizur,Edwards,0.0,0,0,1,1,0.0,1,c Mehidy Hasan Miraz b Mustafizur Rahman,0
"44.4 
• 
Mustafizur to van Beek, no run 
Full on leg and dipping, he keeps it out",44.4,0,0.0,"Mustafizur to van Beek, no run  .Full on leg and dipping, he keeps it out",Mustafizur,van Beek,0.0,0,0,1,1,0.0,0,,0
"44.5 
• 
Mustafizur to van Beek, no run 
Beats van Beek's poke with another cutter! Mustafizur has relied a lot on his pace-off 
deliveries and it's paid off for him so far!",44.5,0,0.0,"Mustafizur to van Beek, no run  .Beats van Beek's poke with another cutter! Mustafizur has relied a lot on his pace-off  .deliveries and it's paid off for him so far!",Mustafizur,van Beek,0.0,0,0,1,1,0.0,0,,0
"44.6 
• 
Mustafizur to van Beek, no run 
Another slower ball, this one stays low too as van Beek looks to cut 
end of over 451 run • 1 wicket 
NED: 185/6CRR: 4.11  
Logan van Beek0 (3b) 
Sybrand Engelbrecht35 (60b 3x4) 
Mustafizur Rahman 9-1-32-2 
Taskin Ahmed 9-1-43-2",44.6,0,0.0,"Mustafizur to van Beek, no run  .Another slower ball, this one stays low too as van Beek looks to cut",Mustafizur,van Beek,0.0,0,0,1,1,0.0,0,,0
"45.1 
W 
Mahedi Hasan to Engelbrecht, OUT 
Huge appeal from Mahedi Hasan and the finger goes up! The batter's reviewed it, 
though. Tossed up full on middle and off and Engelbrecht misses his reverse sweep. If 
he didn't get any bat or glove on that, this looks plumb! Yep, no bat involved. And that's 
shown to be crashing into middle and leg stumps! Netherlands lose two in quick 
succession once again! 
Sybrand Engelbrecht lbw b Mahedi Hasan 35 (61b 3x4 0x6 72m) SR: 57.37 
Shariz Ahmad is the new batter",45.1,W,0.0,"Mahedi Hasan to Engelbrecht, OUT  .Huge appeal from Mahedi Hasan and the finger goes up! The batter's reviewed it,  .though. Tossed up full on middle and off and Engelbrecht misses his reverse sweep. If  .he didn't get any bat or glove on that, this looks plumb! Yep, no bat involved. And that's  .shown to be crashing into middle and leg stumps! Netherlands lose two in quick  .succession once again!  .Sybrand Engelbrecht lbw b Mahedi Hasan 35 (61b 3x4 0x6 72m) SR: 57.37",Mahedi Hasan,Engelbrecht,0.0,0,0,1,1,0.0,1,lbw b Mahedi Hasan,0
"45.2 
• 
Mahedi Hasan to Shariz Ahmad, no run 
Tossed up on the stumps, he defends",45.2,0,0.0,"Mahedi Hasan to Shariz Ahmad, no run  .Tossed up on the stumps, he defends",Mahedi Hasan,Shariz Ahmad,0.0,0,0,1,1,0.0,0,,0
"45.3 
• 
Mahedi Hasan to Shariz Ahmad, no run 
We have another lbw appeal! Not given this time, but Shakib reviews after Mahedi 
convinces him. This is tossed up on off, Shariz goes for the slog sweep but the ball 
goes from under the bat to hit him on the back leg. Oooooh, that's umpire's call on 
wickets! Just clipping leg stump. Shariz survives!",45.3,0,0.0,"Mahedi Hasan to Shariz Ahmad, no run  .We have another lbw appeal! Not given this time, but Shakib reviews after Mahedi  .convinces him. This is tossed up on off, Shariz goes for the slog sweep but the ball  .goes from under the bat to hit him on the back leg. Oooooh, that's umpire's call on  .wickets! Just clipping leg stump. Shariz survives!",Mahedi Hasan,Shariz Ahmad,0.0,0,0,1,1,0.0,0,,0
"45.4 
1 
Mahedi Hasan to Shariz Ahmad, 1 run 
Tossed up full outside off, Shariz steps across and turns this to fine leg for a quick run",45.4,1,1.0,"Mahedi Hasan to Shariz Ahmad, 1 run  .Tossed up full outside off, Shariz steps across and turns this to fine leg for a quick run",Mahedi Hasan,Shariz Ahmad,1.0,0,0,1,1,1.0,0,,1
"45.5 
1 
Mahedi Hasan to van Beek, 1 run 
Floats it up full and wide, van Beek drives it along the ground to long-off",45.5,1,1.0,"Mahedi Hasan to van Beek, 1 run  .Floats it up full and wide, van Beek drives it along the ground to long-off",Mahedi Hasan,van Beek,1.0,0,0,1,1,1.0,0,,1
"45.6 
2 
Mahedi Hasan to Shariz Ahmad, 2 runs 
On a length outside off and angling in, Shariz works it through the vacant square leg 
region for two 
end of over 464 runs • 1 wicket 
NED: 189/7CRR: 4.10  
Shariz Ahmad3 (4b) 
Logan van Beek1 (4b) 
Mahedi Hasan 5-0-17-1 
Mustafizur Rahman 9-1-32-2 
Mustafizur to bowl out",45.6,2,2.0,"Mahedi Hasan to Shariz Ahmad, 2 runs  .On a length outside off and angling in, Shariz works it through the vacant square leg  .region for two",Mahedi Hasan,Shariz Ahmad,2.0,0,0,1,1,2.0,0,,1
"46.1 
• 
Mustafizur to van Beek, no run 
Wide yorker and van Beek can't get bat on ball 
Barney: ""It's getting a bit late for the lower order to save this innings...""",46.1,0,0.0,"Mustafizur to van Beek, no run  .Wide yorker and van Beek can't get bat on ball",Mustafizur,van Beek,0.0,0,0,1,1,0.0,0,,0
"46.2 
1 
Mustafizur to van Beek, 1 run 
Legcutter on a length outside leg stump and it seams sharply towards off stump and 
van Beek is able to parry it through the leg side for a single",46.2,1,1.0,"Mustafizur to van Beek, 1 run  .Legcutter on a length outside leg stump and it seams sharply towards off stump and  .van Beek is able to parry it through the leg side for a single",Mustafizur,van Beek,1.0,0,0,1,1,1.0,0,,1
"46.3 
1 
Mustafizur to Shariz Ahmad, 1 run 
Length ball and he taps it on the off side for a quick run",46.3,1,1.0,"Mustafizur to Shariz Ahmad, 1 run  .Length ball and he taps it on the off side for a quick run",Mustafizur,Shariz Ahmad,1.0,0,0,1,1,1.0,0,,1
"46.4 
1 
Mustafizur to van Beek, 1 run 
On a length around off, van Beek steers it between cover and point for a single",46.4,1,1.0,"Mustafizur to van Beek, 1 run  .On a length around off, van Beek steers it between cover and point for a single",Mustafizur,van Beek,1.0,0,0,1,1,1.0,0,,1
"46.5 
• 
Mustafizur to Shariz Ahmad, no run 
The Fizz has another! But Shariz reviews. It's an offcutter from Mustafizur that pitches 
outside off and stays low to hit Shariz just below the knee roll of the front pad as Shariz 
misses his flick. Oh, it looks like there was a thin inside edge, because there is a spike 
on Ultra Edge as the ball passes bat. Shariz survives a second lbw scare!",46.5,0,0.0,"Mustafizur to Shariz Ahmad, no run  .The Fizz has another! But Shariz reviews. It's an offcutter from Mustafizur that pitches  .outside off and stays low to hit Shariz just below the knee roll of the front pad as Shariz  .misses his flick. Oh, it looks like there was a thin inside edge, because there is a spike  .on Ultra Edge as the ball passes bat. Shariz survives a second lbw scare!",Mustafizur,Shariz Ahmad,0.0,0,0,1,1,0.0,0,,0
"46.6 
1 
Mustafizur to Shariz Ahmad, 1 run 
Full around off, Shariz looks for a flick but it deflects off the bat through short third 
instead 
end of over 474 runs  
NED: 193/7CRR: 4.10  
Shariz Ahmad5 (7b) 
Logan van Beek3 (7b) 
Mustafizur Rahman 10-1-36-2 
Mahedi Hasan 5-0-17-1",46.6,1,1.0,"Mustafizur to Shariz Ahmad, 1 run  .Full around off, Shariz looks for a flick but it deflects off the bat through short third  .instead",Mustafizur,Shariz Ahmad,1.0,0,0,1,1,1.0,0,,1
"47.1 
1W 
Mahedi Hasan to Shariz Ahmad, 1 run, OUT 
Run-out chance! Shariz whips the ball through midwicket and they want two. But some 
sharp fielding means he is under pressure returning for the second. And even though he 
put in the dive at the striker's end, Mushfiqur hit the stumps with ball in hand just as the 
bat was on the crease! Two lbw appeals survived, but a run-out gets Shariz Ahmad! 
Great work from Mahmudullah, running across quickly from deep square leg to collect 
that and then put in a good throw 
Shariz Ahmad run out (Mahmudullah/†Mushfiqur Rahim) 6 (8b 0x4 0x6 13m) SR: 75",47.1,1W,1.0,"Mahedi Hasan to Shariz Ahmad, 1 run, OUT  .Run-out chance! Shariz whips the ball through midwicket and they want two. But some  .sharp fielding means he is under pressure returning for the second. And even though he  .put in the dive at the striker's end, Mushfiqur hit the stumps with ball in hand just as the  .bat was on the crease! Two lbw appeals survived, but a run-out gets Shariz Ahmad!  .Great work from Mahmudullah, running across quickly from deep square leg to collect  .that and then put in a good throw  .Shariz Ahmad run out (Mahmudullah/†Mushfiqur Rahim) 6 (8b 0x4 0x6 13m) SR: 75",Mahedi Hasan,Shariz Ahmad,0.0,0,0,1,1,0.0,1,run out (Mahmudullah/†Mushfiqur Rahim),1
"47.2 
2w 
Mahedi Hasan to Dutt, 2 wide 
Fired down leg for a wide and Mushfiqur can't collect so they get an extra run as well 
Coolwater : ""The tv umpire is having a busy time""",47.2,2w,2.0,"Mahedi Hasan to Dutt, 2 wide  .Fired down leg for a wide and Mushfiqur can't collect so they get an extra run as well",Mahedi Hasan,Dutt,0.0,0,0,0,0,2.0,0,,1
"47.2 
• 
Mahedi Hasan to van Beek, no run 
Tossed up full just outside off, van Beek defends",47.2,0,0.0,"Mahedi Hasan to van Beek, no run  .Tossed up full just outside off, van Beek defends",Mahedi Hasan,van Beek,0.0,0,0,1,1,0.0,0,,0
"47.3 
1 
Mahedi Hasan to van Beek, 1 run 
Flung full outside off with a slingy action, and van Beek drives it out to long-off",47.3,1,1.0,"Mahedi Hasan to van Beek, 1 run  .Flung full outside off with a slingy action, and van Beek drives it out to long-off",Mahedi Hasan,van Beek,1.0,0,0,1,1,1.0,0,,1
"47.4 
4b 
Mahedi Hasan to Dutt, 4 byes 
Aryan Dutt gets a lucky boundary as he gets an inside edge while coming forward to 
flick this full ball on middle",47.4,4b,4.0,"Mahedi Hasan to Dutt, 4 byes  .Aryan Dutt gets a lucky boundary as he gets an inside edge while coming forward to  .flick this full ball on middle",Mahedi Hasan,Dutt,0.0,1,0,1,1,0.0,0,,1
"47.5 
• 
Mahedi Hasan to Dutt, no run 
Defends it back to the bowler",47.5,0,0.0,"Mahedi Hasan to Dutt, no run  .Defends it back to the bowler",Mahedi Hasan,Dutt,0.0,0,0,1,1,0.0,0,,0
"47.6 
2 
Mahedi Hasan to Dutt, 2 runs 
Goes for the big shot but can't nail it. Slogs it between deep midwicket and long-on. 
They have enough time to run the second, this time without any mishap 
end of over 4810 runs • 1 wicket 
NED: 203/8CRR: 4.22  
Aryan Dutt2 (3b) 
Logan van Beek4 (9b) 
Mahedi Hasan 6-0-23-1 
Mustafizur Rahman 10-1-36-2 
Shoriful to bowl out in the penultimate over",47.6,2,2.0,"Mahedi Hasan to Dutt, 2 runs  .Goes for the big shot but can't nail it. Slogs it between deep midwicket and long-on.  .They have enough time to run the second, this time without any mishap",Mahedi Hasan,Dutt,2.0,0,0,1,1,2.0,0,,1
"48.1 
1 
Shoriful Islam to van Beek, 1 run 
Dug in short and he pulls it away to deep midwicket",48.1,1,1.0,"Shoriful Islam to van Beek, 1 run  .Dug in short and he pulls it away to deep midwicket",Shoriful Islam,van Beek,1.0,0,0,1,1,1.0,0,,1
"48.2 
1 
Shoriful Islam to Dutt, 1 run 
On a length outside off, he punches it to cover where the fielder fumbles 
Varunnath : ""I thought NED would score 220 and make a game out of it. Now they 
should look for 210 and contribute 10 extra runs through their fielding.""",48.2,1,1.0,"Shoriful Islam to Dutt, 1 run  .On a length outside off, he punches it to cover where the fielder fumbles",Shoriful Islam,Dutt,1.0,0,0,1,1,1.0,0,,1
"48.3 
1 
Shoriful Islam to van Beek, 1 run 
Full around off, he nudges it towards mid-off for a single",48.3,1,1.0,"Shoriful Islam to van Beek, 1 run  .Full around off, he nudges it towards mid-off for a single",Shoriful Islam,van Beek,1.0,0,0,1,1,1.0,0,,1
"48.4 
6 
Shoriful Islam to Dutt, SIX runs 
What a shot! Full swing of the bat and we have the first six of the match! Hangs back 
and waits on this length ball that sits in the pitch and then sits up nicely for him to 
hammer over cow corner",48.4,6,6.0,"Shoriful Islam to Dutt, SIX runs  .What a shot! Full swing of the bat and we have the first six of the match! Hangs back  .and waits on this length ball that sits in the pitch and then sits up nicely for him to  .hammer over cow corner",Shoriful Islam,Dutt,6.0,0,1,1,1,6.0,0,,1
"48.5 
W 
Shoriful Islam to Dutt, OUT 
Shoriful strikes back! It's full outside off, he reaches out and swings his bat and gets a 
top edge to short third. Mehidy holds on again 
Aryan Dutt c Mehidy Hasan Miraz b Shoriful Islam 9 (6b 0x4 1x6 7m) SR: 150",48.5,W,0.0,"Shoriful Islam to Dutt, OUT  .Shoriful strikes back! It's full outside off, he reaches out and swings his bat and gets a  .top edge to short third. Mehidy holds on again  .Aryan Dutt c Mehidy Hasan Miraz b Shoriful Islam 9 (6b 0x4 1x6 7m) SR: 150",Shoriful Islam,Dutt,0.0,0,0,1,1,0.0,1,c Mehidy Hasan Miraz b Shoriful Islam,0
"48.6 
• 
Shoriful Islam to van Meekeren, no run 
Slower, dipping yorker on leg, van Meekeren is able to keep it out 
end of over 499 runs • 1 wicket 
NED: 212/9CRR: 4.32  
Paul van Meekeren0 (1b) 
Logan van Beek6 (11b) 
Shoriful Islam 10-0-51-2 
Mahedi Hasan 6-0-23-1 
Who will bowl the final over? Mahedi Hasan it is",48.6,0,0.0,"Shoriful Islam to van Meekeren, no run  .Slower, dipping yorker on leg, van Meekeren is able to keep it out",Shoriful Islam,van Meekeren,0.0,0,0,1,1,0.0,0,,0
"49.1 
4 
Mahedi Hasan to van Beek, FOUR runs 
Length ball on middle and off and van Beek gets low and hammers a sweep between 
deep midwicket and deep square leg",49.1,4,4.0,"Mahedi Hasan to van Beek, FOUR runs  .Length ball on middle and off and van Beek gets low and hammers a sweep between  .deep midwicket and deep square leg",Mahedi Hasan,van Beek,4.0,1,0,1,1,4.0,0,,1
"49.2 
4 
Mahedi Hasan to van Beek, FOUR runs 
And that's four more! It's full and wide and van Beek uses his long levers to thrash that 
past the cover fielder's right!",49.2,4,4.0,"Mahedi Hasan to van Beek, FOUR runs  .And that's four more! It's full and wide and van Beek uses his long levers to thrash that  .past the cover fielder's right!",Mahedi Hasan,van Beek,4.0,1,0,1,1,4.0,0,,1
"49.3 
2 
Mahedi Hasan to van Beek, 2 runs 
Tossed up full and he gets down and hits it hard to long-on's right, but this time he will 
have to settle for two 
Goes around the wicket now",49.3,2,2.0,"Mahedi Hasan to van Beek, 2 runs  .Tossed up full and he gets down and hits it hard to long-on's right, but this time he will  .have to settle for two  .Goes around the wicket now",Mahedi Hasan,van Beek,2.0,0,0,1,1,2.0,0,,1
"49.4 
6 
Mahedi Hasan to van Beek, SIX runs 
What. A. Shot! It's a length ball on leg, van Beek was in position early, has to almost 
delay his shot a second as he waits on the bat and then pulls the trigger, smashing it 
over long-on",49.4,6,6.0,"Mahedi Hasan to van Beek, SIX runs  .What. A. Shot! It's a length ball on leg, van Beek was in position early, has to almost  .delay his shot a second as he waits on the bat and then pulls the trigger, smashing it  .over long-on",Mahedi Hasan,van Beek,6.0,0,1,1,1,6.0,0,,1
"49.5 
1 
Mahedi Hasan to van Beek, 1 run 
Full and he works it through midwicket and gets a single",49.5,1,1.0,"Mahedi Hasan to van Beek, 1 run  .Full and he works it through midwicket and gets a single",Mahedi Hasan,van Beek,1.0,0,0,1,1,1.0,0,,1
"49.6 
W 
Mahedi Hasan to van Meekeren, OUT 
Paul van Meekeren goes for a reverse sweep and misses and this full delivery hits van 
Meekeren on his front boot. The batter reviews it and it only confirms that that was a 
plumb lbw call. So, that's that, with Netherlands finishing on 229! 
Paul van Meekeren lbw b Mahedi Hasan 0 (2b 0x4 0x6 6m) SR: 0 
Taskin Ahmed: ""I missed last two games because of my shoulder. Actually it's an old 
injury that' suddenly flared up. I had a tear on my shoulder it flared. I took 7-8 days rest 
now I'm happy to be playing again. I think, after few games we took wickets in 
powerplay. Next few matches this will give us confidence, how we bowled. The wicket 
was slowing a little, but it's still good. Confident that we'll chase it down."" 
Netherlands have fought their way to 229, with Scott Edwards leading the rescue job 
after they lost early wickets again. He got a well deserved half-century while Wesley 
Barresi and Sybrand Engelbrecht also did well. It was the fast bowlers who did the most 
damage for Bangladesh, with Taskin Ahmed and Shoriful Islam getting powerplay 
wickets again. They picked two each, while Mustafizur Rahman also picked two. Mahedi 
Hasan chipped in with a couple of late wickets to help wrap the tail up, despite Logan 
van Beek helping Netherlands finish the innings with momentum on their side. The Fizz 
was excellent in the back ten, using his cutters and yorkers with great effect. With dew 
as a factor and the pitch getting better to bat on under lights, 230 could be on the lower 
side of a par-score, but this Netherlands side is known for their fight! Join Madushka in 
a bit for the start of the chase to see how it all pans out! Meanwhile, you can always 
switch over to see how the ending of this run-fest between Australia and New Zealand 
plays out! 
end of over 5017 runs • 1 wicket 
NED: 229/10CRR: 4.58  
Logan van Beek23 (16b 2x4 1x6) 
Mahedi Hasan 7-0-40-2 
Shoriful Islam 10-0-51-2 
Sponsored Headlines 
 
IPL 2025 - Tom Moody - Criticism around KL Rahul 'quite extraordinary' | 
ESPNcricinfoDiscover 
 
2nd ODI, Dublin, May 23, 2025, West Indies tour of Ireland (Justin Greaves 44*, Josh 
Little 2/89, WI vs IRE live score, 2nd ODI, Castle Avenue, Dublin, May 23, 2025Discover 
 
Online Tools | Shopping |  
Sponsored by TaboolaSponsored by Taboola 
Amazon Is Losing Money as Arizona Shoppers Are Canceling Prime for This Clever 
HackRead MoreSkip 
 
Greatest Tests - Rahul Dravid conquers Australia, again vs Rangana Herath protects the 
Galle fortress | ESPNcricinfoDiscover 
 
Mohammed Shami unlikely to make India's Test squad for England tour | 
ESPNcricinfoDiscover 
 
The Business Sneaker Loved by CEOs and NFL StarsPremium full-grain leather and 
marathon running shoe technology providing first class comfort all day long. Loved and 
worn by NFL athletes and coaches. Shoes much more comfortable than traditional 
dress shoes.Wolf & Shepherd |  
SponsoredSponsored 
Shop Now 
Undo 
 
Must-have sneakers for a sharper younger lookIgnite your style with marathon court 
sneakers. luxe leather & light eva sole deliver retro flair & comfort. Draw eyes on every 
street—stock’s fading fast. Own these now.Wolf & Shepherd |  
SponsoredSponsored 
Order Now 
Undo 
 
Your Best Life Starts TodayBoost energy, mood, and lean muscle with our powerful TRT 
Gel. Feel the difference, track your progress, and maximize your results with ease. 
Prescription products require an online consultation with a doctor. Results may 
vary.Maximus |  
SponsoredSponsored 
Learn More 
Undo 
 
Doctor Warns: These 3 Daily Habits Are Silently Swelling Your ProstatePure Wellness |  
SponsoredSponsored 
Undo 
 
Neuropathy Is Not From Low Vitamin B - Meet The Real EnemyNeuropathy Reports |  
SponsoredSponsored 
Undo 
 
God’s people need youYour monthly support can help save lives in Israel, the former 
Soviet Union, or other places of need.IFCJ | The Fellowship |  
SponsoredSponsored 
Donate Now 
Undo 
 
Urologists Can’t Believe How Fast This Trick WorksLifeHacks for Men |  
SponsoredSponsored 
Undo 
 
Residents In Arizona With Credit Card Debt Could Be In For A Big SurpriseWeekly 
Financial Solutions |  
SponsoredSponsored 
Undo 
 
Hollywood Actress Leaks Weight Loss Trick, Gets Fired!Actress Fired for Leaking Secret 
to Slim DownHealth News |  
SponsoredSponsored 
Undo 
 
American Spirit in 99.9% Fine SilverThe Morgan and Peace Silver Dollar Proof Coins 
from the official U.S. Mint embody the spirit of a young and vibrant America. Both 
stunning silver treasures are coveted by collectors — and now you can add them to your 
collection.U.S. Mint |  
SponsoredSponsored 
Shop Now 
Undo 
 
Two Historic Designs Now Available to OwnBe part of our Nation’s Morgan and Peace 
legacy with the U.S. Mint’s Morgan and Peace Two-Coin Reverse Proof Set™. Discover 
these fine silver treasures and own pieces of American history.U.S. Mint |  
SponsoredSponsored 
Shop Now 
Undo 
 
The Killer New Toyota RAV4 Is Utter Perfection (Take A Look)Has Toyota Done It Again? 
The New RAV4 is Finally HereTheDaddest |  
SponsoredSponsored 
Undo 
Language 
English 
Win Probability 
NED 100% 
NEDBAN 
100%50%100%NED InningsBAN Innings 
Over 43 • BAN 142/10 
Taskin Ahmed c de Leede b van Meekeren 11 (35b 1x4 0x6 49m) SR: 31.42 
W 
Netherlands won by 87 runs 
Powered by Smart Stats 
Match Coverage 
All Match News 
 
BCB chief asks players to be 'courageous' in aftermath of 
Netherlands loss 
Gloomy air at team hotel in Kolkata even as BCB top brass arrives to make enquiries on 
where things have gone wrong and how they can be turned around 
 
 
 
ODI World Cup digest: Head, Ravindra trade tons in epic 
clash; Netherlands shine again 
The Trans-Tasman meeting became a run-laden final-ball thriller as New Zealand fell 
agonisingly short while Bangladesh had a day to forget 
 
 
 
Netherlands comb over batting gaps and end up looking 
slick 
Evolution of nous and skill aligns with usual pluck as orange becomes the new green in 
Kolkata 
 
 
 
Shakib: Netherlands defeat 'very difficult to digest' 
After suffering a fifth loss, Bangladesh captain says this World Cup campaign is their 
worst 
 
 
 
Paul van Meekeren spearheads rout of Bangladesh 
Earlier, Scott Edwards dragged Netherlands out of trouble yet again with a half-century 
 
 
 
Instant answers to T20 questions 
What is the lowest team total in the IPL? 
Which batter has hit the most sixes in an innings in the IPL? 
Which team has scored the most runs in death overs in an IPL match? 
Ask a question 
Videos 
All Match Videos 
 
 
5:00 
Shakib: 'If everyone played their part well, we wouldn't be 
in this position' 
 
 
 
1:09 
Pujara: Van Meekeren hitting right lengths for Indian 
conditions 
 
 
 
1:38 
Pujara: Netherlands are a 'unit', Bangladesh are not 
 
Bangladesh Innings 
Player Name 
R 
B 
Litton Das 
caught 
3 
12 
Player Name 
R 
B 
Tanzid 
Hasan 
caught 
15 
16 
Mehidy 
Hasan Miraz caught 
35 
40 
Najmul 
Hossain 
Shanto 
caught 
9 
18 
Shakib Al 
Hasan 
caught 
5 
14 
Mushfiqur 
Rahim 
bowled 
1 
5 
Mahmudullah caught 
20 
41 
Mahedi 
Hasan 
run out 
17 
38 
Taskin 
Ahmed 
caught 
11 
35 
Mustafizur 
Rahman 
bowled 
20 
35 
Shoriful 
Islam 
not out 
0 
0 
Extras 
(w 6) 
Total 
142(10 wkts;",49.6,W,0.0,"Mahedi Hasan to van Meekeren, OUT  .Paul van Meekeren goes for a reverse sweep and misses and this full delivery hits van  .Meekeren on his front boot. The batter reviews it and it only confirms that that was a  .plumb lbw call. So, that's that, with Netherlands finishing on 229!  .Paul van Meekeren lbw b Mahedi Hasan 0 (2b 0x4 0x6 6m) SR: 0",Mahedi Hasan,van Meekeren,0.0,0,0,1,1,0.0,1,lbw b Mahedi Hasan,0
