raw_data,overs,runs,team_runs,commentary,bowler,batsman,batsman_runs,batsman_fours,batsman_sixes,batsman_bowls_faced,bowler_bowls_done,bowler_runs_given,bowler_wickets,dismissal,runs_given_bool
"0.1 
5nb 
Udana to Tamim, (no ball) FOUR runs 
bit too full and wide, and Tamim reaches out on the off side to start with a cracking four 
over the cover-point region. Oh it's a no ball for overstepping, free hit coming up 
straightaway",0.1,5nb,5.0,"Udana to Tamim, (no ball) FOUR runs  .bit too full and wide, and Tamim reaches out on the off side to start with a cracking four  .over the cover-point region. Oh it's a no ball for overstepping, free hit coming up  .straightaway",Udana,Tamim,4.0,0,0,1,0,5.0,0,,1
"0.1 
4 
Udana to Tamim, FOUR runs 
slower ball outside off and Tamim goes for a cross-batted heave, doesn't quite middle it 
but gets enough to beat the chasing fielder. Four more! 
A slip is there now",0.1,4,4.0,"Udana to Tamim, FOUR runs  .slower ball outside off and Tamim goes for a cross-batted heave, doesn't quite middle it  .but gets enough to beat the chasing fielder. Four more!  .A slip is there now",Udana,Tamim,4.0,1,0,1,1,4.0,0,,1
"0.2 
1w 
Udana to Tamim, 1 wide 
lots of away movement from outside off, easy leave for Tamim and it's called a wide 
now",0.2,1w,1.0,"Udana to Tamim, 1 wide  .lots of away movement from outside off, easy leave for Tamim and it's called a wide  .now",Udana,Tamim,0.0,0,0,0,0,1.0,0,,1
"0.2 
4 
Udana to Tamim, FOUR runs 
smoked through the covers this time, as it was fairly wide again. Leans into the ball and 
absolutely middles that cover drive to beat mid-off 
What a start for Tamim",0.2,4,4.0,"Udana to Tamim, FOUR runs  .smoked through the covers this time, as it was fairly wide again. Leans into the ball and  .absolutely middles that cover drive to beat mid-off  .What a start for Tamim",Udana,Tamim,4.0,1,0,1,1,4.0,0,,1
"0.3 
• 
Udana to Tamim, no run 
beats him with a much better line, much closer to the batter and Tamim pokes and 
misses",0.3,0,0.0,"Udana to Tamim, no run  .beats him with a much better line, much closer to the batter and Tamim pokes and  .misses",Udana,Tamim,0.0,0,0,1,1,0.0,0,,0
"0.4 
1 
Udana to Tamim, 1 run 
dropped at point! What a dramatic first over this is. Gets a hint of room on the off side 
and he scythes it to point where the fielder gets both hands to it at knee length but can't 
hold on to it and also concedes a single",0.4,1,1.0,"Udana to Tamim, 1 run  .dropped at point! What a dramatic first over this is. Gets a hint of room on the off side  .and he scythes it to point where the fielder gets both hands to it at knee length but can't  .hold on to it and also concedes a single",Udana,Tamim,1.0,0,0,1,1,1.0,0,,1
"0.5 
• 
Udana to Litton Das, no run 
just outside off and he pushes it to cover point",0.5,0,0.0,"Udana to Litton Das, no run  .just outside off and he pushes it to cover point",Udana,Litton Das,0.0,0,0,1,1,0.0,0,,0
"0.6 
• 
Udana to Litton Das, no run 
on the leg side now and much shorter, he goes on his toes and defends towards square 
leg 
end of over 115 runs  
BAN: 15/0CRR: 15.00  
Litton Das0 (2b) 
Tamim Iqbal13 (5b 3x4) 
Isuru Udana 1-0-15-0 
Chameera from the other end, a slip in place",0.6,0,0.0,"Udana to Litton Das, no run  .on the leg side now and much shorter, he goes on his toes and defends towards square  .leg",Udana,Litton Das,0.0,0,0,1,1,0.0,0,,0
"1.1 
W 
Chameera to Tamim, OUT 
loud, loud lbw appeal as Tamim is pinned right in front with an inswinger but the umpire 
doesn't move. Sri Lanka go for the review. Slightly full delivery and pitched right on 
middle stump to swing in and beat the inside edge, hitting him right in front of middle 
and leg, and it's going to hit leg stump according to ball-tracking. First strike for Sri 
Lanka! 
Tamim Iqbal lbw b Chameera 13 (6b 3x4 0x6 11m) SR: 216.66 
Shakib at No. 3",1.1,W,0.0,"Chameera to Tamim, OUT  .loud, loud lbw appeal as Tamim is pinned right in front with an inswinger but the umpire  .doesn't move. Sri Lanka go for the review. Slightly full delivery and pitched right on  .middle stump to swing in and beat the inside edge, hitting him right in front of middle  .and leg, and it's going to hit leg stump according to ball-tracking. First strike for Sri  .Lanka!  .Tamim Iqbal lbw b Chameera 13 (6b 3x4 0x6 11m) SR: 216.66",Chameera,Tamim,0.0,0,0,1,1,0.0,1,lbw b Chameera,0
"1.2 
• 
Chameera to Shakib, no run 
fullish delivery outside off, Shakib bunts it to cover point with a horizontal bat",1.2,0,0.0,"Chameera to Shakib, no run  .fullish delivery outside off, Shakib bunts it to cover point with a horizontal bat",Chameera,Shakib,0.0,0,0,1,1,0.0,0,,0
"1.3 
• 
Chameera to Shakib, no run 
hint of swing outside off, Shakib checks his shot at the last moment and pushes it to 
mid-off",1.3,0,0.0,"Chameera to Shakib, no run  .hint of swing outside off, Shakib checks his shot at the last moment and pushes it to  .mid-off",Chameera,Shakib,0.0,0,0,1,1,0.0,0,,0
"1.4 
W 
Chameera to Shakib, OUT 
given straightaway this time and it's the big wicket of Shakib, also falling to an 
inswinger. Back of length delivery on middle, good bounce and just a bit of inswing to 
beat Shakib's bat and strike the top of the pad, and the umpire gives it out lbw 
immediately 
Shakib Al Hasan lbw b Chameera 0 (3b 0x4 0x6 4m) SR: 0 
Kula: ""Beautiful seam up delivery from Chameera that. Good tail back in"" 
Mushfiqur is out there in the second over already, two slips in place",1.4,W,0.0,"Chameera to Shakib, OUT  .given straightaway this time and it's the big wicket of Shakib, also falling to an  .inswinger. Back of length delivery on middle, good bounce and just a bit of inswing to  .beat Shakib's bat and strike the top of the pad, and the umpire gives it out lbw  .immediately  .Shakib Al Hasan lbw b Chameera 0 (3b 0x4 0x6 4m) SR: 0",Chameera,Shakib,0.0,0,0,1,1,0.0,1,lbw b Chameera,0
"1.5 
• 
Chameera to Mushfiqur, no run 
beaten outside off first ball! Hint of away swing for the beautiful length ball outside off, 
good carry, and Mushfiqur pokes and misses",1.5,0,0.0,"Chameera to Mushfiqur, no run  .beaten outside off first ball! Hint of away swing for the beautiful length ball outside off,  .good carry, and Mushfiqur pokes and misses",Chameera,Mushfiqur,0.0,0,0,1,1,0.0,0,,0
"1.6 
• 
Chameera to Mushfiqur, no run 
accurate length delivery towards top of off stump, Mushfiqur stays back and defends it 
back 
What an over from Chameera! Got Liton for a duck two days ago, and today he's 
removed Tamim and Shakib already 
end of over 2Wicket maiden 
BAN: 15/2CRR: 7.50  
Mushfiqur Rahim0 (2b) 
Litton Das0 (2b) 
Dushmantha Chameera 1-1-0-2 
Isuru Udana 1-0-15-0",1.6,0,0.0,"Chameera to Mushfiqur, no run  .accurate length delivery towards top of off stump, Mushfiqur stays back and defends it  .back  .What an over from Chameera! Got Liton for a duck two days ago, and today he's  .removed Tamim and Shakib already",Chameera,Mushfiqur,0.0,0,0,1,1,0.0,0,,0
"2.1 
• 
Udana to Litton Das, no run 
length delivery outside off with the angle, Liton defends it back",2.1,0,0.0,"Udana to Litton Das, no run  .length delivery outside off with the angle, Liton defends it back",Udana,Litton Das,0.0,0,0,1,1,0.0,0,,0
"2.2 
• 
Udana to Litton Das, no run 
gets a hint of width and punches this off the back foot to cover point",2.2,0,0.0,"Udana to Litton Das, no run  .gets a hint of width and punches this off the back foot to cover point",Udana,Litton Das,0.0,0,0,1,1,0.0,0,,0
"2.3 
• 
Udana to Litton Das, no run 
leaves this alone as it's angling away off length outside off",2.3,0,0.0,"Udana to Litton Das, no run  .leaves this alone as it's angling away off length outside off",Udana,Litton Das,0.0,0,0,1,1,0.0,0,,0
"2.4 
• 
Udana to Litton Das, no run 
leans into the ball this time outside off and drives it to extra cover",2.4,0,0.0,"Udana to Litton Das, no run  .leans into the ball this time outside off and drives it to extra cover",Udana,Litton Das,0.0,0,0,1,1,0.0,0,,0
"2.5 
1 
Udana to Litton Das, 1 run 
nearly chops on! Back of length and angling away outside off, he pokes with soft hands 
and the inside edge nearly hits the stumps 
Mustafa Moudi: ""A No-Ball, A Wide. 3 Boundaries and a Drop in the First Over and 2 
Wickets Maiden in the 2nd Over. A Complete See-saw going on between the sides. 
Hooked to this ODI in just 2 overs !!""",2.5,1,1.0,"Udana to Litton Das, 1 run  .nearly chops on! Back of length and angling away outside off, he pokes with soft hands  .and the inside edge nearly hits the stumps",Udana,Litton Das,1.0,0,0,1,1,1.0,0,,1
"2.6 
• 
Udana to Mushfiqur, no run 
good come back from Udana after the first over. Back of length to end this one and hits 
Mushfiqur on the glove with good bounce in front of middle stump 
end of over 31 run  
BAN: 16/2CRR: 5.33  
Mushfiqur Rahim0 (3b) 
Litton Das1 (7b) 
Isuru Udana 2-0-16-0 
Dushmantha Chameera 1-1-0-2 
Two slips and a gully for Chameera now",2.6,0,0.0,"Udana to Mushfiqur, no run  .good come back from Udana after the first over. Back of length to end this one and hits  .Mushfiqur on the glove with good bounce in front of middle stump",Udana,Mushfiqur,0.0,0,0,1,1,0.0,0,,0
"3.1 
• 
Chameera to Litton Das, no run 
inside edge onto the pad. Liton is still looking tentative, he pokes with soft hands and 
isn't in control at all",3.1,0,0.0,"Chameera to Litton Das, no run  .inside edge onto the pad. Liton is still looking tentative, he pokes with soft hands and  .isn't in control at all",Chameera,Litton Das,0.0,0,0,1,1,0.0,0,,0
"3.2 
• 
Chameera to Litton Das, no run 
excellent pace and bounce for this one that jags back in sharply from just outside off. 
Liton shoulders arms and has to keep them really high to avoid the ball 
A third slip comes in!",3.2,0,0.0,"Chameera to Litton Das, no run  .excellent pace and bounce for this one that jags back in sharply from just outside off.  .Liton shoulders arms and has to keep them really high to avoid the ball  .A third slip comes in!",Chameera,Litton Das,0.0,0,0,1,1,0.0,0,,0
"3.3 
• 
Chameera to Litton Das, no run 
changes his line towards the stumps and bowls a bit fuller, Liton turns it to the leg side",3.3,0,0.0,"Chameera to Litton Das, no run  .changes his line towards the stumps and bowls a bit fuller, Liton turns it to the leg side",Chameera,Litton Das,0.0,0,0,1,1,0.0,0,,0
"3.4 
• 
Chameera to Litton Das, no run 
142kmh, full and straight, Liton drives it back and Chameera gets a hand to it",3.4,0,0.0,"Chameera to Litton Das, no run  .142kmh, full and straight, Liton drives it back and Chameera gets a hand to it",Chameera,Litton Das,0.0,0,0,1,1,0.0,0,,0
"3.5 
• 
Chameera to Litton Das, no run 
nearly a yorker and Liton does well to dig it out to the leg side 
Sean: ""2 experienced men back now Liton has a chance to prove himself with the help 
of Mushfiqur and Mahmudullah."" 
Takes out the third slip for the last ball",3.5,0,0.0,"Chameera to Litton Das, no run  .nearly a yorker and Liton does well to dig it out to the leg side",Chameera,Litton Das,0.0,0,0,1,1,0.0,0,,0
"3.6 
• 
Chameera to Litton Das, no run 
ends the over with a length delivery and Liton pushes it into the covers 
end of over 4Maiden 
BAN: 16/2CRR: 4.00  
Litton Das1 (13b) 
Mushfiqur Rahim0 (3b) 
Dushmantha Chameera 2-2-0-2 
Isuru Udana 2-0-16-0",3.6,0,0.0,"Chameera to Litton Das, no run  .ends the over with a length delivery and Liton pushes it into the covers",Chameera,Litton Das,0.0,0,0,1,1,0.0,0,,0
"4.1 
• 
Udana to Mushfiqur, no run 
leaves this ball alone as it angles away from him after pitching just outside off 
Something behind Udana's arm bothering the batter here. The sightscreen needs a bit of 
repair",4.1,0,0.0,"Udana to Mushfiqur, no run  .leaves this ball alone as it angles away from him after pitching just outside off  .Something behind Udana's arm bothering the batter here. The sightscreen needs a bit of  .repair",Udana,Mushfiqur,0.0,0,0,1,1,0.0,0,,0
"4.2 
1w 
Udana to Mushfiqur, 1 wide 
errs down the leg side for a wide",4.2,1w,1.0,"Udana to Mushfiqur, 1 wide  .errs down the leg side for a wide",Udana,Mushfiqur,0.0,0,0,0,0,1.0,0,,1
"4.2 
• 
Udana to Mushfiqur, no run 
back to outside off with an accurate line and Mushfiqur leaves it again",4.2,0,0.0,"Udana to Mushfiqur, no run  .back to outside off with an accurate line and Mushfiqur leaves it again",Udana,Mushfiqur,0.0,0,0,1,1,0.0,0,,0
"4.3 
1 
Udana to Mushfiqur, 1 run 
pounds it in towards leg and Mushfiqur is off the mark by tucking it to fine leg",4.3,1,1.0,"Udana to Mushfiqur, 1 run  .pounds it in towards leg and Mushfiqur is off the mark by tucking it to fine leg",Udana,Mushfiqur,1.0,0,0,1,1,1.0,0,,1
"4.4 
2 
Udana to Litton Das, 2 runs 
drives this length ball from middle stump in the gap between mid-on and midwicket for 
two",4.4,2,2.0,"Udana to Litton Das, 2 runs  .drives this length ball from middle stump in the gap between mid-on and midwicket for  .two",Udana,Litton Das,2.0,0,0,1,1,2.0,0,,1
"4.5 
• 
Udana to Litton Das, no run 
129kmh, on length and right on the stumps, Liton covers them and presents a straight 
bat",4.5,0,0.0,"Udana to Litton Das, no run  .129kmh, on length and right on the stumps, Liton covers them and presents a straight  .bat",Udana,Litton Das,0.0,0,0,1,1,0.0,0,,0
"4.6 
1 
Udana to Litton Das, 1 run 
on the pads and he flicks it fine to fine leg for one 
Heli: ""Should bring hasaranga instead of isuru. Needs to keep attacking"" The ball is still 
swinging, so spin might have to wait a bit 
end of over 55 runs  
BAN: 21/2CRR: 4.20  
Litton Das4 (16b) 
Mushfiqur Rahim1 (6b) 
Isuru Udana 3-0-21-0 
Dushmantha Chameera 2-2-0-2",4.6,1,1.0,"Udana to Litton Das, 1 run  .on the pads and he flicks it fine to fine leg for one",Udana,Litton Das,1.0,0,0,1,1,1.0,0,,1
"5.1 
• 
Chameera to Litton Das, no run 
on length on the stumps, Liton dries it down to mid-on",5.1,0,0.0,"Chameera to Litton Das, no run  .on length on the stumps, Liton dries it down to mid-on",Chameera,Litton Das,0.0,0,0,1,1,0.0,0,,0
"5.2 
• 
Chameera to Litton Das, no run 
bangs in a bouncer at good pace, and Liton ducks under it",5.2,0,0.0,"Chameera to Litton Das, no run  .bangs in a bouncer at good pace, and Liton ducks under it",Chameera,Litton Das,0.0,0,0,1,1,0.0,0,,0
"5.3 
• 
Chameera to Litton Das, no run 
140.7kmh, reaches out for the delivery well outside off, there was a hint of away swing, 
and he drives to extra cover",5.3,0,0.0,"Chameera to Litton Das, no run  .140.7kmh, reaches out for the delivery well outside off, there was a hint of away swing,  .and he drives to extra cover",Chameera,Litton Das,0.0,0,0,1,1,0.0,0,,0
"5.4 
• 
Chameera to Litton Das, no run 
137.2kmh, pulls the length back and line closer to off, Liton helps it to point",5.4,0,0.0,"Chameera to Litton Das, no run  .137.2kmh, pulls the length back and line closer to off, Liton helps it to point",Chameera,Litton Das,0.0,0,0,1,1,0.0,0,,0
"5.5 
4 
Chameera to Litton Das, FOUR runs 
much needed boundary for Liton, he gets a short ball and pulls it handsomely to the 
square-leg boundary in the gap! He stayed still with his eyes on the short ball, waited for 
it to come to him, and pulled it over the square leg umpire",5.5,4,4.0,"Chameera to Litton Das, FOUR runs  .much needed boundary for Liton, he gets a short ball and pulls it handsomely to the  .square-leg boundary in the gap! He stayed still with his eyes on the short ball, waited for  .it to come to him, and pulled it over the square leg umpire",Chameera,Litton Das,4.0,1,0,1,1,4.0,0,,1
"5.6 
1 
Chameera to Litton Das, 1 run 
runs this one down to third man to keep strike with a single 
end of over 65 runs  
BAN: 26/2CRR: 4.33  
Litton Das9 (22b 1x4) 
Mushfiqur Rahim1 (6b) 
Dushmantha Chameera 3-2-5-2 
Isuru Udana 3-0-21-0 
Here's some spin, Hasaranga's legbreak after we saw de Silva bowl in the powerplay in 
the first ODI. One slip in place",5.6,1,1.0,"Chameera to Litton Das, 1 run  .runs this one down to third man to keep strike with a single",Chameera,Litton Das,1.0,0,0,1,1,1.0,0,,1
"6.1 
• 
Hasaranga to Litton Das, no run 
spin straightaway for the length ball outside off, he leans into it and blocks",6.1,0,0.0,"Hasaranga to Litton Das, no run  .spin straightaway for the length ball outside off, he leans into it and blocks",Hasaranga,Litton Das,0.0,0,0,1,1,0.0,0,,0
"6.2 
• 
Hasaranga to Litton Das, no run 
flatter on off stump at 85.5kmh, Liton goes on the back foot and gets his bat down in 
time",6.2,0,0.0,"Hasaranga to Litton Das, no run  .flatter on off stump at 85.5kmh, Liton goes on the back foot and gets his bat down in  .time",Hasaranga,Litton Das,0.0,0,0,1,1,0.0,0,,0
"6.3 
• 
Hasaranga to Litton Das, no run 
slower with some turn, Liton goes back again and slices it to backward point",6.3,0,0.0,"Hasaranga to Litton Das, no run  .slower with some turn, Liton goes back again and slices it to backward point",Hasaranga,Litton Das,0.0,0,0,1,1,0.0,0,,0
"6.4 
1 
Hasaranga to Litton Das, 1 run 
full and flighted on middle and leg, flicked to the leg side for one 
A short leg comes in for Mushfiqur",6.4,1,1.0,"Hasaranga to Litton Das, 1 run  .full and flighted on middle and leg, flicked to the leg side for one  .A short leg comes in for Mushfiqur",Hasaranga,Litton Das,1.0,0,0,1,1,1.0,0,,1
"6.5 
1 
Hasaranga to Mushfiqur, 1 run 
tossed up on middle and leg, Mushfiqur helps it to the leg side for one",6.5,1,1.0,"Hasaranga to Mushfiqur, 1 run  .tossed up on middle and leg, Mushfiqur helps it to the leg side for one",Hasaranga,Mushfiqur,1.0,0,0,1,1,1.0,0,,1
"6.6 
1 
Hasaranga to Litton Das, 1 run 
goes for the sweep with hard hands for the ball in front of the stumps, and long leg runs 
to his right and slides to keep it to one 
end of over 73 runs  
BAN: 29/2CRR: 4.14  
Litton Das11 (27b 1x4) 
Mushfiqur Rahim2 (7b) 
Wanindu Hasaranga 1-0-3-0 
Dushmantha Chameera 3-2-5-2",6.6,1,1.0,"Hasaranga to Litton Das, 1 run  .goes for the sweep with hard hands for the ball in front of the stumps, and long leg runs  .to his right and slides to keep it to one",Hasaranga,Litton Das,1.0,0,0,1,1,1.0,0,,1
"7.1 
4 
Chameera to Litton Das, FOUR runs 
a gentle push outside off to find the gap between point and cover point, and he collects 
four for great timing",7.1,4,4.0,"Chameera to Litton Das, FOUR runs  .a gentle push outside off to find the gap between point and cover point, and he collects  .four for great timing",Chameera,Litton Das,4.0,1,0,1,1,4.0,0,,1
"7.2 
• 
Chameera to Litton Das, no run 
shorter outside off and Liton leaves this one. Good carry to the keeper",7.2,0,0.0,"Chameera to Litton Das, no run  .shorter outside off and Liton leaves this one. Good carry to the keeper",Chameera,Litton Das,0.0,0,0,1,1,0.0,0,,0
"7.3 
1 
Chameera to Litton Das, 1 run 
on the stumps this time and Liton closes the face of the bat for a single between mid-on 
and midwicket",7.3,1,1.0,"Chameera to Litton Das, 1 run  .on the stumps this time and Liton closes the face of the bat for a single between mid-on  .and midwicket",Chameera,Litton Das,1.0,0,0,1,1,1.0,0,,1
"7.4 
• 
Chameera to Mushfiqur, no run 
137.8kmh, good short ball outside off, Mushfiqur sways out of the line and watches the 
ball go to the keeper",7.4,0,0.0,"Chameera to Mushfiqur, no run  .137.8kmh, good short ball outside off, Mushfiqur sways out of the line and watches the  .ball go to the keeper",Chameera,Mushfiqur,0.0,0,0,1,1,0.0,0,,0
"7.5 
• 
Chameera to Mushfiqur, no run 
143kmh, goes for the stumps from wide of the crease and a watchful Mushfiqur pushes 
it down to mid-on",7.5,0,0.0,"Chameera to Mushfiqur, no run  .143kmh, goes for the stumps from wide of the crease and a watchful Mushfiqur pushes  .it down to mid-on",Chameera,Mushfiqur,0.0,0,0,1,1,0.0,0,,0
"7.6 
1 
Chameera to Mushfiqur, 1 run 
bit of width outside off and he helps it to third man for one 
end of over 86 runs  
BAN: 35/2CRR: 4.37  
Mushfiqur Rahim3 (10b) 
Litton Das16 (30b 2x4) 
Dushmantha Chameera 4-2-11-2 
Wanindu Hasaranga 1-0-3-0",7.6,1,1.0,"Chameera to Mushfiqur, 1 run  .bit of width outside off and he helps it to third man for one",Chameera,Mushfiqur,1.0,0,0,1,1,1.0,0,,1
"8.1 
1 
Hasaranga to Mushfiqur, 1 run 
full around off and driven down to long-off for one 
Short leg stays in place",8.1,1,1.0,"Hasaranga to Mushfiqur, 1 run  .full around off and driven down to long-off for one  .Short leg stays in place",Hasaranga,Mushfiqur,1.0,0,0,1,1,1.0,0,,1
"8.2 
• 
Hasaranga to Litton Das, no run 
keeps low as Liton goes back to pull the short ball that was a googly and gets a thick 
inside edge onto his pad",8.2,0,0.0,"Hasaranga to Litton Das, no run  .keeps low as Liton goes back to pull the short ball that was a googly and gets a thick  .inside edge onto his pad",Hasaranga,Litton Das,0.0,0,0,1,1,0.0,0,,0
"8.3 
1 
Hasaranga to Litton Das, 1 run 
slightly fuller and he gets one off another edge to the leg side",8.3,1,1.0,"Hasaranga to Litton Das, 1 run  .slightly fuller and he gets one off another edge to the leg side",Hasaranga,Litton Das,1.0,0,0,1,1,1.0,0,,1
"8.4 
• 
Hasaranga to Mushfiqur, no run 
goes on the back foot and punches to cover",8.4,0,0.0,"Hasaranga to Mushfiqur, no run  .goes on the back foot and punches to cover",Hasaranga,Mushfiqur,0.0,0,0,1,1,0.0,0,,0
"8.5 
• 
Hasaranga to Mushfiqur, no run 
flighted and slower on middle, pushed back to the bowler",8.5,0,0.0,"Hasaranga to Mushfiqur, no run  .flighted and slower on middle, pushed back to the bowler",Hasaranga,Mushfiqur,0.0,0,0,1,1,0.0,0,,0
"8.6 
1 
Hasaranga to Mushfiqur, 1 run 
tossed up again on middle and driven down to long-off once again 
end of over 93 runs  
BAN: 38/2CRR: 4.22  
Mushfiqur Rahim5 (14b) 
Litton Das17 (32b 2x4) 
Wanindu Hasaranga 2-0-6-0 
Dushmantha Chameera 4-2-11-2 
Last over of the powerplay, and it's from Chameera",8.6,1,1.0,"Hasaranga to Mushfiqur, 1 run  .tossed up again on middle and driven down to long-off once again",Hasaranga,Mushfiqur,1.0,0,0,1,1,1.0,0,,1
"9.1 
1 
Chameera to Mushfiqur, 1 run 
they get a single eventually as short cover gets a hand to it with a dive but doesn't hold 
on to it, after Mushfiqur drove off the front foot",9.1,1,1.0,"Chameera to Mushfiqur, 1 run  .they get a single eventually as short cover gets a hand to it with a dive but doesn't hold  .on to it, after Mushfiqur drove off the front foot",Chameera,Mushfiqur,1.0,0,0,1,1,1.0,0,,1
"9.2 
2 
Chameera to Litton Das, 2 runs 
another quick single, this time on the leg side, as Liton defends off the back foot. And 
they realise the fielder is not onto it quickly and take a second one as well. Excellent 
running and awareness, but poor from Sri Lanka",9.2,2,2.0,"Chameera to Litton Das, 2 runs  .another quick single, this time on the leg side, as Liton defends off the back foot. And  .they realise the fielder is not onto it quickly and take a second one as well. Excellent  .running and awareness, but poor from Sri Lanka",Chameera,Litton Das,2.0,0,0,1,1,2.0,0,,1
"9.3 
• 
Chameera to Litton Das, no run 
stays back and defends the back of length ball to backward point",9.3,0,0.0,"Chameera to Litton Das, no run  .stays back and defends the back of length ball to backward point",Chameera,Litton Das,0.0,0,0,1,1,0.0,0,,0
"9.4 
• 
Chameera to Litton Das, no run 
146.8kmh, on length just outside off, Liton punches it down to mid-off where the fielder 
dives to his right to stop the ball",9.4,0,0.0,"Chameera to Litton Das, no run  .146.8kmh, on length just outside off, Liton punches it down to mid-off where the fielder  .dives to his right to stop the ball",Chameera,Litton Das,0.0,0,0,1,1,0.0,0,,0
"9.5 
2 
Chameera to Litton Das, 2 runs 
flicked off the pads, quite full as well, and they get two easily",9.5,2,2.0,"Chameera to Litton Das, 2 runs  .flicked off the pads, quite full as well, and they get two easily",Chameera,Litton Das,2.0,0,0,1,1,2.0,0,,1
"9.6 
1 
Chameera to Litton Das, 1 run 
helps this one down to third man off the back foot for one 
Excellent start from Sri Lanka, and Bangladesh are stabilising a bit. Sreshth is here now 
end of over 106 runs  
BAN: 44/2CRR: 4.40  
Litton Das22 (37b 2x4) 
Mushfiqur Rahim6 (15b) 
Dushmantha Chameera 5-2-17-2 
Wanindu Hasaranga 2-0-6-0 
Thank you, Vishal. Dasun Shanaka now.",9.6,1,1.0,"Chameera to Litton Das, 1 run  .helps this one down to third man off the back foot for one  .Excellent start from Sri Lanka, and Bangladesh are stabilising a bit. Sreshth is here now",Chameera,Litton Das,1.0,0,0,1,1,1.0,0,,1
"10.1 
1 
Shanaka to Litton Das, 1 run 
dibbly dobbly outside off, full ball though. Wants to drive, takes an inside edge to fine 
leg",10.1,1,1.0,"Shanaka to Litton Das, 1 run  .dibbly dobbly outside off, full ball though. Wants to drive, takes an inside edge to fine  .leg",Shanaka,Litton Das,1.0,0,0,1,1,1.0,0,,1
"10.2 
1 
Shanaka to Mushfiqur, 1 run 
overpitched, just outside off. Shovels a drive to deep point for one",10.2,1,1.0,"Shanaka to Mushfiqur, 1 run  .overpitched, just outside off. Shovels a drive to deep point for one",Shanaka,Mushfiqur,1.0,0,0,1,1,1.0,0,,1
"10.3 
1 
Shanaka to Litton Das, 1 run 
good length, just outside off. Waits for it, opens the bat's face, and runs it down to third 
man",10.3,1,1.0,"Shanaka to Litton Das, 1 run  .good length, just outside off. Waits for it, opens the bat's face, and runs it down to third  .man",Shanaka,Litton Das,1.0,0,0,1,1,1.0,0,,1
"10.4 
1 
Shanaka to Mushfiqur, 1 run 
full, from wide of the crease. Lands around off. Closes the bat's face and works it to 
midwicket",10.4,1,1.0,"Shanaka to Mushfiqur, 1 run  .full, from wide of the crease. Lands around off. Closes the bat's face and works it to  .midwicket",Shanaka,Mushfiqur,1.0,0,0,1,1,1.0,0,,1
"10.5 
• 
Shanaka to Litton Das, no run 
full, and wide. Enough time to place the drive where he wants, but chooses to go behind 
square. But point dives, to the right, and stops it smartly. Bandara the man",10.5,0,0.0,"Shanaka to Litton Das, no run  .full, and wide. Enough time to place the drive where he wants, but chooses to go behind  .square. But point dives, to the right, and stops it smartly. Bandara the man",Shanaka,Litton Das,0.0,0,0,1,1,0.0,0,,0
"10.6 
1 
Shanaka to Litton Das, 1 run 
length ball angling in, and flicked to deep midwicket. Five off that over 
end of over 115 runs  
BAN: 49/2CRR: 4.45  
Litton Das25 (41b 2x4) 
Mushfiqur Rahim8 (17b) 
Dasun Shanaka 1-0-5-0 
Dushmantha Chameera 5-2-17-2 
The conditions have gotten just a bit brighter. And Sandakan from the other end",10.6,1,1.0,"Shanaka to Litton Das, 1 run  .length ball angling in, and flicked to deep midwicket. Five off that over",Shanaka,Litton Das,1.0,0,0,1,1,1.0,0,,1
"11.1 
W 
Sandakan to Litton Das, OUT 
out first ball! And that's an innocuous way to get out. Length ball outside off, turning 
away. Liton wants to cut it for four, but ends up playing it straight to point. 
Litton Das c Hasaranga b Sandakan 25 (42b 2x4 0x6 59m) SR: 59.52 
Liton out for 25 after getting himself in. Bangladesh in real trouble now, three down in 
the 12th over.",11.1,W,0.0,"Sandakan to Litton Das, OUT  .out first ball! And that's an innocuous way to get out. Length ball outside off, turning  .away. Liton wants to cut it for four, but ends up playing it straight to point.  .Litton Das c Hasaranga b Sandakan 25 (42b 2x4 0x6 59m) SR: 59.52",Sandakan,Litton Das,0.0,0,0,1,1,0.0,1,c Hasaranga b Sandakan,0
"11.2 
• 
Sandakan to Mosaddek, no run 
good length, on off. Mosaddek, first ball, punches it back to Sandakan",11.2,0,0.0,"Sandakan to Mosaddek, no run  .good length, on off. Mosaddek, first ball, punches it back to Sandakan",Sandakan,Mosaddek,0.0,0,0,1,1,0.0,0,,0
"11.3 
1 
Sandakan to Mosaddek, 1 run 
fullish, on off stump. Wedged down the ground to long on to get off the mark",11.3,1,1.0,"Sandakan to Mosaddek, 1 run  .fullish, on off stump. Wedged down the ground to long on to get off the mark",Sandakan,Mosaddek,1.0,0,0,1,1,1.0,0,,1
"11.4 
• 
Sandakan to Mushfiqur, no run 
full outside off. Driven back to the bowler",11.4,0,0.0,"Sandakan to Mushfiqur, no run  .full outside off. Driven back to the bowler",Sandakan,Mushfiqur,0.0,0,0,1,1,0.0,0,,0
"11.5 
1 
Sandakan to Mushfiqur, 1 run 
overpitched, and driven to long on 
Big innings this for Mosaddek",11.5,1,1.0,"Sandakan to Mushfiqur, 1 run  .overpitched, and driven to long on  .Big innings this for Mosaddek",Sandakan,Mushfiqur,1.0,0,0,1,1,1.0,0,,1
"11.6 
1 
Sandakan to Mosaddek, 1 run 
length ball wide outside off. Turning even further away. Reaches out, slices it to deep 
point 
Masudur H Khan: ""This cut shot has brought Liton Das's downfall so many times, both 
to faster bowlers and slow ones.But he can't help playing it. "" 
end of over 123 runs • 1 wicket 
BAN: 52/3CRR: 4.33  
Mosaddek Hossain2 (3b) 
Mushfiqur Rahim9 (19b) 
Lakshan Sandakan 1-0-3-1 
Dasun Shanaka 1-0-5-0",11.6,1,1.0,"Sandakan to Mosaddek, 1 run  .length ball wide outside off. Turning even further away. Reaches out, slices it to deep  .point",Sandakan,Mosaddek,1.0,0,0,1,1,1.0,0,,1
"12.1 
1 
Shanaka to Mosaddek, 1 run 
overpitched, outside off. Brings the bat's open face down and runs it to deep backward 
point",12.1,1,1.0,"Shanaka to Mosaddek, 1 run  .overpitched, outside off. Brings the bat's open face down and runs it to deep backward  .point",Shanaka,Mosaddek,1.0,0,0,1,1,1.0,0,,1
"12.2 
1 
Shanaka to Mushfiqur, 1 run 
fullish, outside off. A nice flourish of the bat to drive to deep extra cover",12.2,1,1.0,"Shanaka to Mushfiqur, 1 run  .fullish, outside off. A nice flourish of the bat to drive to deep extra cover",Shanaka,Mushfiqur,1.0,0,0,1,1,1.0,0,,1
"12.3 
1 
Shanaka to Mosaddek, 1 run 
back of a length, some extra bounce outside off. Brings the bat near his eye-line and 
plays it to third man",12.3,1,1.0,"Shanaka to Mosaddek, 1 run  .back of a length, some extra bounce outside off. Brings the bat near his eye-line and  .plays it to third man",Shanaka,Mosaddek,1.0,0,0,1,1,1.0,0,,1
"12.4 
• 
Shanaka to Mushfiqur, no run 
fullish, outside off stump. Driven well, but can't place it well. Stopped inside the ring",12.4,0,0.0,"Shanaka to Mushfiqur, no run  .fullish, outside off stump. Driven well, but can't place it well. Stopped inside the ring",Shanaka,Mushfiqur,0.0,0,0,1,1,0.0,0,,0
"12.5 
2 
Shanaka to Mushfiqur, 2 runs 
shouts of catch it but wide of point. Shortish ball, he slashes a cut, and it goes past the 
infielder. Protection in the deep however",12.5,2,2.0,"Shanaka to Mushfiqur, 2 runs  .shouts of catch it but wide of point. Shortish ball, he slashes a cut, and it goes past the  .infielder. Protection in the deep however",Shanaka,Mushfiqur,2.0,0,0,1,1,2.0,0,,1
"12.6 
1 
Shanaka to Mushfiqur, 1 run 
fullish, slows it down further. Lands on the off-stump line. Worked to midwicket 
end of over 136 runs  
BAN: 58/3CRR: 4.46  
Mushfiqur Rahim13 (23b) 
Mosaddek Hossain4 (5b) 
Dasun Shanaka 2-0-11-0 
Lakshan Sandakan 1-0-3-1",12.6,1,1.0,"Shanaka to Mushfiqur, 1 run  .fullish, slows it down further. Lands on the off-stump line. Worked to midwicket",Shanaka,Mushfiqur,1.0,0,0,1,1,1.0,0,,1
"13.1 
1 
Sandakan to Mushfiqur, 1 run 
full, on off. Whipped, using his wrists, to deep midwicket",13.1,1,1.0,"Sandakan to Mushfiqur, 1 run  .full, on off. Whipped, using his wrists, to deep midwicket",Sandakan,Mushfiqur,1.0,0,0,1,1,1.0,0,,1
"13.2 
1 
Sandakan to Mosaddek, 1 run 
tosses it up, on middle and leg. Flicked off his toes to deep midwicket",13.2,1,1.0,"Sandakan to Mosaddek, 1 run  .tosses it up, on middle and leg. Flicked off his toes to deep midwicket",Sandakan,Mosaddek,1.0,0,0,1,1,1.0,0,,1
"13.3 
1 
Sandakan to Mushfiqur, 1 run 
full, just outside off. Driven to mid off, a quick call for a single, but they complete it 
easily",13.3,1,1.0,"Sandakan to Mushfiqur, 1 run  .full, just outside off. Driven to mid off, a quick call for a single, but they complete it  .easily",Sandakan,Mushfiqur,1.0,0,0,1,1,1.0,0,,1
"13.4 
• 
Sandakan to Mosaddek, no run 
fullish outside off. Sliding away after pitching. He sticks the bat out to play a late cut, 
but it whizzes past the edge",13.4,0,0.0,"Sandakan to Mosaddek, no run  .fullish outside off. Sliding away after pitching. He sticks the bat out to play a late cut,  .but it whizzes past the edge",Sandakan,Mosaddek,0.0,0,0,1,1,0.0,0,,0
"13.5 
• 
Sandakan to Mosaddek, no run 
good length, outside off. Tries to cut but it wasn't short enough for that shot. Misses 
again",13.5,0,0.0,"Sandakan to Mosaddek, no run  .good length, outside off. Tries to cut but it wasn't short enough for that shot. Misses  .again",Sandakan,Mosaddek,0.0,0,0,1,1,0.0,0,,0
"13.6 
1nb 
Sandakan to Mosaddek, (no ball) 
full, just outside off. Presses forward to defend. Pushed to the leg side. <="""" b="""">",13.6,1nb,1.0,"Sandakan to Mosaddek, (no ball)",Sandakan,Mosaddek,0.0,0,0,1,0,1.0,0,,1
"13.6 
4 
Sandakan to Mosaddek, FOUR runs 
frees his arms! Overpitched, just outside off. Takes his front leg out of the way and 
shovels it over mid off! Good use of the free ball. Drinks 
Sina: ""Is Bangladesh playing bad or the wicket behaving differently?"" -- Is Sri Lanka 
playing well not an option here? Jokes aside, it's an even game, but the difference so far 
has been that Chameera over first up, where he got some movement to dismiss Tamim 
and Shakib 
end of over 148 runs  
BAN: 66/3CRR: 4.71  
Mosaddek Hossain9 (10b 1x4) 
Mushfiqur Rahim15 (25b) 
Lakshan Sandakan 2-0-11-1 
Dasun Shanaka 2-0-11-0",13.6,4,4.0,"Sandakan to Mosaddek, FOUR runs  .frees his arms! Overpitched, just outside off. Takes his front leg out of the way and  .shovels it over mid off! Good use of the free ball. Drinks",Sandakan,Mosaddek,4.0,1,0,1,1,4.0,0,,1
"14.1 
• 
Shanaka to Mushfiqur, no run 
overpitched, on off stump. Pushed to wide mid on",14.1,0,0.0,"Shanaka to Mushfiqur, no run  .overpitched, on off stump. Pushed to wide mid on",Shanaka,Mushfiqur,0.0,0,0,1,1,0.0,0,,0
"14.2 
• 
Shanaka to Mushfiqur, no run 
full on off. Pushed to mid on 
A A Musabbir: ""Two best batsman of spin is at the crease. I can remember a comment 
from tamim iqbal about mosaddek when he was 20 years old after seeing mosaddek 
performance in domestic circuit for abohani. The comment was "" mosaddek is a 20 
years old boy with a 45 years old guy cricket brain"". """,14.2,0,0.0,"Shanaka to Mushfiqur, no run  .full on off. Pushed to mid on",Shanaka,Mushfiqur,0.0,0,0,1,1,0.0,0,,0
"14.3 
1 
Shanaka to Mushfiqur, 1 run 
full, on off. Rolls his fingers over this delivery. Worked to midwicket with gentle hands",14.3,1,1.0,"Shanaka to Mushfiqur, 1 run  .full, on off. Rolls his fingers over this delivery. Worked to midwicket with gentle hands",Shanaka,Mushfiqur,1.0,0,0,1,1,1.0,0,,1
"14.4 
1 
Shanaka to Mosaddek, 1 run 
full, on leg stump. Pushed to midwicket for a single. Chance of an overthrow due to an 
awry throw but they choose not to",14.4,1,1.0,"Shanaka to Mosaddek, 1 run  .full, on leg stump. Pushed to midwicket for a single. Chance of an overthrow due to an  .awry throw but they choose not to",Shanaka,Mosaddek,1.0,0,0,1,1,1.0,0,,1
"14.5 
• 
Shanaka to Mushfiqur, no run 
back of a length, outside off. Tries to pull it downwards, but edges it onto his own body",14.5,0,0.0,"Shanaka to Mushfiqur, no run  .back of a length, outside off. Tries to pull it downwards, but edges it onto his own body",Shanaka,Mushfiqur,0.0,0,0,1,1,0.0,0,,0
"14.6 
1 
Shanaka to Mushfiqur, 1 run 
good length on middle stump. Worked to deep backward square leg 
end of over 153 runs  
BAN: 69/3CRR: 4.60  
Mushfiqur Rahim17 (30b) 
Mosaddek Hossain10 (11b 1x4) 
Dasun Shanaka 3-0-14-0 
Lakshan Sandakan 2-0-11-1 
Andrew: ""@A. A. Mussabir: your comment reminds me of Darren Stevens. 45 year old 
still going 20. Would love nothing more than to see him in English whites.""",14.6,1,1.0,"Shanaka to Mushfiqur, 1 run  .good length on middle stump. Worked to deep backward square leg",Shanaka,Mushfiqur,1.0,0,0,1,1,1.0,0,,1
"15.1 
2 
Sandakan to Mushfiqur, 2 runs 
tosses it up, ends up being a full toss. Sweeps it well, between fine leg and deep 
midwicket, but the latter puts in a full dive to stop the four. Shanaka doing the work",15.1,2,2.0,"Sandakan to Mushfiqur, 2 runs  .tosses it up, ends up being a full toss. Sweeps it well, between fine leg and deep  .midwicket, but the latter puts in a full dive to stop the four. Shanaka doing the work",Sandakan,Mushfiqur,2.0,0,0,1,1,2.0,0,,1
"15.2 
2 
Sandakan to Mushfiqur, 2 runs 
slapped behind deep point, and there's more work for the other sweeper fielder, but cuts 
it off well. Keeps it down to two",15.2,2,2.0,"Sandakan to Mushfiqur, 2 runs  .slapped behind deep point, and there's more work for the other sweeper fielder, but cuts  .it off well. Keeps it down to two",Sandakan,Mushfiqur,2.0,0,0,1,1,2.0,0,,1
"15.3 
1 
Sandakan to Mushfiqur, 1 run 
good length, on off. Cut to deep extra cover",15.3,1,1.0,"Sandakan to Mushfiqur, 1 run  .good length, on off. Cut to deep extra cover",Sandakan,Mushfiqur,1.0,0,0,1,1,1.0,0,,1
"15.4 
W 
Sandakan to Mosaddek, OUT 
caught down the leg side? Yes! Not a great way to get out. Full outside leg stump. 
Flicks at it, but it goes through to the keeper. Massive appeal for caught and given by 
the umpire. Mosaddek chats with Rahim whether he should review, but eventually does 
not. Bangladesh 74/4 
Mosaddek Hossain c †Perera b Sandakan 10 (12b 1x4 0x6 22m) SR: 83.33",15.4,W,0.0,"Sandakan to Mosaddek, OUT  .caught down the leg side? Yes! Not a great way to get out. Full outside leg stump.  .Flicks at it, but it goes through to the keeper. Massive appeal for caught and given by  .the umpire. Mosaddek chats with Rahim whether he should review, but eventually does  .not. Bangladesh 74/4  .Mosaddek Hossain c †Perera b Sandakan 10 (12b 1x4 0x6 22m) SR: 83.33",Sandakan,Mosaddek,0.0,0,0,1,1,0.0,1,c †Perera b Sandakan,0
"15.5 
• 
Sandakan to Mahmudullah, no run 
full on middle. Turning into him. Worked towards short midwicket, where a full-stretched 
dive does not let him get off the mark",15.5,0,0.0,"Sandakan to Mahmudullah, no run  .full on middle. Turning into him. Worked towards short midwicket, where a full-stretched  .dive does not let him get off the mark",Sandakan,Mahmudullah,0.0,0,0,1,1,0.0,0,,0
"15.6 
• 
Sandakan to Mahmudullah, no run 
good length, on off. Turning away. Mistimes a punch to the off side 
end of over 165 runs • 1 wicket 
BAN: 74/4CRR: 4.62  
Mahmudullah0 (2b) 
Mushfiqur Rahim22 (33b) 
Lakshan Sandakan 3-0-16-2 
Dasun Shanaka 3-0-14-0 
Mahmudullah came in at 99/4 the other day. Today he's in at 74/4",15.6,0,0.0,"Sandakan to Mahmudullah, no run  .good length, on off. Turning away. Mistimes a punch to the off side",Sandakan,Mahmudullah,0.0,0,0,1,1,0.0,0,,0
"16.1 
• 
Shanaka to Mushfiqur, no run 
full outside off stump. Driven",16.1,0,0.0,"Shanaka to Mushfiqur, no run  .full outside off stump. Driven",Shanaka,Mushfiqur,0.0,0,0,1,1,0.0,0,,0
"16.2 
1 
Shanaka to Mushfiqur, 1 run 
full and wide outside off. Driven to extra cover",16.2,1,1.0,"Shanaka to Mushfiqur, 1 run  .full and wide outside off. Driven to extra cover",Shanaka,Mushfiqur,1.0,0,0,1,1,1.0,0,,1
"16.3 
• 
Shanaka to Mahmudullah, no run 
good length, just outside off stump. Left alone",16.3,0,0.0,"Shanaka to Mahmudullah, no run  .good length, just outside off stump. Left alone",Shanaka,Mahmudullah,0.0,0,0,1,1,0.0,0,,0
"16.4 
• 
Shanaka to Mahmudullah, no run 
good length, just outside off stump. Left alone",16.4,0,0.0,"Shanaka to Mahmudullah, no run  .good length, just outside off stump. Left alone",Shanaka,Mahmudullah,0.0,0,0,1,1,0.0,0,,0
"16.5 
• 
Shanaka to Mahmudullah, no run 
fullish, just outside off stump. Presses forward and taps it to point 
Gotten significantly darker",16.5,0,0.0,"Shanaka to Mahmudullah, no run  .fullish, just outside off stump. Presses forward and taps it to point  .Gotten significantly darker",Shanaka,Mahmudullah,0.0,0,0,1,1,0.0,0,,0
"16.6 
• 
Shanaka to Mahmudullah, no run 
fullish, just outside off stump. Left alone 
end of over 171 run  
BAN: 75/4CRR: 4.41  
Mahmudullah0 (6b) 
Mushfiqur Rahim23 (35b) 
Dasun Shanaka 4-0-15-0 
Lakshan Sandakan 3-0-16-2",16.6,0,0.0,"Shanaka to Mahmudullah, no run  .fullish, just outside off stump. Left alone",Shanaka,Mahmudullah,0.0,0,0,1,1,0.0,0,,0
"17.1 
1 
Sandakan to Mushfiqur, 1 run 
full toss, on middle and leg. Driven down the ground, and stopped by mid on 
The clouds are rolling in. Can see the head groundsman near the line",17.1,1,1.0,"Sandakan to Mushfiqur, 1 run  .full toss, on middle and leg. Driven down the ground, and stopped by mid on  .The clouds are rolling in. Can see the head groundsman near the line",Sandakan,Mushfiqur,1.0,0,0,1,1,1.0,0,,1
"17.2 
1 
Sandakan to Mahmudullah, 1 run 
full, outside off stump. Driven to extra cover in the deep 
Sean: ""I might sound harsh but its time to give a chance to the under 19 wc winning 
guys and drop the likes of Litos Mithun Soumya they are not ""young"" anymore and they 
perform once every 2 year which is not good enough. """,17.2,1,1.0,"Sandakan to Mahmudullah, 1 run  .full, outside off stump. Driven to extra cover in the deep",Sandakan,Mahmudullah,1.0,0,0,1,1,1.0,0,,1
"17.3 
2 
Sandakan to Mushfiqur, 2 runs 
full, on middle. Swept hard to the fielder in the deep",17.3,2,2.0,"Sandakan to Mushfiqur, 2 runs  .full, on middle. Swept hard to the fielder in the deep",Sandakan,Mushfiqur,2.0,0,0,1,1,2.0,0,,1
"17.4 
• 
Sandakan to Mushfiqur, no run 
full on middle and leg. Driven to mid on",17.4,0,0.0,"Sandakan to Mushfiqur, no run  .full on middle and leg. Driven to mid on",Sandakan,Mushfiqur,0.0,0,0,1,1,0.0,0,,0
"17.5 
1 
Sandakan to Mushfiqur, 1 run 
full on middle. Driven towards mid on",17.5,1,1.0,"Sandakan to Mushfiqur, 1 run  .full on middle. Driven towards mid on",Sandakan,Mushfiqur,1.0,0,0,1,1,1.0,0,,1
"17.6 
1nb 
Sandakan to Mahmudullah, (no ball) 
pushed to midwicket, and over was called. But a late ""no-ball call"" means it's a free hit 
coming up",17.6,1nb,1.0,"Sandakan to Mahmudullah, (no ball)",Sandakan,Mahmudullah,0.0,0,0,1,0,1.0,0,,1
"17.6 
• 
Sandakan to Mahmudullah, no run 
overpitched, just outside off. Smacked to mid off. And now it's over 
end of over 186 runs  
BAN: 81/4CRR: 4.50  
Mahmudullah1 (9b) 
Mushfiqur Rahim27 (39b) 
Lakshan Sandakan 4-0-22-2 
Dasun Shanaka 4-0-15-0",17.6,0,0.0,"Sandakan to Mahmudullah, no run  .overpitched, just outside off. Smacked to mid off. And now it's over",Sandakan,Mahmudullah,0.0,0,0,1,1,0.0,0,,0
"18.1 
• 
Shanaka to Mushfiqur, no run 
full ball on off, and hit back past the bowler",18.1,0,0.0,"Shanaka to Mushfiqur, no run  .full ball on off, and hit back past the bowler",Shanaka,Mushfiqur,0.0,0,0,1,1,0.0,0,,0
"18.2 
4 
Shanaka to Mushfiqur, FOUR runs 
a much-needed boundary. Short, outside off, the pace is no trouble for Rahim. Rides the 
bounce, gets on top of it, and then plays a late flick to third man. Shades of Sehwag in 
that 
windy now",18.2,4,4.0,"Shanaka to Mushfiqur, FOUR runs  .a much-needed boundary. Short, outside off, the pace is no trouble for Rahim. Rides the  .bounce, gets on top of it, and then plays a late flick to third man. Shades of Sehwag in  .that  .windy now",Shanaka,Mushfiqur,4.0,1,0,1,1,4.0,0,,1
"18.3 
• 
Shanaka to Mushfiqur, no run",18.3,0,0.0,"Shanaka to Mushfiqur, no run",Shanaka,Mushfiqur,0.0,0,0,1,1,0.0,0,,0
"18.4 
1 
Shanaka to Mushfiqur, 1 run 
good length, just outside off. Wants to play the late cut, but a bit too close to his body. 
Mistimed to third man",18.4,1,1.0,"Shanaka to Mushfiqur, 1 run  .good length, just outside off. Wants to play the late cut, but a bit too close to his body.  .Mistimed to third man",Shanaka,Mushfiqur,1.0,0,0,1,1,1.0,0,,1
"18.5 
1 
Shanaka to Mahmudullah, 1 run 
full outside off stump. Driven comfortably to deep extra cover 
Mahmud: ""I just hate the way how every single time it's the senior players who have to 
deal the difficult situations in a match. I can guarantee if this continues Bangladesh will 
face the same situation that happened to Sri Lanka when their legendary players retired""",18.5,1,1.0,"Shanaka to Mahmudullah, 1 run  .full outside off stump. Driven comfortably to deep extra cover",Shanaka,Mahmudullah,1.0,0,0,1,1,1.0,0,,1
"18.6 
1 
Shanaka to Mushfiqur, 1 run 
good length, on off stump. Guided with the bat's open face to deep point 
end of over 197 runs  
BAN: 88/4CRR: 4.63  
Mushfiqur Rahim33 (44b 1x4) 
Mahmudullah2 (10b) 
Dasun Shanaka 5-0-22-0 
Lakshan Sandakan 4-0-22-2",18.6,1,1.0,"Shanaka to Mushfiqur, 1 run  .good length, on off stump. Guided with the bat's open face to deep point",Shanaka,Mushfiqur,1.0,0,0,1,1,1.0,0,,1
"19.1 
• 
Hasaranga to Mushfiqur, no run 
Hasaranga returns. Full outside off. Legbreak driven to cover",19.1,0,0.0,"Hasaranga to Mushfiqur, no run  .Hasaranga returns. Full outside off. Legbreak driven to cover",Hasaranga,Mushfiqur,0.0,0,0,1,1,0.0,0,,0
"19.2 
• 
Hasaranga to Mushfiqur, no run 
full on middle. Flicked off his toes to midwicket",19.2,0,0.0,"Hasaranga to Mushfiqur, no run  .full on middle. Flicked off his toes to midwicket",Hasaranga,Mushfiqur,0.0,0,0,1,1,0.0,0,,0
"19.3 
1 
Hasaranga to Mushfiqur, 1 run 
stays back and slaps it to deep point 
head groundsman and fourth umpire still near the boundary",19.3,1,1.0,"Hasaranga to Mushfiqur, 1 run  .stays back and slaps it to deep point  .head groundsman and fourth umpire still near the boundary",Hasaranga,Mushfiqur,1.0,0,0,1,1,1.0,0,,1
"19.4 
1 
Hasaranga to Mahmudullah, 1 run 
full toss, just outside off. Smacked to deep extra cover",19.4,1,1.0,"Hasaranga to Mahmudullah, 1 run  .full toss, just outside off. Smacked to deep extra cover",Hasaranga,Mahmudullah,1.0,0,0,1,1,1.0,0,,1
"19.5 
1 
Hasaranga to Mushfiqur, 1 run 
good length, on off. Turning away. He backs away, getting some extra room for the cut 
shot",19.5,1,1.0,"Hasaranga to Mushfiqur, 1 run  .good length, on off. Turning away. He backs away, getting some extra room for the cut  .shot",Hasaranga,Mushfiqur,1.0,0,0,1,1,1.0,0,,1
"19.6 
• 
Hasaranga to Mahmudullah, no run 
slower in the air. Full just outside off. Driven to cover 
And that's time for change in commentary. Here's Vishal once more 
end of over 203 runs  
BAN: 91/4CRR: 4.55  
Mahmudullah3 (12b) 
Mushfiqur Rahim35 (48b 1x4) 
Wanindu Hasaranga 3-0-9-0 
Dasun Shanaka 5-0-22-0 
Thanks Sreshth. So Bangladesh four down early once again, who will save them this 
time? Dark clouds hovering above the ground, meanwhile. And Udana returns",19.6,0,0.0,"Hasaranga to Mahmudullah, no run  .slower in the air. Full just outside off. Driven to cover  .And that's time for change in commentary. Here's Vishal once more",Hasaranga,Mahmudullah,0.0,0,0,1,1,0.0,0,,0
"20.1 
• 
Udana to Mushfiqur, no run 
back of length and tight on off, he defends close to his body",20.1,0,0.0,"Udana to Mushfiqur, no run  .back of length and tight on off, he defends close to his body",Udana,Mushfiqur,0.0,0,0,1,1,0.0,0,,0
"20.2 
1 
Udana to Mushfiqur, 1 run 
slashes at this one well outside off for a thick outside edge and it reaches third man 
after a bounce 
Ground staff are ready with the covers",20.2,1,1.0,"Udana to Mushfiqur, 1 run  .slashes at this one well outside off for a thick outside edge and it reaches third man  .after a bounce  .Ground staff are ready with the covers",Udana,Mushfiqur,1.0,0,0,1,1,1.0,0,,1
"20.3 
• 
Udana to Mahmudullah, no run 
nearly in the block hole at 127.6kmh outside off, he blocks it back",20.3,0,0.0,"Udana to Mahmudullah, no run  .nearly in the block hole at 127.6kmh outside off, he blocks it back",Udana,Mahmudullah,0.0,0,0,1,1,0.0,0,,0
"20.4 
1b 
Udana to Mahmudullah, 1 bye 
beats him with a slower ball outside off, it bounces once again before the keeper and 
they steal a bye",20.4,1b,1.0,"Udana to Mahmudullah, 1 bye  .beats him with a slower ball outside off, it bounces once again before the keeper and  .they steal a bye",Udana,Mahmudullah,0.0,0,0,1,1,0.0,0,,1
"20.5 
• 
Udana to Mushfiqur, no run 
126kmh, beats Mushfiqur as well outside off, this time with the angle and it nearly 
produced an edge",20.5,0,0.0,"Udana to Mushfiqur, no run  .126kmh, beats Mushfiqur as well outside off, this time with the angle and it nearly  .produced an edge",Udana,Mushfiqur,0.0,0,0,1,1,0.0,0,,0
"20.6 
• 
Udana to Mushfiqur, no run 
steep bounce this time and another good ball to beat Mushfiqur! Drags it shorter but 
maintains the tight line outside off and Mushfiqur is forced into chasing the ball outside 
off but he doesn't connect yet again 
end of over 212 runs  
BAN: 93/4CRR: 4.42  
Mushfiqur Rahim36 (52b 1x4) 
Mahmudullah3 (14b) 
Isuru Udana 4-0-22-0 
Wanindu Hasaranga 3-0-9-0",20.6,0,0.0,"Udana to Mushfiqur, no run  .steep bounce this time and another good ball to beat Mushfiqur! Drags it shorter but  .maintains the tight line outside off and Mushfiqur is forced into chasing the ball outside  .off but he doesn't connect yet again",Udana,Mushfiqur,0.0,0,0,1,1,0.0,0,,0
"21.1 
1 
Hasaranga to Mahmudullah, 1 run 
run-out chance and it's gone to the third umpire! A run-out is just what Bangladesh do 
not need at this point and the replays confirm in the absence of a direct hit from 
Bandara, Mushfiqur survives by dragging his bat",21.1,1,1.0,"Hasaranga to Mahmudullah, 1 run  .run-out chance and it's gone to the third umpire! A run-out is just what Bangladesh do  .not need at this point and the replays confirm in the absence of a direct hit from  .Bandara, Mushfiqur survives by dragging his bat",Hasaranga,Mahmudullah,1.0,0,0,1,1,1.0,0,,1
"21.2 
2 
Hasaranga to Mushfiqur, 2 runs 
goes for the scoop by going across and executes it nicely with a fine scoop for a double",21.2,2,2.0,"Hasaranga to Mushfiqur, 2 runs  .goes for the scoop by going across and executes it nicely with a fine scoop for a double",Hasaranga,Mushfiqur,2.0,0,0,1,1,2.0,0,,1
"21.3 
1 
Hasaranga to Mushfiqur, 1 run 
shorter outside off and cut away to deep point",21.3,1,1.0,"Hasaranga to Mushfiqur, 1 run  .shorter outside off and cut away to deep point",Hasaranga,Mushfiqur,1.0,0,0,1,1,1.0,0,,1
"21.4 
1 
Hasaranga to Mahmudullah, 1 run 
the wrong'un turns in from outside off, Mahmudullah goes back and punches through 
the covers",21.4,1,1.0,"Hasaranga to Mahmudullah, 1 run  .the wrong'un turns in from outside off, Mahmudullah goes back and punches through  .the covers",Hasaranga,Mahmudullah,1.0,0,0,1,1,1.0,0,,1
"21.5 
• 
Hasaranga to Mushfiqur, no run 
he leans forward this time and blocks",21.5,0,0.0,"Hasaranga to Mushfiqur, no run  .he leans forward this time and blocks",Hasaranga,Mushfiqur,0.0,0,0,1,1,0.0,0,,0
"21.6 
• 
Hasaranga to Mushfiqur, no run 
a cross-batted shot from in front of the stumps and midwicket does well to stop it 
end of over 225 runs  
BAN: 98/4CRR: 4.45  
Mushfiqur Rahim39 (56b 1x4) 
Mahmudullah5 (16b) 
Wanindu Hasaranga 4-0-14-0 
Isuru Udana 4-0-22-0",21.6,0,0.0,"Hasaranga to Mushfiqur, no run  .a cross-batted shot from in front of the stumps and midwicket does well to stop it",Hasaranga,Mushfiqur,0.0,0,0,1,1,0.0,0,,0
"22.1 
1 
Udana to Mahmudullah, 1 run 
slightly short outside off and Mahmudullah punches it to deep cover for one",22.1,1,1.0,"Udana to Mahmudullah, 1 run  .slightly short outside off and Mahmudullah punches it to deep cover for one",Udana,Mahmudullah,1.0,0,0,1,1,1.0,0,,1
"22.2 
1 
Udana to Mushfiqur, 1 run 
tad short again, and it's enough to be punched by Mushfiqur as well for a single",22.2,1,1.0,"Udana to Mushfiqur, 1 run  .tad short again, and it's enough to be punched by Mushfiqur as well for a single",Udana,Mushfiqur,1.0,0,0,1,1,1.0,0,,1
"22.3 
1 
Udana to Mahmudullah, 1 run 
125.2kmh, changes the line and the batter flicks it off the pads to deep square leg",22.3,1,1.0,"Udana to Mahmudullah, 1 run  .125.2kmh, changes the line and the batter flicks it off the pads to deep square leg",Udana,Mahmudullah,1.0,0,0,1,1,1.0,0,,1
"22.4 
• 
Udana to Mushfiqur, no run 
short ball that rises towards the bat handle and Mushfiqur steers it to backward point",22.4,0,0.0,"Udana to Mushfiqur, no run  .short ball that rises towards the bat handle and Mushfiqur steers it to backward point",Udana,Mushfiqur,0.0,0,0,1,1,0.0,0,,0
"22.5 
1 
Udana to Mushfiqur, 1 run 
bit fuller and driven nicely to deep cover 
There's a drizzle now at the ground",22.5,1,1.0,"Udana to Mushfiqur, 1 run  .bit fuller and driven nicely to deep cover  .There's a drizzle now at the ground",Udana,Mushfiqur,1.0,0,0,1,1,1.0,0,,1
"22.6 
1 
Udana to Mahmudullah, 1 run 
on the stumps, and Mahmudullah tucks it easily to deep midwicket 
The batters get a drink in between overs. Is there a message for them from the 
management? We're yet to reach the halfway mark 
end of over 235 runs  
BAN: 103/4CRR: 4.47  
Mahmudullah8 (19b) 
Mushfiqur Rahim41 (59b 1x4) 
Isuru Udana 5-0-27-0 
Wanindu Hasaranga 4-0-14-0",22.6,1,1.0,"Udana to Mahmudullah, 1 run  .on the stumps, and Mahmudullah tucks it easily to deep midwicket  .The batters get a drink in between overs. Is there a message for them from the  .management? We're yet to reach the halfway mark",Udana,Mahmudullah,1.0,0,0,1,1,1.0,0,,1
"23.1 
• 
Hasaranga to Mahmudullah, no run 
some turn outside off and he helps the ball to point",23.1,0,0.0,"Hasaranga to Mahmudullah, no run  .some turn outside off and he helps the ball to point",Hasaranga,Mahmudullah,0.0,0,0,1,1,0.0,0,,0
"23.2 
• 
Hasaranga to Mahmudullah, no run 
thick leading edge lobs towards silly point after spinning from middle stump",23.2,0,0.0,"Hasaranga to Mahmudullah, no run  .thick leading edge lobs towards silly point after spinning from middle stump",Hasaranga,Mahmudullah,0.0,0,0,1,1,0.0,0,,0
"23.3 
• 
Hasaranga to Mahmudullah, no run 
fuller on the stumps and blocked this time",23.3,0,0.0,"Hasaranga to Mahmudullah, no run  .fuller on the stumps and blocked this time",Hasaranga,Mahmudullah,0.0,0,0,1,1,0.0,0,,0
"23.4 
• 
Hasaranga to Mahmudullah, no run 
googly from outside off towards the stumps and this one is blocked as well",23.4,0,0.0,"Hasaranga to Mahmudullah, no run  .googly from outside off towards the stumps and this one is blocked as well",Hasaranga,Mahmudullah,0.0,0,0,1,1,0.0,0,,0
"23.5 
• 
Hasaranga to Mahmudullah, no run 
similar line and length, defended back to the bowler",23.5,0,0.0,"Hasaranga to Mahmudullah, no run  .similar line and length, defended back to the bowler",Hasaranga,Mahmudullah,0.0,0,0,1,1,0.0,0,,0
"23.6 
• 
Hasaranga to Mahmudullah, no run 
almost chips it back to the bowler off the slower delivery, and de Silva dives forward in 
anticipation. That's a maiden 
end of over 24Maiden 
BAN: 103/4CRR: 4.29  
Mahmudullah8 (25b) 
Mushfiqur Rahim41 (59b 1x4) 
Wanindu Hasaranga 5-1-14-0 
Isuru Udana 5-0-27-0",23.6,0,0.0,"Hasaranga to Mahmudullah, no run  .almost chips it back to the bowler off the slower delivery, and de Silva dives forward in  .anticipation. That's a maiden",Hasaranga,Mahmudullah,0.0,0,0,1,1,0.0,0,,0
"24.1 
• 
Udana to Mushfiqur, no run 
tight line on the stumps and Mushfiqur defends it on the off side",24.1,0,0.0,"Udana to Mushfiqur, no run  .tight line on the stumps and Mushfiqur defends it on the off side",Udana,Mushfiqur,0.0,0,0,1,1,0.0,0,,0
"24.2 
1 
Udana to Mushfiqur, 1 run 
clips the length ball to the right of mid-on and calls for a single quickly, gets it too 
The umpires have an eye on the sky",24.2,1,1.0,"Udana to Mushfiqur, 1 run  .clips the length ball to the right of mid-on and calls for a single quickly, gets it too  .The umpires have an eye on the sky",Udana,Mushfiqur,1.0,0,0,1,1,1.0,0,,1
"24.3 
1 
Udana to Mahmudullah, 1 run 
shorter length and he has enough time to punch it to deep cover",24.3,1,1.0,"Udana to Mahmudullah, 1 run  .shorter length and he has enough time to punch it to deep cover",Udana,Mahmudullah,1.0,0,0,1,1,1.0,0,,1
"24.4 
1 
Udana to Mushfiqur, 1 run 
Even shorter and not far from off, Mushfiqur dabs it delicately to third man",24.4,1,1.0,"Udana to Mushfiqur, 1 run  .Even shorter and not far from off, Mushfiqur dabs it delicately to third man",Udana,Mushfiqur,1.0,0,0,1,1,1.0,0,,1
"24.5 
4 
Udana to Mahmudullah, FOUR runs 
Just over the keeper's left glove and Mahmudullah survives by a whisker! It was a 
bouncer on leg and he went for the hook but got only a faint edge that just evaded the 
keeper",24.5,4,4.0,"Udana to Mahmudullah, FOUR runs  .Just over the keeper's left glove and Mahmudullah survives by a whisker! It was a  .bouncer on leg and he went for the hook but got only a faint edge that just evaded the  .keeper",Udana,Mahmudullah,4.0,1,0,1,1,4.0,0,,1
"24.6 
1 
Udana to Mahmudullah, 1 run 
Outside off now and it's pushed to deep cover for one 
end of over 258 runs  
BAN: 111/4CRR: 4.44  
Mahmudullah14 (28b 1x4) 
Mushfiqur Rahim43 (62b 1x4) 
Isuru Udana 6-0-35-0 
Wanindu Hasaranga 5-1-14-0",24.6,1,1.0,"Udana to Mahmudullah, 1 run  .Outside off now and it's pushed to deep cover for one",Udana,Mahmudullah,1.0,0,0,1,1,1.0,0,,1
"25.1 
• 
Hasaranga to Mahmudullah, no run 
on a fuller length, pushed back towards the bowler",25.1,0,0.0,"Hasaranga to Mahmudullah, no run  .on a fuller length, pushed back towards the bowler",Hasaranga,Mahmudullah,0.0,0,0,1,1,0.0,0,,0
"25.2 
• 
Hasaranga to Mahmudullah, no run 
on length outside off, pushed into the covers",25.2,0,0.0,"Hasaranga to Mahmudullah, no run  .on length outside off, pushed into the covers",Hasaranga,Mahmudullah,0.0,0,0,1,1,0.0,0,,0
"25.3 
• 
Hasaranga to Mahmudullah, no run 
defends the length ball from middle and leg towards mid-on, midwicket jumps to his left 
and stops a single",25.3,0,0.0,"Hasaranga to Mahmudullah, no run  .defends the length ball from middle and leg towards mid-on, midwicket jumps to his left  .and stops a single",Hasaranga,Mahmudullah,0.0,0,0,1,1,0.0,0,,0
"25.4 
1 
Hasaranga to Mahmudullah, 1 run 
flat legbreak turning towards off from middle, Mahmudullah goes back and gets a 
single to leg",25.4,1,1.0,"Hasaranga to Mahmudullah, 1 run  .flat legbreak turning towards off from middle, Mahmudullah goes back and gets a  .single to leg",Hasaranga,Mahmudullah,1.0,0,0,1,1,1.0,0,,1
"25.5 
1 
Hasaranga to Mushfiqur, 1 run 
90.8kmh, flipper on off, Mushfiqur punches it off the back foot to deep cover",25.5,1,1.0,"Hasaranga to Mushfiqur, 1 run  .90.8kmh, flipper on off, Mushfiqur punches it off the back foot to deep cover",Hasaranga,Mushfiqur,1.0,0,0,1,1,1.0,0,,1
"25.6 
1 
Hasaranga to Mahmudullah, 1 run 
turning in this time, the wrong'un, he helps it with the turn to fine leg 
K Silva: ""This match is eerily similar to the first ODI!"" 
end of over 263 runs  
BAN: 114/4CRR: 4.38  
Mahmudullah16 (33b 1x4) 
Mushfiqur Rahim44 (63b 1x4) 
Wanindu Hasaranga 6-1-17-0 
Isuru Udana 6-0-35-0 
Dhananjaya into the attack now, around the wicket",25.6,1,1.0,"Hasaranga to Mahmudullah, 1 run  .turning in this time, the wrong'un, he helps it with the turn to fine leg",Hasaranga,Mahmudullah,1.0,0,0,1,1,1.0,0,,1
"26.1 
1 
Dhananjaya to Mahmudullah, 1 run 
turning in towards the stumps, clipped to leg for a single",26.1,1,1.0,"Dhananjaya to Mahmudullah, 1 run  .turning in towards the stumps, clipped to leg for a single",Dhananjaya,Mahmudullah,1.0,0,0,1,1,1.0,0,,1
"26.2 
1 
Dhananjaya to Mushfiqur, 1 run 
on the pads and flicked away to leg easily",26.2,1,1.0,"Dhananjaya to Mushfiqur, 1 run  .on the pads and flicked away to leg easily",Dhananjaya,Mushfiqur,1.0,0,0,1,1,1.0,0,,1
"26.3 
1 
Dhananjaya to Mahmudullah, 1 run 
around leg stump again and he works it past square leg",26.3,1,1.0,"Dhananjaya to Mahmudullah, 1 run  .around leg stump again and he works it past square leg",Dhananjaya,Mahmudullah,1.0,0,0,1,1,1.0,0,,1
"26.4 
• 
Dhananjaya to Mushfiqur, no run 
outside off now, Mushfiqur wants to beat short third man with the late cut but can't",26.4,0,0.0,"Dhananjaya to Mushfiqur, no run  .outside off now, Mushfiqur wants to beat short third man with the late cut but can't",Dhananjaya,Mushfiqur,0.0,0,0,1,1,0.0,0,,0
"26.5 
1 
Dhananjaya to Mushfiqur, 1 run 
pushes this one gently off the back foot towards point for one",26.5,1,1.0,"Dhananjaya to Mushfiqur, 1 run  .pushes this one gently off the back foot towards point for one",Dhananjaya,Mushfiqur,1.0,0,0,1,1,1.0,0,,1
"26.6 
1 
Dhananjaya to Mahmudullah, 1 run 
on middle and leg, and another single towards square leg to end the over 
end of over 275 runs  
BAN: 119/4CRR: 4.40  
Mahmudullah19 (36b 1x4) 
Mushfiqur Rahim46 (66b 1x4) 
Dhananjaya de Silva 1-0-5-0 
Wanindu Hasaranga 6-1-17-0 
Another change - here's Sandakan",26.6,1,1.0,"Dhananjaya to Mahmudullah, 1 run  .on middle and leg, and another single towards square leg to end the over",Dhananjaya,Mahmudullah,1.0,0,0,1,1,1.0,0,,1
"27.1 
• 
Sandakan to Mahmudullah, no run 
on length around off, he blocks it back",27.1,0,0.0,"Sandakan to Mahmudullah, no run  .on length around off, he blocks it back",Sandakan,Mahmudullah,0.0,0,0,1,1,0.0,0,,0
"27.2 
• 
Sandakan to Mahmudullah, no run 
touch wider and he wants to push away from the body but doesn't middle it",27.2,0,0.0,"Sandakan to Mahmudullah, no run  .touch wider and he wants to push away from the body but doesn't middle it",Sandakan,Mahmudullah,0.0,0,0,1,1,0.0,0,,0
"27.3 
1 
Sandakan to Mahmudullah, 1 run 
gives it a lot of flight and he sweeps the low full toss on leg to fine leg",27.3,1,1.0,"Sandakan to Mahmudullah, 1 run  .gives it a lot of flight and he sweeps the low full toss on leg to fine leg",Sandakan,Mahmudullah,1.0,0,0,1,1,1.0,0,,1
"27.4 
1 
Sandakan to Mushfiqur, 1 run 
Mushfiqur goes for the sweep as well from middle stump line, gets a single as well",27.4,1,1.0,"Sandakan to Mushfiqur, 1 run  .Mushfiqur goes for the sweep as well from middle stump line, gets a single as well",Sandakan,Mushfiqur,1.0,0,0,1,1,1.0,0,,1
"27.5 
• 
Sandakan to Mahmudullah, no run 
short ball and goes away with the angle instead of turning in, Mahmudullah finds cover",27.5,0,0.0,"Sandakan to Mahmudullah, no run  .short ball and goes away with the angle instead of turning in, Mahmudullah finds cover",Sandakan,Mahmudullah,0.0,0,0,1,1,0.0,0,,0
"27.6 
1 
Sandakan to Mahmudullah, 1 run 
well outside off again and Mahmudullah drives with a flourish to deep cover 
end of over 283 runs  
BAN: 122/4CRR: 4.35  
Mahmudullah21 (41b 1x4) 
Mushfiqur Rahim47 (67b 1x4) 
Lakshan Sandakan 5-0-25-2 
Dhananjaya de Silva 1-0-5-0",27.6,1,1.0,"Sandakan to Mahmudullah, 1 run  .well outside off again and Mahmudullah drives with a flourish to deep cover",Sandakan,Mahmudullah,1.0,0,0,1,1,1.0,0,,1
"28.1 
6 
Dhananjaya to Mahmudullah, SIX runs 
that's the first six of the match! Mahmudullah stayed back in the crease and opened up 
his stance, got the flighted delivery in the arc on leg stump from around the wicket and 
dispatched it over wide long-on for six. That's the 50 partnership as well 
They're waiting for the ball to be returned, and will sanitise it as well",28.1,6,6.0,"Dhananjaya to Mahmudullah, SIX runs  .that's the first six of the match! Mahmudullah stayed back in the crease and opened up  .his stance, got the flighted delivery in the arc on leg stump from around the wicket and  .dispatched it over wide long-on for six. That's the 50 partnership as well  .They're waiting for the ball to be returned, and will sanitise it as well",Dhananjaya,Mahmudullah,6.0,0,1,1,1,6.0,0,,1
"28.2 
2lb 
Dhananjaya to Mahmudullah, 2 leg byes 
too full and flat on leg and Mahmudullah tickles it fine on the leg side for four this time",28.2,2lb,2.0,"Dhananjaya to Mahmudullah, 2 leg byes  .too full and flat on leg and Mahmudullah tickles it fine on the leg side for four this time",Dhananjaya,Mahmudullah,0.0,0,0,1,1,0.0,0,,0
"28.3 
1 
Dhananjaya to Mahmudullah, 1 run 
outside off now and pushed gently into the covers for one",28.3,1,1.0,"Dhananjaya to Mahmudullah, 1 run  .outside off now and pushed gently into the covers for one",Dhananjaya,Mahmudullah,1.0,0,0,1,1,1.0,0,,1
"28.4 
1 
Dhananjaya to Mushfiqur, 1 run 
on the pads and it's clipped away for one to deep midwicket",28.4,1,1.0,"Dhananjaya to Mushfiqur, 1 run  .on the pads and it's clipped away for one to deep midwicket",Dhananjaya,Mushfiqur,1.0,0,0,1,1,1.0,0,,1
"28.5 
1 
Dhananjaya to Mahmudullah, 1 run 
Fullish on the pads and he pushes it down to long-on",28.5,1,1.0,"Dhananjaya to Mahmudullah, 1 run  .Fullish on the pads and he pushes it down to long-on",Dhananjaya,Mahmudullah,1.0,0,0,1,1,1.0,0,,1
"28.6 
1 
Dhananjaya to Mushfiqur, 1 run 
On the pads to end the over as well and it's clipped to deep midwicket for one 
end of over 2912 runs  
BAN: 134/4CRR: 4.62  
Mushfiqur Rahim49 (69b 1x4) 
Mahmudullah29 (45b 1x4 1x6) 
Dhananjaya de Silva 2-0-15-0 
Lakshan Sandakan 5-0-25-2",28.6,1,1.0,"Dhananjaya to Mushfiqur, 1 run  .On the pads to end the over as well and it's clipped to deep midwicket for one",Dhananjaya,Mushfiqur,1.0,0,0,1,1,1.0,0,,1
"29.1 
2 
Sandakan to Mushfiqur, 2 runs 
goes for the big shot with a slog-sweep in the wide gap between long-on and deep 
midwicket and reaches his 50",29.1,2,2.0,"Sandakan to Mushfiqur, 2 runs  .goes for the big shot with a slog-sweep in the wide gap between long-on and deep  .midwicket and reaches his 50",Sandakan,Mushfiqur,2.0,0,0,1,1,2.0,0,,1
"29.2 
2 
Sandakan to Mushfiqur, 2 runs 
on the off side this time, driven in the mirror image of the gap in the covers and he gets 
two more",29.2,2,2.0,"Sandakan to Mushfiqur, 2 runs  .on the off side this time, driven in the mirror image of the gap in the covers and he gets  .two more",Sandakan,Mushfiqur,2.0,0,0,1,1,2.0,0,,1
"29.3 
2 
Sandakan to Mushfiqur, 2 runs 
he wants more runs, goes across for the scoop and executes it nicely for two again",29.3,2,2.0,"Sandakan to Mushfiqur, 2 runs  .he wants more runs, goes across for the scoop and executes it nicely for two again",Sandakan,Mushfiqur,2.0,0,0,1,1,2.0,0,,1
"29.4 
• 
Sandakan to Mushfiqur, no run 
gently defends the length ball back",29.4,0,0.0,"Sandakan to Mushfiqur, no run  .gently defends the length ball back",Sandakan,Mushfiqur,0.0,0,0,1,1,0.0,0,,0
"29.5 
1 
Sandakan to Mushfiqur, 1 run 
makes room for the fuller delivery outside off but can't middle it, still gets a single",29.5,1,1.0,"Sandakan to Mushfiqur, 1 run  .makes room for the fuller delivery outside off but can't middle it, still gets a single",Sandakan,Mushfiqur,1.0,0,0,1,1,1.0,0,,1
"29.6 
• 
Sandakan to Mahmudullah, no run 
goes back and punches it towards cover point 
end of over 307 runs  
BAN: 141/4CRR: 4.70  
Mahmudullah29 (46b 1x4 1x6) 
Mushfiqur Rahim56 (74b 1x4) 
Lakshan Sandakan 6-0-32-2 
Dhananjaya de Silva 2-0-15-0",29.6,0,0.0,"Sandakan to Mahmudullah, no run  .goes back and punches it towards cover point",Sandakan,Mahmudullah,0.0,0,0,1,1,0.0,0,,0
"30.1 
1 
Dhananjaya to Mushfiqur, 1 run 
full on middle. Turning in, and driven to long on",30.1,1,1.0,"Dhananjaya to Mushfiqur, 1 run  .full on middle. Turning in, and driven to long on",Dhananjaya,Mushfiqur,1.0,0,0,1,1,1.0,0,,1
"30.2 
• 
Dhananjaya to Mahmudullah, no run 
fullish, on off. Turning in. Defended with soft hands, and the ball rolls leg side",30.2,0,0.0,"Dhananjaya to Mahmudullah, no run  .fullish, on off. Turning in. Defended with soft hands, and the ball rolls leg side",Dhananjaya,Mahmudullah,0.0,0,0,1,1,0.0,0,,0
"30.3 
6 
Dhananjaya to Mahmudullah, SIX runs 
up and over! Tossed up on middle. Mahmudullah comes down the wicket and 
absolutely hammers the par-timer over his head for half a dozen",30.3,6,6.0,"Dhananjaya to Mahmudullah, SIX runs  .up and over! Tossed up on middle. Mahmudullah comes down the wicket and  .absolutely hammers the par-timer over his head for half a dozen",Dhananjaya,Mahmudullah,6.0,0,1,1,1,6.0,0,,1
"30.4 
• 
Dhananjaya to Mahmudullah, no run 
continues around the stumps. Full, near his toes. Nurdled to the leg side",30.4,0,0.0,"Dhananjaya to Mahmudullah, no run  .continues around the stumps. Full, near his toes. Nurdled to the leg side",Dhananjaya,Mahmudullah,0.0,0,0,1,1,0.0,0,,0
"30.5 
1 
Dhananjaya to Mahmudullah, 1 run 
fullish, outside off. Pushed to extra cover",30.5,1,1.0,"Dhananjaya to Mahmudullah, 1 run  .fullish, outside off. Pushed to extra cover",Dhananjaya,Mahmudullah,1.0,0,0,1,1,1.0,0,,1
"30.6 
• 
Dhananjaya to Mushfiqur, no run 
fullish, on middle and leg. Driven to mid on, and that's over. Drinks 
Dinuk: ""This what Sri Lanka lacked in last ODI where they were unable to rotate the 
strike. Where Mushfiqur and Mahmudullah don't pressure themselves defending the 
ball."" 
end of over 318 runs  
BAN: 149/4CRR: 4.80  
Mushfiqur Rahim57 (76b 1x4) 
Mahmudullah36 (50b 1x4 2x6) 
Dhananjaya de Silva 3-0-23-0 
Lakshan Sandakan 6-0-32-2",30.6,0,0.0,"Dhananjaya to Mushfiqur, no run  .fullish, on middle and leg. Driven to mid on, and that's over. Drinks",Dhananjaya,Mushfiqur,0.0,0,0,1,1,0.0,0,,0
"31.1 
1 
Sandakan to Mahmudullah, 1 run 
fullish, outside off stump. Turning away, and punched to cover",31.1,1,1.0,"Sandakan to Mahmudullah, 1 run  .fullish, outside off stump. Turning away, and punched to cover",Sandakan,Mahmudullah,1.0,0,0,1,1,1.0,0,,1
"31.2 
• 
Sandakan to Mushfiqur, no run 
fullish, on middle. Turning into leg. Driven towards midwicket",31.2,0,0.0,"Sandakan to Mushfiqur, no run  .fullish, on middle. Turning into leg. Driven towards midwicket",Sandakan,Mushfiqur,0.0,0,0,1,1,0.0,0,,0
"31.3 
1 
Sandakan to Mushfiqur, 1 run 
tossed up, on leg stump. Swept hard to deep backward square leg",31.3,1,1.0,"Sandakan to Mushfiqur, 1 run  .tossed up, on leg stump. Swept hard to deep backward square leg",Sandakan,Mushfiqur,1.0,0,0,1,1,1.0,0,,1
"31.4 
1 
Sandakan to Mahmudullah, 1 run 
good length, on off. Skidding across. Punched to long on off the back foot",31.4,1,1.0,"Sandakan to Mahmudullah, 1 run  .good length, on off. Skidding across. Punched to long on off the back foot",Sandakan,Mahmudullah,1.0,0,0,1,1,1.0,0,,1
"31.5 
1 
Sandakan to Mushfiqur, 1 run 
full, outside leg stump. Flicked to deep backward square leg",31.5,1,1.0,"Sandakan to Mushfiqur, 1 run  .full, outside leg stump. Flicked to deep backward square leg",Sandakan,Mushfiqur,1.0,0,0,1,1,1.0,0,,1
"31.6 
2lb 
Sandakan to Mahmudullah, 2 leg byes 
full, on leg stump. Turning down leg, and he helps it along it's way with a soft flick. Fine 
leg has some work to do 
end of over 326 runs  
BAN: 155/4CRR: 4.84  
Mahmudullah38 (53b 1x4 2x6) 
Mushfiqur Rahim59 (79b 1x4) 
Lakshan Sandakan 7-0-36-2 
Dhananjaya de Silva 3-0-23-0",31.6,2lb,2.0,"Sandakan to Mahmudullah, 2 leg byes  .full, on leg stump. Turning down leg, and he helps it along it's way with a soft flick. Fine  .leg has some work to do",Sandakan,Mahmudullah,0.0,0,0,1,1,0.0,0,,0
"32.1 
1 
Chameera to Mushfiqur, 1 run 
pace returns. Good length, outside off. Punched to cover, and a quick single is picked up",32.1,1,1.0,"Chameera to Mushfiqur, 1 run  .pace returns. Good length, outside off. Punched to cover, and a quick single is picked up",Chameera,Mushfiqur,1.0,0,0,1,1,1.0,0,,1
"32.2 
• 
Chameera to Mahmudullah, no run 
fullish, just outside off. Bit of movement inwards. Mistimes the drive, to cover",32.2,0,0.0,"Chameera to Mahmudullah, no run  .fullish, just outside off. Bit of movement inwards. Mistimes the drive, to cover",Chameera,Mahmudullah,0.0,0,0,1,1,0.0,0,,0
"32.3 
1 
Chameera to Mahmudullah, 1 run 
good length, just outside off stump. Opens the bat's face and runs it down to third man",32.3,1,1.0,"Chameera to Mahmudullah, 1 run  .good length, just outside off stump. Opens the bat's face and runs it down to third man",Chameera,Mahmudullah,1.0,0,0,1,1,1.0,0,,1
"32.4 
• 
Chameera to Mushfiqur, no run 
full, just outside off. Driven well, but placed towards the fielder at cover",32.4,0,0.0,"Chameera to Mushfiqur, no run  .full, just outside off. Driven well, but placed towards the fielder at cover",Chameera,Mushfiqur,0.0,0,0,1,1,0.0,0,,0
"32.5 
1 
Chameera to Mushfiqur, 1 run 
hunting for the yorker, but it's a low full toss. Flicked to fine leg, hit too well, for only a 
single",32.5,1,1.0,"Chameera to Mushfiqur, 1 run  .hunting for the yorker, but it's a low full toss. Flicked to fine leg, hit too well, for only a  .single",Chameera,Mushfiqur,1.0,0,0,1,1,1.0,0,,1
"32.6 
• 
Chameera to Mahmudullah, no run 
back of a length, forcing him to duck. Well directed, and he offers no shot 
end of over 333 runs  
BAN: 158/4CRR: 4.78  
Mahmudullah39 (56b 1x4 2x6) 
Mushfiqur Rahim61 (82b 1x4) 
Dushmantha Chameera 6-2-20-2 
Lakshan Sandakan 7-0-36-2",32.6,0,0.0,"Chameera to Mahmudullah, no run  .back of a length, forcing him to duck. Well directed, and he offers no shot",Chameera,Mahmudullah,0.0,0,0,1,1,0.0,0,,0
"33.1 
1 
Sandakan to Mushfiqur, 1 run 
full, on off. Comes down the wicket, and hammers it back. Sandakan sticks his hand 
out, and it ricochets off to mid off",33.1,1,1.0,"Sandakan to Mushfiqur, 1 run  .full, on off. Comes down the wicket, and hammers it back. Sandakan sticks his hand  .out, and it ricochets off to mid off",Sandakan,Mushfiqur,1.0,0,0,1,1,1.0,0,,1
"33.2 
2 
Sandakan to Mahmudullah, 2 runs 
full, wide outside leg. He walks across - exposing leg stump - but eventually opts to 
paddle to fine leg",33.2,2,2.0,"Sandakan to Mahmudullah, 2 runs  .full, wide outside leg. He walks across - exposing leg stump - but eventually opts to  .paddle to fine leg",Sandakan,Mahmudullah,2.0,0,0,1,1,2.0,0,,1
"33.3 
W 
Sandakan to Mahmudullah, OUT 
such smart keeping! And the partnership is broken. Full on middle, and he makes room 
on the off side to play the paddle again. But it's too premeditated. Perera - the keeper - 
saw Mahmudullah do that, and he runs to his left anticipating it. The paddle is played 
fine, and Perera takes a sharp catch. 
Mahmudullah c †Perera b Sandakan 41 (58b 1x4 2x6 67m) SR: 70.68",33.3,W,0.0,"Sandakan to Mahmudullah, OUT  .such smart keeping! And the partnership is broken. Full on middle, and he makes room  .on the off side to play the paddle again. But it's too premeditated. Perera - the keeper -  .saw Mahmudullah do that, and he runs to his left anticipating it. The paddle is played  .fine, and Perera takes a sharp catch.  .Mahmudullah c †Perera b Sandakan 41 (58b 1x4 2x6 67m) SR: 70.68",Sandakan,Mahmudullah,0.0,0,0,1,1,0.0,1,c †Perera b Sandakan,0
"33.4 
• 
Sandakan to Afif, no run 
good length, outside off. Turning into him. Walks towards the off side and defends",33.4,0,0.0,"Sandakan to Afif, no run  .good length, outside off. Turning into him. Walks towards the off side and defends",Sandakan,Afif,0.0,0,0,1,1,0.0,0,,0
"33.5 
• 
Sandakan to Afif, no run 
in the blockhole, pushed to mid-on",33.5,0,0.0,"Sandakan to Afif, no run  .in the blockhole, pushed to mid-on",Sandakan,Afif,0.0,0,0,1,1,0.0,0,,0
"33.6 
4 
Sandakan to Afif, FOUR runs 
Glorious! Full, on off. Down on one knee, and a great extension of the arms as he 
hammers it over mid on for four 
end of over 347 runs • 1 wicket 
BAN: 165/5CRR: 4.85  
Afif Hossain4 (3b 1x4) 
Mushfiqur Rahim62 (83b 1x4) 
Lakshan Sandakan 8-0-43-3 
Dushmantha Chameera 6-2-20-2",33.6,4,4.0,"Sandakan to Afif, FOUR runs  .Glorious! Full, on off. Down on one knee, and a great extension of the arms as he  .hammers it over mid on for four",Sandakan,Afif,4.0,1,0,1,1,4.0,0,,1
"34.1 
1 
Chameera to Mushfiqur, 1 run 
good length, outside off. Punched to deep extra cover",34.1,1,1.0,"Chameera to Mushfiqur, 1 run  .good length, outside off. Punched to deep extra cover",Chameera,Mushfiqur,1.0,0,0,1,1,1.0,0,,1
"34.2 
• 
Chameera to Afif, no run 
back of a length, on leg stump. Ducks under it, although that was close to being called a 
wide",34.2,0,0.0,"Chameera to Afif, no run  .back of a length, on leg stump. Ducks under it, although that was close to being called a  .wide",Chameera,Afif,0.0,0,0,1,1,0.0,0,,0
"34.3 
• 
Chameera to Afif, no run 
back of a length, outside leg stump. Shapes up to pull fine but misses. Goes just past 
the glove",34.3,0,0.0,"Chameera to Afif, no run  .back of a length, outside leg stump. Shapes up to pull fine but misses. Goes just past  .the glove",Chameera,Afif,0.0,0,0,1,1,0.0,0,,0
"34.4 
4 
Chameera to Afif, FOUR runs 
back of a length, on off. Waits for it to get to him before opening the bat's face and 
ramping it over the keeper's head. That's smart",34.4,4,4.0,"Chameera to Afif, FOUR runs  .back of a length, on off. Waits for it to get to him before opening the bat's face and  .ramping it over the keeper's head. That's smart",Chameera,Afif,4.0,1,0,1,1,4.0,0,,1
"34.5 
1 
Chameera to Afif, 1 run 
full, on off. Trying to drive straight, but inside edged to square leg",34.5,1,1.0,"Chameera to Afif, 1 run  .full, on off. Trying to drive straight, but inside edged to square leg",Chameera,Afif,1.0,0,0,1,1,1.0,0,,1
"34.6 
1 
Chameera to Mushfiqur, 1 run 
full, on middle. Flicked behind square comfortably. Wants two, but settles with one 
end of over 357 runs  
BAN: 172/5CRR: 4.91  
Mushfiqur Rahim64 (85b 1x4) 
Afif Hossain9 (7b 2x4) 
Dushmantha Chameera 7-2-27-2 
Lakshan Sandakan 8-0-43-3 
Hasaranga back",34.6,1,1.0,"Chameera to Mushfiqur, 1 run  .full, on middle. Flicked behind square comfortably. Wants two, but settles with one",Chameera,Mushfiqur,1.0,0,0,1,1,1.0,0,,1
"35.1 
• 
Hasaranga to Mushfiqur, no run 
full on middle, defended to point",35.1,0,0.0,"Hasaranga to Mushfiqur, no run  .full on middle, defended to point",Hasaranga,Mushfiqur,0.0,0,0,1,1,0.0,0,,0
"35.2 
• 
Hasaranga to Mushfiqur, no run 
defended this full back to square leg",35.2,0,0.0,"Hasaranga to Mushfiqur, no run  .defended this full back to square leg",Hasaranga,Mushfiqur,0.0,0,0,1,1,0.0,0,,0
"35.3 
1 
Hasaranga to Mushfiqur, 1 run 
flicks to square leg, as the bowler goes full on middle again",35.3,1,1.0,"Hasaranga to Mushfiqur, 1 run  .flicks to square leg, as the bowler goes full on middle again",Hasaranga,Mushfiqur,1.0,0,0,1,1,1.0,0,,1
"35.4 
1 
Hasaranga to Afif, 1 run 
on full length but a bit on his pads, just taps that to square leg off the front foot",35.4,1,1.0,"Hasaranga to Afif, 1 run  .on full length but a bit on his pads, just taps that to square leg off the front foot",Hasaranga,Afif,1.0,0,0,1,1,1.0,0,,1
"35.5 
• 
Hasaranga to Mushfiqur, no run 
full on middle, drives that off the front foot but back to the bowler, who dives to stop",35.5,0,0.0,"Hasaranga to Mushfiqur, no run  .full on middle, drives that off the front foot but back to the bowler, who dives to stop",Hasaranga,Mushfiqur,0.0,0,0,1,1,0.0,0,,0
"35.6 
1 
Hasaranga to Mushfiqur, 1 run 
sharp turn on this ball that pitches on middle, is of a short length and spins away to 
finish outside off. Cut that to point for another single. 
end of over 363 runs  
BAN: 175/5CRR: 4.86  
Mushfiqur Rahim66 (90b 1x4) 
Afif Hossain10 (8b 2x4) 
Wanindu Hasaranga 7-1-20-0 
Dushmantha Chameera 7-2-27-2 
Udana brought back",35.6,1,1.0,"Hasaranga to Mushfiqur, 1 run  .sharp turn on this ball that pitches on middle, is of a short length and spins away to  .finish outside off. Cut that to point for another single.",Hasaranga,Mushfiqur,1.0,0,0,1,1,1.0,0,,1
"36.1 
• 
Udana to Mushfiqur, no run 
pushes at the good length ball on middle and off. But the ball beats him, as he roars his 
frustration out",36.1,0,0.0,"Udana to Mushfiqur, no run  .pushes at the good length ball on middle and off. But the ball beats him, as he roars his  .frustration out",Udana,Mushfiqur,0.0,0,0,1,1,0.0,0,,0
"36.2 
2 
Udana to Mushfiqur, 2 runs 
drives this full length ball on off to point, who misfields and allows the batters a quick 
single 
Ryaan Hossain: ""It's high time Bangladesh moves on to a new batch of talented 
youngsters. The likes of Liton, Soumya """,36.2,2,2.0,"Udana to Mushfiqur, 2 runs  .drives this full length ball on off to point, who misfields and allows the batters a quick  .single",Udana,Mushfiqur,2.0,0,0,1,1,2.0,0,,1
"36.3 
1 
Udana to Mushfiqur, 1 run 
on a good length on middle and off, bunted to deep point to keep rotating the strike",36.3,1,1.0,"Udana to Mushfiqur, 1 run  .on a good length on middle and off, bunted to deep point to keep rotating the strike",Udana,Mushfiqur,1.0,0,0,1,1,1.0,0,,1
"36.4 
W 
Udana to Afif, OUT 
slices that in the air, but that's high enough to only reach the mid-on fielder. Nissanka 
runs back and takes it well, as Afif tries to loft that above the man inside the circle. But 
that ball was on a good length, and too short to be playing that aerial shot. Another blow 
for Bangladesh, as Mushfiqur is now left alone to carry them to a handy total. 
Afif Hossain c Nissanka b Udana 10 (9b 2x4 0x6 14m) SR: 111.11",36.4,W,0.0,"Udana to Afif, OUT  .slices that in the air, but that's high enough to only reach the mid-on fielder. Nissanka  .runs back and takes it well, as Afif tries to loft that above the man inside the circle. But  .that ball was on a good length, and too short to be playing that aerial shot. Another blow  .for Bangladesh, as Mushfiqur is now left alone to carry them to a handy total.  .Afif Hossain c Nissanka b Udana 10 (9b 2x4 0x6 14m) SR: 111.11",Udana,Afif,0.0,0,0,1,1,0.0,1,c Nissanka b Udana,0
"36.5 
• 
Udana to Mushfiqur, no run 
defends this good length ball on middle and leg off the back foot",36.5,0,0.0,"Udana to Mushfiqur, no run  .defends this good length ball on middle and leg off the back foot",Udana,Mushfiqur,0.0,0,0,1,1,0.0,0,,0
"36.6 
1 
Udana to Mushfiqur, 1 run 
on a good length again just outside off, but he dabs that to third man for a single 
end of over 374 runs • 1 wicket 
BAN: 179/6CRR: 4.83  
Mushfiqur Rahim70 (95b 1x4) 
Mehidy Hasan Miraz0 (0b) 
Isuru Udana 7-0-39-1 
Wanindu Hasaranga 7-1-20-0",36.6,1,1.0,"Udana to Mushfiqur, 1 run  .on a good length again just outside off, but he dabs that to third man for a single",Udana,Mushfiqur,1.0,0,0,1,1,1.0,0,,1
"37.1 
4 
Hasaranga to Mushfiqur, FOUR runs 
dances down the track, and goes over mid-on. The man was inside the circle, and he 
charged down to this full ball on middle stump",37.1,4,4.0,"Hasaranga to Mushfiqur, FOUR runs  .dances down the track, and goes over mid-on. The man was inside the circle, and he  .charged down to this full ball on middle stump",Hasaranga,Mushfiqur,4.0,1,0,1,1,4.0,0,,1
"37.2 
1 
Hasaranga to Mushfiqur, 1 run 
fuller on middle and leg, flicks to midwicket",37.2,1,1.0,"Hasaranga to Mushfiqur, 1 run  .fuller on middle and leg, flicks to midwicket",Hasaranga,Mushfiqur,1.0,0,0,1,1,1.0,0,,1
"37.3 
• 
Hasaranga to Mehidy Hasan Miraz, no run 
tossed up outside off, stretches out and blocks into the off side",37.3,0,0.0,"Hasaranga to Mehidy Hasan Miraz, no run  .tossed up outside off, stretches out and blocks into the off side",Hasaranga,Mehidy Hasan Miraz,0.0,0,0,1,1,0.0,0,,0
"37.4 
W 
Hasaranga to Mehidy Hasan Miraz, OUT 
classical legspinner's dismissal! That turns back into the batter after pitching on a good 
length on off stump. Mehidy goes for the drive, but the ball finds the gap between his 
bat and pad to knock of his off stump. 
Mehidy Hasan Miraz b Hasaranga 0 (2b 0x4 0x6 5m) SR: 0",37.4,W,0.0,"Hasaranga to Mehidy Hasan Miraz, OUT  .classical legspinner's dismissal! That turns back into the batter after pitching on a good  .length on off stump. Mehidy goes for the drive, but the ball finds the gap between his  .bat and pad to knock of his off stump.  .Mehidy Hasan Miraz b Hasaranga 0 (2b 0x4 0x6 5m) SR: 0",Hasaranga,Mehidy Hasan Miraz,0.0,0,0,1,1,0.0,1,b Hasaranga,0
"37.5 
• 
Hasaranga to Saifuddin, no run 
on middle, Saifuddin pushes it back to the bowler",37.5,0,0.0,"Hasaranga to Saifuddin, no run  .on middle, Saifuddin pushes it back to the bowler",Hasaranga,Saifuddin,0.0,0,0,1,1,0.0,0,,0
"37.6 
• 
Hasaranga to Saifuddin, no run 
on length on middle, blocked by Saifuddin 
end of over 385 runs • 1 wicket 
BAN: 184/7CRR: 4.84  
Mohammad Saifuddin0 (2b) 
Mushfiqur Rahim75 (97b 2x4) 
Wanindu Hasaranga 8-1-25-1 
Isuru Udana 7-0-39-1",37.6,0,0.0,"Hasaranga to Saifuddin, no run  .on length on middle, blocked by Saifuddin",Hasaranga,Saifuddin,0.0,0,0,1,1,0.0,0,,0
"38.1 
1 
Udana to Mushfiqur, 1 run 
yorker length on middle, dabbed back to the bowler",38.1,1,1.0,"Udana to Mushfiqur, 1 run  .yorker length on middle, dabbed back to the bowler",Udana,Mushfiqur,1.0,0,0,1,1,1.0,0,,1
"38.2 
• 
Udana to Saifuddin, no run 
slower length ball outside off, defended to short extra-cover",38.2,0,0.0,"Udana to Saifuddin, no run  .slower length ball outside off, defended to short extra-cover",Udana,Saifuddin,0.0,0,0,1,1,0.0,0,,0
"38.3 
• 
Udana to Saifuddin, no run 
length ball close to off stump, defended towards point",38.3,0,0.0,"Udana to Saifuddin, no run  .length ball close to off stump, defended towards point",Udana,Saifuddin,0.0,0,0,1,1,0.0,0,,0
"38.4 
• 
Udana to Saifuddin, no run 
dug in short in the corridor, left alone",38.4,0,0.0,"Udana to Saifuddin, no run  .dug in short in the corridor, left alone",Udana,Saifuddin,0.0,0,0,1,1,0.0,0,,0
"38.5 
• 
Udana to Saifuddin, no run 
length ball close to off stump, defended into the covers",38.5,0,0.0,"Udana to Saifuddin, no run  .length ball close to off stump, defended into the covers",Udana,Saifuddin,0.0,0,0,1,1,0.0,0,,0
"38.6 
• 
Udana to Saifuddin, no run 
back of a length, angling in towards off stump, blocked into the covers 
end of over 391 run  
BAN: 185/7CRR: 4.74  
Mohammad Saifuddin0 (7b) 
Mushfiqur Rahim76 (98b 2x4) 
Isuru Udana 8-0-40-1 
Wanindu Hasaranga 8-1-25-1",38.6,0,0.0,"Udana to Saifuddin, no run  .back of a length, angling in towards off stump, blocked into the covers",Udana,Saifuddin,0.0,0,0,1,1,0.0,0,,0
"39.1 
• 
Sandakan to Mushfiqur, no run 
Floated up full on leg stump, whipped back firmly to the bowler",39.1,0,0.0,"Sandakan to Mushfiqur, no run  .Floated up full on leg stump, whipped back firmly to the bowler",Sandakan,Mushfiqur,0.0,0,0,1,1,0.0,0,,0
"39.2 
1 
Sandakan to Mushfiqur, 1 run 
down the track to this full length ball on middle and leg. Gets it off his inside half of the 
bat for a single to square leg",39.2,1,1.0,"Sandakan to Mushfiqur, 1 run  .down the track to this full length ball on middle and leg. Gets it off his inside half of the  .bat for a single to square leg",Sandakan,Mushfiqur,1.0,0,0,1,1,1.0,0,,1
"39.3 
1 
Sandakan to Saifuddin, 1 run 
good length on middle and leg. Goes on the back foot and flicks to fine leg",39.3,1,1.0,"Sandakan to Saifuddin, 1 run  .good length on middle and leg. Goes on the back foot and flicks to fine leg",Sandakan,Saifuddin,1.0,0,0,1,1,1.0,0,,1
"39.4 
1 
Sandakan to Mushfiqur, 1 run 
wide ball on a full length and outside leg. He sweeps that to short fine leg region, who 
runs back and dives",39.4,1,1.0,"Sandakan to Mushfiqur, 1 run  .wide ball on a full length and outside leg. He sweeps that to short fine leg region, who  .runs back and dives",Sandakan,Mushfiqur,1.0,0,0,1,1,1.0,0,,1
"39.5 
• 
Sandakan to Saifuddin, no run 
short of a length and bunted off the bottom of the bat to point",39.5,0,0.0,"Sandakan to Saifuddin, no run  .short of a length and bunted off the bottom of the bat to point",Sandakan,Saifuddin,0.0,0,0,1,1,0.0,0,,0
"39.6 
• 
Sandakan to Saifuddin, no run 
full on off, defended back to the bowler 
end of over 403 runs  
BAN: 188/7CRR: 4.70  
Mohammad Saifuddin1 (10b) 
Mushfiqur Rahim78 (101b 2x4) 
Lakshan Sandakan 9-0-46-3 
Isuru Udana 8-0-40-1 
The final powerplay begins, as Shanaka returns. Over the wicket.",39.6,0,0.0,"Sandakan to Saifuddin, no run  .full on off, defended back to the bowler",Sandakan,Saifuddin,0.0,0,0,1,1,0.0,0,,0
"40.1 
1 
Shanaka to Mushfiqur, 1 run 
goes short of a length on middle and off. Mushfiqur rocks back and pulls that deep tp 
square leg, with little bounce off the surface 
Over the wicket now to the left-hander",40.1,1,1.0,"Shanaka to Mushfiqur, 1 run  .goes short of a length on middle and off. Mushfiqur rocks back and pulls that deep tp  .square leg, with little bounce off the surface  .Over the wicket now to the left-hander",Shanaka,Mushfiqur,1.0,0,0,1,1,1.0,0,,1
"40.2 
• 
Shanaka to Saifuddin, no run 
Fuller on middle and leg. Fended back to the bowler",40.2,0,0.0,"Shanaka to Saifuddin, no run  .Fuller on middle and leg. Fended back to the bowler",Shanaka,Saifuddin,0.0,0,0,1,1,0.0,0,,0
"40.3 
1 
Shanaka to Saifuddin, 1 run 
goes short again, but on leg stump this time. Saifuddin pulls that down to deep fine leg 
off the back foot",40.3,1,1.0,"Shanaka to Saifuddin, 1 run  .goes short again, but on leg stump this time. Saifuddin pulls that down to deep fine leg  .off the back foot",Shanaka,Saifuddin,1.0,0,0,1,1,1.0,0,,1
"40.4 
• 
Shanaka to Mushfiqur, no run 
short of a good length and wider of off stump. Mushfiqur goes for the cut, but has little 
foot movement as he plays away from his body. Grunts out after missing that cut",40.4,0,0.0,"Shanaka to Mushfiqur, no run  .short of a good length and wider of off stump. Mushfiqur goes for the cut, but has little  .foot movement as he plays away from his body. Grunts out after missing that cut",Shanaka,Mushfiqur,0.0,0,0,1,1,0.0,0,,0
"40.5 
4 
Shanaka to Mushfiqur, FOUR runs 
Guided fine past short third man. He sways back and upper cuts it beyond the fielder, 
who was inside the circle. 
Third man back now..",40.5,4,4.0,"Shanaka to Mushfiqur, FOUR runs  .Guided fine past short third man. He sways back and upper cuts it beyond the fielder,  .who was inside the circle.  .Third man back now..",Shanaka,Mushfiqur,4.0,1,0,1,1,4.0,0,,1
"40.6 
1 
Shanaka to Mushfiqur, 1 run 
fuller on off, as Mushfiqur flicks to long-on 
end of over 417 runs  
BAN: 195/7CRR: 4.75  
Mushfiqur Rahim84 (105b 3x4) 
Mohammad Saifuddin2 (12b) 
Dasun Shanaka 6-0-29-0 
Lakshan Sandakan 9-0-46-3",40.6,1,1.0,"Shanaka to Mushfiqur, 1 run  .fuller on off, as Mushfiqur flicks to long-on",Shanaka,Mushfiqur,1.0,0,0,1,1,1.0,0,,1
"41.1 
1 
Sandakan to Mushfiqur, 1 run 
down the track and pushed to long-off 
Buddystar : ""Will we lose overs due to the rain stopping play?"" Depends on the length of 
the rain break, not if it's a short one 
4.10pm Raining now at the ground, as the staff scampers with the covers. It has been 
dark and cloudy throughout, with rain only a matter of time away. Bangladesh wouldn't 
mind this break, considering they had lost a couple of quick wickets of late. 
4.16pm Good news already, the covers are being taken off, so we might have play soon. 
In fact the covers were taken off and they've come back almost immediately on and 
around the pitch, and the lights are on. So the wait continues 
Dinuk: ""Bangladesh youngsters should get the maximum out of their senior players 
before they retire from international cricket or else it will be a hard to recover their form 
in international cricket as it what exactly happened to Sri Lankan cricket."" 
Iftikhar: ""Will miss Taskin today. Condition is perfect and Chameera shows what extra 
pace can do."" 
4.26pm And good news once again (I hope), the covers have come off the pitch, some 
remain near the run up at one end and the ground staff strewn around the ground. Still 
grey clouds all over the ground so not great signs overall. Bangladesh won't be happy 
with their batting show once again, and they need some young blood to take the baton 
from the seniors. What could a perfect batter look like? Shakib Al Hasan tells us here 
4.33pm Even better news: all the covers are off and the clouds are still around but the 
greyest of the lot have drifted away from the ground and some sunlight is falling on the 
grass. The players are coming back on and Sandakan will continue",41.1,1,1.0,"Sandakan to Mushfiqur, 1 run  .down the track and pushed to long-off",Sandakan,Mushfiqur,1.0,0,0,1,1,1.0,0,,1
"41.2 
1 
Sandakan to Saifuddin, 1 run 
turning away after pitching a bit short, cut away off the back foot",41.2,1,1.0,"Sandakan to Saifuddin, 1 run  .turning away after pitching a bit short, cut away off the back foot",Sandakan,Saifuddin,1.0,0,0,1,1,1.0,0,,1
"41.3 
1 
Sandakan to Mushfiqur, 1 run 
turning into Mushfiqur and he helps it along to the leg side",41.3,1,1.0,"Sandakan to Mushfiqur, 1 run  .turning into Mushfiqur and he helps it along to the leg side",Sandakan,Mushfiqur,1.0,0,0,1,1,1.0,0,,1
"41.4 
• 
Sandakan to Saifuddin, no run 
thick edge just past the stumps as Saifuddin tries to jab at the flatter delivery",41.4,0,0.0,"Sandakan to Saifuddin, no run  .thick edge just past the stumps as Saifuddin tries to jab at the flatter delivery",Sandakan,Saifuddin,0.0,0,0,1,1,0.0,0,,0
"41.5 
1 
Sandakan to Saifuddin, 1 run 
fuller towards the batter and he pushes it down to long-on",41.5,1,1.0,"Sandakan to Saifuddin, 1 run  .fuller towards the batter and he pushes it down to long-on",Sandakan,Saifuddin,1.0,0,0,1,1,1.0,0,,1
"41.6 
4 
Sandakan to Mushfiqur, FOUR runs 
charges down to take it on the full and even tough it's still shorter, he smashes it 
through the covers in the gap and just abuot beats the sliding fielder from long-off 
end of over 428 runs  
BAN: 203/7CRR: 4.83  
Mushfiqur Rahim90 (108b 4x4) 
Mohammad Saifuddin4 (15b) 
Lakshan Sandakan 10-0-54-3 
Dasun Shanaka 6-0-29-0",41.6,4,4.0,"Sandakan to Mushfiqur, FOUR runs  .charges down to take it on the full and even tough it's still shorter, he smashes it  .through the covers in the gap and just abuot beats the sliding fielder from long-off",Sandakan,Mushfiqur,4.0,1,0,1,1,4.0,0,,1
"42.1 
1 
Shanaka to Saifuddin, 1 run 
on the leg stump, he goes on his toes and tucks it to leg",42.1,1,1.0,"Shanaka to Saifuddin, 1 run  .on the leg stump, he goes on his toes and tucks it to leg",Shanaka,Saifuddin,1.0,0,0,1,1,1.0,0,,1
"42.2 
1 
Shanaka to Mushfiqur, 1 run 
slightly slower and Mushfiqur helps it to midwicket for one",42.2,1,1.0,"Shanaka to Mushfiqur, 1 run  .slightly slower and Mushfiqur helps it to midwicket for one",Shanaka,Mushfiqur,1.0,0,0,1,1,1.0,0,,1
"42.3 
1 
Shanaka to Saifuddin, 1 run 
shorter ball rising towards the batter, pulled to leg for one more",42.3,1,1.0,"Shanaka to Saifuddin, 1 run  .shorter ball rising towards the batter, pulled to leg for one more",Shanaka,Saifuddin,1.0,0,0,1,1,1.0,0,,1
"42.4 
4 
Shanaka to Mushfiqur, FOUR runs 
stays still to wait for the ball and drills it through the covers to beat deep cover for four",42.4,4,4.0,"Shanaka to Mushfiqur, FOUR runs  .stays still to wait for the ball and drills it through the covers to beat deep cover for four",Shanaka,Mushfiqur,4.0,1,0,1,1,4.0,0,,1
"42.5 
1 
Shanaka to Mushfiqur, 1 run 
full toss, probably trying a yorker or extra pace, and Mushfiqur tucks it to deep square 
leg",42.5,1,1.0,"Shanaka to Mushfiqur, 1 run  .full toss, probably trying a yorker or extra pace, and Mushfiqur tucks it to deep square  .leg",Shanaka,Mushfiqur,1.0,0,0,1,1,1.0,0,,1
"42.6 
1 
Shanaka to Saifuddin, 1 run 
nine from the over as Saifuddin pivots on the back foot and finds deep square leg for a 
single 
end of over 439 runs  
BAN: 212/7CRR: 4.93  
Mohammad Saifuddin7 (18b) 
Mushfiqur Rahim96 (111b 5x4) 
Dasun Shanaka 7-0-38-0 
Lakshan Sandakan 10-0-54-3",42.6,1,1.0,"Shanaka to Saifuddin, 1 run  .nine from the over as Saifuddin pivots on the back foot and finds deep square leg for a  .single",Shanaka,Saifuddin,1.0,0,0,1,1,1.0,0,,1
"43.1 
• 
Hasaranga to Saifuddin, no run 
starts with a wrong'un outside off, Saifuddin gets a thick edge to short third man",43.1,0,0.0,"Hasaranga to Saifuddin, no run  .starts with a wrong'un outside off, Saifuddin gets a thick edge to short third man",Hasaranga,Saifuddin,0.0,0,0,1,1,0.0,0,,0
"43.2 
• 
Hasaranga to Saifuddin, no run 
good length outside off, worked to mid-on",43.2,0,0.0,"Hasaranga to Saifuddin, no run  .good length outside off, worked to mid-on",Hasaranga,Saifuddin,0.0,0,0,1,1,0.0,0,,0
"43.3 
1 
Hasaranga to Saifuddin, 1 run 
goes back for the long hop and gets a leading edge off the pull as the ball keeps low 
and it just clears midwicket 
Sharefin Khan: ""Rain can be an advantage for Sri Lanka. Mushfiqur Rahim is a fighter 
and he would've taken Bangladesh to a challenging total if not unlucky."" 
4.43pm Really heavy rain this time, the players scamper off and the ground staff runs 
on with the covers. Much heavier rain this time and the covers are also covering a 
bigger part around the pitch 
Kazi Farid: ""Why are you silent, Vishal?"" Got a bit hungry after reading Tamim's interview 
on food 
5pm No respite from rain yet (sigh). Do these rain breaks make you hungry? Or make 
you want to sip some hot tea and gulp some (fried) evening snacks? For now, we've got 
for you tips on ""eating right"" from Tamim Iqbal, who's the best cook in the Bangladesh 
team, and more from the batter himself. And here's an update: if play doesn't start 
before 5.10pm local time, we will start losing overs. 
Antic: ""The drainage system of Mirpur is quite good, hoping for a fast resume as soon 
as the rain stops!! "" 
5.08pm Some good news: the covers are coming off and we might have play soon. 
Certainly looks brighter at the ground and the pitch covers have also been taken off just 
now. 
Sorol: ""For Bangladeshi's its beef with hotchpotch the best rainy food."" 
5.17pm A lot of activity around the pitch now and play is set to resume soon. The TV 
commentators say no overs have bene lost, and the players are back on the field",43.3,1,1.0,"Hasaranga to Saifuddin, 1 run  .goes back for the long hop and gets a leading edge off the pull as the ball keeps low  .and it just clears midwicket",Hasaranga,Saifuddin,1.0,0,0,1,1,1.0,0,,1
"43.4 
2 
Hasaranga to Mushfiqur, 2 runs 
just outside off and Mushfiqur cuts off the back foot to deep point",43.4,2,2.0,"Hasaranga to Mushfiqur, 2 runs  .just outside off and Mushfiqur cuts off the back foot to deep point",Hasaranga,Mushfiqur,2.0,0,0,1,1,2.0,0,,1
"43.5 
1 
Hasaranga to Mushfiqur, 1 run 
gets a short ball turning into him and he pulls it to deep midwicket for one, reaches 99",43.5,1,1.0,"Hasaranga to Mushfiqur, 1 run  .gets a short ball turning into him and he pulls it to deep midwicket for one, reaches 99",Hasaranga,Mushfiqur,1.0,0,0,1,1,1.0,0,,1
"43.6 
1 
Hasaranga to Saifuddin, 1 run 
around the stumps and it's helped to leg with soft hands for one 
end of over 445 runs  
BAN: 217/7CRR: 4.93  
Mohammad Saifuddin9 (22b) 
Mushfiqur Rahim99 (113b 5x4) 
Wanindu Hasaranga 9-1-30-1 
Dasun Shanaka 7-0-38-0",43.6,1,1.0,"Hasaranga to Saifuddin, 1 run  .around the stumps and it's helped to leg with soft hands for one",Hasaranga,Saifuddin,1.0,0,0,1,1,1.0,0,,1
"44.1 
1 
Chameera to Saifuddin, 1 run 
short ball outside off, he taps it away to third man 
Mushfiqur on 99",44.1,1,1.0,"Chameera to Saifuddin, 1 run  .short ball outside off, he taps it away to third man  .Mushfiqur on 99",Chameera,Saifuddin,1.0,0,0,1,1,1.0,0,,1
"44.2 
1w 
Chameera to Mushfiqur, 1 wide 
slower ball down the leg side, the wait continues",44.2,1w,1.0,"Chameera to Mushfiqur, 1 wide  .slower ball down the leg side, the wait continues",Chameera,Mushfiqur,0.0,0,0,0,0,1.0,0,,1
"44.2 
4 
Chameera to Mushfiqur, FOUR runs 
tucks it fine and races away to his eighth ODI hundred! Not the biggest of celebrations 
from the man, just looks to the heavens and soaks in the feeble applause from the 
dugouts",44.2,4,4.0,"Chameera to Mushfiqur, FOUR runs  .tucks it fine and races away to his eighth ODI hundred! Not the biggest of celebrations  .from the man, just looks to the heavens and soaks in the feeble applause from the  .dugouts",Chameera,Mushfiqur,4.0,1,0,1,1,4.0,0,,1
"44.3 
4 
Chameera to Mushfiqur, FOUR runs 
that's a gift for the centurion, full toss on the pads and he flicks it away behind square 
for four more",44.3,4,4.0,"Chameera to Mushfiqur, FOUR runs  .that's a gift for the centurion, full toss on the pads and he flicks it away behind square  .for four more",Chameera,Mushfiqur,4.0,1,0,1,1,4.0,0,,1
"44.4 
1 
Chameera to Mushfiqur, 1 run 
short of length outside off and he runs it down to the right of third man",44.4,1,1.0,"Chameera to Mushfiqur, 1 run  .short of length outside off and he runs it down to the right of third man",Chameera,Mushfiqur,1.0,0,0,1,1,1.0,0,,1
"44.5 
• 
Chameera to Saifuddin, no run 
short and outside off, Saifuddin drops his hands and lets it go",44.5,0,0.0,"Chameera to Saifuddin, no run  .short and outside off, Saifuddin drops his hands and lets it go",Chameera,Saifuddin,0.0,0,0,1,1,0.0,0,,0
"44.6 
• 
Chameera to Saifuddin, no run 
bangs in the bouncer from around the wicket and it goes over the batter. Not called a 
wide 
end of over 4511 runs  
BAN: 228/7CRR: 5.06  
Mohammad Saifuddin10 (25b) 
Mushfiqur Rahim108 (116b 7x4) 
Dushmantha Chameera 8-2-38-2 
Wanindu Hasaranga 9-1-30-1 
RK: ""The best limited overs love stories: Steve Smith vs India, Mushfiqur vs Sri Lanka, 
Virat Kohli vs West Indies"" 
Hasaranga continues. But before that some sawdust being sprinkled around the crease.",44.6,0,0.0,"Chameera to Saifuddin, no run  .bangs in the bouncer from around the wicket and it goes over the batter. Not called a  .wide",Chameera,Saifuddin,0.0,0,0,1,1,0.0,0,,0
"45.1 
1 
Hasaranga to Mushfiqur, 1 run 
gets a dangerous inside edge past the stumps off a big swing of the bat",45.1,1,1.0,"Hasaranga to Mushfiqur, 1 run  .gets a dangerous inside edge past the stumps off a big swing of the bat",Hasaranga,Mushfiqur,1.0,0,0,1,1,1.0,0,,1
"45.2 
1 
Hasaranga to Saifuddin, 1 run 
works the length ball off the pads towards midwicket for one",45.2,1,1.0,"Hasaranga to Saifuddin, 1 run  .works the length ball off the pads towards midwicket for one",Hasaranga,Saifuddin,1.0,0,0,1,1,1.0,0,,1
"45.3 
1 
Hasaranga to Mushfiqur, 1 run 
nearly a run-out chance at the bowler's end as Mushfiqur drills the ball to extra cover 
and the fielder fires in a throw but doesn't hit the stumps",45.3,1,1.0,"Hasaranga to Mushfiqur, 1 run  .nearly a run-out chance at the bowler's end as Mushfiqur drills the ball to extra cover  .and the fielder fires in a throw but doesn't hit the stumps",Hasaranga,Mushfiqur,1.0,0,0,1,1,1.0,0,,1
"45.4 
• 
Hasaranga to Saifuddin, no run 
tries to swing hard on the leg side but doesn't connect and is hit on the pads",45.4,0,0.0,"Hasaranga to Saifuddin, no run  .tries to swing hard on the leg side but doesn't connect and is hit on the pads",Hasaranga,Saifuddin,0.0,0,0,1,1,0.0,0,,0
"45.5 
• 
Hasaranga to Saifuddin, no run 
can't connect again as there's no room on the leg side, tiny appeal as the ball hits the 
pads but pitched outside leg",45.5,0,0.0,"Hasaranga to Saifuddin, no run  .can't connect again as there's no room on the leg side, tiny appeal as the ball hits the  .pads but pitched outside leg",Hasaranga,Saifuddin,0.0,0,0,1,1,0.0,0,,0
"45.6 
• 
Hasaranga to Saifuddin, no run 
more towards the stumps and Saifuddin defends it back this time 
end of over 463 runs  
BAN: 231/7CRR: 5.02  
Mohammad Saifuddin11 (29b) 
Mushfiqur Rahim110 (118b 7x4) 
Wanindu Hasaranga 10-1-33-1 
Dushmantha Chameera 8-2-38-2",45.6,0,0.0,"Hasaranga to Saifuddin, no run  .more towards the stumps and Saifuddin defends it back this time",Hasaranga,Saifuddin,0.0,0,0,1,1,0.0,0,,0
"46.1 
1 
Chameera to Mushfiqur, 1 run 
attempted yorker is a full toss on leg and it's clipped fine to the keeper for one 
Around the wicket to Saifuddin",46.1,1,1.0,"Chameera to Mushfiqur, 1 run  .attempted yorker is a full toss on leg and it's clipped fine to the keeper for one  .Around the wicket to Saifuddin",Chameera,Mushfiqur,1.0,0,0,1,1,1.0,0,,1
"46.2 
W 
Chameera to Saifuddin, OUT 
137.4kmh, that's a direct hit this time and Saifuddin is gone! They have to go to the third 
umpire to confirm, and it is confirmed that even a diving Saifuddin couldn't make it. 
Nasty short ball from Chameera that pinged Saifuddin on the helmet as he missed the 
hook, and the ball deflected away to the off side. They tried to sneak in a single but 
couldn't. Saifuddin takes his helmet off and will probably get some medical attention in 
the dressing room 
Mohammad Saifuddin run out (Mendis) 11 (30b 0x4 0x6 42m) SR: 36.66",46.2,W,0.0,"Chameera to Saifuddin, OUT  .137.4kmh, that's a direct hit this time and Saifuddin is gone! They have to go to the third  .umpire to confirm, and it is confirmed that even a diving Saifuddin couldn't make it.  .Nasty short ball from Chameera that pinged Saifuddin on the helmet as he missed the  .hook, and the ball deflected away to the off side. They tried to sneak in a single but  .couldn't. Saifuddin takes his helmet off and will probably get some medical attention in  .the dressing room  .Mohammad Saifuddin run out (Mendis) 11 (30b 0x4 0x6 42m) SR: 36.66",Chameera,Saifuddin,0.0,0,0,1,1,0.0,0,run out (Mendis),0
"46.3 
• 
Chameera to Mushfiqur, no run 
outside off and it's driven down to mid-off with hard hands",46.3,0,0.0,"Chameera to Mushfiqur, no run  .outside off and it's driven down to mid-off with hard hands",Chameera,Mushfiqur,0.0,0,0,1,1,0.0,0,,0
"46.4 
• 
Chameera to Mushfiqur, no run 
in the block hole outside off, Mushfiqur chases and misses",46.4,0,0.0,"Chameera to Mushfiqur, no run  .in the block hole outside off, Mushfiqur chases and misses",Chameera,Mushfiqur,0.0,0,0,1,1,0.0,0,,0
"46.5 
4 
Chameera to Mushfiqur, FOUR runs 
too full on off and a well-set Mushfiqur absolutely middles that and finds the gap in the 
covers with a lovely cover drive. Caressed it all along the ground 
Single on the last ball?",46.5,4,4.0,"Chameera to Mushfiqur, FOUR runs  .too full on off and a well-set Mushfiqur absolutely middles that and finds the gap in the  .covers with a lovely cover drive. Caressed it all along the ground  .Single on the last ball?",Chameera,Mushfiqur,4.0,1,0,1,1,4.0,0,,1
"46.6 
1 
Chameera to Mushfiqur, 1 run 
short ball and he swats it behind square for one to keep strike 
end of over 476 runs • 1 wicket 
BAN: 237/8CRR: 5.04  
Mushfiqur Rahim116 (123b 8x4) 
Shoriful Islam0 (0b) 
Dushmantha Chameera 9-2-44-2 
Wanindu Hasaranga 10-1-33-1 
Three overs to go, two left for Udana and one for Chameera. Udana is here with a short 
fine leg",46.6,1,1.0,"Chameera to Mushfiqur, 1 run  .short ball and he swats it behind square for one to keep strike",Chameera,Mushfiqur,1.0,0,0,1,1,1.0,0,,1
"47.1 
4 
Udana to Mushfiqur, FOUR runs 
Mushfiqur knows fine leg is inside, he goes across and lofts that with a paddle 
sweep/loft over fine leg and gets four",47.1,4,4.0,"Udana to Mushfiqur, FOUR runs  .Mushfiqur knows fine leg is inside, he goes across and lofts that with a paddle  .sweep/loft over fine leg and gets four",Udana,Mushfiqur,4.0,1,0,1,1,4.0,0,,1
"47.2 
4 
Udana to Mushfiqur, FOUR runs 
eyes the big gap towards square leg now and he tries a similar shot with a bit of 
adjustment, goes down on a knee again but goes much squarer and smashes it through 
the air for four more 
Around the wicket now",47.2,4,4.0,"Udana to Mushfiqur, FOUR runs  .eyes the big gap towards square leg now and he tries a similar shot with a bit of  .adjustment, goes down on a knee again but goes much squarer and smashes it through  .the air for four more  .Around the wicket now",Udana,Mushfiqur,4.0,1,0,1,1,4.0,0,,1
"47.3 
1 
Udana to Mushfiqur, 1 run 
slower ball angling in and it's flicked to the leg side for one. An appeal at the keeper's 
end but the third umpire checks he made it",47.3,1,1.0,"Udana to Mushfiqur, 1 run  .slower ball angling in and it's flicked to the leg side for one. An appeal at the keeper's  .end but the third umpire checks he made it",Udana,Mushfiqur,1.0,0,0,1,1,1.0,0,,1
"47.4 
W 
Udana to Shoriful Islam, OUT 
a lonely appeal from the captain behind the stumps for caught behind and Shoriful gets 
a first-ball duck on debut! Udana pounded in a short ball, Shoriful backs away and tries 
to poke, and only manages a feather of the top of bat to the keeper 
Shoriful Islam c †Perera b Udana 0 (1b 0x4 0x6 6m) SR: 0 
Can Mustafizur survive two balls here?",47.4,W,0.0,"Udana to Shoriful Islam, OUT  .a lonely appeal from the captain behind the stumps for caught behind and Shoriful gets  .a first-ball duck on debut! Udana pounded in a short ball, Shoriful backs away and tries  .to poke, and only manages a feather of the top of bat to the keeper  .Shoriful Islam c †Perera b Udana 0 (1b 0x4 0x6 6m) SR: 0",Udana,Shoriful Islam,0.0,0,0,1,1,0.0,1,c †Perera b Udana,0
"47.5 
• 
Udana to Mustafizur, no run 
another short ball hits the helmet! Short one angling in, the batter ducks a bit and wants 
to move his face away from the patch of the ball and even takes his eyes off it, and the 
ball follows him to hit the grille of the helmet. And the back of the helmet drops off after 
the impact 
DaWolf: ""Questionable decision to take the single from Mushfiqur there. Better to just 
hog the strike as much as possible from here on. Assuming he gets another ball to 
face....""",47.5,0,0.0,"Udana to Mustafizur, no run  .another short ball hits the helmet! Short one angling in, the batter ducks a bit and wants  .to move his face away from the patch of the ball and even takes his eyes off it, and the  .ball follows him to hit the grille of the helmet. And the back of the helmet drops off after  .the impact",Udana,Mustafizur,0.0,0,0,1,1,0.0,0,,0
"47.6 
• 
Udana to Mustafizur, no run 
bouncer to end the over, he sways out of the line this time and lets it go. Wonder why 
Udana didn't bowl something to let the batter play at the ball, Mushfiqur gets strike now 
end of over 489 runs • 1 wicket 
BAN: 246/9CRR: 5.12  
Mustafizur Rahman0 (2b) 
Mushfiqur Rahim125 (126b 10x4) 
Isuru Udana 9-0-49-2 
Dushmantha Chameera 9-2-44-2",47.6,0,0.0,"Udana to Mustafizur, no run  .bouncer to end the over, he sways out of the line this time and lets it go. Wonder why  .Udana didn't bowl something to let the batter play at the ball, Mushfiqur gets strike now",Udana,Mustafizur,0.0,0,0,1,1,0.0,0,,0
