raw_data,overs,runs,team_runs,commentary,bowler,batsman,batsman_runs,batsman_fours,batsman_sixes,batsman_bowls_faced,bowler_bowls_done,bowler_runs_given,bowler_wickets,dismissal,runs_given_bool
"0.1 
• 
Mills to Gunasekera, no run 
Mills lands the first one full on off stump and gets it to nip in, it is defended down the 
track",0.1,0,0.0,"Mills to Gunasekera, no run  .Mills lands the first one full on off stump and gets it to nip in, it is defended down the  .track",Mills,Gunasekera,0.0,0,0,1,1,0.0,0,,0
"0.2 
• 
Mills to Gunasekera, no run 
Ruvindu winds up and swings, ends up looking like the icons on Fantasy Cricket for the 
batsmen. He misses though as Mills angles across him.",0.2,0,0.0,"Mills to Gunasekera, no run  .Ruvindu winds up and swings, ends up looking like the icons on Fantasy Cricket for the  .batsmen. He misses though as Mills angles across him.",Mills,Gunasekera,0.0,0,0,1,1,0.0,0,,0
"0.3 
2 
Mills to Gunasekera, 2 runs 
Ruvindu is away, driving a full ball cleanly past the bowler for a couple",0.3,2,2.0,"Mills to Gunasekera, 2 runs  .Ruvindu is away, driving a full ball cleanly past the bowler for a couple",Mills,Gunasekera,2.0,0,0,1,1,2.0,0,,1
"0.4 
• 
Mills to Gunasekera, no run 
short of a length on off stump, Ruvindu reaches across and defends to the off side 
Graham: ""Franklin's strike rate of 387.5 is the world record in an ODI for an innings of 
more than 25 runs - wow""",0.4,0,0.0,"Mills to Gunasekera, no run  .short of a length on off stump, Ruvindu reaches across and defends to the off side",Mills,Gunasekera,0.0,0,0,1,1,0.0,0,,0
"0.5 
• 
Mills to Gunasekera, no run 
back of a length outside off, defended into the offside after getting half across",0.5,0,0.0,"Mills to Gunasekera, no run  .back of a length outside off, defended into the offside after getting half across",Mills,Gunasekera,0.0,0,0,1,1,0.0,0,,0
"0.6 
• 
Mills to Gunasekera, no run 
positive cricket from Ruvindu, might as well go after this. Short of a length at 134 kph 
and going across, he tries to pull and times it well. Straight to mid on, though. 
end of over 12 runs  
CAN: 2/0CRR: 2.00 • RRR: 7.28 
Ruvindu Gunasekera2 (6b) 
Hiral Patel0 (0b) 
Kyle Mills 1-0-2-0 
Southee comes on now.",0.6,0,0.0,"Mills to Gunasekera, no run  .positive cricket from Ruvindu, might as well go after this. Short of a length at 134 kph  .and going across, he tries to pull and times it well. Straight to mid on, though.",Mills,Gunasekera,0.0,0,0,1,1,0.0,0,,0
"1.1 
• 
Southee to Patel, no run 
full ball on leg stump, clipped uncertainly into the leg side, where midwicket fields",1.1,0,0.0,"Southee to Patel, no run  .full ball on leg stump, clipped uncertainly into the leg side, where midwicket fields",Southee,Patel,0.0,0,0,1,1,0.0,0,,0
"1.2 
• 
Southee to Patel, no run 
Patel covers the line as Southee keeps it short of a length and defends to the offside",1.2,0,0.0,"Southee to Patel, no run  .Patel covers the line as Southee keeps it short of a length and defends to the offside",Southee,Patel,0.0,0,0,1,1,0.0,0,,0
"1.3 
• 
Southee to Patel, no run 
fuller length, pleasing feet movement from Patel as he leans into an upright drive down 
the track",1.3,0,0.0,"Southee to Patel, no run  .fuller length, pleasing feet movement from Patel as he leans into an upright drive down  .the track",Southee,Patel,0.0,0,0,1,1,0.0,0,,0
"1.4 
• 
Southee to Patel, no run 
it's cruel to term it that, but Southee has dropped Patel. Length ball on off stump, it's 
there to be driven and Hiral goes at it hard. Southee on his follow through tries to 
tumble to his left and catch, but it's past him in a flash though he gets a hand to it",1.4,0,0.0,"Southee to Patel, no run  .it's cruel to term it that, but Southee has dropped Patel. Length ball on off stump, it's  .there to be driven and Hiral goes at it hard. Southee on his follow through tries to  .tumble to his left and catch, but it's past him in a flash though he gets a hand to it",Southee,Patel,0.0,0,0,1,1,0.0,0,,0
"1.5 
• 
Southee to Patel, no run 
that man Guptill, prowls away on the off side, as Hiral smashes on the up. Guptill dives 
away to his left and collects",1.5,0,0.0,"Southee to Patel, no run  .that man Guptill, prowls away on the off side, as Hiral smashes on the up. Guptill dives  .away to his left and collects",Southee,Patel,0.0,0,0,1,1,0.0,0,,0
"1.6 
• 
Southee to Patel, no run 
ends with one short of a length on middle and off and Patel drives solidly to mid on 
end of over 2Maiden 
CAN: 2/0CRR: 1.00 • RRR: 7.43 
Hiral Patel0 (6b) 
Ruvindu Gunasekera2 (6b) 
Tim Southee 1-1-0-0 
Kyle Mills 1-0-2-0",1.6,0,0.0,"Southee to Patel, no run  .ends with one short of a length on middle and off and Patel drives solidly to mid on",Southee,Patel,0.0,0,0,1,1,0.0,0,,0
"2.1 
W 
Mills to Gunasekera, OUT 
Ross Taylor is here, Ross Taylor is there, Ross Taylor is almost everywhere. Full delivery, 
angled across looking for the outside edge that will keep the slips interested, but not 
this kind of an edge. Ruvindu flashes at it with furious anger and gets the healthiest of 
outside edges that seems set to take it over the slips and through to third man. 
Someone forgot to tell Rossco, jumping up with his right hand stretched up. He plucked 
it at it's peak as if he were reaping mango harvest. Delicious. The timing of the jump 
was outstanding. 
Ruvindu Gunasekera c Taylor b Mills 2 (7b 0x4 0x6 9m) SR: 28.57 
Surkari now to face.",2.1,W,0.0,"Mills to Gunasekera, OUT  .Ross Taylor is here, Ross Taylor is there, Ross Taylor is almost everywhere. Full delivery,  .angled across looking for the outside edge that will keep the slips interested, but not  .this kind of an edge. Ruvindu flashes at it with furious anger and gets the healthiest of  .outside edges that seems set to take it over the slips and through to third man.  .Someone forgot to tell Rossco, jumping up with his right hand stretched up. He plucked  .it at it's peak as if he were reaping mango harvest. Delicious. The timing of the jump  .was outstanding.  .Ruvindu Gunasekera c Taylor b Mills 2 (7b 0x4 0x6 9m) SR: 28.57",Mills,Gunasekera,0.0,0,0,1,1,0.0,1,c Taylor b Mills,0
"2.2 
• 
Mills to Surkari, no run 
Back of a length on off stump, defended into the off side off the back foot.",2.2,0,0.0,"Mills to Surkari, no run  .Back of a length on off stump, defended into the off side off the back foot.",Mills,Surkari,0.0,0,0,1,1,0.0,0,,0
"2.3 
• 
Mills to Surkari, no run 
wider outside off this time, Surkari lets it go through",2.3,0,0.0,"Mills to Surkari, no run  .wider outside off this time, Surkari lets it go through",Mills,Surkari,0.0,0,0,1,1,0.0,0,,0
"2.4 
• 
Mills to Surkari, no run 
just the kind of jaffa Mills excels in producing. Lands on a length, jumps up 
disconcertingly and nips off. Surkari does well not to get a touch.",2.4,0,0.0,"Mills to Surkari, no run  .just the kind of jaffa Mills excels in producing. Lands on a length, jumps up  .disconcertingly and nips off. Surkari does well not to get a touch.",Mills,Surkari,0.0,0,0,1,1,0.0,0,,0
"2.5 
• 
Mills to Surkari, no run 
fuller and angling in from wider of the crease, Surkari shoulders arms",2.5,0,0.0,"Mills to Surkari, no run  .fuller and angling in from wider of the crease, Surkari shoulders arms",Mills,Surkari,0.0,0,0,1,1,0.0,0,,0
"2.6 
• 
Mills to Surkari, no run 
nothing poke outside off, Mills gets another one to dangle around off stump and hold its 
line, Surkari feels for it with an angled blade. 
Rajeev: ""Sachin has made more runs in WC2011 than what the Canadian openers have 
made in their ODI careers!"" Hmm. 
end of over 3Wicket maiden 
CAN: 2/1CRR: 0.66 • RRR: 7.59 
Zubin Surkari0 (5b) 
Hiral Patel0 (6b) 
Kyle Mills 2-1-2-1 
Tim Southee 1-1-0-0",2.6,0,0.0,"Mills to Surkari, no run  .nothing poke outside off, Mills gets another one to dangle around off stump and hold its  .line, Surkari feels for it with an angled blade.",Mills,Surkari,0.0,0,0,1,1,0.0,0,,0
"3.1 
• 
Southee to Patel, no run 
back of a length around off stump, Patel covers the line and defends down the track",3.1,0,0.0,"Southee to Patel, no run  .back of a length around off stump, Patel covers the line and defends down the track",Southee,Patel,0.0,0,0,1,1,0.0,0,,0
"3.2 
• 
Southee to Patel, no run 
that wasn't far from nailing him. Southee gets the inducker to swerve in menacingly and 
Patel goes for an ambitious flick around the pads. Managed to get an inside edge to the 
leg side",3.2,0,0.0,"Southee to Patel, no run  .that wasn't far from nailing him. Southee gets the inducker to swerve in menacingly and  .Patel goes for an ambitious flick around the pads. Managed to get an inside edge to the  .leg side",Southee,Patel,0.0,0,0,1,1,0.0,0,,0
"3.3 
1 
Southee to Patel, 1 run 
shortens the length on leg stump, it is nudged to the leg side for a single 
Australia bat against Kenya. More minnow-bashing coming up? 
Tim: ""If Franklin had batted as long as McCullum he would have made 400! Not even 
Sachin can do that."" Ouch.",3.3,1,1.0,"Southee to Patel, 1 run  .shortens the length on leg stump, it is nudged to the leg side for a single  .Australia bat against Kenya. More minnow-bashing coming up?",Southee,Patel,1.0,0,0,1,1,1.0,0,,1
"3.4 
• 
Southee to Surkari, no run 
fuller length on off stump, Surkari presses across and defends to the off side",3.4,0,0.0,"Southee to Surkari, no run  .fuller length on off stump, Surkari presses across and defends to the off side",Southee,Surkari,0.0,0,0,1,1,0.0,0,,0
"3.5 
• 
Southee to Surkari, no run 
that's a good bouncer, clocks in at 132 kph but is not too short, and Surkari weaves 
away wisely",3.5,0,0.0,"Southee to Surkari, no run  .that's a good bouncer, clocks in at 132 kph but is not too short, and Surkari weaves  .away wisely",Southee,Surkari,0.0,0,0,1,1,0.0,0,,0
"3.6 
1 
Southee to Surkari, 1 run 
length ball on off stump, Surkari eases into a defensive push to the off side 
Kalyan: ""@Rajeev And Kamran Akmal has more number of drops/misses this Worldcup 
than all the Associate team Wicket Keepers combined"" Ouch again. No Kamran Akmal 
jokes entertained today. 
end of over 42 runs  
CAN: 4/1CRR: 1.00 • RRR: 7.71 
Zubin Surkari1 (8b) 
Hiral Patel1 (9b) 
Tim Southee 2-1-2-0 
Kyle Mills 2-1-2-1",3.6,1,1.0,"Southee to Surkari, 1 run  .length ball on off stump, Surkari eases into a defensive push to the off side",Southee,Surkari,1.0,0,0,1,1,1.0,0,,1
"4.1 
• 
Mills to Surkari, no run 
length ball outside off, Surkari allows it through to the keeper",4.1,0,0.0,"Mills to Surkari, no run  .length ball outside off, Surkari allows it through to the keeper",Mills,Surkari,0.0,0,0,1,1,0.0,0,,0
"4.2 
• 
Mills to Surkari, no run 
draws him out with a fuller length ball, Surkari is a little late to come forward but 
defends down the track",4.2,0,0.0,"Mills to Surkari, no run  .draws him out with a fuller length ball, Surkari is a little late to come forward but  .defends down the track",Mills,Surkari,0.0,0,0,1,1,0.0,0,,0
"4.3 
W 
Mills to Surkari, OUT 
Mills has another. Catching practice this time for Rossco. Not the first time Surkari has 
gone fishing outside off stump with an angled bat after getting half across, and that too 
very late. This angler hooks no salmon, no trout, no sardines, no nothing. Instead he 
gets Taylor. Easy catch at waist height, taken without any fuss. 
Zubin Surkari c Taylor b Mills 1 (11b 0x4 0x6 10m) SR: 9.09 
Bagai walks out to a horrible crisis.",4.3,W,0.0,"Mills to Surkari, OUT  .Mills has another. Catching practice this time for Rossco. Not the first time Surkari has  .gone fishing outside off stump with an angled bat after getting half across, and that too  .very late. This angler hooks no salmon, no trout, no sardines, no nothing. Instead he  .gets Taylor. Easy catch at waist height, taken without any fuss.  .Zubin Surkari c Taylor b Mills 1 (11b 0x4 0x6 10m) SR: 9.09",Mills,Surkari,0.0,0,0,1,1,0.0,1,c Taylor b Mills,0
"4.4 
• 
Mills to Bagai, no run 
back of a length and coming in at 131 kph from outside off, Bagai hangs back and 
gingerly defends to the off side 
Uh oh. Mills has left the field mid-over. He was limping a touch after getting that wicket. 
Not sure what the problem is. Jesse Ryder will end the over. For the second time in 6 
overs, an over started by A will be ended by B.",4.4,0,0.0,"Mills to Bagai, no run  .back of a length and coming in at 131 kph from outside off, Bagai hangs back and  .gingerly defends to the off side  .Uh oh. Mills has left the field mid-over. He was limping a touch after getting that wicket.  .Not sure what the problem is. Jesse Ryder will end the over. For the second time in 6  .overs, an over started by A will be ended by B.",Mills,Bagai,0.0,0,0,1,1,0.0,0,,0
"4.5 
4 
Ryder to Bagai, FOUR runs 
horrific loosener, short, wide and sitting up like a pie. Bagai lays into it, cracking an airy 
cut over the infield for the first boundary",4.5,4,4.0,"Ryder to Bagai, FOUR runs  .horrific loosener, short, wide and sitting up like a pie. Bagai lays into it, cracking an airy  .cut over the infield for the first boundary",Ryder,Bagai,4.0,1,0,1,1,4.0,0,,1
"4.6 
4 
Ryder to Bagai, FOUR runs 
and now the second, this time Ryder sprays it on the pads and Bagai tickles it along to 
fine leg for four more. 
end of over 58 runs • 1 wicket 
CAN: 12/2CRR: 2.40 • RRR: 7.71 
Ashish Bagai8 (3b 2x4) 
Hiral Patel1 (9b) 
Jesse Ryder",4.6,4,4.0,"Ryder to Bagai, FOUR runs  .and now the second, this time Ryder sprays it on the pads and Bagai tickles it along to  .fine leg for four more.",Ryder,Bagai,4.0,1,0,1,1,4.0,0,,1
"5.1 
• 
Southee to Patel, no run 
length ball on middle and leg, driven to mid on off the front foot",5.1,0,0.0,"Southee to Patel, no run  .length ball on middle and leg, driven to mid on off the front foot",Southee,Patel,0.0,0,0,1,1,0.0,0,,0
"5.2 
• 
Southee to Patel, no run 
Patel puts the 'no' in nothing shot. Back of a length ball outside off, Patel pushes his 
front foot forward by approximately six inches and waves the bat at the general line of 
the ball. In hope. No contact made.",5.2,0,0.0,"Southee to Patel, no run  .Patel puts the 'no' in nothing shot. Back of a length ball outside off, Patel pushes his  .front foot forward by approximately six inches and waves the bat at the general line of  .the ball. In hope. No contact made.",Southee,Patel,0.0,0,0,1,1,0.0,0,,0
"5.3 
• 
Southee to Patel, no run 
better, plays with a straight bat and pushes a length ball to mid off",5.3,0,0.0,"Southee to Patel, no run  .better, plays with a straight bat and pushes a length ball to mid off",Southee,Patel,0.0,0,0,1,1,0.0,0,,0
"5.4 
• 
Southee to Patel, no run 
another lively bouncer from Southee, this time at 140 kph, and Patel arches back to stay 
out of harm's way",5.4,0,0.0,"Southee to Patel, no run  .another lively bouncer from Southee, this time at 140 kph, and Patel arches back to stay  .out of harm's way",Southee,Patel,0.0,0,0,1,1,0.0,0,,0
"5.5 
4 
Southee to Patel, FOUR runs 
swiped away. For once Southee loses the line and angles this into middle and leg, Patel 
plonks the front foot across and tonks across the line, over midwicket for four.",5.5,4,4.0,"Southee to Patel, FOUR runs  .swiped away. For once Southee loses the line and angles this into middle and leg, Patel  .plonks the front foot across and tonks across the line, over midwicket for four.",Southee,Patel,4.0,1,0,1,1,4.0,0,,1
"5.6 
• 
Southee to Patel, no run 
141 kph, Southee tries an inswinging yorker and it nearly pays off as Patel has another 
ambitious swish to the leg side. It took a bit of the bottom edge and ran away to the 
slips. 
end of over 64 runs  
CAN: 16/2CRR: 2.66 • RRR: 7.79 
Hiral Patel5 (15b 1x4) 
Ashish Bagai8 (3b 2x4) 
Tim Southee 3-1-6-0 
Jesse Ryder",5.6,0,0.0,"Southee to Patel, no run  .141 kph, Southee tries an inswinging yorker and it nearly pays off as Patel has another  .ambitious swish to the leg side. It took a bit of the bottom edge and ran away to the  .slips.",Southee,Patel,0.0,0,0,1,1,0.0,0,,0
"6.1 
4 
Oram to Bagai, FOUR runs 
poor start, gentle loosener on leg stump and he's immediately wincing in 
disappointment as Bagai flicks him cleanly through midwicket",6.1,4,4.0,"Oram to Bagai, FOUR runs  .poor start, gentle loosener on leg stump and he's immediately wincing in  .disappointment as Bagai flicks him cleanly through midwicket",Oram,Bagai,4.0,1,0,1,1,4.0,0,,1
"6.2 
• 
Oram to Bagai, no run 
top delivery to come back, Oram holds the length back, changes the line to off stump 
and gets the leg cutter to dart away past the outside edge",6.2,0,0.0,"Oram to Bagai, no run  .top delivery to come back, Oram holds the length back, changes the line to off stump  .and gets the leg cutter to dart away past the outside edge",Oram,Bagai,0.0,0,0,1,1,0.0,0,,0
"6.3 
• 
Oram to Bagai, no run 
again, a touch of away movement as Bagai reaches out to defend to point",6.3,0,0.0,"Oram to Bagai, no run  .again, a touch of away movement as Bagai reaches out to defend to point",Oram,Bagai,0.0,0,0,1,1,0.0,0,,0
"6.4 
• 
Oram to Bagai, no run 
over-pitched on leg stump, and Bagai plays a crisp on-drive dead straight to mid on 
Shahzaib: ""Why do we have 2 pretty one sided matches on Sunday? It is all about 
spoiling Sunday.""",6.4,0,0.0,"Oram to Bagai, no run  .over-pitched on leg stump, and Bagai plays a crisp on-drive dead straight to mid on",Oram,Bagai,0.0,0,0,1,1,0.0,0,,0
"6.5 
• 
Oram to Bagai, no run 
short of a length outside off, Bagai pushes outside the line of off stump and leaves",6.5,0,0.0,"Oram to Bagai, no run  .short of a length outside off, Bagai pushes outside the line of off stump and leaves",Oram,Bagai,0.0,0,0,1,1,0.0,0,,0
"6.6 
• 
Oram to Bagai, no run 
yorker on off stump at 130 kph, good finish to the over after that four. Bagai digs it out 
to mid on 
end of over 74 runs  
CAN: 20/2CRR: 2.85 • RRR: 7.88 
Ashish Bagai12 (9b 3x4) 
Hiral Patel5 (15b 1x4) 
Jacob Oram 1-0-4-0 
Tim Southee 3-1-6-0",6.6,0,0.0,"Oram to Bagai, no run  .yorker on off stump at 130 kph, good finish to the over after that four. Bagai digs it out  .to mid on",Oram,Bagai,0.0,0,0,1,1,0.0,0,,0
"7.1 
• 
Southee to Patel, no run 
short of a length and on the pads, Patel nudges to square leg and takes off for a suicidal 
single. Bagai sends him back and he dives in frantically, as How misses the under-arm 
flick",7.1,0,0.0,"Southee to Patel, no run  .short of a length and on the pads, Patel nudges to square leg and takes off for a suicidal  .single. Bagai sends him back and he dives in frantically, as How misses the under-arm  .flick",Southee,Patel,0.0,0,0,1,1,0.0,0,,0
"7.2 
• 
Southee to Patel, no run 
nice rhythm from Southee, 137 kph on off stump and it is defended back down the track",7.2,0,0.0,"Southee to Patel, no run  .nice rhythm from Southee, 137 kph on off stump and it is defended back down the track",Southee,Patel,0.0,0,0,1,1,0.0,0,,0
"7.3 
• 
Southee to Patel, no run 
hmm, ugly from Patel again. Tries to heave away a short of length ball outside off 
stump through the covers. He didn't have any chance of getting that away/",7.3,0,0.0,"Southee to Patel, no run  .hmm, ugly from Patel again. Tries to heave away a short of length ball outside off  .stump through the covers. He didn't have any chance of getting that away/",Southee,Patel,0.0,0,0,1,1,0.0,0,,0
"7.4 
4 
Southee to Patel, FOUR runs 
Patel gets four, only just. Short ball, hustles him into a completely out of position pull, 
and the top edge just goes over a leaping Brendon McCullum",7.4,4,4.0,"Southee to Patel, FOUR runs  .Patel gets four, only just. Short ball, hustles him into a completely out of position pull,  .and the top edge just goes over a leaping Brendon McCullum",Southee,Patel,4.0,1,0,1,1,4.0,0,,1
"7.5 
4 
Southee to Patel, FOUR runs 
whoa, Patel pulls off one of those booming carves over the off side. Some shot that, not 
many can play it, in essence a pull over the covers. Short of a length, not there for the 
drive or the cut, he just sets up a solid base and spanks it over the infield, the backlift 
starting at third man and the follow through ending at midwicket",7.5,4,4.0,"Southee to Patel, FOUR runs  .whoa, Patel pulls off one of those booming carves over the off side. Some shot that, not  .many can play it, in essence a pull over the covers. Short of a length, not there for the  .drive or the cut, he just sets up a solid base and spanks it over the infield, the backlift  .starting at third man and the follow through ending at midwicket",Southee,Patel,4.0,1,0,1,1,4.0,0,,1
"7.6 
4 
Southee to Patel, FOUR runs 
even better this time, Patel's feet move forward to a length ball and he just slams it on 
the up over wide mid off. Majestic. 
end of over 812 runs  
CAN: 32/2CRR: 4.00 • RRR: 7.78 
Hiral Patel17 (21b 4x4) 
Ashish Bagai12 (9b 3x4) 
Tim Southee 4-1-18-0 
Jacob Oram 1-0-4-0",7.6,4,4.0,"Southee to Patel, FOUR runs  .even better this time, Patel's feet move forward to a length ball and he just slams it on  .the up over wide mid off. Majestic.",Southee,Patel,4.0,1,0,1,1,4.0,0,,1
"8.1 
• 
Oram to Bagai, no run 
angling into Bagai, who looks to tuck a single to the leg side, but can't get it away",8.1,0,0.0,"Oram to Bagai, no run  .angling into Bagai, who looks to tuck a single to the leg side, but can't get it away",Oram,Bagai,0.0,0,0,1,1,0.0,0,,0
"8.2 
• 
Oram to Bagai, no run 
half an appeal from Oram as he hits Bagai above the pads, the batsman missing 
another flick. Too high and going down the leg side",8.2,0,0.0,"Oram to Bagai, no run  .half an appeal from Oram as he hits Bagai above the pads, the batsman missing  .another flick. Too high and going down the leg side",Oram,Bagai,0.0,0,0,1,1,0.0,0,,0
"8.3 
• 
Oram to Bagai, no run 
short of a length outside off, Bagai taps to cover point and refuses the single 
Kalyan: ""Are these batsmen made to wear some kinda magnetic shoes or what? No 
running between the wickets at all!""",8.3,0,0.0,"Oram to Bagai, no run  .short of a length outside off, Bagai taps to cover point and refuses the single",Oram,Bagai,0.0,0,0,1,1,0.0,0,,0
"8.4 
• 
Oram to Bagai, no run 
fuller length on middle and off, played back down the track cautiously",8.4,0,0.0,"Oram to Bagai, no run  .fuller length on middle and off, played back down the track cautiously",Oram,Bagai,0.0,0,0,1,1,0.0,0,,0
"8.5 
• 
Oram to Bagai, no run 
short of a length outside off and steered from the crease towards point",8.5,0,0.0,"Oram to Bagai, no run  .short of a length outside off and steered from the crease towards point",Oram,Bagai,0.0,0,0,1,1,0.0,0,,0
"8.6 
• 
Oram to Bagai, no run 
fuller length on off stump, he draws him into the drive to the off side 
end of over 9Maiden 
CAN: 32/2CRR: 3.55 • RRR: 7.97 
Ashish Bagai12 (15b 3x4) 
Hiral Patel17 (21b 4x4) 
Jacob Oram 2-1-4-0 
Tim Southee 4-1-18-0 
Franklin gets a bowl. That's been a rarity. Over the wicket.",8.6,0,0.0,"Oram to Bagai, no run  .fuller length on off stump, he draws him into the drive to the off side",Oram,Bagai,0.0,0,0,1,1,0.0,0,,0
"9.1 
1nb 
Franklin to Patel, (no ball) 
starts off with a no-ball, full and swinging away. But he's over-stepped.",9.1,1nb,1.0,"Franklin to Patel, (no ball)  .starts off with a no-ball, full and swinging away. But he's over-stepped.",Franklin,Patel,0.0,0,0,1,0,1.0,0,,1
"9.1 
6 
Franklin to Patel, SIX runs 
he's hammered the free-hit into the adjoining maidan. Almost. Franklin tries the 
bouncer, at his pace it is a bit of a joke really, Patel stays under it and whacks the pull 
shot over deep backward square leg. That bumper had neither pace nor direction going 
for it.",9.1,6,6.0,"Franklin to Patel, SIX runs  .he's hammered the free-hit into the adjoining maidan. Almost. Franklin tries the  .bouncer, at his pace it is a bit of a joke really, Patel stays under it and whacks the pull  .shot over deep backward square leg. That bumper had neither pace nor direction going  .for it.",Franklin,Patel,6.0,0,1,1,1,6.0,0,,1
"9.2 
• 
Franklin to Patel, no run 
better length, and more importantly, not a no ball. Defended.",9.2,0,0.0,"Franklin to Patel, no run  .better length, and more importantly, not a no ball. Defended.",Franklin,Patel,0.0,0,0,1,1,0.0,0,,0
"9.3 
• 
Franklin to Patel, no run 
fuller on middle and off, Patel thumps the drive back hard and Franklin cleans up on his 
follow through.",9.3,0,0.0,"Franklin to Patel, no run  .fuller on middle and off, Patel thumps the drive back hard and Franklin cleans up on his  .follow through.",Franklin,Patel,0.0,0,0,1,1,0.0,0,,0
"9.4 
1 
Franklin to Patel, 1 run 
back of a length outside off, Patel dabs a single to point",9.4,1,1.0,"Franklin to Patel, 1 run  .back of a length outside off, Patel dabs a single to point",Franklin,Patel,1.0,0,0,1,1,1.0,0,,1
"9.5 
• 
Franklin to Bagai, no run 
Bagai seeks a single, looking to drop into the off side and take off. The ball goes 
nowhere.",9.5,0,0.0,"Franklin to Bagai, no run  .Bagai seeks a single, looking to drop into the off side and take off. The ball goes  .nowhere.",Franklin,Bagai,0.0,0,0,1,1,0.0,0,,0
"9.6 
• 
Franklin to Bagai, no run 
length ball on middle stump to end the over, defended back down the track by a crease-
bound Bagai. 
Bowling Powerplay taken. 
end of over 108 runs  
CAN: 40/2CRR: 4.00 • RRR: 7.97 
Ashish Bagai12 (17b 3x4) 
Hiral Patel24 (26b 4x4 1x6) 
James Franklin 1-0-8-0 
Jacob Oram 2-1-4-0",9.6,0,0.0,"Franklin to Bagai, no run  .length ball on middle stump to end the over, defended back down the track by a crease- .bound Bagai.  .Bowling Powerplay taken.",Franklin,Bagai,0.0,0,0,1,1,0.0,0,,0
"10.1 
• 
Oram to Patel, no run 
short ball, aimed at the head and he backs out of the opportunistic pull at the last 
moment",10.1,0,0.0,"Oram to Patel, no run  .short ball, aimed at the head and he backs out of the opportunistic pull at the last  .moment",Oram,Patel,0.0,0,0,1,1,0.0,0,,0
"10.2 
1 
Oram to Patel, 1 run 
slow bouncer, Patel gets into no position as he tries to steer to the off side and gets it 
away airily backward of point 
I wonder if Patel is the most common cricket name of all. Munaf, Parthiv, Dipak, Samit, 
Jeetan, Hiral ... Any more?",10.2,1,1.0,"Oram to Patel, 1 run  .slow bouncer, Patel gets into no position as he tries to steer to the off side and gets it  .away airily backward of point  .I wonder if Patel is the most common cricket name of all. Munaf, Parthiv, Dipak, Samit,  .Jeetan, Hiral ... Any more?",Oram,Patel,1.0,0,0,1,1,1.0,0,,1
"10.3 
• 
Oram to Bagai, no run 
length ball on off stump, Bagai looks to play to the off side, but can't get it away for 
runs.",10.3,0,0.0,"Oram to Bagai, no run  .length ball on off stump, Bagai looks to play to the off side, but can't get it away for  .runs.",Oram,Bagai,0.0,0,0,1,1,0.0,0,,0
"10.4 
• 
Oram to Bagai, no run 
length ball on off stump again, closer to the batsman and Bagai plays back down the 
track",10.4,0,0.0,"Oram to Bagai, no run  .length ball on off stump again, closer to the batsman and Bagai plays back down the  .track",Oram,Bagai,0.0,0,0,1,1,0.0,0,,0
"10.5 
• 
Oram to Bagai, no run 
fuller ball on a length and defended down the track",10.5,0,0.0,"Oram to Bagai, no run  .fuller ball on a length and defended down the track",Oram,Bagai,0.0,0,0,1,1,0.0,0,,0
"10.6 
• 
Oram to Bagai, no run 
this one comes in with the angle and Bagai works it to the leg side. Can't get it past mid 
on 
Sourabh: ""A lot of talk about NZ setting themselves a challenge and trying to get 
Canada out for a small total. I think it would be a lot better if guys like Ryder, Franklin 
and Williamson get a good workout with the ball in case they are called upon in better 
games because of an injury or an off day for one of the front line bowlers. "" 
end of over 111 run  
CAN: 41/2CRR: 3.72 • RRR: 8.15 
Ashish Bagai12 (21b 3x4) 
Hiral Patel25 (28b 4x4 1x6) 
Jacob Oram 3-1-5-0 
James Franklin 1-0-8-0",10.6,0,0.0,"Oram to Bagai, no run  .this one comes in with the angle and Bagai works it to the leg side. Can't get it past mid  .on",Oram,Bagai,0.0,0,0,1,1,0.0,0,,0
"11.1 
1 
Franklin to Patel, 1 run 
back of a length on off stump and defended off the back foot into the off side",11.1,1,1.0,"Franklin to Patel, 1 run  .back of a length on off stump and defended off the back foot into the off side",Franklin,Patel,1.0,0,0,1,1,1.0,0,,1
"11.2 
1 
Franklin to Bagai, 1 run 
Bagai gets a single, works this ball to the leg side for a single 
I see a fictitious books thing is happening on chatterbox. How about this: ""The Monk 
who sought tax exemption for his Ferrari"" by you know who.",11.2,1,1.0,"Franklin to Bagai, 1 run  .Bagai gets a single, works this ball to the leg side for a single",Franklin,Bagai,1.0,0,0,1,1,1.0,0,,1
"11.3 
• 
Franklin to Patel, no run",11.3,0,0.0,"Franklin to Patel, no run",Franklin,Patel,0.0,0,0,1,1,0.0,0,,0
"11.4 
4 
Franklin to Patel, FOUR runs 
how's he doing this? This Patel has this trademark off side thump to balls that aren't full 
or fast. He's either good at golf, or he's a huge fan of Sanath Jayasuriya. Just stands 
beside the line and frees his arms through the line. Timed superbly.",11.4,4,4.0,"Franklin to Patel, FOUR runs  .how's he doing this? This Patel has this trademark off side thump to balls that aren't full  .or fast. He's either good at golf, or he's a huge fan of Sanath Jayasuriya. Just stands  .beside the line and frees his arms through the line. Timed superbly.",Franklin,Patel,4.0,1,0,1,1,4.0,0,,1
"11.5 
1 
Franklin to Patel, 1 run 
and he gets a single now, pushing in front of square for a single",11.5,1,1.0,"Franklin to Patel, 1 run  .and he gets a single now, pushing in front of square for a single",Franklin,Patel,1.0,0,0,1,1,1.0,0,,1
"11.6 
2 
Franklin to Bagai, 2 runs 
Bagai gets a couple, steering with control through point as Franklin offers rare width 
outside off 
Yeah, Khan too. 
Anees: ""What about Khan? Imran, Younis, Arshad, Zaheer, Shahid (Khan)Afridi."" 
end of over 129 runs  
CAN: 50/2CRR: 4.16 • RRR: 8.13 
Ashish Bagai15 (23b 3x4) 
Hiral Patel31 (32b 5x4 1x6) 
James Franklin 2-0-17-0 
Jacob Oram 3-1-5-0",11.6,2,2.0,"Franklin to Bagai, 2 runs  .Bagai gets a couple, steering with control through point as Franklin offers rare width  .outside off  .Yeah, Khan too.",Franklin,Bagai,2.0,0,0,1,1,2.0,0,,1
"12.1 
• 
Oram to Patel, no run 
fuller length ball outside off, Patel plays a check drive to the off side",12.1,0,0.0,"Oram to Patel, no run  .fuller length ball outside off, Patel plays a check drive to the off side",Oram,Patel,0.0,0,0,1,1,0.0,0,,0
"12.2 
• 
Oram to Patel, no run 
whoa, another one of those bouncers, Patel doesn't try to pull as much as get under it 
and whack the leather off the ball. Doesn't make contact.",12.2,0,0.0,"Oram to Patel, no run  .whoa, another one of those bouncers, Patel doesn't try to pull as much as get under it  .and whack the leather off the ball. Doesn't make contact.",Oram,Patel,0.0,0,0,1,1,0.0,0,,0
"12.3 
W 
Oram to Patel, OUT 
Has he edged it this time? NZ review an appeal for caught behind that's been turned 
down. Another short one from Oram, this one just outside off and Patel again goes for a 
vicious pull, despite not having the room. There was a sure noise as the ball passed the 
bat. No other technology to aid in this review. It's eventually been given out. 
Hiral Patel c †McCullum b Oram 31 (35b 5x4 1x6 61m) SR: 88.57 
The list is here. 
Pavan: ""Just did a search on cricinfo for Patel. Dont have a number but list scrolled 
down 12 pages. Every country I could think of had a few Patels. 
Hansra is the new man in.",12.3,W,0.0,"Oram to Patel, OUT  .Has he edged it this time? NZ review an appeal for caught behind that's been turned  .down. Another short one from Oram, this one just outside off and Patel again goes for a  .vicious pull, despite not having the room. There was a sure noise as the ball passed the  .bat. No other technology to aid in this review. It's eventually been given out.  .Hiral Patel c †McCullum b Oram 31 (35b 5x4 1x6 61m) SR: 88.57",Oram,Patel,0.0,0,0,1,1,0.0,1,c †McCullum b Oram,0
"12.4 
• 
Oram to Hansra, no run 
length ball comes into the pads, he works it to the leg side",12.4,0,0.0,"Oram to Hansra, no run  .length ball comes into the pads, he works it to the leg side",Oram,Hansra,0.0,0,0,1,1,0.0,0,,0
"12.5 
1 
Oram to Hansra, 1 run 
he leans out across and steers with an opened face into the off side for one",12.5,1,1.0,"Oram to Hansra, 1 run  .he leans out across and steers with an opened face into the off side for one",Oram,Hansra,1.0,0,0,1,1,1.0,0,,1
"12.6 
• 
Oram to Bagai, no run 
fuller length outside off and defended into the off side off the front foot 
Perera probably leads the Sri Lankan list. 
Michael Perera: ""No Sri Lankans in the Patel list! We refuse to give you easy surnames!"" 
end of over 131 run • 1 wicket 
CAN: 51/3CRR: 3.92 • RRR: 8.32 
Ashish Bagai15 (24b 3x4) 
Jimmy Hansra1 (2b) 
Jacob Oram 4-1-6-1 
James Franklin 2-0-17-0",12.6,0,0.0,"Oram to Bagai, no run  .fuller length outside off and defended into the off side off the front foot  .Perera probably leads the Sri Lankan list.",Oram,Bagai,0.0,0,0,1,1,0.0,0,,0
"13.1 
• 
Franklin to Hansra, no run 
Franklin eases one past Hansra as he he look to leave outside off",13.1,0,0.0,"Franklin to Hansra, no run  .Franklin eases one past Hansra as he he look to leave outside off",Franklin,Hansra,0.0,0,0,1,1,0.0,0,,0
"13.2 
• 
Franklin to Hansra, no run 
he leans across to the line of off stump and steers through covers, but not for runs",13.2,0,0.0,"Franklin to Hansra, no run  .he leans across to the line of off stump and steers through covers, but not for runs",Franklin,Hansra,0.0,0,0,1,1,0.0,0,,0
"13.3 
• 
Franklin to Hansra, no run 
short of a length on off stump, Hansra jumps up to cover the bounce and defends to the 
off side 
Whopping! 
Simon: ""Patel doesn't come close. Cricinfo has 281 Patel's against 477 Smiths and a 
whopping 676 Khan's.""",13.3,0,0.0,"Franklin to Hansra, no run  .short of a length on off stump, Hansra jumps up to cover the bounce and defends to the  .off side  .Whopping!",Franklin,Hansra,0.0,0,0,1,1,0.0,0,,0
"13.4 
1 
Franklin to Hansra, 1 run 
fuller length outside off, Hansra is off to a quiet but compact start as he defends again 
into the covers, and gets a single this time",13.4,1,1.0,"Franklin to Hansra, 1 run  .fuller length outside off, Hansra is off to a quiet but compact start as he defends again  .into the covers, and gets a single this time",Franklin,Hansra,1.0,0,0,1,1,1.0,0,,1
"13.5 
• 
Franklin to Bagai, no run 
slowish offcutter that comes very late and Bagai can't time the forced dab",13.5,0,0.0,"Franklin to Bagai, no run  .slowish offcutter that comes very late and Bagai can't time the forced dab",Franklin,Bagai,0.0,0,0,1,1,0.0,0,,0
"13.6 
4 
Franklin to Bagai, FOUR runs 
that's one of the most productive scoring areas today. Bagai looks to pull and fast short 
ball and top-edges over the keeper's head. 
end of over 145 runs  
CAN: 56/3CRR: 4.00 • RRR: 8.41 
Ashish Bagai19 (26b 4x4) 
Jimmy Hansra2 (6b) 
James Franklin 3-0-22-0 
Jacob Oram 4-1-6-1",13.6,4,4.0,"Franklin to Bagai, FOUR runs  .that's one of the most productive scoring areas today. Bagai looks to pull and fast short  .ball and top-edges over the keeper's head.",Franklin,Bagai,4.0,1,0,1,1,4.0,0,,1
"14.1 
1 
Oram to Hansra, 1 run 
length ball outside off, he eases into the steered drive to third man.",14.1,1,1.0,"Oram to Hansra, 1 run  .length ball outside off, he eases into the steered drive to third man.",Oram,Hansra,1.0,0,0,1,1,1.0,0,,1
"14.2 
• 
Oram to Bagai, no run 
short of a length ball outside off, cracks the cut straight to cover",14.2,0,0.0,"Oram to Bagai, no run  .short of a length ball outside off, cracks the cut straight to cover",Oram,Bagai,0.0,0,0,1,1,0.0,0,,0
"14.3 
• 
Oram to Bagai, no run",14.3,0,0.0,"Oram to Bagai, no run",Oram,Bagai,0.0,0,0,1,1,0.0,0,,0
"14.4 
1 
Oram to Bagai, 1 run 
whoa, that's a robust outside edge as Bagai goes for the cut to a ball well outside off 
and gets it down to third man",14.4,1,1.0,"Oram to Bagai, 1 run  .whoa, that's a robust outside edge as Bagai goes for the cut to a ball well outside off  .and gets it down to third man",Oram,Bagai,1.0,0,0,1,1,1.0,0,,1
"14.5 
2 
Oram to Hansra, 2 runs 
Hansra explores the aerial route, whiplashing a ball on the pads high over vacant 
midwicket for a couple",14.5,2,2.0,"Oram to Hansra, 2 runs  .Hansra explores the aerial route, whiplashing a ball on the pads high over vacant  .midwicket for a couple",Oram,Hansra,2.0,0,0,1,1,2.0,0,,1
"14.6 
1 
Oram to Hansra, 1 run 
another outside egde, this time for Hansra as he looks to carve over the off side, and 
gets it away between widish gully and slip 
Better luck with George Binoy who predicts a Kenyan upset in Bangalore. Not. 
Sohail: ""@Nitin: I think I should switch on to the other game Aus VS Ken, as you are not 
posting any of my comments :)"" 
Armaan: ""Their are 603 Singhs"" 
end of over 155 runs  
CAN: 61/3CRR: 4.06 • RRR: 8.51 
Jimmy Hansra6 (9b) 
Ashish Bagai20 (29b 4x4) 
Jacob Oram 5-1-11-1 
James Franklin 3-0-22-0 
Franklin to bowl now after drinks.",14.6,1,1.0,"Oram to Hansra, 1 run  .another outside egde, this time for Hansra as he looks to carve over the off side, and  .gets it away between widish gully and slip  .Better luck with George Binoy who predicts a Kenyan upset in Bangalore. Not.",Oram,Hansra,1.0,0,0,1,1,1.0,0,,1
"15.1 
• 
Franklin to Hansra, no run 
full length ball angling across Hansra who plays off the front foot into the covers",15.1,0,0.0,"Franklin to Hansra, no run  .full length ball angling across Hansra who plays off the front foot into the covers",Franklin,Hansra,0.0,0,0,1,1,0.0,0,,0
"15.2 
2 
Franklin to Hansra, 2 runs 
shortens the length outside off, he covers the line and defends into the off side. 
Watson is gone. My miserable day with Fantasy cricket continues.",15.2,2,2.0,"Franklin to Hansra, 2 runs  .shortens the length outside off, he covers the line and defends into the off side.  .Watson is gone. My miserable day with Fantasy cricket continues.",Franklin,Hansra,2.0,0,0,1,1,2.0,0,,1
"15.3 
1 
Franklin to Hansra, 1 run 
shortish ball, angles into the pads and is whipped through midwicket for a single",15.3,1,1.0,"Franklin to Hansra, 1 run  .shortish ball, angles into the pads and is whipped through midwicket for a single",Franklin,Hansra,1.0,0,0,1,1,1.0,0,,1
"15.4 
4 
Franklin to Bagai, FOUR runs 
Franklin comes round the wicket and bowls the most harmless fulltoss you will see on 
off stump, and it is duly whacked through the covers for four",15.4,4,4.0,"Franklin to Bagai, FOUR runs  .Franklin comes round the wicket and bowls the most harmless fulltoss you will see on  .off stump, and it is duly whacked through the covers for four",Franklin,Bagai,4.0,1,0,1,1,4.0,0,,1
"15.5 
1 
Franklin to Bagai, 1 run 
shorter this time, and some away nip, Bagai guides to third man for a single",15.5,1,1.0,"Franklin to Bagai, 1 run  .shorter this time, and some away nip, Bagai guides to third man for a single",Franklin,Bagai,1.0,0,0,1,1,1.0,0,,1
"15.6 
1 
Franklin to Hansra, 1 run 
fullish ball outside off, steered to third man for one more. 
Right, over to Sriram Veera for the commentary. 
end of over 169 runs  
CAN: 70/3CRR: 4.37 • RRR: 8.50 
Jimmy Hansra10 (13b) 
Ashish Bagai25 (31b 5x4) 
James Franklin 4-0-31-0 
Jacob Oram 5-1-11-1",15.6,1,1.0,"Franklin to Hansra, 1 run  .fullish ball outside off, steered to third man for one more.  .Right, over to Sriram Veera for the commentary.",Franklin,Hansra,1.0,0,0,1,1,1.0,0,,1
"16.1 
• 
McCullum to Hansra, no run 
on the off stump line, nudged back down the track",16.1,0,0.0,"McCullum to Hansra, no run  .on the off stump line, nudged back down the track",McCullum,Hansra,0.0,0,0,1,1,0.0,0,,0
"16.2 
1 
McCullum to Hansra, 1 run 
juicy full toss but no free gifts for me says the batsman who quietly taps it to cover",16.2,1,1.0,"McCullum to Hansra, 1 run  .juicy full toss but no free gifts for me says the batsman who quietly taps it to cover",McCullum,Hansra,1.0,0,0,1,1,1.0,0,,1
"16.3 
1 
McCullum to Bagai, 1 run 
gets forward to ease this down to long-on",16.3,1,1.0,"McCullum to Bagai, 1 run  .gets forward to ease this down to long-on",McCullum,Bagai,1.0,0,0,1,1,1.0,0,,1
"16.4 
1 
McCullum to Hansra, 1 run 
turns in to the middle and off line, pushed to mid-on",16.4,1,1.0,"McCullum to Hansra, 1 run  .turns in to the middle and off line, pushed to mid-on",McCullum,Hansra,1.0,0,0,1,1,1.0,0,,1
"16.5 
4 
McCullum to Bagai, FOUR runs 
Classy hit. It was a flighted delivery around off, he gave himself some room and lofted it 
inside-out over covers",16.5,4,4.0,"McCullum to Bagai, FOUR runs  .Classy hit. It was a flighted delivery around off, he gave himself some room and lofted it  .inside-out over covers",McCullum,Bagai,4.0,1,0,1,1,4.0,0,,1
"16.6 
1 
McCullum to Bagai, 1 run 
full, really full, jabbed behind square-leg for a single 
end of over 178 runs  
CAN: 78/3CRR: 4.58 • RRR: 8.51 
Ashish Bagai31 (34b 6x4) 
Jimmy Hansra12 (16b) 
Nathan McCullum 1-0-8-0 
James Franklin 4-0-31-0",16.6,1,1.0,"McCullum to Bagai, 1 run  .full, really full, jabbed behind square-leg for a single",McCullum,Bagai,1.0,0,0,1,1,1.0,0,,1
"17.1 
• 
Styris to Bagai, no run 
off cutter, as ever, from Styris, punched out to cover",17.1,0,0.0,"Styris to Bagai, no run  .off cutter, as ever, from Styris, punched out to cover",Styris,Bagai,0.0,0,0,1,1,0.0,0,,0
"17.2 
1 
Styris to Bagai, 1 run 
on the pads, tucked away through backward square-leg",17.2,1,1.0,"Styris to Bagai, 1 run  .on the pads, tucked away through backward square-leg",Styris,Bagai,1.0,0,0,1,1,1.0,0,,1
"17.3 
1w 
Styris to Hansra, 1 wide 
cuts down the leg side, past the waft and McCullum moves very quickly to whip off the 
bails in a flash. The umpire refers it to third umpire but the back foot was inside",17.3,1w,1.0,"Styris to Hansra, 1 wide  .cuts down the leg side, past the waft and McCullum moves very quickly to whip off the  .bails in a flash. The umpire refers it to third umpire but the back foot was inside",Styris,Hansra,0.0,0,0,0,0,1.0,0,,1
"17.3 
• 
Styris to Hansra, no run 
on the middle stump line, pushed out to straightish short midwicket",17.3,0,0.0,"Styris to Hansra, no run  .on the middle stump line, pushed out to straightish short midwicket",Styris,Hansra,0.0,0,0,1,1,0.0,0,,0
"17.4 
• 
Styris to Hansra, no run 
lunges across to jab it of the bat and the pad to the off",17.4,0,0.0,"Styris to Hansra, no run  .lunges across to jab it of the bat and the pad to the off",Styris,Hansra,0.0,0,0,1,1,0.0,0,,0
"17.5 
• 
Styris to Hansra, no run 
on the off and middle line, another off cutter, pushed back to Styris",17.5,0,0.0,"Styris to Hansra, no run  .on the off and middle line, another off cutter, pushed back to Styris",Styris,Hansra,0.0,0,0,1,1,0.0,0,,0
"17.6 
• 
Styris to Hansra, no run 
full on the middle stump line, nudged to the leg side 
end of over 182 runs  
CAN: 80/3CRR: 4.44 • RRR: 8.71 
Jimmy Hansra12 (20b) 
Ashish Bagai32 (36b 6x4) 
Scott Styris 1-0-2-0 
Nathan McCullum 1-0-8-0",17.6,0,0.0,"Styris to Hansra, no run  .full on the middle stump line, nudged to the leg side",Styris,Hansra,0.0,0,0,1,1,0.0,0,,0
"18.1 
1 
McCullum to Bagai, 1 run 
leans forward to drive to long-off",18.1,1,1.0,"McCullum to Bagai, 1 run  .leans forward to drive to long-off",McCullum,Bagai,1.0,0,0,1,1,1.0,0,,1
"18.2 
• 
McCullum to Hansra, no run 
presses back to defend this to the on side",18.2,0,0.0,"McCullum to Hansra, no run  .presses back to defend this to the on side",McCullum,Hansra,0.0,0,0,1,1,0.0,0,,0
"18.3 
• 
McCullum to Hansra, no run 
stretches forward to drive it back to the bowler",18.3,0,0.0,"McCullum to Hansra, no run  .stretches forward to drive it back to the bowler",McCullum,Hansra,0.0,0,0,1,1,0.0,0,,0
"18.4 
1 
McCullum to Hansra, 1 run 
slower, just outside off, driven down to long-off",18.4,1,1.0,"McCullum to Hansra, 1 run  .slower, just outside off, driven down to long-off",McCullum,Hansra,1.0,0,0,1,1,1.0,0,,1
"18.5 
• 
McCullum to Bagai, no run 
Almost carried to short midwicket. Bagai whipped it just short of Taylor",18.5,0,0.0,"McCullum to Bagai, no run  .Almost carried to short midwicket. Bagai whipped it just short of Taylor",McCullum,Bagai,0.0,0,0,1,1,0.0,0,,0
"18.6 
• 
McCullum to Bagai, no run 
gets forward to push it back down the track 
end of over 192 runs  
CAN: 82/3CRR: 4.31 • RRR: 8.93 
Ashish Bagai33 (39b 6x4) 
Jimmy Hansra13 (23b) 
Nathan McCullum 2-0-10-0 
Scott Styris 1-0-2-0",18.6,0,0.0,"McCullum to Bagai, no run  .gets forward to push it back down the track",McCullum,Bagai,0.0,0,0,1,1,0.0,0,,0
"19.1 
• 
Styris to Hansra, no run 
off cutter on the off and middle line. pushed to the on side",19.1,0,0.0,"Styris to Hansra, no run  .off cutter on the off and middle line. pushed to the on side",Styris,Hansra,0.0,0,0,1,1,0.0,0,,0
"19.2 
• 
Styris to Hansra, no run 
this time he pushes it past the non striker but short midwicket intervenes",19.2,0,0.0,"Styris to Hansra, no run  .this time he pushes it past the non striker but short midwicket intervenes",Styris,Hansra,0.0,0,0,1,1,0.0,0,,0
"19.3 
1 
Styris to Hansra, 1 run 
on the pads, clipped behind square-leg",19.3,1,1.0,"Styris to Hansra, 1 run  .on the pads, clipped behind square-leg",Styris,Hansra,1.0,0,0,1,1,1.0,0,,1
"19.4 
1 
Styris to Bagai, 1 run 
cuts in towards the pads again, and yet another single behind square leg",19.4,1,1.0,"Styris to Bagai, 1 run  .cuts in towards the pads again, and yet another single behind square leg",Styris,Bagai,1.0,0,0,1,1,1.0,0,,1
"19.5 
1 
Styris to Hansra, 1 run 
works this past the diving backward square-leg fielder",19.5,1,1.0,"Styris to Hansra, 1 run  .works this past the diving backward square-leg fielder",Styris,Hansra,1.0,0,0,1,1,1.0,0,,1
"19.6 
• 
Styris to Bagai, no run 
fuller, around off stump line, leans forward to defend 
end of over 203 runs  
CAN: 85/3CRR: 4.25 • RRR: 9.13 
Ashish Bagai34 (41b 6x4) 
Jimmy Hansra15 (27b) 
Scott Styris 2-0-5-0 
Nathan McCullum 2-0-10-0",19.6,0,0.0,"Styris to Bagai, no run  .fuller, around off stump line, leans forward to defend",Styris,Bagai,0.0,0,0,1,1,0.0,0,,0
"20.1 
1 
McCullum to Hansra, 1 run 
gets back to wrist this to backward square-leg",20.1,1,1.0,"McCullum to Hansra, 1 run  .gets back to wrist this to backward square-leg",McCullum,Hansra,1.0,0,0,1,1,1.0,0,,1
"20.2 
• 
McCullum to Bagai, no run 
presses back to push it back to the bowler",20.2,0,0.0,"McCullum to Bagai, no run  .presses back to push it back to the bowler",McCullum,Bagai,0.0,0,0,1,1,0.0,0,,0
"20.3 
1 
McCullum to Bagai, 1 run 
gets this down to long-on for a single. 
The game meandering along here",20.3,1,1.0,"McCullum to Bagai, 1 run  .gets this down to long-on for a single.  .The game meandering along here",McCullum,Bagai,1.0,0,0,1,1,1.0,0,,1
"20.4 
• 
McCullum to Hansra, no run 
leans well forward to push it back to the bowler",20.4,0,0.0,"McCullum to Hansra, no run  .leans well forward to push it back to the bowler",McCullum,Hansra,0.0,0,0,1,1,0.0,0,,0
"20.5 
1 
McCullum to Hansra, 1 run 
takes a couple of steps down the track and on drives to long-on",20.5,1,1.0,"McCullum to Hansra, 1 run  .takes a couple of steps down the track and on drives to long-on",McCullum,Hansra,1.0,0,0,1,1,1.0,0,,1
"20.6 
• 
McCullum to Bagai, no run 
jabs this uppishly but short of the bowler. He was trying to push it to cover 
end of over 213 runs  
CAN: 88/3CRR: 4.19 • RRR: 9.34 
Ashish Bagai35 (44b 6x4) 
Jimmy Hansra17 (30b) 
Nathan McCullum 3-0-13-0 
Scott Styris 2-0-5-0",20.6,0,0.0,"McCullum to Bagai, no run  .jabs this uppishly but short of the bowler. He was trying to push it to cover",McCullum,Bagai,0.0,0,0,1,1,0.0,0,,0
"21.1 
1 
Styris to Hansra, 1 run 
gets forward to force this down to long-on",21.1,1,1.0,"Styris to Hansra, 1 run  .gets forward to force this down to long-on",Styris,Hansra,1.0,0,0,1,1,1.0,0,,1
"21.2 
1 
Styris to Bagai, 1 run 
taps this vacant spaces at cover point for another jogged single",21.2,1,1.0,"Styris to Bagai, 1 run  .taps this vacant spaces at cover point for another jogged single",Styris,Bagai,1.0,0,0,1,1,1.0,0,,1
"21.3 
• 
Styris to Hansra, no run 
on the off stump line, pushed back to the bowler",21.3,0,0.0,"Styris to Hansra, no run  .on the off stump line, pushed back to the bowler",Styris,Hansra,0.0,0,0,1,1,0.0,0,,0
"21.4 
• 
Styris to Hansra, no run",21.4,0,0.0,"Styris to Hansra, no run",Styris,Hansra,0.0,0,0,1,1,0.0,0,,0
"21.5 
2 
Styris to Hansra, 2 runs 
slower, drifting down the legs, full and he flicks it down to fine-leg region where Oram 
makes a tumbling stop",21.5,2,2.0,"Styris to Hansra, 2 runs  .slower, drifting down the legs, full and he flicks it down to fine-leg region where Oram  .makes a tumbling stop",Styris,Hansra,2.0,0,0,1,1,2.0,0,,1
"21.6 
• 
Styris to Hansra, no run 
gets forward to push this one away 
Jason: ""Is 8 different bowlers in the first 18 overs for New Zealand a record? 
end of over 224 runs  
CAN: 92/3CRR: 4.18 • RRR: 9.53 
Jimmy Hansra20 (35b) 
Ashish Bagai36 (45b 6x4) 
Scott Styris 3-0-9-0 
Nathan McCullum 3-0-13-0",21.6,0,0.0,"Styris to Hansra, no run  .gets forward to push this one away",Styris,Hansra,0.0,0,0,1,1,0.0,0,,0
"22.1 
2 
McCullum to Bagai, 2 runs 
on the pads again, glanced down to fine-leg region",22.1,2,2.0,"McCullum to Bagai, 2 runs  .on the pads again, glanced down to fine-leg region",McCullum,Bagai,2.0,0,0,1,1,2.0,0,,1
"22.2 
1 
McCullum to Bagai, 1 run 
leans well forward to ease it to long-on",22.2,1,1.0,"McCullum to Bagai, 1 run  .leans well forward to ease it to long-on",McCullum,Bagai,1.0,0,0,1,1,1.0,0,,1
"22.3 
• 
McCullum to Hansra, no run 
flighted around off, pushed out to the off side",22.3,0,0.0,"McCullum to Hansra, no run  .flighted around off, pushed out to the off side",McCullum,Hansra,0.0,0,0,1,1,0.0,0,,0
"22.4 
• 
McCullum to Hansra, no run 
spins in from outside off, Hansra drove outside the line and edges it to the on side",22.4,0,0.0,"McCullum to Hansra, no run  .spins in from outside off, Hansra drove outside the line and edges it to the on side",McCullum,Hansra,0.0,0,0,1,1,0.0,0,,0
"22.5 
• 
McCullum to Hansra, no run 
stretches well forward to dab this back to the bowler",22.5,0,0.0,"McCullum to Hansra, no run  .stretches well forward to dab this back to the bowler",McCullum,Hansra,0.0,0,0,1,1,0.0,0,,0
"22.6 
1 
McCullum to Hansra, 1 run 
on the off stump line, worked past square-leg for a single 
end of over 234 runs  
CAN: 96/3CRR: 4.17 • RRR: 9.74 
Jimmy Hansra21 (39b) 
Ashish Bagai39 (47b 6x4) 
Nathan McCullum 4-0-17-0 
Scott Styris 3-0-9-0",22.6,1,1.0,"McCullum to Hansra, 1 run  .on the off stump line, worked past square-leg for a single",McCullum,Hansra,1.0,0,0,1,1,1.0,0,,1
"23.1 
• 
Southee to Hansra, no run 
in the zone outside off stump, Hansra tries to cut but doesn't connect",23.1,0,0.0,"Southee to Hansra, no run  .in the zone outside off stump, Hansra tries to cut but doesn't connect",Southee,Hansra,0.0,0,0,1,1,0.0,0,,0
"23.2 
• 
Southee to Hansra, no run 
And again. Hmm ... 
Pete: ""@Jason, there have ""only"" been 7 bowlers used, but I expect Williamson to bowl a 
few (and who knows if Guptill and/or Taylor will turn their arms over).",23.2,0,0.0,"Southee to Hansra, no run  .And again. Hmm ...",Southee,Hansra,0.0,0,0,1,1,0.0,0,,0
"23.3 
1 
Southee to Hansra, 1 run 
fullish delivery, tilting in late, jabbed away to midwicket",23.3,1,1.0,"Southee to Hansra, 1 run  .fullish delivery, tilting in late, jabbed away to midwicket",Southee,Hansra,1.0,0,0,1,1,1.0,0,,1
"23.4 
• 
Southee to Bagai, no run 
short in length around off, Bagai stays on the leg stump line and cuts hard but can't beat 
point",23.4,0,0.0,"Southee to Bagai, no run  .short in length around off, Bagai stays on the leg stump line and cuts hard but can't beat  .point",Southee,Bagai,0.0,0,0,1,1,0.0,0,,0
"23.5 
• 
Southee to Bagai, no run 
homing in on the middle, defended to the on side",23.5,0,0.0,"Southee to Bagai, no run  .homing in on the middle, defended to the on side",Southee,Bagai,0.0,0,0,1,1,0.0,0,,0
"23.6 
• 
Southee to Bagai, no run 
straightens on the off stump line, pushed out to cover 
end of over 241 run  
CAN: 97/3CRR: 4.04 • RRR: 10.07 
Ashish Bagai39 (50b 6x4) 
Jimmy Hansra22 (42b) 
Tim Southee 5-1-19-0 
Nathan McCullum 4-0-17-0 
Johsua: ""Hansra!! A S/R of 50 chasing 350+ does more damage than losing another 
wicket. Hit out or get out mate!""",23.6,0,0.0,"Southee to Bagai, no run  .straightens on the off stump line, pushed out to cover",Southee,Bagai,0.0,0,0,1,1,0.0,0,,0
"24.1 
• 
McCullum to Hansra, no run 
leans forward to defend to the off",24.1,0,0.0,"McCullum to Hansra, no run  .leans forward to defend to the off",McCullum,Hansra,0.0,0,0,1,1,0.0,0,,0
"24.2 
• 
McCullum to Hansra, no run 
turns in the middle, dabbed to the leg side",24.2,0,0.0,"McCullum to Hansra, no run  .turns in the middle, dabbed to the leg side",McCullum,Hansra,0.0,0,0,1,1,0.0,0,,0
"24.3 
1 
McCullum to Hansra, 1 run 
tossed up on a length outside off, driven to long-off",24.3,1,1.0,"McCullum to Hansra, 1 run  .tossed up on a length outside off, driven to long-off",McCullum,Hansra,1.0,0,0,1,1,1.0,0,,1
"24.4 
2 
McCullum to Bagai, 2 runs 
rushes down the track and lofts to long-off where Oram moves to his right to make a 
fine diving stop",24.4,2,2.0,"McCullum to Bagai, 2 runs  .rushes down the track and lofts to long-off where Oram moves to his right to make a  .fine diving stop",McCullum,Bagai,2.0,0,0,1,1,2.0,0,,1
"24.5 
4 
McCullum to Bagai, FOUR runs 
moves outside leg and goes for a big off drive but edges it through the vacant slip 
region",24.5,4,4.0,"McCullum to Bagai, FOUR runs  .moves outside leg and goes for a big off drive but edges it through the vacant slip  .region",McCullum,Bagai,4.0,1,0,1,1,4.0,0,,1
"24.6 
2 
McCullum to Bagai, 2 runs 
gets outside leg again and this time cuts to deep backward point 
end of over 259 runs  
CAN: 106/3CRR: 4.24 • RRR: 10.12 
Ashish Bagai47 (53b 7x4) 
Jimmy Hansra23 (45b) 
Nathan McCullum 5-0-26-0 
Tim Southee 5-1-19-0",24.6,2,2.0,"McCullum to Bagai, 2 runs  .gets outside leg again and this time cuts to deep backward point",McCullum,Bagai,2.0,0,0,1,1,2.0,0,,1
"25.1 
• 
Southee to Hansra, no run 
cuts in to the middle and off line, defended to the off side",25.1,0,0.0,"Southee to Hansra, no run  .cuts in to the middle and off line, defended to the off side",Southee,Hansra,0.0,0,0,1,1,0.0,0,,0
"25.2 
• 
Southee to Hansra, no run 
a sharp bouncer and it flies over left shoulder",25.2,0,0.0,"Southee to Hansra, no run  .a sharp bouncer and it flies over left shoulder",Southee,Hansra,0.0,0,0,1,1,0.0,0,,0
"25.3 
• 
Southee to Hansra, no run 
leans forward to push a length delivery to the bowler who fires it back at the striker's 
end",25.3,0,0.0,"Southee to Hansra, no run  .leans forward to push a length delivery to the bowler who fires it back at the striker's  .end",Southee,Hansra,0.0,0,0,1,1,0.0,0,,0
"25.4 
• 
Southee to Hansra, no run 
from round the stumps now, full and on the middle, driven to mid-off",25.4,0,0.0,"Southee to Hansra, no run  .from round the stumps now, full and on the middle, driven to mid-off",Southee,Hansra,0.0,0,0,1,1,0.0,0,,0
"25.5 
4 
Southee to Hansra, FOUR runs 
Whoa! Hansra has woken up. Good shot too. He moved forward and smashed a length 
delivery from the off stump right over the bowler",25.5,4,4.0,"Southee to Hansra, FOUR runs  .Whoa! Hansra has woken up. Good shot too. He moved forward and smashed a length  .delivery from the off stump right over the bowler",Southee,Hansra,4.0,1,0,1,1,4.0,0,,1
"25.6 
1 
Southee to Hansra, 1 run 
back over the stumps now. full in length on the middle, pushed to mid-on for a quick 
single 
end of over 265 runs  
CAN: 111/3CRR: 4.26 • RRR: 10.33 
Jimmy Hansra28 (51b 1x4) 
Ashish Bagai47 (53b 7x4) 
Tim Southee 6-1-24-0 
Nathan McCullum 5-0-26-0",25.6,1,1.0,"Southee to Hansra, 1 run  .back over the stumps now. full in length on the middle, pushed to mid-on for a quick  .single",Southee,Hansra,1.0,0,0,1,1,1.0,0,,1
"26.1 
• 
Williamson to Hansra, no run 
from round the stumps, floated just outside off, edged to square-leg",26.1,0,0.0,"Williamson to Hansra, no run  .from round the stumps, floated just outside off, edged to square-leg",Williamson,Hansra,0.0,0,0,1,1,0.0,0,,0
"26.2 
1 
Williamson to Hansra, 1 run 
leans forward to push-drive to the on side",26.2,1,1.0,"Williamson to Hansra, 1 run  .leans forward to push-drive to the on side",Williamson,Hansra,1.0,0,0,1,1,1.0,0,,1
"26.3 
1 
Williamson to Bagai, 1 run 
leans forward to tuck this behind square-leg",26.3,1,1.0,"Williamson to Bagai, 1 run  .leans forward to tuck this behind square-leg",Williamson,Bagai,1.0,0,0,1,1,1.0,0,,1
"26.4 
1 
Williamson to Hansra, 1 run 
moves down the track and pings long-off",26.4,1,1.0,"Williamson to Hansra, 1 run  .moves down the track and pings long-off",Williamson,Hansra,1.0,0,0,1,1,1.0,0,,1
"26.5 
4 
Williamson to Bagai, FOUR runs 
tossed full outside off and Bagai crashes it to the cover boundary. 50 for Bagai. Good 
brisk innings. A fab keeper and now showing his batting prowess",26.5,4,4.0,"Williamson to Bagai, FOUR runs  .tossed full outside off and Bagai crashes it to the cover boundary. 50 for Bagai. Good  .brisk innings. A fab keeper and now showing his batting prowess",Williamson,Bagai,4.0,1,0,1,1,4.0,0,,1
"26.6 
1 
Williamson to Bagai, 1 run 
pushes this through covers for a single 
end of over 278 runs  
CAN: 119/3CRR: 4.40 • RRR: 10.43 
Ashish Bagai53 (56b 8x4) 
Jimmy Hansra30 (54b 1x4) 
Kane Williamson 1-0-8-0 
Tim Southee 6-1-24-0",26.6,1,1.0,"Williamson to Bagai, 1 run  .pushes this through covers for a single",Williamson,Bagai,1.0,0,0,1,1,1.0,0,,1
"27.1 
1 
Styris to Bagai, 1 run 
overpitched delivery on the legs, flicked away for a single",27.1,1,1.0,"Styris to Bagai, 1 run  .overpitched delivery on the legs, flicked away for a single",Styris,Bagai,1.0,0,0,1,1,1.0,0,,1
"27.2 
1 
Styris to Hansra, 1 run 
full delivery around off, on driven to long-on",27.2,1,1.0,"Styris to Hansra, 1 run  .full delivery around off, on driven to long-on",Styris,Hansra,1.0,0,0,1,1,1.0,0,,1
"27.3 
• 
Styris to Bagai, no run 
on the middle and leg, tucked to short midwicket",27.3,0,0.0,"Styris to Bagai, no run  .on the middle and leg, tucked to short midwicket",Styris,Bagai,0.0,0,0,1,1,0.0,0,,0
"27.4 
• 
Styris to Bagai, no run 
on the middle and off, steered to backward point",27.4,0,0.0,"Styris to Bagai, no run  .on the middle and off, steered to backward point",Styris,Bagai,0.0,0,0,1,1,0.0,0,,0
"27.5 
1 
Styris to Bagai, 1 run 
just outside the off stump, cut away to deep point",27.5,1,1.0,"Styris to Bagai, 1 run  .just outside the off stump, cut away to deep point",Styris,Bagai,1.0,0,0,1,1,1.0,0,,1
"27.6 
• 
Styris to Hansra, no run 
leans forward to defend to the on side 
end of over 283 runs  
CAN: 122/3CRR: 4.35 • RRR: 10.77 
Jimmy Hansra31 (56b 1x4) 
Ashish Bagai55 (60b 8x4) 
Scott Styris 4-0-12-0 
Kane Williamson 1-0-8-0 
will be a big achievement."" 
Yoga: ""@joshua. I thik canada know they cant win this. Their plan must be to bat out 
their full quota off overs wich they haven't done so far in the tournament. This itself",27.6,0,0.0,"Styris to Hansra, no run  .leans forward to defend to the on side",Styris,Hansra,0.0,0,0,1,1,0.0,0,,0
"28.1 
• 
Williamson to Bagai, no run 
gets outside leg and dabs to backward point",28.1,0,0.0,"Williamson to Bagai, no run  .gets outside leg and dabs to backward point",Williamson,Bagai,0.0,0,0,1,1,0.0,0,,0
"28.2 
1 
Williamson to Bagai, 1 run 
backs away again and this time cuts hard to deep point",28.2,1,1.0,"Williamson to Bagai, 1 run  .backs away again and this time cuts hard to deep point",Williamson,Bagai,1.0,0,0,1,1,1.0,0,,1
"28.3 
• 
Williamson to Hansra, no run",28.3,0,0.0,"Williamson to Hansra, no run",Williamson,Hansra,0.0,0,0,1,1,0.0,0,,0
"28.4 
2 
Williamson to Hansra, 2 runs 
The paddle scoop! He reached across outside off and scooped it over leg slip region",28.4,2,2.0,"Williamson to Hansra, 2 runs  .The paddle scoop! He reached across outside off and scooped it over leg slip region",Williamson,Hansra,2.0,0,0,1,1,2.0,0,,1
"28.5 
• 
Williamson to Hansra, no run 
gets forward to nudge this to midwicket",28.5,0,0.0,"Williamson to Hansra, no run  .gets forward to nudge this to midwicket",Williamson,Hansra,0.0,0,0,1,1,0.0,0,,0
"28.6 
• 
Williamson to Hansra, no run 
moves outside leg and pushes this quietly to the off 
end of over 293 runs  
CAN: 125/3CRR: 4.31 • RRR: 11.14 
Jimmy Hansra33 (60b 1x4) 
Ashish Bagai56 (62b 8x4) 
Kane Williamson 2-0-11-0 
Scott Styris 4-0-12-0",28.6,0,0.0,"Williamson to Hansra, no run  .moves outside leg and pushes this quietly to the off",Williamson,Hansra,0.0,0,0,1,1,0.0,0,,0
"29.1 
2 
Styris to Bagai, 2 runs 
just outside off, carved through covers for two runs",29.1,2,2.0,"Styris to Bagai, 2 runs  .just outside off, carved through covers for two runs",Styris,Bagai,2.0,0,0,1,1,2.0,0,,1
"29.2 
4 
Styris to Bagai, FOUR runs 
Big hit. He cleared the front foot and heaved this full delivery to wide midwicket 
boundary",29.2,4,4.0,"Styris to Bagai, FOUR runs  .Big hit. He cleared the front foot and heaved this full delivery to wide midwicket  .boundary",Styris,Bagai,4.0,1,0,1,1,4.0,0,,1
"29.3 
1 
Styris to Bagai, 1 run 
on thye off and middle line, pushed to backward point and after some hesitation, he 
gets across in time",29.3,1,1.0,"Styris to Bagai, 1 run  .on thye off and middle line, pushed to backward point and after some hesitation, he  .gets across in time",Styris,Bagai,1.0,0,0,1,1,1.0,0,,1
"29.4 
1 
Styris to Hansra, 1 run",29.4,1,1.0,"Styris to Hansra, 1 run",Styris,Hansra,1.0,0,0,1,1,1.0,0,,1
"29.5 
1 
Styris to Bagai, 1 run 
full delivery on the leg stump line, pushed out to cover for a single",29.5,1,1.0,"Styris to Bagai, 1 run  .full delivery on the leg stump line, pushed out to cover for a single",Styris,Bagai,1.0,0,0,1,1,1.0,0,,1
"29.6 
1 
Styris to Hansra, 1 run 
slower one, full toss, hit down to long-on 
end of over 3010 runs  
CAN: 135/3CRR: 4.50 • RRR: 11.20 
Jimmy Hansra35 (62b 1x4) 
Ashish Bagai64 (66b 9x4) 
Scott Styris 5-0-22-0 
Kane Williamson 2-0-11-0",29.6,1,1.0,"Styris to Hansra, 1 run  .slower one, full toss, hit down to long-on",Styris,Hansra,1.0,0,0,1,1,1.0,0,,1
"30.1 
4 
Williamson to Hansra, FOUR runs 
moved outside leg stump and whacked a flighted delivery around off to the extra cover 
boundary",30.1,4,4.0,"Williamson to Hansra, FOUR runs  .moved outside leg stump and whacked a flighted delivery around off to the extra cover  .boundary",Williamson,Hansra,4.0,1,0,1,1,4.0,0,,1
"30.2 
• 
Williamson to Hansra, no run 
gets forward to turn this to the leg side",30.2,0,0.0,"Williamson to Hansra, no run  .gets forward to turn this to the leg side",Williamson,Hansra,0.0,0,0,1,1,0.0,0,,0
"30.3 
• 
Williamson to Hansra, no run 
dabs this to short fine-leg region for a single",30.3,0,0.0,"Williamson to Hansra, no run  .dabs this to short fine-leg region for a single",Williamson,Hansra,0.0,0,0,1,1,0.0,0,,0
"30.4 
1 
Williamson to Hansra, 1 run 
on the pads, flicked to square-leg region",30.4,1,1.0,"Williamson to Hansra, 1 run  .on the pads, flicked to square-leg region",Williamson,Hansra,1.0,0,0,1,1,1.0,0,,1
"30.5 
1 
Williamson to Bagai, 1 run 
gets forward to dab this to short midwicket",30.5,1,1.0,"Williamson to Bagai, 1 run  .gets forward to dab this to short midwicket",Williamson,Bagai,1.0,0,0,1,1,1.0,0,,1
"30.6 
• 
Williamson to Hansra, no run 
end of over 316 runs  
CAN: 141/3CRR: 4.54 • RRR: 11.47 
Jimmy Hansra40 (67b 2x4) 
Ashish Bagai65 (67b 9x4) 
Kane Williamson 3-0-17-0 
Scott Styris 5-0-22-0",30.6,0,0.0,"Williamson to Hansra, no run",Williamson,Hansra,0.0,0,0,1,1,0.0,0,,0
"31.1 
• 
Styris to Bagai, no run 
moves towards leg, the ball is on the leg stump line, stabbed to short third man",31.1,0,0.0,"Styris to Bagai, no run  .moves towards leg, the ball is on the leg stump line, stabbed to short third man",Styris,Bagai,0.0,0,0,1,1,0.0,0,,0
"31.2 
• 
Styris to Bagai, no run 
just outside the off stump, again steered to short third man",31.2,0,0.0,"Styris to Bagai, no run  .just outside the off stump, again steered to short third man",Styris,Bagai,0.0,0,0,1,1,0.0,0,,0
"31.3 
1 
Styris to Bagai, 1 run 
moves outside leg to try create room, and cuts the ball from the middle stump line to 
backward point",31.3,1,1.0,"Styris to Bagai, 1 run  .moves outside leg to try create room, and cuts the ball from the middle stump line to  .backward point",Styris,Bagai,1.0,0,0,1,1,1.0,0,,1
"31.4 
• 
Styris to Hansra, no run 
on the off stump line, defended to the bowler",31.4,0,0.0,"Styris to Hansra, no run  .on the off stump line, defended to the bowler",Styris,Hansra,0.0,0,0,1,1,0.0,0,,0
"31.5 
1 
Styris to Hansra, 1 run 
full and straight, rotates the strike with a push-drive towards long-on",31.5,1,1.0,"Styris to Hansra, 1 run  .full and straight, rotates the strike with a push-drive towards long-on",Styris,Hansra,1.0,0,0,1,1,1.0,0,,1
"31.6 
• 
Styris to Bagai, no run 
off cutter on the middle stump line, punched to cover 
end of over 322 runs  
CAN: 143/3CRR: 4.46 • RRR: 12.00 
Ashish Bagai66 (71b 9x4) 
Jimmy Hansra41 (69b 2x4) 
Scott Styris 6-0-24-0 
Kane Williamson 3-0-17-0",31.6,0,0.0,"Styris to Bagai, no run  .off cutter on the middle stump line, punched to cover",Styris,Bagai,0.0,0,0,1,1,0.0,0,,0
"32.1 
1 
Williamson to Hansra, 1 run 
from round the stumps, full delivery on the pads, worked past square-leg",32.1,1,1.0,"Williamson to Hansra, 1 run  .from round the stumps, full delivery on the pads, worked past square-leg",Williamson,Hansra,1.0,0,0,1,1,1.0,0,,1
"32.2 
1 
Williamson to Bagai, 1 run 
gets outside leg and has a big swing at it but edges this behind square-leg. Kane 
followed him there",32.2,1,1.0,"Williamson to Bagai, 1 run  .gets outside leg and has a big swing at it but edges this behind square-leg. Kane  .followed him there",Williamson,Bagai,1.0,0,0,1,1,1.0,0,,1
"32.3 
• 
Williamson to Hansra, no run 
leans forward to drive it back to the bowler",32.3,0,0.0,"Williamson to Hansra, no run  .leans forward to drive it back to the bowler",Williamson,Hansra,0.0,0,0,1,1,0.0,0,,0
"32.4 
5w 
Williamson to Hansra, 5 wide 
pushes this down the leg side, quickish, and neither the batsman or the keeper can get 
to it",32.4,5w,5.0,"Williamson to Hansra, 5 wide  .pushes this down the leg side, quickish, and neither the batsman or the keeper can get  .to it",Williamson,Hansra,0.0,0,0,0,0,5.0,0,,1
"32.4 
• 
Williamson to Hansra, no run 
on the pads, nurdled behind square",32.4,0,0.0,"Williamson to Hansra, no run  .on the pads, nurdled behind square",Williamson,Hansra,0.0,0,0,1,1,0.0,0,,0
"32.5 
1 
Williamson to Hansra, 1 run",32.5,1,1.0,"Williamson to Hansra, 1 run",Williamson,Hansra,1.0,0,0,1,1,1.0,0,,1
"32.6 
1 
Williamson to Bagai, 1 run 
again for the nth time moves outside leg and slices it to deep cover 
Back to Nitin. I shall head over to the Chatter box in a few mins 
end of over 339 runs  
CAN: 152/3CRR: 4.60 • RRR: 12.17 
Ashish Bagai68 (73b 9x4) 
Jimmy Hansra43 (73b 2x4) 
Kane Williamson 4-0-26-0 
Scott Styris 6-0-24-0 
Styris to bowl. 
Thanks Veera. Everyone - please vote for four favourite wicketkeeper (not keeper-
batsmen) on the poll we have opened on Chatterbox.",32.6,1,1.0,"Williamson to Bagai, 1 run  .again for the nth time moves outside leg and slices it to deep cover  .Back to Nitin. I shall head over to the Chatter box in a few mins",Williamson,Bagai,1.0,0,0,1,1,1.0,0,,1
"33.1 
1 
Styris to Bagai, 1 run 
drifts onto pads and Bagai clips through square leg for one",33.1,1,1.0,"Styris to Bagai, 1 run  .drifts onto pads and Bagai clips through square leg for one",Styris,Bagai,1.0,0,0,1,1,1.0,0,,1
"33.2 
1 
Styris to Hansra, 1 run 
slow offcutter, Hansra gets across and flicks to midwicket",33.2,1,1.0,"Styris to Hansra, 1 run  .slow offcutter, Hansra gets across and flicks to midwicket",Styris,Hansra,1.0,0,0,1,1,1.0,0,,1
"33.3 
2 
Styris to Bagai, 2 runs 
good shot, over-pitched on off stump and driven fluently into the covers",33.3,2,2.0,"Styris to Bagai, 2 runs  .good shot, over-pitched on off stump and driven fluently into the covers",Styris,Bagai,2.0,0,0,1,1,2.0,0,,1
"33.4 
1 
Styris to Bagai, 1 run 
is Bagai going to have a tilt at this? Over-pitched outside off, and he lofts it aerially to 
wide long off",33.4,1,1.0,"Styris to Bagai, 1 run  .is Bagai going to have a tilt at this? Over-pitched outside off, and he lofts it aerially to  .wide long off",Styris,Bagai,1.0,0,0,1,1,1.0,0,,1
"33.5 
• 
Styris to Hansra, no run 
short of a length on off stump, worked back down the track",33.5,0,0.0,"Styris to Hansra, no run  .short of a length on off stump, worked back down the track",Styris,Hansra,0.0,0,0,1,1,0.0,0,,0
"33.6 
1 
Styris to Hansra, 1 run 
full and on the pads, driven down to long on for one. 
end of over 346 runs  
CAN: 158/3CRR: 4.64 • RRR: 12.56 
Jimmy Hansra45 (76b 2x4) 
Ashish Bagai72 (76b 9x4) 
Scott Styris 7-0-30-0 
Kane Williamson 4-0-26-0 
Nathan McCullum to bowl some offies.",33.6,1,1.0,"Styris to Hansra, 1 run  .full and on the pads, driven down to long on for one.",Styris,Hansra,1.0,0,0,1,1,1.0,0,,1
"34.1 
1 
McCullum to Hansra, 1 run 
flighted on off stump, he leans out and drives to mid on",34.1,1,1.0,"McCullum to Hansra, 1 run  .flighted on off stump, he leans out and drives to mid on",McCullum,Hansra,1.0,0,0,1,1,1.0,0,,1
"34.2 
1 
McCullum to Bagai, 1 run 
Bagai looks to loft Nathan over long off, but the timing is poor and it lands well short of 
the fielder",34.2,1,1.0,"McCullum to Bagai, 1 run  .Bagai looks to loft Nathan over long off, but the timing is poor and it lands well short of  .the fielder",McCullum,Bagai,1.0,0,0,1,1,1.0,0,,1
"34.3 
1 
McCullum to Hansra, 1 run 
on the pads, Hansra taps through square leg for one",34.3,1,1.0,"McCullum to Hansra, 1 run  .on the pads, Hansra taps through square leg for one",McCullum,Hansra,1.0,0,0,1,1,1.0,0,,1
"34.4 
2 
McCullum to Bagai, 2 runs 
nicely done, Bagai makes room and steers the cut fine before haring back for a second. 
He is down now with a cramp.",34.4,2,2.0,"McCullum to Bagai, 2 runs  .nicely done, Bagai makes room and steers the cut fine before haring back for a second.  .He is down now with a cramp.",McCullum,Bagai,2.0,0,0,1,1,2.0,0,,1
"34.5 
1 
McCullum to Bagai, 1 run 
Bagai keeps clearing away and having a go down the track, but Nathan keeps it too full 
for him to truly loft and he gets a single to long off. 
Thanks to Liam Brickhill for mining that stat from the Oracle Statsguru. 
This is Canada's second-highest partnership against a Test-playing nation, beaten only 
by Barnett and Billcliff's 177 against Bangladesh in Canada's narrow loss at the 2007 
World Cup.",34.5,1,1.0,"McCullum to Bagai, 1 run  .Bagai keeps clearing away and having a go down the track, but Nathan keeps it too full  .for him to truly loft and he gets a single to long off.  .Thanks to Liam Brickhill for mining that stat from the Oracle Statsguru.  .This is Canada's second-highest partnership against a Test-playing nation, beaten only  .by Barnett and Billcliff's 177 against Bangladesh in Canada's narrow loss at the 2007  .World Cup.",McCullum,Bagai,1.0,0,0,1,1,1.0,0,,1
"34.6 
• 
McCullum to Hansra, no run 
this one is worked to the leg side with the spin 
end of over 356 runs  
CAN: 164/3CRR: 4.68 • RRR: 13.00 
Jimmy Hansra47 (79b 2x4) 
Ashish Bagai76 (79b 9x4) 
Nathan McCullum 6-0-32-0 
Scott Styris 7-0-30-0",34.6,0,0.0,"McCullum to Hansra, no run  .this one is worked to the leg side with the spin",McCullum,Hansra,0.0,0,0,1,1,0.0,0,,0
"35.1 
• 
Styris to Bagai, no run 
short of a length just outside off, Bagai tries to steer to third man, but under edges just 
side of the keeper 
Aha, Bagai tries to get Ruvindu as a runner, but NZ disapprove and Ruvindu goes back 
out.",35.1,0,0.0,"Styris to Bagai, no run  .short of a length just outside off, Bagai tries to steer to third man, but under edges just  .side of the keeper  .Aha, Bagai tries to get Ruvindu as a runner, but NZ disapprove and Ruvindu goes back  .out.",Styris,Bagai,0.0,0,0,1,1,0.0,0,,0
"35.2 
1 
Styris to Bagai, 1 run 
short of a length outside off, and he cuts backward of point for one more",35.2,1,1.0,"Styris to Bagai, 1 run  .short of a length outside off, and he cuts backward of point for one more",Styris,Bagai,1.0,0,0,1,1,1.0,0,,1
"35.3 
• 
Styris to Hansra, no run 
slow offcutter on off, driven back to the bowler",35.3,0,0.0,"Styris to Hansra, no run  .slow offcutter on off, driven back to the bowler",Styris,Hansra,0.0,0,0,1,1,0.0,0,,0
"35.4 
1 
Styris to Hansra, 1 run 
Styris holds it back and it is dabbed in front of point for a single",35.4,1,1.0,"Styris to Hansra, 1 run  .Styris holds it back and it is dabbed in front of point for a single",Styris,Hansra,1.0,0,0,1,1,1.0,0,,1
"35.5 
• 
Styris to Bagai, no run 
swish and a miss outside off as Styris keeps nagging away at a boringly irritating pace.",35.5,0,0.0,"Styris to Bagai, no run  .swish and a miss outside off as Styris keeps nagging away at a boringly irritating pace.",Styris,Bagai,0.0,0,0,1,1,0.0,0,,0
"35.6 
4 
Styris to Bagai, FOUR runs 
Bagai ends the over with a flourish, getting outside leg and flicking an offcutter than 
ended on the pads expertly, finer than deep backward square leg. 189 reqd off 84. 
end of over 366 runs  
CAN: 170/3CRR: 4.72 • RRR: 13.50 
Ashish Bagai81 (83b 10x4) 
Jimmy Hansra48 (81b 2x4) 
Scott Styris 8-0-36-0 
Nathan McCullum 6-0-32-0",35.6,4,4.0,"Styris to Bagai, FOUR runs  .Bagai ends the over with a flourish, getting outside leg and flicking an offcutter than  .ended on the pads expertly, finer than deep backward square leg. 189 reqd off 84.",Styris,Bagai,4.0,1,0,1,1,4.0,0,,1
"36.1 
1 
McCullum to Hansra, 1 run 
angling in back of a length and worked to midwicket for a single",36.1,1,1.0,"McCullum to Hansra, 1 run  .angling in back of a length and worked to midwicket for a single",McCullum,Hansra,1.0,0,0,1,1,1.0,0,,1
"36.2 
• 
McCullum to Bagai, no run 
Bagai's hitting them too straight. He's smashed the leather off this one and hit the non-
striker's stumps. McCullum did not get a hand on it, Hansra was miles out.",36.2,0,0.0,"McCullum to Bagai, no run  .Bagai's hitting them too straight. He's smashed the leather off this one and hit the non- .striker's stumps. McCullum did not get a hand on it, Hansra was miles out.",McCullum,Bagai,0.0,0,0,1,1,0.0,0,,0
"36.3 
2 
McCullum to Bagai, 2 runs 
ha, he backs away, Nathan follows him and Bagai whacks it straight back to the left of 
the bowler for a couple. Btw, Ponting is out in Bangalore.",36.3,2,2.0,"McCullum to Bagai, 2 runs  .ha, he backs away, Nathan follows him and Bagai whacks it straight back to the left of  .the bowler for a couple. Btw, Ponting is out in Bangalore.",McCullum,Bagai,2.0,0,0,1,1,2.0,0,,1
"36.4 
1 
McCullum to Bagai, 1 run 
moves away to the leg side and hits down the ground for another single. Bagai is now 
down for the count with a horrible onset of cramps. Hot and humid day in Bombay, not 
helping his health one bit. 
Kieran: ""Looking over the Canadian partnership list, I notice that Bagai is in every 100+ 
partnership other than the one that you mentioned against Bangla.""",36.4,1,1.0,"McCullum to Bagai, 1 run  .moves away to the leg side and hits down the ground for another single. Bagai is now  .down for the count with a horrible onset of cramps. Hot and humid day in Bombay, not  .helping his health one bit.",McCullum,Bagai,1.0,0,0,1,1,1.0,0,,1
"36.5 
1 
McCullum to Hansra, 1 run 
Hansra gets to 50 with a nudge to square leg. Nice doughty innings. It's a real pity 
Canada lost the plot with the ball.",36.5,1,1.0,"McCullum to Hansra, 1 run  .Hansra gets to 50 with a nudge to square leg. Nice doughty innings. It's a real pity  .Canada lost the plot with the ball.",McCullum,Hansra,1.0,0,0,1,1,1.0,0,,1
"36.6 
W 
McCullum to Bagai, OUT 
that's the end of a fine innings from Bagai. He's succumbed to the conditions as much 
as the bowling. He's barely able to stand, and wanted to get to his 100 with big shots. 
He again backs away to the leg side, looking to whack over the off side. Thin outside 
edge. Bagai c McCullum b McCullum. 
Ashish Bagai c †BB McCullum b NL McCullum 84 (87b 10x4 0x6 145m) SR: 96.55 
end of over 375 runs • 1 wicket 
CAN: 175/4CRR: 4.72 • RRR: 14.15 
Jimmy Hansra50 (83b 2x4) 
Nathan McCullum 7-0-37-1 
Scott Styris 8-0-36-0 
Cheema walks out with his tremendous reputation for big-hitting.",36.6,W,0.0,"McCullum to Bagai, OUT  .that's the end of a fine innings from Bagai. He's succumbed to the conditions as much  .as the bowling. He's barely able to stand, and wanted to get to his 100 with big shots.  .He again backs away to the leg side, looking to whack over the off side. Thin outside  .edge. Bagai c McCullum b McCullum.  .Ashish Bagai c †BB McCullum b NL McCullum 84 (87b 10x4 0x6 145m) SR: 96.55",McCullum,Bagai,0.0,0,0,1,1,0.0,1,c †BB McCullum b NL McCullum,0
"37.1 
1 
Styris to Hansra, 1 run 
slow offcutter on middle and off, driven down the ground without timing for a single",37.1,1,1.0,"Styris to Hansra, 1 run  .slow offcutter on middle and off, driven down the ground without timing for a single",Styris,Hansra,1.0,0,0,1,1,1.0,0,,1
"37.2 
• 
Styris to Cheema, no run 
full on off, Cheema leans into the drive but finds cover",37.2,0,0.0,"Styris to Cheema, no run  .full on off, Cheema leans into the drive but finds cover",Styris,Cheema,0.0,0,0,1,1,0.0,0,,0
"37.3 
1 
Styris to Cheema, 1 run 
Cheema is away, clipping the on-drive past mid on for a single",37.3,1,1.0,"Styris to Cheema, 1 run  .Cheema is away, clipping the on-drive past mid on for a single",Styris,Cheema,1.0,0,0,1,1,1.0,0,,1
"37.4 
1 
Styris to Hansra, 1 run 
over-pitched on the stumps, worked to the leg side for a single. 
Aha! Kamande removes Cameron White and does a really lovely version of the catwalk 
in celebration. Awesomeness! Mike Hussey has some firefighting to do.",37.4,1,1.0,"Styris to Hansra, 1 run  .over-pitched on the stumps, worked to the leg side for a single.  .Aha! Kamande removes Cameron White and does a really lovely version of the catwalk  .in celebration. Awesomeness! Mike Hussey has some firefighting to do.",Styris,Hansra,1.0,0,0,1,1,1.0,0,,1
"37.5 
1 
Styris to Cheema, 1 run 
Cheema gets a single, playing down the ground for one",37.5,1,1.0,"Styris to Cheema, 1 run  .Cheema gets a single, playing down the ground for one",Styris,Cheema,1.0,0,0,1,1,1.0,0,,1
"37.6 
• 
Styris to Hansra, no run 
Hansra drives into the off side for another single to end the over 
end of over 384 runs  
CAN: 179/4CRR: 4.71 • RRR: 15.00 
Jimmy Hansra52 (86b 2x4) 
Rizwan Cheema2 (3b) 
Scott Styris 9-0-40-0 
Nathan McCullum 7-0-37-1",37.6,0,0.0,"Styris to Hansra, no run  .Hansra drives into the off side for another single to end the over",Styris,Hansra,0.0,0,0,1,1,0.0,0,,0
"38.1 
W 
Oram to Cheema, OUT 
another one bites the dust. No fireworks from Cheema as he looks to guide a short ball 
on off stump to third man, and ends up guiding it too fine. Baz dives away to his right 
and pouches it. Very good catch, that. 
Rizwan Cheema c †BB McCullum b Oram 2 (4b 0x4 0x6 5m) SR: 50 
Jimmy Kamande ripped that ball in. MILES. White was completely befuddled. 
Davison is the new man in. Can he reprise the WI blitz of 2003?",38.1,W,0.0,"Oram to Cheema, OUT  .another one bites the dust. No fireworks from Cheema as he looks to guide a short ball  .on off stump to third man, and ends up guiding it too fine. Baz dives away to his right  .and pouches it. Very good catch, that.  .Rizwan Cheema c †BB McCullum b Oram 2 (4b 0x4 0x6 5m) SR: 50",Oram,Cheema,0.0,0,0,1,1,0.0,1,c †BB McCullum b Oram,0
"38.2 
• 
Oram to Davison, no run 
he can't get bat on the first ball, feeling outside the off and missing.",38.2,0,0.0,"Oram to Davison, no run  .he can't get bat on the first ball, feeling outside the off and missing.",Oram,Davison,0.0,0,0,1,1,0.0,0,,0
"38.3 
4 
Oram to Davison, FOUR runs 
Davison is away with a smooth cover drive for four. Over-pitched on off stump, he just 
leans into it and sends it on its way with a wholesome stroke through the line.",38.3,4,4.0,"Oram to Davison, FOUR runs  .Davison is away with a smooth cover drive for four. Over-pitched on off stump, he just  .leans into it and sends it on its way with a wholesome stroke through the line.",Oram,Davison,4.0,1,0,1,1,4.0,0,,1
"38.4 
• 
Oram to Davison, no run 
slower ball, and short too, completely catches him napping as he comes down the track 
and looks to pull. It goes off the toe end of the bat towards point",38.4,0,0.0,"Oram to Davison, no run  .slower ball, and short too, completely catches him napping as he comes down the track  .and looks to pull. It goes off the toe end of the bat towards point",Oram,Davison,0.0,0,0,1,1,0.0,0,,0
"38.5 
• 
Oram to Davison, no run 
whoa, floored by a slow bouncer at 117 kph, Davison can't spot it and goes down like a 
sack of potatoes as he tries to get out of the way.",38.5,0,0.0,"Oram to Davison, no run  .whoa, floored by a slow bouncer at 117 kph, Davison can't spot it and goes down like a  .sack of potatoes as he tries to get out of the way.",Oram,Davison,0.0,0,0,1,1,0.0,0,,0
"38.6 
• 
Oram to Davison, no run 
now a bouncer like he means it, Davison has a flail at the pull shot and misses again 
The Canadian team is just a big bunch of cramps at the moment. Man down again. 
Hansra now. Another runner walks out. Hot, humid, languid Sunday afternoon out there. 
NZ's bowlers are doing stretches too. 
end of over 394 runs • 1 wicket 
CAN: 183/5CRR: 4.69 • RRR: 16.00 
John Davison4 (5b 1x4) 
Jimmy Hansra52 (86b 2x4) 
Jacob Oram 6-1-15-2 
Scott Styris 9-0-40-0 
Styris to bowl.",38.6,0,0.0,"Oram to Davison, no run  .now a bouncer like he means it, Davison has a flail at the pull shot and misses again  .The Canadian team is just a big bunch of cramps at the moment. Man down again.  .Hansra now. Another runner walks out. Hot, humid, languid Sunday afternoon out there.  .NZ's bowlers are doing stretches too.",Oram,Davison,0.0,0,0,1,1,0.0,0,,0
"39.1 
• 
Styris to Hansra, no run 
offcutter on off, Hansra presses forward and defends down the track",39.1,0,0.0,"Styris to Hansra, no run  .offcutter on off, Hansra presses forward and defends down the track",Styris,Hansra,0.0,0,0,1,1,0.0,0,,0
"39.2 
• 
Styris to Hansra, no run 
holds the length back on middle and off, played down the track carefully",39.2,0,0.0,"Styris to Hansra, no run  .holds the length back on middle and off, played down the track carefully",Styris,Hansra,0.0,0,0,1,1,0.0,0,,0
"39.3 
• 
Styris to Hansra, no run 
length ball on off, played back down the bowler sedately. Canada seem to have decided 
to just bat this out.",39.3,0,0.0,"Styris to Hansra, no run  .length ball on off, played back down the bowler sedately. Canada seem to have decided  .to just bat this out.",Styris,Hansra,0.0,0,0,1,1,0.0,0,,0
"39.4 
1 
Styris to Hansra, 1 run 
this one slips onto the pads, and is nudged backward of square for another single",39.4,1,1.0,"Styris to Hansra, 1 run  .this one slips onto the pads, and is nudged backward of square for another single",Styris,Hansra,1.0,0,0,1,1,1.0,0,,1
"39.5 
• 
Styris to Davison, no run 
full outside off, defended solidly down the track",39.5,0,0.0,"Styris to Davison, no run  .full outside off, defended solidly down the track",Styris,Davison,0.0,0,0,1,1,0.0,0,,0
"39.6 
• 
Styris to Davison, no run 
another offcutter ending on middle and leg, played off the front foot down the track. 
This is turning into one of the most pointless dawdles. Ever. 
end of over 401 run  
CAN: 184/5CRR: 4.60 • RRR: 17.50 
John Davison4 (7b 1x4) 
Jimmy Hansra53 (90b 2x4) 
Scott Styris 10-0-41-0 
Jacob Oram 6-1-15-2 
Batting Powerplay taken.",39.6,0,0.0,"Styris to Davison, no run  .another offcutter ending on middle and leg, played off the front foot down the track.  .This is turning into one of the most pointless dawdles. Ever.",Styris,Davison,0.0,0,0,1,1,0.0,0,,0
"40.1 
1b 
Oram to Hansra, 1 bye 
yorker first up from Oram, the batsman is in some strife as he tries to get the toes away 
from the line of fire. Bye taken on the leg side of the stumps. Canada's fitness is really 
plumbing new lows. Umpire Tarapore is helping Hansra stretch out as the physio trots 
out once again. 
Right, Hansra has decided to limp off. Cramps win. 
Rao walks out to face. Can he spice up this somnolent afternoon?",40.1,1b,1.0,"Oram to Hansra, 1 bye  .yorker first up from Oram, the batsman is in some strife as he tries to get the toes away  .from the line of fire. Bye taken on the leg side of the stumps. Canada's fitness is really  .plumbing new lows. Umpire Tarapore is helping Hansra stretch out as the physio trots  .out once again.  .Right, Hansra has decided to limp off. Cramps win.  .Rao walks out to face. Can he spice up this somnolent afternoon?",Oram,Hansra,0.0,0,0,1,1,0.0,0,,1
"40.2 
1 
Oram to Davison, 1 run 
short of a length outside off, steered backward of point for a single",40.2,1,1.0,"Oram to Davison, 1 run  .short of a length outside off, steered backward of point for a single",Oram,Davison,1.0,0,0,1,1,1.0,0,,1
"40.3 
1 
Oram to Balaji Rao, 1 run 
length ball on off stump, Rao pokes into the covers and nearly runs himself out as he 
tries a lazy single.",40.3,1,1.0,"Oram to Balaji Rao, 1 run  .length ball on off stump, Rao pokes into the covers and nearly runs himself out as he  .tries a lazy single.",Oram,Balaji Rao,1.0,0,0,1,1,1.0,0,,1
"40.4 
• 
Oram to Davison, no run 
bouncer on off stump, he looks to pull and misses",40.4,0,0.0,"Oram to Davison, no run  .bouncer on off stump, he looks to pull and misses",Oram,Davison,0.0,0,0,1,1,0.0,0,,0
"40.5 
1 
Oram to Davison, 1 run 
fuller length on off stump, driven down the ground for a single",40.5,1,1.0,"Oram to Davison, 1 run  .fuller length on off stump, driven down the ground for a single",Oram,Davison,1.0,0,0,1,1,1.0,0,,1
"40.6 
4 
Oram to Balaji Rao, FOUR runs 
whoa, Rao's done a Ryder, walking across his stumps and lapping a length ball angling 
in over backward square leg for a boundary 
end of over 418 runs  
CAN: 192/5CRR: 4.68 • RRR: 18.55 
Balaji Rao5 (2b 1x4) 
John Davison6 (10b 1x4) 
Jacob Oram 7-1-22-2 
Scott Styris 10-0-41-0 
Southee comes on now.",40.6,4,4.0,"Oram to Balaji Rao, FOUR runs  .whoa, Rao's done a Ryder, walking across his stumps and lapping a length ball angling  .in over backward square leg for a boundary",Oram,Balaji Rao,4.0,1,0,1,1,4.0,0,,1
"41.1 
1lb 
Southee to Davison, 1 leg bye 
attempted yorker tails into the pads and Davison can't connect with the flick",41.1,1lb,1.0,"Southee to Davison, 1 leg bye  .attempted yorker tails into the pads and Davison can't connect with the flick",Southee,Davison,0.0,0,0,1,1,0.0,0,,0
"41.2 
• 
Southee to Balaji Rao, no run 
full toss outside off, he can't connect with the cover drive",41.2,0,0.0,"Southee to Balaji Rao, no run  .full toss outside off, he can't connect with the cover drive",Southee,Balaji Rao,0.0,0,0,1,1,0.0,0,,0
"41.3 
1 
Southee to Balaji Rao, 1 run 
yorker on off stump, Rao's running is a sight for sore eyes. He's dug this out to cover 
and taken off in his own roly-poly style for a single that was never there.",41.3,1,1.0,"Southee to Balaji Rao, 1 run  .yorker on off stump, Rao's running is a sight for sore eyes. He's dug this out to cover  .and taken off in his own roly-poly style for a single that was never there.",Southee,Balaji Rao,1.0,0,0,1,1,1.0,0,,1
"41.4 
4 
Southee to Davison, FOUR runs 
Davison cracks another cover drive with power and placement. Four more to the cause.",41.4,4,4.0,"Southee to Davison, FOUR runs  .Davison cracks another cover drive with power and placement. Four more to the cause.",Southee,Davison,4.0,1,0,1,1,4.0,0,,1
"41.5 
1 
Southee to Davison, 1 run 
fuller ball on the stumps, driven down the ground for a single",41.5,1,1.0,"Southee to Davison, 1 run  .fuller ball on the stumps, driven down the ground for a single",Southee,Davison,1.0,0,0,1,1,1.0,0,,1
"41.6 
1w 
Southee to Balaji Rao, 1 wide 
bouncer, too short and called wide.",41.6,1w,1.0,"Southee to Balaji Rao, 1 wide  .bouncer, too short and called wide.",Southee,Balaji Rao,0.0,0,0,0,0,1.0,0,,1
"41.6 
1lb 
Southee to Balaji Rao, 1 leg bye 
swipe and a miss. Comes in sharply from round the wicket and raps him on the pads as 
he looks to shovel across the line. The umpire turns down the lbw appeal and it is 
referred by the NZ team. Replays say it was going down the leg side. 
end of over 429 runs  
CAN: 201/5CRR: 4.78 • RRR: 19.75 
Balaji Rao6 (5b 1x4) 
John Davison11 (13b 2x4) 
Tim Southee 7-1-31-0 
Jacob Oram 7-1-22-2",41.6,1lb,1.0,"Southee to Balaji Rao, 1 leg bye  .swipe and a miss. Comes in sharply from round the wicket and raps him on the pads as  .he looks to shovel across the line. The umpire turns down the lbw appeal and it is  .referred by the NZ team. Replays say it was going down the leg side.",Southee,Balaji Rao,0.0,0,0,1,1,0.0,0,,0
"42.1 
2 
Oram to Balaji Rao, 2 runs 
Oram lands this well wide of off stump and it is carved over the covers for a couple",42.1,2,2.0,"Oram to Balaji Rao, 2 runs  .Oram lands this well wide of off stump and it is carved over the covers for a couple",Oram,Balaji Rao,2.0,0,0,1,1,2.0,0,,1
"42.2 
1 
Oram to Balaji Rao, 1 run 
Rao gets a single this time, tipping through the leg side",42.2,1,1.0,"Oram to Balaji Rao, 1 run  .Rao gets a single this time, tipping through the leg side",Oram,Balaji Rao,1.0,0,0,1,1,1.0,0,,1
"42.3 
1 
Oram to Davison, 1 run 
Davison continues to struggle against the bouncer, somehow manages to get bat on a 
late attempt at the shot.",42.3,1,1.0,"Oram to Davison, 1 run  .Davison continues to struggle against the bouncer, somehow manages to get bat on a  .late attempt at the shot.",Oram,Davison,1.0,0,0,1,1,1.0,0,,1
"42.4 
• 
Oram to Balaji Rao, no run 
bouncer aimed at the head, Rao wisely under it",42.4,0,0.0,"Oram to Balaji Rao, no run  .bouncer aimed at the head, Rao wisely under it",Oram,Balaji Rao,0.0,0,0,1,1,0.0,0,,0
"42.5 
W 
Oram to Balaji Rao, OUT 
Rao's holed out. Slow offcutter banged in short, he looks to biff it over midwicket and 
ends up playing straight to long on 
Balaji Rao c McCullum b Oram 9 (9b 1x4 0x6 13m) SR: 100 
Sid: ""Canada scores 200! How did that happen!""",42.5,W,0.0,"Oram to Balaji Rao, OUT  .Rao's holed out. Slow offcutter banged in short, he looks to biff it over midwicket and  .ends up playing straight to long on  .Balaji Rao c McCullum b Oram 9 (9b 1x4 0x6 13m) SR: 100",Oram,Balaji Rao,0.0,0,0,1,1,0.0,1,c McCullum b Oram,0
"42.6 
1 
Oram to Davison, 1 run 
poorly timed by Davison, lofts the on-drive almost straight down long on's throat. So 
poorly played, it did not carry. 
end of over 435 runs • 1 wicket 
CAN: 206/6CRR: 4.79 • RRR: 21.85 
John Davison13 (15b 2x4) 
Harvir Baidwan0 (0b) 
Jacob Oram 8-1-27-3 
Tim Southee 7-1-31-0",42.6,1,1.0,"Oram to Davison, 1 run  .poorly timed by Davison, lofts the on-drive almost straight down long on's throat. So  .poorly played, it did not carry.",Oram,Davison,1.0,0,0,1,1,1.0,0,,1
"43.1 
• 
Southee to Davison, no run 
aha, Umpire Tarapore gets into the batsman's path as he tries to scramble back into the 
crease as Davison flicks to midwicket. They try a single and abort the plans.",43.1,0,0.0,"Southee to Davison, no run  .aha, Umpire Tarapore gets into the batsman's path as he tries to scramble back into the  .crease as Davison flicks to midwicket. They try a single and abort the plans.",Southee,Davison,0.0,0,0,1,1,0.0,0,,0
"43.2 
4b 
Southee to Davison, 4 byes 
whoa, super yorker completely through the batsman who thinks he is bowled but it tails 
in so sharply to miss the stumps and fly to fine leg",43.2,4b,4.0,"Southee to Davison, 4 byes  .whoa, super yorker completely through the batsman who thinks he is bowled but it tails  .in so sharply to miss the stumps and fly to fine leg",Southee,Davison,0.0,1,0,1,1,0.0,0,,1
"43.3 
• 
Southee to Davison, no run 
and now a bouncer, Davison definitely doesn't like them. He tries to pull in ungainly 
fashion and misses",43.3,0,0.0,"Southee to Davison, no run  .and now a bouncer, Davison definitely doesn't like them. He tries to pull in ungainly  .fashion and misses",Southee,Davison,0.0,0,0,1,1,0.0,0,,0
"43.4 
1 
Southee to Davison, 1 run 
fuller on off stump, driven into the covers for a single",43.4,1,1.0,"Southee to Davison, 1 run  .fuller on off stump, driven into the covers for a single",Southee,Davison,1.0,0,0,1,1,1.0,0,,1
"43.5 
1 
Southee to Baidwan, 1 run 
full toss on leg stump, flicked to midwicket for a single 
Sajith: ""Great day for the McCullums here! 111 runs, 4 catches and a wicket !""",43.5,1,1.0,"Southee to Baidwan, 1 run  .full toss on leg stump, flicked to midwicket for a single",Southee,Baidwan,1.0,0,0,1,1,1.0,0,,1
"43.6 
1 
Southee to Davison, 1 run 
full length ball on off stump, driven solidly to mid off 
end of over 447 runs  
CAN: 213/6CRR: 4.84 • RRR: 24.33 
John Davison15 (20b 2x4) 
Harvir Baidwan1 (1b) 
Tim Southee 8-1-34-0 
Jacob Oram 8-1-27-3",43.6,1,1.0,"Southee to Davison, 1 run  .full length ball on off stump, driven solidly to mid off",Southee,Davison,1.0,0,0,1,1,1.0,0,,1
"44.1 
W 
Oram to Davison, OUT 
Davison has run himself out in clumsy fashion as the Royal Canadian Air Farce carries 
on. He gets a yorker on the pads, glances to the leg side and then trots half the way, 
before deciding to walk down the pitch. The throw came in from McCullum, on the sly, 
and broke the stumps before he reached his crease. Sleeping tortoises would have 
made it. Even if they were walking backwards. Davison keeps walking to the pavilion. 
John Davison run out (†McCullum) 15 (21b 2x4 0x6 37m) SR: 71.42",44.1,W,0.0,"Oram to Davison, OUT  .Davison has run himself out in clumsy fashion as the Royal Canadian Air Farce carries  .on. He gets a yorker on the pads, glances to the leg side and then trots half the way,  .before deciding to walk down the pitch. The throw came in from McCullum, on the sly,  .and broke the stumps before he reached his crease. Sleeping tortoises would have  .made it. Even if they were walking backwards. Davison keeps walking to the pavilion.  .John Davison run out (†McCullum) 15 (21b 2x4 0x6 37m) SR: 71.42",Oram,Davison,0.0,0,0,1,1,0.0,0,run out (†McCullum),0
"44.2 
2 
Oram to Baidwan, 2 runs 
almost another hole-out. Slow loft, lacking in intent, into the leg side, but it lands safe",44.2,2,2.0,"Oram to Baidwan, 2 runs  .almost another hole-out. Slow loft, lacking in intent, into the leg side, but it lands safe",Oram,Baidwan,2.0,0,0,1,1,2.0,0,,1
"44.3 
4 
Oram to Baidwan, FOUR runs 
short ball, he's smacked the pull shot with some vengeance and its flown away to the 
square leg boundary",44.3,4,4.0,"Oram to Baidwan, FOUR runs  .short ball, he's smacked the pull shot with some vengeance and its flown away to the  .square leg boundary",Oram,Baidwan,4.0,1,0,1,1,4.0,0,,1
"44.4 
• 
Oram to Baidwan, no run",44.4,0,0.0,"Oram to Baidwan, no run",Oram,Baidwan,0.0,0,0,1,1,0.0,0,,0
"44.5 
1 
Oram to Baidwan, 1 run 
Baidwan escapes, looking to swipe out to the leg side and gets a thick outside edge that 
Baz can't collect as he jumps away to his right.",44.5,1,1.0,"Oram to Baidwan, 1 run  .Baidwan escapes, looking to swipe out to the leg side and gets a thick outside edge that  .Baz can't collect as he jumps away to his right.",Oram,Baidwan,1.0,0,0,1,1,1.0,0,,1
"44.6 
1 
Oram to Chohan, 1 run 
short ball, he goes for the pull and gets it down to deep backward square leg for a single 
end of over 458 runs • 1 wicket 
CAN: 221/7CRR: 4.91 • RRR: 27.60 
Khurram Chohan1 (1b) 
Harvir Baidwan8 (5b 1x4) 
Jacob Oram 9-1-35-3 
Tim Southee 8-1-34-0 
Kieran: ""Harvey Birdman can play cricket. Who knew?""",44.6,1,1.0,"Oram to Chohan, 1 run  .short ball, he goes for the pull and gets it down to deep backward square leg for a single",Oram,Chohan,1.0,0,0,1,1,1.0,0,,1
"45.1 
1 
Southee to Chohan, 1 run 
full toss on off, driven down to long on for another single.",45.1,1,1.0,"Southee to Chohan, 1 run  .full toss on off, driven down to long on for another single.",Southee,Chohan,1.0,0,0,1,1,1.0,0,,1
"45.2 
W 
Southee to Baidwan, OUT 
Southee finally has a wicket. Rejoice if he's in your Fantasy team. Full toss on off stump, 
driven cleanly, but straight into mid off's hands 
Harvir Baidwan c Franklin b Southee 8 (6b 1x4 0x6 14m) SR: 133.33 
Southee round the wicket. Hansra has returned to the crease with a runner.",45.2,W,0.0,"Southee to Baidwan, OUT  .Southee finally has a wicket. Rejoice if he's in your Fantasy team. Full toss on off stump,  .driven cleanly, but straight into mid off's hands  .Harvir Baidwan c Franklin b Southee 8 (6b 1x4 0x6 14m) SR: 133.33",Southee,Baidwan,0.0,0,0,1,1,0.0,1,c Franklin b Southee,0
"45.3 
• 
Southee to Hansra, no run 
over-pitched on off, driven fluidly to mid off",45.3,0,0.0,"Southee to Hansra, no run  .over-pitched on off, driven fluidly to mid off",Southee,Hansra,0.0,0,0,1,1,0.0,0,,0
"45.4 
• 
Southee to Hansra, no run 
another yorker, the batsman does well to save the toes and dig it out 
The first World Cup match in the revamped Wankhede is a yawn. Hope the last one is 
somewhat better.",45.4,0,0.0,"Southee to Hansra, no run  .another yorker, the batsman does well to save the toes and dig it out  .The first World Cup match in the revamped Wankhede is a yawn. Hope the last one is  .somewhat better.",Southee,Hansra,0.0,0,0,1,1,0.0,0,,0
"45.5 
• 
Southee to Hansra, no run 
another one very full on the stumps, driven without timing to the off side",45.5,0,0.0,"Southee to Hansra, no run  .another one very full on the stumps, driven without timing to the off side",Southee,Hansra,0.0,0,0,1,1,0.0,0,,0
"45.6 
• 
Southee to Hansra, no run 
back of a length on off stump, defended to the off side 
end of over 461 run • 1 wicket 
CAN: 222/8CRR: 4.82 • RRR: 34.25 
Jimmy Hansra53 (95b 2x4) 
Khurram Chohan2 (2b) 
Tim Southee 9-1-35-1 
Jacob Oram 9-1-35-3",45.6,0,0.0,"Southee to Hansra, no run  .back of a length on off stump, defended to the off side",Southee,Hansra,0.0,0,0,1,1,0.0,0,,0
"46.1 
• 
Oram to Chohan, no run",46.1,0,0.0,"Oram to Chohan, no run",Oram,Chohan,0.0,0,0,1,1,0.0,0,,0
"46.2 
1 
Oram to Chohan, 1 run 
slower ball from Oram outside off, cut backward of point for a single",46.2,1,1.0,"Oram to Chohan, 1 run  .slower ball from Oram outside off, cut backward of point for a single",Oram,Chohan,1.0,0,0,1,1,1.0,0,,1
"46.3 
4 
Oram to Hansra, FOUR runs 
another outside edge escapes McCullum, seems to be one of the best scoring areas. 
Hansra looks to carve expansively over the off side and gets it very fine for four",46.3,4,4.0,"Oram to Hansra, FOUR runs  .another outside edge escapes McCullum, seems to be one of the best scoring areas.  .Hansra looks to carve expansively over the off side and gets it very fine for four",Oram,Hansra,4.0,1,0,1,1,4.0,0,,1
"46.4 
1 
Oram to Hansra, 1 run 
short ball, Hansra is cramped into the pull and the top edge flies to the left of McCullum 
to fine leg",46.4,1,1.0,"Oram to Hansra, 1 run  .short ball, Hansra is cramped into the pull and the top edge flies to the left of McCullum  .to fine leg",Oram,Hansra,1.0,0,0,1,1,1.0,0,,1
"46.5 
1 
Oram to Chohan, 1 run 
yorker on the stumps, dug out to the leg side for a single",46.5,1,1.0,"Oram to Chohan, 1 run  .yorker on the stumps, dug out to the leg side for a single",Oram,Chohan,1.0,0,0,1,1,1.0,0,,1
"46.6 
1w 
Oram to Hansra, 1 wide 
slow bouncer, called a wide for height.",46.6,1w,1.0,"Oram to Hansra, 1 wide  .slow bouncer, called a wide for height.",Oram,Hansra,0.0,0,0,0,0,1.0,0,,1
"46.6 
4 
Oram to Hansra, FOUR runs 
another outside edge through third man. Another four. The theme of Canada's innings. 
end of over 4712 runs  
CAN: 234/8CRR: 4.97 • RRR: 41.66 
Jimmy Hansra62 (98b 4x4) 
Khurram Chohan4 (5b) 
Jacob Oram 10-1-47-3 
Tim Southee 9-1-35-1",46.6,4,4.0,"Oram to Hansra, FOUR runs  .another outside edge through third man. Another four. The theme of Canada's innings.",Oram,Hansra,4.0,1,0,1,1,4.0,0,,1
"47.1 
• 
Southee to Chohan, no run 
will they refer this? Huge lbw appeal as Southee raps the toes with another yorker. They 
are referring it after Tarapore turned the appeal down. This is going to be tough to call. 
The ball tailed in around middle and leg, Chohan was back in the crease as he looked to 
play across the line. Did it take the inside edge? Well it was heading well down the leg 
side in any case. Not out.",47.1,0,0.0,"Southee to Chohan, no run  .will they refer this? Huge lbw appeal as Southee raps the toes with another yorker. They  .are referring it after Tarapore turned the appeal down. This is going to be tough to call.  .The ball tailed in around middle and leg, Chohan was back in the crease as he looked to  .play across the line. Did it take the inside edge? Well it was heading well down the leg  .side in any case. Not out.",Southee,Chohan,0.0,0,0,1,1,0.0,0,,0
"47.2 
• 
Southee to Chohan, no run 
fuller ball on off stump, it is dug out to the off side",47.2,0,0.0,"Southee to Chohan, no run  .fuller ball on off stump, it is dug out to the off side",Southee,Chohan,0.0,0,0,1,1,0.0,0,,0
"47.3 
• 
Southee to Chohan, no run 
full toss on off stump, driven without timing into the covers",47.3,0,0.0,"Southee to Chohan, no run  .full toss on off stump, driven without timing into the covers",Southee,Chohan,0.0,0,0,1,1,0.0,0,,0
"47.4 
1 
Southee to Chohan, 1 run 
the Canadian third man dinks continue unabated. McCullum has dived to his right more 
often than ever before today. This one passes him and they get a single. 
It is really tough to see how exactly this kind of a match helps the Associates.",47.4,1,1.0,"Southee to Chohan, 1 run  .the Canadian third man dinks continue unabated. McCullum has dived to his right more  .often than ever before today. This one passes him and they get a single.  .It is really tough to see how exactly this kind of a match helps the Associates.",Southee,Chohan,1.0,0,0,1,1,1.0,0,,1
"47.5 
• 
Southee to Hansra, no run 
full toss from round the wicket, defended solidly to the off side",47.5,0,0.0,"Southee to Hansra, no run  .full toss from round the wicket, defended solidly to the off side",Southee,Hansra,0.0,0,0,1,1,0.0,0,,0
"47.6 
• 
Southee to Hansra, no run 
over-pitched on the pads, flicked straight to midwicket 
end of over 481 run  
CAN: 235/8CRR: 4.89 • RRR: 62.00 
Jimmy Hansra62 (100b 4x4) 
Khurram Chohan5 (9b) 
Tim Southee 10-1-36-1 
Jacob Oram 10-1-47-3 
And what about their bowling? Nathan comes on again. 
Kalai: ""Very Happy to see Canada's performance. They have improved their batting after 
each match of this worldcup, scoring more than what they scored in their prev match. 
Consistent exposure to bigger teams would surely help them to improve.""",47.6,0,0.0,"Southee to Hansra, no run  .over-pitched on the pads, flicked straight to midwicket",Southee,Hansra,0.0,0,0,1,1,0.0,0,,0
"48.1 
4 
McCullum to Chohan, FOUR runs 
Chohan pumps him through midwicket with disdain. He jumps out, reaches the pitch 
and whips through midwicket.",48.1,4,4.0,"McCullum to Chohan, FOUR runs  .Chohan pumps him through midwicket with disdain. He jumps out, reaches the pitch  .and whips through midwicket.",McCullum,Chohan,4.0,1,0,1,1,4.0,0,,1
"48.2 
6 
McCullum to Chohan, SIX runs 
he goes two better this time. Does seem like they have left the onslaught for too late. 
Another full ball on leg stump, Chohan gets to the flight and dumps him all the way over 
midwicket",48.2,6,6.0,"McCullum to Chohan, SIX runs  .he goes two better this time. Does seem like they have left the onslaught for too late.  .Another full ball on leg stump, Chohan gets to the flight and dumps him all the way over  .midwicket",McCullum,Chohan,6.0,0,1,1,1,6.0,0,,1
"48.3 
1 
McCullum to Chohan, 1 run 
again full, Chohan powerfully flicks through midwicket for one more",48.3,1,1.0,"McCullum to Chohan, 1 run  .again full, Chohan powerfully flicks through midwicket for one more",McCullum,Chohan,1.0,0,0,1,1,1.0,0,,1
"48.4 
1 
McCullum to Hansra, 1 run 
digs out a full ball to long on for one",48.4,1,1.0,"McCullum to Hansra, 1 run  .digs out a full ball to long on for one",McCullum,Hansra,1.0,0,0,1,1,1.0,0,,1
"48.5 
1 
McCullum to Chohan, 1 run 
Chohan sends the ball in the same region, getting a single in the same region.",48.5,1,1.0,"McCullum to Chohan, 1 run  .Chohan sends the ball in the same region, getting a single in the same region.",McCullum,Chohan,1.0,0,0,1,1,1.0,0,,1
"48.6 
6 
McCullum to Hansra, SIX runs 
another six. Horrible finish for anyone who has Nathan in their Fantasy XI! Hansra 
plonks the front foot forward and across before thwacking him majestically over long 
off. 
end of over 4919 runs  
CAN: 254/8CRR: 5.18 • RRR: 105.00 
Jimmy Hansra69 (102b 4x4 1x6) 
Khurram Chohan17 (13b 1x4 1x6) 
Nathan McCullum 8-0-56-1 
Tim Southee 10-1-36-1",48.6,6,6.0,"McCullum to Hansra, SIX runs  .another six. Horrible finish for anyone who has Nathan in their Fantasy XI! Hansra  .plonks the front foot forward and across before thwacking him majestically over long  .off.",McCullum,Hansra,6.0,0,1,1,1,6.0,0,,1
"49.1 
1 
Ryder to Chohan, 1 run 
short ball outside off, cross-batted down to long off for one more",49.1,1,1.0,"Ryder to Chohan, 1 run  .short ball outside off, cross-batted down to long off for one more",Ryder,Chohan,1.0,0,0,1,1,1.0,0,,1
"49.2 
1w 
Ryder to Hansra, 1 wide 
well outside off, called a wide",49.2,1w,1.0,"Ryder to Hansra, 1 wide  .well outside off, called a wide",Ryder,Hansra,0.0,0,0,0,0,1.0,0,,1
"49.2 
1 
Ryder to Hansra, 1 run 
this one nips in off the seam and it nudged to midwicket for a single",49.2,1,1.0,"Ryder to Hansra, 1 run  .this one nips in off the seam and it nudged to midwicket for a single",Ryder,Hansra,1.0,0,0,1,1,1.0,0,,1
"49.3 
4 
Ryder to Chohan, FOUR runs 
Canada are ending with a sting here, Chohan lines up a full and slow ball on off stump, 
hanging back in the crease and going straight down the ground. He bisects long on and 
long off for four more.",49.3,4,4.0,"Ryder to Chohan, FOUR runs  .Canada are ending with a sting here, Chohan lines up a full and slow ball on off stump,  .hanging back in the crease and going straight down the ground. He bisects long on and  .long off for four more.",Ryder,Chohan,4.0,1,0,1,1,4.0,0,,1
"49.4 
W 
Ryder to Chohan, OUT 
Chohan's merry ways come to an end as Ryder keeps it slightly short of driving length 
and Chohan holes out to cover. 
Khurram Chohan c Taylor b Ryder 22 (16b 2x4 1x6 23m) SR: 137.5 
Ben: ""New Zealand need to bowl a minimum of 10 no balls for Canada to win""",49.4,W,0.0,"Ryder to Chohan, OUT  .Chohan's merry ways come to an end as Ryder keeps it slightly short of driving length  .and Chohan holes out to cover.  .Khurram Chohan c Taylor b Ryder 22 (16b 2x4 1x6 23m) SR: 137.5",Ryder,Chohan,0.0,0,0,1,1,0.0,1,c Taylor b Ryder,0
"49.5 
• 
Ryder to Hansra, no run 
back of a length outside off, steered to short third man",49.5,0,0.0,"Ryder to Hansra, no run  .back of a length outside off, steered to short third man",Ryder,Hansra,0.0,0,0,1,1,0.0,0,,0
"49.6 
• 
Ryder to Hansra, no run 
Hansra has ended unbeaten, Ryder hasn't delivered any of those ten no balls and NZ 
have won in slightly lesser convincing fashion than seemed possible at one stage. 
NZ now lead the Group B table with 8 points out of five games. Whodathunk! They are 
almost definitely through to the quarters. In fact, they are through for sure. 
Bagai: ""Good show from Patel. Nice to get runs myself, but we lost the game in the first 
half of the crease. It was hot today, so got some cramps after keeping and batting, it got 
to me. We will look to get out on a high in Bangalore, on a true track against Australia."" 
Taylor: ""Brendon and Guptill gave us a good start. I had a bit of luck while batting. The 
bowlers complemented the batting well. Our strength is the lower-order hitting, and we 
try to set ourselves for a go. We have to wait a couple of days and check on Kyle Mills - 
he is a key part of the team."" 
Brendon McCullum is the MoM: ""Happy to get the 100, the win gives us confidence and 
momentum. The first 7-8 overs had something in it, but then it was a really good pitch. 
Any ground is going to have something in it at 9 30 in the morning. I am pretty happy 
with the way today went. I thought the platform we set was good."" 
Right then, the action winds up in Mumbai. Here is Liam Brickhill's bulletin. Do follow the 
commentary from Bangalore where Australia have recovered well after an indifferent 
start v Kenya. On behalf of Sriram Veera and the rest of the gang, this is Nitin Sundar 
signing off. Ta. 
end of over 507 runs • 1 wicket 
CAN: 261/9CRR: 5.22  
Jimmy Hansra70 (105b 4x4 1x6) 
Henry Osinde0 (0b) 
Jesse Ryder",49.6,0,0.0,"Ryder to Hansra, no run  .Hansra has ended unbeaten, Ryder hasn't delivered any of those ten no balls and NZ  .have won in slightly lesser convincing fashion than seemed possible at one stage.  .NZ now lead the Group B table with 8 points out of five games. Whodathunk! They are  .almost definitely through to the quarters. In fact, they are through for sure.",Ryder,Hansra,0.0,0,0,1,1,0.0,0,,0
