raw_data,overs,runs,team_runs,commentary,bowler,batsman,batsman_runs,batsman_fours,batsman_sixes,batsman_bowls_faced,bowler_bowls_done,bowler_runs_given,bowler_wickets,dismissal,runs_given_bool
"0.1 
• 
Shami to Warner, no run 
beaten! A good delivery first up, just a wobbler on a good length, hinting to shape in and 
it seamed away beating the prodding edge",0.1,0,0.0,"Shami to Warner, no run  .beaten! A good delivery first up, just a wobbler on a good length, hinting to shape in and  .it seamed away beating the prodding edge",Shami,Warner,0.0,0,0,1,1,0.0,0,,0
"0.2 
1 
Shami to Warner, 1 run 
Warner walks at Shami, he bangs in at 136kph, Warner jumps up and defends with soft 
hands into the off side and they pinch a single",0.2,1,1.0,"Shami to Warner, 1 run  .Warner walks at Shami, he bangs in at 136kph, Warner jumps up and defends with soft  .hands into the off side and they pinch a single",Shami,Warner,1.0,0,0,1,1,1.0,0,,1
"0.3 
• 
Shami to Finch, no run 
138kph, back of a length outside off, he's up on his toes, working to forward square 
Finch has scored 106 runs off 101 balls for 0 dismissals against Shami in their last 8 
meetings",0.3,0,0.0,"Shami to Finch, no run  .138kph, back of a length outside off, he's up on his toes, working to forward square  .Finch has scored 106 runs off 101 balls for 0 dismissals against Shami in their last 8  .meetings",Shami,Finch,0.0,0,0,1,1,0.0,0,,0
"0.4 
• 
Shami to Finch, no run 
good length wide of off, Finch walks at him and leaves",0.4,0,0.0,"Shami to Finch, no run  .good length wide of off, Finch walks at him and leaves",Shami,Finch,0.0,0,0,1,1,0.0,0,,0
"0.5 
• 
Shami to Finch, no run 
back of a length, fourth stump line, he walks at him and is hurried, jumping in defence",0.5,0,0.0,"Shami to Finch, no run  .back of a length, fourth stump line, he walks at him and is hurried, jumping in defence",Shami,Finch,0.0,0,0,1,1,0.0,0,,0
"0.6 
• 
Shami to Finch, no run 
back of a length, nipping in, it comes off the thigh guard and runs fine but KL Rahul is 
able to stop it 
AussieBren: ""Finally, some cricket and a sense of normality in this crazy year that has 
been 2020! Very fortunate Australia has come out of the pandemic relatively well."" 
end of over 11 run  
AUS: 1/0CRR: 1.00  
Aaron Finch0 (4b) 
David Warner1 (2b) 
Mohammed Shami 1-0-1-0 
Jasprit Bumrah from the other end",0.6,0,0.0,"Shami to Finch, no run  .back of a length, nipping in, it comes off the thigh guard and runs fine but KL Rahul is  .able to stop it",Shami,Finch,0.0,0,0,1,1,0.0,0,,0
"1.1 
• 
Bumrah to Warner, no run 
139kph, good length, top of off, he defends on the front foot to mid off 
Sumath Kumar: ""Missing Bhuvi for Finch!""",1.1,0,0.0,"Bumrah to Warner, no run  .139kph, good length, top of off, he defends on the front foot to mid off",Bumrah,Warner,0.0,0,0,1,1,0.0,0,,0
"1.2 
1 
Bumrah to Warner, 1 run 
141kph, back of a length, he's back and defending close into the off side, there's no call 
but they go based off eye contact. Finch dives but he gets there well ahead of the fielder",1.2,1,1.0,"Bumrah to Warner, 1 run  .141kph, back of a length, he's back and defending close into the off side, there's no call  .but they go based off eye contact. Finch dives but he gets there well ahead of the fielder",Bumrah,Warner,1.0,0,0,1,1,1.0,0,,1
"1.3 
• 
Bumrah to Finch, no run 
144kph, full, hint of inswing, Finch drives elegantly to mid off 
Jack: ""Wait, someone pinch me, sport is being played with crowds!?!?! Unreal. Credit to 
the ground staff, cleaners and tv crews for making this possible!""",1.3,0,0.0,"Bumrah to Finch, no run  .144kph, full, hint of inswing, Finch drives elegantly to mid off",Bumrah,Finch,0.0,0,0,1,1,0.0,0,,0
"1.4 
1 
Bumrah to Finch, 1 run 
142kph, back of a length on off, he's back and working to mid on and again they sprint 
immediately on contact to pinch a single",1.4,1,1.0,"Bumrah to Finch, 1 run  .142kph, back of a length on off, he's back and working to mid on and again they sprint  .immediately on contact to pinch a single",Bumrah,Finch,1.0,0,0,1,1,1.0,0,,1
"1.5 
• 
Bumrah to Warner, no run 
144kph, yorker length on off, Warner digs it out easily",1.5,0,0.0,"Bumrah to Warner, no run  .144kph, yorker length on off, Warner digs it out easily",Bumrah,Warner,0.0,0,0,1,1,0.0,0,,0
"1.6 
4 
Bumrah to Warner, FOUR runs 
superb punch off the back foot through point! Just back of a length but a hint of width, 
Warner sits back and just punches it square with the bottom hand into the gap. Timed it 
perfectly 
end of over 26 runs  
AUS: 7/0CRR: 3.50  
David Warner6 (6b 1x4) 
Aaron Finch1 (6b) 
Jasprit Bumrah 1-0-6-0 
Mohammed Shami 1-0-1-0",1.6,4,4.0,"Bumrah to Warner, FOUR runs  .superb punch off the back foot through point! Just back of a length but a hint of width,  .Warner sits back and just punches it square with the bottom hand into the gap. Timed it  .perfectly",Bumrah,Warner,4.0,1,0,1,1,4.0,0,,1
"2.1 
• 
Shami to Finch, no run 
137kph, back of a length, nipping back off the seam, Finch gets an inside edge onto pad 
kannan: ""Why no swing bowlers from India? "" Beautiful batting conditions. Dry. No 
humidity",2.1,0,0.0,"Shami to Finch, no run  .137kph, back of a length, nipping back off the seam, Finch gets an inside edge onto pad",Shami,Finch,0.0,0,0,1,1,0.0,0,,0
"2.2 
• 
Shami to Finch, no run 
good length, fourth stump line, he presses forward and pushes to cover",2.2,0,0.0,"Shami to Finch, no run  .good length, fourth stump line, he presses forward and pushes to cover",Shami,Finch,0.0,0,0,1,1,0.0,0,,0
"2.3 
• 
Shami to Finch, no run 
139kph, excellent length, fourth stump, Finch defends off the sticker of the bat 
Shyam: ""Australia are giving the ""Kallis"" spot to Stoinis. Can he live up to it? Even if he 
does a 50% of what the legend did, he would be deemed a success""",2.3,0,0.0,"Shami to Finch, no run  .139kph, excellent length, fourth stump, Finch defends off the sticker of the bat",Shami,Finch,0.0,0,0,1,1,0.0,0,,0
"2.4 
• 
Shami to Finch, no run 
138kph, good length fifth stump line, Finch shuffles out but has defend. Shami on the 
money at the moment 
Second slip comes out to a catching cover-point",2.4,0,0.0,"Shami to Finch, no run  .138kph, good length fifth stump line, Finch shuffles out but has defend. Shami on the  .money at the moment  .Second slip comes out to a catching cover-point",Shami,Finch,0.0,0,0,1,1,0.0,0,,0
"2.5 
• 
Shami to Finch, no run 
Finch walks and has a wild swing and miss trying to hit a length 139kph ball over mid 
off. He missed it by miles 
Mid off goes back to long off, fine leg up",2.5,0,0.0,"Shami to Finch, no run  .Finch walks and has a wild swing and miss trying to hit a length 139kph ball over mid  .off. He missed it by miles  .Mid off goes back to long off, fine leg up",Shami,Finch,0.0,0,0,1,1,0.0,0,,0
"2.6 
1 
Shami to Finch, 1 run 
Finch walks again, 140kph, back of a length, he defends on the move to the gap at mid 
off for one 
Superb over from Shami 
end of over 31 run  
AUS: 8/0CRR: 2.66  
Aaron Finch2 (12b) 
David Warner6 (6b 1x4) 
Mohammed Shami 2-0-2-0 
Jasprit Bumrah 1-0-6-0",2.6,1,1.0,"Shami to Finch, 1 run  .Finch walks again, 140kph, back of a length, he defends on the move to the gap at mid  .off for one  .Superb over from Shami",Shami,Finch,1.0,0,0,1,1,1.0,0,,1
"3.1 
4 
Bumrah to Finch, FOUR runs 
144kph, he drives on the up in the air but wide of mid off! Dangerous to hit it waist high 
but he needed to because the length wasn't there and he found the gap",3.1,4,4.0,"Bumrah to Finch, FOUR runs  .144kph, he drives on the up in the air but wide of mid off! Dangerous to hit it waist high  .but he needed to because the length wasn't there and he found the gap",Bumrah,Finch,4.0,1,0,1,1,4.0,0,,1
"3.2 
• 
Bumrah to Finch, no run 
144kph, fuller, spearing into off, he defends on the front foot 
Viral Bulsara: ""Bumrah looks like Kapil Dev in this dresscode.""",3.2,0,0.0,"Bumrah to Finch, no run  .144kph, fuller, spearing into off, he defends on the front foot",Bumrah,Finch,0.0,0,0,1,1,0.0,0,,0
"3.3 
2w 
Bumrah to Finch, 2 wide 
144kph, shorter length, swinging way down leg, Rahul has to dive a long way to knock it 
down but they get an extra run on top of the wide",3.3,2w,2.0,"Bumrah to Finch, 2 wide  .144kph, shorter length, swinging way down leg, Rahul has to dive a long way to knock it  .down but they get an extra run on top of the wide",Bumrah,Finch,0.0,0,0,0,0,2.0,0,,1
"3.3 
2 
Bumrah to Warner, 2 runs 
144kph, back of a length off stump, he sits back and angles the blade to run it wide of 
third man and he sprints back for two. Shami didn't come close to running him out. 
Warner is so quick",3.3,2,2.0,"Bumrah to Warner, 2 runs  .144kph, back of a length off stump, he sits back and angles the blade to run it wide of  .third man and he sprints back for two. Shami didn't come close to running him out.  .Warner is so quick",Bumrah,Warner,2.0,0,0,1,1,2.0,0,,1
"3.4 
• 
Bumrah to Warner, no run 
flash and miss at a 147kph, length ball just wide of off. Not quite short enough or wide 
enough to cut",3.4,0,0.0,"Bumrah to Warner, no run  .flash and miss at a 147kph, length ball just wide of off. Not quite short enough or wide  .enough to cut",Bumrah,Warner,0.0,0,0,1,1,0.0,0,,0
"3.5 
• 
Bumrah to Warner, no run 
145kph, back of a length on off, he's back and defending to cover",3.5,0,0.0,"Bumrah to Warner, no run  .145kph, back of a length on off, he's back and defending to cover",Bumrah,Warner,0.0,0,0,1,1,0.0,0,,0
"3.6 
1 
Bumrah to Warner, 1 run 
is Warner run out?! It's gone upstairs. He's just home with an amazing dive! He pushes 
to mid off taking on Agarwal, who races in and underarms and hits but Warner beat him 
by inches with a full length dive 
end of over 49 runs  
AUS: 17/0CRR: 4.25  
David Warner9 (10b 1x4) 
Aaron Finch6 (14b 1x4) 
Jasprit Bumrah 2-0-15-0 
Mohammed Shami 2-0-2-0",3.6,1,1.0,"Bumrah to Warner, 1 run  .is Warner run out?! It's gone upstairs. He's just home with an amazing dive! He pushes  .to mid off taking on Agarwal, who races in and underarms and hits but Warner beat him  .by inches with a full length dive",Bumrah,Warner,1.0,0,0,1,1,1.0,0,,1
"4.1 
1 
Shami to Warner, 1 run 
good length, fourth stump, he's opening the face and running to third man",4.1,1,1.0,"Shami to Warner, 1 run  .good length, fourth stump, he's opening the face and running to third man",Shami,Warner,1.0,0,0,1,1,1.0,0,,1
"4.2 
2 
Shami to Finch, 2 runs 
edged but safe along the ground fine of third man. Perfect length, caught on the crease 
defending but there is only one slip in. It was way wide of where second might have 
been anyway 
Slip goes wider",4.2,2,2.0,"Shami to Finch, 2 runs  .edged but safe along the ground fine of third man. Perfect length, caught on the crease  .defending but there is only one slip in. It was way wide of where second might have  .been anyway  .Slip goes wider",Shami,Finch,2.0,0,0,1,1,2.0,0,,1
"4.3 
3 
Shami to Finch, 3 runs 
139kph, drifting too full and straight, he picks this off, into the gap wide of mid on, he 
didn't nail it but the running is superb to get three 
Paddy: ""clear imperative for the Australians to steal as many runs as possible against a 
bloody excellent Indian pace attack. risky business, exciting to watch!""",4.3,3,3.0,"Shami to Finch, 3 runs  .139kph, drifting too full and straight, he picks this off, into the gap wide of mid on, he  .didn't nail it but the running is superb to get three",Shami,Finch,3.0,0,0,1,1,3.0,0,,1
"4.4 
3 
Shami to Warner, 3 runs 
142kph, Warner lofts down the ground, it was an aggressive swipe and he sliced it a 
touch back over the bowler's head but they get three",4.4,3,3.0,"Shami to Warner, 3 runs  .142kph, Warner lofts down the ground, it was an aggressive swipe and he sliced it a  .touch back over the bowler's head but they get three",Shami,Warner,3.0,0,0,1,1,3.0,0,,1
"4.5 
1 
Shami to Finch, 1 run 
138kph, short and wide, he cuts in the air but safe towards a wide third man",4.5,1,1.0,"Shami to Finch, 1 run  .138kph, short and wide, he cuts in the air but safe towards a wide third man",Shami,Finch,1.0,0,0,1,1,1.0,0,,1
"4.6 
• 
Shami to Warner, no run 
142kph, good length, top of off, he defends from the crease to point 
Tributes continue to pour in for legendary footballer Diego Maradona, who died aged 60 
following a heart attack on Wednesday. As massive as his on-field legacy was, his 
charisma and resonance off the pitch was arguably even greater. Here's what made the 
Argentine the sport's ultimate flawed genius 
 
. 
end of over 510 runs  
AUS: 27/0CRR: 5.40  
David Warner13 (13b 1x4) 
Aaron Finch12 (17b 1x4) 
Mohammed Shami 3-0-12-0 
Jasprit Bumrah 2-0-15-0",4.6,0,0.0,"Shami to Warner, no run  .142kph, good length, top of off, he defends from the crease to point  .Tributes continue to pour in for legendary footballer Diego Maradona, who died aged 60  .following a heart attack on Wednesday. As massive as his on-field legacy was, his  .charisma and resonance off the pitch was arguably even greater. Here's what made the  .Argentine the sport's ultimate flawed genius  .  ..",Shami,Warner,0.0,0,0,1,1,0.0,0,,0
"5.1 
• 
Bumrah to Finch, no run 
142kph, short ball angled over leg, Finch ducks under it",5.1,0,0.0,"Bumrah to Finch, no run  .142kph, short ball angled over leg, Finch ducks under it",Bumrah,Finch,0.0,0,0,1,1,0.0,0,,0
"5.2 
4 
Bumrah to Finch, FOUR runs 
144kph, but chest high, Finch swivels and controls a pull shot through square leg. 
Lovely shot 
Vivaan : ""Bloody good running from Australia. They have taken 10 runs from 5 balls 
without hitting a boundary, Fabulous """,5.2,4,4.0,"Bumrah to Finch, FOUR runs  .144kph, but chest high, Finch swivels and controls a pull shot through square leg.  .Lovely shot",Bumrah,Finch,4.0,1,0,1,1,4.0,0,,1
"5.3 
• 
Bumrah to Finch, no run 
146kph, back of a length on off, he's back and working to mid on",5.3,0,0.0,"Bumrah to Finch, no run  .146kph, back of a length on off, he's back and working to mid on",Bumrah,Finch,0.0,0,0,1,1,0.0,0,,0
"5.4 
• 
Bumrah to Finch, no run 
145kph, good length, fourth stump line, he defends on the front foot",5.4,0,0.0,"Bumrah to Finch, no run  .145kph, good length, fourth stump line, he defends on the front foot",Bumrah,Finch,0.0,0,0,1,1,0.0,0,,0
"5.5 
1 
Bumrah to Finch, 1 run 
146kph, good length, he pushes straight of mid on for an easy one 
Aaron Finch has reached 5000 ODI runs. He is the second fastest Australian to get there 
behind his partner David Warner.",5.5,1,1.0,"Bumrah to Finch, 1 run  .146kph, good length, he pushes straight of mid on for an easy one  .Aaron Finch has reached 5000 ODI runs. He is the second fastest Australian to get there  .behind his partner David Warner.",Bumrah,Finch,1.0,0,0,1,1,1.0,0,,1
"5.6 
• 
Bumrah to Warner, no run 
fuller length, he defends to mid off 
end of over 65 runs  
AUS: 32/0CRR: 5.33  
David Warner13 (14b 1x4) 
Aaron Finch17 (22b 2x4) 
Jasprit Bumrah 3-0-20-0 
Mohammed Shami 3-0-12-0 
Navdeep Saini into the attack. His first ball will held up though. There's two protesters 
on the ground.",5.6,0,0.0,"Bumrah to Warner, no run  .fuller length, he defends to mid off",Bumrah,Warner,0.0,0,0,1,1,0.0,0,,0
"6.1 
4 
Saini to Finch, FOUR runs 
141kph, short and wide, and Finch crunches a cut shot through point. Easy pickings",6.1,4,4.0,"Saini to Finch, FOUR runs  .141kph, short and wide, and Finch crunches a cut shot through point. Easy pickings",Saini,Finch,4.0,1,0,1,1,4.0,0,,1
"6.2 
• 
Saini to Finch, no run 
142kph, back of a length, wide again, Finch miscues to cover-point. Finch is furious he 
missed out on that one",6.2,0,0.0,"Saini to Finch, no run  .142kph, back of a length, wide again, Finch miscues to cover-point. Finch is furious he  .missed out on that one",Saini,Finch,0.0,0,0,1,1,0.0,0,,0
"6.3 
• 
Saini to Finch, no run 
143kph, back of a length, climbing, on off, he defends trying to get forward 
James : ""I know when people talk about the best opening partnership of 2010's they 
often mention Sharma and Dhawan, but Warner and Finch aren't much behind them""",6.3,0,0.0,"Saini to Finch, no run  .143kph, back of a length, climbing, on off, he defends trying to get forward",Saini,Finch,0.0,0,0,1,1,0.0,0,,0
"6.4 
• 
Saini to Finch, no run 
142kph, shorter length, Finch swivels to pull but is hurried for pace, it comes off the 
sticker to midwicket",6.4,0,0.0,"Saini to Finch, no run  .142kph, shorter length, Finch swivels to pull but is hurried for pace, it comes off the  .sticker to midwicket",Saini,Finch,0.0,0,0,1,1,0.0,0,,0
"6.5 
• 
Saini to Finch, no run 
142kph, back of a length, he's back and working this to midwicket",6.5,0,0.0,"Saini to Finch, no run  .142kph, back of a length, he's back and working this to midwicket",Saini,Finch,0.0,0,0,1,1,0.0,0,,0
"6.6 
1 
Saini to Finch, 1 run 
short and wide, he cracks a cut to point, Jadeja makes a superb save to his right 
end of over 75 runs  
AUS: 37/0CRR: 5.28  
Aaron Finch22 (28b 3x4) 
David Warner13 (14b 1x4) 
Navdeep Saini 1-0-5-0 
Jasprit Bumrah 3-0-20-0",6.6,1,1.0,"Saini to Finch, 1 run  .short and wide, he cracks a cut to point, Jadeja makes a superb save to his right",Saini,Finch,1.0,0,0,1,1,1.0,0,,1
"7.1 
• 
Bumrah to Finch, no run 
142kph, back of a length, top of off, he's back and working this to midwicket",7.1,0,0.0,"Bumrah to Finch, no run  .142kph, back of a length, top of off, he's back and working this to midwicket",Bumrah,Finch,0.0,0,0,1,1,0.0,0,,0
"7.2 
1 
Bumrah to Finch, 1 run 
145kph, angled into leg, it comes off the inside edge onto thigh guard and rolls away to 
square leg 
No slips now",7.2,1,1.0,"Bumrah to Finch, 1 run  .145kph, angled into leg, it comes off the inside edge onto thigh guard and rolls away to  .square leg  .No slips now",Bumrah,Finch,1.0,0,0,1,1,1.0,0,,1
"7.3 
• 
Bumrah to Warner, no run 
143kph, back of a length, top of off, he defends with the angle to backward point",7.3,0,0.0,"Bumrah to Warner, no run  .143kph, back of a length, top of off, he defends with the angle to backward point",Bumrah,Warner,0.0,0,0,1,1,0.0,0,,0
"7.4 
2 
Bumrah to Warner, 2 runs 
143kph, full on the pads, he clips this easily forward of square for a couple as the 
sweeper comes around from behind square",7.4,2,2.0,"Bumrah to Warner, 2 runs  .143kph, full on the pads, he clips this easily forward of square for a couple as the  .sweeper comes around from behind square",Bumrah,Warner,2.0,0,0,1,1,2.0,0,,1
"7.5 
• 
Bumrah to Warner, no run 
141kph, back of a length, he cuts nicely but straight to point",7.5,0,0.0,"Bumrah to Warner, no run  .141kph, back of a length, he cuts nicely but straight to point",Bumrah,Warner,0.0,0,0,1,1,0.0,0,,0
"7.6 
• 
Bumrah to Warner, no run 
142kph, good length, top of off, he punches this to cover 
end of over 83 runs  
AUS: 40/0CRR: 5.00  
David Warner15 (18b 1x4) 
Aaron Finch23 (30b 3x4) 
Jasprit Bumrah 4-0-23-0 
Navdeep Saini 1-0-5-0",7.6,0,0.0,"Bumrah to Warner, no run  .142kph, good length, top of off, he punches this to cover",Bumrah,Warner,0.0,0,0,1,1,0.0,0,,0
"8.1 
4 
Saini to Finch, FOUR runs 
driven in the air through cover-point! 144kph length ball, he opens the chest and carves 
this flat through the ring! He found the gap",8.1,4,4.0,"Saini to Finch, FOUR runs  .driven in the air through cover-point! 144kph length ball, he opens the chest and carves  .this flat through the ring! He found the gap",Saini,Finch,4.0,1,0,1,1,4.0,0,,1
"8.2 
1 
Saini to Finch, 1 run 
142kph back of a length into the hip, he gets an inside edge onto thigh guard and it 
drops down for a single",8.2,1,1.0,"Saini to Finch, 1 run  .142kph back of a length into the hip, he gets an inside edge onto thigh guard and it  .drops down for a single",Saini,Finch,1.0,0,0,1,1,1.0,0,,1
"8.3 
4 
Saini to Warner, FOUR runs 
142kph, short on the hip, he pulls easily behind square! Lovely shot",8.3,4,4.0,"Saini to Warner, FOUR runs  .142kph, short on the hip, he pulls easily behind square! Lovely shot",Saini,Warner,4.0,1,0,1,1,4.0,0,,1
"8.4 
• 
Saini to Warner, no run 
144kph, full and across Warner, he swings and misses as it seams away. he was trying 
to launch over mid off 
Aryan: ""Why did force saini to remove his arm sleeve"" I don't know. I presume the 
umpire's felt it was an issue. I don't know why",8.4,0,0.0,"Saini to Warner, no run  .144kph, full and across Warner, he swings and misses as it seams away. he was trying  .to launch over mid off",Saini,Warner,0.0,0,0,1,1,0.0,0,,0
"8.5 
• 
Saini to Warner, no run 
back of a length, on off, he defends off the back foot",8.5,0,0.0,"Saini to Warner, no run  .back of a length, on off, he defends off the back foot",Saini,Warner,0.0,0,0,1,1,0.0,0,,0
"8.6 
• 
Saini to Warner, no run 
143kph, full on leg, he clips this to midwicket but picks out the man 
Meanwhile, we hope you got your Fantasy Pick right for this one ... 
end of over 99 runs  
AUS: 49/0CRR: 5.44  
David Warner19 (22b 2x4) 
Aaron Finch28 (32b 4x4) 
Navdeep Saini 2-0-14-0 
Jasprit Bumrah 4-0-23-0 
Shami returns from the other end",8.6,0,0.0,"Saini to Warner, no run  .143kph, full on leg, he clips this to midwicket but picks out the man  .Meanwhile, we hope you got your Fantasy Pick right for this one ...",Saini,Warner,0.0,0,0,1,1,0.0,0,,0
"9.1 
• 
Shami to Finch, no run 
137kph, back of a length on leg, it hits him on the thigh pad as he tries to work behind 
square",9.1,0,0.0,"Shami to Finch, no run  .137kph, back of a length on leg, it hits him on the thigh pad as he tries to work behind  .square",Shami,Finch,0.0,0,0,1,1,0.0,0,,0
"9.2 
• 
Shami to Finch, no run 
137kph, full into middle, he clips this off his toes straight to midwicket",9.2,0,0.0,"Shami to Finch, no run  .137kph, full into middle, he clips this off his toes straight to midwicket",Shami,Finch,0.0,0,0,1,1,0.0,0,,0
"9.3 
1lb 
Shami to Finch, 1 leg bye 
136kph, Finch walks down to a length ball, he gets an inside edge onto thigh guard and 
works it behind square",9.3,1lb,1.0,"Shami to Finch, 1 leg bye  .136kph, Finch walks down to a length ball, he gets an inside edge onto thigh guard and  .works it behind square",Shami,Finch,0.0,0,0,1,1,0.0,0,,0
"9.4 
1 
Shami to Warner, 1 run 
126kph, short on the hip, he's working this to fine leg",9.4,1,1.0,"Shami to Warner, 1 run  .126kph, short on the hip, he's working this to fine leg",Shami,Warner,1.0,0,0,1,1,1.0,0,,1
"9.5 
• 
Shami to Finch, no run 
good length, top of off, he's defending to mid on",9.5,0,0.0,"Shami to Finch, no run  .good length, top of off, he's defending to mid on",Shami,Finch,0.0,0,0,1,1,0.0,0,,0
"9.6 
• 
Shami to Finch, no run 
143kph, full on middle, he drives to mid on 
Powerplay done. 0 for 51 
end of over 102 runs  
AUS: 51/0CRR: 5.10  
Aaron Finch28 (37b 4x4) 
David Warner20 (23b 2x4) 
Mohammed Shami 4-0-13-0 
Navdeep Saini 2-0-14-0 
Four out now",9.6,0,0.0,"Shami to Finch, no run  .143kph, full on middle, he drives to mid on  .Powerplay done. 0 for 51",Shami,Finch,0.0,0,0,1,1,0.0,0,,0
"10.1 
1 
Saini to Warner, 1 run 
141kph, full on the pads, he clips this neatly behind square, he's pushing for two but it's 
not on",10.1,1,1.0,"Saini to Warner, 1 run  .141kph, full on the pads, he clips this neatly behind square, he's pushing for two but it's  .not on",Saini,Warner,1.0,0,0,1,1,1.0,0,,1
"10.2 
1 
Saini to Finch, 1 run 
146kph, back of a length on off, he's back and working this through square leg 
SidB: ""10 overs in 55 minutes... Is that the normal rate? "" It's been slow 
Saini around the wicket",10.2,1,1.0,"Saini to Finch, 1 run  .146kph, back of a length on off, he's back and working this through square leg",Saini,Finch,1.0,0,0,1,1,1.0,0,,1
"10.3 
• 
Saini to Warner, no run 
shorter length, cramping Warner, he works this to midwicket",10.3,0,0.0,"Saini to Warner, no run  .shorter length, cramping Warner, he works this to midwicket",Saini,Warner,0.0,0,0,1,1,0.0,0,,0
"10.4 
• 
Saini to Warner, no run 
140kph, fuller length, fourth stump line, he pushes on the up to cover",10.4,0,0.0,"Saini to Warner, no run  .140kph, fuller length, fourth stump line, he pushes on the up to cover",Saini,Warner,0.0,0,0,1,1,0.0,0,,0
"10.5 
• 
Saini to Warner, no run 
bumper, too short, it flies way over the batter's head",10.5,0,0.0,"Saini to Warner, no run  .bumper, too short, it flies way over the batter's head",Saini,Warner,0.0,0,0,1,1,0.0,0,,0
"10.6 
1 
Saini to Warner, 1 run 
145kph, full and wide, he leans into a cracking square drive straight to deep point 
end of over 113 runs  
AUS: 54/0CRR: 4.90  
David Warner22 (28b 2x4) 
Aaron Finch29 (38b 4x4) 
Navdeep Saini 3-0-17-0 
Mohammed Shami 4-0-13-0 
Chahal into the attack. He is a trump card. A great match up against all the Australians",10.6,1,1.0,"Saini to Warner, 1 run  .145kph, full and wide, he leans into a cracking square drive straight to deep point",Saini,Warner,1.0,0,0,1,1,1.0,0,,1
"11.1 
1w 
Chahal to Warner, 1 wide 
leg break, 84kph dragged down the leg side and it's called wide",11.1,1w,1.0,"Chahal to Warner, 1 wide  .leg break, 84kph dragged down the leg side and it's called wide",Chahal,Warner,0.0,0,0,0,0,1.0,0,,1
"11.1 
1 
Chahal to Warner, 1 run 
leg break, slower on leg, he tucks this around the corner",11.1,1,1.0,"Chahal to Warner, 1 run  .leg break, slower on leg, he tucks this around the corner",Chahal,Warner,1.0,0,0,1,1,1.0,0,,1
"11.2 
• 
Chahal to Finch, no run 
shorter length wide of off, he cuts to point 
Slip in",11.2,0,0.0,"Chahal to Finch, no run  .shorter length wide of off, he cuts to point  .Slip in",Chahal,Finch,0.0,0,0,1,1,0.0,0,,0
"11.3 
• 
Chahal to Finch, no run 
84kph, pushed through, he's back and punching back to the bowler",11.3,0,0.0,"Chahal to Finch, no run  .84kph, pushed through, he's back and punching back to the bowler",Chahal,Finch,0.0,0,0,1,1,0.0,0,,0
"11.4 
• 
Chahal to Finch, no run 
88kph, pushed through, he skips out is forced to thrust his pad at it",11.4,0,0.0,"Chahal to Finch, no run  .88kph, pushed through, he skips out is forced to thrust his pad at it",Chahal,Finch,0.0,0,0,1,1,0.0,0,,0
"11.5 
• 
Chahal to Finch, no run 
floated up on leg, 81kph, he mistimes a drive back to the bowler 
Slip out",11.5,0,0.0,"Chahal to Finch, no run  .floated up on leg, 81kph, he mistimes a drive back to the bowler  .Slip out",Chahal,Finch,0.0,0,0,1,1,0.0,0,,0
"11.6 
• 
Chahal to Finch, no run 
pushed through, a slider, he's back and mistiming to point 
end of over 122 runs  
AUS: 56/0CRR: 4.66  
Aaron Finch29 (43b 4x4) 
David Warner23 (29b 2x4) 
Yuzvendra Chahal 1-0-2-0 
Navdeep Saini 3-0-17-0 
Around the wicket",11.6,0,0.0,"Chahal to Finch, no run  .pushed through, a slider, he's back and mistiming to point",Chahal,Finch,0.0,0,0,1,1,0.0,0,,0
"12.1 
1 
Saini to Warner, 1 run 
good length, angled into off, he's back and working this through forward square",12.1,1,1.0,"Saini to Warner, 1 run  .good length, angled into off, he's back and working this through forward square",Saini,Warner,1.0,0,0,1,1,1.0,0,,1
"12.2 
1w 
Saini to Finch, 1 wide 
139kph, bouncer, too high and called wide 
G SATHYA RAMA S: ""Why there's not much of outswingers at the fourth or fifth stump 
line that would trouble the batsmen ? Almost, all the deliveries are incoming deliveries 
to the batsmen which neither troubled for LBW nor inside edge. "" Not much swing today",12.2,1w,1.0,"Saini to Finch, 1 wide  .139kph, bouncer, too high and called wide",Saini,Finch,0.0,0,0,0,0,1.0,0,,1
"12.2 
2 
Saini to Finch, 2 runs 
142kph, full and tailing in, he clips this neatly wide of mid on for a couple",12.2,2,2.0,"Saini to Finch, 2 runs  .142kph, full and tailing in, he clips this neatly wide of mid on for a couple",Saini,Finch,2.0,0,0,1,1,2.0,0,,1
"12.3 
1 
Saini to Finch, 1 run 
back of a length, outside off, he's back and opening the face to run to third man",12.3,1,1.0,"Saini to Finch, 1 run  .back of a length, outside off, he's back and opening the face to run to third man",Saini,Finch,1.0,0,0,1,1,1.0,0,,1
"12.4 
2 
Saini to Warner, 2 runs 
138kph, full into leg, he clips this nicely through midwicket for a couple 
Remy: ""The Indian Quicks havent tested the Aussies enough with short balls!""",12.4,2,2.0,"Saini to Warner, 2 runs  .138kph, full into leg, he clips this nicely through midwicket for a couple",Saini,Warner,2.0,0,0,1,1,2.0,0,,1
"12.5 
1 
Saini to Warner, 1 run 
full outside off, he drives firmly wide of mid off and takes on Kohli and beats the throw 
easily",12.5,1,1.0,"Saini to Warner, 1 run  .full outside off, he drives firmly wide of mid off and takes on Kohli and beats the throw  .easily",Saini,Warner,1.0,0,0,1,1,1.0,0,,1
"12.6 
• 
Saini to Finch, no run 
145kph, shorter into the hip, he's back trying to pull but it comes off the toe of the bat to 
midwicket 
Drinks Good start by Australia. Shami was particularly frugal but Finch and Warner 
worked their way through it and look in control. Saurabh is coming in 
end of over 138 runs  
AUS: 64/0CRR: 4.92  
Aaron Finch32 (46b 4x4) 
David Warner27 (32b 2x4) 
Navdeep Saini 4-0-25-0 
Yuzvendra Chahal 1-0-2-0 
Thanks Alex. Australia looking really good here. The pitch has also seemed a batting 
beauty. Will India having only five bowlers go against them? 
With Aaron Finch looking good, you cannot miss this absolute tour de force by Melinda 
Farrell for The Cricket Monthly. ""Aaron Finch feared he'd pissed his career away almost 
before it had begun. Off a balcony into a garden, late on a Brisbane winter night,"" is how 
it starts. So read it.",12.6,0,0.0,"Saini to Finch, no run  .145kph, shorter into the hip, he's back trying to pull but it comes off the toe of the bat to  .midwicket  .Drinks Good start by Australia. Shami was particularly frugal but Finch and Warner  .worked their way through it and look in control. Saurabh is coming in",Saini,Finch,0.0,0,0,1,1,0.0,0,,0
"13.1 
1 
Chahal to Warner, 1 run 
tossed up fuller, flicked off his toes to deep midwicket 
- I understand that the tickets that were on sale have all been sold out 
Prakyam S: ""@Saurabh, what is the attendance in the stadium."" 
Fielding change. Short cover in.",13.1,1,1.0,"Chahal to Warner, 1 run  .tossed up fuller, flicked off his toes to deep midwicket  .- I understand that the tickets that were on sale have all been sold out",Chahal,Warner,1.0,0,0,1,1,1.0,0,,1
"13.2 
1 
Chahal to Finch, 1 run 
keeps it tight on off stump, and Finch guides it towards point for a quick single",13.2,1,1.0,"Chahal to Finch, 1 run  .keeps it tight on off stump, and Finch guides it towards point for a quick single",Chahal,Finch,1.0,0,0,1,1,1.0,0,,1
"13.3 
4 
Chahal to Warner, FOUR runs 
bam goes Warner. Chahal wanted to keep it wide of him, but it's not wide enough, ends 
up being in his arc and full, free swing of the arms to the midwicket boundary",13.3,4,4.0,"Chahal to Warner, FOUR runs  .bam goes Warner. Chahal wanted to keep it wide of him, but it's not wide enough, ends  .up being in his arc and full, free swing of the arms to the midwicket boundary",Chahal,Warner,4.0,1,0,1,1,4.0,0,,1
"13.4 
1 
Chahal to Warner, 1 run 
down the track, and takes the googly almost on the half-volley to drive to long-off",13.4,1,1.0,"Chahal to Warner, 1 run  .down the track, and takes the googly almost on the half-volley to drive to long-off",Chahal,Warner,1.0,0,0,1,1,1.0,0,,1
"13.5 
1 
Chahal to Finch, 1 run 
down the track Finch too, goes hard at the drive, gets a thickish inside edge to deep 
midwicket",13.5,1,1.0,"Chahal to Finch, 1 run  .down the track Finch too, goes hard at the drive, gets a thickish inside edge to deep  .midwicket",Chahal,Finch,1.0,0,0,1,1,1.0,0,,1
"13.6 
• 
Chahal to Warner, no run 
good length on the stumps, Warner stretches forward and defends 
end of over 148 runs  
AUS: 72/0CRR: 5.14  
David Warner33 (36b 3x4) 
Aaron Finch34 (48b 4x4) 
Yuzvendra Chahal 2-0-10-0 
Navdeep Saini 4-0-25-0 
There was an incident involving a protester during play. There are photos of it here, and 
here.",13.6,0,0.0,"Chahal to Warner, no run  .good length on the stumps, Warner stretches forward and defends",Chahal,Warner,0.0,0,0,1,1,0.0,0,,0
"14.1 
1 
Jadeja to Finch, 1 run 
floats up a full one first up on the stumps, flicked off his toes through midwicket",14.1,1,1.0,"Jadeja to Finch, 1 run  .floats up a full one first up on the stumps, flicked off his toes through midwicket",Jadeja,Finch,1.0,0,0,1,1,1.0,0,,1
"14.2 
• 
Jadeja to Warner, no run 
angles across him, some turn there for Jadeja, pitches on a length and spins into him, 
jabbed to midwicket",14.2,0,0.0,"Jadeja to Warner, no run  .angles across him, some turn there for Jadeja, pitches on a length and spins into him,  .jabbed to midwicket",Jadeja,Warner,0.0,0,0,1,1,0.0,0,,0
"14.3 
1 
Jadeja to Warner, 1 run 
fuller on the stumps, driven to long-on",14.3,1,1.0,"Jadeja to Warner, 1 run  .fuller on the stumps, driven to long-on",Jadeja,Warner,1.0,0,0,1,1,1.0,0,,1
"14.4 
• 
Jadeja to Finch, no run 
big appeal but he's too far down the track. Skipped down, tried to whip, was beaten by 
the drift",14.4,0,0.0,"Jadeja to Finch, no run  .big appeal but he's too far down the track. Skipped down, tried to whip, was beaten by  .the drift",Jadeja,Finch,0.0,0,0,1,1,0.0,0,,0
"14.5 
• 
Jadeja to Finch, no run 
stronger appeal this time but not given. They're not going to review. This looked very 
close, but perhaps he was struck just outside the line of off. Good flight by Jadeja, and 
on a nice length, he's coming forward to defend but is beaten on the inside edge and 
struck on the pad flap",14.5,0,0.0,"Jadeja to Finch, no run  .stronger appeal this time but not given. They're not going to review. This looked very  .close, but perhaps he was struck just outside the line of off. Good flight by Jadeja, and  .on a nice length, he's coming forward to defend but is beaten on the inside edge and  .struck on the pad flap",Jadeja,Finch,0.0,0,0,1,1,0.0,0,,0
"14.6 
1w 
Jadeja to Finch, 1 wide 
goes down legside so he'll have to rebowl that",14.6,1w,1.0,"Jadeja to Finch, 1 wide  .goes down legside so he'll have to rebowl that",Jadeja,Finch,0.0,0,0,0,0,1.0,0,,1
"14.6 
1 
Jadeja to Finch, 1 run 
tucked through square 
end of over 154 runs  
AUS: 76/0CRR: 5.06  
Aaron Finch36 (52b 4x4) 
David Warner34 (38b 3x4) 
Ravindra Jadeja 1-0-4-0 
Yuzvendra Chahal 2-0-10-0 
- think the umpires will sanitise it. Let's see when that happens though, will be another 
'new normal' to look out for 
Bharath: ""Just curious to know, if a batsmen hits a six into the crowd and the crowd 
touches the ball and throws the ball back into the ground. How will the players sanitise 
it?""",14.6,1,1.0,"Jadeja to Finch, 1 run  .tucked through square",Jadeja,Finch,1.0,0,0,1,1,1.0,0,,1
"15.1 
• 
Chahal to Finch, no run 
length outside off, cuts to point",15.1,0,0.0,"Chahal to Finch, no run  .length outside off, cuts to point",Chahal,Finch,0.0,0,0,1,1,0.0,0,,0
"15.2 
2 
Chahal to Finch, 2 runs 
just out of reach for a diving Shikhar Dhawan. Tossed up wide of off, and Finch was 
tempted to slash at it. Dhawan as in the ring at point, the ball was hit over him, runs 
back and puts in a dive - always difficult to do running back - but the ball just eludes him",15.2,2,2.0,"Chahal to Finch, 2 runs  .just out of reach for a diving Shikhar Dhawan. Tossed up wide of off, and Finch was  .tempted to slash at it. Dhawan as in the ring at point, the ball was hit over him, runs  .back and puts in a dive - always difficult to do running back - but the ball just eludes him",Chahal,Finch,2.0,0,0,1,1,2.0,0,,1
"15.3 
• 
Chahal to Finch, no run 
turn again, but Finch gets forward to defend this outside off",15.3,0,0.0,"Chahal to Finch, no run  .turn again, but Finch gets forward to defend this outside off",Chahal,Finch,0.0,0,0,1,1,0.0,0,,0
"15.4 
1w 
Chahal to Finch, 1 wide 
that one is too wide outside off and it's outside the tram line. Wide.",15.4,1w,1.0,"Chahal to Finch, 1 wide  .that one is too wide outside off and it's outside the tram line. Wide.",Chahal,Finch,0.0,0,0,0,0,1.0,0,,1
"15.4 
• 
Chahal to Finch, no run 
fuller this time and closer to the stumps, gently defended to cover",15.4,0,0.0,"Chahal to Finch, no run  .fuller this time and closer to the stumps, gently defended to cover",Chahal,Finch,0.0,0,0,1,1,0.0,0,,0
"15.5 
1 
Chahal to Finch, 1 run 
tossed up on the stumps, he makes a bit of room to flick this to wide long-on",15.5,1,1.0,"Chahal to Finch, 1 run  .tossed up on the stumps, he makes a bit of room to flick this to wide long-on",Chahal,Finch,1.0,0,0,1,1,1.0,0,,1
"15.6 
1 
Chahal to Warner, 1 run 
flatter this time, on leg stump, tucked backward of square 
end of over 165 runs  
AUS: 81/0CRR: 5.06  
David Warner35 (39b 3x4) 
Aaron Finch39 (57b 4x4) 
Yuzvendra Chahal 3-0-15-0 
Ravindra Jadeja 1-0-4-0 
- I would imagine he's not, since he didn't bowl in the IPL and indicated he wasn't quite 
ready 
Hari Narayan : ""Is Hardik Pandya fit to bowl.""",15.6,1,1.0,"Chahal to Warner, 1 run  .flatter this time, on leg stump, tucked backward of square",Chahal,Warner,1.0,0,0,1,1,1.0,0,,1
"16.1 
1 
Jadeja to Warner, 1 run 
fuller on the stumps, patted to long-on",16.1,1,1.0,"Jadeja to Warner, 1 run  .fuller on the stumps, patted to long-on",Jadeja,Warner,1.0,0,0,1,1,1.0,0,,1
"16.2 
• 
Jadeja to Finch, no run 
zipped in outside off, and Finch is a bit late on the drive, takes the inside edge and plops 
back towards the bowler",16.2,0,0.0,"Jadeja to Finch, no run  .zipped in outside off, and Finch is a bit late on the drive, takes the inside edge and plops  .back towards the bowler",Jadeja,Finch,0.0,0,0,1,1,0.0,0,,0
"16.3 
1 
Jadeja to Finch, 1 run 
tries to make room to whack him through the legside but no timing, goes to midwicket",16.3,1,1.0,"Jadeja to Finch, 1 run  .tries to make room to whack him through the legside but no timing, goes to midwicket",Jadeja,Finch,1.0,0,0,1,1,1.0,0,,1
"16.4 
1 
Jadeja to Warner, 1 run 
fuller on the stumps, Warner pats it gently towards long-on",16.4,1,1.0,"Jadeja to Warner, 1 run  .fuller on the stumps, Warner pats it gently towards long-on",Jadeja,Warner,1.0,0,0,1,1,1.0,0,,1
"16.5 
• 
Jadeja to Finch, no run 
Rahul is celebrating, he thinks Finch edged his sweep behind. They're not going to 
review. tossed up a bit more down leg, Finch went to sweep. No audible sound, but 
Rahul gathered it behind and was up straightaway. Don't think anyone else thought 
there was any bat on that though",16.5,0,0.0,"Jadeja to Finch, no run  .Rahul is celebrating, he thinks Finch edged his sweep behind. They're not going to  .review. tossed up a bit more down leg, Finch went to sweep. No audible sound, but  .Rahul gathered it behind and was up straightaway. Don't think anyone else thought  .there was any bat on that though",Jadeja,Finch,0.0,0,0,1,1,0.0,0,,0
"16.6 
• 
Jadeja to Finch, no run 
given some air outside off, and he defends 
end of over 173 runs  
AUS: 84/0CRR: 4.94  
Aaron Finch40 (61b 4x4) 
David Warner37 (41b 3x4) 
Ravindra Jadeja 2-0-7-0 
Yuzvendra Chahal 3-0-15-0",16.6,0,0.0,"Jadeja to Finch, no run  .given some air outside off, and he defends",Jadeja,Finch,0.0,0,0,1,1,0.0,0,,0
"17.1 
2w 
Chahal to Warner, 2 wide 
flatter on leg stump, tries to go down and slog sweep, but misses it. Goes down leg so 
it's a wide and they take a single too",17.1,2w,2.0,"Chahal to Warner, 2 wide  .flatter on leg stump, tries to go down and slog sweep, but misses it. Goes down leg so  .it's a wide and they take a single too",Chahal,Warner,0.0,0,0,0,0,2.0,0,,1
"17.1 
• 
Chahal to Finch, no run 
googly outside off, he can't work it away",17.1,0,0.0,"Chahal to Finch, no run  .googly outside off, he can't work it away",Chahal,Finch,0.0,0,0,1,1,0.0,0,,0
"17.2 
6 
Chahal to Finch, SIX runs 
nails the slog across the line. The length was too full that time from Chahal, and Finch 
spotted that, took a confident stride out and whacked it across the line and over the 
deep midwicket fence",17.2,6,6.0,"Chahal to Finch, SIX runs  .nails the slog across the line. The length was too full that time from Chahal, and Finch  .spotted that, took a confident stride out and whacked it across the line and over the  .deep midwicket fence",Chahal,Finch,6.0,0,1,1,1,6.0,0,,1
"17.3 
• 
Chahal to Finch, no run 
flatter, length ball on the stumps, some turn still, defended from the crease",17.3,0,0.0,"Chahal to Finch, no run  .flatter, length ball on the stumps, some turn still, defended from the crease",Chahal,Finch,0.0,0,0,1,1,0.0,0,,0
"17.4 
2 
Chahal to Finch, 2 runs 
twinkles down the track, very quick on his feet that time Finch, and whips this to fine leg",17.4,2,2.0,"Chahal to Finch, 2 runs  .twinkles down the track, very quick on his feet that time Finch, and whips this to fine leg",Chahal,Finch,2.0,0,0,1,1,2.0,0,,1
"17.5 
1 
Chahal to Finch, 1 run 
length around off, stays beside it and steers to point's right",17.5,1,1.0,"Chahal to Finch, 1 run  .length around off, stays beside it and steers to point's right",Chahal,Finch,1.0,0,0,1,1,1.0,0,,1
"17.6 
2 
Chahal to Warner, 2 runs 
tossed up wide of off, Warner strokes it nicely through extra cover 
end of over 1813 runs  
AUS: 97/0CRR: 5.38  
David Warner39 (42b 3x4) 
Aaron Finch49 (66b 4x4 1x6) 
Yuzvendra Chahal 4-0-28-0 
Ravindra Jadeja 2-0-7-0 
- haha, it's about minus 543! 
Ravdeep Mehta: ""The probability of viewer's comment to be published during Jadeja's 
over is as much as .................... Complete the above sentence. """,17.6,2,2.0,"Chahal to Warner, 2 runs  .tossed up wide of off, Warner strokes it nicely through extra cover",Chahal,Warner,2.0,0,0,1,1,2.0,0,,1
"18.1 
• 
Jadeja to Finch, no run 
flatter outside off, jabbed back to the bowler's right",18.1,0,0.0,"Jadeja to Finch, no run  .flatter outside off, jabbed back to the bowler's right",Jadeja,Finch,0.0,0,0,1,1,0.0,0,,0
"18.2 
• 
Jadeja to Finch, no run 
some more flight on that, still outside off, driven to cover",18.2,0,0.0,"Jadeja to Finch, no run  .some more flight on that, still outside off, driven to cover",Jadeja,Finch,0.0,0,0,1,1,0.0,0,,0
"18.3 
1 
Jadeja to Finch, 1 run 
this time he tosses it up wider outside off and Finch flays that through cover to raise 
fifty. Not always fluent but he's done his part in giving Australia a great platform",18.3,1,1.0,"Jadeja to Finch, 1 run  .this time he tosses it up wider outside off and Finch flays that through cover to raise  .fifty. Not always fluent but he's done his part in giving Australia a great platform",Jadeja,Finch,1.0,0,0,1,1,1.0,0,,1
"18.4 
1 
Jadeja to Warner, 1 run 
flatter on leg stump, tucked to backward square leg's right",18.4,1,1.0,"Jadeja to Warner, 1 run  .flatter on leg stump, tucked to backward square leg's right",Jadeja,Warner,1.0,0,0,1,1,1.0,0,,1
"18.5 
• 
Jadeja to Finch, no run 
targetting the stumps and Finch offers a straight bat back",18.5,0,0.0,"Jadeja to Finch, no run  .targetting the stumps and Finch offers a straight bat back",Jadeja,Finch,0.0,0,0,1,1,0.0,0,,0
"18.6 
1 
Jadeja to Finch, 1 run 
length outside off, cuts it to Saini at short third man and excellent running between the 
two to get that single. Saini fumbles as he's put under pressure to fire back a throw 
end of over 193 runs  
AUS: 100/0CRR: 5.26  
Aaron Finch51 (71b 4x4 1x6) 
David Warner40 (43b 3x4) 
Ravindra Jadeja 3-0-10-0 
Yuzvendra Chahal 4-0-28-0 
Dhaval : ""Ominous looking signs for India at the moment. But modern day Cricket has 
been so unpredictable nowadays, you never know when the tables can turn. "" 
Pratheek Jain: ""The only thing quicker than a jadeja over is a jadeja throw."" 
Bumrah is back",18.6,1,1.0,"Jadeja to Finch, 1 run  .length outside off, cuts it to Saini at short third man and excellent running between the  .two to get that single. Saini fumbles as he's put under pressure to fire back a throw",Jadeja,Finch,1.0,0,0,1,1,1.0,0,,1
"19.1 
1 
Bumrah to Finch, 1 run 
misses the direct hit at the bowler's end. Length ball angling into him, and this was 
tapped to mid-on. They ran through and Jadeja was the man there, swoops in and lets 
loose a throw. Misses the stumps - Finch was miles out if he had hit 
round the wicket",19.1,1,1.0,"Bumrah to Finch, 1 run  .misses the direct hit at the bowler's end. Length ball angling into him, and this was  .tapped to mid-on. They ran through and Jadeja was the man there, swoops in and lets  .loose a throw. Misses the stumps - Finch was miles out if he had hit  .round the wicket",Bumrah,Finch,1.0,0,0,1,1,1.0,0,,1
"19.2 
1 
Bumrah to Warner, 1 run 
slower ball, strays on the pads, tucked through square",19.2,1,1.0,"Bumrah to Warner, 1 run  .slower ball, strays on the pads, tucked through square",Bumrah,Warner,1.0,0,0,1,1,1.0,0,,1
"19.3 
• 
Bumrah to Finch, no run 
back of a length coming into him, punched to point 
Bumrah back over the wicket to Finch by the way",19.3,0,0.0,"Bumrah to Finch, no run  .back of a length coming into him, punched to point  .Bumrah back over the wicket to Finch by the way",Bumrah,Finch,0.0,0,0,1,1,0.0,0,,0
"19.4 
• 
Bumrah to Finch, no run 
back of a length, keeping it tight coming into him on off, goes on the back foot and flat-
bats it to midiwcket",19.4,0,0.0,"Bumrah to Finch, no run  .back of a length, keeping it tight coming into him on off, goes on the back foot and flat- .bats it to midiwcket",Bumrah,Finch,0.0,0,0,1,1,0.0,0,,0
"19.5 
1 
Bumrah to Finch, 1 run 
not as short that time, so doesn't bounce as much and allows Finch to stay on the back 
foot and swivel-pull this to deep square leg 
back to round the wicket for Warner",19.5,1,1.0,"Bumrah to Finch, 1 run  .not as short that time, so doesn't bounce as much and allows Finch to stay on the back  .foot and swivel-pull this to deep square leg  .back to round the wicket for Warner",Bumrah,Finch,1.0,0,0,1,1,1.0,0,,1
"19.6 
• 
Bumrah to Warner, no run 
almost a yorker, digs it out into the legside 
end of over 203 runs  
AUS: 103/0CRR: 5.15  
David Warner41 (45b 3x4) 
Aaron Finch53 (75b 4x4 1x6) 
Jasprit Bumrah 5-0-26-0 
Ravindra Jadeja 3-0-10-0",19.6,0,0.0,"Bumrah to Warner, no run  .almost a yorker, digs it out into the legside",Bumrah,Warner,0.0,0,0,1,1,0.0,0,,0
"20.1 
• 
Jadeja to Finch, no run 
down the track, but Jadeja had shortened his length and the ball hits the bat high. Pops 
up in the air but drops near his feet",20.1,0,0.0,"Jadeja to Finch, no run  .down the track, but Jadeja had shortened his length and the ball hits the bat high. Pops  .up in the air but drops near his feet",Jadeja,Finch,0.0,0,0,1,1,0.0,0,,0
"20.2 
1 
Jadeja to Finch, 1 run 
goes forward and whips this across his pads through square",20.2,1,1.0,"Jadeja to Finch, 1 run  .goes forward and whips this across his pads through square",Jadeja,Finch,1.0,0,0,1,1,1.0,0,,1
"20.3 
1 
Jadeja to Warner, 1 run 
length ball on the stumps, Warner goes back and keeps bat close to body while tapping 
it through square leg",20.3,1,1.0,"Jadeja to Warner, 1 run  .length ball on the stumps, Warner goes back and keeps bat close to body while tapping  .it through square leg",Jadeja,Warner,1.0,0,0,1,1,1.0,0,,1
"20.4 
1 
Jadeja to Finch, 1 run 
length ball on the stumps, patted to long-on. Jadeja wanted to go across and field but 
ran into Warner at the non-striker's end. No damage done",20.4,1,1.0,"Jadeja to Finch, 1 run  .length ball on the stumps, patted to long-on. Jadeja wanted to go across and field but  .ran into Warner at the non-striker's end. No damage done",Jadeja,Finch,1.0,0,0,1,1,1.0,0,,1
"20.5 
1 
Jadeja to Warner, 1 run 
length on the stumps and Warner continues to play him in the same fashion, minimal 
backlift and follow through while slapping it through square, on the back foot",20.5,1,1.0,"Jadeja to Warner, 1 run  .length on the stumps and Warner continues to play him in the same fashion, minimal  .backlift and follow through while slapping it through square, on the back foot",Jadeja,Warner,1.0,0,0,1,1,1.0,0,,1
"20.6 
• 
Jadeja to Finch, no run 
patted back down the pitch to the bowler 
end of over 214 runs  
AUS: 107/0CRR: 5.09  
Aaron Finch55 (79b 4x4 1x6) 
David Warner43 (47b 3x4) 
Ravindra Jadeja 4-0-14-0 
Jasprit Bumrah 5-0-26-0 
- The pitch is pretty flat though there is some turn on offer. I think the spinners have 
bowled very well. Not too much wrong with how Bumrah and Shami opened too 
Hari: ""Is the pitch flat, or are the bowlers not bowling well?"" 
Bumrah stays around the wicket to Warner.",20.6,0,0.0,"Jadeja to Finch, no run  .patted back down the pitch to the bowler",Jadeja,Finch,0.0,0,0,1,1,0.0,0,,0
"21.1 
4 
Bumrah to Warner, FOUR runs 
slammed through midwicket. Too short and a bit slower, enough time for Warner to sit 
back and pull this with authority",21.1,4,4.0,"Bumrah to Warner, FOUR runs  .slammed through midwicket. Too short and a bit slower, enough time for Warner to sit  .back and pull this with authority",Bumrah,Warner,4.0,1,0,1,1,4.0,0,,1
"21.2 
1 
Bumrah to Warner, 1 run 
fuller on the stumps, angling into him, flicked backward of square",21.2,1,1.0,"Bumrah to Warner, 1 run  .fuller on the stumps, angling into him, flicked backward of square",Bumrah,Warner,1.0,0,0,1,1,1.0,0,,1
"21.3 
• 
Bumrah to Finch, no run 
yorker on the stumps, goes back and punches to mid-on 
- Might have, but Natarajan was back-up to Saini. Saini would always be first choice if fit 
Gokul: ""Do you think T Natarajan would have provided some variety in the pace 
department?""",21.3,0,0.0,"Bumrah to Finch, no run  .yorker on the stumps, goes back and punches to mid-on  .- Might have, but Natarajan was back-up to Saini. Saini would always be first choice if fit",Bumrah,Finch,0.0,0,0,1,1,0.0,0,,0
"21.4 
1 
Bumrah to Finch, 1 run 
yorker outside off, uses wrists to dig this out to midwicket. A bit of a fumble as two 
fielders converge so they take a quick single",21.4,1,1.0,"Bumrah to Finch, 1 run  .yorker outside off, uses wrists to dig this out to midwicket. A bit of a fumble as two  .fielders converge so they take a quick single",Bumrah,Finch,1.0,0,0,1,1,1.0,0,,1
"21.5 
1nb 
Bumrah to Warner, (no ball) 
and Bumrah lets Warner know that he's not here just to make up numbers. Excellent 
bouncer, outside off, Warner sways out of the way 
uh-oh, looks like Bumrah's overstepped last ball. Free hit coming up.",21.5,1nb,1.0,"Bumrah to Warner, (no ball)  .and Bumrah lets Warner know that he's not here just to make up numbers. Excellent  .bouncer, outside off, Warner sways out of the way  .uh-oh, looks like Bumrah's overstepped last ball. Free hit coming up.",Bumrah,Warner,0.0,0,0,1,0,1.0,0,,1
"21.5 
4lb 
Bumrah to Warner, 4 leg byes 
unlucky for the bowler. Warner was backing away a long way, Bumrah followed him and 
did so excellently too, but the yorker length ball flicks his pad and goes very fine for four 
leg-byes",21.5,4lb,4.0,"Bumrah to Warner, 4 leg byes  .unlucky for the bowler. Warner was backing away a long way, Bumrah followed him and  .did so excellently too, but the yorker length ball flicks his pad and goes very fine for four  .leg-byes",Bumrah,Warner,0.0,0,0,1,1,0.0,0,,0
"21.6 
• 
Bumrah to Warner, no run 
short ball again, rising up to Warner's ribs, and he can't time the pull. Drops down near 
him off the bottom edge 
end of over 2211 runs  
AUS: 118/0CRR: 5.36  
David Warner48 (52b 4x4) 
Aaron Finch56 (81b 4x4 1x6) 
Jasprit Bumrah 6-0-33-0 
Ravindra Jadeja 4-0-14-0",21.6,0,0.0,"Bumrah to Warner, no run  .short ball again, rising up to Warner's ribs, and he can't time the pull. Drops down near  .him off the bottom edge",Bumrah,Warner,0.0,0,0,1,1,0.0,0,,0
"22.1 
1 
Jadeja to Finch, 1 run 
fuller, tapped to long-on 
- Take care and get well soon, Tarun 
Tarun: ""I am covid positive and sitting in isolation with no TV in my room. Thanks to 
Cricinfo for letting me pass 14th day of quarantine swiftly..thank you.""",22.1,1,1.0,"Jadeja to Finch, 1 run  .fuller, tapped to long-on  .- Take care and get well soon, Tarun",Jadeja,Finch,1.0,0,0,1,1,1.0,0,,1
"22.2 
• 
Jadeja to Warner, no run 
keeps it on a fuller length on the stumps, Warner goes back and across and taps it back 
to the bowler's left",22.2,0,0.0,"Jadeja to Warner, no run  .keeps it on a fuller length on the stumps, Warner goes back and across and taps it back  .to the bowler's left",Jadeja,Warner,0.0,0,0,1,1,0.0,0,,0
"22.3 
2 
Jadeja to Warner, 2 runs 
excellent running again and Warner has raised fifty. He's been almost quietly dominant. 
I know that's an oxymoron, bur Warner's pulled it off. Plays what has been his favourite 
shot off Jadeja to get there, the minimal flourish flat pull through square leg",22.3,2,2.0,"Jadeja to Warner, 2 runs  .excellent running again and Warner has raised fifty. He's been almost quietly dominant.  .I know that's an oxymoron, bur Warner's pulled it off. Plays what has been his favourite  .shot off Jadeja to get there, the minimal flourish flat pull through square leg",Jadeja,Warner,2.0,0,0,1,1,2.0,0,,1
"22.4 
1 
Jadeja to Warner, 1 run 
fuller, driven to long-on",22.4,1,1.0,"Jadeja to Warner, 1 run  .fuller, driven to long-on",Jadeja,Warner,1.0,0,0,1,1,1.0,0,,1
"22.5 
4 
Jadeja to Finch, FOUR runs 
plonked to the long-on boundary. Sees the length is fuller and the ball is wider and goes 
on the front foot to loft this over mid-on. One bounce into the fence",22.5,4,4.0,"Jadeja to Finch, FOUR runs  .plonked to the long-on boundary. Sees the length is fuller and the ball is wider and goes  .on the front foot to loft this over mid-on. One bounce into the fence",Jadeja,Finch,4.0,1,0,1,1,4.0,0,,1
"22.6 
• 
Jadeja to Finch, no run 
slows it up a bit, on a length outside off, turned to midwicket 
end of over 238 runs  
AUS: 126/0CRR: 5.47  
Aaron Finch61 (84b 5x4 1x6) 
David Warner51 (55b 4x4) 
Ravindra Jadeja 5-0-22-0 
Jasprit Bumrah 6-0-33-0 
Earl John: ""So, if Australia get to 30 overs without losing a wicket. This becomes a T20I 
innings, how many can Aus score in 20 overs?"" 
Chahal returns",22.6,0,0.0,"Jadeja to Finch, no run  .slows it up a bit, on a length outside off, turned to midwicket",Jadeja,Finch,0.0,0,0,1,1,0.0,0,,0
"23.1 
• 
Chahal to Warner, no run 
flatter and fullish, defended on the front foot",23.1,0,0.0,"Chahal to Warner, no run  .flatter and fullish, defended on the front foot",Chahal,Warner,0.0,0,0,1,1,0.0,0,,0
"23.2 
• 
Chahal to Warner, no run 
tossed up a bit more, comes on the front foot to nudge it to midwicket",23.2,0,0.0,"Chahal to Warner, no run  .tossed up a bit more, comes on the front foot to nudge it to midwicket",Chahal,Warner,0.0,0,0,1,1,0.0,0,,0
"23.3 
• 
Chahal to Warner, no run 
given some air, on the pads, turned to midwicket",23.3,0,0.0,"Chahal to Warner, no run  .given some air, on the pads, turned to midwicket",Chahal,Warner,0.0,0,0,1,1,0.0,0,,0
"23.4 
• 
Chahal to Warner, no run 
fuller outside off, whipped with power, but Kohli at midwicket doesn't let it go past him",23.4,0,0.0,"Chahal to Warner, no run  .fuller outside off, whipped with power, but Kohli at midwicket doesn't let it go past him",Chahal,Warner,0.0,0,0,1,1,0.0,0,,0
"23.5 
• 
Chahal to Warner, no run 
flatter on the stumps, tapped to midwicket again. Kohli's had a busy time this over",23.5,0,0.0,"Chahal to Warner, no run  .flatter on the stumps, tapped to midwicket again. Kohli's had a busy time this over",Chahal,Warner,0.0,0,0,1,1,0.0,0,,0
"23.6 
1 
Chahal to Warner, 1 run 
tossed up on the pads, this time he turns it more square to keep it clear of Kohli and 
gets a single 
end of over 241 run  
AUS: 127/0CRR: 5.29  
David Warner52 (61b 4x4) 
Aaron Finch61 (84b 5x4 1x6) 
Yuzvendra Chahal 5-0-29-0 
Ravindra Jadeja 5-0-22-0",23.6,1,1.0,"Chahal to Warner, 1 run  .tossed up on the pads, this time he turns it more square to keep it clear of Kohli and  .gets a single",Chahal,Warner,1.0,0,0,1,1,1.0,0,,1
"24.1 
4 
Jadeja to Warner, FOUR runs 
reverse swept for four to fine leg. Fuller and some drift across the stumps, Warner saw 
the length and went down early to reverse sweep. Timed and placed perfectly",24.1,4,4.0,"Jadeja to Warner, FOUR runs  .reverse swept for four to fine leg. Fuller and some drift across the stumps, Warner saw  .the length and went down early to reverse sweep. Timed and placed perfectly",Jadeja,Warner,4.0,1,0,1,1,4.0,0,,1
"24.2 
2 
Jadeja to Warner, 2 runs 
length ball, punched off the back foot through cover",24.2,2,2.0,"Jadeja to Warner, 2 runs  .length ball, punched off the back foot through cover",Jadeja,Warner,2.0,0,0,1,1,2.0,0,,1
"24.3 
• 
Jadeja to Warner, no run 
quicker and flatter and pulls the length back, goes on the back foot to tap it towards 
midwicket",24.3,0,0.0,"Jadeja to Warner, no run  .quicker and flatter and pulls the length back, goes on the back foot to tap it towards  .midwicket",Jadeja,Warner,0.0,0,0,1,1,0.0,0,,0
"24.4 
• 
Jadeja to Warner, no run 
fuller on the pads, flicked, but can't beat midwicket",24.4,0,0.0,"Jadeja to Warner, no run  .fuller on the pads, flicked, but can't beat midwicket",Jadeja,Warner,0.0,0,0,1,1,0.0,0,,0
"24.5 
• 
Jadeja to Warner, no run 
driven off the back foot to the bowler's left. Jadeja fields",24.5,0,0.0,"Jadeja to Warner, no run  .driven off the back foot to the bowler's left. Jadeja fields",Jadeja,Warner,0.0,0,0,1,1,0.0,0,,0
"24.6 
1 
Jadeja to Warner, 1 run 
skips down the track but Jadeja shortens his length and Warner can only tuck it through 
midwicket 
end of over 257 runs  
AUS: 134/0CRR: 5.36  
David Warner59 (67b 5x4) 
Aaron Finch61 (84b 5x4 1x6) 
Ravindra Jadeja 6-0-29-0 
Yuzvendra Chahal 5-0-29-0 
Gurpreet Singh: ""@Earl - Sorry to be that guy but technically the last 20 overs don't turn 
into a T20. Different field restrictions, bowler overs quota, etc."" 
Warner has faced the last 12 balls, and is on strike now too. And he'll face Shami now.",24.6,1,1.0,"Jadeja to Warner, 1 run  .skips down the track but Jadeja shortens his length and Warner can only tuck it through  .midwicket",Jadeja,Warner,1.0,0,0,1,1,1.0,0,,1
"25.1 
• 
Shami to Warner, no run 
length ball on the stumps to tuck him up, tapped towards square leg",25.1,0,0.0,"Shami to Warner, no run  .length ball on the stumps to tuck him up, tapped towards square leg",Shami,Warner,0.0,0,0,1,1,0.0,0,,0
"25.2 
1 
Shami to Warner, 1 run 
fuller, angling across him, punched from outside off to extra cover. Bit of a fumble but 
an easy single was there to be had anyway 
Finch back on strike after 14 balls",25.2,1,1.0,"Shami to Warner, 1 run  .fuller, angling across him, punched from outside off to extra cover. Bit of a fumble but  .an easy single was there to be had anyway  .Finch back on strike after 14 balls",Shami,Warner,1.0,0,0,1,1,1.0,0,,1
"25.3 
1 
Shami to Finch, 1 run 
length on off, he's making some room, gets bat down in time to steer this to short third 
man",25.3,1,1.0,"Shami to Finch, 1 run  .length on off, he's making some room, gets bat down in time to steer this to short third  .man",Shami,Finch,1.0,0,0,1,1,1.0,0,,1
"25.4 
• 
Shami to Warner, no run 
length ball, steered to short third man",25.4,0,0.0,"Shami to Warner, no run  .length ball, steered to short third man",Shami,Warner,0.0,0,0,1,1,0.0,0,,0
"25.5 
• 
Shami to Warner, no run 
fuller on the stumps, he goes back and digs out a drive to mid-off",25.5,0,0.0,"Shami to Warner, no run  .fuller on the stumps, he goes back and digs out a drive to mid-off",Shami,Warner,0.0,0,0,1,1,0.0,0,,0
"25.6 
2 
Shami to Warner, 2 runs 
length outside off, chopped to third man 
end of over 264 runs  
AUS: 138/0CRR: 5.30  
David Warner62 (72b 5x4) 
Aaron Finch62 (85b 5x4 1x6) 
Mohammed Shami 5-0-17-0 
Ravindra Jadeja 6-0-29-0 
Our resident stats genius Gaurav Sundararaman has pointed me to this link - the 
opening partnerships against India in 2020.",25.6,2,2.0,"Shami to Warner, 2 runs  .length outside off, chopped to third man",Shami,Warner,2.0,0,0,1,1,2.0,0,,1
"26.1 
1 
Jadeja to Finch, 1 run 
stays back and cuts to point",26.1,1,1.0,"Jadeja to Finch, 1 run  .stays back and cuts to point",Jadeja,Finch,1.0,0,0,1,1,1.0,0,,1
"26.2 
1 
Jadeja to Warner, 1 run 
length outside off, punched off the back foot to long-off",26.2,1,1.0,"Jadeja to Warner, 1 run  .length outside off, punched off the back foot to long-off",Jadeja,Warner,1.0,0,0,1,1,1.0,0,,1
"26.3 
• 
Jadeja to Finch, no run 
down the track, gets a leading edge trying to work it away, but it falls well short of point",26.3,0,0.0,"Jadeja to Finch, no run  .down the track, gets a leading edge trying to work it away, but it falls well short of point",Jadeja,Finch,0.0,0,0,1,1,0.0,0,,0
"26.4 
6 
Jadeja to Finch, SIX runs 
boom. This time his foray down the track is successful. The length is fuller too and he 
absolutely smashes his loft over long-on",26.4,6,6.0,"Jadeja to Finch, SIX runs  .boom. This time his foray down the track is successful. The length is fuller too and he  .absolutely smashes his loft over long-on",Jadeja,Finch,6.0,0,1,1,1,6.0,0,,1
"26.5 
2 
Jadeja to Finch, 2 runs 
down the track again, not quite the right timing this time, but he hits with power towards 
long-on",26.5,2,2.0,"Jadeja to Finch, 2 runs  .down the track again, not quite the right timing this time, but he hits with power towards  .long-on",Jadeja,Finch,2.0,0,0,1,1,2.0,0,,1
"26.6 
1 
Jadeja to Finch, 1 run 
another few steps down, opens the face to steer to point's right. 
end of over 2711 runs  
AUS: 149/0CRR: 5.51  
Aaron Finch72 (90b 5x4 2x6) 
David Warner63 (73b 5x4) 
Ravindra Jadeja 7-0-40-0 
Mohammed Shami 5-0-17-0",26.6,1,1.0,"Jadeja to Finch, 1 run  .another few steps down, opens the face to steer to point's right.",Jadeja,Finch,1.0,0,0,1,1,1.0,0,,1
"27.1 
• 
Shami to Finch, no run 
fuller, tailing into the stumps, clipped to mid-on",27.1,0,0.0,"Shami to Finch, no run  .fuller, tailing into the stumps, clipped to mid-on",Shami,Finch,0.0,0,0,1,1,0.0,0,,0
"27.2 
1 
Shami to Finch, 1 run 
nips back in from a length to hit him on the pads, as he's trying to swat this across, goes 
off the pad to point. Half an appeal from Shami",27.2,1,1.0,"Shami to Finch, 1 run  .nips back in from a length to hit him on the pads, as he's trying to swat this across, goes  .off the pad to point. Half an appeal from Shami",Shami,Finch,1.0,0,0,1,1,1.0,0,,1
"27.3 
4 
Shami to Warner, FOUR runs 
slammed. That is just disdainful. Shami goes fuller and Warner stays still and just swats 
it over midwicket's head and into the boundary. Didn't even have a big flourish but timed 
it so well, he didn't need to",27.3,4,4.0,"Shami to Warner, FOUR runs  .slammed. That is just disdainful. Shami goes fuller and Warner stays still and just swats  .it over midwicket's head and into the boundary. Didn't even have a big flourish but timed  .it so well, he didn't need to",Shami,Warner,4.0,1,0,1,1,4.0,0,,1
"27.4 
2 
Shami to Warner, 2 runs 
length ball tucks him up on the stumps, steered to cover. The fielder lets loose a throw 
and misses, no one backing up so they get a second 
Mans: ""India's plan against Smith, don't give him an opportunity to bat! """,27.4,2,2.0,"Shami to Warner, 2 runs  .length ball tucks him up on the stumps, steered to cover. The fielder lets loose a throw  .and misses, no one backing up so they get a second",Shami,Warner,2.0,0,0,1,1,2.0,0,,1
"27.5 
W 
Shami to Warner, OUT 
huge appeal for a catch by the keeper and not given. Kohli has gone for the review. 
Yorker length ball, shaping away a touch, his bat hit ground as the ball went past and 
Rahul had an easy take. And there is a spike as the ball goes past the outside edge with 
the bat not yet having hit the ground I think. Yes indeed it is, so the umpire will have to 
change his decision and India have their first wicket. 
David Warner c †Rahul b Mohammed Shami 69 (76b 6x4 0x6) SR: 90.78 
Smith is in now.",27.5,W,0.0,"Shami to Warner, OUT  .huge appeal for a catch by the keeper and not given. Kohli has gone for the review.  .Yorker length ball, shaping away a touch, his bat hit ground as the ball went past and  .Rahul had an easy take. And there is a spike as the ball goes past the outside edge with  .the bat not yet having hit the ground I think. Yes indeed it is, so the umpire will have to  .change his decision and India have their first wicket.  .David Warner c †Rahul b Mohammed Shami 69 (76b 6x4 0x6) SR: 90.78",Shami,Warner,0.0,0,0,1,1,0.0,1,c †Rahul b Mohammed Shami,0
"27.6 
• 
Shami to Smith, no run 
Full on the stumps, picked up off his toes to mid-on 
end of over 287 runs • 1 wicket 
AUS: 156/1CRR: 5.57  
Steven Smith0 (1b) 
Aaron Finch73 (92b 5x4 2x6) 
Mohammed Shami 6-0-24-1 
Ravindra Jadeja 7-0-40-0 
- possibly yes. Alex tells me he spotted a clear white spot on HotSpot too, so that was 
out. 
Bill: ""He was out but I thought the big movement on snicko was the bat hitting the 
ground with a second, smaller scicko showing as the light edge.""",27.6,0,0.0,"Shami to Smith, no run  .Full on the stumps, picked up off his toes to mid-on",Shami,Smith,0.0,0,0,1,1,0.0,0,,0
"28.1 
• 
Chahal to Finch, no run 
fuller, driven with authority but can't beat Kohli at cover",28.1,0,0.0,"Chahal to Finch, no run  .fuller, driven with authority but can't beat Kohli at cover",Chahal,Finch,0.0,0,0,1,1,0.0,0,,0
"28.2 
• 
Chahal to Finch, no run 
fuller outside off, pushed to cover",28.2,0,0.0,"Chahal to Finch, no run  .fuller outside off, pushed to cover",Chahal,Finch,0.0,0,0,1,1,0.0,0,,0
"28.3 
1 
Chahal to Finch, 1 run 
skips down the track and takes it on the half volley to whip this from his pads to deep 
square leg",28.3,1,1.0,"Chahal to Finch, 1 run  .skips down the track and takes it on the half volley to whip this from his pads to deep  .square leg",Chahal,Finch,1.0,0,0,1,1,1.0,0,,1
"28.4 
• 
Chahal to Smith, no run 
tossed up, Smith was looking to work it away to leg but gets a leading edge. bounces 
back to Chahal",28.4,0,0.0,"Chahal to Smith, no run  .tossed up, Smith was looking to work it away to leg but gets a leading edge. bounces  .back to Chahal",Chahal,Smith,0.0,0,0,1,1,0.0,0,,0
"28.5 
• 
Chahal to Smith, no run 
flatter on off, waits on it and punches to point 
Slip in for Smith",28.5,0,0.0,"Chahal to Smith, no run  .flatter on off, waits on it and punches to point  .Slip in for Smith",Chahal,Smith,0.0,0,0,1,1,0.0,0,,0
"28.6 
2nb 
Chahal to Smith, (no ball) 1 run 
fuller and wider outside off, uses his hands and wrists to whip this through cover 
uh oh, Chahal had overstepped. So that'll be a free hit. Chahal thought he was done with 
the over, has to come back for one ball",28.6,2nb,2.0,"Chahal to Smith, (no ball) 1 run  .fuller and wider outside off, uses his hands and wrists to whip this through cover  .uh oh, Chahal had overstepped. So that'll be a free hit. Chahal thought he was done with  .the over, has to come back for one ball",Chahal,Smith,1.0,0,0,1,0,2.0,0,,1
"28.6 
4 
Chahal to Finch, FOUR runs 
doesn't time it, but places it well - switch hit, or a reverse slog at any rate, I'm not sure he 
changed grip. Went way across and picked out the left-hander's square leg boundary 
end of over 297 runs  
AUS: 163/1CRR: 5.62  
Aaron Finch78 (96b 6x4 2x6) 
Steven Smith1 (4b) 
Yuzvendra Chahal 6-0-36-0 
Mohammed Shami 6-0-24-1 
- Something in that, I think Finch needs to get a move on. 
Shripad: ""I think Warner was frustrated for not getting enough balls. Finch ate up too 
many of them."" 
Saini coming back.",28.6,4,4.0,"Chahal to Finch, FOUR runs  .doesn't time it, but places it well - switch hit, or a reverse slog at any rate, I'm not sure he  .changed grip. Went way across and picked out the left-hander's square leg boundary",Chahal,Finch,4.0,1,0,1,1,4.0,0,,1
"29.1 
1 
Saini to Smith, 1 run 
back of a length, on a sixth stump line, steered to third man 
One of Indian sport's oldest and fiercest rivalries turns a new chapter tonight, when East 
Bengal and Mohun Bagan face each other in their new avatars for the first time in the 
Indian Super League. The Kolkata derby is undisputedly the biggest game in Indian 
football, with a rivalry steeped in the city's cultural and socioeconomic divide 
 
.",29.1,1,1.0,"Saini to Smith, 1 run  .back of a length, on a sixth stump line, steered to third man  .One of Indian sport's oldest and fiercest rivalries turns a new chapter tonight, when East  .Bengal and Mohun Bagan face each other in their new avatars for the first time in the  .Indian Super League. The Kolkata derby is undisputedly the biggest game in Indian  .football, with a rivalry steeped in the city's cultural and socioeconomic divide  .  ..",Saini,Smith,1.0,0,0,1,1,1.0,0,,1
"29.2 
2 
Saini to Finch, 2 runs 
length ball angling into him, flicked off his pads to deep midwicket",29.2,2,2.0,"Saini to Finch, 2 runs  .length ball angling into him, flicked off his pads to deep midwicket",Saini,Finch,2.0,0,0,1,1,2.0,0,,1
"29.3 
1 
Saini to Finch, 1 run 
back of a length on a fourth stump line, nudged to third man",29.3,1,1.0,"Saini to Finch, 1 run  .back of a length on a fourth stump line, nudged to third man",Saini,Finch,1.0,0,0,1,1,1.0,0,,1
"29.4 
2 
Saini to Smith, 2 runs 
fuller outside off, throws hands at it - remember he has 'rediscovered' them - and times 
it nicely through cover",29.4,2,2.0,"Saini to Smith, 2 runs  .fuller outside off, throws hands at it - remember he has 'rediscovered' them - and times  .it nicely through cover",Saini,Smith,2.0,0,0,1,1,2.0,0,,1
"29.5 
• 
Saini to Smith, no run 
fuller, angling into him, glides it to point",29.5,0,0.0,"Saini to Smith, no run  .fuller, angling into him, glides it to point",Saini,Smith,0.0,0,0,1,1,0.0,0,,0
"29.6 
• 
Saini to Smith, no run 
short ball outside off, he's late on the pull, ends up getting it off the toe-end to mid-off 
while out of position, fully front on 
end of over 306 runs  
AUS: 169/1CRR: 5.63  
Steven Smith4 (8b) 
Aaron Finch81 (98b 6x4 2x6) 
Navdeep Saini 5-0-31-0 
Yuzvendra Chahal 6-0-36-0",29.6,0,0.0,"Saini to Smith, no run  .short ball outside off, he's late on the pull, ends up getting it off the toe-end to mid-off  .while out of position, fully front on",Saini,Smith,0.0,0,0,1,1,0.0,0,,0
"30.1 
1 
Chahal to Finch, 1 run 
tossed up fuller on the stumps, driven off the inside half of the bat to long-on",30.1,1,1.0,"Chahal to Finch, 1 run  .tossed up fuller on the stumps, driven off the inside half of the bat to long-on",Chahal,Finch,1.0,0,0,1,1,1.0,0,,1
"30.2 
4 
Chahal to Smith, FOUR runs 
tossed up a bit too much, Smith comes down the track and swats the full toss into the 
deep midwicket fence. Easy pickings",30.2,4,4.0,"Chahal to Smith, FOUR runs  .tossed up a bit too much, Smith comes down the track and swats the full toss into the  .deep midwicket fence. Easy pickings",Chahal,Smith,4.0,1,0,1,1,4.0,0,,1
"30.3 
1 
Chahal to Smith, 1 run 
keeps giving it air, but better length, dips on him outside off, but Smith stays still and 
drives calmly through point",30.3,1,1.0,"Chahal to Smith, 1 run  .keeps giving it air, but better length, dips on him outside off, but Smith stays still and  .drives calmly through point",Chahal,Smith,1.0,0,0,1,1,1.0,0,,1
"30.4 
2 
Chahal to Finch, 2 runs 
some turn again, as Chahal pulls his length back, but it's also given Finch room outside 
off and he slaps this through cover. The man at deep point runs to his right to field it",30.4,2,2.0,"Chahal to Finch, 2 runs  .some turn again, as Chahal pulls his length back, but it's also given Finch room outside  .off and he slaps this through cover. The man at deep point runs to his right to field it",Chahal,Finch,2.0,0,0,1,1,2.0,0,,1
"30.5 
2 
Chahal to Finch, 2 runs 
tossed up wide outside off, but Smith was coming down the track and the movement 
allows him to reach out fluently and lash it through cover",30.5,2,2.0,"Chahal to Finch, 2 runs  .tossed up wide outside off, but Smith was coming down the track and the movement  .allows him to reach out fluently and lash it through cover",Chahal,Finch,2.0,0,0,1,1,2.0,0,,1
"30.6 
• 
Chahal to Finch, no run 
a bit flatter, drift into him on off, defended towards mid-on 
end of over 3110 runs  
AUS: 179/1CRR: 5.77  
Aaron Finch86 (102b 6x4 2x6) 
Steven Smith9 (10b 1x4) 
Yuzvendra Chahal 7-0-46-0 
Navdeep Saini 5-0-31-0 
Saini continues",30.6,0,0.0,"Chahal to Finch, no run  .a bit flatter, drift into him on off, defended towards mid-on",Chahal,Finch,0.0,0,0,1,1,0.0,0,,0
"31.1 
• 
Saini to Smith, no run 
full but straying on the pads, nudged but there's a short midwicket there who fields 
No long-on or long-off for Saini",31.1,0,0.0,"Saini to Smith, no run  .full but straying on the pads, nudged but there's a short midwicket there who fields  .No long-on or long-off for Saini",Saini,Smith,0.0,0,0,1,1,0.0,0,,0
"31.2 
2 
Saini to Smith, 2 runs 
nicely done by Smith, length outside off, stays beside it and punches through cover 
Srikanth Dalibo: ""Reminds me the Jokers in gully cricket who play for both teams. They 
feel guilty when they scored for one team and failed for the other. That's how Finch 
must be feeling now not having performed for RCB and about to score a 100 here. """,31.2,2,2.0,"Saini to Smith, 2 runs  .nicely done by Smith, length outside off, stays beside it and punches through cover",Saini,Smith,2.0,0,0,1,1,2.0,0,,1
"31.3 
1 
Saini to Smith, 1 run 
fuller and strays on the pads again, uses wrists to turn it to deep square leg",31.3,1,1.0,"Saini to Smith, 1 run  .fuller and strays on the pads again, uses wrists to turn it to deep square leg",Saini,Smith,1.0,0,0,1,1,1.0,0,,1
"31.4 
1 
Saini to Finch, 1 run 
back of a length nipping into him on off, pushed to cover for a quick single",31.4,1,1.0,"Saini to Finch, 1 run  .back of a length nipping into him on off, pushed to cover for a quick single",Saini,Finch,1.0,0,0,1,1,1.0,0,,1
"31.5 
1 
Saini to Smith, 1 run 
digs it in short on off, but Smith stays on the back foot and controls his pull shot to 
deep midwicket",31.5,1,1.0,"Saini to Smith, 1 run  .digs it in short on off, but Smith stays on the back foot and controls his pull shot to  .deep midwicket",Saini,Smith,1.0,0,0,1,1,1.0,0,,1
"31.6 
4 
Saini to Finch, FOUR runs 
super shot rides the bounce of this back of a length ball outside off and carves it over 
point. Superbly done. 
And time for me to hand it back to Alex for the final stretch. 
end of over 329 runs  
AUS: 188/1CRR: 5.87  
Aaron Finch91 (104b 7x4 2x6) 
Steven Smith13 (14b 1x4) 
Navdeep Saini 6-0-40-0 
Yuzvendra Chahal 7-0-46-0 
Thanks Saurabh. 8 per over from here is 332.",31.6,4,4.0,"Saini to Finch, FOUR runs  .super shot rides the bounce of this back of a length ball outside off and carves it over  .point. Superbly done.  .And time for me to hand it back to Alex for the final stretch.",Saini,Finch,4.0,1,0,1,1,4.0,0,,1
"32.1 
• 
Jadeja to Smith, no run 
tossed up, it just grips, Smith mistimes back to Jadeja",32.1,0,0.0,"Jadeja to Smith, no run  .tossed up, it just grips, Smith mistimes back to Jadeja",Jadeja,Smith,0.0,0,0,1,1,0.0,0,,0
"32.2 
2 
Jadeja to Smith, 2 runs 
a slog sweep across the line forward of square to the gap",32.2,2,2.0,"Jadeja to Smith, 2 runs  .a slog sweep across the line forward of square to the gap",Jadeja,Smith,2.0,0,0,1,1,2.0,0,,1
"32.3 
• 
Jadeja to Smith, no run 
quicker ball pushed through, it comes off the inside edge onto pad",32.3,0,0.0,"Jadeja to Smith, no run  .quicker ball pushed through, it comes off the inside edge onto pad",Jadeja,Smith,0.0,0,0,1,1,0.0,0,,0
"32.4 
• 
Jadeja to Smith, no run 
Given LBW! Smith reviews. Jadeja pushed through another quicker flatter ball, it was 
shorter, Smith went right back trying to work to leg and got hit high on the pad. He 
thought it was too high. The umpire was convinced it was hitting. No bat involved. Ball 
tracking says it's going over the stumps! Smith survives. That was so close to clipping 
the bails! Incredible.",32.4,0,0.0,"Jadeja to Smith, no run  .Given LBW! Smith reviews. Jadeja pushed through another quicker flatter ball, it was  .shorter, Smith went right back trying to work to leg and got hit high on the pad. He  .thought it was too high. The umpire was convinced it was hitting. No bat involved. Ball  .tracking says it's going over the stumps! Smith survives. That was so close to clipping  .the bails! Incredible.",Jadeja,Smith,0.0,0,0,1,1,0.0,0,,0
"32.5 
4 
Jadeja to Smith, FOUR runs 
advances down the track and flicks high and just wide of Bumrah at deep square! 
Wasn't far away from the fielder",32.5,4,4.0,"Jadeja to Smith, FOUR runs  .advances down the track and flicks high and just wide of Bumrah at deep square!  .Wasn't far away from the fielder",Jadeja,Smith,4.0,1,0,1,1,4.0,0,,1
"32.6 
• 
Jadeja to Smith, no run 
darted into leg, he pushes this to midwicket and wants one but is rightly sent back 
end of over 336 runs  
AUS: 194/1CRR: 5.87  
Steven Smith19 (20b 2x4) 
Aaron Finch91 (104b 7x4 2x6) 
Ravindra Jadeja 8-0-46-0 
Navdeep Saini 6-0-40-0",32.6,0,0.0,"Jadeja to Smith, no run  .darted into leg, he pushes this to midwicket and wants one but is rightly sent back",Jadeja,Smith,0.0,0,0,1,1,0.0,0,,0
"33.1 
1w 
Saini to Finch, 1 wide 
full toss pushed down the leg side and called wide 
Haris Ahmad: ""Closest call I've ever seen! All it had to do was just clip it! Unbelievable"" 
Wasn't it! As close as you'll ever see on ball tracking",33.1,1w,1.0,"Saini to Finch, 1 wide  .full toss pushed down the leg side and called wide",Saini,Finch,0.0,0,0,0,0,1.0,0,,1
"33.1 
1 
Saini to Finch, 1 run 
full and wide of off, Finch keeps the left leg clear and square drives to deep point",33.1,1,1.0,"Saini to Finch, 1 run  .full and wide of off, Finch keeps the left leg clear and square drives to deep point",Saini,Finch,1.0,0,0,1,1,1.0,0,,1
"33.2 
4 
Saini to Smith, FOUR runs 
chest high short ball, Smith swivels and places this pull shot into the gap behind 
square! Good footwork and quick hands to get on top of it",33.2,4,4.0,"Saini to Smith, FOUR runs  .chest high short ball, Smith swivels and places this pull shot into the gap behind  .square! Good footwork and quick hands to get on top of it",Saini,Smith,4.0,1,0,1,1,4.0,0,,1
"33.3 
1 
Saini to Smith, 1 run 
head high bumped this time, he pulls again but miscues this along the ground forward 
of square",33.3,1,1.0,"Saini to Smith, 1 run  .head high bumped this time, he pulls again but miscues this along the ground forward  .of square",Saini,Smith,1.0,0,0,1,1,1.0,0,,1
"33.4 
2 
Saini to Finch, 2 runs 
short and wide, he cuts nicely past backward point, wide of third man for two 
Masood: ""With Maxwell and Carey in the bank, Aussies will definitely fancy 350 here...""",33.4,2,2.0,"Saini to Finch, 2 runs  .short and wide, he cuts nicely past backward point, wide of third man for two",Saini,Finch,2.0,0,0,1,1,2.0,0,,1
"33.5 
• 
Saini to Finch, no run 
full outside off, Finch sets himself and crunches this straight to cover 
John: ""Amazing how formats can suit players. Finch looks like a different man from the 
one who played in the IPL. Makes one appreciate the ones who excel in ALL formats! 
They are a rare breed""",33.5,0,0.0,"Saini to Finch, no run  .full outside off, Finch sets himself and crunches this straight to cover",Saini,Finch,0.0,0,0,1,1,0.0,0,,0
"33.6 
• 
Saini to Finch, no run 
138kph, back of a length on off, he is back and pushing this to cover-point 
end of over 349 runs  
AUS: 203/1CRR: 5.97  
Aaron Finch94 (108b 7x4 2x6) 
Steven Smith24 (22b 3x4) 
Navdeep Saini 7-0-49-0 
Ravindra Jadeja 8-0-46-0",33.6,0,0.0,"Saini to Finch, no run  .138kph, back of a length on off, he is back and pushing this to cover-point",Saini,Finch,0.0,0,0,1,1,0.0,0,,0
"34.1 
2 
Jadeja to Smith, 2 runs 
93kph, tossed up, he drives firmly past cover, wide of long off for a couple",34.1,2,2.0,"Jadeja to Smith, 2 runs  .93kph, tossed up, he drives firmly past cover, wide of long off for a couple",Jadeja,Smith,2.0,0,0,1,1,2.0,0,,1
"34.2 
1 
Jadeja to Smith, 1 run 
96kph, flatter and fuller, he nails a sweep shot and Shreyas makes a great save on the 
rope to keep it to one",34.2,1,1.0,"Jadeja to Smith, 1 run  .96kph, flatter and fuller, he nails a sweep shot and Shreyas makes a great save on the  .rope to keep it to one",Jadeja,Smith,1.0,0,0,1,1,1.0,0,,1
"34.3 
• 
Jadeja to Finch, no run 
94kph, floated up, he is beaten in flight and defends",34.3,0,0.0,"Jadeja to Finch, no run  .94kph, floated up, he is beaten in flight and defends",Jadeja,Finch,0.0,0,0,1,1,0.0,0,,0
"34.4 
2 
Jadeja to Finch, 2 runs 
fuller, he drives straight of long on who is wide, they run an easy two",34.4,2,2.0,"Jadeja to Finch, 2 runs  .fuller, he drives straight of long on who is wide, they run an easy two",Jadeja,Finch,2.0,0,0,1,1,2.0,0,,1
"34.5 
• 
Jadeja to Finch, no run 
drifting into middle, he works this to the man at midwicket",34.5,0,0.0,"Jadeja to Finch, no run  .drifting into middle, he works this to the man at midwicket",Jadeja,Finch,0.0,0,0,1,1,0.0,0,,0
"34.6 
• 
Jadeja to Finch, no run 
95kph, drifting into off, Finch drives back to the bowler and yells at himself in frustration 
having not scored a single off that ball 
end of over 355 runs  
AUS: 208/1CRR: 5.94  
Aaron Finch96 (112b 7x4 2x6) 
Steven Smith27 (24b 3x4) 
Ravindra Jadeja 9-0-51-0 
Navdeep Saini 7-0-49-0 
Shami is back",34.6,0,0.0,"Jadeja to Finch, no run  .95kph, drifting into off, Finch drives back to the bowler and yells at himself in frustration  .having not scored a single off that ball",Jadeja,Finch,0.0,0,0,1,1,0.0,0,,0
"35.1 
1 
Shami to Smith, 1 run 
134kph, good length on off, Smith is squared up, gets a leading edge that flies through 
gully to third man",35.1,1,1.0,"Shami to Smith, 1 run  .134kph, good length on off, Smith is squared up, gets a leading edge that flies through  .gully to third man",Shami,Smith,1.0,0,0,1,1,1.0,0,,1
"35.2 
1 
Shami to Finch, 1 run 
138kph, full on leg stump, he tries to whip, gets a thick edge onto pad and they pinch a 
single as it rolls to midwicket",35.2,1,1.0,"Shami to Finch, 1 run  .138kph, full on leg stump, he tries to whip, gets a thick edge onto pad and they pinch a  .single as it rolls to midwicket",Shami,Finch,1.0,0,0,1,1,1.0,0,,1
"35.3 
• 
Shami to Smith, no run 
full on leg stump, Smith pings this off his pads and Kohli makes a superb diving save 
with the right hand only. That was timed superbly",35.3,0,0.0,"Shami to Smith, no run  .full on leg stump, Smith pings this off his pads and Kohli makes a superb diving save  .with the right hand only. That was timed superbly",Shami,Smith,0.0,0,0,1,1,0.0,0,,0
"35.4 
1w 
Shami to Smith, 1 wide 
slower ball bouncer, Smith sways under it, it's called wide for height. Tough call. Looked 
tight",35.4,1w,1.0,"Shami to Smith, 1 wide  .slower ball bouncer, Smith sways under it, it's called wide for height. Tough call. Looked  .tight",Shami,Smith,0.0,0,0,0,0,1.0,0,,1
"35.4 
1 
Shami to Smith, 1 run 
slower ball bouncer, 123kph, wider of off, he reaches up and pulls forward of square",35.4,1,1.0,"Shami to Smith, 1 run  .slower ball bouncer, 123kph, wider of off, he reaches up and pulls forward of square",Shami,Smith,1.0,0,0,1,1,1.0,0,,1
"35.5 
1lb 
Shami to Finch, 1 leg bye 
136kph, good length angled into the hip, it comes off pad and it rolls away for a leg bye",35.5,1lb,1.0,"Shami to Finch, 1 leg bye  .136kph, good length angled into the hip, it comes off pad and it rolls away for a leg bye",Shami,Finch,0.0,0,0,1,1,0.0,0,,0
"35.6 
1 
Shami to Smith, 1 run 
yorker length, he is squared up again squeezing this into the off side 
Ian: ""No doubt Finch will get criticised for slowing as 100 approaches but 50 run 
partnership at more than 7 an over with Smith is quality"" 
end of over 366 runs  
AUS: 214/1CRR: 5.94  
Steven Smith30 (28b 3x4) 
Aaron Finch97 (114b 7x4 2x6) 
Mohammed Shami 7-0-29-1 
Ravindra Jadeja 9-0-51-0 
Jadeja to bowl out here",35.6,1,1.0,"Shami to Smith, 1 run  .yorker length, he is squared up again squeezing this into the off side",Shami,Smith,1.0,0,0,1,1,1.0,0,,1
"36.1 
• 
Jadeja to Smith, no run 
93kph, darted into leg, he drives to straight midwicket",36.1,0,0.0,"Jadeja to Smith, no run  .93kph, darted into leg, he drives to straight midwicket",Jadeja,Smith,0.0,0,0,1,1,0.0,0,,0
"36.2 
• 
Jadeja to Smith, no run 
short and wide, he misses a cut and falls over but keeps his back toe down as Rahul 
whips the bails off",36.2,0,0.0,"Jadeja to Smith, no run  .short and wide, he misses a cut and falls over but keeps his back toe down as Rahul  .whips the bails off",Jadeja,Smith,0.0,0,0,1,1,0.0,0,,0
"36.3 
4 
Jadeja to Smith, FOUR runs 
lofted inside out over cover! Offered some width, he leaned but to get the elevation, 
didn't nail it but hit it well enough over the man",36.3,4,4.0,"Jadeja to Smith, FOUR runs  .lofted inside out over cover! Offered some width, he leaned but to get the elevation,  .didn't nail it but hit it well enough over the man",Jadeja,Smith,4.0,1,0,1,1,4.0,0,,1
"36.4 
4 
Jadeja to Smith, FOUR runs 
cut past backward point! He timed this one superbly. Short and fractionally wide, he 
created room and nailed it behind point",36.4,4,4.0,"Jadeja to Smith, FOUR runs  .cut past backward point! He timed this one superbly. Short and fractionally wide, he  .created room and nailed it behind point",Jadeja,Smith,4.0,1,0,1,1,4.0,0,,1
"36.5 
• 
Jadeja to Smith, no run 
95kph, flatter on middle, he pushes towards long on but Jadeja cuts it off",36.5,0,0.0,"Jadeja to Smith, no run  .95kph, flatter on middle, he pushes towards long on but Jadeja cuts it off",Jadeja,Smith,0.0,0,0,1,1,0.0,0,,0
"36.6 
4 
Jadeja to Smith, FOUR runs 
Shikhar misses it at long on! It was sky ball, a complete mis hit high to long on trying to 
go into the stands, Shikhar ran in initially and then it carried over his head and landed 
inside the rope and rolled over for four! Horror misjudgement 
Kohli and Jadeja were mystified 
end of over 3712 runs  
AUS: 226/1CRR: 6.10  
Steven Smith42 (34b 6x4) 
Aaron Finch97 (114b 7x4 2x6) 
Ravindra Jadeja 10-0-63-0 
Mohammed Shami 7-0-29-1",36.6,4,4.0,"Jadeja to Smith, FOUR runs  .Shikhar misses it at long on! It was sky ball, a complete mis hit high to long on trying to  .go into the stands, Shikhar ran in initially and then it carried over his head and landed  .inside the rope and rolled over for four! Horror misjudgement  .Kohli and Jadeja were mystified",Jadeja,Smith,4.0,1,0,1,1,4.0,0,,1
"37.1 
1 
Shami to Finch, 1 run 
full on off, he pushes a drive to long on",37.1,1,1.0,"Shami to Finch, 1 run  .full on off, he pushes a drive to long on",Shami,Finch,1.0,0,0,1,1,1.0,0,,1
"37.2 
4 
Shami to Smith, FOUR runs 
flicked with the bottom hand over midwicket! Full and tailing in, he just used the bottom 
hand to flick this flat over the man on the circle at midwicket",37.2,4,4.0,"Shami to Smith, FOUR runs  .flicked with the bottom hand over midwicket! Full and tailing in, he just used the bottom  .hand to flick this flat over the man on the circle at midwicket",Shami,Smith,4.0,1,0,1,1,4.0,0,,1
"37.3 
4 
Shami to Smith, FOUR runs 
138kph angled down leg, he tucks this behind square and it races away to the rope! 50 
off 36 balls for Smith!",37.3,4,4.0,"Shami to Smith, FOUR runs  .138kph angled down leg, he tucks this behind square and it races away to the rope! 50  .off 36 balls for Smith!",Shami,Smith,4.0,1,0,1,1,4.0,0,,1
"37.4 
1 
Shami to Smith, 1 run 
138kph, good length, top of middle, he's back and across and tucking this to midwicket 
Aayushman: ""Steve Smith was afterall right about his ""hands"".""",37.4,1,1.0,"Shami to Smith, 1 run  .138kph, good length, top of middle, he's back and across and tucking this to midwicket",Shami,Smith,1.0,0,0,1,1,1.0,0,,1
"37.5 
1 
Shami to Finch, 1 run 
136kph, he drives a full ball to long on, they push for two but it's not on. The sweeper 
raced in and did well",37.5,1,1.0,"Shami to Finch, 1 run  .136kph, he drives a full ball to long on, they push for two but it's not on. The sweeper  .raced in and did well",Shami,Finch,1.0,0,0,1,1,1.0,0,,1
"37.6 
1 
Shami to Smith, 1 run 
116kph, slower ball, back of a length, fourth stump, he leans back and runs this to third 
man 
Tasmeem: ""Superb from Smith. Seized all the momentum and allowed Finch the 
necessary breathing room."" 
end of over 3812 runs  
AUS: 238/1CRR: 6.26  
Steven Smith52 (38b 8x4) 
Aaron Finch99 (116b 7x4 2x6) 
Mohammed Shami 8-0-41-1 
Ravindra Jadeja 10-0-63-0 
Chahal is back. Still only four out for him.",37.6,1,1.0,"Shami to Smith, 1 run  .116kph, slower ball, back of a length, fourth stump, he leans back and runs this to third  .man",Shami,Smith,1.0,0,0,1,1,1.0,0,,1
"38.1 
• 
Chahal to Smith, no run 
88kph, drifting in and sliding on, he gives room and cuts to backward point",38.1,0,0.0,"Chahal to Smith, no run  .88kph, drifting in and sliding on, he gives room and cuts to backward point",Chahal,Smith,0.0,0,0,1,1,0.0,0,,0
"38.2 
4 
Chahal to Smith, FOUR runs 
short wide leg break, it sat up and said 'hit me' and Smith whacked past point for four!",38.2,4,4.0,"Chahal to Smith, FOUR runs  .short wide leg break, it sat up and said 'hit me' and Smith whacked past point for four!",Chahal,Smith,4.0,1,0,1,1,4.0,0,,1
"38.3 
1 
Chahal to Smith, 1 run 
he dances down and whips a full ball to deep square 
Finch on 99",38.3,1,1.0,"Chahal to Smith, 1 run  .he dances down and whips a full ball to deep square  .Finch on 99",Chahal,Smith,1.0,0,0,1,1,1.0,0,,1
"38.4 
2 
Chahal to Finch, 2 runs 
he dances down and whips this wide of midwicket for two! A century for Finch on 
return to Australia. His 17th in ODI cricket. Again he raised his bat to the heavens.",38.4,2,2.0,"Chahal to Finch, 2 runs  .he dances down and whips this wide of midwicket for two! A century for Finch on  .return to Australia. His 17th in ODI cricket. Again he raised his bat to the heavens.",Chahal,Finch,2.0,0,0,1,1,2.0,0,,1
"38.5 
1 
Chahal to Finch, 1 run 
flatter and quicker on leg, he's back and tucking this behind square 
HARDHIK KUMAR: ""Interesting to see whom Aus will send in next. Will they consider the 
form of Stoinis or power hitting from ball one of Maxwell??""",38.5,1,1.0,"Chahal to Finch, 1 run  .flatter and quicker on leg, he's back and tucking this behind square",Chahal,Finch,1.0,0,0,1,1,1.0,0,,1
"38.6 
6 
Chahal to Smith, SIX runs 
lofted inside out over wide long off! What a shot! Tossed up outside off, he moved 
down and stayed legside to lift it high over the rope 
Shiva tells me this is Smith's second fastest fifty in ODIs 
end of over 3914 runs  
AUS: 252/1CRR: 6.46  
Steven Smith63 (42b 9x4 1x6) 
Aaron Finch102 (118b 7x4 2x6) 
Yuzvendra Chahal 8-0-60-0 
Mohammed Shami 8-0-41-1 
Bumrah is back",38.6,6,6.0,"Chahal to Smith, SIX runs  .lofted inside out over wide long off! What a shot! Tossed up outside off, he moved  .down and stayed legside to lift it high over the rope  .Shiva tells me this is Smith's second fastest fifty in ODIs",Chahal,Smith,6.0,0,1,1,1,6.0,0,,1
"39.1 
2 
Bumrah to Finch, 2 runs 
dropped by Chahal at short fine! Tough chance. It was angled down leg, he flicked it 
fine, Chahal at full stretch to his left got a hand but it didn't stick. Kohli applauded the 
runs saved",39.1,2,2.0,"Bumrah to Finch, 2 runs  .dropped by Chahal at short fine! Tough chance. It was angled down leg, he flicked it  .fine, Chahal at full stretch to his left got a hand but it didn't stick. Kohli applauded the  .runs saved",Bumrah,Finch,2.0,0,0,1,1,2.0,0,,1
"39.2 
4 
Bumrah to Finch, FOUR runs 
Mayank misfields at deep square! He glanced this off the toes behind square, Mayank 
ran to the ball and just ran past is! Might have got his spikes caught. This is disastrous 
for India",39.2,4,4.0,"Bumrah to Finch, FOUR runs  .Mayank misfields at deep square! He glanced this off the toes behind square, Mayank  .ran to the ball and just ran past is! Might have got his spikes caught. This is disastrous  .for India",Bumrah,Finch,4.0,1,0,1,1,4.0,0,,1
"39.3 
4 
Bumrah to Finch, FOUR runs 
another ball down leg, and another ball glanced past short fine for four more!",39.3,4,4.0,"Bumrah to Finch, FOUR runs  .another ball down leg, and another ball glanced past short fine for four more!",Bumrah,Finch,4.0,1,0,1,1,4.0,0,,1
"39.4 
• 
Bumrah to Finch, no run 
121kph, short slower ball, he leaned back to try to run to third man but gets a bottom 
edge that bounces to Rahul",39.4,0,0.0,"Bumrah to Finch, no run  .121kph, short slower ball, he leaned back to try to run to third man but gets a bottom  .edge that bounces to Rahul",Bumrah,Finch,0.0,0,0,1,1,0.0,0,,0
"39.5 
2 
Bumrah to Finch, 2 runs 
138kph, yorker down leg, he glances it fine, Finch runs well for two",39.5,2,2.0,"Bumrah to Finch, 2 runs  .138kph, yorker down leg, he glances it fine, Finch runs well for two",Bumrah,Finch,2.0,0,0,1,1,2.0,0,,1
"39.6 
W 
Bumrah to Finch, OUT 
An attempted ramp goes wrong! He lobs a catch to Rahul. It was a bouncer that just sat 
up above his head, he tried to ramp it over Rahul but he just lobbed it up off the face of 
the bat to Rahul 
Aaron Finch c †Rahul b Bumrah 114 (124b 9x4 2x6) SR: 91.93 
Great innings from the skipper. Aaron Finch has been absolutely bossing ODIs. How 
does he do it? Something of the man revealed in this great piece by Melinda Farrell for 
The Cricket Monthly. ""Aaron Finch feared he'd pissed his career away almost before it 
had begun. Off a balcony into a garden, late on a Brisbane winter night,"" is how it starts. 
So read it. 
end of over 4012 runs • 1 wicket 
AUS: 264/2CRR: 6.60  
Steven Smith63 (42b 9x4 1x6) 
Jasprit Bumrah 7-0-45-1 
Yuzvendra Chahal 8-0-60-0 
Stoinis walks out with 10 to go. Not Maxwell.",39.6,W,0.0,"Bumrah to Finch, OUT  .An attempted ramp goes wrong! He lobs a catch to Rahul. It was a bouncer that just sat  .up above his head, he tried to ramp it over Rahul but he just lobbed it up off the face of  .the bat to Rahul  .Aaron Finch c †Rahul b Bumrah 114 (124b 9x4 2x6) SR: 91.93",Bumrah,Finch,0.0,0,0,1,1,0.0,1,c †Rahul b Bumrah,0
"40.1 
• 
Chahal to Smith, no run 
84kph, he drives to cover 
Smith said on interview with the flying mic ""370 is on""",40.1,0,0.0,"Chahal to Smith, no run  .84kph, he drives to cover",Chahal,Smith,0.0,0,0,1,1,0.0,0,,0
"40.2 
6 
Chahal to Smith, SIX runs 
slog sweep over the midwicket rope! It was in the arc, he got down on one knee and 
hammered it",40.2,6,6.0,"Chahal to Smith, SIX runs  .slog sweep over the midwicket rope! It was in the arc, he got down on one knee and  .hammered it",Chahal,Smith,6.0,0,1,1,1,6.0,0,,1
"40.3 
1 
Chahal to Smith, 1 run 
tossed up, he drives neatly to long on",40.3,1,1.0,"Chahal to Smith, 1 run  .tossed up, he drives neatly to long on",Chahal,Smith,1.0,0,0,1,1,1.0,0,,1
"40.4 
W 
Chahal to Stoinis, OUT 
caught behind! A top-spinner outside off, Stoinis goes back and tried to punch off the 
back foot, gets an edge and Rahul takes an excellent catch 
Marcus Stoinis c †Rahul b Chahal 0 (1b 0x4 0x6) SR: 0 
Maxwell in at No.5 ahead of Labuschagne and Carey. Slip in for Maxwell",40.4,W,0.0,"Chahal to Stoinis, OUT  .caught behind! A top-spinner outside off, Stoinis goes back and tried to punch off the  .back foot, gets an edge and Rahul takes an excellent catch  .Marcus Stoinis c †Rahul b Chahal 0 (1b 0x4 0x6) SR: 0",Chahal,Stoinis,0.0,0,0,1,1,0.0,1,c †Rahul b Chahal,0
"40.5 
• 
Chahal to Maxwell, no run 
short wide leg break, he cracks a cut straight to backward point",40.5,0,0.0,"Chahal to Maxwell, no run  .short wide leg break, he cracks a cut straight to backward point",Chahal,Maxwell,0.0,0,0,1,1,0.0,0,,0
"40.6 
1 
Chahal to Maxwell, 1 run 
lovely leg break, drift and turn, he drives watchfully through cover-point 
Siddharth Iyer: ""how good has rahul been behind the stumps?"" He's been good today 
end of over 418 runs • 1 wicket 
AUS: 272/3CRR: 6.63  
Glenn Maxwell1 (2b) 
Steven Smith70 (45b 9x4 2x6) 
Yuzvendra Chahal 9-0-68-1 
Jasprit Bumrah 7-0-45-1",40.6,1,1.0,"Chahal to Maxwell, 1 run  .lovely leg break, drift and turn, he drives watchfully through cover-point",Chahal,Maxwell,1.0,0,0,1,1,1.0,0,,1
"41.1 
4 
Bumrah to Maxwell, FOUR runs 
132kph, half volley, he drives fluently, just an easy push and it races past cover! Great 
shot from Maxwell",41.1,4,4.0,"Bumrah to Maxwell, FOUR runs  .132kph, half volley, he drives fluently, just an easy push and it races past cover! Great  .shot from Maxwell",Bumrah,Maxwell,4.0,1,0,1,1,4.0,0,,1
"41.2 
1 
Bumrah to Maxwell, 1 run 
140kph, back of a length, he is back and forcing this to deep cover-point",41.2,1,1.0,"Bumrah to Maxwell, 1 run  .140kph, back of a length, he is back and forcing this to deep cover-point",Bumrah,Maxwell,1.0,0,0,1,1,1.0,0,,1
"41.3 
1 
Bumrah to Smith, 1 run 
139kph, back of a length on off, he gets back and across and tucks it behind square 
""I think the last few days actually I've found something. People close to me that know 
me well, I've found my hands the last few days, which I'm extremely excited about"" - that 
was Steven Smith, three days before this game. Steven Smith's excitement about 
batting, inversely proportional to bowlers' excitement to bowl to him.",41.3,1,1.0,"Bumrah to Smith, 1 run  .139kph, back of a length on off, he gets back and across and tucks it behind square",Bumrah,Smith,1.0,0,0,1,1,1.0,0,,1
"41.4 
1 
Bumrah to Maxwell, 1 run 
120kph, slower ball bouncer, he waits and pulls with control behind square",41.4,1,1.0,"Bumrah to Maxwell, 1 run  .120kph, slower ball bouncer, he waits and pulls with control behind square",Bumrah,Maxwell,1.0,0,0,1,1,1.0,0,,1
"41.5 
1 
Bumrah to Smith, 1 run 
144kph full angled down leg, he glances this to deep fine leg 
vishal: ""How flat is the pitch? "" Very",41.5,1,1.0,"Bumrah to Smith, 1 run  .144kph full angled down leg, he glances this to deep fine leg",Bumrah,Smith,1.0,0,0,1,1,1.0,0,,1
"41.6 
1w 
Bumrah to Maxwell, 1 wide 
119kph, slower ball bouncer but it bounces very high and is called wide",41.6,1w,1.0,"Bumrah to Maxwell, 1 wide  .119kph, slower ball bouncer but it bounces very high and is called wide",Bumrah,Maxwell,0.0,0,0,0,0,1.0,0,,1
"41.6 
• 
Bumrah to Maxwell, no run 
139kph, full and angled into middle, he drives with the angle to midwicket but can't beat 
the man 
end of over 429 runs  
AUS: 281/3CRR: 6.69  
Glenn Maxwell7 (6b 1x4) 
Steven Smith72 (47b 9x4 2x6) 
Jasprit Bumrah 8-0-54-1 
Yuzvendra Chahal 9-0-68-1",41.6,0,0.0,"Bumrah to Maxwell, no run  .139kph, full and angled into middle, he drives with the angle to midwicket but can't beat  .the man",Bumrah,Maxwell,0.0,0,0,1,1,0.0,0,,0
"42.1 
1 
Chahal to Smith, 1 run 
drifting into leg stump, he sits back and tucks it behind square 
Jainendra Kumar: ""Someone remind Smithy this is an ODI. He is still in T20 mode!! 
Sublime batting! Wowww . . """,42.1,1,1.0,"Chahal to Smith, 1 run  .drifting into leg stump, he sits back and tucks it behind square",Chahal,Smith,1.0,0,0,1,1,1.0,0,,1
"42.2 
4 
Chahal to Maxwell, FOUR runs 
switch hit up and over backward point! Tossed up outside off, he switched his feet 
early, set himself and reverse swept it up and over backward point!",42.2,4,4.0,"Chahal to Maxwell, FOUR runs  .switch hit up and over backward point! Tossed up outside off, he switched his feet  .early, set himself and reverse swept it up and over backward point!",Chahal,Maxwell,4.0,1,0,1,1,4.0,0,,1
"42.3 
6 
Chahal to Maxwell, SIX runs 
switch hit reverse for six this time! Same shot, same delivery, but he flushed this flat 
and hard over backward point. Sublime skill",42.3,6,6.0,"Chahal to Maxwell, SIX runs  .switch hit reverse for six this time! Same shot, same delivery, but he flushed this flat  .and hard over backward point. Sublime skill",Chahal,Maxwell,6.0,0,1,1,1,6.0,0,,1
"42.4 
2 
Chahal to Maxwell, 2 runs 
shorter length, he's back and working this neatly through midwicket into the gap for two",42.4,2,2.0,"Chahal to Maxwell, 2 runs  .shorter length, he's back and working this neatly through midwicket into the gap for two",Chahal,Maxwell,2.0,0,0,1,1,2.0,0,,1
"42.5 
2 
Chahal to Maxwell, 2 runs 
drifting way down leg, he sweeps and gets a little tickle fine and it runs away for two 
more 
Prajith: ""So where were these guys in the IPL?""",42.5,2,2.0,"Chahal to Maxwell, 2 runs  .drifting way down leg, he sweeps and gets a little tickle fine and it runs away for two  .more",Chahal,Maxwell,2.0,0,0,1,1,2.0,0,,1
"42.6 
6 
Chahal to Maxwell, SIX runs 
Tipped over the rope by Hardik Pandya at wide long off! Tossed up outside off, 
Maxwell launched this hard and flat to wide long off, Hardik was in off the rope, he had 
to back pedal a touch, he jumped up with one hand but just tipped it up and over for six 
ShivG: ""The Big Show has def arrived."" 
end of over 4321 runs  
AUS: 302/3CRR: 7.02  
Glenn Maxwell27 (11b 2x4 2x6) 
Steven Smith73 (48b 9x4 2x6) 
Yuzvendra Chahal 10-0-89-1 
Jasprit Bumrah 8-0-54-1 
Saini returns",42.6,6,6.0,"Chahal to Maxwell, SIX runs  .Tipped over the rope by Hardik Pandya at wide long off! Tossed up outside off,  .Maxwell launched this hard and flat to wide long off, Hardik was in off the rope, he had  .to back pedal a touch, he jumped up with one hand but just tipped it up and over for six",Chahal,Maxwell,6.0,0,1,1,1,6.0,0,,1
"43.1 
1 
Saini to Smith, 1 run 
141kph, full on leg stump, he clips this neatly to deep midwicket 
ESPNCricinfo predictor was 360 before the last over",43.1,1,1.0,"Saini to Smith, 1 run  .141kph, full on leg stump, he clips this neatly to deep midwicket  .ESPNCricinfo predictor was 360 before the last over",Saini,Smith,1.0,0,0,1,1,1.0,0,,1
"43.2 
6 
Saini to Maxwell, SIX runs 
launched into the Ladies Stand! Full and straight but not a yorker, he cleared the front 
leg, sitting deep, he scooped it with the bottom hand and hit it way back over midwicket! 
Chandra: ""Not sure why at long off they are so much inside the rope. This is easily the 
third time when they have missed a catch or given extra runs on that account. Staying at 
the rope is so basic.""",43.2,6,6.0,"Saini to Maxwell, SIX runs  .launched into the Ladies Stand! Full and straight but not a yorker, he cleared the front  .leg, sitting deep, he scooped it with the bottom hand and hit it way back over midwicket!",Saini,Maxwell,6.0,0,1,1,1,6.0,0,,1
"43.3 
• 
Saini to Maxwell, no run 
121kph, slower ball off cutter wide of off, he leaves this thinking it was a wide but it was 
well within reach",43.3,0,0.0,"Saini to Maxwell, no run  .121kph, slower ball off cutter wide of off, he leaves this thinking it was a wide but it was  .well within reach",Saini,Maxwell,0.0,0,0,1,1,0.0,0,,0
"43.4 
• 
Saini to Maxwell, no run 
an appeal for caught behind but he played and missed and hit the ground. Full and wide 
of off, he tried to drive but missed trying to slice it square",43.4,0,0.0,"Saini to Maxwell, no run  .an appeal for caught behind but he played and missed and hit the ground. Full and wide  .of off, he tried to drive but missed trying to slice it square",Saini,Maxwell,0.0,0,0,1,1,0.0,0,,0
"43.5 
4 
Saini to Maxwell, FOUR runs 
Shreyas can't complete the chance diving at deep point but it gets past him for four! 
Shreyas was unlucky. Maxwell sliced it to deep point, it was tailing an dipping as 
Shreyas dived forward and he couldn't get a hand on it and it gets past for four",43.5,4,4.0,"Saini to Maxwell, FOUR runs  .Shreyas can't complete the chance diving at deep point but it gets past him for four!  .Shreyas was unlucky. Maxwell sliced it to deep point, it was tailing an dipping as  .Shreyas dived forward and he couldn't get a hand on it and it gets past for four",Saini,Maxwell,4.0,1,0,1,1,4.0,0,,1
"43.6 
4 
Saini to Maxwell, FOUR runs 
full and wide, he slices this up and over point again! Well away from the fielder this time 
end of over 4415 runs  
AUS: 317/3CRR: 7.20  
Glenn Maxwell41 (16b 4x4 3x6) 
Steven Smith74 (49b 9x4 2x6) 
Navdeep Saini 8-0-64-0 
Yuzvendra Chahal 10-0-89-1 
Shami on",43.6,4,4.0,"Saini to Maxwell, FOUR runs  .full and wide, he slices this up and over point again! Well away from the fielder this time",Saini,Maxwell,4.0,1,0,1,1,4.0,0,,1
"44.1 
6 
Shami to Smith, SIX runs 
launched over square leg! Rank delivery. Short on off, it just sat up, he was back and 
waiting to hammer a pull flat into the crowd",44.1,6,6.0,"Shami to Smith, SIX runs  .launched over square leg! Rank delivery. Short on off, it just sat up, he was back and  .waiting to hammer a pull flat into the crowd",Shami,Smith,6.0,0,1,1,1,6.0,0,,1
"44.2 
1 
Shami to Smith, 1 run 
131kph, full on middle, he tucks this off his toes to midwicket 
Tasmeem: ""They're in to cut off the doubles. It's so hard to defend these big grounds 
otherwise. You got to weigh the pros against cons and go with hunch."" That's the 
challenge of Australian grounds 
Chahal has gone down with cramps in the outfield. The physio comes out. He's had a 
tough day with the ball in terms of his career figures. Chahal has come off the ground 
and been replaced",44.2,1,1.0,"Shami to Smith, 1 run  .131kph, full on middle, he tucks this off his toes to midwicket",Shami,Smith,1.0,0,0,1,1,1.0,0,,1
"44.3 
• 
Shami to Maxwell, no run 
short ball outside off, Maxwell nearly swings himself off his feet but he misses",44.3,0,0.0,"Shami to Maxwell, no run  .short ball outside off, Maxwell nearly swings himself off his feet but he misses",Shami,Maxwell,0.0,0,0,1,1,0.0,0,,0
"44.4 
4 
Shami to Maxwell, FOUR runs 
reverse lap sweep! Insane skill! No third man back. It was full outside off, he set up to 
reverse lap and pulled it off perfectly!",44.4,4,4.0,"Shami to Maxwell, FOUR runs  .reverse lap sweep! Insane skill! No third man back. It was full outside off, he set up to  .reverse lap and pulled it off perfectly!",Shami,Maxwell,4.0,1,0,1,1,4.0,0,,1
"44.5 
W 
Shami to Maxwell, OUT 
caught at long on! Straight down Jadeja's throat and he doesn't let it go! Full outside 
off, he swatted this hard and flat but didn't get the elevation, Jadeja was in off the rope 
but he didn't have to move 
Glenn Maxwell c Jadeja b Mohammed Shami 45 (19b 5x4 3x6) SR: 236.84 
Labuschagne in ahead of Carey. Surprising choice",44.5,W,0.0,"Shami to Maxwell, OUT  .caught at long on! Straight down Jadeja's throat and he doesn't let it go! Full outside  .off, he swatted this hard and flat but didn't get the elevation, Jadeja was in off the rope  .but he didn't have to move  .Glenn Maxwell c Jadeja b Mohammed Shami 45 (19b 5x4 3x6) SR: 236.84",Shami,Maxwell,0.0,0,0,1,1,0.0,1,c Jadeja b Mohammed Shami,0
"44.6 
2 
Shami to Labuschagne, 2 runs 
138kph, full on off, he lofts a drive straight of long off, Smith calls two immediately and 
gets back to the non-striker's easily 
end of over 4513 runs • 1 wicket 
AUS: 330/4CRR: 7.33  
Marnus Labuschagne2 (1b) 
Steven Smith81 (51b 9x4 3x6) 
Mohammed Shami 9-0-54-2 
Navdeep Saini 8-0-64-0",44.6,2,2.0,"Shami to Labuschagne, 2 runs  .138kph, full on off, he lofts a drive straight of long off, Smith calls two immediately and  .gets back to the non-striker's easily",Shami,Labuschagne,2.0,0,0,1,1,2.0,0,,1
"45.1 
1 
Saini to Smith, 1 run 
139kph, thigh high full toss surprises Smith, he bunts this to cover and they pinch one",45.1,1,1.0,"Saini to Smith, 1 run  .139kph, thigh high full toss surprises Smith, he bunts this to cover and they pinch one",Saini,Smith,1.0,0,0,1,1,1.0,0,,1
"45.2 
W 
Saini to Labuschagne, OUT 
holed out to long off! Slower ball does the trick, 116kph, Labuschagne lofted it high but 
into the wind to long off, Dhawan comes around and takes it easily 10m in from the rope 
Marnus Labuschagne c Dhawan b Saini 2 (2b 0x4 0x6) SR: 100",45.2,W,0.0,"Saini to Labuschagne, OUT  .holed out to long off! Slower ball does the trick, 116kph, Labuschagne lofted it high but  .into the wind to long off, Dhawan comes around and takes it easily 10m in from the rope  .Marnus Labuschagne c Dhawan b Saini 2 (2b 0x4 0x6) SR: 100",Saini,Labuschagne,0.0,0,0,1,1,0.0,1,c Dhawan b Saini,0
"45.3 
1w 
Saini to Smith, 1 wide 
139kph, full down leg, he misses out on a boundary as he can't make contact but it will 
be re-bowled",45.3,1w,1.0,"Saini to Smith, 1 wide  .139kph, full down leg, he misses out on a boundary as he can't make contact but it will  .be re-bowled",Saini,Smith,0.0,0,0,0,0,1.0,0,,1
"45.3 
2 
Saini to Smith, 2 runs 
138kph, full outside off, there's those hands, Smith steers this beautifully behind point, 
opening the face late to get two",45.3,2,2.0,"Saini to Smith, 2 runs  .138kph, full outside off, there's those hands, Smith steers this beautifully behind point,  .opening the face late to get two",Saini,Smith,2.0,0,0,1,1,2.0,0,,1
"45.4 
1 
Saini to Smith, 1 run 
sets up for the paddle scoop, but it's the wrong length and line, he stands up and bunts 
it into the off side 
Around the wicket to Carey",45.4,1,1.0,"Saini to Smith, 1 run  .sets up for the paddle scoop, but it's the wrong length and line, he stands up and bunts  .it into the off side  .Around the wicket to Carey",Saini,Smith,1.0,0,0,1,1,1.0,0,,1
"45.5 
1 
Saini to Carey, 1 run 
119kph, wide slower ball, he square drives and the man at backward point makes a 
good save to prevent more than one",45.5,1,1.0,"Saini to Carey, 1 run  .119kph, wide slower ball, he square drives and the man at backward point makes a  .good save to prevent more than one",Saini,Carey,1.0,0,0,1,1,1.0,0,,1
"45.6 
• 
Saini to Smith, no run 
118kph, slower ball off cutter, wide of off, Smith misses out on this one trying to guide it 
to third man 
Bharat P: ""Well I'm not concerned about the total Australia is putting up, question is, will 
the pitch behave same when India bats? If so, this total could be chased."" 
end of over 466 runs • 1 wicket 
AUS: 336/5CRR: 7.30  
Steven Smith85 (55b 9x4 3x6) 
Alex Carey1 (1b) 
Navdeep Saini 9-0-70-1 
Mohammed Shami 9-0-54-2 
Bumrah around the wicket",45.6,0,0.0,"Saini to Smith, no run  .118kph, slower ball off cutter, wide of off, Smith misses out on this one trying to guide it  .to third man",Saini,Smith,0.0,0,0,1,1,0.0,0,,0
"46.1 
1 
Bumrah to Carey, 1 run 
135kph, yorker, speared at the toes, he jams the bat down, gets an inside edge to fine 
leg",46.1,1,1.0,"Bumrah to Carey, 1 run  .135kph, yorker, speared at the toes, he jams the bat down, gets an inside edge to fine  .leg",Bumrah,Carey,1.0,0,0,1,1,1.0,0,,1
"46.2 
1 
Bumrah to Smith, 1 run 
118kph, wide slower ball, he reaches out and square drives to deep point",46.2,1,1.0,"Bumrah to Smith, 1 run  .118kph, wide slower ball, he reaches out and square drives to deep point",Bumrah,Smith,1.0,0,0,1,1,1.0,0,,1
"46.3 
1 
Bumrah to Carey, 1 run 
140kph, cracking yorker, not much Carey could do other than dig it out into the off side 
Finn: ""Hi Alex, haven't been able to tune in so far and wondered if this target is 
chasable?"" Absolutely. But it will take something special",46.3,1,1.0,"Bumrah to Carey, 1 run  .140kph, cracking yorker, not much Carey could do other than dig it out into the off side",Bumrah,Carey,1.0,0,0,1,1,1.0,0,,1
"46.4 
1 
Bumrah to Smith, 1 run 
slower ball outside off, he mistimes a drive dragging it to long on",46.4,1,1.0,"Bumrah to Smith, 1 run  .slower ball outside off, he mistimes a drive dragging it to long on",Bumrah,Smith,1.0,0,0,1,1,1.0,0,,1
"46.5 
• 
Bumrah to Carey, no run 
140kph, yorker speared into leg stump, Carey gives room but gouges it out to the bowler 
Vikram: ""Bumrah is in his own territory now. He will be the difference between 360 and 
375. Hoping for Bumrah to own the death overs.""",46.5,0,0.0,"Bumrah to Carey, no run  .140kph, yorker speared into leg stump, Carey gives room but gouges it out to the bowler",Bumrah,Carey,0.0,0,0,1,1,0.0,0,,0
"46.6 
2 
Bumrah to Carey, 2 runs 
138kph, another yorker, Carey pushes this slowly to long on and calls two straight away 
and they run well 
Superb over from Bumrah 
end of over 476 runs  
AUS: 342/5CRR: 7.27  
Alex Carey5 (5b) 
Steven Smith87 (57b 9x4 3x6) 
Jasprit Bumrah 9-0-60-1 
Navdeep Saini 9-0-70-1",46.6,2,2.0,"Bumrah to Carey, 2 runs  .138kph, another yorker, Carey pushes this slowly to long on and calls two straight away  .and they run well  .Superb over from Bumrah",Bumrah,Carey,2.0,0,0,1,1,2.0,0,,1
"47.1 
6 
Saini to Smith, SIX runs 
launched over cover! Magnificent shot. A half volley wide of off, he leaned back and 
threw the hands through the line. Superb strike over the rope at cover",47.1,6,6.0,"Saini to Smith, SIX runs  .launched over cover! Magnificent shot. A half volley wide of off, he leaned back and  .threw the hands through the line. Superb strike over the rope at cover",Saini,Smith,6.0,0,1,1,1,6.0,0,,1
"47.2 
1 
Saini to Smith, 1 run 
137kph, yorker, Smith faked to give room and stepped outside off late trying to paddle 
fine but got it off the toe of the bat to short fine",47.2,1,1.0,"Saini to Smith, 1 run  .137kph, yorker, Smith faked to give room and stepped outside off late trying to paddle  .fine but got it off the toe of the bat to short fine",Saini,Smith,1.0,0,0,1,1,1.0,0,,1
"47.3 
• 
Saini to Carey, no run 
124kph, short slower ball, it stays low and Carey gets hit in the stomach trying to pull",47.3,0,0.0,"Saini to Carey, no run  .124kph, short slower ball, it stays low and Carey gets hit in the stomach trying to pull",Saini,Carey,0.0,0,0,1,1,0.0,0,,0
"47.4 
4 
Saini to Carey, FOUR runs 
flat batted over cover! 124kph, length ball wide of off and it just sat up, Carey gave 
room and slapped it over cover and deep point had no chance",47.4,4,4.0,"Saini to Carey, FOUR runs  .flat batted over cover! 124kph, length ball wide of off and it just sat up, Carey gave  .room and slapped it over cover and deep point had no chance",Saini,Carey,4.0,1,0,1,1,4.0,0,,1
"47.5 
1 
Saini to Carey, 1 run 
139kph, low full toss, he mistimes a drive to long off and they can't two",47.5,1,1.0,"Saini to Carey, 1 run  .139kph, low full toss, he mistimes a drive to long off and they can't two",Saini,Carey,1.0,0,0,1,1,1.0,0,,1
"47.6 
1 
Saini to Smith, 1 run 
135kph, perfect yorker, Smith has to defend and just knock it into the off side 
Karthik G: ""India got enough batting powers to chase this one easily. Need at least two 
of the top 5 to score a century like Aussie"" 
end of over 4813 runs  
AUS: 355/5CRR: 7.39  
Steven Smith95 (60b 9x4 4x6) 
Alex Carey10 (8b 1x4) 
Navdeep Saini 10-0-83-1 
Jasprit Bumrah 9-0-60-1",47.6,1,1.0,"Saini to Smith, 1 run  .135kph, perfect yorker, Smith has to defend and just knock it into the off side",Saini,Smith,1.0,0,0,1,1,1.0,0,,1
"48.1 
4 
Bumrah to Smith, FOUR runs 
A paddle sweep over backward square! Slower ball full and wide, he stepped outside off 
and just paddled, going for placement, just clearing the man and it raced away!",48.1,4,4.0,"Bumrah to Smith, FOUR runs  .A paddle sweep over backward square! Slower ball full and wide, he stepped outside off  .and just paddled, going for placement, just clearing the man and it raced away!",Bumrah,Smith,4.0,1,0,1,1,4.0,0,,1
"48.2 
1 
Bumrah to Smith, 1 run 
eases a square drive to deep point to bring the third-fastest ODI century for Australia! 
Just 62 balls for Smith. Superb innings. His 10th in ODI cricket",48.2,1,1.0,"Bumrah to Smith, 1 run  .eases a square drive to deep point to bring the third-fastest ODI century for Australia!  .Just 62 balls for Smith. Superb innings. His 10th in ODI cricket",Bumrah,Smith,1.0,0,0,1,1,1.0,0,,1
"48.3 
4 
Bumrah to Carey, FOUR runs 
142kph, full toss, he moves leg side and cracks a drive through cover! That was 
beautifully struck along the ground",48.3,4,4.0,"Bumrah to Carey, FOUR runs  .142kph, full toss, he moves leg side and cracks a drive through cover! That was  .beautifully struck along the ground",Bumrah,Carey,4.0,1,0,1,1,4.0,0,,1
"48.4 
• 
Bumrah to Carey, no run 
low full toss, he mistimes this drive to cover",48.4,0,0.0,"Bumrah to Carey, no run  .low full toss, he mistimes this drive to cover",Bumrah,Carey,0.0,0,0,1,1,0.0,0,,0
"48.5 
3 
Bumrah to Carey, 3 runs 
141kph, full toss, he mistimes a drive to cover, Kohli misfields, lets it go through his 
legs, he was expecting it to bounce higher and it runs away",48.5,3,3.0,"Bumrah to Carey, 3 runs  .141kph, full toss, he mistimes a drive to cover, Kohli misfields, lets it go through his  .legs, he was expecting it to bounce higher and it runs away",Bumrah,Carey,3.0,0,0,1,1,3.0,0,,1
"48.6 
1 
Bumrah to Smith, 1 run 
142kph, full outside off, he steps across and whips this through midwicket to the 
sweeper 
Smith's previous quickest ODI hundred was off 89 balls at the same ground in the 2015 
WC and his last three scores v India - 98, 131 and 101* 
end of over 4913 runs  
AUS: 368/5CRR: 7.51  
Steven Smith101 (63b 10x4 4x6) 
Alex Carey17 (11b 2x4) 
Jasprit Bumrah 10-0-73-1 
Navdeep Saini 10-0-83-1",48.6,1,1.0,"Bumrah to Smith, 1 run  .142kph, full outside off, he steps across and whips this through midwicket to the  .sweeper  .Smith's previous quickest ODI hundred was off 89 balls at the same ground in the 2015  .WC and his last three scores v India - 98, 131 and 101*",Bumrah,Smith,1.0,0,0,1,1,1.0,0,,1
"49.1 
• 
Shami to Smith, no run 
123kph, back of a length wide of off, he gives room trying to smash it over cover but 
misses",49.1,0,0.0,"Shami to Smith, no run  .123kph, back of a length wide of off, he gives room trying to smash it over cover but  .misses",Shami,Smith,0.0,0,0,1,1,0.0,0,,0
"49.2 
4 
Shami to Smith, FOUR runs 
flushed over cover! A half volley outside off, he clears the front leg and smashes this up 
and over cover",49.2,4,4.0,"Shami to Smith, FOUR runs  .flushed over cover! A half volley outside off, he clears the front leg and smashes this up  .and over cover",Shami,Smith,4.0,1,0,1,1,4.0,0,,1
"49.3 
W 
Shami to Smith, OUT 
bowled him! A low full toss, on off stump, Smith backed away and tried to open the face 
to slice it behind point but he got a little nick and it crashed into off stump. He was 
furious he missed out there but a fabulous innings nonetheless 
Steven Smith b Mohammed Shami 105 (66b 11x4 4x6) SR: 159.09 
Pat Cummins",49.3,W,0.0,"Shami to Smith, OUT  .bowled him! A low full toss, on off stump, Smith backed away and tried to open the face  .to slice it behind point but he got a little nick and it crashed into off stump. He was  .furious he missed out there but a fabulous innings nonetheless  .Steven Smith b Mohammed Shami 105 (66b 11x4 4x6) SR: 159.09",Shami,Smith,0.0,0,0,1,1,0.0,1,b Mohammed Shami,0
"49.4 
1 
Shami to Cummins, 1 run 
137kph, half volley, he carves a drive flat and hard to long off 
Around the wicket",49.4,1,1.0,"Shami to Cummins, 1 run  .137kph, half volley, he carves a drive flat and hard to long off  .Around the wicket",Shami,Cummins,1.0,0,0,1,1,1.0,0,,1
"49.5 
• 
Shami to Carey, no run 
yorker, right in the blockhole, jams Carey up and he can't do anything but defend",49.5,0,0.0,"Shami to Carey, no run  .yorker, right in the blockhole, jams Carey up and he can't do anything but defend",Shami,Carey,0.0,0,0,1,1,0.0,0,,0
"49.6 
1b 
Shami to Carey, 1 bye 
135kph, low full toss, he tries to scoop, misses, and they pinch a bye to Rahul 
Can India chase that down? Saurabh is back to start the chase. 
It is the third highest total against India in ODI cricket. 
6.49pm Innings break What a performance by Australia. Finch and Smith made superb 
centuries and Warner and Maxwell provided outstanding support. They end up just short 
of the highest score at the SCG. 
end of over 506 runs • 1 wicket 
AUS: 374/6CRR: 7.48  
Alex Carey17 (13b 2x4) 
Pat Cummins1 (1b) 
Mohammed Shami 10-0-59-3 
Jasprit Bumrah 10-0-73-1 
Sponsored Headlines 
 
IPL 2025 - Corbin Bosch served legal notice by PCB after late shift to IPL | 
ESPNcricinfoDiscover 
 
IPL 2025 - Mumbai Indians news - Jasprit Bumrah expected to miss first few games for 
MI | ESPNcricinfoDiscover 
 
Online Shopping Tools| 
Sponsored by TaboolaSponsored by Taboola 
Learn More 
Amazon's Worst Nightmare: Thousands Canceling Prime for This Clever HackRead 
MoreSkip 
 
Was Rohit Sharma's 76 the highest individual score in a Champions Trophy final?- Ask 
Steven | ESPNcricinfoDiscover 
 
IPL 2025 - Virat Kohli और AB De Villiers ने रजत पाटीदार को िदया ख़ास संदेश | 
ESPNcricinfoDiscover 
 
Flight Attendant Reveals How To Fly Business Class For The Price of 
EconomyAmericans, you'll want to check this out ASAPOnline Shopping Tools| 
SponsoredSponsored 
Undo 
 
Unbeatable Prices on TemuUnbeatable Prices on Quality ProductsTEMU| 
SponsoredSponsored 
Shop Now 
Undo 
 
Neurologists Say These Barefoot Shoes are ""Worth It""Barefoot Vitality| 
SponsoredSponsored 
Undo 
 
Pelvic Floor Expert: Best exercises for incontinenceWatch this video to learn the top 
exercises for incontinence and pelvic organ prolapse. Buff Muff Wellness| 
SponsoredSponsored 
Learn More 
Undo 
 
Your 2025 Horoscope Is So Accurate It Will Surprise YouMy Astrology| 
SponsoredSponsored 
Undo 
 
Put a Toilet Paper Roll Under the Toilet Seat at Night, Here's WhyLife Hack Genius| 
SponsoredSponsored 
Undo 
 
Thousands of Men Rave About the Cozy Polo Shirts.Bestbestones| 
SponsoredSponsored 
Shop Now 
Undo 
 
Remember Her? Take A Deep Breath When You See Her TodayCash Roadster| 
SponsoredSponsored 
Undo 
 
Type In Any Name, Wait 127 Seconds, See Instant ResultsEnter any name here. View 
results on the next page.Consumer Daily | 
SponsoredSponsored 
Search Now 
Undo 
 
Perfect partners. For pets.Find the right combination of Dyson technology for you and 
your family.Dyson| 
SponsoredSponsored 
Shop now 
 
 
Undo 
 
Neurologists Amazed: Barefoot Shoes are The Best Thing You Can Do in 2025 - NOW 
70% OFF!Barefoot Vitality| 
SponsoredSponsored 
Undo 
 
Modular Whole Home Backup Power, Tailor Made For Every HomeEcoFlow DELTA Pro 
Ultra: Stackable, Space-Saving & Hassle-Free Home Batteries Up To 90kw. Good For 1-
Month Backup.Ecoflow| 
SponsoredSponsored 
Learn More 
Undo 
Match Coverage 
All Match News 
 
India fined for slow over rate in first ODI 
The match ran an hour beyond its scheduled finish, and technically went past the SCG's 
lights curfew 
 
 
 
Hardik Pandya eyeing return to bowling 'for the most 
important games', like World Cups 
Lapses in the field a reason why India couldn't capitalise on any kind of momentum, 
Virat Kohli says 
 
 
 
Chants, roars and boos - cricket finds its voice back at 
Sydney 
When the gates opened at the SCG on Friday, spectators entered a men's international 
match for the first time since March 
 
 
 
Marcus Stoinis picks up side injury, could be a doubt for 
second ODI 
Australia have Cameron Green and Moises Henriques as back-up options in their squad 
 
 
 
India's one-dimensional batsmen hurting their five-bowler 
strategy 
Time to send a memo to domestic cricket: if you want to bat for India, bowl at least five 
overs for your state side 
 
 
 
Instant answers to T20 questions 
What is the highest total chased in men's T20 World Cups? 
Most sixes in an innings by a batter in men's T20 World Cups? 
Who has taken the most Powerplay wickets in men's T20 World Cups? 
Ask a question 
Videos 
All Match Videos 
 
 
1:37 
Pandya: 'We lost wickets when we were getting the 
rhythm' 
 
 
 
2:33 
Gambhir: No sixth bowling option hurting India 
 
India Innings 
Player Name 
R 
B 
MA 
Agarwal 
caught 
22 18 
Player Name 
R 
B 
S Dhawan 
caught 
74 86 
V Kohli 
caught 
21 21 
SS Iyer 
caught 
2 
2 
KL Rahul 
caught 
12 15 
HH Pandya caught 
90 76 
RA Jadeja 
caught 
25 37 
NA Saini 
not out 
29 35 
Mohammed 
Shami 
bowled 
13 10 
JJ Bumrah not out 
0 
3 
Extras 
(lb 2, nb 3, w 15) 
Total 
308(8 wkts; 50 ovs) 
Player Name 
O M R W Econ 
MA Starc 
9 0 65 1 
7.22 
(1 
nb) 
JR Hazlewood 10 0 55 3",49.6,1b,1.0,"Shami to Carey, 1 bye  .135kph, low full toss, he tries to scoop, misses, and they pinch a bye to Rahul  .Can India chase that down? Saurabh is back to start the chase.  .It is the third highest total against India in ODI cricket.",Shami,Carey,0.0,0,0,1,1,0.0,0,,1
