raw_data,overs,runs,team_runs,commentary,bowler,batsman,batsman_runs,batsman_fours,batsman_sixes,batsman_bowls_faced,bowler_bowls_done,bowler_runs_given,bowler_wickets,dismissal,runs_given_bool
"0.1 
• 
Shaheen Shah Afridi to Mohammad Naim, no run 
ah, beaten first ball! This full delivery was angled into fourth stump, but just about 
straightened after pitching, as Naim pushed without really getting to the pitch of the ball",0.1,0,0.0,"Shaheen Shah Afridi to Mohammad Naim, no run  .ah, beaten first ball! This full delivery was angled into fourth stump, but just about  .straightened after pitching, as Naim pushed without really getting to the pitch of the ball",Shaheen Shah Afridi,Mohammad Naim,0.0,0,0,1,1,0.0,0,,0
"0.2 
• 
Shaheen Shah Afridi to Mohammad Naim, no run 
a leg-before appeal by Afridi, but not given. Looked high, and going down the leg side 
in real time. This one seamed back in off a length on off stump, and beat the inside 
edge as he looked to defend",0.2,0,0.0,"Shaheen Shah Afridi to Mohammad Naim, no run  .a leg-before appeal by Afridi, but not given. Looked high, and going down the leg side  .in real time. This one seamed back in off a length on off stump, and beat the inside  .edge as he looked to defend",Shaheen Shah Afridi,Mohammad Naim,0.0,0,0,1,1,0.0,0,,0
"0.3 
• 
Shaheen Shah Afridi to Mohammad Naim, no run 
now he goes wide of the crease to bowl full and in the channel outside off. Left alone on 
line",0.3,0,0.0,"Shaheen Shah Afridi to Mohammad Naim, no run  .now he goes wide of the crease to bowl full and in the channel outside off. Left alone on  .line",Shaheen Shah Afridi,Mohammad Naim,0.0,0,0,1,1,0.0,0,,0
"0.4 
• 
Shaheen Shah Afridi to Mohammad Naim, no run 
goes full and on off stump, angling it into the left-hander. Driven straight to the mid-off 
fielder",0.4,0,0.0,"Shaheen Shah Afridi to Mohammad Naim, no run  .goes full and on off stump, angling it into the left-hander. Driven straight to the mid-off  .fielder",Shaheen Shah Afridi,Mohammad Naim,0.0,0,0,1,1,0.0,0,,0
"0.5 
• 
Shaheen Shah Afridi to Mohammad Naim, no run 
shorter side of a length on middle stump, straightening after pitching. He looked to clip, 
but the ball dribbled to square leg off his thigh",0.5,0,0.0,"Shaheen Shah Afridi to Mohammad Naim, no run  .shorter side of a length on middle stump, straightening after pitching. He looked to clip,  .but the ball dribbled to square leg off his thigh",Shaheen Shah Afridi,Mohammad Naim,0.0,0,0,1,1,0.0,0,,0
"0.6 
• 
Shaheen Shah Afridi to Mohammad Naim, no run 
short ball just outside off, hinting to move in a touch. Dabbed down by riding the bounce 
end of over 1Maiden 
BAN: 0/0CRR: 0.00  
Mohammad Naim0 (6b) 
Mehidy Hasan Miraz0 (0b) 
Shaheen Shah Afridi 1-1-0-0 
A tight first over to start with for Pakistan. Naseem from the other end, with a slip 
waiting.",0.6,0,0.0,"Shaheen Shah Afridi to Mohammad Naim, no run  .short ball just outside off, hinting to move in a touch. Dabbed down by riding the bounce",Shaheen Shah Afridi,Mohammad Naim,0.0,0,0,1,1,0.0,0,,0
"1.1 
W 
Naseem Shah to Mehidy Hasan Miraz, OUT 
chipped to square leg first ball! Bangladesh's centurion from the last game falls without 
scoring today. And that, off a delivery which hardly deserved a wicket. Naseem went on 
the shorter side of a length, as the ball angled in on pitching, and ended on Mehidy's 
pads. He went for the clip, only to end up flicking to Fakhar at a comfortable height 
Mehidy Hasan Miraz c Fakhar Zaman b Naseem Shah 0 (1b 0x4 0x6 6m) SR: 0 
See all photos 
Litton, who just joined Bangladesh's squad, is in at No. 3. Two slips for him.",1.1,W,0.0,"Naseem Shah to Mehidy Hasan Miraz, OUT  .chipped to square leg first ball! Bangladesh's centurion from the last game falls without  .scoring today. And that, off a delivery which hardly deserved a wicket. Naseem went on  .the shorter side of a length, as the ball angled in on pitching, and ended on Mehidy's  .pads. He went for the clip, only to end up flicking to Fakhar at a comfortable height  .Mehidy Hasan Miraz c Fakhar Zaman b Naseem Shah 0 (1b 0x4 0x6 6m) SR: 0",Naseem Shah,Mehidy Hasan Miraz,0.0,0,0,1,1,0.0,1,c Fakhar Zaman b Naseem Shah,0
"1.2 
• 
Naseem Shah to Litton Das, no run 
this is quite full on off, and goes on straight after pitching. Driven to mid-off, with a solid 
sound off his bat",1.2,0,0.0,"Naseem Shah to Litton Das, no run  .this is quite full on off, and goes on straight after pitching. Driven to mid-off, with a solid  .sound off his bat",Naseem Shah,Litton Das,0.0,0,0,1,1,0.0,0,,0
"1.3 
• 
Naseem Shah to Litton Das, no run 
this is a good-looking drive to mid-off again, with the length being on the fuller side on 
off stump",1.3,0,0.0,"Naseem Shah to Litton Das, no run  .this is a good-looking drive to mid-off again, with the length being on the fuller side on  .off stump",Naseem Shah,Litton Das,0.0,0,0,1,1,0.0,0,,0
"1.4 
• 
Naseem Shah to Litton Das, no run 
on a length on middle and off, and pushed to mid-on to keep adding to the dot balls",1.4,0,0.0,"Naseem Shah to Litton Das, no run  .on a length on middle and off, and pushed to mid-on to keep adding to the dot balls",Naseem Shah,Litton Das,0.0,0,0,1,1,0.0,0,,0
"1.5 
4 
Naseem Shah to Litton Das, FOUR runs 
an aerial push, but just wide of the point fielder's left. The ball also beats the deep third 
fielder, as Litton opened the face of the bat at this short of a length ball around sixth 
stump",1.5,4,4.0,"Naseem Shah to Litton Das, FOUR runs  .an aerial push, but just wide of the point fielder's left. The ball also beats the deep third  .fielder, as Litton opened the face of the bat at this short of a length ball around sixth  .stump",Naseem Shah,Litton Das,4.0,1,0,1,1,4.0,0,,1
"1.6 
• 
Naseem Shah to Litton Das, no run 
pushed off the inside edge to mid-on, as he leaned into this full delivery angled away 
just outside off 
end of over 24 runs • 1 wicket 
BAN: 4/1CRR: 2.00  
Litton Das4 (5b 1x4) 
Mohammad Naim0 (6b) 
Naseem Shah 1-0-4-1 
Shaheen Shah Afridi 1-1-0-0 
Ifhaam: ""The law of average... Never misses""",1.6,0,0.0,"Naseem Shah to Litton Das, no run  .pushed off the inside edge to mid-on, as he leaned into this full delivery angled away  .just outside off",Naseem Shah,Litton Das,0.0,0,0,1,1,0.0,0,,0
"2.1 
4 
Shaheen Shah Afridi to Mohammad Naim, FOUR runs 
flicked to deep square leg! It is the longer boundary there, but the timing and placement 
were spot on. The ball was on a length from Afridi, angling into the middle and leg 
stumps. Naim waited, and let it go off his bat",2.1,4,4.0,"Shaheen Shah Afridi to Mohammad Naim, FOUR runs  .flicked to deep square leg! It is the longer boundary there, but the timing and placement  .were spot on. The ball was on a length from Afridi, angling into the middle and leg  .stumps. Naim waited, and let it go off his bat",Shaheen Shah Afridi,Mohammad Naim,4.0,1,0,1,1,4.0,0,,1
"2.2 
• 
Shaheen Shah Afridi to Mohammad Naim, no run 
ah, is this a sign of the slowness and the lack of bounce on this pitch already? The ball 
is short and wide of off, as Naim went slashing but ended up chopping behind to the 
keeper, with the ball keeping low",2.2,0,0.0,"Shaheen Shah Afridi to Mohammad Naim, no run  .ah, is this a sign of the slowness and the lack of bounce on this pitch already? The ball  .is short and wide of off, as Naim went slashing but ended up chopping behind to the  .keeper, with the ball keeping low",Shaheen Shah Afridi,Mohammad Naim,0.0,0,0,1,1,0.0,0,,0
"2.3 
1 
Shaheen Shah Afridi to Mohammad Naim, 1 run 
gets an outside edge off this length ball angled into middle and off, as he went pushing. 
The ball was aerial, but safe to deep third",2.3,1,1.0,"Shaheen Shah Afridi to Mohammad Naim, 1 run  .gets an outside edge off this length ball angled into middle and off, as he went pushing.  .The ball was aerial, but safe to deep third",Shaheen Shah Afridi,Mohammad Naim,1.0,0,0,1,1,1.0,0,,1
"2.4 
4 
Shaheen Shah Afridi to Litton Das, FOUR runs 
the cover-point fielder dives to his left, but doesn't get a hand. Four to deep point, as 
Litton walked down and slice-drove at this length ball angled across, which finished on 
fifth stump",2.4,4,4.0,"Shaheen Shah Afridi to Litton Das, FOUR runs  .the cover-point fielder dives to his left, but doesn't get a hand. Four to deep point, as  .Litton walked down and slice-drove at this length ball angled across, which finished on  .fifth stump",Shaheen Shah Afridi,Litton Das,4.0,1,0,1,1,4.0,0,,1
"2.5 
• 
Shaheen Shah Afridi to Litton Das, no run 
again looks to come down, but drives this full ball on middle and off to mid-off. Litton 
looking to be positive against Afridi already 
Khan: ""If Shaheen does not get you, Naseem will""",2.5,0,0.0,"Shaheen Shah Afridi to Litton Das, no run  .again looks to come down, but drives this full ball on middle and off to mid-off. Litton  .looking to be positive against Afridi already",Shaheen Shah Afridi,Litton Das,0.0,0,0,1,1,0.0,0,,0
"2.6 
• 
Shaheen Shah Afridi to Litton Das, no run 
fuller length on off, and blocked to the extra-cover fielder 
end of over 39 runs  
BAN: 13/1CRR: 4.33  
Litton Das8 (8b 2x4) 
Mohammad Naim5 (9b 1x4) 
Shaheen Shah Afridi 2-1-9-0 
Naseem Shah 1-0-4-1 
Did you miss any of the action in the first round of the Asia Cup? Listen to our Stump 
Mic podcast where Kaustubh Kumar, Vishal Dikshit and Raunak Kapoor look back at the 
Asia Cup games so far and also India's World Cup squad 
A slip and a wide-ish gully in place",2.6,0,0.0,"Shaheen Shah Afridi to Litton Das, no run  .fuller length on off, and blocked to the extra-cover fielder",Shaheen Shah Afridi,Litton Das,0.0,0,0,1,1,0.0,0,,0
"3.1 
4 
Naseem Shah to Mohammad Naim, FOUR runs 
hacked to deep backward point! He lost his bottom hand, but it was placed crunchily 
nevertheless. The ball was short and wide of off, and Naim just went attacking",3.1,4,4.0,"Naseem Shah to Mohammad Naim, FOUR runs  .hacked to deep backward point! He lost his bottom hand, but it was placed crunchily  .nevertheless. The ball was short and wide of off, and Naim just went attacking",Naseem Shah,Mohammad Naim,4.0,1,0,1,1,4.0,0,,1
"3.2 
• 
Naseem Shah to Mohammad Naim, no run 
pushes forward at this length ball angled across, and finishing just outside off. But he 
gets an inside edge towards square leg",3.2,0,0.0,"Naseem Shah to Mohammad Naim, no run  .pushes forward at this length ball angled across, and finishing just outside off. But he  .gets an inside edge towards square leg",Naseem Shah,Mohammad Naim,0.0,0,0,1,1,0.0,0,,0
"3.3 
1 
Naseem Shah to Mohammad Naim, 1 run 
fuller ball on middle, and just nudged wide of mid-on for a quick single",3.3,1,1.0,"Naseem Shah to Mohammad Naim, 1 run  .fuller ball on middle, and just nudged wide of mid-on for a quick single",Naseem Shah,Mohammad Naim,1.0,0,0,1,1,1.0,0,,1
"3.4 
4 
Naseem Shah to Litton Das, FOUR runs 
wow, what a sound that made off the bat! That sound could just light up a ground. He 
saw this length ball wide enough of off for him to drive all along the ground to deep 
point",3.4,4,4.0,"Naseem Shah to Litton Das, FOUR runs  .wow, what a sound that made off the bat! That sound could just light up a ground. He  .saw this length ball wide enough of off for him to drive all along the ground to deep  .point",Naseem Shah,Litton Das,4.0,1,0,1,1,4.0,0,,1
"3.5 
• 
Naseem Shah to Litton Das, no run 
again goes driving at this length ball wide of off, but this goes straight to the cover-point 
fielder. Litton seems pretty confident on this pitch already",3.5,0,0.0,"Naseem Shah to Litton Das, no run  .again goes driving at this length ball wide of off, but this goes straight to the cover-point  .fielder. Litton seems pretty confident on this pitch already",Naseem Shah,Litton Das,0.0,0,0,1,1,0.0,0,,0
"3.6 
4 
Naseem Shah to Litton Das, FOUR runs 
okay, I think you know the drill already: a cover drive for four to deep point, and with a 
fantastic sound off the bat. Another length delivery in the channel, and Litton is assured 
enough to go drilling that to the boundary 
end of over 413 runs  
BAN: 26/1CRR: 6.50  
Litton Das16 (11b 4x4) 
Mohammad Naim10 (12b 2x4) 
Naseem Shah 2-0-17-1 
Shaheen Shah Afridi 2-1-9-0 
A second slip and wide gully waiting",3.6,4,4.0,"Naseem Shah to Litton Das, FOUR runs  .okay, I think you know the drill already: a cover drive for four to deep point, and with a  .fantastic sound off the bat. Another length delivery in the channel, and Litton is assured  .enough to go drilling that to the boundary",Naseem Shah,Litton Das,4.0,1,0,1,1,4.0,0,,1
"4.1 
• 
Shaheen Shah Afridi to Mohammad Naim, no run 
short of a length on off, and straightening after pitching. Dabbed down from deep in the 
crease 
Spy: ""Perfectly balanced now!""",4.1,0,0.0,"Shaheen Shah Afridi to Mohammad Naim, no run  .short of a length on off, and straightening after pitching. Dabbed down from deep in the  .crease",Shaheen Shah Afridi,Mohammad Naim,0.0,0,0,1,1,0.0,0,,0
"4.2 
4 
Shaheen Shah Afridi to Mohammad Naim, FOUR runs 
pulled wide of mid-on, and the outfield takes it away. This was also the shorter 
boundary, as even the shot coming off the bottom half of the bat couldn't stop it. 
Shortish from Afridi again, as he went outsidee off, but Naim went pulling",4.2,4,4.0,"Shaheen Shah Afridi to Mohammad Naim, FOUR runs  .pulled wide of mid-on, and the outfield takes it away. This was also the shorter  .boundary, as even the shot coming off the bottom half of the bat couldn't stop it.  .Shortish from Afridi again, as he went outsidee off, but Naim went pulling",Shaheen Shah Afridi,Mohammad Naim,4.0,1,0,1,1,4.0,0,,1
"4.3 
1 
Shaheen Shah Afridi to Mohammad Naim, 1 run 
length ball angled into middle and off, and just nudged to mid-on for a rapid run",4.3,1,1.0,"Shaheen Shah Afridi to Mohammad Naim, 1 run  .length ball angled into middle and off, and just nudged to mid-on for a rapid run",Shaheen Shah Afridi,Mohammad Naim,1.0,0,0,1,1,1.0,0,,1
"4.4 
• 
Shaheen Shah Afridi to Litton Das, no run 
ah, change of pace already! Angles this fullish delivery across, pitching it on fifth stump, 
as Litton went pushing but missed",4.4,0,0.0,"Shaheen Shah Afridi to Litton Das, no run  .ah, change of pace already! Angles this fullish delivery across, pitching it on fifth stump,  .as Litton went pushing but missed",Shaheen Shah Afridi,Litton Das,0.0,0,0,1,1,0.0,0,,0
"4.5 
W 
Shaheen Shah Afridi to Litton Das, OUT 
edged behind! The extra bounce - and perhaps the short length - made the difference. 
There was movement and bounce, as Litton ended up fending to the keeper. Afridi 
bowled it quite short, getting it to angle across and end wide of off. Litton went flashing 
with a flat bat, while looking surprised by the bounce, only to tickle it to Rizwan 
Litton Das c †Mohammad Rizwan b Shaheen Shah Afridi 16 (13b 4x4 0x6 17m) SR: 
123.07 
See all photos 
Shakib at No. 4, after Afridi ends Litton's bright start",4.5,W,0.0,"Shaheen Shah Afridi to Litton Das, OUT  .edged behind! The extra bounce - and perhaps the short length - made the difference.  .There was movement and bounce, as Litton ended up fending to the keeper. Afridi  .bowled it quite short, getting it to angle across and end wide of off. Litton went flashing  .with a flat bat, while looking surprised by the bounce, only to tickle it to Rizwan  .Litton Das c †Mohammad Rizwan b Shaheen Shah Afridi 16 (13b 4x4 0x6 17m) SR:",Shaheen Shah Afridi,Litton Das,0.0,0,0,1,1,0.0,1,c †Mohammad Rizwan b Shaheen Shah Afridi,0
"4.6 
• 
Shaheen Shah Afridi to Shakib, no run 
beaten first ball! This is angled in, but moves away after pitching on a length on fifth 
stump. Shakib is almost squared up while looking to block, with the ball passing the 
outside edge 
end of over 55 runs • 1 wicket 
BAN: 31/2CRR: 6.20  
Shakib Al Hasan0 (1b) 
Mohammad Naim15 (15b 3x4) 
Shaheen Shah Afridi 3-1-14-1 
Naseem Shah 2-0-17-1 
Waqas: ""Perfectly timed comment from Spy!!""",4.6,0,0.0,"Shaheen Shah Afridi to Shakib, no run  .beaten first ball! This is angled in, but moves away after pitching on a length on fifth  .stump. Shakib is almost squared up while looking to block, with the ball passing the  .outside edge",Shaheen Shah Afridi,Shakib,0.0,0,0,1,1,0.0,0,,0
"5.1 
• 
Naseem Shah to Mohammad Naim, no run 
ah, tight line and length there. Bowls short on middle and off, and the ball goes on with 
the angle to cramp Naim for room, as he looks to poke but misses",5.1,0,0.0,"Naseem Shah to Mohammad Naim, no run  .ah, tight line and length there. Bowls short on middle and off, and the ball goes on with  .the angle to cramp Naim for room, as he looks to poke but misses",Naseem Shah,Mohammad Naim,0.0,0,0,1,1,0.0,0,,0
"5.2 
• 
Naseem Shah to Mohammad Naim, no run 
on a length on leg stump, and takes his pad as he looks to clip. The ball trickles to the 
square-leg fielder",5.2,0,0.0,"Naseem Shah to Mohammad Naim, no run  .on a length on leg stump, and takes his pad as he looks to clip. The ball trickles to the  .square-leg fielder",Naseem Shah,Mohammad Naim,0.0,0,0,1,1,0.0,0,,0
"5.3 
1 
Naseem Shah to Mohammad Naim, 1 run 
goes a bit wide of the crease, and bowls short on middle and leg. Clipped to square 
leg's left 
Shakib facing Naseem after Afridi beat his first ball",5.3,1,1.0,"Naseem Shah to Mohammad Naim, 1 run  .goes a bit wide of the crease, and bowls short on middle and leg. Clipped to square  .leg's left  .Shakib facing Naseem after Afridi beat his first ball",Naseem Shah,Mohammad Naim,1.0,0,0,1,1,1.0,0,,1
"5.4 
• 
Naseem Shah to Shakib, no run 
short of a length, angling across to end on off stump. Blocked down, as he closes the 
face of the bat",5.4,0,0.0,"Naseem Shah to Shakib, no run  .short of a length, angling across to end on off stump. Blocked down, as he closes the  .face of the bat",Naseem Shah,Shakib,0.0,0,0,1,1,0.0,0,,0
"5.5 
• 
Naseem Shah to Shakib, no run 
bowls on a length around middle, and is clipped to square leg",5.5,0,0.0,"Naseem Shah to Shakib, no run  .bowls on a length around middle, and is clipped to square leg",Naseem Shah,Shakib,0.0,0,0,1,1,0.0,0,,0
"5.6 
4 
Naseem Shah to Shakib, FOUR runs 
flicked to deep backward square leg! Shakib is off the mark with a four. Naseem went 
on the fuller side of a length, but got this on Shakib's pads, as the latter went with the 
line to beat fine leg to his right 
end of over 65 runs  
BAN: 36/2CRR: 6.00  
Shakib Al Hasan4 (4b 1x4) 
Mohammad Naim16 (18b 3x4) 
Naseem Shah 3-0-22-1 
Shaheen Shah Afridi 3-1-14-1",5.6,4,4.0,"Naseem Shah to Shakib, FOUR runs  .flicked to deep backward square leg! Shakib is off the mark with a four. Naseem went  .on the fuller side of a length, but got this on Shakib's pads, as the latter went with the  .line to beat fine leg to his right",Naseem Shah,Shakib,4.0,1,0,1,1,4.0,0,,1
"6.1 
• 
Shaheen Shah Afridi to Mohammad Naim, no run 
shorter side of a length, angling into and finishing on top of middle and off. Blocked 
down with a little leap",6.1,0,0.0,"Shaheen Shah Afridi to Mohammad Naim, no run  .shorter side of a length, angling into and finishing on top of middle and off. Blocked  .down with a little leap",Shaheen Shah Afridi,Mohammad Naim,0.0,0,0,1,1,0.0,0,,0
"6.2 
4lb 
Shaheen Shah Afridi to Mohammad Naim, 4 leg byes 
Naseem from fine leg runs and slides to his left, but I think his leg just brushed the rope 
as he pulled the ball back. But more seriously, Naseem is lying down on his stomach, 
and is completely still. Rizwan attends to his team-mate there. And before that, this is 
what happened: Afridi bowled on a length, angling it into leg, as Naim went for the flick 
but the ball dribbled away behind the wicket off his pads. Seemingly, Naseem looks to 
have stretched his right shoulder. He is back standing after a few minutes, but he's 
across the boundary by now 
Naseem is taken off, with Mohammad Haris the sub fielder. The physio taking the 
Naseem back.",6.2,4lb,4.0,"Shaheen Shah Afridi to Mohammad Naim, 4 leg byes  .Naseem from fine leg runs and slides to his left, but I think his leg just brushed the rope  .as he pulled the ball back. But more seriously, Naseem is lying down on his stomach,  .and is completely still. Rizwan attends to his team-mate there. And before that, this is  .what happened: Afridi bowled on a length, angling it into leg, as Naim went for the flick  .but the ball dribbled away behind the wicket off his pads. Seemingly, Naseem looks to  .have stretched his right shoulder. He is back standing after a few minutes, but he's  .across the boundary by now  .Naseem is taken off, with Mohammad Haris the sub fielder. The physio taking the  .Naseem back.",Shaheen Shah Afridi,Mohammad Naim,0.0,0,0,1,1,0.0,0,,0
"6.3 
• 
Shaheen Shah Afridi to Mohammad Naim, no run 
more extra bounce off a short of a length from wide of off. Naim goes flashing far from 
his body, but the ball goes over his bat flat bat",6.3,0,0.0,"Shaheen Shah Afridi to Mohammad Naim, no run  .more extra bounce off a short of a length from wide of off. Naim goes flashing far from  .his body, but the ball goes over his bat flat bat",Shaheen Shah Afridi,Mohammad Naim,0.0,0,0,1,1,0.0,0,,0
"6.4 
• 
Shaheen Shah Afridi to Mohammad Naim, no run 
now bowls the bouncer, banging it short on middle. It angles in as Naim ducks, only for 
the ball to move back away late while Rizwan collected it",6.4,0,0.0,"Shaheen Shah Afridi to Mohammad Naim, no run  .now bowls the bouncer, banging it short on middle. It angles in as Naim ducks, only for  .the ball to move back away late while Rizwan collected it",Shaheen Shah Afridi,Mohammad Naim,0.0,0,0,1,1,0.0,0,,0
"6.5 
• 
Shaheen Shah Afridi to Mohammad Naim, no run 
slower ball this time. Much fuller length on off, and pushed to mid-off",6.5,0,0.0,"Shaheen Shah Afridi to Mohammad Naim, no run  .slower ball this time. Much fuller length on off, and pushed to mid-off",Shaheen Shah Afridi,Mohammad Naim,0.0,0,0,1,1,0.0,0,,0
"6.6 
4 
Shaheen Shah Afridi to Mohammad Naim, FOUR runs 
flicked between square leg and mid-on! Afridi went quite full, getting it to angle into the 
batter, only for the ball to end on middle and leg. It was a bit in the air for a while, but 
clearly in the gap 
end of over 78 runs  
BAN: 44/2CRR: 6.28  
Mohammad Naim20 (24b 4x4) 
Shakib Al Hasan4 (4b 1x4) 
Shaheen Shah Afridi 4-1-18-1 
Naseem Shah 3-0-22-1 
Rauf replaces Naseem. Around the wicket, with a slip.",6.6,4,4.0,"Shaheen Shah Afridi to Mohammad Naim, FOUR runs  .flicked between square leg and mid-on! Afridi went quite full, getting it to angle into the  .batter, only for the ball to end on middle and leg. It was a bit in the air for a while, but  .clearly in the gap",Shaheen Shah Afridi,Mohammad Naim,4.0,1,0,1,1,4.0,0,,1
"7.1 
• 
Haris Rauf to Shakib, no run 
short of a length, angled in and finishing on fifth stump. Dabbed down by Shakib",7.1,0,0.0,"Haris Rauf to Shakib, no run  .short of a length, angled in and finishing on fifth stump. Dabbed down by Shakib",Haris Rauf,Shakib,0.0,0,0,1,1,0.0,0,,0
"7.2 
1 
Haris Rauf to Shakib, 1 run 
again bowls short, but this is much closer to off stump. Shakib guides it to deep third 
with a flat bat 
Mayank: ""Sad Scenes to see. Hope Naseem is well. Love from India for a talented fast 
bowler :)""",7.2,1,1.0,"Haris Rauf to Shakib, 1 run  .again bowls short, but this is much closer to off stump. Shakib guides it to deep third  .with a flat bat",Haris Rauf,Shakib,1.0,0,0,1,1,1.0,0,,1
"7.3 
W 
Haris Rauf to Mohammad Naim, OUT 
return catch to Rauf! He strikes third ball, as the rapid pace of 140kph, and the hard 
length trouble Naim. Rauf went short and on a sharp line - around middle and off, 
enough to almost cramp the batter - as Naim tried to pull. But the line wasn't any wider 
for that shot, and the rapid pace meant the ball took the top edge, and went to where an 
imaginary short midwicket would have been. Rauf moved to his left, and took an easy 
catch 
Mohammad Naim c & b Haris Rauf 20 (25b 4x4 0x6 40m) SR: 80 
Hridoy in, with Rauf from over the stumps",7.3,W,0.0,"Haris Rauf to Mohammad Naim, OUT  .return catch to Rauf! He strikes third ball, as the rapid pace of 140kph, and the hard  .length trouble Naim. Rauf went short and on a sharp line - around middle and off,  .enough to almost cramp the batter - as Naim tried to pull. But the line wasn't any wider  .for that shot, and the rapid pace meant the ball took the top edge, and went to where an  .imaginary short midwicket would have been. Rauf moved to his left, and took an easy  .catch  .Mohammad Naim c & b Haris Rauf 20 (25b 4x4 0x6 40m) SR: 80",Haris Rauf,Mohammad Naim,0.0,0,0,1,1,0.0,1,c & b Haris Rauf,0
"7.4 
• 
Haris Rauf to Towhid Hridoy, no run 
this goes on the bounce to the keeper, as Hridoy left this length ball wide of off",7.4,0,0.0,"Haris Rauf to Towhid Hridoy, no run  .this goes on the bounce to the keeper, as Hridoy left this length ball wide of off",Haris Rauf,Towhid Hridoy,0.0,0,0,1,1,0.0,0,,0
"7.5 
• 
Haris Rauf to Towhid Hridoy, no run 
ah, there was a man at gully whom I hadn't seen until now. Rauf went short of a length 
in the channel outside off, as Hridoy ended up guiding it to gully on a bounce 
Momen: ""Bangladesh are in trouble now""",7.5,0,0.0,"Haris Rauf to Towhid Hridoy, no run  .ah, there was a man at gully whom I hadn't seen until now. Rauf went short of a length  .in the channel outside off, as Hridoy ended up guiding it to gully on a bounce",Haris Rauf,Towhid Hridoy,0.0,0,0,1,1,0.0,0,,0
"7.6 
1 
Haris Rauf to Towhid Hridoy, 1 run 
leading edge to deep third, as he went flicking at this short of a length ball on middle 
and off, but seemed to have closed the face of the bat early 
end of over 82 runs • 1 wicket 
BAN: 46/3CRR: 5.75  
Towhid Hridoy1 (3b) 
Shakib Al Hasan5 (6b 1x4) 
Haris Rauf 1-0-2-1 
Shaheen Shah Afridi 4-1-18-1 
Faheem, coming back into the side, replaces Afridi",7.6,1,1.0,"Haris Rauf to Towhid Hridoy, 1 run  .leading edge to deep third, as he went flicking at this short of a length ball on middle  .and off, but seemed to have closed the face of the bat early",Haris Rauf,Towhid Hridoy,1.0,0,0,1,1,1.0,0,,1
"8.1 
• 
Faheem to Towhid Hridoy, no run 
short of a length, angled into off. Blocked down by riding the bounce 
By the way, there's a slip for Faheem",8.1,0,0.0,"Faheem to Towhid Hridoy, no run  .short of a length, angled into off. Blocked down by riding the bounce  .By the way, there's a slip for Faheem",Faheem,Towhid Hridoy,0.0,0,0,1,1,0.0,0,,0
"8.2 
• 
Faheem to Towhid Hridoy, no run 
short again, but this is around sixth stump. Punched to point with a loud call of no",8.2,0,0.0,"Faheem to Towhid Hridoy, no run  .short again, but this is around sixth stump. Punched to point with a loud call of no",Faheem,Towhid Hridoy,0.0,0,0,1,1,0.0,0,,0
"8.3 
• 
Faheem to Towhid Hridoy, no run 
goes slightly fuller, but the line is again in that probing channel outside off. This is 
dabbed to cover-point's left, as Hridoy is sent back by Shakib 
Ahsan Bhutta: ""Pace is pace yaar""",8.3,0,0.0,"Faheem to Towhid Hridoy, no run  .goes slightly fuller, but the line is again in that probing channel outside off. This is  .dabbed to cover-point's left, as Hridoy is sent back by Shakib",Faheem,Towhid Hridoy,0.0,0,0,1,1,0.0,0,,0
"8.4 
• 
Faheem to Towhid Hridoy, no run 
much fuller length, and just outside off. Driven to mid-off this time",8.4,0,0.0,"Faheem to Towhid Hridoy, no run  .much fuller length, and just outside off. Driven to mid-off this time",Faheem,Towhid Hridoy,0.0,0,0,1,1,0.0,0,,0
"8.5 
1 
Faheem to Towhid Hridoy, 1 run 
fuller side of a length, and a bit wide of off. Guided late to deep third, as he opens the 
face of the bat",8.5,1,1.0,"Faheem to Towhid Hridoy, 1 run  .fuller side of a length, and a bit wide of off. Guided late to deep third, as he opens the  .face of the bat",Faheem,Towhid Hridoy,1.0,0,0,1,1,1.0,0,,1
"8.6 
• 
Faheem to Shakib, no run 
walks down, and Faheem bowls on a short of a length wile it angling it across and 
finishing just outside off. Punched down to mid-off 
end of over 91 run  
BAN: 47/3CRR: 5.22  
Shakib Al Hasan5 (7b 1x4) 
Towhid Hridoy2 (8b) 
Faheem Ashraf 1-0-1-0 
Haris Rauf 1-0-2-1 
Naseem has his right shoulder taped, although he is moving it around",8.6,0,0.0,"Faheem to Shakib, no run  .walks down, and Faheem bowls on a short of a length wile it angling it across and  .finishing just outside off. Punched down to mid-off",Faheem,Shakib,0.0,0,0,1,1,0.0,0,,0
"9.1 
W 
Haris Rauf to Towhid Hridoy, OUT 
crashes into the stumps at 145kph! This just had the perfect combination of the right 
length, just enough movement, and rapid pace. Rauf angled this length delivery into the 
batter, pitching it on middle and off on that teasing length. Hridoy went for the flick, but 
seemed to have gone through a bit too early, while also being completely beaten by 
pace. The ball just about straightened, and smacked the middle and off stumps 
Towhid Hridoy b Haris Rauf 2 (9b 0x4 0x6 7m) SR: 22.22 
See all photos 
Mushfiqur at No. 6, much earlier than he would have liked",9.1,W,0.0,"Haris Rauf to Towhid Hridoy, OUT  .crashes into the stumps at 145kph! This just had the perfect combination of the right  .length, just enough movement, and rapid pace. Rauf angled this length delivery into the  .batter, pitching it on middle and off on that teasing length. Hridoy went for the flick, but  .seemed to have gone through a bit too early, while also being completely beaten by  .pace. The ball just about straightened, and smacked the middle and off stumps  .Towhid Hridoy b Haris Rauf 2 (9b 0x4 0x6 7m) SR: 22.22",Haris Rauf,Towhid Hridoy,0.0,0,0,1,1,0.0,1,b Haris Rauf,0
"9.2 
• 
Haris Rauf to Mushfiqur, no run 
short of a length ball, again angled in and ending on off. Dabbed down to cover 
Shahid: ""Pace, uff. Unplayable""",9.2,0,0.0,"Haris Rauf to Mushfiqur, no run  .short of a length ball, again angled in and ending on off. Dabbed down to cover",Haris Rauf,Mushfiqur,0.0,0,0,1,1,0.0,0,,0
"9.3 
• 
Haris Rauf to Mushfiqur, no run 
beaten outside off! This is fired at 147kph. Rauf went on a length on fifth stump, with 
the ball going on with the angle from over the wicket. Mushi pushed at it, but the ball 
went past the outside edge 
Now Rauf is changing his boots, so there's a break in play",9.3,0,0.0,"Haris Rauf to Mushfiqur, no run  .beaten outside off! This is fired at 147kph. Rauf went on a length on fifth stump, with  .the ball going on with the angle from over the wicket. Mushi pushed at it, but the ball  .went past the outside edge  .Now Rauf is changing his boots, so there's a break in play",Haris Rauf,Mushfiqur,0.0,0,0,1,1,0.0,0,,0
"9.4 
• 
Haris Rauf to Mushfiqur, no run 
this is quite full, and just outside off. Mushi plants his front foot forward, but lets it go",9.4,0,0.0,"Haris Rauf to Mushfiqur, no run  .this is quite full, and just outside off. Mushi plants his front foot forward, but lets it go",Haris Rauf,Mushfiqur,0.0,0,0,1,1,0.0,0,,0
"9.5 
• 
Haris Rauf to Mushfiqur, no run 
short of a length around middle and off, and tapped to point",9.5,0,0.0,"Haris Rauf to Mushfiqur, no run  .short of a length around middle and off, and tapped to point",Haris Rauf,Mushfiqur,0.0,0,0,1,1,0.0,0,,0
"9.6 
2 
Haris Rauf to Mushfiqur, 2 runs 
clipped to deep backward square, as Afridi runs and slides to his left to save a few. 
Importantly, he doesn't hurt himself. Rauf bowled fullish while angling in, as Mushi 
clipped off his pads 
The action-packed powerplay is done, and Abhimanyu is back here 
end of over 102 runs • 1 wicket 
BAN: 49/4CRR: 4.90  
Mushfiqur Rahim2 (5b) 
Shakib Al Hasan5 (7b 1x4) 
Haris Rauf 2-0-4-2 
Faheem Ashraf 1-0-1-0 
Thanks Himanshu and what a dramatic start it's been so far! Early wicket, aggression 
from the batters, another wicket and then unfortunately an injury. And then Haris Rauf 
cranking it up! For now, Faheem to continue",9.6,2,2.0,"Haris Rauf to Mushfiqur, 2 runs  .clipped to deep backward square, as Afridi runs and slides to his left to save a few.  .Importantly, he doesn't hurt himself. Rauf bowled fullish while angling in, as Mushi  .clipped off his pads  .The action-packed powerplay is done, and Abhimanyu is back here",Haris Rauf,Mushfiqur,2.0,0,0,1,1,2.0,0,,1
"10.1 
• 
Faheem to Shakib, no run 
Full on middle, hint of late movement away and Shakib defends",10.1,0,0.0,"Faheem to Shakib, no run  .Full on middle, hint of late movement away and Shakib defends",Faheem,Shakib,0.0,0,0,1,1,0.0,0,,0
"10.2 
1 
Faheem to Shakib, 1 run 
Short on off and going across him and Shakib is able to cut this out to deep third for a 
single that brings up the fifty for Bangladesh",10.2,1,1.0,"Faheem to Shakib, 1 run  .Short on off and going across him and Shakib is able to cut this out to deep third for a  .single that brings up the fifty for Bangladesh",Faheem,Shakib,1.0,0,0,1,1,1.0,0,,1
"10.3 
1 
Faheem to Mushfiqur, 1 run 
Full outside off, Mushfiqur clips it square through the gap for a single",10.3,1,1.0,"Faheem to Mushfiqur, 1 run  .Full outside off, Mushfiqur clips it square through the gap for a single",Faheem,Mushfiqur,1.0,0,0,1,1,1.0,0,,1
"10.4 
• 
Faheem to Shakib, no run 
Pitched up on off and Shakib drives it out harmlessly to mid-off",10.4,0,0.0,"Faheem to Shakib, no run  .Pitched up on off and Shakib drives it out harmlessly to mid-off",Faheem,Shakib,0.0,0,0,1,1,0.0,0,,0
"10.5 
2 
Faheem to Shakib, 2 runs 
Dug in short at 132kph and Shakib pulls it behind square. There's no close fielder in that 
area so Bangladesh help themselves to two",10.5,2,2.0,"Faheem to Shakib, 2 runs  .Dug in short at 132kph and Shakib pulls it behind square. There's no close fielder in that  .area so Bangladesh help themselves to two",Faheem,Shakib,2.0,0,0,1,1,2.0,0,,1
"10.6 
• 
Faheem to Shakib, no run 
On a length on off, Shakib fends towards mid-off 
end of over 114 runs  
BAN: 53/4CRR: 4.81  
Shakib Al Hasan8 (12b 1x4) 
Mushfiqur Rahim3 (6b) 
Faheem Ashraf 2-0-5-0 
Haris Rauf 2-0-4-2 
Prashant : ""Why was Shanto Dropped today?"" He was not dropped, he picked up an 
injury while batting against Afghanistan",10.6,0,0.0,"Faheem to Shakib, no run  .On a length on off, Shakib fends towards mid-off",Faheem,Shakib,0.0,0,0,1,1,0.0,0,,0
"11.1 
1 
Haris Rauf to Mushfiqur, 1 run 
Full outside off, Mushfiqur presses forward in defence and gets a thick inside edge that 
rolls square on the leg side 
Naseem seen shadow bowling on the sidelines",11.1,1,1.0,"Haris Rauf to Mushfiqur, 1 run  .Full outside off, Mushfiqur presses forward in defence and gets a thick inside edge that  .rolls square on the leg side  .Naseem seen shadow bowling on the sidelines",Haris Rauf,Mushfiqur,1.0,0,0,1,1,1.0,0,,1
"11.2 
1w 
Haris Rauf to Shakib, 1 wide 
Full, swinging in, but this goes down leg",11.2,1w,1.0,"Haris Rauf to Shakib, 1 wide  .Full, swinging in, but this goes down leg",Haris Rauf,Shakib,0.0,0,0,0,0,1.0,0,,1
"11.2 
1 
Haris Rauf to Shakib, 1 run 
Length ball outside off, Shakib gets an inside edge through to deep backward square for 
a single",11.2,1,1.0,"Haris Rauf to Shakib, 1 run  .Length ball outside off, Shakib gets an inside edge through to deep backward square for  .a single",Haris Rauf,Shakib,1.0,0,0,1,1,1.0,0,,1
"11.3 
• 
Haris Rauf to Mushfiqur, no run 
Full on off at 145kph, Mushfiqur defends 
Imran: ""No one notice that Haris Rauf get his 50th ODI wicket in this match extra 
ordinary effort"" In just 27 matches, no less! Only two bowlers have taken fewer games 
to the milestone for Pakistan!",11.3,0,0.0,"Haris Rauf to Mushfiqur, no run  .Full on off at 145kph, Mushfiqur defends",Haris Rauf,Mushfiqur,0.0,0,0,1,1,0.0,0,,0
"11.4 
• 
Haris Rauf to Mushfiqur, no run 
Full on middle, 148kph, and Mushfiqur nudges it out to midwicket",11.4,0,0.0,"Haris Rauf to Mushfiqur, no run  .Full on middle, 148kph, and Mushfiqur nudges it out to midwicket",Haris Rauf,Mushfiqur,0.0,0,0,1,1,0.0,0,,0
"11.5 
• 
Haris Rauf to Mushfiqur, no run 
Mushfiqur fends another full delivery on middle 
Naseem still waiting outside the ropes",11.5,0,0.0,"Haris Rauf to Mushfiqur, no run  .Mushfiqur fends another full delivery on middle  .Naseem still waiting outside the ropes",Haris Rauf,Mushfiqur,0.0,0,0,1,1,0.0,0,,0
"11.6 
2 
Haris Rauf to Mushfiqur, 2 runs 
Overpitched on middle at 146kph, Mushfiqur flicks it through the gap at midwicket for 
two 
end of over 125 runs  
BAN: 58/4CRR: 4.83  
Mushfiqur Rahim6 (11b) 
Shakib Al Hasan9 (13b 1x4) 
Haris Rauf 3-0-9-2 
Faheem Ashraf 2-0-5-0 
Hashaam: ""I fail to understand why no one from the team management tell our fast 
bowlers to NOT dive? I mean how hard it is? The world cup is literally next month. 
Shaheen was injured during last T20 worldcup while fielding. Hopefully Naseem is not 
injured and is available for the team."" 
Here's some great news for Pakistan fans: Naseem Shah is back on the field, to loud 
cheers! 
Shaheen replaces Faheem",11.6,2,2.0,"Haris Rauf to Mushfiqur, 2 runs  .Overpitched on middle at 146kph, Mushfiqur flicks it through the gap at midwicket for  .two",Haris Rauf,Mushfiqur,2.0,0,0,1,1,2.0,0,,1
"12.1 
1w 
Shaheen Shah Afridi to Shakib, 1 wide 
Starts off with a wide down leg",12.1,1w,1.0,"Shaheen Shah Afridi to Shakib, 1 wide  .Starts off with a wide down leg",Shaheen Shah Afridi,Shakib,0.0,0,0,0,0,1.0,0,,1
"12.1 
• 
Shaheen Shah Afridi to Shakib, no run 
Short of good length delivery seams in from outside off. Shakib defends watchfully",12.1,0,0.0,"Shaheen Shah Afridi to Shakib, no run  .Short of good length delivery seams in from outside off. Shakib defends watchfully",Shaheen Shah Afridi,Shakib,0.0,0,0,1,1,0.0,0,,0
"12.2 
4 
Shaheen Shah Afridi to Shakib, FOUR runs 
Flicked uppishly but in the gap and it races away for four! This is pitched up just outside 
off and angling in. Shakib got it through square",12.2,4,4.0,"Shaheen Shah Afridi to Shakib, FOUR runs  .Flicked uppishly but in the gap and it races away for four! This is pitched up just outside  .off and angling in. Shakib got it through square",Shaheen Shah Afridi,Shakib,4.0,1,0,1,1,4.0,0,,1
"12.3 
1 
Shaheen Shah Afridi to Shakib, 1 run 
Dug in short on off and going across. Shakib swivels and pulls it down along the ground 
to long leg",12.3,1,1.0,"Shaheen Shah Afridi to Shakib, 1 run  .Dug in short on off and going across. Shakib swivels and pulls it down along the ground  .to long leg",Shaheen Shah Afridi,Shakib,1.0,0,0,1,1,1.0,0,,1
"12.4 
• 
Shaheen Shah Afridi to Mushfiqur, no run 
Full on off and leaving Mushfiqur, who shoulders arms",12.4,0,0.0,"Shaheen Shah Afridi to Mushfiqur, no run  .Full on off and leaving Mushfiqur, who shoulders arms",Shaheen Shah Afridi,Mushfiqur,0.0,0,0,1,1,0.0,0,,0
"12.5 
• 
Shaheen Shah Afridi to Mushfiqur, no run 
Full outside off and Mushfiqur leaves it alone again",12.5,0,0.0,"Shaheen Shah Afridi to Mushfiqur, no run  .Full outside off and Mushfiqur leaves it alone again",Shaheen Shah Afridi,Mushfiqur,0.0,0,0,1,1,0.0,0,,0
"12.6 
1 
Shaheen Shah Afridi to Mushfiqur, 1 run 
In the air but safe! This just holds in the pitch a little as Mushfiqur looks to drive on the 
off side and pops but lands between point and short cover 
Time for drinks in the Lahore heat! 
Alim: ""@Abhimanyu keep the comments for today's partnership between Shakib and 
Mushi both of them will hammered Century."" Alim with the first brave prediction of the 
day (that I have seen at least). 
Noushad: ""@Imran, There are 28 bowlers in ODI who took fewer matches for 50 scalps 
than Rauf..!"" Ah, I meant to say for Pakistan. 
end of over 137 runs  
BAN: 65/4CRR: 5.00  
Mushfiqur Rahim7 (14b) 
Shakib Al Hasan14 (16b 2x4) 
Shaheen Shah Afridi 5-1-25-1 
Haris Rauf 3-0-9-2 
Not to forget, if you're in the USA, you can watch the Pakistan vs Bangladesh match 
LIVE on ESPN+ in English and in Hindi. 
Faheem Ashraf returns, replacing Haris Rauf. So a change of ends for him",12.6,1,1.0,"Shaheen Shah Afridi to Mushfiqur, 1 run  .In the air but safe! This just holds in the pitch a little as Mushfiqur looks to drive on the  .off side and pops but lands between point and short cover  .Time for drinks in the Lahore heat!",Shaheen Shah Afridi,Mushfiqur,1.0,0,0,1,1,1.0,0,,1
"13.1 
• 
Faheem to Mushfiqur, no run 
Full on leg, he pats it down in front of square",13.1,0,0.0,"Faheem to Mushfiqur, no run  .Full on leg, he pats it down in front of square",Faheem,Mushfiqur,0.0,0,0,1,1,0.0,0,,0
"13.2 
• 
Faheem to Mushfiqur, no run 
On a length outside off, Mushfiqur opens the face to steer it to short third 
Zain: ""Any update on Naseem?"" He is on the pitch, so he must be okay!",13.2,0,0.0,"Faheem to Mushfiqur, no run  .On a length outside off, Mushfiqur opens the face to steer it to short third",Faheem,Mushfiqur,0.0,0,0,1,1,0.0,0,,0
"13.3 
1w 
Faheem to Mushfiqur, 1 wide 
Dug in short on off at 127kph and Mushfiqur ducks. But it's called wide anyway",13.3,1w,1.0,"Faheem to Mushfiqur, 1 wide  .Dug in short on off at 127kph and Mushfiqur ducks. But it's called wide anyway",Faheem,Mushfiqur,0.0,0,0,0,0,1.0,0,,1
"13.3 
• 
Faheem to Mushfiqur, no run 
Looks to cut a short ball outside off but can't get bat on ball",13.3,0,0.0,"Faheem to Mushfiqur, no run  .Looks to cut a short ball outside off but can't get bat on ball",Faheem,Mushfiqur,0.0,0,0,1,1,0.0,0,,0
"13.4 
• 
Faheem to Mushfiqur, no run 
Gentle length ball on off, nudged down to square leg",13.4,0,0.0,"Faheem to Mushfiqur, no run  .Gentle length ball on off, nudged down to square leg",Faheem,Mushfiqur,0.0,0,0,1,1,0.0,0,,0
"13.5 
• 
Faheem to Mushfiqur, no run 
Length ball outside off, he fends to backward point",13.5,0,0.0,"Faheem to Mushfiqur, no run  .Length ball outside off, he fends to backward point",Faheem,Mushfiqur,0.0,0,0,1,1,0.0,0,,0
"13.6 
1 
Faheem to Mushfiqur, 1 run 
Full and wide, driven to sweeper cover 
end of over 142 runs  
BAN: 67/4CRR: 4.78  
Mushfiqur Rahim8 (20b) 
Shakib Al Hasan14 (16b 2x4) 
Faheem Ashraf 3-0-7-0 
Shaheen Shah Afridi 5-1-25-1 
Spin time! Shadab Khan into the attack",13.6,1,1.0,"Faheem to Mushfiqur, 1 run  .Full and wide, driven to sweeper cover",Faheem,Mushfiqur,1.0,0,0,1,1,1.0,0,,1
"14.1 
• 
Shadab to Mushfiqur, no run 
Tossed up on a length around off, Mushfiqur cuts to point",14.1,0,0.0,"Shadab to Mushfiqur, no run  .Tossed up on a length around off, Mushfiqur cuts to point",Shadab,Mushfiqur,0.0,0,0,1,1,0.0,0,,0
"14.2 
• 
Shadab to Mushfiqur, no run 
Full and spinning away outside off, Mushfiqur pushes it to point",14.2,0,0.0,"Shadab to Mushfiqur, no run  .Full and spinning away outside off, Mushfiqur pushes it to point",Shadab,Mushfiqur,0.0,0,0,1,1,0.0,0,,0
"14.3 
4 
Shadab to Mushfiqur, FOUR runs 
Swept away! Full delivery and he gets down and fetches it from outside off and hits it in 
front of square",14.3,4,4.0,"Shadab to Mushfiqur, FOUR runs  .Swept away! Full delivery and he gets down and fetches it from outside off and hits it in  .front of square",Shadab,Mushfiqur,4.0,1,0,1,1,4.0,0,,1
"14.4 
• 
Shadab to Mushfiqur, no run 
On a length around off, he goes back and steers to point",14.4,0,0.0,"Shadab to Mushfiqur, no run  .On a length around off, he goes back and steers to point",Shadab,Mushfiqur,0.0,0,0,1,1,0.0,0,,0
"14.5 
1 
Shadab to Mushfiqur, 1 run 
Full on leg, he gets it past midwicket and wide of long-on",14.5,1,1.0,"Shadab to Mushfiqur, 1 run  .Full on leg, he gets it past midwicket and wide of long-on",Shadab,Mushfiqur,1.0,0,0,1,1,1.0,0,,1
"14.6 
• 
Shadab to Shakib, no run 
ON a length on leg, he looks to nudge it behind square but picks out backward square 
leg 
end of over 155 runs  
BAN: 72/4CRR: 4.80  
Shakib Al Hasan14 (17b 2x4) 
Mushfiqur Rahim13 (25b 1x4) 
Shadab Khan 1-0-5-0 
Faheem Ashraf 3-0-7-0",14.6,0,0.0,"Shadab to Shakib, no run  .ON a length on leg, he looks to nudge it behind square but picks out backward square  .leg",Shadab,Shakib,0.0,0,0,1,1,0.0,0,,0
"15.1 
• 
Faheem to Mushfiqur, no run 
Back of length around off, Mushfiqur steers to backward point",15.1,0,0.0,"Faheem to Mushfiqur, no run  .Back of length around off, Mushfiqur steers to backward point",Faheem,Mushfiqur,0.0,0,0,1,1,0.0,0,,0
"15.2 
1 
Faheem to Mushfiqur, 1 run 
Full outside off, Mushfiqur looks to drive but gets an inside edge to his left. They sneak 
a quick single",15.2,1,1.0,"Faheem to Mushfiqur, 1 run  .Full outside off, Mushfiqur looks to drive but gets an inside edge to his left. They sneak  .a quick single",Faheem,Mushfiqur,1.0,0,0,1,1,1.0,0,,1
"15.3 
• 
Faheem to Shakib, no run 
Full on off, Shakib gets in line and defends",15.3,0,0.0,"Faheem to Shakib, no run  .Full on off, Shakib gets in line and defends",Faheem,Shakib,0.0,0,0,1,1,0.0,0,,0
"15.4 
• 
Faheem to Shakib, no run 
Back of a length on off, Shakib looks to cut but underedges it onto the ground",15.4,0,0.0,"Faheem to Shakib, no run  .Back of a length on off, Shakib looks to cut but underedges it onto the ground",Faheem,Shakib,0.0,0,0,1,1,0.0,0,,0
"15.5 
4 
Faheem to Shakib, FOUR runs 
Flashed past point for four! Back of a length delivery but Shakib walks forward and 
guides this through the gap",15.5,4,4.0,"Faheem to Shakib, FOUR runs  .Flashed past point for four! Back of a length delivery but Shakib walks forward and  .guides this through the gap",Faheem,Shakib,4.0,1,0,1,1,4.0,0,,1
"15.6 
1 
Faheem to Shakib, 1 run 
Clipped out to deep backward square 
end of over 166 runs  
BAN: 78/4CRR: 4.87  
Shakib Al Hasan19 (21b 3x4) 
Mushfiqur Rahim14 (27b 1x4) 
Faheem Ashraf 4-0-13-0 
Shadab Khan 1-0-5-0",15.6,1,1.0,"Faheem to Shakib, 1 run  .Clipped out to deep backward square",Faheem,Shakib,1.0,0,0,1,1,1.0,0,,1
"16.1 
• 
Shadab to Shakib, no run 
Tossed up on leg, Shakib nudges it down",16.1,0,0.0,"Shadab to Shakib, no run  .Tossed up on leg, Shakib nudges it down",Shadab,Shakib,0.0,0,0,1,1,0.0,0,,0
"16.2 
1 
Shadab to Shakib, 1 run 
Tossed up full on leg again, Shakib works it down the ground to long-on",16.2,1,1.0,"Shadab to Shakib, 1 run  .Tossed up full on leg again, Shakib works it down the ground to long-on",Shadab,Shakib,1.0,0,0,1,1,1.0,0,,1
"16.3 
2 
Shadab to Mushfiqur, 2 runs 
Swept over square leg but he can't beat the fielder in the deep. Goes across the stumps 
to a full toss outside off and sweeps it square. Was up in the air but there was no fielder 
there",16.3,2,2.0,"Shadab to Mushfiqur, 2 runs  .Swept over square leg but he can't beat the fielder in the deep. Goes across the stumps  .to a full toss outside off and sweeps it square. Was up in the air but there was no fielder  .there",Shadab,Mushfiqur,2.0,0,0,1,1,2.0,0,,1
"16.4 
1 
Shadab to Mushfiqur, 1 run 
On a length around off, Mushfiqur goes back and punches it out to the off side sweeper",16.4,1,1.0,"Shadab to Mushfiqur, 1 run  .On a length around off, Mushfiqur goes back and punches it out to the off side sweeper",Shadab,Mushfiqur,1.0,0,0,1,1,1.0,0,,1
"16.5 
1 
Shadab to Shakib, 1 run 
On a length on leg, Shakib looks to pull it away and Imam at square leg does well to 
stop it to his left",16.5,1,1.0,"Shadab to Shakib, 1 run  .On a length on leg, Shakib looks to pull it away and Imam at square leg does well to  .stop it to his left",Shadab,Shakib,1.0,0,0,1,1,1.0,0,,1
"16.6 
• 
Shadab to Mushfiqur, no run 
On a length outside off and spinning away, Mushfiqur cuts to point 
end of over 175 runs  
BAN: 83/4CRR: 4.88  
Mushfiqur Rahim17 (30b 1x4) 
Shakib Al Hasan21 (24b 3x4) 
Shadab Khan 2-0-10-0 
Faheem Ashraf 4-0-13-0 
Naseem now, back into the attack",16.6,0,0.0,"Shadab to Mushfiqur, no run  .On a length outside off and spinning away, Mushfiqur cuts to point",Shadab,Mushfiqur,0.0,0,0,1,1,0.0,0,,0
"17.1 
1 
Naseem Shah to Shakib, 1 run 
Full on leg, Shakib clips it away through square leg",17.1,1,1.0,"Naseem Shah to Shakib, 1 run  .Full on leg, Shakib clips it away through square leg",Naseem Shah,Shakib,1.0,0,0,1,1,1.0,0,,1
"17.2 
• 
Naseem Shah to Mushfiqur, no run 
Back of a length outside off at 140kph, Mushfiqur presses forward before shouldering 
arms. Naseem hitting 140 is a good sign for him and Pakistan",17.2,0,0.0,"Naseem Shah to Mushfiqur, no run  .Back of a length outside off at 140kph, Mushfiqur presses forward before shouldering  .arms. Naseem hitting 140 is a good sign for him and Pakistan",Naseem Shah,Mushfiqur,0.0,0,0,1,1,0.0,0,,0
"17.3 
1 
Naseem Shah to Mushfiqur, 1 run 
Full and straight on leg, Mushfiqur tucks it away to deep backward square. This one was 
at 143kph",17.3,1,1.0,"Naseem Shah to Mushfiqur, 1 run  .Full and straight on leg, Mushfiqur tucks it away to deep backward square. This one was  .at 143kph",Naseem Shah,Mushfiqur,1.0,0,0,1,1,1.0,0,,1
"17.4 
1lb 
Naseem Shah to Shakib, 1 leg bye 
Length ball on leg, 140kph again, Shakib misses his flick and it rolls off his pad behind 
square",17.4,1lb,1.0,"Naseem Shah to Shakib, 1 leg bye  .Length ball on leg, 140kph again, Shakib misses his flick and it rolls off his pad behind  .square",Naseem Shah,Shakib,0.0,0,0,1,1,0.0,0,,0
"17.5 
• 
Naseem Shah to Mushfiqur, no run 
Full on off, 141kph. Mushfiqur defends",17.5,0,0.0,"Naseem Shah to Mushfiqur, no run  .Full on off, 141kph. Mushfiqur defends",Naseem Shah,Mushfiqur,0.0,0,0,1,1,0.0,0,,0
"17.6 
1 
Naseem Shah to Mushfiqur, 1 run 
Full outside off, he drives square on the off side with an open face to finish the over with 
a single 
end of over 184 runs  
BAN: 87/4CRR: 4.83  
Mushfiqur Rahim19 (34b 1x4) 
Shakib Al Hasan22 (26b 3x4) 
Naseem Shah 4-0-25-1 
Shadab Khan 2-0-10-0",17.6,1,1.0,"Naseem Shah to Mushfiqur, 1 run  .Full outside off, he drives square on the off side with an open face to finish the over with  .a single",Naseem Shah,Mushfiqur,1.0,0,0,1,1,1.0,0,,1
"18.1 
1 
Shadab to Mushfiqur, 1 run 
Tossed up full outside off, Mushfiqur drives to deep extra cover",18.1,1,1.0,"Shadab to Mushfiqur, 1 run  .Tossed up full outside off, Mushfiqur drives to deep extra cover",Shadab,Mushfiqur,1.0,0,0,1,1,1.0,0,,1
"18.2 
1 
Shadab to Shakib, 1 run 
Tossed up on off, Shakib eases it to long-on",18.2,1,1.0,"Shadab to Shakib, 1 run  .Tossed up on off, Shakib eases it to long-on",Shadab,Shakib,1.0,0,0,1,1,1.0,0,,1
"18.3 
• 
Shadab to Mushfiqur, no run 
Full on leg, Mushfiqur looked for the paddle-sweep but misses and the ball goes off his 
glove onto hit him",18.3,0,0.0,"Shadab to Mushfiqur, no run  .Full on leg, Mushfiqur looked for the paddle-sweep but misses and the ball goes off his  .glove onto hit him",Shadab,Mushfiqur,0.0,0,0,1,1,0.0,0,,0
"18.4 
• 
Shadab to Mushfiqur, no run 
Defended to the off side",18.4,0,0.0,"Shadab to Mushfiqur, no run  .Defended to the off side",Shadab,Mushfiqur,0.0,0,0,1,1,0.0,0,,0
"18.5 
1 
Shadab to Mushfiqur, 1 run 
Dropped short on off, he rocks back and cuts it away to sweeper cover",18.5,1,1.0,"Shadab to Mushfiqur, 1 run  .Dropped short on off, he rocks back and cuts it away to sweeper cover",Shadab,Mushfiqur,1.0,0,0,1,1,1.0,0,,1
"18.6 
1 
Shadab to Shakib, 1 run 
On a length on leg, Shakib whips it through square leg 
end of over 194 runs  
BAN: 91/4CRR: 4.78  
Shakib Al Hasan24 (28b 3x4) 
Mushfiqur Rahim21 (38b 1x4) 
Shadab Khan 3-0-14-0 
Naseem Shah 4-0-25-1 
Zubair: ""Did Naseem Shah show any sign of discomfort after an injury scare?"" He looks 
fine and also breached the 140kph mark quite regularly through that over, so I think he 
is okay",18.6,1,1.0,"Shadab to Shakib, 1 run  .On a length on leg, Shakib whips it through square leg",Shadab,Shakib,1.0,0,0,1,1,1.0,0,,1
"19.1 
• 
Naseem Shah to Shakib, no run 
Length ball on middle and off at 143kph, Shakib defends",19.1,0,0.0,"Naseem Shah to Shakib, no run  .Length ball on middle and off at 143kph, Shakib defends",Naseem Shah,Shakib,0.0,0,0,1,1,0.0,0,,0
"19.2 
• 
Naseem Shah to Shakib, no run 
Fuller, on off and Shakib blocks. This one was at 142kph",19.2,0,0.0,"Naseem Shah to Shakib, no run  .Fuller, on off and Shakib blocks. This one was at 142kph",Naseem Shah,Shakib,0.0,0,0,1,1,0.0,0,,0
"19.3 
4 
Naseem Shah to Shakib, FOUR runs 
Can't keep Shakib tied down for long. Although this was a little lucky for him! This was 
quick and short on leg and Shakib looked to go for a pull and gets a glove that flies over 
Rizwan for four",19.3,4,4.0,"Naseem Shah to Shakib, FOUR runs  .Can't keep Shakib tied down for long. Although this was a little lucky for him! This was  .quick and short on leg and Shakib looked to go for a pull and gets a glove that flies over  .Rizwan for four",Naseem Shah,Shakib,4.0,1,0,1,1,4.0,0,,1
"19.4 
4 
Naseem Shah to Shakib, FOUR runs 
Nothing lucky about this shot! Back of length on off, seaming back in a little and he cuts 
it behind square. Deep third had no chance and the fifty partnership is also up",19.4,4,4.0,"Naseem Shah to Shakib, FOUR runs  .Nothing lucky about this shot! Back of length on off, seaming back in a little and he cuts  .it behind square. Deep third had no chance and the fifty partnership is also up",Naseem Shah,Shakib,4.0,1,0,1,1,4.0,0,,1
"19.5 
• 
Naseem Shah to Shakib, no run 
Is that a dropped chance? It is indeed! Full on leg, Shakib looks to flick and gets a 
leading edge that chips up towards Nassem's right. He snatches at it with both hands 
but can't hold on!",19.5,0,0.0,"Naseem Shah to Shakib, no run  .Is that a dropped chance? It is indeed! Full on leg, Shakib looks to flick and gets a  .leading edge that chips up towards Nassem's right. He snatches at it with both hands  .but can't hold on!",Naseem Shah,Shakib,0.0,0,0,1,1,0.0,0,,0
"19.6 
• 
Naseem Shah to Shakib, no run 
Full and driven to cover 
Here's Himanshu again! 
end of over 208 runs  
BAN: 99/4CRR: 4.95  
Shakib Al Hasan32 (34b 5x4) 
Mushfiqur Rahim21 (38b 1x4) 
Naseem Shah 5-0-33-1 
Shadab Khan 3-0-14-0 
Thanks Abhimanyu. That double bit of fortune for Shakib could end up being defining, 
especially on this pitch and in these conditions",19.6,0,0.0,"Naseem Shah to Shakib, no run  .Full and driven to cover  .Here's Himanshu again!",Naseem Shah,Shakib,0.0,0,0,1,1,0.0,0,,0
"20.1 
4 
Shadab to Mushfiqur, FOUR runs 
swept to deep backward square leg! He fetches this full ball from quite outside off, and 
still manages to place it fine enough for four",20.1,4,4.0,"Shadab to Mushfiqur, FOUR runs  .swept to deep backward square leg! He fetches this full ball from quite outside off, and  .still manages to place it fine enough for four",Shadab,Mushfiqur,4.0,1,0,1,1,4.0,0,,1
"20.2 
• 
Shadab to Mushfiqur, no run 
full ball dipping on off, and pushed back off the inside half of the bat",20.2,0,0.0,"Shadab to Mushfiqur, no run  .full ball dipping on off, and pushed back off the inside half of the bat",Shadab,Mushfiqur,0.0,0,0,1,1,0.0,0,,0
"20.3 
1 
Shadab to Mushfiqur, 1 run 
full and further outside off. Driven down to long-off",20.3,1,1.0,"Shadab to Mushfiqur, 1 run  .full and further outside off. Driven down to long-off",Shadab,Mushfiqur,1.0,0,0,1,1,1.0,0,,1
"20.4 
• 
Shadab to Shakib, no run 
tossed up on full on off, and driven back to the bowler's left, as Shadab dives to save it",20.4,0,0.0,"Shadab to Shakib, no run  .tossed up on full on off, and driven back to the bowler's left, as Shadab dives to save it",Shadab,Shakib,0.0,0,0,1,1,0.0,0,,0
"20.5 
• 
Shadab to Shakib, no run 
guides this length ball angling across and turning a bit away to end outside off to the 
man at short third",20.5,0,0.0,"Shadab to Shakib, no run  .guides this length ball angling across and turning a bit away to end outside off to the  .man at short third",Shadab,Shakib,0.0,0,0,1,1,0.0,0,,0
"20.6 
1 
Shadab to Shakib, 1 run 
another one turns away off a length, and finishes outside off. This is pushed to deep 
point with the turn 
end of over 216 runs  
BAN: 105/4CRR: 5.00  
Shakib Al Hasan33 (37b 5x4) 
Mushfiqur Rahim26 (41b 2x4) 
Shadab Khan 4-0-20-0 
Naseem Shah 5-0-33-1 
Rauf replaces Naseem. He has 2 for 9 in three overs so far. Around the stumps.",20.6,1,1.0,"Shadab to Shakib, 1 run  .another one turns away off a length, and finishes outside off. This is pushed to deep  .point with the turn",Shadab,Shakib,1.0,0,0,1,1,1.0,0,,1
"21.1 
4 
Haris Rauf to Shakib, FOUR runs 
hacked aerially, but wide of deep third! The pace on the ball working to Shakib's 
advantage, as the ball is short and wide of off for him to free his arms",21.1,4,4.0,"Haris Rauf to Shakib, FOUR runs  .hacked aerially, but wide of deep third! The pace on the ball working to Shakib's  .advantage, as the ball is short and wide of off for him to free his arms",Haris Rauf,Shakib,4.0,1,0,1,1,4.0,0,,1
"21.2 
1 
Haris Rauf to Shakib, 1 run 
much fuller length, angling into the batter to end on middle and off. Flicked to deep 
backward square` 
From over to Mushi",21.2,1,1.0,"Haris Rauf to Shakib, 1 run  .much fuller length, angling into the batter to end on middle and off. Flicked to deep  .backward square`  .From over to Mushi",Haris Rauf,Shakib,1.0,0,0,1,1,1.0,0,,1
"21.3 
1 
Haris Rauf to Mushfiqur, 1 run 
on a length, and angling in to finish on fifth stump. Driven along to deep point 
Salman: ""Please no fifth-wicket partnership again!!""",21.3,1,1.0,"Haris Rauf to Mushfiqur, 1 run  .on a length, and angling in to finish on fifth stump. Driven along to deep point",Haris Rauf,Mushfiqur,1.0,0,0,1,1,1.0,0,,1
"21.4 
• 
Haris Rauf to Shakib, no run 
change of pace. Yup, at only 122kph, but Shakib is alert to this length ball on off: he 
blocks back with his head down",21.4,0,0.0,"Haris Rauf to Shakib, no run  .change of pace. Yup, at only 122kph, but Shakib is alert to this length ball on off: he  .blocks back with his head down",Haris Rauf,Shakib,0.0,0,0,1,1,0.0,0,,0
"21.5 
• 
Haris Rauf to Shakib, no run 
now bowls the bouncer at 143kph. Bangs it in short on off, getting to slightly move in 
only for the ball to angle away late after Shakib ducked",21.5,0,0.0,"Haris Rauf to Shakib, no run  .now bowls the bouncer at 143kph. Bangs it in short on off, getting to slightly move in  .only for the ball to angle away late after Shakib ducked",Haris Rauf,Shakib,0.0,0,0,1,1,0.0,0,,0
"21.6 
• 
Haris Rauf to Shakib, no run 
ah, this troubles Shakib: sharp bounce off a short of a length, and also considerable 
movement back in, with the ball ending on middle stump. Shakib was cramped for 
room, and skipped in the crease to fend it back 
end of over 226 runs  
BAN: 111/4CRR: 5.04  
Shakib Al Hasan38 (42b 6x4) 
Mushfiqur Rahim27 (42b 2x4) 
Haris Rauf 4-0-15-2 
Shadab Khan 4-0-20-0 
James: ""Nelson, Nelson, Nelson""",21.6,0,0.0,"Haris Rauf to Shakib, no run  .ah, this troubles Shakib: sharp bounce off a short of a length, and also considerable  .movement back in, with the ball ending on middle stump. Shakib was cramped for  .room, and skipped in the crease to fend it back",Haris Rauf,Shakib,0.0,0,0,1,1,0.0,0,,0
"22.1 
• 
Shadab to Mushfiqur, no run 
dips on a full length on middle and off, and is blocked",22.1,0,0.0,"Shadab to Mushfiqur, no run  .dips on a full length on middle and off, and is blocked",Shadab,Mushfiqur,0.0,0,0,1,1,0.0,0,,0
"22.2 
• 
Shadab to Mushfiqur, no run 
yorker length on middle, and again punched back to the bowler",22.2,0,0.0,"Shadab to Mushfiqur, no run  .yorker length on middle, and again punched back to the bowler",Shadab,Mushfiqur,0.0,0,0,1,1,0.0,0,,0
"22.3 
1 
Shadab to Mushfiqur, 1 run 
short and a bit wide of off, as this one turns away. Slapped to deep point 
From around to Shakib",22.3,1,1.0,"Shadab to Mushfiqur, 1 run  .short and a bit wide of off, as this one turns away. Slapped to deep point  .From around to Shakib",Shadab,Mushfiqur,1.0,0,0,1,1,1.0,0,,1
"22.4 
1 
Shadab to Shakib, 1 run 
loopy and full on middle and off, and is pushed to long-on",22.4,1,1.0,"Shadab to Shakib, 1 run  .loopy and full on middle and off, and is pushed to long-on",Shadab,Shakib,1.0,0,0,1,1,1.0,0,,1
"22.5 
• 
Shadab to Mushfiqur, no run 
a late cut to point, as he lets this shortish ball come on outside off. The ball 
straightened after pitching there",22.5,0,0.0,"Shadab to Mushfiqur, no run  .a late cut to point, as he lets this shortish ball come on outside off. The ball  .straightened after pitching there",Shadab,Mushfiqur,0.0,0,0,1,1,0.0,0,,0
"22.6 
1 
Shadab to Mushfiqur, 1 run 
very full on off, and slower too. Flicked to deep midwicket 
end of over 233 runs  
BAN: 114/4CRR: 4.95  
Mushfiqur Rahim29 (47b 2x4) 
Shakib Al Hasan39 (43b 6x4) 
Shadab Khan 5-0-23-0 
Haris Rauf 4-0-15-2",22.6,1,1.0,"Shadab to Mushfiqur, 1 run  .very full on off, and slower too. Flicked to deep midwicket",Shadab,Mushfiqur,1.0,0,0,1,1,1.0,0,,1
"23.1 
1 
Haris Rauf to Mushfiqur, 1 run 
short of a length just outside off at 146kph, and punched to deep point",23.1,1,1.0,"Haris Rauf to Mushfiqur, 1 run  .short of a length just outside off at 146kph, and punched to deep point",Haris Rauf,Mushfiqur,1.0,0,0,1,1,1.0,0,,1
"23.2 
1 
Haris Rauf to Shakib, 1 run 
sharp short ball aimed on middle and off, as Shakib almost hurries on to his pull to deep 
midwicket. He swiveled while playing that shot there 
Looney Knight: ""I think Nelson works only in Test cricket"" --- If only it had worked now...",23.2,1,1.0,"Haris Rauf to Shakib, 1 run  .sharp short ball aimed on middle and off, as Shakib almost hurries on to his pull to deep  .midwicket. He swiveled while playing that shot there",Haris Rauf,Shakib,1.0,0,0,1,1,1.0,0,,1
"23.3 
• 
Haris Rauf to Mushfiqur, no run 
short again, and this one bounces more around sixth stump. A swat-pull to the man at 
midwicket",23.3,0,0.0,"Haris Rauf to Mushfiqur, no run  .short again, and this one bounces more around sixth stump. A swat-pull to the man at  .midwicket",Haris Rauf,Mushfiqur,0.0,0,0,1,1,0.0,0,,0
"23.4 
• 
Haris Rauf to Mushfiqur, no run 
ah, here comes the slower ball at 122kph. On a length on off, and angles in towards 
middle and leg, as Mushi taps it back down",23.4,0,0.0,"Haris Rauf to Mushfiqur, no run  .ah, here comes the slower ball at 122kph. On a length on off, and angles in towards  .middle and leg, as Mushi taps it back down",Haris Rauf,Mushfiqur,0.0,0,0,1,1,0.0,0,,0
"23.5 
• 
Haris Rauf to Mushfiqur, no run 
bowls a bouncer a bit wide of off, but Mushi lets it pass",23.5,0,0.0,"Haris Rauf to Mushfiqur, no run  .bowls a bouncer a bit wide of off, but Mushi lets it pass",Haris Rauf,Mushfiqur,0.0,0,0,1,1,0.0,0,,0
"23.6 
• 
Haris Rauf to Mushfiqur, no run 
a short ball now, as he bowls just outside off while getting it to angle in after Mushi 
ducks 
end of over 242 runs  
BAN: 116/4CRR: 4.83  
Mushfiqur Rahim30 (52b 2x4) 
Shakib Al Hasan40 (44b 6x4) 
Haris Rauf 5-0-17-2 
Shadab Khan 5-0-23-0",23.6,0,0.0,"Haris Rauf to Mushfiqur, no run  .a short ball now, as he bowls just outside off while getting it to angle in after Mushi  .ducks",Haris Rauf,Mushfiqur,0.0,0,0,1,1,0.0,0,,0
"24.1 
1 
Shadab to Shakib, 1 run 
gets across, and clips this short of a length ball turning into middle to fine leg",24.1,1,1.0,"Shadab to Shakib, 1 run  .gets across, and clips this short of a length ball turning into middle to fine leg",Shadab,Shakib,1.0,0,0,1,1,1.0,0,,1
"24.2 
• 
Shadab to Mushfiqur, no run 
ah, nice googly which ends just outside off. Fullish ball outside off, and Mushi dabs to 
point 
MAB: ""Is Shadab getting turn?"" --- Yup, particularly if he's bowling slower",24.2,0,0.0,"Shadab to Mushfiqur, no run  .ah, nice googly which ends just outside off. Fullish ball outside off, and Mushi dabs to  .point",Shadab,Mushfiqur,0.0,0,0,1,1,0.0,0,,0
"24.3 
1 
Shadab to Mushfiqur, 1 run 
tossed up full and outside off, and Mushi drives all along the ground to deep point 
Over the stumps to Shakib too",24.3,1,1.0,"Shadab to Mushfiqur, 1 run  .tossed up full and outside off, and Mushi drives all along the ground to deep point  .Over the stumps to Shakib too",Shadab,Mushfiqur,1.0,0,0,1,1,1.0,0,,1
"24.4 
1 
Shadab to Shakib, 1 run 
makes a bit of room now, and dabs this length ball turning into his leg stump",24.4,1,1.0,"Shadab to Shakib, 1 run  .makes a bit of room now, and dabs this length ball turning into his leg stump",Shadab,Shakib,1.0,0,0,1,1,1.0,0,,1
"24.5 
• 
Shadab to Mushfiqur, no run 
this is full and dipping just outside off, and is slower too. Blocked down by Mushi",24.5,0,0.0,"Shadab to Mushfiqur, no run  .this is full and dipping just outside off, and is slower too. Blocked down by Mushi",Shadab,Mushfiqur,0.0,0,0,1,1,0.0,0,,0
"24.6 
1 
Shadab to Mushfiqur, 1 run 
full and tossed up a bit wide of off, and is pushed to long-off 
end of over 254 runs  
BAN: 120/4CRR: 4.80  
Mushfiqur Rahim32 (56b 2x4) 
Shakib Al Hasan42 (46b 6x4) 
Shadab Khan 6-0-27-0 
Haris Rauf 5-0-17-2 
Here comes Agha",24.6,1,1.0,"Shadab to Mushfiqur, 1 run  .full and tossed up a bit wide of off, and is pushed to long-off",Shadab,Mushfiqur,1.0,0,0,1,1,1.0,0,,1
"25.1 
1 
Salman to Mushfiqur, 1 run 
full ball just outside off, and flicked to midwicket, where a misfield by Babar allows a 
single 
From around to Shakib",25.1,1,1.0,"Salman to Mushfiqur, 1 run  .full ball just outside off, and flicked to midwicket, where a misfield by Babar allows a  .single  .From around to Shakib",Salman,Mushfiqur,1.0,0,0,1,1,1.0,0,,1
"25.2 
• 
Salman to Shakib, no run 
on a length, angled into off. Dabbed back 
Sami: ""I thought ""Mushi"" copyrights were with Mushtaq Ahmad"" --- I hope he doesn't 
mind me using it for Mushfiqur, simply because the latter's name is too lengthy for ball-
by-ball comms!",25.2,0,0.0,"Salman to Shakib, no run  .on a length, angled into off. Dabbed back",Salman,Shakib,0.0,0,0,1,1,0.0,0,,0
"25.3 
4 
Salman to Shakib, FOUR runs 
just over the leaping Agha's hands! The ball was full and just outside off - and angled in 
- as Shakib skipped down and lofted back between long-off and long-on",25.3,4,4.0,"Salman to Shakib, FOUR runs  .just over the leaping Agha's hands! The ball was full and just outside off - and angled in  .- as Shakib skipped down and lofted back between long-off and long-on",Salman,Shakib,4.0,1,0,1,1,4.0,0,,1
"25.4 
1 
Salman to Shakib, 1 run 
slower and dipping on middle and off. Nudged to square leg for a hurried single",25.4,1,1.0,"Salman to Shakib, 1 run  .slower and dipping on middle and off. Nudged to square leg for a hurried single",Salman,Shakib,1.0,0,0,1,1,1.0,0,,1
"25.5 
4 
Salman to Mushfiqur, FOUR runs 
a paddle sweep to fine leg! Typical Mushi, as he plays that aerially yet entirely in control. 
Got across and saw this shortish ball outside off, and deposited it across the line to the 
left of the short-fine fielder",25.5,4,4.0,"Salman to Mushfiqur, FOUR runs  .a paddle sweep to fine leg! Typical Mushi, as he plays that aerially yet entirely in control.  .Got across and saw this shortish ball outside off, and deposited it across the line to the  .left of the short-fine fielder",Salman,Mushfiqur,4.0,1,0,1,1,4.0,0,,1
"25.6 
1 
Salman to Mushfiqur, 1 run 
much fuller and just outside off. Tucked towards deep point 
end of over 2611 runs  
BAN: 131/4CRR: 5.03  
Mushfiqur Rahim38 (59b 3x4) 
Shakib Al Hasan47 (49b 7x4) 
Salman Agha 1-0-11-0 
Shadab Khan 6-0-27-0 
maddy: """"Here comes Abhimanyu to finish the innings off"". I just read this and was 
wondering who was Abhimanyu in the Pakistan team. "" I bowl right-arm absolute junk, in 
case anyone else is wondering.",25.6,1,1.0,"Salman to Mushfiqur, 1 run  .much fuller and just outside off. Tucked towards deep point",Salman,Mushfiqur,1.0,0,0,1,1,1.0,0,,1
"26.1 
4 
Shadab to Mushfiqur, FOUR runs",26.1,4,4.0,"Shadab to Mushfiqur, FOUR runs",Shadab,Mushfiqur,4.0,1,0,1,1,4.0,0,,1
"26.2 
1 
Shadab to Mushfiqur, 1 run 
now this is almost overcompensated, as it's full and tossed up on off. Pushed to long-
off",26.2,1,1.0,"Shadab to Mushfiqur, 1 run  .now this is almost overcompensated, as it's full and tossed up on off. Pushed to long- .off",Shadab,Mushfiqur,1.0,0,0,1,1,1.0,0,,1
"26.3 
• 
Shadab to Shakib, no run 
skips down, and ends up slamming this very full ball outside leg back to the bowler",26.3,0,0.0,"Shadab to Shakib, no run  .skips down, and ends up slamming this very full ball outside leg back to the bowler",Shadab,Shakib,0.0,0,0,1,1,0.0,0,,0
"26.4 
1 
Shadab to Shakib, 1 run 
backs away now, and tickles this full ball on his pads to square elg",26.4,1,1.0,"Shadab to Shakib, 1 run  .backs away now, and tickles this full ball on his pads to square elg",Shadab,Shakib,1.0,0,0,1,1,1.0,0,,1
"26.5 
1 
Shadab to Mushfiqur, 1 run 
almost drills this to deep point, as he gets a loopy and full ball which is wide of off",26.5,1,1.0,"Shadab to Mushfiqur, 1 run  .almost drills this to deep point, as he gets a loopy and full ball which is wide of off",Shadab,Mushfiqur,1.0,0,0,1,1,1.0,0,,1
"26.6 
1 
Shadab to Shakib, 1 run 
again makes room, and then hints to skip down. But seeing this shortish ball turning in 
and ending outside leg, he clips towards square leg 
end of over 278 runs  
BAN: 139/4CRR: 5.14  
Shakib Al Hasan49 (52b 7x4) 
Mushfiqur Rahim44 (62b 4x4) 
Shadab Khan 7-0-35-0 
Salman Agha 1-0-11-0 
Faheem replaces Agha. Shakib on 49.",26.6,1,1.0,"Shadab to Shakib, 1 run  .again makes room, and then hints to skip down. But seeing this shortish ball turning in  .and ending outside leg, he clips towards square leg",Shadab,Shakib,1.0,0,0,1,1,1.0,0,,1
"27.1 
1 
Faheem to Shakib, 1 run 
jumps out of the crease, and flicks this shortish ball angling across to end on middle 
and leg to fine leg. That's his fifty too from a pressure situation 
See all photos 
Umair Ali: ""Also - you just do not drop SHAKIB""",27.1,1,1.0,"Faheem to Shakib, 1 run  .jumps out of the crease, and flicks this shortish ball angling across to end on middle  .and leg to fine leg. That's his fifty too from a pressure situation  .See all photos",Faheem,Shakib,1.0,0,0,1,1,1.0,0,,1
"27.2 
• 
Faheem to Mushfiqur, no run 
Shadab dives and flies to his left to stop this on the bounce, as he saves a few runs - 
probably four. Shortish and wide of off, as Mushi slapped that hard from deep in the 
crease",27.2,0,0.0,"Faheem to Mushfiqur, no run  .Shadab dives and flies to his left to stop this on the bounce, as he saves a few runs -  .probably four. Shortish and wide of off, as Mushi slapped that hard from deep in the  .crease",Faheem,Mushfiqur,0.0,0,0,1,1,0.0,0,,0
"27.3 
• 
Faheem to Mushfiqur, no run 
fuller than the previous ball, and angled in. This pitches on off, and goes on with the 
angle, as it's blocked down",27.3,0,0.0,"Faheem to Mushfiqur, no run  .fuller than the previous ball, and angled in. This pitches on off, and goes on with the  .angle, as it's blocked down",Faheem,Mushfiqur,0.0,0,0,1,1,0.0,0,,0
"27.4 
1 
Faheem to Mushfiqur, 1 run 
bouncer on middle stump, as Mushi swivels to pull to fine leg. He did well to get on top 
of the ball there",27.4,1,1.0,"Faheem to Mushfiqur, 1 run  .bouncer on middle stump, as Mushi swivels to pull to fine leg. He did well to get on top  .of the ball there",Faheem,Mushfiqur,1.0,0,0,1,1,1.0,0,,1
"27.5 
1 
Faheem to Shakib, 1 run 
a rapid single nabbed, as he walked out and looked to clip this short of a length ball off 
his pads. The ball dropped close to the pitch on the leg side",27.5,1,1.0,"Faheem to Shakib, 1 run  .a rapid single nabbed, as he walked out and looked to clip this short of a length ball off  .his pads. The ball dropped close to the pitch on the leg side",Faheem,Shakib,1.0,0,0,1,1,1.0,0,,1
"27.6 
• 
Faheem to Mushfiqur, no run 
short of a length, and angled in again, as it finishes just outside off. Dabbed down hard, 
but Shadab at point now dives forward to collect the ball 
end of over 283 runs  
BAN: 142/4CRR: 5.07  
Mushfiqur Rahim45 (66b 4x4) 
Shakib Al Hasan51 (54b 7x4) 
Faheem Ashraf 5-0-16-0 
Shadab Khan 7-0-35-0 
Here comes Iftikhar, as Babar tests everything possible. Around the wicket Shakib",27.6,0,0.0,"Faheem to Mushfiqur, no run  .short of a length, and angled in again, as it finishes just outside off. Dabbed down hard,  .but Shadab at point now dives forward to collect the ball",Faheem,Mushfiqur,0.0,0,0,1,1,0.0,0,,0
"28.1 
1 
Iftikhar to Shakib, 1 run 
full and tossed up on off. Driven down to long-off 
From over to Mushi",28.1,1,1.0,"Iftikhar to Shakib, 1 run  .full and tossed up on off. Driven down to long-off  .From over to Mushi",Iftikhar,Shakib,1.0,0,0,1,1,1.0,0,,1
"28.2 
2 
Iftikhar to Mushfiqur, 2 runs 
slightly short and wide of off, and he late-cuts this to deep backward point for two more 
Attaf: ""Wicket! Wicket, please!""",28.2,2,2.0,"Iftikhar to Mushfiqur, 2 runs  .slightly short and wide of off, and he late-cuts this to deep backward point for two more",Iftikhar,Mushfiqur,2.0,0,0,1,1,2.0,0,,1
"28.3 
• 
Iftikhar to Mushfiqur, no run 
much fuller and dipping just outside off. Nudged to midwicket",28.3,0,0.0,"Iftikhar to Mushfiqur, no run  .much fuller and dipping just outside off. Nudged to midwicket",Iftikhar,Mushfiqur,0.0,0,0,1,1,0.0,0,,0
"28.4 
• 
Iftikhar to Mushfiqur, no run 
slows it down, and goes full on off. Another tuck to midwicket",28.4,0,0.0,"Iftikhar to Mushfiqur, no run  .slows it down, and goes full on off. Another tuck to midwicket",Iftikhar,Mushfiqur,0.0,0,0,1,1,0.0,0,,0
"28.5 
1 
Iftikhar to Mushfiqur, 1 run 
full again, and dipping on off, but this time Mushi places his flick to midwicket's right",28.5,1,1.0,"Iftikhar to Mushfiqur, 1 run  .full again, and dipping on off, but this time Mushi places his flick to midwicket's right",Iftikhar,Mushfiqur,1.0,0,0,1,1,1.0,0,,1
"28.6 
1 
Iftikhar to Shakib, 1 run 
this keeps a bit low off a length on middle, and is pushed to long-off to raise the century 
stand 
end of over 295 runs  
BAN: 147/4CRR: 5.06  
Shakib Al Hasan53 (56b 7x4) 
Mushfiqur Rahim48 (70b 4x4) 
Iftikhar Ahmed 1-0-5-0 
Faheem Ashraf 5-0-16-0 
Usman: ""I think Babar should bowl an over to try and get a wicket""",28.6,1,1.0,"Iftikhar to Shakib, 1 run  .this keeps a bit low off a length on middle, and is pushed to long-off to raise the century  .stand",Iftikhar,Shakib,1.0,0,0,1,1,1.0,0,,1
"29.1 
W 
Faheem to Shakib, OUT 
taken at deep backward square leg! Faheem breaks Shakib's resistance, and with that, 
the 100-run stand. Short of a length on middle, getting it to angle across to finish on off 
stump. Shakib went for the pull, but the bounce off the pitch didn't seem ideal enough 
for that. It just about got up to his stomach, but Shakib went ahead and found the fielder 
Shakib Al Hasan c Fakhar Zaman b Faheem Ashraf 53 (57b 7x4 0x6 108m) SR: 92.98 
See all photos 
With that wicket, it's drinks 
Shamim at No. 7, as Bangladesh look to rebuild. Faheem ran in all the way, only to not 
deliver. So he'll reload.",29.1,W,0.0,"Faheem to Shakib, OUT  .taken at deep backward square leg! Faheem breaks Shakib's resistance, and with that,  .the 100-run stand. Short of a length on middle, getting it to angle across to finish on off  .stump. Shakib went for the pull, but the bounce off the pitch didn't seem ideal enough  .for that. It just about got up to his stomach, but Shakib went ahead and found the fielder  .Shakib Al Hasan c Fakhar Zaman b Faheem Ashraf 53 (57b 7x4 0x6 108m) SR: 92.98",Faheem,Shakib,0.0,0,0,1,1,0.0,1,c Fakhar Zaman b Faheem Ashraf,0
"29.2 
1 
Faheem to Shamim Hossain, 1 run 
short of a length on off, and punched to cover with an open face of the bat. They rush 
for the single there",29.2,1,1.0,"Faheem to Shamim Hossain, 1 run  .short of a length on off, and punched to cover with an open face of the bat. They rush  .for the single there",Faheem,Shamim Hossain,1.0,0,0,1,1,1.0,0,,1
"29.3 
2 
Faheem to Mushfiqur, 2 runs 
good work by Afridi, as he runs and tumbles to his right from fine leg to save two. Short 
of a length, and angling into Mushi's pads, as he clipped it behind to get to fifty",29.3,2,2.0,"Faheem to Mushfiqur, 2 runs  .good work by Afridi, as he runs and tumbles to his right from fine leg to save two. Short  .of a length, and angling into Mushi's pads, as he clipped it behind to get to fifty",Faheem,Mushfiqur,2.0,0,0,1,1,2.0,0,,1
"29.4 
• 
Faheem to Mushfiqur, no run 
fuller length, and angled into off. Dabbed to point with a good stride forward 
Kashif: ""Faheem is doing well with his economy""",29.4,0,0.0,"Faheem to Mushfiqur, no run  .fuller length, and angled into off. Dabbed to point with a good stride forward",Faheem,Mushfiqur,0.0,0,0,1,1,0.0,0,,0
"29.5 
• 
Faheem to Mushfiqur, no run 
length ball angled in, and ends on middle and off. Blocked back solidly",29.5,0,0.0,"Faheem to Mushfiqur, no run  .length ball angled in, and ends on middle and off. Blocked back solidly",Faheem,Mushfiqur,0.0,0,0,1,1,0.0,0,,0
"29.6 
• 
Faheem to Mushfiqur, no run 
fuller length from the previous ball, but the line is again on off stump. Tapped down to 
point 
end of over 303 runs • 1 wicket 
BAN: 150/5CRR: 5.00  
Mushfiqur Rahim50 (74b 4x4) 
Shamim Hossain1 (1b) 
Faheem Ashraf 6-0-19-1 
Iftikhar Ahmed 1-0-5-0",29.6,0,0.0,"Faheem to Mushfiqur, no run  .fuller length from the previous ball, but the line is again on off stump. Tapped down to  .point",Faheem,Mushfiqur,0.0,0,0,1,1,0.0,0,,0
"30.1 
• 
Iftikhar to Shamim Hossain, no run 
full and slow just outside off. Pushed to point 
Hadi: ""Get 'Mushi' out, and Pak will have good chance to wrap this before they get to 
200""",30.1,0,0.0,"Iftikhar to Shamim Hossain, no run  .full and slow just outside off. Pushed to point",Iftikhar,Shamim Hossain,0.0,0,0,1,1,0.0,0,,0
"30.2 
• 
Iftikhar to Shamim Hossain, no run 
another one is full and quite slow on middle and off, and is pushed to midwicket",30.2,0,0.0,"Iftikhar to Shamim Hossain, no run  .another one is full and quite slow on middle and off, and is pushed to midwicket",Iftikhar,Shamim Hossain,0.0,0,0,1,1,0.0,0,,0
"30.3 
1 
Iftikhar to Shamim Hossain, 1 run 
full on middle, and now it's pushed down to long-on",30.3,1,1.0,"Iftikhar to Shamim Hossain, 1 run  .full on middle, and now it's pushed down to long-on",Iftikhar,Shamim Hossain,1.0,0,0,1,1,1.0,0,,1
"30.4 
1 
Iftikhar to Mushfiqur, 1 run 
hurries down, and nudges this length ball outside off to long-on",30.4,1,1.0,"Iftikhar to Mushfiqur, 1 run  .hurries down, and nudges this length ball outside off to long-on",Iftikhar,Mushfiqur,1.0,0,0,1,1,1.0,0,,1
"30.5 
• 
Iftikhar to Shamim Hossain, no run 
looks to slog sweep, but gets this off the toe end of the bat to midwicket, with the ball 
being full and on the stumps",30.5,0,0.0,"Iftikhar to Shamim Hossain, no run  .looks to slog sweep, but gets this off the toe end of the bat to midwicket, with the ball  .being full and on the stumps",Iftikhar,Shamim Hossain,0.0,0,0,1,1,0.0,0,,0
"30.6 
• 
Iftikhar to Shamim Hossain, no run 
full and dipping on off, and defended back 
end of over 312 runs  
BAN: 152/5CRR: 4.90  
Shamim Hossain2 (6b) 
Mushfiqur Rahim51 (75b 4x4) 
Iftikhar Ahmed 2-0-7-0 
Faheem Ashraf 6-0-19-1",30.6,0,0.0,"Iftikhar to Shamim Hossain, no run  .full and dipping on off, and defended back",Iftikhar,Shamim Hossain,0.0,0,0,1,1,0.0,0,,0
"31.1 
1 
Faheem to Mushfiqur, 1 run 
fuller side of a length on middle and off - at only 118kph - as it is stabbed to point, and 
they set off",31.1,1,1.0,"Faheem to Mushfiqur, 1 run  .fuller side of a length on middle and off - at only 118kph - as it is stabbed to point, and  .they set off",Faheem,Mushfiqur,1.0,0,0,1,1,1.0,0,,1
"31.2 
• 
Faheem to Shamim Hossain, no run 
ah, nice bouncer. Bangs it short on middle and leg, as Shamim sways out and the ball 
angles across",31.2,0,0.0,"Faheem to Shamim Hossain, no run  .ah, nice bouncer. Bangs it short on middle and leg, as Shamim sways out and the ball  .angles across",Faheem,Shamim Hossain,0.0,0,0,1,1,0.0,0,,0
"31.3 
1 
Faheem to Shamim Hossain, 1 run 
on the shorter side of a length on middle, and clipped across to deep backward square",31.3,1,1.0,"Faheem to Shamim Hossain, 1 run  .on the shorter side of a length on middle, and clipped across to deep backward square",Faheem,Shamim Hossain,1.0,0,0,1,1,1.0,0,,1
"31.4 
1 
Faheem to Mushfiqur, 1 run 
this is a tennis-batted swat-pull to deep backward square, as he leaps to get on top of 
this short ball around sixth stump 
Imran: ""Babar should bring back the fast bowlers and exert pressure!""",31.4,1,1.0,"Faheem to Mushfiqur, 1 run  .this is a tennis-batted swat-pull to deep backward square, as he leaps to get on top of  .this short ball around sixth stump",Faheem,Mushfiqur,1.0,0,0,1,1,1.0,0,,1
"31.5 
1 
Faheem to Shamim Hossain, 1 run 
a swipe-pull to fine leg's right, as the ball goes to him on the bounce. Short of a length, 
and angling across to finish on middle and off, as Shamim got across to dispatch that",31.5,1,1.0,"Faheem to Shamim Hossain, 1 run  .a swipe-pull to fine leg's right, as the ball goes to him on the bounce. Short of a length,  .and angling across to finish on middle and off, as Shamim got across to dispatch that",Faheem,Shamim Hossain,1.0,0,0,1,1,1.0,0,,1
"31.6 
4 
Faheem to Mushfiqur, FOUR runs 
this is cleanly driven to deep extra cover. He spots this length delivery early, and it is 
wide of off too. Mushi drives elegantly with the full face of the bat for four to keep 
ticking along 
end of over 328 runs  
BAN: 160/5CRR: 5.00  
Mushfiqur Rahim57 (78b 5x4) 
Shamim Hossain4 (9b) 
Faheem Ashraf 7-0-27-1 
Iftikhar Ahmed 2-0-7-0",31.6,4,4.0,"Faheem to Mushfiqur, FOUR runs  .this is cleanly driven to deep extra cover. He spots this length delivery early, and it is  .wide of off too. Mushi drives elegantly with the full face of the bat for four to keep  .ticking along",Faheem,Mushfiqur,4.0,1,0,1,1,4.0,0,,1
"32.1 
1 
Iftikhar to Shamim Hossain, 1 run 
chips this full ball on middle to deep square leg, as he bags another single",32.1,1,1.0,"Iftikhar to Shamim Hossain, 1 run  .chips this full ball on middle to deep square leg, as he bags another single",Iftikhar,Shamim Hossain,1.0,0,0,1,1,1.0,0,,1
"32.2 
1 
Iftikhar to Mushfiqur, 1 run 
on a length on off, and turned down fine leg by Mushi, as he lets the ball come",32.2,1,1.0,"Iftikhar to Mushfiqur, 1 run  .on a length on off, and turned down fine leg by Mushi, as he lets the ball come",Iftikhar,Mushfiqur,1.0,0,0,1,1,1.0,0,,1
"32.3 
• 
Iftikhar to Shamim Hossain, no run 
full ball angled into off, and punched to extra cover",32.3,0,0.0,"Iftikhar to Shamim Hossain, no run  .full ball angled into off, and punched to extra cover",Iftikhar,Shamim Hossain,0.0,0,0,1,1,0.0,0,,0
"32.4 
• 
Iftikhar to Shamim Hossain, no run 
slower, and fuller on off. Tucked to extra cover, as Mushi is sent back by Shamim",32.4,0,0.0,"Iftikhar to Shamim Hossain, no run  .slower, and fuller on off. Tucked to extra cover, as Mushi is sent back by Shamim",Iftikhar,Shamim Hossain,0.0,0,0,1,1,0.0,0,,0
"32.5 
• 
Iftikhar to Shamim Hossain, no run 
three dots in a row, as this full ball outside off is pushed to extra cover again",32.5,0,0.0,"Iftikhar to Shamim Hossain, no run  .three dots in a row, as this full ball outside off is pushed to extra cover again",Iftikhar,Shamim Hossain,0.0,0,0,1,1,0.0,0,,0
"32.6 
1 
Iftikhar to Shamim Hossain, 1 run 
makes room, and Iftikhar goes short. The ball ends close to off stump, and is hacked off 
the outside edge towards short third 
end of over 333 runs  
BAN: 163/5CRR: 4.93  
Shamim Hossain6 (14b) 
Mushfiqur Rahim58 (79b 5x4) 
Iftikhar Ahmed 3-0-10-0 
Faheem Ashraf 7-0-27-1 
Afridi is back",32.6,1,1.0,"Iftikhar to Shamim Hossain, 1 run  .makes room, and Iftikhar goes short. The ball ends close to off stump, and is hacked off  .the outside edge towards short third",Iftikhar,Shamim Hossain,1.0,0,0,1,1,1.0,0,,1
"33.1 
2 
Shaheen Shah Afridi to Shamim Hossain, 2 runs 
short of a length on off, and he gets across to clip wide of the midwicket fielder. Two 
runs grabbed in a hurry 
Shanto: ""Want Mushi to smash a century""",33.1,2,2.0,"Shaheen Shah Afridi to Shamim Hossain, 2 runs  .short of a length on off, and he gets across to clip wide of the midwicket fielder. Two  .runs grabbed in a hurry",Shaheen Shah Afridi,Shamim Hossain,2.0,0,0,1,1,2.0,0,,1
"33.2 
1 
Shaheen Shah Afridi to Shamim Hossain, 1 run 
goes wide of the crease, and bowls short and a bit wide of off. Punched to deep point by 
bending his front knee 
From around to Mushi",33.2,1,1.0,"Shaheen Shah Afridi to Shamim Hossain, 1 run  .goes wide of the crease, and bowls short and a bit wide of off. Punched to deep point by  .bending his front knee  .From around to Mushi",Shaheen Shah Afridi,Shamim Hossain,1.0,0,0,1,1,1.0,0,,1
"33.3 
1 
Shaheen Shah Afridi to Mushfiqur, 1 run 
short of a length, and angled in as it ends on middle. Pulled to fine leg, while adjusting a 
bit for the lowish bounce",33.3,1,1.0,"Shaheen Shah Afridi to Mushfiqur, 1 run  .short of a length, and angled in as it ends on middle. Pulled to fine leg, while adjusting a  .bit for the lowish bounce",Shaheen Shah Afridi,Mushfiqur,1.0,0,0,1,1,1.0,0,,1
"33.4 
• 
Shaheen Shah Afridi to Shamim Hossain, no run 
length ball which is wide of off. Pushed down to mid-off while playing away from his 
body",33.4,0,0.0,"Shaheen Shah Afridi to Shamim Hossain, no run  .length ball which is wide of off. Pushed down to mid-off while playing away from his  .body",Shaheen Shah Afridi,Shamim Hossain,0.0,0,0,1,1,0.0,0,,0
"33.5 
6 
Shaheen Shah Afridi to Shamim Hossain, SIX runs 
a left-handed Suryakumar Yadav there! He half-pulls this short of a length ball outside 
off, which was angling into off. His back leg was in the air, with his eyes almost taken 
off. Still, six over fine leg",33.5,6,6.0,"Shaheen Shah Afridi to Shamim Hossain, SIX runs  .a left-handed Suryakumar Yadav there! He half-pulls this short of a length ball outside  .off, which was angling into off. His back leg was in the air, with his eyes almost taken  .off. Still, six over fine leg",Shaheen Shah Afridi,Shamim Hossain,6.0,0,1,1,1,6.0,0,,1
"33.6 
1 
Shaheen Shah Afridi to Shamim Hossain, 1 run 
full toss, angling into middle. Pushed down wide of mid-on 
end of over 3411 runs  
BAN: 174/5CRR: 5.11  
Shamim Hossain16 (19b 1x6) 
Mushfiqur Rahim59 (80b 5x4) 
Shaheen Shah Afridi 6-1-36-1 
Iftikhar Ahmed 3-0-10-0",33.6,1,1.0,"Shaheen Shah Afridi to Shamim Hossain, 1 run  .full toss, angling into middle. Pushed down wide of mid-on",Shaheen Shah Afridi,Shamim Hossain,1.0,0,0,1,1,1.0,0,,1
"34.1 
• 
Iftikhar to Shamim Hossain, no run 
full and slow on off. Blocked back to the bowler",34.1,0,0.0,"Iftikhar to Shamim Hossain, no run  .full and slow on off. Blocked back to the bowler",Iftikhar,Shamim Hossain,0.0,0,0,1,1,0.0,0,,0
"34.2 
• 
Iftikhar to Shamim Hossain, no run 
fuller, and a bit outside off. Driven to extra cover",34.2,0,0.0,"Iftikhar to Shamim Hossain, no run  .fuller, and a bit outside off. Driven to extra cover",Iftikhar,Shamim Hossain,0.0,0,0,1,1,0.0,0,,0
"34.3 
• 
Iftikhar to Shamim Hossain, no run 
another one which is slow and full on off, and is pushed to extra cover 
Rohan: ""Let's not talk about Mushi and jinx him until he completes his 100""",34.3,0,0.0,"Iftikhar to Shamim Hossain, no run  .another one which is slow and full on off, and is pushed to extra cover",Iftikhar,Shamim Hossain,0.0,0,0,1,1,0.0,0,,0
"34.4 
W 
Iftikhar to Shamim Hossain, OUT 
taken at square leg! The ball was sent up very high in the air, and Imam did well to keep 
his eyes on it even as Rizwan was approaching him. The ball was bowled short and 
quicker than his previous deliveries, as he also went on a stump-to-stump line this time. 
Shamim went hard with his attempted swing across the line, but ended up getting a top 
edge for a reverse-cup catch for Imam 
Shamim Hossain c Imam-ul-Haq b Iftikhar Ahmed 16 (23b 0x4 1x6 19m) SR: 69.56 
Here comes Afif, as Mushi runs out of partners",34.4,W,0.0,"Iftikhar to Shamim Hossain, OUT  .taken at square leg! The ball was sent up very high in the air, and Imam did well to keep  .his eyes on it even as Rizwan was approaching him. The ball was bowled short and  .quicker than his previous deliveries, as he also went on a stump-to-stump line this time.  .Shamim went hard with his attempted swing across the line, but ended up getting a top  .edge for a reverse-cup catch for Imam  .Shamim Hossain c Imam-ul-Haq b Iftikhar Ahmed 16 (23b 0x4 1x6 19m) SR: 69.56",Iftikhar,Shamim Hossain,0.0,0,0,1,1,0.0,1,c Imam-ul-Haq b Iftikhar Ahmed,0
"34.5 
1 
Iftikhar to Afif, 1 run 
full and tossed up on off. Pushed down to long-on",34.5,1,1.0,"Iftikhar to Afif, 1 run  .full and tossed up on off. Pushed down to long-on",Iftikhar,Afif,1.0,0,0,1,1,1.0,0,,1
"34.6 
1 
Iftikhar to Mushfiqur, 1 run 
short outside off, and turning in too. Slapped to short third's right 
Here comes Abhimanyu to finish the innings off. Let him know where you see this 
going. 
end of over 352 runs • 1 wicket 
BAN: 176/6CRR: 5.02  
Mushfiqur Rahim60 (81b 5x4) 
Afif Hossain1 (1b) 
Iftikhar Ahmed 4-0-12-1 
Shaheen Shah Afridi 6-1-36-1 
Thanks Himanshu!",34.6,1,1.0,"Iftikhar to Mushfiqur, 1 run  .short outside off, and turning in too. Slapped to short third's right  .Here comes Abhimanyu to finish the innings off. Let him know where you see this  .going.",Iftikhar,Mushfiqur,1.0,0,0,1,1,1.0,0,,1
"35.1 
1 
Shaheen Shah Afridi to Mushfiqur, 1 run 
Back of a length outside off, Mushfiqur plays it square on the off side to deep point",35.1,1,1.0,"Shaheen Shah Afridi to Mushfiqur, 1 run  .Back of a length outside off, Mushfiqur plays it square on the off side to deep point",Shaheen Shah Afridi,Mushfiqur,1.0,0,0,1,1,1.0,0,,1
"35.2 
1 
Shaheen Shah Afridi to Afif, 1 run 
On a length outside off, seaming in. Afif prods it in front of square on the off side",35.2,1,1.0,"Shaheen Shah Afridi to Afif, 1 run  .On a length outside off, seaming in. Afif prods it in front of square on the off side",Shaheen Shah Afridi,Afif,1.0,0,0,1,1,1.0,0,,1
"35.3 
1 
Shaheen Shah Afridi to Mushfiqur, 1 run 
Short ball around off, Mushfiqur pulls it to deep midwicket",35.3,1,1.0,"Shaheen Shah Afridi to Mushfiqur, 1 run  .Short ball around off, Mushfiqur pulls it to deep midwicket",Shaheen Shah Afridi,Mushfiqur,1.0,0,0,1,1,1.0,0,,1
"35.4 
1 
Shaheen Shah Afridi to Afif, 1 run 
Length ball on off, Afif nudges it towards mid-on and takes off for a quick single",35.4,1,1.0,"Shaheen Shah Afridi to Afif, 1 run  .Length ball on off, Afif nudges it towards mid-on and takes off for a quick single",Shaheen Shah Afridi,Afif,1.0,0,0,1,1,1.0,0,,1
"35.5 
1 
Shaheen Shah Afridi to Mushfiqur, 1 run 
Pitched up and he drives it in front for another quick run before mid-on could run in 
Faraz: ""Mushy to be stranded in 80s. Bangladesh all out sub 220. Heard it here first.""",35.5,1,1.0,"Shaheen Shah Afridi to Mushfiqur, 1 run  .Pitched up and he drives it in front for another quick run before mid-on could run in",Shaheen Shah Afridi,Mushfiqur,1.0,0,0,1,1,1.0,0,,1
"35.6 
1 
Shaheen Shah Afridi to Afif, 1 run 
Length ball on off, punched in front of square through the gap 
end of over 366 runs  
BAN: 182/6CRR: 5.05  
Afif Hossain4 (4b) 
Mushfiqur Rahim63 (84b 5x4) 
Shaheen Shah Afridi 7-1-42-1 
Iftikhar Ahmed 4-0-12-1",35.6,1,1.0,"Shaheen Shah Afridi to Afif, 1 run  .Length ball on off, punched in front of square through the gap",Shaheen Shah Afridi,Afif,1.0,0,0,1,1,1.0,0,,1
"36.1 
• 
Iftikhar to Afif, no run 
Beaten on the outside edge! Drifts in to pitch outside off and then spins away",36.1,0,0.0,"Iftikhar to Afif, no run  .Beaten on the outside edge! Drifts in to pitch outside off and then spins away",Iftikhar,Afif,0.0,0,0,1,1,0.0,0,,0
"36.2 
6 
Iftikhar to Afif, SIX runs 
Slog-swept all the way over deep midwicket! Full outside off and he gets down and 
absolutely nails the shot",36.2,6,6.0,"Iftikhar to Afif, SIX runs  .Slog-swept all the way over deep midwicket! Full outside off and he gets down and  .absolutely nails the shot",Iftikhar,Afif,6.0,0,1,1,1,6.0,0,,1
"36.3 
• 
Iftikhar to Afif, no run 
Fuller around off, Afif can only work it to midwicket",36.3,0,0.0,"Iftikhar to Afif, no run  .Fuller around off, Afif can only work it to midwicket",Iftikhar,Afif,0.0,0,0,1,1,0.0,0,,0
"36.4 
• 
Iftikhar to Afif, no run 
On a length around off, he punches to point. The single is turned down 
Srinivasan Duba: ""@Faraz - You are wrong. Ban will reach 250 minimum with Mush 
Century. Afif is a good bat""",36.4,0,0.0,"Iftikhar to Afif, no run  .On a length around off, he punches to point. The single is turned down",Iftikhar,Afif,0.0,0,0,1,1,0.0,0,,0
"36.5 
1 
Iftikhar to Afif, 1 run 
On a length again and he goes back and places it in front of point this time and gets a 
single to deep cover",36.5,1,1.0,"Iftikhar to Afif, 1 run  .On a length again and he goes back and places it in front of point this time and gets a  .single to deep cover",Iftikhar,Afif,1.0,0,0,1,1,1.0,0,,1
"36.6 
1 
Iftikhar to Mushfiqur, 1 run 
Punched through cover for a single 
end of over 378 runs  
BAN: 190/6CRR: 5.13  
Mushfiqur Rahim64 (85b 5x4) 
Afif Hossain11 (9b 1x6) 
Iftikhar Ahmed 5-0-20-1 
Shaheen Shah Afridi 7-1-42-1 
Waqas: ""Camparing Shammim with Sky???¿"" The shot definitely had shades of SKY! 
Meanwhile, here's Rauf",36.6,1,1.0,"Iftikhar to Mushfiqur, 1 run  .Punched through cover for a single",Iftikhar,Mushfiqur,1.0,0,0,1,1,1.0,0,,1
"37.1 
• 
Haris Rauf to Mushfiqur, no run 
Length ball around off, Mushfiqur nudges it to midwicket",37.1,0,0.0,"Haris Rauf to Mushfiqur, no run  .Length ball around off, Mushfiqur nudges it to midwicket",Haris Rauf,Mushfiqur,0.0,0,0,1,1,0.0,0,,0
"37.2 
W 
Haris Rauf to Mushfiqur, OUT 
And Rauf gets the breakthrough! Mushfiqur looks to give charge to a length delivery 
outside off that was seaming away. Gets an edge that Rizwan grabs. Rizwan takes it 
just above head height but he is in pain now. He grabbed his left calf as he landed after 
taking that catch 
Mushfiqur Rahim c †Mohammad Rizwan b Haris Rauf 64 (87b 5x4 0x6 114m) SR: 
73.56 
Naukh: ""And the Mushi century jinx worked"" 
Hassan: ""@Srinivasan Duba you jinxed Mushi. You are Pakistan's 13th Player"" 
Looks like Rizwan is good to continue. Nothing serious there. Meanwhile, Taskin Ahmed 
is the new atter",37.2,W,0.0,"Haris Rauf to Mushfiqur, OUT  .And Rauf gets the breakthrough! Mushfiqur looks to give charge to a length delivery  .outside off that was seaming away. Gets an edge that Rizwan grabs. Rizwan takes it  .just above head height but he is in pain now. He grabbed his left calf as he landed after  .taking that catch  .Mushfiqur Rahim c †Mohammad Rizwan b Haris Rauf 64 (87b 5x4 0x6 114m) SR:",Haris Rauf,Mushfiqur,0.0,0,0,1,1,0.0,1,c †Mohammad Rizwan b Haris Rauf,0
"37.3 
W 
Haris Rauf to Taskin, OUT 
Rauf has two in two! Length ball outside off, angling in ever so slightly. Taskin doesn't 
show much foot movement as he looks to drive and only manages a thin edge. 
Regulation take for Rizwan, who looks just fine now! Rauf on a hat-trick! 
Taskin Ahmed c †Mohammad Rizwan b Haris Rauf 0 (1b 0x4 0x6 1m) SR: 0 
See all photos 
Aween: ""Can we just talk about how good of an out and out fast bowler we found in 
form of Haris Rauf after Shoaib Akhtar? He is just too good."" 
Can Shoriful Islam stop the hat-trick?",37.3,W,0.0,"Haris Rauf to Taskin, OUT  .Rauf has two in two! Length ball outside off, angling in ever so slightly. Taskin doesn't  .show much foot movement as he looks to drive and only manages a thin edge.  .Regulation take for Rizwan, who looks just fine now! Rauf on a hat-trick!  .Taskin Ahmed c †Mohammad Rizwan b Haris Rauf 0 (1b 0x4 0x6 1m) SR: 0",Haris Rauf,Taskin,0.0,0,0,1,1,0.0,1,c †Mohammad Rizwan b Haris Rauf,0
"37.4 
1 
Haris Rauf to Shoriful Islam, 1 run 
Yes he can, and he gets a run as well! Babar got two slips in and Rauf bowls it outside 
off. The ball is moving away slightly too and Shoriful pushes it through point to get off 
the mark",37.4,1,1.0,"Haris Rauf to Shoriful Islam, 1 run  .Yes he can, and he gets a run as well! Babar got two slips in and Rauf bowls it outside  .off. The ball is moving away slightly too and Shoriful pushes it through point to get off  .the mark",Haris Rauf,Shoriful Islam,1.0,0,0,1,1,1.0,0,,1
"37.5 
1 
Haris Rauf to Afif, 1 run 
Full on off, Afif punches it past the non-striker and scampers for a quick single as mid-
on runs in to stop the ball",37.5,1,1.0,"Haris Rauf to Afif, 1 run  .Full on off, Afif punches it past the non-striker and scampers for a quick single as mid- .on runs in to stop the ball",Haris Rauf,Afif,1.0,0,0,1,1,1.0,0,,1
"37.6 
• 
Haris Rauf to Shoriful Islam, no run 
Full on off at 142kph and Shoriful digs it out 
Arman: ""There is a noticeable impact of T20 in ODI. Run rate is good in 30 or 40 overs 
but hardly any wickets left to slog last 10 overs. Missing traditional ODI."" 
end of over 382 runs • 2 wickets 
BAN: 192/8CRR: 5.05  
Shoriful Islam1 (2b) 
Afif Hossain12 (10b 1x6) 
Haris Rauf 6-0-19-4 
Iftikhar Ahmed 5-0-20-1 
You all wanted Naseem Shah and now Naseem Shah you shall get! He's back in the 
attack",37.6,0,0.0,"Haris Rauf to Shoriful Islam, no run  .Full on off at 142kph and Shoriful digs it out",Haris Rauf,Shoriful Islam,0.0,0,0,1,1,0.0,0,,0
"38.1 
W 
Naseem Shah to Afif, OUT 
And he strikes right away! The short ball works for him as Afif goes for a pull. Takes a 
top edge and goes high in front and Faheem Ashraf runs across from mid-on to take 
that. That was short on off and seaming in to cramp him slightly 
Afif Hossain c Faheem Ashraf b Naseem Shah 12 (11b 0x4 1x6 18m) SR: 109.09 
Hasan Mahmud is Bangladesh's last batter",38.1,W,0.0,"Naseem Shah to Afif, OUT  .And he strikes right away! The short ball works for him as Afif goes for a pull. Takes a  .top edge and goes high in front and Faheem Ashraf runs across from mid-on to take  .that. That was short on off and seaming in to cramp him slightly  .Afif Hossain c Faheem Ashraf b Naseem Shah 12 (11b 0x4 1x6 18m) SR: 109.09",Naseem Shah,Afif,0.0,0,0,1,1,0.0,1,c Faheem Ashraf b Naseem Shah,0
"38.2 
• 
Naseem Shah to Hasan Mahmud, no run 
Back of a length on off, Mahmud defends towards point",38.2,0,0.0,"Naseem Shah to Hasan Mahmud, no run  .Back of a length on off, Mahmud defends towards point",Naseem Shah,Hasan Mahmud,0.0,0,0,1,1,0.0,0,,0
"38.3 
1 
Naseem Shah to Hasan Mahmud, 1 run 
Full on off, Hasan works it to mid-on to get off the mark",38.3,1,1.0,"Naseem Shah to Hasan Mahmud, 1 run  .Full on off, Hasan works it to mid-on to get off the mark",Naseem Shah,Hasan Mahmud,1.0,0,0,1,1,1.0,0,,1
"38.4 
W 
Naseem Shah to Shoriful Islam, OUT 
And that will be that! Full on middle at 141 kph. Shoriful backs away and looks to drive it 
on the off side but misses completely. Naseem finishes with three, with Rauf missing 
out on a chance to complete his five-for. But he won't care. Pakistan have done 
brilliantly to bowl Bangladesh out for 193. And now, on to the batters! 
Shoriful Islam b Naseem Shah 1 (3b 0x4 0x6 6m) SR: 33.33 
Haris Rauf: ""The way the conditions demanded, I tried to bowl according to that. The 
way the wicket is at Lahore, you try to bowl stump-to-stump. If you bowl it wide, you can 
go for runs because it's a true wicket. The way Naseem and Shaheen start with the new 
ball, getting early wickets, it gives me confidence and I also get an idea of how the 
wicket is behaving. We also keep chatting with each other. The way our players are 
batting, they are in form also, so hopefully we can chase this."" 
5.33pm Shakib and Mushfiqur added 100 runs for the fifth wicket, but Bangladesh failed 
to add even fifty after that. Afif and Shamim played short cameos, but couldn't bat long 
enough. Pakistan's bowlers get high-fives as they walk back to their dugout. Rauf was 
excellent, so was Naseem despite an injury scare when he hurt his shoulder while diving 
at the boundary. He dropped a catch off his own bowling but made up for it by helping 
clean up the tail. 
5.40pm So, 194 is the target for Pakistan. Join us in about 20 minutes for the chase. Till 
then, have fun with the poll above. 
Whose performance was the most impressive in the first innings? 
29.6K votes 
Haris Rauf 
Naseem Shah 
Mushfiqur Rahim 
Shakib Al Hasan 
Sponsored Headlines 
 
IPL 2025, मुंबई इंिडयंस vs पंजाब िकंग्स Match Preview: MI के िख़लाफ़ मैच में कप्तान श्रेयस अय्यर होंगे 
PBKS के मुख्य हिथयार - MI vs PBKSDiscover 
 
india tour of england - इंग्लैंड दौरे पर shubman gill बने भारतीय टीम के टेस्ट कप्तान | 
ESPNcricinfoDiscover 
 
Health News |  
Sponsored by TaboolaSponsored by Taboola 
Mix 4 Kitchen Ingredients, Wake Up Thinner Every Morning (it's genius)Read MoreSkip 
 
KKR vs SRH Cricket Scorecard, 68th Match at Delhi, May 25, 2025Discover 
 
Ipl 2025 playoffs - RCB और GT शीषर् दो में कैसे पहुंच सकती है? | ESPNcricinfoDiscover 
Sponsored Video From Our Partners 
Read More 
Ad 
|  
Sponsored  
Sponsored  
 
The Business Sneaker Loved by CEOs and NFL StarsPremium full-grain leather and 
marathon running shoe technology providing first class comfort all day long. Loved and 
worn by NFL athletes and coaches. Shoes much more comfortable than traditional 
dress shoes.Wolf & Shepherd |  
SponsoredSponsored 
Shop Now 
Undo 
 
Look Sharp, Feel Unstoppable in the New Toro Max SportBreathable mess uppers and 
marathon running shoe technology providing first class comfort all day long. Rob 
Gronkowski and Steve Nash love these shoes. Over 15,000 5-star reviews.Wolf & 
Shepherd |  
SponsoredSponsored 
Shop Now 
Undo 
 
Mix 4 Kitchen Ingredients, Wake Up Thinner Every MorningHealth News |  
SponsoredSponsored 
Undo 
 
Neurologists Amazed: These Barefoot Shoes Help Seniors Lose Weight and Live a Life 
with Less PainBarefoot Shoes are the Ultimate Weight Loss Tool for 2025.Barefoot 
Vitality |  
SponsoredSponsored 
Learn More 
Undo 
 
Costco Shoppers Say This Fat-Burning Patch Triggers Weight Loss ""Unlike Any 
Other""Shocking results without diets or lifestyle changesHealth Advice Today |  
SponsoredSponsored 
Undo 
 
Here's The Estimated Cost for a 1-day Gutter Guards InstallationHomeBuddy |  
SponsoredSponsored 
Undo 
 
Amazon Is Losing Money as Arizona Shoppers Are Canceling Prime for This Clever 
HackThis simple trick can save tons of money on Amazon, but most Prime members 
are ignoring it.Online Shopping Tools |  
SponsoredSponsored 
Undo 
 
Price Out Your New Pool [It's FREE]Wondering how much a new pool will cost? Find out 
in minutes with our custom pool cost estimator. Check it out.Shasta Pools & Spas |  
SponsoredSponsored 
Get Quote 
Undo 
 
How Much to Upgrade Your Backyard? [Price It]Wondering how much a new pool will 
cost? Find out in minutes with our custom pool cost estimator. Check it out.Shasta 
Pools & Spas |  
SponsoredSponsored 
Get Quote 
Undo 
 
Seniors Can Now Fly Business Class For the Price Of EconomyAmericans, you'll want to 
check this out ASAPInsider | Travel Deals |  
SponsoredSponsored 
Undo 
 
Malia Steps Out With Her Boyfriend And You Will Easily Recognize Him.Boite A Scoop |  
SponsoredSponsored 
Undo 
 
Ask a Pro: ""How Long Does $1.5M Last in Retirement?""Get a Complimentary Intro Call 
With a Wealth AdvisorSmartAsset |  
SponsoredSponsored 
Click Here 
Undo 
Language 
English 
Match Coverage 
All Match News 
 
Unassuming Rauf re-emerges from shadows of Afridi and 
Naseem 
And he does that while doing the most unglamorous job in ODIs: bowling the middle 
overs 
 
 
 
Shakib rues Bangladesh's 'very poor batting display' 
""On a wicket like this, we shouldn't lose four wickets in the first ten overs"" 
 
 
 
Naseem Shah suffers injury scare against Bangladesh 
Fast bowler went off the field after diving on the boundary 
 
 
 
Pakistan v Bangladesh - Asia Cup 2023, Super Four, 
Lahore 
Follow ESPNcricinfo's live blog for the opening fixture of the Super Four stage featuring 
Pakistan and Bangladesh 
 
 
 
Haris Rauf four-for, Imam-ul-Haq 78 make short work of 
Bangladesh 
Naseem Shah and Mohammad Rizwan chipped in with useful contributions in dominant 
show by Pakistan 
 
 
 
Instant answers to T20 questions 
What is the lowest team total in the IPL? 
Which batter has hit the most sixes in an innings in the IPL? 
Which team has scored the most runs in death overs in an IPL match? 
Ask a question 
Videos 
All Match Videos 
 
 
1:51 
Jaffer: Bangladesh need to re-assess their shot selection 
 
Pakistan Innings 
Player Name 
R 
B 
Fakhar 
Zaman 
lbw 
20 31 
Imam-ul-
Haq 
bowled 
78 84 
Babar 
Azam 
bowled 
17 22 
Mohammad 
Rizwan 
not out 
63 79 
Agha 
Salman 
not out 
12 21 
Extras 
(lb 2, w 2) 
Total 
194(3 wkts;",38.4,W,0.0,"Naseem Shah to Shoriful Islam, OUT  .And that will be that! Full on middle at 141 kph. Shoriful backs away and looks to drive it  .on the off side but misses completely. Naseem finishes with three, with Rauf missing  .out on a chance to complete his five-for. But he won't care. Pakistan have done  .brilliantly to bowl Bangladesh out for 193. And now, on to the batters!  .Shoriful Islam b Naseem Shah 1 (3b 0x4 0x6 6m) SR: 33.33",Naseem Shah,Shoriful Islam,0.0,0,0,1,1,0.0,1,b Naseem Shah,0
