raw_data,overs,runs,team_runs,commentary,bowler,batsman,batsman_runs,batsman_fours,batsman_sixes,batsman_bowls_faced,bowler_bowls_done,bowler_runs_given,bowler_wickets,dismissal,runs_given_bool
"0.1 
1w 
Dutt to Rohit Sharma, 1 wide 
pushed through, 87kph/54mph and spinning down the leg side",0.1,1w,1.0,"Dutt to Rohit Sharma, 1 wide  .pushed through, 87kph/54mph and spinning down the leg side",Dutt,Rohit Sharma,0.0,0,0,0,0,1.0,0,,1
"0.1 
4 
Dutt to Rohit Sharma, FOUR runs 
fuller, quicker and hauled behind square! Too straighter from Dutt and Rohit sweeps up 
and over the man inside the ring",0.1,4,4.0,"Dutt to Rohit Sharma, FOUR runs  .fuller, quicker and hauled behind square! Too straighter from Dutt and Rohit sweeps up  .and over the man inside the ring",Dutt,Rohit Sharma,4.0,1,0,1,1,4.0,0,,1
"0.2 
• 
Dutt to Rohit Sharma, no run 
darted on middle and leg, 92kph and tucked square",0.2,0,0.0,"Dutt to Rohit Sharma, no run  .darted on middle and leg, 92kph and tucked square",Dutt,Rohit Sharma,0.0,0,0,1,1,0.0,0,,0
"0.3 
4 
Dutt to Rohit Sharma, FOUR runs 
slightly short and hoicked up and over again, Rohit plants the front foot and swipe-
sweeps it over short fine leg for another boundary",0.3,4,4.0,"Dutt to Rohit Sharma, FOUR runs  .slightly short and hoicked up and over again, Rohit plants the front foot and swipe- .sweeps it over short fine leg for another boundary",Dutt,Rohit Sharma,4.0,1,0,1,1,4.0,0,,1
"0.4 
• 
Dutt to Rohit Sharma, no run 
better length, 94kph/58mph and spinning a touch on to off. Rohit defends watchfully",0.4,0,0.0,"Dutt to Rohit Sharma, no run  .better length, 94kph/58mph and spinning a touch on to off. Rohit defends watchfully",Dutt,Rohit Sharma,0.0,0,0,1,1,0.0,0,,0
"0.5 
2 
Dutt to Rohit Sharma, 2 runs 
uses the feet this time, dinked into the gap between deep square leg and wide long-on 
for two 
""Why Indian national anthem was complete with singing, where as Netherlands' one was 
just instrumental?"" I'm not sure the ICC have the Netherlands one complete with lyrics, 
Prashant",0.5,2,2.0,"Dutt to Rohit Sharma, 2 runs  .uses the feet this time, dinked into the gap between deep square leg and wide long-on  .for two",Dutt,Rohit Sharma,2.0,0,0,1,1,2.0,0,,1
"0.6 
• 
Dutt to Rohit Sharma, no run 
lands this on a good length, defended pressing forwards 
end of over 111 runs  
IND: 11/0CRR: 11.00  
Rohit Sharma10 (6b 2x4) 
Shubman Gill0 (0b) 
Aryan Dutt 1-0-11-0 
It'll be Logan van Beek from the other end",0.6,0,0.0,"Dutt to Rohit Sharma, no run  .lands this on a good length, defended pressing forwards",Dutt,Rohit Sharma,0.0,0,0,1,1,0.0,0,,0
"1.1 
• 
van Beek to Gill, no run 
full length a foot or so outside off, Gill taps it carefully into the covers",1.1,0,0.0,"van Beek to Gill, no run  .full length a foot or so outside off, Gill taps it carefully into the covers",van Beek,Gill,0.0,0,0,1,1,0.0,0,,0
"1.2 
2 
van Beek to Gill, 2 runs 
134kph, back of a length and guided away, just a chop behind point for Gill's first runs 
""Why not chase? That's what let them down in semis in the last two world cups. They 
crumbled under scoreboard pressure would be a ideal dress rehearsal before the big 
match against NZ."" It's Diwali, Prasanna S, let the batters celebrate. Not sure Neth are 
the team to test their chasing skills 
 
IND in Powerplay overs (in World Cup 2023) 
INNS 
9 
WKTS 
9 
RR 
6.45 
AVE 
58.33",1.2,2,2.0,"van Beek to Gill, 2 runs  .134kph, back of a length and guided away, just a chop behind point for Gill's first runs",van Beek,Gill,2.0,0,0,1,1,2.0,0,,1
"1.3 
• 
van Beek to Gill, no run 
touch short on fifth stump, this is jabbed down to point",1.3,0,0.0,"van Beek to Gill, no run  .touch short on fifth stump, this is jabbed down to point",van Beek,Gill,0.0,0,0,1,1,0.0,0,,0
"1.4 
1 
van Beek to Gill, 1 run 
full and driven back down the pitch, van Beek can't get a hand on it as the ball crashes 
into the non-striker's stumps and wrongfoots mid-off",1.4,1,1.0,"van Beek to Gill, 1 run  .full and driven back down the pitch, van Beek can't get a hand on it as the ball crashes  .into the non-striker's stumps and wrongfoots mid-off",van Beek,Gill,1.0,0,0,1,1,1.0,0,,1
"1.5 
• 
van Beek to Rohit Sharma, no run 
pitched up in the channel, stroked to extra cover",1.5,0,0.0,"van Beek to Rohit Sharma, no run  .pitched up in the channel, stroked to extra cover",van Beek,Rohit Sharma,0.0,0,0,1,1,0.0,0,,0
"1.6 
1 
van Beek to Rohit Sharma, 1 run 
fullish, 134kph outside off and dabbed into a gap in the covers for a comfortable one 
end of over 24 runs  
IND: 15/0CRR: 7.50  
Rohit Sharma11 (8b 2x4) 
Shubman Gill3 (4b) 
Logan van Beek 1-0-4-0 
Aryan Dutt 1-0-11-0",1.6,1,1.0,"van Beek to Rohit Sharma, 1 run  .fullish, 134kph outside off and dabbed into a gap in the covers for a comfortable one",van Beek,Rohit Sharma,1.0,0,0,1,1,1.0,0,,1
"2.1 
4 
Dutt to Rohit Sharma, FOUR runs 
flat and wide of off, carved away through backward point! Sits up nicely for Rohit to 
crash a cut to what looks an invitingly short boundary",2.1,4,4.0,"Dutt to Rohit Sharma, FOUR runs  .flat and wide of off, carved away through backward point! Sits up nicely for Rohit to  .crash a cut to what looks an invitingly short boundary",Dutt,Rohit Sharma,4.0,1,0,1,1,4.0,0,,1
"2.2 
• 
Dutt to Rohit Sharma, no run 
zipped down on fifth stump, 92kph and Rohit sticks out his pad, lets it go",2.2,0,0.0,"Dutt to Rohit Sharma, no run  .zipped down on fifth stump, 92kph and Rohit sticks out his pad, lets it go",Dutt,Rohit Sharma,0.0,0,0,1,1,0.0,0,,0
"2.3 
• 
Dutt to Rohit Sharma, no run 
tucked to midwicket",2.3,0,0.0,"Dutt to Rohit Sharma, no run  .tucked to midwicket",Dutt,Rohit Sharma,0.0,0,0,1,1,0.0,0,,0
"2.4 
1 
Dutt to Rohit Sharma, 1 run 
pushed through on the stumps, punched down to long-on 
Vishal Pawar : ""Why forecast is just 294? Are you kidding? We Indian fans thinking 
about 500!"" Let's the split the difference and call it 400",2.4,1,1.0,"Dutt to Rohit Sharma, 1 run  .pushed through on the stumps, punched down to long-on",Dutt,Rohit Sharma,1.0,0,0,1,1,1.0,0,,1
"2.5 
• 
Dutt to Gill, no run 
some turn and bounce here, Gill sits back and tucks it down to the leg side",2.5,0,0.0,"Dutt to Gill, no run  .some turn and bounce here, Gill sits back and tucks it down to the leg side",Dutt,Gill,0.0,0,0,1,1,0.0,0,,0
"2.6 
6 
Dutt to Gill, SIX runs 
on the charge, belted out of the ground! Actually, it's come back off the roof. Gill signals 
his intent with a scamper down the wicket before pinging the sweetest of lofted mows 
over long-on, a 95m hit 
See all photos 
end of over 311 runs  
IND: 26/0CRR: 8.66  
Shubman Gill9 (6b 1x6) 
Rohit Sharma16 (12b 3x4) 
Aryan Dutt 2-0-22-0 
Logan van Beek 1-0-4-0",2.6,6,6.0,"Dutt to Gill, SIX runs  .on the charge, belted out of the ground! Actually, it's come back off the roof. Gill signals  .his intent with a scamper down the wicket before pinging the sweetest of lofted mows  .over long-on, a 95m hit  .See all photos",Dutt,Gill,6.0,0,1,1,1,6.0,0,,1
"3.1 
• 
van Beek to Rohit Sharma, no run 
back of a length and clipped leg side",3.1,0,0.0,"van Beek to Rohit Sharma, no run  .back of a length and clipped leg side",van Beek,Rohit Sharma,0.0,0,0,1,1,0.0,0,,0
"3.2 
1lb 
van Beek to Rohit Sharma, 1 leg bye 
good length and nibbling back to hit Rohit on the knee roll... big appeal from van Beek 
but no review. Bounced quite a bit, maybe veering down leg",3.2,1lb,1.0,"van Beek to Rohit Sharma, 1 leg bye  .good length and nibbling back to hit Rohit on the knee roll... big appeal from van Beek  .but no review. Bounced quite a bit, maybe veering down leg",van Beek,Rohit Sharma,0.0,0,0,1,1,0.0,0,,0
"3.3 
1 
van Beek to Gill, 1 run 
fuller and driven to mid-on",3.3,1,1.0,"van Beek to Gill, 1 run  .fuller and driven to mid-on",van Beek,Gill,1.0,0,0,1,1,1.0,0,,1
"3.4 
• 
van Beek to Rohit Sharma, no run 
good length and again coming back in to trouble Rohit slightly 
""I wish Rohit would pace himself a little better and get that 200. We've been waiting 
forever."" This is Rohit 2.0 (or should it be 3.0? 4.0?), Caradhras, he goes hard and goes 
early - as Sid Monga sets out",3.4,0,0.0,"van Beek to Rohit Sharma, no run  .good length and again coming back in to trouble Rohit slightly",van Beek,Rohit Sharma,0.0,0,0,1,1,0.0,0,,0
"3.5 
• 
van Beek to Rohit Sharma, no run 
does him for pace looking to heave leg side... offcutter from van Beek, and Rohit takes a 
blow on the groin. India's captain was looking to bash this over the head of the man in 
the deep, in keeping with his new approach 
See all photos 
He's going to need a quick check from the physio here. Count 'em...",3.5,0,0.0,"van Beek to Rohit Sharma, no run  .does him for pace looking to heave leg side... offcutter from van Beek, and Rohit takes a  .blow on the groin. India's captain was looking to bash this over the head of the man in  .the deep, in keeping with his new approach  .See all photos  .He's going to need a quick check from the physio here. Count 'em...",van Beek,Rohit Sharma,0.0,0,0,1,1,0.0,0,,0
"3.6 
1 
van Beek to Rohit Sharma, 1 run 
touch full, again looking for the nibbler back into middle and leg. Rohit tucks this away 
through square for one 
""Forecast will be around 350 and one of will hit double tone today,"" reckons Dave (which 
is not our pet name for Forecaster) 
end of over 43 runs  
IND: 29/0CRR: 7.25  
Rohit Sharma17 (17b 3x4) 
Shubman Gill10 (7b 1x6) 
Logan van Beek 2-0-6-0 
Aryan Dutt 2-0-22-0",3.6,1,1.0,"van Beek to Rohit Sharma, 1 run  .touch full, again looking for the nibbler back into middle and leg. Rohit tucks this away  .through square for one",van Beek,Rohit Sharma,1.0,0,0,1,1,1.0,0,,1
"4.1 
• 
Dutt to Rohit Sharma, no run 
defended into the off side 
""How can Netherland still qualify for Champions trophy?"" A win will do it, Shraif Omar",4.1,0,0.0,"Dutt to Rohit Sharma, no run  .defended into the off side",Dutt,Rohit Sharma,0.0,0,0,1,1,0.0,0,,0
"4.2 
• 
Dutt to Rohit Sharma, no run 
length ball, 95kph on the stumps. Whipped with the turn but straight to midwicket",4.2,0,0.0,"Dutt to Rohit Sharma, no run  .length ball, 95kph on the stumps. Whipped with the turn but straight to midwicket",Dutt,Rohit Sharma,0.0,0,0,1,1,0.0,0,,0
"4.3 
4 
Dutt to Rohit Sharma, FOUR runs 
looped up and bashed through mid-off! Too full, Rohit gets a big stride and launches a 
solid biff back between bowler and the man in the ring",4.3,4,4.0,"Dutt to Rohit Sharma, FOUR runs  .looped up and bashed through mid-off! Too full, Rohit gets a big stride and launches a  .solid biff back between bowler and the man in the ring",Dutt,Rohit Sharma,4.0,1,0,1,1,4.0,0,,1
"4.4 
• 
Dutt to Rohit Sharma, no run 
goes for the reverse-sweep, mistimed... but drops well short of the man at short third",4.4,0,0.0,"Dutt to Rohit Sharma, no run  .goes for the reverse-sweep, mistimed... but drops well short of the man at short third",Dutt,Rohit Sharma,0.0,0,0,1,1,0.0,0,,0
"4.5 
• 
Dutt to Rohit Sharma, no run 
nicely bowled, gets some drop outside off as Rohit comes down, worked across the line 
to midwicket",4.5,0,0.0,"Dutt to Rohit Sharma, no run  .nicely bowled, gets some drop outside off as Rohit comes down, worked across the line  .to midwicket",Dutt,Rohit Sharma,0.0,0,0,1,1,0.0,0,,0
"4.6 
4 
Dutt to Rohit Sharma, FOUR runs 
short and smeared through the covers! Rohits rocks and rolls another heavy cross-
batted riff 
""Ouch!"" chuckles Sajan, ""Van Beek hit Rohit in the Nohit area."" 
end of over 58 runs  
IND: 37/0CRR: 7.40  
Rohit Sharma25 (23b 5x4) 
Shubman Gill10 (7b 1x6) 
Aryan Dutt 3-0-30-0 
Logan van Beek 2-0-6-0",4.6,4,4.0,"Dutt to Rohit Sharma, FOUR runs  .short and smeared through the covers! Rohits rocks and rolls another heavy cross- .batted riff",Dutt,Rohit Sharma,4.0,1,0,1,1,4.0,0,,1
"5.1 
4 
van Beek to Gill, FOUR runs 
helped off the hip through backward square leg, the runs are beginning to flow again. 
Short and short-armed around the corner",5.1,4,4.0,"van Beek to Gill, FOUR runs  .helped off the hip through backward square leg, the runs are beginning to flow again.  .Short and short-armed around the corner",van Beek,Gill,4.0,1,0,1,1,4.0,0,,1
"5.2 
• 
van Beek to Gill, no run 
length ball, he's forward and clips to leg, can't get it through the ring in front of square",5.2,0,0.0,"van Beek to Gill, no run  .length ball, he's forward and clips to leg, can't get it through the ring in front of square",van Beek,Gill,0.0,0,0,1,1,0.0,0,,0
"5.3 
6 
van Beek to Gill, SIX runs 
humped into the boundary boards! Short on the hip and Gill swivels into a swat up and 
over deep backward square leg 
 
IND last 5 ODIs 
MATCHES 
W 
W 
W 
W 
W",5.3,6,6.0,"van Beek to Gill, SIX runs  .humped into the boundary boards! Short on the hip and Gill swivels into a swat up and  .over deep backward square leg  .  .IND last 5 ODIs  .MATCHES  .W  .W  .W  .W  .W",van Beek,Gill,6.0,0,1,1,1,6.0,0,,1
"5.4 
• 
van Beek to Gill, no run 
fired into the pads as Gill looks to come down, doesn't connect swinging to leg",5.4,0,0.0,"van Beek to Gill, no run  .fired into the pads as Gill looks to come down, doesn't connect swinging to leg",van Beek,Gill,0.0,0,0,1,1,0.0,0,,0
"5.5 
2 
van Beek to Gill, 2 runs 
back of a length and pounded through midwicket. Think that was another cutter and he 
had to generate the power, de Leede tracking around in the deep",5.5,2,2.0,"van Beek to Gill, 2 runs  .back of a length and pounded through midwicket. Think that was another cutter and he  .had to generate the power, de Leede tracking around in the deep",van Beek,Gill,2.0,0,0,1,1,2.0,0,,1
"5.6 
4 
van Beek to Gill, FOUR runs 
Licence to Gill! Step and hit over the leg side, one bounce to deep midwicket, third 
boundary of the over. Brings up the India 50 
Arunav: ""Have a gut feeling - India is going to score more than 400."" Forecaster is 
nudging up, 315 now 
end of over 616 runs  
IND: 53/0CRR: 8.83  
Shubman Gill26 (13b 2x4 2x6) 
Rohit Sharma25 (23b 5x4) 
Logan van Beek 3-0-22-0 
Aryan Dutt 3-0-30-0 
First change, Colin Ackermann on",5.6,4,4.0,"van Beek to Gill, FOUR runs  .Licence to Gill! Step and hit over the leg side, one bounce to deep midwicket, third  .boundary of the over. Brings up the India 50",van Beek,Gill,4.0,1,0,1,1,4.0,0,,1
"6.1 
• 
Ackermann to Rohit Sharma, no run 
pushed through and Rohit chops down, gets a thickish inside edge",6.1,0,0.0,"Ackermann to Rohit Sharma, no run  .pushed through and Rohit chops down, gets a thickish inside edge",Ackermann,Rohit Sharma,0.0,0,0,1,1,0.0,0,,0
"6.2 
4 
Ackermann to Rohit Sharma, FOUR runs 
tossed up and blammed through the covers! Room to stretch into a front-foot drive and 
it flies to the rope",6.2,4,4.0,"Ackermann to Rohit Sharma, FOUR runs  .tossed up and blammed through the covers! Room to stretch into a front-foot drive and  .it flies to the rope",Ackermann,Rohit Sharma,4.0,1,0,1,1,4.0,0,,1
"6.3 
• 
Ackermann to Rohit Sharma, no run 
straighter line, 95kph and defended to leg",6.3,0,0.0,"Ackermann to Rohit Sharma, no run  .straighter line, 95kph and defended to leg",Ackermann,Rohit Sharma,0.0,0,0,1,1,0.0,0,,0
"6.4 
6 
Ackermann to Rohit Sharma, SIX runs 
full and hooned into the stands! Tossed up again and Rohit plants the front dog, takes 
Ackermann's gentle offies for a walk over long-on",6.4,6,6.0,"Ackermann to Rohit Sharma, SIX runs  .full and hooned into the stands! Tossed up again and Rohit plants the front dog, takes  .Ackermann's gentle offies for a walk over long-on",Ackermann,Rohit Sharma,6.0,0,1,1,1,6.0,0,,1
"6.5 
• 
Ackermann to Rohit Sharma, no run 
flatter on the stumps and he's back to being watchful 
59 sixes in 2023 for Rohit, breaking AB de Villiers' record",6.5,0,0.0,"Ackermann to Rohit Sharma, no run  .flatter on the stumps and he's back to being watchful  .59 sixes in 2023 for Rohit, breaking AB de Villiers' record",Ackermann,Rohit Sharma,0.0,0,0,1,1,0.0,0,,0
"6.6 
1 
Ackermann to Rohit Sharma, 1 run 
drops back and jabs down to long-on 
My colleague Sampath has this: 13 fifty-plus stands between Rohit and Gill in 20 innings 
in 2023, the joint-most by any pair in a calendar year in men's ODIs. Gilchrist and 
Hayden also had 13 in 26 innings in 2007 
end of over 711 runs  
IND: 64/0CRR: 9.14  
Rohit Sharma36 (29b 6x4 1x6) 
Shubman Gill26 (13b 2x4 2x6) 
Colin Ackermann 1-0-11-0 
Logan van Beek 3-0-22-0 
Paul van Meekeren on for van Beek",6.6,1,1.0,"Ackermann to Rohit Sharma, 1 run  .drops back and jabs down to long-on  .My colleague Sampath has this: 13 fifty-plus stands between Rohit and Gill in 20 innings  .in 2023, the joint-most by any pair in a calendar year in men's ODIs. Gilchrist and  .Hayden also had 13 in 26 innings in 2007",Ackermann,Rohit Sharma,1.0,0,0,1,1,1.0,0,,1
"7.1 
1 
van Meekeren to Rohit Sharma, 1 run 
back of a length and worked off the hip into the leg side",7.1,1,1.0,"van Meekeren to Rohit Sharma, 1 run  .back of a length and worked off the hip into the leg side",van Meekeren,Rohit Sharma,1.0,0,0,1,1,1.0,0,,1
"7.2 
• 
van Meekeren to Gill, no run 
into the body and glanced towards short fine",7.2,0,0.0,"van Meekeren to Gill, no run  .into the body and glanced towards short fine",van Meekeren,Gill,0.0,0,0,1,1,0.0,0,,0
"7.3 
• 
van Meekeren to Gill, no run 
full and pinged straight back into the stumps - leaves Rohit on his belly as he dives for 
safety",7.3,0,0.0,"van Meekeren to Gill, no run  .full and pinged straight back into the stumps - leaves Rohit on his belly as he dives for  .safety",van Meekeren,Gill,0.0,0,0,1,1,0.0,0,,0
"7.4 
2 
van Meekeren to Gill, 2 runs 
short ball hacked over the covers, cross-batted and he doesn't get all of it. Enough to 
clear the men in the ring for a couple",7.4,2,2.0,"van Meekeren to Gill, 2 runs  .short ball hacked over the covers, cross-batted and he doesn't get all of it. Enough to  .clear the men in the ring for a couple",van Meekeren,Gill,2.0,0,0,1,1,2.0,0,,1
"7.5 
• 
van Meekeren to Gill, no run 
back of a length outside off, 139kph and chopped to backward point",7.5,0,0.0,"van Meekeren to Gill, no run  .back of a length outside off, 139kph and chopped to backward point",van Meekeren,Gill,0.0,0,0,1,1,0.0,0,,0
"7.6 
6 
van Meekeren to Gill, SIX runs 
short and cracked flat over midwicket for six! Gill steps into a merciless swipe to leg 
and sends the ball thundering into the boundary boards again 
""Forecaster seems to be incorrect by at least 100 runs."" Really, Lg. I think India will get 
more than 225 
end of over 89 runs  
IND: 73/0CRR: 9.12  
Shubman Gill34 (18b 2x4 3x6) 
Rohit Sharma37 (30b 6x4 1x6) 
Paul van Meekeren 1-0-9-0 
Colin Ackermann 1-0-11-0 
Right, the Dutch need some bite here. Time for the Bulldog, Roelof van der Merwe on",7.6,6,6.0,"van Meekeren to Gill, SIX runs  .short and cracked flat over midwicket for six! Gill steps into a merciless swipe to leg  .and sends the ball thundering into the boundary boards again",van Meekeren,Gill,6.0,0,1,1,1,6.0,0,,1
"8.1 
• 
van der Merwe to Rohit Sharma, no run 
round the wicket, looped up on off. Blocked",8.1,0,0.0,"van der Merwe to Rohit Sharma, no run  .round the wicket, looped up on off. Blocked",van der Merwe,Rohit Sharma,0.0,0,0,1,1,0.0,0,,0
"8.2 
4 
van der Merwe to Rohit Sharma, FOUR runs 
miscued over the head of mid-on! ""Catch! Caaaaatch"" was the cry from RvdM but Rohit 
got just enough of this as he advanced down the track",8.2,4,4.0,"van der Merwe to Rohit Sharma, FOUR runs",van der Merwe,Rohit Sharma,4.0,1,0,1,1,4.0,0,,1
"8.3 
• 
van der Merwe to Rohit Sharma, no run 
full toss outside off, slapped straight to cover",8.3,0,0.0,"van der Merwe to Rohit Sharma, no run  .full toss outside off, slapped straight to cover",van der Merwe,Rohit Sharma,0.0,0,0,1,1,0.0,0,,0
"8.4 
1 
van der Merwe to Rohit Sharma, 1 run 
flighted, 88kph and drifting in with the arm, nudged off the toes into the leg side",8.4,1,1.0,"van der Merwe to Rohit Sharma, 1 run  .flighted, 88kph and drifting in with the arm, nudged off the toes into the leg side",van der Merwe,Rohit Sharma,1.0,0,0,1,1,1.0,0,,1
"8.5 
• 
van der Merwe to Gill, no run 
hits a good length, smidge of turn, defended into the off side",8.5,0,0.0,"van der Merwe to Gill, no run  .hits a good length, smidge of turn, defended into the off side",van der Merwe,Gill,0.0,0,0,1,1,0.0,0,,0
"8.6 
1 
van der Merwe to Gill, 1 run 
quicker pace on off stump, 93kph and bunted down to long-off 
end of over 96 runs  
IND: 79/0CRR: 8.77  
Shubman Gill35 (20b 2x4 3x6) 
Rohit Sharma42 (34b 7x4 1x6) 
Roelof van der Merwe 1-0-6-0 
Paul van Meekeren 1-0-9-0",8.6,1,1.0,"van der Merwe to Gill, 1 run  .quicker pace on off stump, 93kph and bunted down to long-off",van der Merwe,Gill,1.0,0,0,1,1,1.0,0,,1
"9.1 
6 
van Meekeren to Gill, SIX runs 
lamped over long-on! Gill steps into a perfectly respectable length ball and powers it up 
and over the ropes",9.1,6,6.0,"van Meekeren to Gill, SIX runs  .lamped over long-on! Gill steps into a perfectly respectable length ball and powers it up  .and over the ropes",van Meekeren,Gill,6.0,0,1,1,1,6.0,0,,1
"9.2 
• 
van Meekeren to Gill, no run 
good length, tucked down to leg",9.2,0,0.0,"van Meekeren to Gill, no run  .good length, tucked down to leg",van Meekeren,Gill,0.0,0,0,1,1,0.0,0,,0
"9.3 
• 
van Meekeren to Gill, no run 
goes full and straight at 139kpoh, dug out towards mid-on 
""Shubman seems to taken a leaf out of the Rohit playbook. This is quite important for 
India as in the knock outs, the opponents need to be wary of both, not just Rohit. Hope 
these 2 can carry on in this vein for a long while."" He's seen his captain and raised him 
so far, Shirish",9.3,0,0.0,"van Meekeren to Gill, no run  .goes full and straight at 139kpoh, dug out towards mid-on",van Meekeren,Gill,0.0,0,0,1,1,0.0,0,,0
"9.4 
4 
van Meekeren to Gill, FOUR runs 
banged in and collared again, there's a man back at long-on but Gill short-arm jabs it so 
firmly to his right he can't get across",9.4,4,4.0,"van Meekeren to Gill, FOUR runs  .banged in and collared again, there's a man back at long-on but Gill short-arm jabs it so  .firmly to his right he can't get across",van Meekeren,Gill,4.0,1,0,1,1,4.0,0,,1
"9.5 
2 
van Meekeren to Gill, 2 runs 
short and he goes after it again, this one is miscued over backward square leg but 
bounces away safely 
 
NED in Powerplay overs (in World Cup 2023) 
INNS 
9 
WKTS 
12 
ECON 
5.82 
AVE 
43.66",9.5,2,2.0,"van Meekeren to Gill, 2 runs  .short and he goes after it again, this one is miscued over backward square leg but  .bounces away safely  .  .NED in Powerplay overs (in World Cup 2023)  .INNS  .9  .WKTS  .12  .ECON  .5.82  .AVE  .43.66",van Meekeren,Gill,2.0,0,0,1,1,2.0,0,,1
"9.6 
• 
van Meekeren to Gill, no run 
short of a length outside off, chopped into the point region. Brings a close to an 
explosive first powerplay in which India have racked up 91 for 0 without breaking sweat 
""Gill has become a beast in ODIs. How many did he hit in 2023? Stats available? Hi 
Sampath!"" I can do that one myself, Shaik 
end of over 1012 runs  
IND: 91/0CRR: 9.10  
Shubman Gill47 (26b 3x4 4x6) 
Rohit Sharma42 (34b 7x4 1x6) 
Paul van Meekeren 2-0-21-0 
Roelof van der Merwe 1-0-6-0 
Roela continues, four men allowed out now. Can Netherlands stem the bleeding?",9.6,0,0.0,"van Meekeren to Gill, no run  .short of a length outside off, chopped into the point region. Brings a close to an  .explosive first powerplay in which India have racked up 91 for 0 without breaking sweat",van Meekeren,Gill,0.0,0,0,1,1,0.0,0,,0
"10.1 
1 
van der Merwe to Rohit Sharma, 1 run 
looped up full, clipped down to long-on",10.1,1,1.0,"van der Merwe to Rohit Sharma, 1 run  .looped up full, clipped down to long-on",van der Merwe,Rohit Sharma,1.0,0,0,1,1,1.0,0,,1
"10.2 
1 
van der Merwe to Gill, 1 run 
full outside off and stroked through the covers for one more",10.2,1,1.0,"van der Merwe to Gill, 1 run  .full outside off and stroked through the covers for one more",van der Merwe,Gill,1.0,0,0,1,1,1.0,0,,1
"10.3 
• 
van der Merwe to Rohit Sharma, no run 
defended back to the bowler",10.3,0,0.0,"van der Merwe to Rohit Sharma, no run  .defended back to the bowler",van der Merwe,Rohit Sharma,0.0,0,0,1,1,0.0,0,,0
"10.4 
1 
van der Merwe to Rohit Sharma, 1 run 
fired in flat on middle and leg, 93kph and swept firmly. Just one to deep square leg",10.4,1,1.0,"van der Merwe to Rohit Sharma, 1 run  .fired in flat on middle and leg, 93kph and swept firmly. Just one to deep square leg",van der Merwe,Rohit Sharma,1.0,0,0,1,1,1.0,0,,1
"10.5 
• 
van der Merwe to Gill, no run 
full and flighted, drifting in on the stumps. Gill defends",10.5,0,0.0,"van der Merwe to Gill, no run  .full and flighted, drifting in on the stumps. Gill defends",van der Merwe,Gill,0.0,0,0,1,1,0.0,0,,0
"10.6 
1 
van der Merwe to Gill, 1 run 
pushed through and driven into the cover region 
in this World Cup - 3 times (2 times batting first) 
Before this World Cup - 4 times (2 times batting first) 
India scoring 90+ runs in first ten overs in men's ODIs (since 2002): 
Sampath Bandarupalli now has this for us: 
end of over 114 runs  
IND: 95/0CRR: 8.63  
Shubman Gill49 (29b 3x4 4x6) 
Rohit Sharma44 (37b 7x4 1x6) 
Roelof van der Merwe 2-0-10-0 
Paul van Meekeren 2-0-21-0 
""My projection is 425-450. What is yours?"" Well, Forecaster knows more about these 
things than me, Abbas - and it's stubbornly sticking at around the 330 mark",10.6,1,1.0,"van der Merwe to Gill, 1 run  .pushed through and driven into the cover region  .in this World Cup - 3 times (2 times batting first)  .Before this World Cup - 4 times (2 times batting first)  .India scoring 90+ runs in first ten overs in men's ODIs (since 2002):  .Sampath Bandarupalli now has this for us:",van der Merwe,Gill,1.0,0,0,1,1,1.0,0,,1
"11.1 
1w 
van Meekeren to Gill, 1 wide 
banged in very short, trampoline bounce over the batter's head. Great take by Edwards 
to prevent further damage",11.1,1w,1.0,"van Meekeren to Gill, 1 wide  .banged in very short, trampoline bounce over the batter's head. Great take by Edwards  .to prevent further damage",van Meekeren,Gill,0.0,0,0,0,0,1.0,0,,1
"11.1 
1 
van Meekeren to Gill, 1 run 
full toss, whipped through mid-on to the man back. The stadium roars for Gill's fifty, 
from just 30 balls 
See all photos",11.1,1,1.0,"van Meekeren to Gill, 1 run  .full toss, whipped through mid-on to the man back. The stadium roars for Gill's fifty,  .from just 30 balls  .See all photos",van Meekeren,Gill,1.0,0,0,1,1,1.0,0,,1
"11.2 
1 
van Meekeren to Rohit Sharma, 1 run 
full, straight and clipped through backward square leg",11.2,1,1.0,"van Meekeren to Rohit Sharma, 1 run  .full, straight and clipped through backward square leg",van Meekeren,Rohit Sharma,1.0,0,0,1,1,1.0,0,,1
"11.3 
1 
van Meekeren to Gill, 1 run 
pitched up, 139kph and drilled down to long-on 
Pk: ""Rohit Sharma has made such a difference. Although he hasn't made the most runs 
for this Indian team, he has got them off to tremendous starts. Hope to see a Rohit 
special today!"" Yep, see the Sid Monga article I posted a link to earlier",11.3,1,1.0,"van Meekeren to Gill, 1 run  .pitched up, 139kph and drilled down to long-on",van Meekeren,Gill,1.0,0,0,1,1,1.0,0,,1
"11.4 
1 
van Meekeren to Rohit Sharma, 1 run 
back of a length and dabbed behind square on the off side. India raise their 100 in the 
12th over, to a ripple of applause this time",11.4,1,1.0,"van Meekeren to Rohit Sharma, 1 run  .back of a length and dabbed behind square on the off side. India raise their 100 in the  .12th over, to a ripple of applause this time",van Meekeren,Rohit Sharma,1.0,0,0,1,1,1.0,0,,1
"11.5 
W 
van Meekeren to Gill, OUT 
hooked straight to deep backward square leg! There's an audible sigh as Nidmanuru 
clings on, and that is that for Gill today. Fantastic catch, leaping to take it with both 
hands above his head right on the rope, then holding his balance until certain he won't 
topple back. Netherlands finally have the breakthrough 
Shubman Gill c Nidamanuru b van Meekeren 51 (32b 3x4 4x6 49m) SR: 159.37 
See all photos 
And the noise suddenly goes up a few notches as Virat Kohli sets foot on the 
Chinnaswamy greensward...",11.5,W,0.0,"van Meekeren to Gill, OUT  .hooked straight to deep backward square leg! There's an audible sigh as Nidmanuru  .clings on, and that is that for Gill today. Fantastic catch, leaping to take it with both  .hands above his head right on the rope, then holding his balance until certain he won't  .topple back. Netherlands finally have the breakthrough  .Shubman Gill c Nidamanuru b van Meekeren 51 (32b 3x4 4x6 49m) SR: 159.37",van Meekeren,Gill,0.0,0,0,1,1,0.0,1,c Nidamanuru b van Meekeren,0
"11.6 
• 
van Meekeren to Kohli, no run 
top of off stump, 136kph and jabbed with predatory intent towards mid-on 
end of over 125 runs • 1 wicket 
IND: 100/1CRR: 8.33  
Virat Kohli0 (1b) 
Rohit Sharma46 (39b 7x4 1x6) 
Paul van Meekeren 3-0-26-1 
Roelof van der Merwe 2-0-10-0 
""The forecaster knows more? Well, tell the forecaster that it doesn't know about Rohit."" 
I'm not sure sledging an algorithm will have much effect, Nelson Joseph",11.6,0,0.0,"van Meekeren to Kohli, no run  .top of off stump, 136kph and jabbed with predatory intent towards mid-on",van Meekeren,Kohli,0.0,0,0,1,1,0.0,0,,0
"12.1 
1 
van der Merwe to Rohit Sharma, 1 run 
tossed up and driven through the covers 
Slip for Kohli",12.1,1,1.0,"van der Merwe to Rohit Sharma, 1 run  .tossed up and driven through the covers  .Slip for Kohli",van der Merwe,Rohit Sharma,1.0,0,0,1,1,1.0,0,,1
"12.2 
1 
van der Merwe to Kohli, 1 run 
flattish outside off, 92kph and cut firmly out to deep point for his first run",12.2,1,1.0,"van der Merwe to Kohli, 1 run  .flattish outside off, 92kph and cut firmly out to deep point for his first run",van der Merwe,Kohli,1.0,0,0,1,1,1.0,0,,1
"12.3 
• 
van der Merwe to Rohit Sharma, no run 
flighted, sidling in with the arm and defended on off stump",12.3,0,0.0,"van der Merwe to Rohit Sharma, no run  .flighted, sidling in with the arm and defended on off stump",van der Merwe,Rohit Sharma,0.0,0,0,1,1,0.0,0,,0
"12.4 
1 
van der Merwe to Rohit Sharma, 1 run 
goes back and across and steers one into the off side 
RM: ""I think looking at the data from the tournament so far, the score predictor has 
learned that scoring at 8-9 RPO early on won't get you to 400. Trust the technology I 
guess?"" As with everything in our lives now, the machines know best",12.4,1,1.0,"van der Merwe to Rohit Sharma, 1 run  .goes back and across and steers one into the off side",van der Merwe,Rohit Sharma,1.0,0,0,1,1,1.0,0,,1
"12.5 
• 
van der Merwe to Kohli, no run 
defended back down the track",12.5,0,0.0,"van der Merwe to Kohli, no run  .defended back down the track",van der Merwe,Kohli,0.0,0,0,1,1,0.0,0,,0
"12.6 
1 
van der Merwe to Kohli, 1 run 
very full, left-arm loopy at 81kph, dug out through mid-on 
end of over 134 runs  
IND: 104/1CRR: 8.00  
Virat Kohli2 (4b) 
Rohit Sharma48 (42b 7x4 1x6) 
Roelof van der Merwe 3-0-14-0 
Paul van Meekeren 3-0-26-1 
Here's Vinit : ""Television forecaster is showing 404 (may be not found) while 
ESPNcricinfo is showing 321. Let's see who wins."" It's sniffily dropped to 319 now",12.6,1,1.0,"van der Merwe to Kohli, 1 run  .very full, left-arm loopy at 81kph, dug out through mid-on",van der Merwe,Kohli,1.0,0,0,1,1,1.0,0,,1
"13.1 
• 
van Meekeren to Kohli, no run 
back of a length, Kohli drops watchfully into the point region",13.1,0,0.0,"van Meekeren to Kohli, no run  .back of a length, Kohli drops watchfully into the point region",van Meekeren,Kohli,0.0,0,0,1,1,0.0,0,,0
"13.2 
• 
van Meekeren to Kohli, no run 
shortish, 136kph and coming back in on off, steered towards backward point",13.2,0,0.0,"van Meekeren to Kohli, no run  .shortish, 136kph and coming back in on off, steered towards backward point",van Meekeren,Kohli,0.0,0,0,1,1,0.0,0,,0
"13.3 
• 
van Meekeren to Kohli, no run 
short and into the hip, Kohli swings across it but fails to connect",13.3,0,0.0,"van Meekeren to Kohli, no run  .short and into the hip, Kohli swings across it but fails to connect",van Meekeren,Kohli,0.0,0,0,1,1,0.0,0,,0
"13.4 
1 
van Meekeren to Kohli, 1 run 
banged in and Kohli pulls without timing, bouncing away towards fine leg 
""Don't knock it : Sledging is about all we humans have got against the looming spectre 
of AI."" Good point, Andy C",13.4,1,1.0,"van Meekeren to Kohli, 1 run  .banged in and Kohli pulls without timing, bouncing away towards fine leg",van Meekeren,Kohli,1.0,0,0,1,1,1.0,0,,1
"13.5 
• 
van Meekeren to Rohit Sharma, no run 
fuller on off, prodded back to the bowler 
 
Virat Kohli in World Cup 2023 
INNS 
9 
RUNS 
545 
SR 
87.76 
AVE 
109.00 
HS 
103*",13.5,0,0.0,"van Meekeren to Rohit Sharma, no run  .fuller on off, prodded back to the bowler  .  .Virat Kohli in World Cup 2023  .INNS  .9  .RUNS  .545  .SR  .87.76  .AVE  .109.00  .HS  .103*",van Meekeren,Rohit Sharma,0.0,0,0,1,1,0.0,0,,0
"13.6 
4 
van Meekeren to Rohit Sharma, FOUR runs 
creamed through the covers, fifty up for the skipper! Superbly played, threads the gap 
between extra cover and mid-off. India's first boundary since the start of the second 
powerplay 
See all photos 
Netherlands dragging this back pretty well, that four notwithstanding 
end of over 145 runs  
IND: 109/1CRR: 7.78  
Rohit Sharma52 (44b 8x4 1x6) 
Virat Kohli3 (8b) 
Paul van Meekeren 4-0-31-1 
Roelof van der Merwe 3-0-14-0",13.6,4,4.0,"van Meekeren to Rohit Sharma, FOUR runs  .creamed through the covers, fifty up for the skipper! Superbly played, threads the gap  .between extra cover and mid-off. India's first boundary since the start of the second  .powerplay  .See all photos  .Netherlands dragging this back pretty well, that four notwithstanding",van Meekeren,Rohit Sharma,4.0,1,0,1,1,4.0,0,,1
"14.1 
1 
van der Merwe to Kohli, 1 run 
floated up full into the blockhole, bunted down to long-on",14.1,1,1.0,"van der Merwe to Kohli, 1 run  .floated up full into the blockhole, bunted down to long-on",van der Merwe,Kohli,1.0,0,0,1,1,1.0,0,,1
"14.2 
6 
van der Merwe to Rohit Sharma, SIX runs 
casually slog-swept for six! Just stretches out, like a bear reaching for a pot of honey. 
Lifted up and over backward square leg and lands it flush on the boundary cushion",14.2,6,6.0,"van der Merwe to Rohit Sharma, SIX runs  .casually slog-swept for six! Just stretches out, like a bear reaching for a pot of honey.  .Lifted up and over backward square leg and lands it flush on the boundary cushion",van der Merwe,Rohit Sharma,6.0,0,1,1,1,6.0,0,,1
"14.3 
• 
van der Merwe to Rohit Sharma, no run 
flighted, RvdM keeps tossing it up, 83kph on middle and leg. Blocked",14.3,0,0.0,"van der Merwe to Rohit Sharma, no run  .flighted, RvdM keeps tossing it up, 83kph on middle and leg. Blocked",van der Merwe,Rohit Sharma,0.0,0,0,1,1,0.0,0,,0
"14.4 
1 
van der Merwe to Rohit Sharma, 1 run 
goes back and punches through the covers",14.4,1,1.0,"van der Merwe to Rohit Sharma, 1 run  .goes back and punches through the covers",van der Merwe,Rohit Sharma,1.0,0,0,1,1,1.0,0,,1
"14.5 
1 
van der Merwe to Kohli, 1 run 
worked away into the leg side 
""Hey Alan.. I know that you won't post my comment but for the record, I called it first!! 
We are going to see another 200 from Rohit in Chinnaswamy today!! And also Virat's 
record breaking 50th 100 in his 'adopted' home ground!!"" Sure I'll post it, Vishak. But 
you'll have to accept the jinx pelters if and when they come",14.5,1,1.0,"van der Merwe to Kohli, 1 run  .worked away into the leg side",van der Merwe,Kohli,1.0,0,0,1,1,1.0,0,,1
"14.6 
1 
van der Merwe to Rohit Sharma, 1 run 
lobbed up in the channel outside off, steered through the covers to the sweeper 
end of over 1510 runs  
IND: 119/1CRR: 7.93  
Rohit Sharma60 (48b 8x4 2x6) 
Virat Kohli5 (10b) 
Roelof van der Merwe 4-0-24-0 
Paul van Meekeren 4-0-31-1 
Bas de Leede on for van Meekeren",14.6,1,1.0,"van der Merwe to Rohit Sharma, 1 run  .lobbed up in the channel outside off, steered through the covers to the sweeper",van der Merwe,Rohit Sharma,1.0,0,0,1,1,1.0,0,,1
"15.1 
1w 
de Leede to Rohit Sharma, 1 wide 
back of a length and veering down the leg side 
Yuvraj: ""400 is definitely on the cards if Rohit stays there! We can get some Surya magic 
in the end!""",15.1,1w,1.0,"de Leede to Rohit Sharma, 1 wide  .back of a length and veering down the leg side",de Leede,Rohit Sharma,0.0,0,0,0,0,1.0,0,,1
"15.1 
• 
de Leede to Rohit Sharma, no run 
length ball nips into the pads, de Leede not hugely interested. Probably going down leg",15.1,0,0.0,"de Leede to Rohit Sharma, no run  .length ball nips into the pads, de Leede not hugely interested. Probably going down leg",de Leede,Rohit Sharma,0.0,0,0,1,1,0.0,0,,0
"15.2 
1 
de Leede to Rohit Sharma, 1 run 
pitched up and punched down to long-on",15.2,1,1.0,"de Leede to Rohit Sharma, 1 run  .pitched up and punched down to long-on",de Leede,Rohit Sharma,1.0,0,0,1,1,1.0,0,,1
"15.3 
• 
de Leede to Kohli, no run 
advances to smash down the ground, falls just short of mid-off! Hearts in mouths at 
the Chinnaswamy. Very good diving effort from Shariz Ahmad, the sub fielder, but it 
landed a yard or two in front of him",15.3,0,0.0,"de Leede to Kohli, no run  .advances to smash down the ground, falls just short of mid-off! Hearts in mouths at  .the Chinnaswamy. Very good diving effort from Shariz Ahmad, the sub fielder, but it  .landed a yard or two in front of him",de Leede,Kohli,0.0,0,0,1,1,0.0,0,,0
"15.4 
• 
de Leede to Kohli, no run 
length ball, poked into the covers",15.4,0,0.0,"de Leede to Kohli, no run  .length ball, poked into the covers",de Leede,Kohli,0.0,0,0,1,1,0.0,0,,0
"15.5 
1 
de Leede to Kohli, 1 run 
shortish, 135kph on the hip and worked to square leg",15.5,1,1.0,"de Leede to Kohli, 1 run  .shortish, 135kph on the hip and worked to square leg",de Leede,Kohli,1.0,0,0,1,1,1.0,0,,1
"15.6 
• 
de Leede to Rohit Sharma, no run 
full on fourth stump, hint of swing and Rohit defends 
Here's Andy C with a stat attack: ""Rohit now has both most sixes (24 two ahead of Maxi 
albeit in 2 innings more) and most fours (58 one ahead of QDK) in the tournament and 
with that latest four is fourth man to 500 runs"" 
end of over 163 runs  
IND: 122/1CRR: 7.62  
Rohit Sharma61 (51b 8x4 2x6) 
Virat Kohli6 (13b) 
Bas de Leede 1-0-3-0 
Roelof van der Merwe 4-0-24-0",15.6,0,0.0,"de Leede to Rohit Sharma, no run  .full on fourth stump, hint of swing and Rohit defends",de Leede,Rohit Sharma,0.0,0,0,1,1,0.0,0,,0
"16.1 
• 
van der Merwe to Kohli, no run 
floated up and swatted into the covers. Leaping stop at extra",16.1,0,0.0,"van der Merwe to Kohli, no run  .floated up and swatted into the covers. Leaping stop at extra",van der Merwe,Kohli,0.0,0,0,1,1,0.0,0,,0
"16.2 
• 
van der Merwe to Kohli, no run 
punched back to the bowler",16.2,0,0.0,"van der Merwe to Kohli, no run  .punched back to the bowler",van der Merwe,Kohli,0.0,0,0,1,1,0.0,0,,0
"16.3 
• 
van der Merwe to Kohli, no run 
slows it up, 84kph and turning on leg stump, hits the front pad... Edwards growls a 
guttural appeal, but there's no impetus to review",16.3,0,0.0,"van der Merwe to Kohli, no run  .slows it up, 84kph and turning on leg stump, hits the front pad... Edwards growls a  .guttural appeal, but there's no impetus to review",van der Merwe,Kohli,0.0,0,0,1,1,0.0,0,,0
"16.4 
1 
van der Merwe to Kohli, 1 run 
full outside off and thrashed away through backward point 
""Is no one going to comment on how much Kohli is struggling right now?"" Looks like 
you're the man, IS. To be fair, he's only just got out there",16.4,1,1.0,"van der Merwe to Kohli, 1 run  .full outside off and thrashed away through backward point",van der Merwe,Kohli,1.0,0,0,1,1,1.0,0,,1
"16.5 
• 
van der Merwe to Rohit Sharma, no run 
floated up and clipped back to the bowler",16.5,0,0.0,"van der Merwe to Rohit Sharma, no run  .floated up and clipped back to the bowler",van der Merwe,Rohit Sharma,0.0,0,0,1,1,0.0,0,,0
"16.6 
• 
van der Merwe to Rohit Sharma, no run 
quicker in the channel and this skids through past the top edge with Rohit looking to 
cut. Roela likes that, ohyeshedoes! 
Time for drinks in Bengaluru. Here's Ashish again to take your orders 
end of over 171 run  
IND: 123/1CRR: 7.23  
Rohit Sharma61 (53b 8x4 2x6) 
Virat Kohli7 (17b) 
Roelof van der Merwe 5-0-25-0 
Bas de Leede 1-0-3-0 
Thanks, Alan. Lucky break for Kohli. Can he make the most of this and reach that 50th 
ton? The scoring has come down since Gill's wicket, but the platform has been set. 
Jorin: ""What's Van De Merwe doing differently. Seems like he's bowling on a completely 
different pitch."" The lengths have been immaculate and also the speed variations.",16.6,0,0.0,"van der Merwe to Rohit Sharma, no run  .quicker in the channel and this skids through past the top edge with Rohit looking to  .cut. Roela likes that, ohyeshedoes!  .Time for drinks in Bengaluru. Here's Ashish again to take your orders",van der Merwe,Rohit Sharma,0.0,0,0,1,1,0.0,0,,0
"17.1 
• 
de Leede to Kohli, no run 
Slower offcutter outside off, he slaps it to extra cover, who dives to his right and 
intercepts",17.1,0,0.0,"de Leede to Kohli, no run  .Slower offcutter outside off, he slaps it to extra cover, who dives to his right and  .intercepts",de Leede,Kohli,0.0,0,0,1,1,0.0,0,,0
"17.2 
4 
de Leede to Kohli, FOUR runs 
Whipped with disdain! On a good length on off stump, he gets across and hacks him 
behind square for a four.",17.2,4,4.0,"de Leede to Kohli, FOUR runs  .Whipped with disdain! On a good length on off stump, he gets across and hacks him  .behind square for a four.",de Leede,Kohli,4.0,1,0,1,1,4.0,0,,1
"17.3 
1w 
de Leede to Kohli, 1 wide 
Shimmies down the track but the line is full and down leg, called a wide",17.3,1w,1.0,"de Leede to Kohli, 1 wide  .Shimmies down the track but the line is full and down leg, called a wide",de Leede,Kohli,0.0,0,0,0,0,1.0,0,,1
"17.3 
1 
de Leede to Kohli, 1 run 
On the bounce to deep midwicket. That was a back of a length ball on and around off 
stump. He mistimes his bottom-hand pull but the ball does not carry to the fielder 
 
Rohit Sharma in World Cup 2023 
INNS 
9 
RUNS 
503 
SR 
121.49 
AVE 
55.88 
HS 
131",17.3,1,1.0,"de Leede to Kohli, 1 run  .On the bounce to deep midwicket. That was a back of a length ball on and around off  .stump. He mistimes his bottom-hand pull but the ball does not carry to the fielder  .  .Rohit Sharma in World Cup 2023  .INNS  .9  .RUNS  .503  .SR  .121.49  .AVE  .55.88  .HS  .131",de Leede,Kohli,1.0,0,0,1,1,1.0,0,,1
"17.4 
W 
de Leede to Rohit Sharma, OUT 
Straight to wide long-on. Rohit falls and Netherlands continue to chip away. Hustling 
back of a length ball on the off stump. Rohit goes for a pull but is sort of rushed into the 
shot. Gets it high on the bat as the ball goes to Barresi, who ain't dropping those. 
Rohit Sharma c Barresi b de Leede 61 (54b 8x4 2x6 74m) SR: 112.96 
Shreyas Iyer comes in at No. 4",17.4,W,0.0,"de Leede to Rohit Sharma, OUT  .Straight to wide long-on. Rohit falls and Netherlands continue to chip away. Hustling  .back of a length ball on the off stump. Rohit goes for a pull but is sort of rushed into the  .shot. Gets it high on the bat as the ball goes to Barresi, who ain't dropping those.  .Rohit Sharma c Barresi b de Leede 61 (54b 8x4 2x6 74m) SR: 112.96",de Leede,Rohit Sharma,0.0,0,0,1,1,0.0,1,c Barresi b de Leede,0
"17.5 
• 
de Leede to Shreyas Iyer, no run 
Fuller and on the stumps, he pushes to extra cover",17.5,0,0.0,"de Leede to Shreyas Iyer, no run  .Fuller and on the stumps, he pushes to extra cover",de Leede,Shreyas Iyer,0.0,0,0,1,1,0.0,0,,0
"17.6 
1 
de Leede to Shreyas Iyer, 1 run 
On a length outside off, he drives with a slight open face to deep cover for a run 
15 wickets for Bas de Leede in this World Cup campaign. Goes his father's Tim de 
Leede's record 
end of over 187 runs • 1 wicket 
IND: 130/2CRR: 7.22  
Shreyas Iyer1 (2b) 
Virat Kohli12 (20b 1x4) 
Bas de Leede 2-0-10-1 
Roelof van der Merwe 5-0-25-0",17.6,1,1.0,"de Leede to Shreyas Iyer, 1 run  .On a length outside off, he drives with a slight open face to deep cover for a run  .15 wickets for Bas de Leede in this World Cup campaign. Goes his father's Tim de  .Leede's record",de Leede,Shreyas Iyer,1.0,0,0,1,1,1.0,0,,1
"18.1 
1 
Dutt to Shreyas Iyer, 1 run 
Quicker on off and middle, he gets back and across and pats it to the right of his partner 
to long-on",18.1,1,1.0,"Dutt to Shreyas Iyer, 1 run  .Quicker on off and middle, he gets back and across and pats it to the right of his partner  .to long-on",Dutt,Shreyas Iyer,1.0,0,0,1,1,1.0,0,,1
"18.2 
1 
Dutt to Kohli, 1 run 
A touch slower through the air, around 86.5 kph just outside off, he goes back and turns 
it to deep midwicket",18.2,1,1.0,"Dutt to Kohli, 1 run  .A touch slower through the air, around 86.5 kph just outside off, he goes back and turns  .it to deep midwicket",Dutt,Kohli,1.0,0,0,1,1,1.0,0,,1
"18.3 
• 
Dutt to Shreyas Iyer, no run 
Flatter outside off, he gets across and works it to short midwicket who does well to his 
right",18.3,0,0.0,"Dutt to Shreyas Iyer, no run  .Flatter outside off, he gets across and works it to short midwicket who does well to his  .right",Dutt,Shreyas Iyer,0.0,0,0,1,1,0.0,0,,0
"18.4 
• 
Dutt to Shreyas Iyer, no run 
Beaten outside off. Arm ball that skids quickly as Iyer half-heartedly drives, only to get 
beaten",18.4,0,0.0,"Dutt to Shreyas Iyer, no run  .Beaten outside off. Arm ball that skids quickly as Iyer half-heartedly drives, only to get  .beaten",Dutt,Shreyas Iyer,0.0,0,0,1,1,0.0,0,,0
"18.5 
1 
Dutt to Shreyas Iyer, 1 run 
Shuffles around the crease looking to disrupt the bowler's length. Dutt fires it in on off 
stump as Iyer pushes to long on",18.5,1,1.0,"Dutt to Shreyas Iyer, 1 run  .Shuffles around the crease looking to disrupt the bowler's length. Dutt fires it in on off  .stump as Iyer pushes to long on",Dutt,Shreyas Iyer,1.0,0,0,1,1,1.0,0,,1
"18.6 
• 
Dutt to Kohli, no run 
Beaten again. Kohli tries to get a little cute and almost loses his wicket. That was 
bowler slightly slower outside off. Kohli stays back and looks to dab it fine, is lucky to 
not get an edge on that 
end of over 193 runs  
IND: 133/2CRR: 7.00  
Virat Kohli13 (22b 1x4) 
Shreyas Iyer3 (6b) 
Aryan Dutt 4-0-33-0 
Bas de Leede 2-0-10-1",18.6,0,0.0,"Dutt to Kohli, no run  .Beaten again. Kohli tries to get a little cute and almost loses his wicket. That was  .bowler slightly slower outside off. Kohli stays back and looks to dab it fine, is lucky to  .not get an edge on that",Dutt,Kohli,0.0,0,0,1,1,0.0,0,,0
"19.1 
1 
de Leede to Shreyas Iyer, 1 run 
back of a length ball on off and middle, he gets in position to play the pull and gets it to 
deep midwicket",19.1,1,1.0,"de Leede to Shreyas Iyer, 1 run  .back of a length ball on off and middle, he gets in position to play the pull and gets it to  .deep midwicket",de Leede,Shreyas Iyer,1.0,0,0,1,1,1.0,0,,1
"19.2 
1 
de Leede to Kohli, 1 run 
On a length on off stump, he waits for the ball and wrists it to deep backward square 
leg. Looks for a second, not on though",19.2,1,1.0,"de Leede to Kohli, 1 run  .On a length on off stump, he waits for the ball and wrists it to deep backward square  .leg. Looks for a second, not on though",de Leede,Kohli,1.0,0,0,1,1,1.0,0,,1
"19.3 
1w 
de Leede to Shreyas Iyer, 1 wide 
Attempted bouncer, but the line is down leg, called a wide",19.3,1w,1.0,"de Leede to Shreyas Iyer, 1 wide  .Attempted bouncer, but the line is down leg, called a wide",de Leede,Shreyas Iyer,0.0,0,0,0,0,1.0,0,,1
"19.3 
• 
de Leede to Shreyas Iyer, no run 
Low full toss on middle stump, worked to midwicket 
Afeef: ""This is why the predictor kept hovering around 330. """,19.3,0,0.0,"de Leede to Shreyas Iyer, no run  .Low full toss on middle stump, worked to midwicket",de Leede,Shreyas Iyer,0.0,0,0,1,1,0.0,0,,0
"19.4 
4 
de Leede to Shreyas Iyer, FOUR runs 
Just wide of mid-on, who is a bit inside the circle. Mistimed, but Iyer finds the gap, 
which is more important. On a length on off, the bat turns in his hand as he looks for a 
straight punch. But beats the fielder on his right",19.4,4,4.0,"de Leede to Shreyas Iyer, FOUR runs  .Just wide of mid-on, who is a bit inside the circle. Mistimed, but Iyer finds the gap,  .which is more important. On a length on off, the bat turns in his hand as he looks for a  .straight punch. But beats the fielder on his right",de Leede,Shreyas Iyer,4.0,1,0,1,1,4.0,0,,1
"19.5 
• 
de Leede to Shreyas Iyer, no run 
Fuller around off, driven to covers",19.5,0,0.0,"de Leede to Shreyas Iyer, no run  .Fuller around off, driven to covers",de Leede,Shreyas Iyer,0.0,0,0,1,1,0.0,0,,0
"19.6 
• 
de Leede to Shreyas Iyer, no run 
Length outside off, he drives to the left of cover and sets off only to be sent back 
end of over 207 runs  
IND: 140/2CRR: 7.00  
Shreyas Iyer8 (11b 1x4) 
Virat Kohli14 (23b 1x4) 
Bas de Leede 3-0-17-1 
Aryan Dutt 4-0-33-0",19.6,0,0.0,"de Leede to Shreyas Iyer, no run  .Length outside off, he drives to the left of cover and sets off only to be sent back",de Leede,Shreyas Iyer,0.0,0,0,1,1,0.0,0,,0
"20.1 
• 
Dutt to Kohli, no run 
Quicker length ball outside off, he taps it late but straight to short third",20.1,0,0.0,"Dutt to Kohli, no run  .Quicker length ball outside off, he taps it late but straight to short third",Dutt,Kohli,0.0,0,0,1,1,0.0,0,,0
"20.2 
• 
Dutt to Kohli, no run 
Flatter on the stumps, Kohli sweeps (can't say he has a lot in his career) it hard but can't 
get past square leg",20.2,0,0.0,"Dutt to Kohli, no run  .Flatter on the stumps, Kohli sweeps (can't say he has a lot in his career) it hard but can't  .get past square leg",Dutt,Kohli,0.0,0,0,1,1,0.0,0,,0
"20.3 
4 
Dutt to Kohli, FOUR runs 
Another sweep and this time he gets four for his effort. Was a similar length to the 
previous one on middle and leg. Kohli gets a good piece on the sweep and slams it 
behind square 
See all photos",20.3,4,4.0,"Dutt to Kohli, FOUR runs  .Another sweep and this time he gets four for his effort. Was a similar length to the  .previous one on middle and leg. Kohli gets a good piece on the sweep and slams it  .behind square  .See all photos",Dutt,Kohli,4.0,1,0,1,1,4.0,0,,1
"20.4 
1 
Dutt to Kohli, 1 run 
Fuller outside off, driven to long off for a run",20.4,1,1.0,"Dutt to Kohli, 1 run  .Fuller outside off, driven to long off for a run",Dutt,Kohli,1.0,0,0,1,1,1.0,0,,1
"20.5 
1 
Dutt to Shreyas Iyer, 1 run 
Keeps his length back, just a touch as Iyer hangs on the backfoot to push it to long on",20.5,1,1.0,"Dutt to Shreyas Iyer, 1 run  .Keeps his length back, just a touch as Iyer hangs on the backfoot to push it to long on",Dutt,Shreyas Iyer,1.0,0,0,1,1,1.0,0,,1
"20.6 
1 
Dutt to Kohli, 1 run 
Loops this one up does Dutt outside off at around 84.6kph as Kohli miscues his drive, 
but keeps it along the carpet to long off 
Shadow-Shell: ""91/0 in first 10. 49/2 in the next 10. Showing once again that powerplay 
is the best time to bat"" 
Rajaneesh : ""Has the pitch gotten slower all of a sudden? Both batters struggling 
considerably"" There is some grip for the spinners, I feel 
end of over 217 runs  
IND: 147/2CRR: 7.00  
Virat Kohli20 (28b 2x4) 
Shreyas Iyer9 (12b 1x4) 
Aryan Dutt 5-0-40-0 
Bas de Leede 3-0-17-1 
Van Beek back into the attack",20.6,1,1.0,"Dutt to Kohli, 1 run  .Loops this one up does Dutt outside off at around 84.6kph as Kohli miscues his drive,  .but keeps it along the carpet to long off",Dutt,Kohli,1.0,0,0,1,1,1.0,0,,1
"21.1 
• 
van Beek to Kohli, no run 
Fuller-length ball outside off, he flogs it off the inside half of the blade to mid-on",21.1,0,0.0,"van Beek to Kohli, no run  .Fuller-length ball outside off, he flogs it off the inside half of the blade to mid-on",van Beek,Kohli,0.0,0,0,1,1,0.0,0,,0
"21.2 
• 
van Beek to Kohli, no run 
On a length outside off stump, Kohli drives on the up, off the middle of the bat but can't 
beat mid-off",21.2,0,0.0,"van Beek to Kohli, no run  .On a length outside off stump, Kohli drives on the up, off the middle of the bat but can't  .beat mid-off",van Beek,Kohli,0.0,0,0,1,1,0.0,0,,0
"21.3 
6 
van Beek to Kohli, SIX runs 
That bottom-handed pick-up shot of Kohli in full flow in Bengaluru. Kohli sees that van 
Beek slower ball so much in advance. Waits for it and then hacks it over wide long-on",21.3,6,6.0,"van Beek to Kohli, SIX runs  .That bottom-handed pick-up shot of Kohli in full flow in Bengaluru. Kohli sees that van  .Beek slower ball so much in advance. Waits for it and then hacks it over wide long-on",van Beek,Kohli,6.0,0,1,1,1,6.0,0,,1
"21.4 
4 
van Beek to Kohli, FOUR runs 
And, again. On-pace length ball on off, he shimmies down the track and hammers him 
with authority past mid-on, who had just come in",21.4,4,4.0,"van Beek to Kohli, FOUR runs  .And, again. On-pace length ball on off, he shimmies down the track and hammers him  .with authority past mid-on, who had just come in",van Beek,Kohli,4.0,1,0,1,1,4.0,0,,1
"21.5 
• 
van Beek to Kohli, no run 
Banged in short outside off, he opens the face of the bat to backward point",21.5,0,0.0,"van Beek to Kohli, no run  .Banged in short outside off, he opens the face of the bat to backward point",van Beek,Kohli,0.0,0,0,1,1,0.0,0,,0
"21.6 
1 
van Beek to Kohli, 1 run 
Slower length ball on off and middle, he gets across and turns it to deep backward 
square leg for a run 
end of over 2211 runs  
IND: 158/2CRR: 7.18  
Virat Kohli31 (34b 3x4 1x6) 
Shreyas Iyer9 (12b 1x4) 
Logan van Beek 4-0-33-0 
Aryan Dutt 5-0-40-0",21.6,1,1.0,"van Beek to Kohli, 1 run  .Slower length ball on off and middle, he gets across and turns it to deep backward  .square leg for a run",van Beek,Kohli,1.0,0,0,1,1,1.0,0,,1
"22.1 
4 
Dutt to Kohli, FOUR runs 
THUMPED! Not at all short but Kohli is so quick to go back. Slight press forward and 
then rocks back to pump that length ball through covers' right",22.1,4,4.0,"Dutt to Kohli, FOUR runs  .THUMPED! Not at all short but Kohli is so quick to go back. Slight press forward and  .then rocks back to pump that length ball through covers' right",Dutt,Kohli,4.0,1,0,1,1,4.0,0,,1
"22.2 
1 
Dutt to Kohli, 1 run 
Quicker on off stump, he goes back and turns it to deep midwicket",22.2,1,1.0,"Dutt to Kohli, 1 run  .Quicker on off stump, he goes back and turns it to deep midwicket",Dutt,Kohli,1.0,0,0,1,1,1.0,0,,1
"22.3 
1 
Dutt to Shreyas Iyer, 1 run 
Quicker just on off, he stays back and whisks it to long on",22.3,1,1.0,"Dutt to Shreyas Iyer, 1 run  .Quicker just on off, he stays back and whisks it to long on",Dutt,Shreyas Iyer,1.0,0,0,1,1,1.0,0,,1
"22.4 
• 
Dutt to Kohli, no run 
Looped up outside off, he pushes it back to the bowler 
 
Shreyas Iyer vs offspin in ODIs 
RUNS 
231 
OUTS 
4 
4s/6s 
12/16 
SR 
125.54 
AVE 
57.75",22.4,0,0.0,"Dutt to Kohli, no run  .Looped up outside off, he pushes it back to the bowler  .  .Shreyas Iyer vs offspin in ODIs  .RUNS  .231  .OUTS  .4  .4s/6s  .12/16  .SR  .125.54  .AVE  .57.75",Dutt,Kohli,0.0,0,0,1,1,0.0,0,,0
"22.5 
• 
Dutt to Kohli, no run 
Keeps it quicker, 94.8kph length ball outside off, he works it to fielder who is placed 
behind square",22.5,0,0.0,"Dutt to Kohli, no run  .Keeps it quicker, 94.8kph length ball outside off, he works it to fielder who is placed  .behind square",Dutt,Kohli,0.0,0,0,1,1,0.0,0,,0
"22.6 
1 
Dutt to Kohli, 1 run 
Flatter on off stump, he stays back and ticks it to long on 
Anish: ""Anybody smelling number 50 here ? "" Loooots of people in the comments 
section, Anish 
end of over 237 runs  
IND: 165/2CRR: 7.17  
Virat Kohli37 (39b 4x4 1x6) 
Shreyas Iyer10 (13b 1x4) 
Aryan Dutt 6-0-47-0 
Logan van Beek 4-0-33-0",22.6,1,1.0,"Dutt to Kohli, 1 run  .Flatter on off stump, he stays back and ticks it to long on",Dutt,Kohli,1.0,0,0,1,1,1.0,0,,1
"23.1 
1 
van Beek to Kohli, 1 run 
Shimmies down the track to the fuller-length ball outside off and pushes to long-on",23.1,1,1.0,"van Beek to Kohli, 1 run  .Shimmies down the track to the fuller-length ball outside off and pushes to long-on",van Beek,Kohli,1.0,0,0,1,1,1.0,0,,1
"23.2 
• 
van Beek to Shreyas Iyer, no run 
On a length around off stump, Iyer is caught in the crease as he defends it meekly back 
towards the bowler",23.2,0,0.0,"van Beek to Shreyas Iyer, no run  .On a length around off stump, Iyer is caught in the crease as he defends it meekly back  .towards the bowler",van Beek,Shreyas Iyer,0.0,0,0,1,1,0.0,0,,0
"23.3 
1 
van Beek to Shreyas Iyer, 1 run 
Banged in short outside off, but the ball does not rise up as much. Iyer pulls it to deep 
midwicket's right",23.3,1,1.0,"van Beek to Shreyas Iyer, 1 run  .Banged in short outside off, but the ball does not rise up as much. Iyer pulls it to deep  .midwicket's right",van Beek,Shreyas Iyer,1.0,0,0,1,1,1.0,0,,1
"23.4 
4 
van Beek to Kohli, FOUR runs 
Pulled with authority and he has found the gap impeccably. Banged in short, around 
Kohli's midriff, he gets across and pulls but makes sure to roll his wrists to find the 
boundary in the gap behind square",23.4,4,4.0,"van Beek to Kohli, FOUR runs  .Pulled with authority and he has found the gap impeccably. Banged in short, around  .Kohli's midriff, he gets across and pulls but makes sure to roll his wrists to find the  .boundary in the gap behind square",van Beek,Kohli,4.0,1,0,1,1,4.0,0,,1
"23.5 
2 
van Beek to Kohli, 2 runs 
Slower offcutter on off and middle, he works it with soft hands to the left of deep 
midwicket for a brace",23.5,2,2.0,"van Beek to Kohli, 2 runs  .Slower offcutter on off and middle, he works it with soft hands to the left of deep  .midwicket for a brace",van Beek,Kohli,2.0,0,0,1,1,2.0,0,,1
"23.6 
• 
van Beek to Kohli, no run 
Pacy back of a length ball outside, he mistimes his hack to mid-off and immediately 
berates himself for not getting more out of it 
Prashant : ""15 mins back, Kohli was struggling. Now he is already in 40's. 50 is certainly 
loading *this is not a Jinx*. "" 
end of over 248 runs  
IND: 173/2CRR: 7.20  
Virat Kohli44 (43b 5x4 1x6) 
Shreyas Iyer11 (15b 1x4) 
Logan van Beek 5-0-41-0 
Aryan Dutt 6-0-47-0",23.6,0,0.0,"van Beek to Kohli, no run  .Pacy back of a length ball outside, he mistimes his hack to mid-off and immediately  .berates himself for not getting more out of it",van Beek,Kohli,0.0,0,0,1,1,0.0,0,,0
"24.1 
2 
Dutt to Shreyas Iyer, 2 runs 
Flatter outside off, he stays back and across and punches to the left of deep point. Oh, 
he lost his bat while going for the second, but Edwards isn't aware as he collects the 
throw. Think Iyer would have made it had Edwards flicked it quickly onto the stumps",24.1,2,2.0,"Dutt to Shreyas Iyer, 2 runs  .Flatter outside off, he stays back and across and punches to the left of deep point. Oh,  .he lost his bat while going for the second, but Edwards isn't aware as he collects the  .throw. Think Iyer would have made it had Edwards flicked it quickly onto the stumps",Dutt,Shreyas Iyer,2.0,0,0,1,1,2.0,0,,1
"24.2 
1 
Dutt to Shreyas Iyer, 1 run 
Quicker length ball on off stump, he works it to deep midwicket",24.2,1,1.0,"Dutt to Shreyas Iyer, 1 run  .Quicker length ball on off stump, he works it to deep midwicket",Dutt,Shreyas Iyer,1.0,0,0,1,1,1.0,0,,1
"24.3 
1 
Dutt to Kohli, 1 run 
Continues with the flatter trajectory, around 94kph on middle as Kohli turns it to deep 
midwicket",24.3,1,1.0,"Dutt to Kohli, 1 run  .Continues with the flatter trajectory, around 94kph on middle as Kohli turns it to deep  .midwicket",Dutt,Kohli,1.0,0,0,1,1,1.0,0,,1
"24.4 
1 
Dutt to Shreyas Iyer, 1 run 
Similar length on middle stump, Iyer stays back and ticks it to long on",24.4,1,1.0,"Dutt to Shreyas Iyer, 1 run  .Similar length on middle stump, Iyer stays back and ticks it to long on",Dutt,Shreyas Iyer,1.0,0,0,1,1,1.0,0,,1
"24.5 
• 
Dutt to Kohli, no run 
Tries to go fuller now at pace as Kohli defends carefully.",24.5,0,0.0,"Dutt to Kohli, no run  .Tries to go fuller now at pace as Kohli defends carefully.",Dutt,Kohli,0.0,0,0,1,1,0.0,0,,0
"24.6 
• 
Dutt to Kohli, no run 
Ends with a quicker fuller-length ball on the stumps that is flicked to short midwicket by 
Kohli 
end of over 255 runs  
IND: 178/2CRR: 7.12  
Virat Kohli45 (46b 5x4 1x6) 
Shreyas Iyer15 (18b 1x4) 
Aryan Dutt 7-0-52-0 
Logan van Beek 5-0-41-0 
Van Meekeran back from over the wicket",24.6,0,0.0,"Dutt to Kohli, no run  .Ends with a quicker fuller-length ball on the stumps that is flicked to short midwicket by  .Kohli",Dutt,Kohli,0.0,0,0,1,1,0.0,0,,0
"25.1 
• 
van Meekeren to Shreyas Iyer, no run 
Fuller-length outside off, he pushes to extra cover's left who intercepts",25.1,0,0.0,"van Meekeren to Shreyas Iyer, no run  .Fuller-length outside off, he pushes to extra cover's left who intercepts",van Meekeren,Shreyas Iyer,0.0,0,0,1,1,0.0,0,,0
"25.2 
• 
van Meekeren to Shreyas Iyer, no run 
Beaten on the pull. Banged in short on the off stump line, Iyer eyes the pull, can't 
connect this time around",25.2,0,0.0,"van Meekeren to Shreyas Iyer, no run  .Beaten on the pull. Banged in short on the off stump line, Iyer eyes the pull, can't  .connect this time around",van Meekeren,Shreyas Iyer,0.0,0,0,1,1,0.0,0,,0
"25.3 
1 
van Meekeren to Shreyas Iyer, 1 run 
Goes length way this time around just outside off, he opens the face of the bat to the 
right of short third. The single also brings up the 50-stand between the two off 48 balls.",25.3,1,1.0,"van Meekeren to Shreyas Iyer, 1 run  .Goes length way this time around just outside off, he opens the face of the bat to the  .right of short third. The single also brings up the 50-stand between the two off 48 balls.",van Meekeren,Shreyas Iyer,1.0,0,0,1,1,1.0,0,,1
"25.4 
1 
van Meekeren to Kohli, 1 run 
Back of a length ball on Kohli's hips on off and middle that he slaps to deep backward 
square leg",25.4,1,1.0,"van Meekeren to Kohli, 1 run  .Back of a length ball on Kohli's hips on off and middle that he slaps to deep backward  .square leg",van Meekeren,Kohli,1.0,0,0,1,1,1.0,0,,1
"25.5 
4 
van Meekeren to Shreyas Iyer, FOUR runs 
SLAM! Mid-off is up and Iyer needs no second invitations. On a length outside off, he 
goes up and over. Does not get it off the middle of the bat but enough to clear mid-off 
with ease",25.5,4,4.0,"van Meekeren to Shreyas Iyer, FOUR runs  .SLAM! Mid-off is up and Iyer needs no second invitations. On a length outside off, he  .goes up and over. Does not get it off the middle of the bat but enough to clear mid-off  .with ease",van Meekeren,Shreyas Iyer,4.0,1,0,1,1,4.0,0,,1
"25.6 
• 
van Meekeren to Shreyas Iyer, no run 
Good riposte. Length bang on middle stump, Iyer defends watchfully. 
Dutch fan: ""In the sea of *blue* comments, I want to add an *orange* comment. Dutch 
team is gonna rock tonight!!"" 
end of over 266 runs  
IND: 184/2CRR: 7.07  
Shreyas Iyer20 (23b 2x4) 
Virat Kohli46 (47b 5x4 1x6) 
Paul van Meekeren 5-0-37-1 
Aryan Dutt 7-0-52-0 
Van der Merwe back on from around the wicket",25.6,0,0.0,"van Meekeren to Shreyas Iyer, no run  .Good riposte. Length bang on middle stump, Iyer defends watchfully.",van Meekeren,Shreyas Iyer,0.0,0,0,1,1,0.0,0,,0
"26.1 
• 
van der Merwe to Kohli, no run 
Slower and fuller on off stump, pushed back to the bowler",26.1,0,0.0,"van der Merwe to Kohli, no run  .Slower and fuller on off stump, pushed back to the bowler",van der Merwe,Kohli,0.0,0,0,1,1,0.0,0,,0
"26.2 
1 
van der Merwe to Kohli, 1 run 
Keeps it slower again on off and middle, but the length is on the shorter side. He hops 
back and punches it to long-on",26.2,1,1.0,"van der Merwe to Kohli, 1 run  .Keeps it slower again on off and middle, but the length is on the shorter side. He hops  .back and punches it to long-on",van der Merwe,Kohli,1.0,0,0,1,1,1.0,0,,1
"26.3 
1 
van der Merwe to Shreyas Iyer, 1 run 
Tossed up outside off, around 83.9kph. He bends forward and with an open face of the 
blade plays it past point",26.3,1,1.0,"van der Merwe to Shreyas Iyer, 1 run  .Tossed up outside off, around 83.9kph. He bends forward and with an open face of the  .blade plays it past point",van der Merwe,Shreyas Iyer,1.0,0,0,1,1,1.0,0,,1
"26.4 
1 
van der Merwe to Kohli, 1 run 
Quicker this time around on off stump, punched to long off",26.4,1,1.0,"van der Merwe to Kohli, 1 run  .Quicker this time around on off stump, punched to long off",van der Merwe,Kohli,1.0,0,0,1,1,1.0,0,,1
"26.5 
3 
van der Merwe to Shreyas Iyer, 3 runs 
Flatter and slightly short outside off. He stays back and cuts it fine to the right of short 
third. The fielder dives over it but van Beek gives chase and saves a run 
 
Virat Kohli vs left-arm orthodox in ODIs 
RUNS 
1461 
OUTS 
21 
4s/6s 
99/21 
SR 
88.17 
AVE 
69.57",26.5,3,3.0,"van der Merwe to Shreyas Iyer, 3 runs  .Flatter and slightly short outside off. He stays back and cuts it fine to the right of short  .third. The fielder dives over it but van Beek gives chase and saves a run  .  .Virat Kohli vs left-arm orthodox in ODIs  .RUNS  .1461  .OUTS  .21  .4s/6s  .99/21  .SR  .88.17  .AVE  .69.57",van der Merwe,Shreyas Iyer,3.0,0,0,1,1,3.0,0,,1
"26.6 
• 
van der Merwe to Kohli, no run 
Gives the fuller-length ball generous loop outside off. He punches it back to the bowler's 
length. Van der Merwe threatens to throw the ball back, with Virat going about with his 
antics. All in good fun 
VISHWAS: ""Reminder - VAN Der Merwe was an ex RCBian and knows the conditions 
quite well and hence the bowling display."" 
end of over 276 runs  
IND: 190/2CRR: 7.03  
Virat Kohli48 (51b 5x4 1x6) 
Shreyas Iyer24 (25b 2x4) 
Roelof van der Merwe 6-0-31-0 
Paul van Meekeren 5-0-37-1",26.6,0,0.0,"van der Merwe to Kohli, no run  .Gives the fuller-length ball generous loop outside off. He punches it back to the bowler's  .length. Van der Merwe threatens to throw the ball back, with Virat going about with his  .antics. All in good fun",van der Merwe,Kohli,0.0,0,0,1,1,0.0,0,,0
"27.1 
4 
van Meekeren to Shreyas Iyer, FOUR runs 
Nails the pull. Banged in short outside off, he gets in position nice and early. Fetches it 
and gets it in front of square. Deep square leg hares across but can't keep it in",27.1,4,4.0,"van Meekeren to Shreyas Iyer, FOUR runs  .Nails the pull. Banged in short outside off, he gets in position nice and early. Fetches it  .and gets it in front of square. Deep square leg hares across but can't keep it in",van Meekeren,Shreyas Iyer,4.0,1,0,1,1,4.0,0,,1
"27.2 
1 
van Meekeren to Shreyas Iyer, 1 run 
Back of a length ball but the line is down leg, he glances it but deep fine leg is quite fine",27.2,1,1.0,"van Meekeren to Shreyas Iyer, 1 run  .Back of a length ball but the line is down leg, he glances it but deep fine leg is quite fine",van Meekeren,Shreyas Iyer,1.0,0,0,1,1,1.0,0,,1
"27.3 
1 
van Meekeren to Kohli, 1 run 
Another short of a length ball just outside off, bail height. He swivels, but doesn't get 
enough connection of the pull. The ball goes as far as deep backward square leg",27.3,1,1.0,"van Meekeren to Kohli, 1 run  .Another short of a length ball just outside off, bail height. He swivels, but doesn't get  .enough connection of the pull. The ball goes as far as deep backward square leg",van Meekeren,Kohli,1.0,0,0,1,1,1.0,0,,1
"27.4 
• 
van Meekeren to Shreyas Iyer, no run 
Slower back of a length ball outside off, around 76kph. He opens the face of the blade 
but can't beat point",27.4,0,0.0,"van Meekeren to Shreyas Iyer, no run  .Slower back of a length ball outside off, around 76kph. He opens the face of the blade  .but can't beat point",van Meekeren,Shreyas Iyer,0.0,0,0,1,1,0.0,0,,0
"27.5 
1 
van Meekeren to Shreyas Iyer, 1 run 
Very high full toss, close to being a wait-high no-ball on off stump. He opens the face 
and gets it to deep third 
Kohli on 49",27.5,1,1.0,"van Meekeren to Shreyas Iyer, 1 run  .Very high full toss, close to being a wait-high no-ball on off stump. He opens the face  .and gets it to deep third  .Kohli on 49",van Meekeren,Shreyas Iyer,1.0,0,0,1,1,1.0,0,,1
"27.6 
1 
van Meekeren to Kohli, 1 run 
There's the single that gets him to fifty. 71st in ODI cricket. Banged in short, he rolls his 
wrists and pulls to deep backward square leg. Halfway to No. 50 
See all photos 
end of over 288 runs  
IND: 198/2CRR: 7.07  
Virat Kohli50 (53b 5x4 1x6) 
Shreyas Iyer30 (29b 3x4) 
Paul van Meekeren 6-0-45-1 
Roelof van der Merwe 6-0-31-0",27.6,1,1.0,"van Meekeren to Kohli, 1 run  .There's the single that gets him to fifty. 71st in ODI cricket. Banged in short, he rolls his  .wrists and pulls to deep backward square leg. Halfway to No. 50  .See all photos",van Meekeren,Kohli,1.0,0,0,1,1,1.0,0,,1
"28.1 
• 
van der Merwe to Kohli, no run 
Fuller on off stump, he pushes back to the bowler",28.1,0,0.0,"van der Merwe to Kohli, no run  .Fuller on off stump, he pushes back to the bowler",van der Merwe,Kohli,0.0,0,0,1,1,0.0,0,,0
"28.2 
1 
van der Merwe to Kohli, 1 run 
Quicker length ball on the middle stump, he gets across and whips to deep midwicket",28.2,1,1.0,"van der Merwe to Kohli, 1 run  .Quicker length ball on the middle stump, he gets across and whips to deep midwicket",van der Merwe,Kohli,1.0,0,0,1,1,1.0,0,,1
"28.3 
1 
van der Merwe to Shreyas Iyer, 1 run 
Slows it up outside off, he slaps it to deep cover. The 200 comes up for India in the 29th 
over",28.3,1,1.0,"van der Merwe to Shreyas Iyer, 1 run  .Slows it up outside off, he slaps it to deep cover. The 200 comes up for India in the 29th  .over",van der Merwe,Shreyas Iyer,1.0,0,0,1,1,1.0,0,,1
"28.4 
W 
van der Merwe to Kohli, OUT 
No number 50 for Kohli here. Van der Merwe has Kohli castled. Flatter angling into the 
batter. Doesn't turn, just skids on. Kohli stays back, looking to slap it hard. Misses and 
the ball crashes into off stump. Van der Merwe is pumped up and why not. 
Virat Kohli b van der Merwe 51 (56b 5x4 1x6 69m) SR: 91.07 
See all photos 
KL Rahul comes into the middle, a gully in place who is a touch deep",28.4,W,0.0,"van der Merwe to Kohli, OUT  .No number 50 for Kohli here. Van der Merwe has Kohli castled. Flatter angling into the  .batter. Doesn't turn, just skids on. Kohli stays back, looking to slap it hard. Misses and  .the ball crashes into off stump. Van der Merwe is pumped up and why not.  .Virat Kohli b van der Merwe 51 (56b 5x4 1x6 69m) SR: 91.07",van der Merwe,Kohli,0.0,0,0,1,1,0.0,1,b van der Merwe,0
"28.5 
• 
van der Merwe to Rahul, no run 
Slower through the air outside off, he pushes at it as the ball catches the outside half of 
his bat to gully",28.5,0,0.0,"van der Merwe to Rahul, no run  .Slower through the air outside off, he pushes at it as the ball catches the outside half of  .his bat to gully",van der Merwe,Rahul,0.0,0,0,1,1,0.0,0,,0
"28.6 
• 
van der Merwe to Rahul, no run 
Slower 84.9kph outside off, he defends 
end of over 292 runs • 1 wicket 
IND: 200/3CRR: 6.89  
KL Rahul0 (2b) 
Shreyas Iyer31 (30b 3x4) 
Roelof van der Merwe 7-0-33-1 
Paul van Meekeren 6-0-45-1 
As many have pointed out, Kohli has become the leading run-scorer in the World Cup, 
going past de Kock",28.6,0,0.0,"van der Merwe to Rahul, no run  .Slower 84.9kph outside off, he defends",van der Merwe,Rahul,0.0,0,0,1,1,0.0,0,,0
"29.1 
1w 
de Leede to Shreyas Iyer, 1 wide 
Length ball but the line is well down leg, called a wide",29.1,1w,1.0,"de Leede to Shreyas Iyer, 1 wide  .Length ball but the line is well down leg, called a wide",de Leede,Shreyas Iyer,0.0,0,0,0,0,1.0,0,,1
"29.1 
1w 
de Leede to Shreyas Iyer, 1 wide 
Another length ball that is pushed way down leg. Reload.",29.1,1w,1.0,"de Leede to Shreyas Iyer, 1 wide  .Another length ball that is pushed way down leg. Reload.",de Leede,Shreyas Iyer,0.0,0,0,0,0,1.0,0,,1
"29.1 
1 
de Leede to Shreyas Iyer, 1 run 
Fuller-length ball on the off stump, he pushes to long on",29.1,1,1.0,"de Leede to Shreyas Iyer, 1 run  .Fuller-length ball on the off stump, he pushes to long on",de Leede,Shreyas Iyer,1.0,0,0,1,1,1.0,0,,1
"29.2 
1 
de Leede to Rahul, 1 run 
On a length on middle and leg, and Rahul gets off the mark as he works it to deep 
midwicket",29.2,1,1.0,"de Leede to Rahul, 1 run  .On a length on middle and leg, and Rahul gets off the mark as he works it to deep  .midwicket",de Leede,Rahul,1.0,0,0,1,1,1.0,0,,1
"29.3 
2 
de Leede to Shreyas Iyer, 2 runs 
Another pull from Iyer and again he finds the gap so easily. Was a back of a length ball 
outside off. He gets in position in time and cracks the pull to the left of deep midwicket. 
The fielder does well though and restricts them to two",29.3,2,2.0,"de Leede to Shreyas Iyer, 2 runs  .Another pull from Iyer and again he finds the gap so easily. Was a back of a length ball  .outside off. He gets in position in time and cracks the pull to the left of deep midwicket.  .The fielder does well though and restricts them to two",de Leede,Shreyas Iyer,2.0,0,0,1,1,2.0,0,,1
"29.4 
1 
de Leede to Shreyas Iyer, 1 run 
On a length on off and middle, he pushes to long on",29.4,1,1.0,"de Leede to Shreyas Iyer, 1 run  .On a length on off and middle, he pushes to long on",de Leede,Shreyas Iyer,1.0,0,0,1,1,1.0,0,,1
"29.5 
4 
de Leede to Rahul, FOUR runs 
Swivel-pull and Rahul gets a four now. Banged in short but the line is down leg. He gets 
across and pulls to deep fine leg. The fielder can't do much.",29.5,4,4.0,"de Leede to Rahul, FOUR runs  .Swivel-pull and Rahul gets a four now. Banged in short but the line is down leg. He gets  .across and pulls to deep fine leg. The fielder can't do much.",de Leede,Rahul,4.0,1,0,1,1,4.0,0,,1
"29.6 
• 
de Leede to Rahul, no run 
On a length on middle, defended towards short midwicket 
An Indian team faltering in the knockouts of major tournaments after an incredible 
group stage. Sound familiar? Well, this was the case for the Indian women's hockey 
team, until a mental conditioning coach came in and sparked an Asian Champions 
Trophy victory. This is the secret to their success. 
end of over 3011 runs  
IND: 211/3CRR: 7.03  
KL Rahul5 (5b 1x4) 
Shreyas Iyer35 (33b 3x4) 
Bas de Leede 4-0-28-1 
Roelof van der Merwe 7-0-33-1",29.6,0,0.0,"de Leede to Rahul, no run  .On a length on middle, defended towards short midwicket  .An Indian team faltering in the knockouts of major tournaments after an incredible  .group stage. Sound familiar? Well, this was the case for the Indian women's hockey  .team, until a mental conditioning coach came in and sparked an Asian Champions  .Trophy victory. This is the secret to their success.",de Leede,Rahul,0.0,0,0,1,1,0.0,0,,0
"30.1 
1 
van der Merwe to Shreyas Iyer, 1 run 
Fuller-length ball outside off, he opens the face of the bat and drives to deep cover",30.1,1,1.0,"van der Merwe to Shreyas Iyer, 1 run  .Fuller-length ball outside off, he opens the face of the bat and drives to deep cover",van der Merwe,Shreyas Iyer,1.0,0,0,1,1,1.0,0,,1
"30.2 
1 
van der Merwe to Rahul, 1 run 
Slightly short outside off, he stays back and cuts it hard to the left of deep pioint",30.2,1,1.0,"van der Merwe to Rahul, 1 run  .Slightly short outside off, he stays back and cuts it hard to the left of deep pioint",van der Merwe,Rahul,1.0,0,0,1,1,1.0,0,,1
"30.3 
• 
van der Merwe to Shreyas Iyer, no run 
Flatter outside off, he punches to extra cover 
 
Shreyas Iyer in World Cup 2023 
INNS 
9 
RUNS 
333 
SR 
98.81 
AVE 
55.50 
HS 
82",30.3,0,0.0,"van der Merwe to Shreyas Iyer, no run  .Flatter outside off, he punches to extra cover  .  .Shreyas Iyer in World Cup 2023  .INNS  .9  .RUNS  .333  .SR  .98.81  .AVE  .55.50  .HS  .82",van der Merwe,Shreyas Iyer,0.0,0,0,1,1,0.0,0,,0
"30.4 
4 
van der Merwe to Shreyas Iyer, FOUR runs 
Juuust over midwicket. Just a tad short outside off, he hops back and slams the pull 
over a leaping fielder. No stopping that",30.4,4,4.0,"van der Merwe to Shreyas Iyer, FOUR runs  .Juuust over midwicket. Just a tad short outside off, he hops back and slams the pull  .over a leaping fielder. No stopping that",van der Merwe,Shreyas Iyer,4.0,1,0,1,1,4.0,0,,1
"30.5 
• 
van der Merwe to Shreyas Iyer, no run 
Pushed quicker on middle stump, he defends carefully.",30.5,0,0.0,"van der Merwe to Shreyas Iyer, no run  .Pushed quicker on middle stump, he defends carefully.",van der Merwe,Shreyas Iyer,0.0,0,0,1,1,0.0,0,,0
"30.6 
• 
van der Merwe to Shreyas Iyer, no run 
Angled on middle and leg, he pushes back to the bowler 
end of over 316 runs  
IND: 217/3CRR: 7.00  
Shreyas Iyer40 (38b 4x4) 
KL Rahul6 (6b 1x4) 
Roelof van der Merwe 8-0-39-1 
Bas de Leede 4-0-28-1",30.6,0,0.0,"van der Merwe to Shreyas Iyer, no run  .Angled on middle and leg, he pushes back to the bowler",van der Merwe,Shreyas Iyer,0.0,0,0,1,1,0.0,0,,0
"31.1 
• 
de Leede to Rahul, no run 
On a length just outside off, he stands tall and pushes to the left of extra cover where 
the fielder gets across and intercepts",31.1,0,0.0,"de Leede to Rahul, no run  .On a length just outside off, he stands tall and pushes to the left of extra cover where  .the fielder gets across and intercepts",de Leede,Rahul,0.0,0,0,1,1,0.0,0,,0
"31.2 
• 
de Leede to Rahul, no run 
Fuller-length ball on off stump, he drives it hard back to the bowler",31.2,0,0.0,"de Leede to Rahul, no run  .Fuller-length ball on off stump, he drives it hard back to the bowler",de Leede,Rahul,0.0,0,0,1,1,0.0,0,,0
"31.3 
1 
de Leede to Rahul, 1 run 
Back of a length ball outside off, he gets in his toes and cuts to deep point",31.3,1,1.0,"de Leede to Rahul, 1 run  .Back of a length ball outside off, he gets in his toes and cuts to deep point",de Leede,Rahul,1.0,0,0,1,1,1.0,0,,1
"31.4 
• 
de Leede to Shreyas Iyer, no run 
Slower length ball outside off, he opens the face of the bat but can't beat short third",31.4,0,0.0,"de Leede to Shreyas Iyer, no run  .Slower length ball outside off, he opens the face of the bat but can't beat short third",de Leede,Shreyas Iyer,0.0,0,0,1,1,0.0,0,,0
"31.5 
• 
de Leede to Shreyas Iyer, no run 
Ah, he was looking to clear his front leg there but de Leede sees him and gets the length 
ball on the stumps. He can only defend",31.5,0,0.0,"de Leede to Shreyas Iyer, no run  .Ah, he was looking to clear his front leg there but de Leede sees him and gets the length  .ball on the stumps. He can only defend",de Leede,Shreyas Iyer,0.0,0,0,1,1,0.0,0,,0
"31.6 
1 
de Leede to Shreyas Iyer, 1 run 
Goes waaaay outside leg stump, does Iyer. De Leede gets the length ball outside off as 
Iyer eases it to deep cover 
end of over 322 runs  
IND: 219/3CRR: 6.84  
Shreyas Iyer41 (41b 4x4) 
KL Rahul7 (9b 1x4) 
Bas de Leede 5-0-30-1 
Roelof van der Merwe 8-0-39-1 
Ackermann back",31.6,1,1.0,"de Leede to Shreyas Iyer, 1 run  .Goes waaaay outside leg stump, does Iyer. De Leede gets the length ball outside off as  .Iyer eases it to deep cover",de Leede,Shreyas Iyer,1.0,0,0,1,1,1.0,0,,1
"32.1 
1 
Ackermann to Shreyas Iyer, 1 run 
Full-length ball outside off, he pushes to long on",32.1,1,1.0,"Ackermann to Shreyas Iyer, 1 run  .Full-length ball outside off, he pushes to long on",Ackermann,Shreyas Iyer,1.0,0,0,1,1,1.0,0,,1
"32.2 
1 
Ackermann to Rahul, 1 run 
Keeps it slower on middle and leg, he works it to deep backward square leg",32.2,1,1.0,"Ackermann to Rahul, 1 run  .Keeps it slower on middle and leg, he works it to deep backward square leg",Ackermann,Rahul,1.0,0,0,1,1,1.0,0,,1
"32.3 
1 
Ackermann to Shreyas Iyer, 1 run 
Quicker just outside off, he eases it to deep cover",32.3,1,1.0,"Ackermann to Shreyas Iyer, 1 run  .Quicker just outside off, he eases it to deep cover",Ackermann,Shreyas Iyer,1.0,0,0,1,1,1.0,0,,1
"32.4 
• 
Ackermann to Rahul, no run 
Slower through the air just outside off, he pushes back to the bowler",32.4,0,0.0,"Ackermann to Rahul, no run  .Slower through the air just outside off, he pushes back to the bowler",Ackermann,Rahul,0.0,0,0,1,1,0.0,0,,0
"32.5 
1 
Ackermann to Rahul, 1 run 
A touch quicker outside off, pushed towards cover for a quick run",32.5,1,1.0,"Ackermann to Rahul, 1 run  .A touch quicker outside off, pushed towards cover for a quick run",Ackermann,Rahul,1.0,0,0,1,1,1.0,0,,1
"32.6 
1 
Ackermann to Shreyas Iyer, 1 run 
Keeps it flatter, 94.2kph outside off, pushes through the covers for a another run 
Drinks time. Back on comes Alan. 
end of over 335 runs  
IND: 224/3CRR: 6.78  
Shreyas Iyer44 (44b 4x4) 
KL Rahul9 (12b 1x4) 
Colin Ackermann 2-0-16-0 
Bas de Leede 5-0-30-1 
Which league-stage performance was better? 
21.3K votes 
Rohit in 2019 WC 
Kohli in 2023 WC 
Hello again. Been fifty and out for India's top order today, but they are very well placed 
for the final push",32.6,1,1.0,"Ackermann to Shreyas Iyer, 1 run  .Keeps it flatter, 94.2kph outside off, pushes through the covers for a another run  .Drinks time. Back on comes Alan.",Ackermann,Shreyas Iyer,1.0,0,0,1,1,1.0,0,,1
"33.1 
• 
de Leede to Shreyas Iyer, no run 
length ball on off stump, chopped defensively into the on side",33.1,0,0.0,"de Leede to Shreyas Iyer, no run  .length ball on off stump, chopped defensively into the on side",de Leede,Shreyas Iyer,0.0,0,0,1,1,0.0,0,,0
"33.2 
4 
de Leede to Shreyas Iyer, FOUR runs 
drops short and swatted behind square, Iyer rolls his wrists on this and sends the ball 
skidding away between two men sweeping",33.2,4,4.0,"de Leede to Shreyas Iyer, FOUR runs  .drops short and swatted behind square, Iyer rolls his wrists on this and sends the ball  .skidding away between two men sweeping",de Leede,Shreyas Iyer,4.0,1,0,1,1,4.0,0,,1
"33.3 
1 
de Leede to Shreyas Iyer, 1 run 
steps outside leg stump, de Leede follows him, banged into the pitch and pushed 
square on the off side for one",33.3,1,1.0,"de Leede to Shreyas Iyer, 1 run  .steps outside leg stump, de Leede follows him, banged into the pitch and pushed  .square on the off side for one",de Leede,Shreyas Iyer,1.0,0,0,1,1,1.0,0,,1
"33.4 
1 
de Leede to Rahul, 1 run 
length ball wide of off, Rahul is across his stump and stays low to punch through point",33.4,1,1.0,"de Leede to Rahul, 1 run  .length ball wide of off, Rahul is across his stump and stays low to punch through point",de Leede,Rahul,1.0,0,0,1,1,1.0,0,,1
"33.5 
4 
de Leede to Shreyas Iyer, FOUR runs 
laced through extra cover, lovely way to go to fifty! Slightly full and he just leans on a 
caress through the infield, before waving his bat to the crowd. Brings up a half-century 
from 48 balls 
See all photos 
""Shreyas Iyer nearing his 50. Now it's his turn to reach the milestone and return to the 
hut to send the next batsman to the crease?"" We might be about to find out, Murali (not 
that one)",33.5,4,4.0,"de Leede to Shreyas Iyer, FOUR runs  .laced through extra cover, lovely way to go to fifty! Slightly full and he just leans on a  .caress through the infield, before waving his bat to the crowd. Brings up a half-century  .from 48 balls  .See all photos",de Leede,Shreyas Iyer,4.0,1,0,1,1,4.0,0,,1
"33.6 
1 
de Leede to Shreyas Iyer, 1 run 
clipped down the ground to long-on 
end of over 3411 runs  
IND: 235/3CRR: 6.91  
Shreyas Iyer54 (49b 6x4) 
KL Rahul10 (13b 1x4) 
Bas de Leede 6-0-41-1 
Colin Ackermann 2-0-16-0",33.6,1,1.0,"de Leede to Shreyas Iyer, 1 run  .clipped down the ground to long-on",de Leede,Shreyas Iyer,1.0,0,0,1,1,1.0,0,,1
"34.1 
1 
Ackermann to Shreyas Iyer, 1 run 
pushed through outside off, opens the face for one behind point 
""Old rule double the score after 30 overs, 420 looks gettable with SKY yet to be 
unleashed. Score predictor still hovering near 350."" Forecaster always trusts the 
process, Chandra",34.1,1,1.0,"Ackermann to Shreyas Iyer, 1 run  .pushed through outside off, opens the face for one behind point",Ackermann,Shreyas Iyer,1.0,0,0,1,1,1.0,0,,1
"34.2 
4 
Ackermann to Rahul, FOUR runs 
goes back and slides four past short third, Rahul this time breaks the wrists and plays 
late, tantalising the fielder all the way to the rope",34.2,4,4.0,"Ackermann to Rahul, FOUR runs  .goes back and slides four past short third, Rahul this time breaks the wrists and plays  .late, tantalising the fielder all the way to the rope",Ackermann,Rahul,4.0,1,0,1,1,4.0,0,,1
"34.3 
1w 
Ackermann to Rahul, 1 wide 
darted down leg",34.3,1w,1.0,"Ackermann to Rahul, 1 wide  .darted down leg",Ackermann,Rahul,0.0,0,0,0,0,1.0,0,,1
"34.3 
1 
Ackermann to Rahul, 1 run 
tossed up and worked through midwicket",34.3,1,1.0,"Ackermann to Rahul, 1 run  .tossed up and worked through midwicket",Ackermann,Rahul,1.0,0,0,1,1,1.0,0,,1
"34.4 
• 
Ackermann to Shreyas Iyer, no run 
flighted, on the stumps and prodded back to the bowler's right",34.4,0,0.0,"Ackermann to Shreyas Iyer, no run  .flighted, on the stumps and prodded back to the bowler's right",Ackermann,Shreyas Iyer,0.0,0,0,1,1,0.0,0,,0
"34.5 
1 
Ackermann to Shreyas Iyer, 1 run 
length ball outside off, dropped into the covers for one more",34.5,1,1.0,"Ackermann to Shreyas Iyer, 1 run  .length ball outside off, dropped into the covers for one more",Ackermann,Shreyas Iyer,1.0,0,0,1,1,1.0,0,,1
"34.6 
1 
Ackermann to Rahul, 1 run 
on the stumps and played with the spin through backward square leg 
""Should India lose a wicket here the stage is set for some Diwali fireworks from SKY and 
take India well past 350,"" chirps Varun 
end of over 359 runs  
IND: 244/3CRR: 6.97  
KL Rahul16 (16b 2x4) 
Shreyas Iyer56 (52b 6x4) 
Colin Ackermann 3-0-25-0 
Bas de Leede 6-0-41-1",34.6,1,1.0,"Ackermann to Rahul, 1 run  .on the stumps and played with the spin through backward square leg",Ackermann,Rahul,1.0,0,0,1,1,1.0,0,,1
"35.1 
• 
de Leede to Rahul, no run 
drilled into the stumps at the non-striker's! That's happened several times today",35.1,0,0.0,"de Leede to Rahul, no run  .drilled into the stumps at the non-striker's! That's happened several times today",de Leede,Rahul,0.0,0,0,1,1,0.0,0,,0
"35.2 
1 
de Leede to Rahul, 1 run 
full and speared in on leg, grips a touch and Rahul gets a leading edge through the 
covers looking to work across it",35.2,1,1.0,"de Leede to Rahul, 1 run  .full and speared in on leg, grips a touch and Rahul gets a leading edge through the  .covers looking to work across it",de Leede,Rahul,1.0,0,0,1,1,1.0,0,,1
"35.3 
1w 
de Leede to Shreyas Iyer, 1 wide 
full again, sprayed down the leg side",35.3,1w,1.0,"de Leede to Shreyas Iyer, 1 wide  .full again, sprayed down the leg side",de Leede,Shreyas Iyer,0.0,0,0,0,0,1.0,0,,1
"35.3 
• 
de Leede to Shreyas Iyer, no run 
gets his yorker in, blocked back to the bowler 
""Forecast should be given before start of the game and not change for every ball: isn't it 
the whole point to forecast? Else anyone can predict anything."" Anyone can predict 
anything, Sai. But will they be right?",35.3,0,0.0,"de Leede to Shreyas Iyer, no run  .gets his yorker in, blocked back to the bowler",de Leede,Shreyas Iyer,0.0,0,0,1,1,0.0,0,,0
"35.4 
4 
de Leede to Shreyas Iyer, FOUR runs 
lofted drive inside out, skips away, Iyer is happy to make room for himself and target 
unguarded parts of the ground",35.4,4,4.0,"de Leede to Shreyas Iyer, FOUR runs  .lofted drive inside out, skips away, Iyer is happy to make room for himself and target  .unguarded parts of the ground",de Leede,Shreyas Iyer,4.0,1,0,1,1,4.0,0,,1
"35.5 
• 
de Leede to Shreyas Iyer, no run 
full length and driven, mid-on dives to cut it off",35.5,0,0.0,"de Leede to Shreyas Iyer, no run  .full length and driven, mid-on dives to cut it off",de Leede,Shreyas Iyer,0.0,0,0,1,1,0.0,0,,0
"35.6 
1 
de Leede to Shreyas Iyer, 1 run 
pitched up and clipped off the pads to deep square leg 
end of over 367 runs  
IND: 251/3CRR: 6.97  
Shreyas Iyer61 (56b 7x4) 
KL Rahul17 (18b 2x4) 
Bas de Leede 7-0-48-1 
Colin Ackermann 3-0-25-0 
Van der Merwe is back on",35.6,1,1.0,"de Leede to Shreyas Iyer, 1 run  .pitched up and clipped off the pads to deep square leg",de Leede,Shreyas Iyer,1.0,0,0,1,1,1.0,0,,1
"36.1 
• 
van der Merwe to Shreyas Iyer, no run 
round the wicket, floated up at 83kph. Driven to cover",36.1,0,0.0,"van der Merwe to Shreyas Iyer, no run  .round the wicket, floated up at 83kph. Driven to cover",van der Merwe,Shreyas Iyer,0.0,0,0,1,1,0.0,0,,0
"36.2 
• 
van der Merwe to Shreyas Iyer, no run 
slightly wider line, quicker delivery and Iyer slices to backward point",36.2,0,0.0,"van der Merwe to Shreyas Iyer, no run  .slightly wider line, quicker delivery and Iyer slices to backward point",van der Merwe,Shreyas Iyer,0.0,0,0,1,1,0.0,0,,0
"36.3 
1 
van der Merwe to Shreyas Iyer, 1 run 
leans into a pushed through the covers",36.3,1,1.0,"van der Merwe to Shreyas Iyer, 1 run  .leans into a pushed through the covers",van der Merwe,Shreyas Iyer,1.0,0,0,1,1,1.0,0,,1
"36.4 
• 
van der Merwe to Rahul, no run 
bit of loop and drift, going on with the arm to hit the inside edge",36.4,0,0.0,"van der Merwe to Rahul, no run  .bit of loop and drift, going on with the arm to hit the inside edge",van der Merwe,Rahul,0.0,0,0,1,1,0.0,0,,0
"36.5 
4 
van der Merwe to Rahul, FOUR runs 
full toss, help yourself! Gets low and shovels the ball wristily through backward square 
leg for four",36.5,4,4.0,"van der Merwe to Rahul, FOUR runs  .full toss, help yourself! Gets low and shovels the ball wristily through backward square  .leg for four",van der Merwe,Rahul,4.0,1,0,1,1,4.0,0,,1
"36.6 
1 
van der Merwe to Rahul, 1 run 
drops short, 81kph outside off and slapped through cover point 
Arjuna: ""@Varun, from where they are at the moment India don't need fireworks to go 
past 350, unless you meant 450!!"" 
end of over 376 runs  
IND: 257/3CRR: 6.94  
KL Rahul22 (21b 3x4) 
Shreyas Iyer62 (59b 7x4) 
Roelof van der Merwe 9-0-45-1 
Bas de Leede 7-0-48-1 
Paul van Meekerern returns",36.6,1,1.0,"van der Merwe to Rahul, 1 run  .drops short, 81kph outside off and slapped through cover point",van der Merwe,Rahul,1.0,0,0,1,1,1.0,0,,1
"37.1 
1 
van Meekeren to Rahul, 1 run 
full length, cross-seam on off stump and pinged back, van Meekeren sticks a boot out",37.1,1,1.0,"van Meekeren to Rahul, 1 run  .full length, cross-seam on off stump and pinged back, van Meekeren sticks a boot out",van Meekeren,Rahul,1.0,0,0,1,1,1.0,0,,1
"37.2 
1 
van Meekeren to Shreyas Iyer, 1 run 
full in the channel, steered away through point",37.2,1,1.0,"van Meekeren to Shreyas Iyer, 1 run  .full in the channel, steered away through point",van Meekeren,Shreyas Iyer,1.0,0,0,1,1,1.0,0,,1
"37.3 
4 
van Meekeren to Rahul, FOUR runs 
short ball, slugged into the gap! Moves across and takes the ball from wide of off 
stump to the deep midwicket boundary",37.3,4,4.0,"van Meekeren to Rahul, FOUR runs  .short ball, slugged into the gap! Moves across and takes the ball from wide of off  .stump to the deep midwicket boundary",van Meekeren,Rahul,4.0,1,0,1,1,4.0,0,,1
"37.4 
1 
van Meekeren to Rahul, 1 run 
short of a length into the hip, tucked through square leg",37.4,1,1.0,"van Meekeren to Rahul, 1 run  .short of a length into the hip, tucked through square leg",van Meekeren,Rahul,1.0,0,0,1,1,1.0,0,,1
"37.5 
1 
van Meekeren to Shreyas Iyer, 1 run 
banged in and Iyer rocks on to a pull to the square leg boundary rider",37.5,1,1.0,"van Meekeren to Shreyas Iyer, 1 run  .banged in and Iyer rocks on to a pull to the square leg boundary rider",van Meekeren,Shreyas Iyer,1.0,0,0,1,1,1.0,0,,1
"37.6 
1 
van Meekeren to Rahul, 1 run 
short outside off, Rahul tries to smash it leg side again but sends the ball behind square 
for one 
end of over 389 runs  
IND: 266/3CRR: 7.00  
KL Rahul29 (25b 4x4) 
Shreyas Iyer64 (61b 7x4) 
Paul van Meekeren 7-0-54-1 
Roelof van der Merwe 9-0-45-1",37.6,1,1.0,"van Meekeren to Rahul, 1 run  .short outside off, Rahul tries to smash it leg side again but sends the ball behind square  .for one",van Meekeren,Rahul,1.0,0,0,1,1,1.0,0,,1
"38.1 
4 
van der Merwe to Rahul, FOUR runs 
late cut between keeper and slip! Rahul takes this from right in front of off stump and 
glides it fine. Van Beek was more like a gully, he was stood so wide",38.1,4,4.0,"van der Merwe to Rahul, FOUR runs  .late cut between keeper and slip! Rahul takes this from right in front of off stump and  .glides it fine. Van Beek was more like a gully, he was stood so wide",van der Merwe,Rahul,4.0,1,0,1,1,4.0,0,,1
"38.2 
2 
van der Merwe to Rahul, 2 runs 
floated up full and he's forward, punches wide of long-off for a couple",38.2,2,2.0,"van der Merwe to Rahul, 2 runs  .floated up full and he's forward, punches wide of long-off for a couple",van der Merwe,Rahul,2.0,0,0,1,1,2.0,0,,1
"38.3 
• 
van der Merwe to Rahul, no run 
angled in, 82kph on fourth stump and dabbed late. Can't get this past short third",38.3,0,0.0,"van der Merwe to Rahul, no run  .angled in, 82kph on fourth stump and dabbed late. Can't get this past short third",van der Merwe,Rahul,0.0,0,0,1,1,0.0,0,,0
"38.4 
1 
van der Merwe to Rahul, 1 run 
pushed through and Rahul goes back to slap a cut through point",38.4,1,1.0,"van der Merwe to Rahul, 1 run  .pushed through and Rahul goes back to slap a cut through point",van der Merwe,Rahul,1.0,0,0,1,1,1.0,0,,1
"38.5 
1 
van der Merwe to Shreyas Iyer, 1 run 
fizzed down full, 93kph and punched to long-off",38.5,1,1.0,"van der Merwe to Shreyas Iyer, 1 run  .fizzed down full, 93kph and punched to long-off",van der Merwe,Shreyas Iyer,1.0,0,0,1,1,1.0,0,,1
"38.6 
• 
van der Merwe to Rahul, no run 
fired in on the stumps, Rahul drops deep and chops it back to the bowler. RvdM is done, 
a sterling effort of 10-0-53-1 
""Can't help but reading it as Rofl Van Der Merwe, whenever he comes to bowl!!"" Have 
you seen his face, Anjum Kabir? He's deadly serious 
end of over 398 runs  
IND: 274/3CRR: 7.02  
KL Rahul36 (30b 5x4) 
Shreyas Iyer65 (62b 7x4) 
Roelof van der Merwe 10-0-53-1 
Paul van Meekeren 7-0-54-1",38.6,0,0.0,"van der Merwe to Rahul, no run  .fired in on the stumps, Rahul drops deep and chops it back to the bowler. RvdM is done,  .a sterling effort of 10-0-53-1",van der Merwe,Rahul,0.0,0,0,1,1,0.0,0,,0
"39.1 
• 
van Meekeren to Shreyas Iyer, no run 
length ball on off, 131kph and dabbed towards short third",39.1,0,0.0,"van Meekeren to Shreyas Iyer, no run  .length ball on off, 131kph and dabbed towards short third",van Meekeren,Shreyas Iyer,0.0,0,0,1,1,0.0,0,,0
"39.2 
6 
van Meekeren to Shreyas Iyer, SIX runs 
hammered! Steps into a flog for six over cover! Too much width from van Meekeren 
and Iyer boshes him into the boundary boards 
Seems like Iyer's left forearm might have cramped up with that shot. The physio is out 
to attend to him",39.2,6,6.0,"van Meekeren to Shreyas Iyer, SIX runs  .hammered! Steps into a flog for six over cover! Too much width from van Meekeren  .and Iyer boshes him into the boundary boards  .Seems like Iyer's left forearm might have cramped up with that shot. The physio is out  .to attend to him",van Meekeren,Shreyas Iyer,6.0,0,1,1,1,6.0,0,,1
"39.3 
• 
van Meekeren to Shreyas Iyer, no run 
short and wide, maybe rolling his fingers over the ball. Mistimed to cover 
Here's Chuvi: ""Van De Merwe was at Virat Kohli's ears in between overs today and 
probably forced Kohli into a false stroke. On a day when every other bowler has gone for 
plenty, his spell of 1/53 is an Himalayan effort""",39.3,0,0.0,"van Meekeren to Shreyas Iyer, no run  .short and wide, maybe rolling his fingers over the ball. Mistimed to cover",van Meekeren,Shreyas Iyer,0.0,0,0,1,1,0.0,0,,0
"39.4 
1 
van Meekeren to Shreyas Iyer, 1 run 
short of a length, tucked of the hip with a horizontal bat. Looks to have got this into the 
gap but de Leede does superbly to cut it off the on dive and keep them to one",39.4,1,1.0,"van Meekeren to Shreyas Iyer, 1 run  .short of a length, tucked of the hip with a horizontal bat. Looks to have got this into the  .gap but de Leede does superbly to cut it off the on dive and keep them to one",van Meekeren,Shreyas Iyer,1.0,0,0,1,1,1.0,0,,1
"39.5 
1w 
van Meekeren to Rahul, 1 wide 
pace off but sliding down the leg side",39.5,1w,1.0,"van Meekeren to Rahul, 1 wide  .pace off but sliding down the leg side",van Meekeren,Rahul,0.0,0,0,0,0,1.0,0,,1
"39.5 
1 
van Meekeren to Rahul, 1 run 
banged in short and wide of off, Rahul wheels a pull away through midwicket 
 
IND in middle overs (in World Cup 2023) 
INNS 
9 
WKTS 
23 
RR 
5.81 
AVE 
64.56",39.5,1,1.0,"van Meekeren to Rahul, 1 run  .banged in short and wide of off, Rahul wheels a pull away through midwicket  .  .IND in middle overs (in World Cup 2023)  .INNS  .9  .WKTS  .23  .RR  .5.81  .AVE  .64.56",van Meekeren,Rahul,1.0,0,0,1,1,1.0,0,,1
"39.6 
1 
van Meekeren to Shreyas Iyer, 1 run 
very good yorker but Iyer casually digs it out into the off side for one more 
end of over 4010 runs  
IND: 284/3CRR: 7.10  
Shreyas Iyer73 (67b 7x4 1x6) 
KL Rahul37 (31b 5x4) 
Paul van Meekeren 8-0-64-1 
Roelof van der Merwe 10-0-53-1 
Into the final powerplay, an extra fielder allowed out. Logan van Beek is going to return",39.6,1,1.0,"van Meekeren to Shreyas Iyer, 1 run  .very good yorker but Iyer casually digs it out into the off side for one more",van Meekeren,Shreyas Iyer,1.0,0,0,1,1,1.0,0,,1
"40.1 
1 
van Beek to Shreyas Iyer, 1 run 
full and targeting the stumps, clipped into the leg side",40.1,1,1.0,"van Beek to Shreyas Iyer, 1 run  .full and targeting the stumps, clipped into the leg side",van Beek,Shreyas Iyer,1.0,0,0,1,1,1.0,0,,1
"40.2 
4 
van Beek to Rahul, FOUR runs 
chopped past short third! Sits in the crease and opens the face to run it away fine, past 
the dive of the fielder on the ring",40.2,4,4.0,"van Beek to Rahul, FOUR runs  .chopped past short third! Sits in the crease and opens the face to run it away fine, past  .the dive of the fielder on the ring",van Beek,Rahul,4.0,1,0,1,1,4.0,0,,1
"40.3 
4 
van Beek to Rahul, FOUR runs 
full and flicked leg side! Gets this one away to the left of short fine leg, he turns to give 
chase in vain",40.3,4,4.0,"van Beek to Rahul, FOUR runs  .full and flicked leg side! Gets this one away to the left of short fine leg, he turns to give  .chase in vain",van Beek,Rahul,4.0,1,0,1,1,4.0,0,,1
"40.4 
1 
van Beek to Rahul, 1 run 
back of a length, worked into the midwicket region",40.4,1,1.0,"van Beek to Rahul, 1 run  .back of a length, worked into the midwicket region",van Beek,Rahul,1.0,0,0,1,1,1.0,0,,1
"40.5 
1 
van Beek to Shreyas Iyer, 1 run 
short outside off, pulled to deep midwicket 
chackochi: ""The forecaster is predicting India to score only 78 from the last 10 overs 
with 7 wickets in hand. There's something seriously wrong with your algorithm."" The 
death hasn't been quite so deadly for bowlers at this tournament - two soft, old balls, 
extra man out. Let's see",40.5,1,1.0,"van Beek to Shreyas Iyer, 1 run  .short outside off, pulled to deep midwicket",van Beek,Shreyas Iyer,1.0,0,0,1,1,1.0,0,,1
"40.6 
1 
van Beek to Rahul, 1 run 
short of a length and slugged through leg for one more 
end of over 4112 runs  
IND: 296/3CRR: 7.21  
KL Rahul47 (35b 7x4) 
Shreyas Iyer75 (69b 7x4 1x6) 
Logan van Beek 6-0-53-0 
Paul van Meekeren 8-0-64-1 
""If Rahul, gets 50, is it any kind of record?"" wonders Kishore. ""All 5 batters with 50 !!!"" It's 
certainly never happened at a WC before (top four in this innings is a first) 
Bas de Leede returns",40.6,1,1.0,"van Beek to Rahul, 1 run  .short of a length and slugged through leg for one more",van Beek,Rahul,1.0,0,0,1,1,1.0,0,,1
"41.1 
• 
de Leede to Rahul, no run 
back of a length, poked towards mid-off",41.1,0,0.0,"de Leede to Rahul, no run  .back of a length, poked towards mid-off",de Leede,Rahul,0.0,0,0,1,1,0.0,0,,0
"41.2 
• 
de Leede to Rahul, no run 
slower-ball bouncer, Rahul can't connect as he moves across looking to pull",41.2,0,0.0,"de Leede to Rahul, no run  .slower-ball bouncer, Rahul can't connect as he moves across looking to pull",de Leede,Rahul,0.0,0,0,1,1,0.0,0,,0
"41.3 
1 
de Leede to Rahul, 1 run 
top-edged on the pull but lands safely, not all that far from going the same way as Gill. 
Bounces fine of deep backward square for a single",41.3,1,1.0,"de Leede to Rahul, 1 run  .top-edged on the pull but lands safely, not all that far from going the same way as Gill.  .Bounces fine of deep backward square for a single",de Leede,Rahul,1.0,0,0,1,1,1.0,0,,1
"41.4 
1w 
de Leede to Shreyas Iyer, 1 wide 
full and wide on the off side, misses the guidelines",41.4,1w,1.0,"de Leede to Shreyas Iyer, 1 wide  .full and wide on the off side, misses the guidelines",de Leede,Shreyas Iyer,0.0,0,0,0,0,1.0,0,,1
"41.4 
4 
de Leede to Shreyas Iyer, FOUR runs 
short and mowed through wide long-on, just out of reach! Picks the slower ball and 
batters a pull, Barresi puts in the valiant dive but can't get to it. That's the India 300 up, 
too 
 
KL Rahul in death overs (in ODIs) 
RUNS 
393 
OUTS 
10 
4s/6s 
29/18 
SR 
151.15 
AVE 
39.30",41.4,4,4.0,"de Leede to Shreyas Iyer, FOUR runs  .short and mowed through wide long-on, just out of reach! Picks the slower ball and  .batters a pull, Barresi puts in the valiant dive but can't get to it. That's the India 300 up,  .too  .  .KL Rahul in death overs (in ODIs)  .RUNS  .393  .OUTS  .10  .4s/6s  .29/18  .SR  .151.15  .AVE  .39.30",de Leede,Shreyas Iyer,4.0,1,0,1,1,4.0,0,,1
"41.5 
1 
de Leede to Shreyas Iyer, 1 run 
back of a length and helped through midwicket",41.5,1,1.0,"de Leede to Shreyas Iyer, 1 run  .back of a length and helped through midwicket",de Leede,Shreyas Iyer,1.0,0,0,1,1,1.0,0,,1
"41.6 
1 
de Leede to Rahul, 1 run 
pitched up, 129kph on off stump, whipped out to deep midwicket 
end of over 428 runs  
IND: 304/3CRR: 7.23  
KL Rahul49 (39b 7x4) 
Shreyas Iyer80 (71b 8x4 1x6) 
Bas de Leede 8-0-56-1 
Logan van Beek 6-0-53-0 
Rahul needs some treatment now. One away from becoming the fifth India batter to fifty",41.6,1,1.0,"de Leede to Rahul, 1 run  .pitched up, 129kph on off stump, whipped out to deep midwicket",de Leede,Rahul,1.0,0,0,1,1,1.0,0,,1
"42.1 
1 
van Beek to Rahul, 1 run 
length ball angling in, tucked through midwicket, 40-ball half-century for Rahul. India's 
top order having a field day in Bengaluru 
See all photos 
Only the third time in ODIs that each of the top five have passed 50",42.1,1,1.0,"van Beek to Rahul, 1 run  .length ball angling in, tucked through midwicket, 40-ball half-century for Rahul. India's  .top order having a field day in Bengaluru  .See all photos  .Only the third time in ODIs that each of the top five have passed 50",van Beek,Rahul,1.0,0,0,1,1,1.0,0,,1
"42.2 
1 
van Beek to Shreyas Iyer, 1 run 
shortish and worked leg side",42.2,1,1.0,"van Beek to Shreyas Iyer, 1 run  .shortish and worked leg side",van Beek,Shreyas Iyer,1.0,0,0,1,1,1.0,0,,1
"42.3 
1 
van Beek to Rahul, 1 run 
steered through the covers for one more",42.3,1,1.0,"van Beek to Rahul, 1 run  .steered through the covers for one more",van Beek,Rahul,1.0,0,0,1,1,1.0,0,,1
"42.4 
• 
van Beek to Shreyas Iyer, no run 
short and pulled, straight back into the non-striker's end! Anther direct hit, and again 
nothing on it from the bowler, with Rahul possibly in trouble",42.4,0,0.0,"van Beek to Shreyas Iyer, no run  .short and pulled, straight back into the non-striker's end! Anther direct hit, and again  .nothing on it from the bowler, with Rahul possibly in trouble",van Beek,Shreyas Iyer,0.0,0,0,1,1,0.0,0,,0
"42.5 
4 
van Beek to Shreyas Iyer, FOUR runs 
helped away past short fine leg! Legcutter from van Beek but the line was errant and 
Iyer shovels it past the man in the ring",42.5,4,4.0,"van Beek to Shreyas Iyer, FOUR runs  .helped away past short fine leg! Legcutter from van Beek but the line was errant and  .Iyer shovels it past the man in the ring",van Beek,Shreyas Iyer,4.0,1,0,1,1,4.0,0,,1
"42.6 
1 
van Beek to Shreyas Iyer, 1 run 
banged in and pulled for a single through midwicket 
end of over 438 runs  
IND: 312/3CRR: 7.25  
Shreyas Iyer86 (75b 9x4 1x6) 
KL Rahul51 (41b 7x4) 
Logan van Beek 7-0-61-0 
Bas de Leede 8-0-56-1",42.6,1,1.0,"van Beek to Shreyas Iyer, 1 run  .banged in and pulled for a single through midwicket",van Beek,Shreyas Iyer,1.0,0,0,1,1,1.0,0,,1
"43.1 
1 
van Meekeren to Shreyas Iyer, 1 run 
slower ball, full on the stumps and plinked down to long-on",43.1,1,1.0,"van Meekeren to Shreyas Iyer, 1 run  .slower ball, full on the stumps and plinked down to long-on",van Meekeren,Shreyas Iyer,1.0,0,0,1,1,1.0,0,,1
"43.2 
1 
van Meekeren to Rahul, 1 run 
short ball, another cutter. Pulled powerfully in front of deep square leg but just a single",43.2,1,1.0,"van Meekeren to Rahul, 1 run  .short ball, another cutter. Pulled powerfully in front of deep square leg but just a single",van Meekeren,Rahul,1.0,0,0,1,1,1.0,0,,1
"43.3 
6 
van Meekeren to Shreyas Iyer, SIX runs 
full in the slot, gets jammy dodgered over long-on! Pace on and driven back with 
interest for an 81m six. Takes him into the 90s",43.3,6,6.0,"van Meekeren to Shreyas Iyer, SIX runs  .full in the slot, gets jammy dodgered over long-on! Pace on and driven back with  .interest for an 81m six. Takes him into the 90s",van Meekeren,Shreyas Iyer,6.0,0,1,1,1,6.0,0,,1
"43.4 
1 
van Meekeren to Shreyas Iyer, 1 run 
pitched up, 132kph on a straighter line, flicked through midwicket",43.4,1,1.0,"van Meekeren to Shreyas Iyer, 1 run  .pitched up, 132kph on a straighter line, flicked through midwicket",van Meekeren,Shreyas Iyer,1.0,0,0,1,1,1.0,0,,1
"43.5 
6 
van Meekeren to Rahul, SIX runs 
helicoptered over deep square leg! Nonchalant from Rahul, who set himself for a full 
delivery and whipped it high into the crowd 
""What if SKY scores a half-century today. Is it a record that all top 6 batsmen scored 
half century in a single ODI?"" I think that would be, Srikesh. But he might not get a 
chance",43.5,6,6.0,"van Meekeren to Rahul, SIX runs  .helicoptered over deep square leg! Nonchalant from Rahul, who set himself for a full  .delivery and whipped it high into the crowd",van Meekeren,Rahul,6.0,0,1,1,1,6.0,0,,1
"43.6 
2nb 
van Meekeren to Rahul, (no ball) 1 run 
speared in full and dug out leg side... uh oh, and van Meekeren has overstepped 
Free hit for Shreyas",43.6,2nb,2.0,"van Meekeren to Rahul, (no ball) 1 run  .speared in full and dug out leg side... uh oh, and van Meekeren has overstepped  .Free hit for Shreyas",van Meekeren,Rahul,1.0,0,0,1,0,2.0,0,,1
"43.6 
1 
van Meekeren to Shreyas Iyer, 1 run 
dug in short, swatted out to deep midwicket 
end of over 4418 runs  
IND: 330/3CRR: 7.50  
Shreyas Iyer95 (79b 9x4 2x6) 
KL Rahul59 (44b 7x4 1x6) 
Paul van Meekeren 9-0-82-1 
Logan van Beek 7-0-61-0 
Van Beek again. Forecaster has been coaxed up to 382",43.6,1,1.0,"van Meekeren to Shreyas Iyer, 1 run  .dug in short, swatted out to deep midwicket",van Meekeren,Shreyas Iyer,1.0,0,0,1,1,1.0,0,,1
"44.1 
1 
van Beek to Shreyas Iyer, 1 run 
short of a length on the stumps, clubbed out to deep midwicket 
""Please give some batting practice to SKY,"" chirps Bala",44.1,1,1.0,"van Beek to Shreyas Iyer, 1 run  .short of a length on the stumps, clubbed out to deep midwicket",van Beek,Shreyas Iyer,1.0,0,0,1,1,1.0,0,,1
"44.2 
• 
van Beek to Rahul, no run 
Rahul moves across early, van Beek counters by bowling it wide... tries to adjust and 
play the reverse but can only deflect the ball through to Edwards",44.2,0,0.0,"van Beek to Rahul, no run  .Rahul moves across early, van Beek counters by bowling it wide... tries to adjust and  .play the reverse but can only deflect the ball through to Edwards",van Beek,Rahul,0.0,0,0,1,1,0.0,0,,0
"44.3 
• 
van Beek to Rahul, no run 
slower delivery in the channel, big wind-up from Rahul - but misses",44.3,0,0.0,"van Beek to Rahul, no run  .slower delivery in the channel, big wind-up from Rahul - but misses",van Beek,Rahul,0.0,0,0,1,1,0.0,0,,0
"44.4 
4 
van Beek to Rahul, FOUR runs 
slammed to deep backward point! Van Beek goes pace on and Rahul simply sits back 
and slams it behind square",44.4,4,4.0,"van Beek to Rahul, FOUR runs  .slammed to deep backward point! Van Beek goes pace on and Rahul simply sits back  .and slams it behind square",van Beek,Rahul,4.0,1,0,1,1,4.0,0,,1
"44.5 
1 
van Beek to Rahul, 1 run 
short ball, gets up very high outside off. Reaches up to ride the bounce and pull for one",44.5,1,1.0,"van Beek to Rahul, 1 run  .short ball, gets up very high outside off. Reaches up to ride the bounce and pull for one",van Beek,Rahul,1.0,0,0,1,1,1.0,0,,1
"44.6 
1 
van Beek to Shreyas Iyer, 1 run 
slower delivery, Iyer waits and nudges through mid-on 
end of over 457 runs  
IND: 337/3CRR: 7.48  
Shreyas Iyer97 (81b 9x4 2x6) 
KL Rahul64 (48b 8x4 1x6) 
Logan van Beek 8-0-68-0 
Paul van Meekeren 9-0-82-1 
Last five, 400 still just about on the horizon",44.6,1,1.0,"van Beek to Shreyas Iyer, 1 run  .slower delivery, Iyer waits and nudges through mid-on",van Beek,Shreyas Iyer,1.0,0,0,1,1,1.0,0,,1
"45.1 
1 
de Leede to Shreyas Iyer, 1 run 
bowled into the pitch, Iyer cross-bats one to deep midwicket",45.1,1,1.0,"de Leede to Shreyas Iyer, 1 run  .bowled into the pitch, Iyer cross-bats one to deep midwicket",de Leede,Shreyas Iyer,1.0,0,0,1,1,1.0,0,,1
"45.2 
4 
de Leede to Rahul, FOUR runs 
slashed past the dive of backward point! Too much width from de Leede, despite the 
slower ball, and Rahul scythes it behind square 
 
NED in death overs (in World Cup 2023) 
INNS 
8 
WKTS 
18 
ECON 
9.00 
AVE 
28.94",45.2,4,4.0,"de Leede to Rahul, FOUR runs  .slashed past the dive of backward point! Too much width from de Leede, despite the  .slower ball, and Rahul scythes it behind square  .  .NED in death overs (in World Cup 2023)  .INNS  .8  .WKTS  .18  .ECON  .9.00  .AVE  .28.94",de Leede,Rahul,4.0,1,0,1,1,4.0,0,,1
"45.3 
1 
de Leede to Rahul, 1 run 
short outside off and clattered in front of point",45.3,1,1.0,"de Leede to Rahul, 1 run  .short outside off and clattered in front of point",de Leede,Rahul,1.0,0,0,1,1,1.0,0,,1
"45.4 
1 
de Leede to Shreyas Iyer, 1 run 
pitched up, tickled into the leg side. Iyer is on 99 (with a flake)",45.4,1,1.0,"de Leede to Shreyas Iyer, 1 run  .pitched up, tickled into the leg side. Iyer is on 99 (with a flake)",de Leede,Shreyas Iyer,1.0,0,0,1,1,1.0,0,,1
"45.5 
1 
de Leede to Rahul, 1 run 
short of a length, swung away on the pull for a single",45.5,1,1.0,"de Leede to Rahul, 1 run  .short of a length, swung away on the pull for a single",de Leede,Rahul,1.0,0,0,1,1,1.0,0,,1
"45.6 
1 
de Leede to Shreyas Iyer, 1 run 
bumper in the channel and Iyer swats a pull, brings up his first World Cup hundred! 
Smooth as Barry White listening to jazz-funk fusion. His fourth hundred in ODIs, well 
received by the crowd 
See all photos 
And a good moment to read Karthik Krishnaswamy's piece on the India No. 4 
end of over 469 runs  
IND: 346/3CRR: 7.52  
Shreyas Iyer100 (84b 9x4 2x6) 
KL Rahul70 (51b 9x4 1x6) 
Bas de Leede 9-0-65-1 
Logan van Beek 8-0-68-0",45.6,1,1.0,"de Leede to Shreyas Iyer, 1 run  .bumper in the channel and Iyer swats a pull, brings up his first World Cup hundred!  .Smooth as Barry White listening to jazz-funk fusion. His fourth hundred in ODIs, well  .received by the crowd  .See all photos  .And a good moment to read Karthik Krishnaswamy's piece on the India No. 4",de Leede,Shreyas Iyer,1.0,0,0,1,1,1.0,0,,1
"46.1 
1 
van Beek to Shreyas Iyer, 1 run 
back of a length, guided down to third",46.1,1,1.0,"van Beek to Shreyas Iyer, 1 run  .back of a length, guided down to third",van Beek,Shreyas Iyer,1.0,0,0,1,1,1.0,0,,1
"46.2 
1 
van Beek to Rahul, 1 run 
length ball wide of the stumps, Rahul swings for the pickets but mistimes it for one",46.2,1,1.0,"van Beek to Rahul, 1 run  .length ball wide of the stumps, Rahul swings for the pickets but mistimes it for one",van Beek,Rahul,1.0,0,0,1,1,1.0,0,,1
"46.3 
1 
van Beek to Shreyas Iyer, 1 run 
pace off, plinked into the off side",46.3,1,1.0,"van Beek to Shreyas Iyer, 1 run  .pace off, plinked into the off side",van Beek,Shreyas Iyer,1.0,0,0,1,1,1.0,0,,1
"46.4 
4 
van Beek to Rahul, FOUR runs 
pace off, clobbered down the ground! Legcutter but he's waiting for it, hoicked straight 
back for a one-bounce four 
Vinesh: ""Iyer became first Indian to score century against Netherland."" Huge if true",46.4,4,4.0,"van Beek to Rahul, FOUR runs  .pace off, clobbered down the ground! Legcutter but he's waiting for it, hoicked straight  .back for a one-bounce four",van Beek,Rahul,4.0,1,0,1,1,4.0,0,,1
"46.5 
6 
van Beek to Rahul, SIX runs 
scooper-dooper! Launched into the crowd! This is a sort of late slice/fade/uppercut off 
a full ball - extraordinary shot, and it flies all the way over deep backward point",46.5,6,6.0,"van Beek to Rahul, SIX runs  .scooper-dooper! Launched into the crowd! This is a sort of late slice/fade/uppercut off  .a full ball - extraordinary shot, and it flies all the way over deep backward point",van Beek,Rahul,6.0,0,1,1,1,6.0,0,,1
"46.6 
1 
van Beek to Rahul, 1 run 
back of a length, pulled through midwicket 
""Rahul will be second to score century against NED..."" murmurs Bim, He's closing in 
end of over 4714 runs  
IND: 360/3CRR: 7.65  
KL Rahul82 (55b 10x4 2x6) 
Shreyas Iyer102 (86b 9x4 2x6) 
Logan van Beek 9-0-82-0 
Bas de Leede 9-0-65-1 
Last three, can India supersize this to 400? Van Meekeren back",46.6,1,1.0,"van Beek to Rahul, 1 run  .back of a length, pulled through midwicket",van Beek,Rahul,1.0,0,0,1,1,1.0,0,,1
"47.1 
1 
van Meekeren to Rahul, 1 run 
short and wide of off, pulled out to deep midwicket",47.1,1,1.0,"van Meekeren to Rahul, 1 run  .short and wide of off, pulled out to deep midwicket",van Meekeren,Rahul,1.0,0,0,1,1,1.0,0,,1
"47.2 
1 
van Meekeren to Shreyas Iyer, 1 run 
pitched up and Iyer heaves across it, squirts one through backward square leg",47.2,1,1.0,"van Meekeren to Shreyas Iyer, 1 run  .pitched up and Iyer heaves across it, squirts one through backward square leg",van Meekeren,Shreyas Iyer,1.0,0,0,1,1,1.0,0,,1
"47.3 
4 
van Meekeren to Rahul, FOUR runs 
full on leg stump, tickled past the man in the ring! Slower ball but Rahul times around 
the corner to fine leg",47.3,4,4.0,"van Meekeren to Rahul, FOUR runs  .full on leg stump, tickled past the man in the ring! Slower ball but Rahul times around  .the corner to fine leg",van Meekeren,Rahul,4.0,1,0,1,1,4.0,0,,1
"47.4 
1 
van Meekeren to Rahul, 1 run 
full outside off, driven without timing to deep cover",47.4,1,1.0,"van Meekeren to Rahul, 1 run  .full outside off, driven without timing to deep cover",van Meekeren,Rahul,1.0,0,0,1,1,1.0,0,,1
"47.5 
1 
van Meekeren to Shreyas Iyer, 1 run 
short ball, 126kph and gets up high as Iyer pulls, rolls the wrists on one to deep 
backward square",47.5,1,1.0,"van Meekeren to Shreyas Iyer, 1 run  .short ball, 126kph and gets up high as Iyer pulls, rolls the wrists on one to deep  .backward square",van Meekeren,Shreyas Iyer,1.0,0,0,1,1,1.0,0,,1
"47.6 
• 
van Meekeren to Rahul, no run 
shuffles across, van Meekeren lets go a low full toss at the stumps. Flicked to short fine 
leg - a yard either side and that was four! 
""Great innings for India, not so much for your forecaster, I'm afraid."" I dunno, Vikramjit. 
India still a little way off 400 
end of over 488 runs  
IND: 368/3CRR: 7.66  
KL Rahul88 (59b 11x4 2x6) 
Shreyas Iyer104 (88b 9x4 2x6) 
Paul van Meekeren 10-0-90-1 
Logan van Beek 9-0-82-0 
Two to come",47.6,0,0.0,"van Meekeren to Rahul, no run  .shuffles across, van Meekeren lets go a low full toss at the stumps. Flicked to short fine  .leg - a yard either side and that was four!",van Meekeren,Rahul,0.0,0,0,1,1,0.0,0,,0
"48.1 
6 
van Beek to Shreyas Iyer, SIX runs 
short ball clubbed into the sightscreen! Slower ball outside off, sits up nicely but 
Shreyas still has to generate all the power... and boy does he!",48.1,6,6.0,"van Beek to Shreyas Iyer, SIX runs  .short ball clubbed into the sightscreen! Slower ball outside off, sits up nicely but  .Shreyas still has to generate all the power... and boy does he!",van Beek,Shreyas Iyer,6.0,0,1,1,1,6.0,0,,1
"48.2 
6 
van Beek to Shreyas Iyer, SIX runs 
six more, butchered over long-on! Stays in the crease, ready and waiting for a length 
ball, doesn't matter what sort of pace. Tonked 91m into the crowd 
*Forecaster goes and hides behind the sofa*",48.2,6,6.0,"van Beek to Shreyas Iyer, SIX runs  .six more, butchered over long-on! Stays in the crease, ready and waiting for a length  .ball, doesn't matter what sort of pace. Tonked 91m into the crowd  .*Forecaster goes and hides behind the sofa*",van Beek,Shreyas Iyer,6.0,0,1,1,1,6.0,0,,1
"48.3 
1 
van Beek to Shreyas Iyer, 1 run 
low full toss, clubbed back down the ground.... didn't time it and Nidamanuru does well 
running around from long-off",48.3,1,1.0,"van Beek to Shreyas Iyer, 1 run  .low full toss, clubbed back down the ground.... didn't time it and Nidamanuru does well  .running around from long-off",van Beek,Shreyas Iyer,1.0,0,0,1,1,1.0,0,,1
"48.4 
1 
van Beek to Rahul, 1 run 
full in the channel, pace off. Rahul's bottom hand comes off the bat as he chips one out 
towards deep cover",48.4,1,1.0,"van Beek to Rahul, 1 run  .full in the channel, pace off. Rahul's bottom hand comes off the bat as he chips one out  .towards deep cover",van Beek,Rahul,1.0,0,0,1,1,1.0,0,,1
"48.5 
1w 
van Beek to Shreyas Iyer, 1 wide 
slower-ball bumper outside off, loops through as Iyer lets it go. Too high for the umps 
""Iyer has his highest score!!!"" notes Pramod Kumar",48.5,1w,1.0,"van Beek to Shreyas Iyer, 1 wide  .slower-ball bumper outside off, loops through as Iyer lets it go. Too high for the umps",van Beek,Shreyas Iyer,0.0,0,0,0,0,1.0,0,,1
"48.5 
6 
van Beek to Shreyas Iyer, SIX runs 
short and smeared into the leg side! Another slower ball gets dispatched with interest. 
Didn't quite hit this so well, the boundary rider was interested... but not in the game as it 
flew over his outstretched arm",48.5,6,6.0,"van Beek to Shreyas Iyer, SIX runs  .short and smeared into the leg side! Another slower ball gets dispatched with interest.  .Didn't quite hit this so well, the boundary rider was interested... but not in the game as it  .flew over his outstretched arm",van Beek,Shreyas Iyer,6.0,0,1,1,1,6.0,0,,1
"48.6 
4 
van Beek to Shreyas Iyer, FOUR runs 
pitched up and crashed through cover! 400 comes into view! Brutal from Iyer as he 
leans into a lofted drive. An over that cost 25 
end of over 4925 runs  
IND: 393/3CRR: 8.02  
Shreyas Iyer127 (93b 10x4 5x6) 
KL Rahul89 (60b 11x4 2x6) 
Logan van Beek 10-0-107-0 
Paul van Meekeren 10-0-90-1 
Bas de Leede to bowl out. India need seven for 400, Rahul 11 for his century",48.6,4,4.0,"van Beek to Shreyas Iyer, FOUR runs  .pitched up and crashed through cover! 400 comes into view! Brutal from Iyer as he  .leans into a lofted drive. An over that cost 25",van Beek,Shreyas Iyer,4.0,1,0,1,1,4.0,0,,1
"49.1 
6 
de Leede to Rahul, SIX runs 
slower ball, hoicked into the stands! Sits back and heaves over deep midwicket. He's 
into the 90s with five balls still to come",49.1,6,6.0,"de Leede to Rahul, SIX runs  .slower ball, hoicked into the stands! Sits back and heaves over deep midwicket. He's  .into the 90s with five balls still to come",de Leede,Rahul,6.0,0,1,1,1,6.0,0,,1
"49.2 
6 
de Leede to Rahul, SIX runs 
goes to his hundred with a six! Brings up 400, too! Full on the stumps and he flicks it 
high and handsome over deep square leg. Gets to the mark from 62 balls, the fastest for 
India at World Cups 
See all photos 
""You forgot to highlight that Van Beek hit a century too."" Saving his blushes, Uddhav",49.2,6,6.0,"de Leede to Rahul, SIX runs  .goes to his hundred with a six! Brings up 400, too! Full on the stumps and he flicks it  .high and handsome over deep square leg. Gets to the mark from 62 balls, the fastest for  .India at World Cups  .See all photos",de Leede,Rahul,6.0,0,1,1,1,6.0,0,,1
"49.3 
1 
de Leede to Rahul, 1 run 
goes full and straight and swished into the leg side",49.3,1,1.0,"de Leede to Rahul, 1 run  .goes full and straight and swished into the leg side",de Leede,Rahul,1.0,0,0,1,1,1.0,0,,1
"49.4 
1w 
de Leede to Shreyas Iyer, 1 wide 
short with pace off, loops through over Iyer's cross-batted swipe. But again signaled 
wide on height",49.4,1w,1.0,"de Leede to Shreyas Iyer, 1 wide  .short with pace off, loops through over Iyer's cross-batted swipe. But again signaled  .wide on height",de Leede,Shreyas Iyer,0.0,0,0,0,0,1.0,0,,1
"49.4 
1 
de Leede to Shreyas Iyer, 1 run 
short of a length, 133kph and crunched on the pull to deep midwicket",49.4,1,1.0,"de Leede to Shreyas Iyer, 1 run  .short of a length, 133kph and crunched on the pull to deep midwicket",de Leede,Shreyas Iyer,1.0,0,0,1,1,1.0,0,,1
"49.5 
W 
de Leede to Rahul, OUT 
picks out deep square leg! De Leede gets one more wicket of a very solid World Cup, 
but it's too late to limit the damage for Netherlands. Rahul got hold of the pull but there 
wasn't quite enough on it and Engelbrecht settled under the catch 
KL Rahul c Engelbrecht b de Leede 102 (64b 11x4 4x6 98m) SR: 159.37 
See all photos 
SKY comes out to face the final ball",49.5,W,0.0,"de Leede to Rahul, OUT  .picks out deep square leg! De Leede gets one more wicket of a very solid World Cup,  .but it's too late to limit the damage for Netherlands. Rahul got hold of the pull but there  .wasn't quite enough on it and Engelbrecht settled under the catch  .KL Rahul c Engelbrecht b de Leede 102 (64b 11x4 4x6 98m) SR: 159.37",de Leede,Rahul,0.0,0,0,1,1,0.0,1,c Engelbrecht b de Leede,0
"49.6 
2 
de Leede to Suryakumar, 2 runs 
full outside off, skewed up and over backward point on the drive. Job done for India, you 
would imagine 
See all photos 
""Par score I'd reckon,"" chuckles Sagar 
In case you were wondering, this would be a record chase for Netherlands. Ashish will 
be back for the start of that in a bit 
Here's Rahul at halfway: ""Nice to have some time in the middle and get some balls in 
the middle of the bat. Hopefully I can carry this confidence ahead. Last ten you've got to 
go. Wickets in hand, Shreyas was set, the plan was clear. Get as many runs as possible, 
enjoy yourself. Everyone has a clear game plan, we've been executing well. Try and win 
this game here and look forward to the semi-finals. [Wicketkeeping] Does get a bit 
difficult on the body sometimes but otherwise I enjoy being involved in the game 
throughout."" 
5.46pm: Forecaster 0-1 Feedbackers. That was a suitably weighty effort from the big 
beasts of this World Cup, posting the third 400-plus total of the tournament as they look 
to go nine-and-oh for the group stage. Rohit Sharma and Shubman Gill set the tempo 
with a 91-run powerplay, Virat Kohli added fifty before Shreyas Iyer and KL Rahul 
unleashed with a double-century stand. Simples. 
end of over 5017 runs • 1 wicket 
IND: 410/4CRR: 8.20  
Suryakumar Yadav2 (1b) 
Shreyas Iyer128 (94b 10x4 5x6) 
Bas de Leede 10-0-82-2 
Logan van Beek 10-0-107-0 
Sponsored Headlines 
 
Sri Lanka news - Angelo Mathews to retire from Test cricket | ESPNcricinfoDiscover 
 
IPL 2025 - List of overseas players available for the rest of the season | 
ESPNcricinfoDiscover 
 
Wolf & Shepherd |  
Sponsored by TaboolaSponsored by Taboola 
Shop Now 
The Business Sneaker Loved by CEOs and NFL StarsRead MoreSkip 
 
Mitchell Starc decides against rejoining Delhi Capitals for remainder of IPL 2025 | 
ESPNcricinfoDiscover 
 
New Zealand news - Hayley Jensen announces retirement from international cricket | 
ESPNcricinfoDiscover 
 
Your Best Life Starts TodayBoost energy, mood, and lean muscle with our powerful TRT 
Gel. Feel the difference, track your progress, and maximize your results with ease. 
Prescription products require an online consultation with a doctor. Results may 
vary.Maximus |  
SponsoredSponsored 
Learn More 
Undo 
 
5 Strategies to Potentially Reduce RMD Taxes After Age 73These 5 strategies can 
potentially reduce RMD taxes after age 73.SmartAsset |  
SponsoredSponsored 
Learn More 
Undo 
 
Don't Let Sciatica or Scoliosis Take Over You - Take ControlExperience the ease of 
NeuroMD's non-invasive technology for back pain, sciatica, and scoliosis relief. Click to 
learn more.NeuroMD |  
SponsoredSponsored 
Learn More 
Undo 
 
Ask a Pro: ""How Long Does $1.5M Last in Retirement?""Get a Complimentary Intro Call 
With a Wealth AdvisorSmartAsset |  
SponsoredSponsored 
Click Here 
Undo 
 
Cinnamon: The Greatest Enemy of Blood SugarMagazine Glyco |  
SponsoredSponsored 
Learn More 
Undo 
 
Stop Search Trackers NowStop search engines from tracking your every search with 
Startpage.Startpage |  
SponsoredSponsored 
Install Now 
Undo 
 
Turn Off Search Tracking?Prevent search engines from spying and tracking your 
searches forever.Startpage |  
SponsoredSponsored 
Install Now 
Undo 
 
Urologists Can’t Believe How Fast This Trick WorksLifeHacks for Men |  
SponsoredSponsored 
Undo 
 
MD: Building Muscle After 60 Comes Down To This 1 ThingApex Labs |  
SponsoredSponsored 
Undo 
 
Invest at $2.80/Share While You CanThe Chance to Make the Most of a $1.3T 
Opportunity Ends Soon. Learn How to Take Advantage Here.Pacaso |  
SponsoredSponsored 
Learn More 
Undo 
 
Amazon Is Losing Money as Arizona Shoppers Are Canceling Prime for This Clever 
HackOnline Shopping Tools |  
SponsoredSponsored 
Undo 
 
U.S. Cardiologist Warns Aging Seniors About Blueberries For BreakfastHeart doctor 
urges aging seniors to be carefulGundry MD |  
SponsoredSponsored 
Learn More 
Undo 
Language 
English 
Win Probability 
IND 100% 
INDNED 
100%50%100%IND InningsNED Innings 
Over 48 • NED 250/10 
Teja Nidamanuru c Mohammed Shami b Sharma 54 (39b 1x4 6x6 65m) SR: 138.46 
W 
India won by 160 runs 
Powered by Smart Stats 
Match Coverage 
All Match News 
 
ODI World Cup digest: India fill their boots and stay 
unbeaten, now for the knockouts 
The group stage of the tournament is complete with the hosts signing off in style ahead 
of facing New Zealand in the first semi-final 
 
 
 
Rahul flicks switch to finally show the World Cup his full 
range 
There was no need to consolidate or firefight against Netherlands - and a 62-ball 
hundred was the result 
 
 
 
'I was trying to study Kuldeep, even on the bus in' - Teja 
Nidamanuru and Netherlands' learnings never stop 
""It's the work that goes in which is nice,"" says Netherlands batter, after spirited half-
century against India 
 
 
 
Rohit on India's bowling experiments: 'We wanted to see 
what we can achieve' 
Rahul Dravid was pleased with the bench strength that India have built up  
 
 
 
India go 9-0 as Shreyas and Rahul smash hundreds to 
beat Netherlands 
A 160-run victory was set up by blistering hundreds from the middle-order 
 
 
 
Instant answers to T20 questions 
What is the lowest team total in the IPL? 
Which batter has hit the most sixes in an innings in the IPL? 
Which team has scored the most runs in death overs in an IPL match? 
Ask a question 
Videos 
All Match Videos 
 
 
2:28 
Dilip: We started declaring 'best fielder' award in dressing 
room four months ago 
 
Netherlands Innings 
Player Name 
R 
B 
W Barresi 
caught 
4 
5 
MP O'Dowd bowled 
30 
42 
CN 
Ackermann lbw 
35 
32 
SA 
Engelbrecht bowled 
45 
80 
SA Edwards caught 
17 
30 
BFW de 
Leede 
bowled 
12 
21 
AT 
Nidamanuru caught 
54 
39 
LV van Beek bowled 
16 
15 
RE van der 
Merwe 
caught 
16 
8 
A Dutt 
bowled 
5 
11 
PA van 
Meekeren 
not out 
3 
4 
Extras 
(lb 9, w 4) 
Total 
250(10 wkts;",49.6,2,2.0,"de Leede to Suryakumar, 2 runs  .full outside off, skewed up and over backward point on the drive. Job done for India, you  .would imagine  .See all photos",de Leede,Suryakumar,2.0,0,0,1,1,2.0,0,,1
